v 0.008584 0.003988 -0.0063
v 0.008923 0.003792 -0.0063
v 0.009885 0.004335 -0.0063
v 0.009244 0.003567 -0.0063
v 0.010246 0.004027 -0.0063
v 0.009544 0.003314 -0.0063
v 0.01058 0.003688 -0.0063
v 0.009821 0.003037 -0.0063
v 0.010883 0.003322 -0.0063
v 0.010073 0.002736 -0.0063
v 0.011154 0.002931 -0.0063
v 0.010297 0.002415 -0.0063
v 0.01139 0.002518 -0.0063
v 0.010493 0.002075 -0.0063
v 0.011589 0.002087 -0.0063
v 0.010658 0.00172 -0.0063
v 0.01175 0.001639 -0.0063
v 0.010792 0.001351 -0.0063
v 0.011872 0.00118 -0.0063
v 0.010894 0.000973 -0.0063
v 0.011954 0.000711 -0.0063
v 0.010962 0.000587 -0.0063
v 0.011995 0.000238 -0.0063
v 0.010996 0.000196 -0.0063
v 0.011995 -0.000238 -0.0063
v 0.010996 -0.000196 -0.0063
v 0.011954 -0.000711 -0.0063
v 0.010962 -0.000587 -0.0063
v 0.011872 -0.00118 -0.0063
v 0.010894 -0.000973 -0.0063
v 0.01175 -0.001639 -0.0063
v 0.010792 -0.001351 -0.0063
v 0.011589 -0.002087 -0.0063
v 0.010658 -0.00172 -0.0063
v 0.01139 -0.002518 -0.0063
v 0.010493 -0.002075 -0.0063
v 0.011154 -0.002931 -0.0063
v 0.010297 -0.002415 -0.0063
v 0.010883 -0.003322 -0.0063
v 0.010073 -0.002736 -0.0063
v 0.01058 -0.003688 -0.0063
v 0.009821 -0.003037 -0.0063
v 0.010246 -0.004027 -0.0063
v 0.009544 -0.003314 -0.0063
v 0.009885 -0.004335 -0.0063
v 0.009244 -0.003567 -0.0063
v 0.008923 -0.003792 -0.0063
v 0.008584 -0.003988 -0.0063
v 0.008229 -0.004155 -0.0063
v 0.007077 -0.004927 -0.0063
v 0.006937 -0.005122 -0.0063
v 0.006469 -0.005702 -0.0063
v 0.005846 -0.007488 -0.0063
v 0.005846 0.007488 -0.0063
v 0.005953 0.006238 -0.0063
v 0.006469 0.005702 -0.0063
v 0.006937 0.005122 -0.0063
v 0.00787 -0.004286 -0.0063
v 0.007153 -0.004846 -0.0063
v 0.007139 -0.004858 -0.0063
v 0.007112 -0.004884 -0.0063
v 0.007102 -0.004894 -0.0063
v 0.007093 -0.004905 -0.0063
v 0.007081 -0.004921 -0.0063
v 0.007132 -0.004864 -0.0063
v 0.007114 -0.004881 -0.0063
v 0.005953 -0.006238 -0.0063
v 0.005392 -0.006729 -0.0063
v 0.005182 -0.007962 -0.0063
v 0.004791 -0.007169 -0.0063
v 0.00448 -0.008377 -0.0063
v 0.004155 -0.007556 -0.0063
v 0.003744 -0.008731 -0.0063
v 0.003487 -0.007886 -0.0063
v 0.002981 -0.00902 -0.0063
v 0.002794 -0.008158 -0.0063
v 0.002197 -0.009243 -0.0063
v 0.002079 -0.008368 -0.0063
v 0.001395 -0.009397 -0.0063
v 0.00135 -0.008517 -0.0063
v 0.000584 -0.009482 -0.0063
v 0.00061 -0.008601 -0.0063
v -0.000232 -0.009497 -0.0063
v -0.000135 -0.008622 -0.0063
v -0.001046 -0.009442 -0.0063
v -0.000878 -0.008578 -0.0063
v -0.001852 -0.009318 -0.0063
v -0.001615 -0.00847 -0.0063
v -0.002645 -0.009124 -0.0063
v -0.00234 -0.008299 -0.0063
v -0.003418 -0.008864 -0.0063
v -0.003047 -0.008066 -0.0063
v -0.004166 -0.008538 -0.0063
v -0.003732 -0.007773 -0.0063
v -0.004883 -0.008149 -0.0063
v -0.004389 -0.007422 -0.0063
v -0.005564 -0.0077 -0.0063
v -0.005013 -0.007016 -0.0063
v -0.006205 -0.007194 -0.0063
v -0.0056 -0.006557 -0.0063
v -0.006799 -0.006635 -0.0063
v -0.006145 -0.006049 -0.0063
v -0.007343 -0.006027 -0.0063
v -0.006644 -0.005497 -0.0063
v -0.007833 -0.005375 -0.0063
v -0.007093 -0.004903 -0.0063
v -0.008266 -0.004683 -0.0063
v -0.00749 -0.004272 -0.0063
v -0.008637 -0.003956 -0.0063
v -0.007831 -0.00361 -0.0063
v -0.008945 -0.003201 -0.0063
v -0.008113 -0.002921 -0.0063
v -0.009186 -0.002421 -0.0063
v -0.008335 -0.00221 -0.0063
v -0.00936 -0.001624 -0.0063
v -0.008494 -0.001483 -0.0063
v -0.009465 -0.000815 -0.0063
v -0.008591 -0.000744 -0.0063
v -0.0095 0.0 -0.0063
v -0.008623 -0.0 -0.0063
v -0.009465 0.000815 -0.0063
v -0.008591 0.000744 -0.0063
v -0.00936 0.001624 -0.0063
v -0.008494 0.001483 -0.0063
v -0.009186 0.002421 -0.0063
v -0.008335 0.00221 -0.0063
v -0.008945 0.003201 -0.0063
v -0.008113 0.002921 -0.0063
v -0.008637 0.003956 -0.0063
v -0.007831 0.00361 -0.0063
v -0.008266 0.004683 -0.0063
v -0.00749 0.004272 -0.0063
v -0.007833 0.005375 -0.0063
v -0.007093 0.004903 -0.0063
v -0.007343 0.006027 -0.0063
v -0.006644 0.005497 -0.0063
v -0.006799 0.006635 -0.0063
v -0.006145 0.006049 -0.0063
v -0.006205 0.007194 -0.0063
v -0.0056 0.006557 -0.0063
v -0.005564 0.0077 -0.0063
v -0.005013 0.007016 -0.0063
v -0.004883 0.008149 -0.0063
v -0.004389 0.007422 -0.0063
v -0.004166 0.008538 -0.0063
v -0.003732 0.007773 -0.0063
v -0.003418 0.008864 -0.0063
v -0.003047 0.008066 -0.0063
v -0.002645 0.009124 -0.0063
v -0.00234 0.008299 -0.0063
v -0.001852 0.009318 -0.0063
v -0.001615 0.00847 -0.0063
v -0.001046 0.009442 -0.0063
v -0.000878 0.008578 -0.0063
v -0.000232 0.009497 -0.0063
v -0.000135 0.008622 -0.0063
v 0.000584 0.009482 -0.0063
v 0.00061 0.008601 -0.0063
v 0.001395 0.009397 -0.0063
v 0.00135 0.008517 -0.0063
v 0.002197 0.009243 -0.0063
v 0.002079 0.008368 -0.0063
v 0.002981 0.00902 -0.0063
v 0.002794 0.008158 -0.0063
v 0.003744 0.008731 -0.0063
v 0.003487 0.007886 -0.0063
v 0.00448 0.008377 -0.0063
v 0.004155 0.007556 -0.0063
v 0.005182 0.007962 -0.0063
v 0.004791 0.007169 -0.0063
v 0.005392 0.006729 -0.0063
v 0.007077 0.004927 -0.0063
v 0.007081 0.004921 -0.0063
v 0.007086 0.004914 -0.0063
v 0.007091 0.004907 -0.0063
v 0.007093 0.004905 -0.0063
v 0.007102 0.004894 -0.0063
v 0.007153 0.004846 -0.0063
v 0.007139 0.004858 -0.0063
v 0.007132 0.004864 -0.0063
v 0.00787 0.004286 -0.0063
v 0.008229 0.004155 -0.0063
v 0.007112 0.004884 -0.0063
v 0.007126 0.004869 -0.0063
v 0.007181 0.005303 -0.003824
v 0.007143 0.005354 -0.003824
v 0.007144 0.005354 -0.003808
v 0.006697 0.005903 -0.003824
v 0.006656 0.005948 -0.003824
v 0.006657 0.005949 -0.003808
v 0.006162 0.006458 -0.003824
v 0.00612 0.006499 -0.003824
v 0.006121 0.0065 -0.003808
v 0.005582 0.006966 -0.003824
v 0.005538 0.007001 -0.003824
v 0.005539 0.007003 -0.003808
v 0.00496 0.007422 -0.003824
v 0.004915 0.007452 -0.003824
v 0.004915 0.007453 -0.003808
v 0.002153 0.008663 -0.003824
v 0.002108 0.008674 -0.003824
v 0.002109 0.008676 -0.003808
v 0.001397 0.008817 -0.003824
v 0.001354 0.008823 -0.003824
v 0.001354 0.008825 -0.003808
v 0.000631 0.008904 -0.003824
v 0.00059 0.008907 -0.003824
v 0.00059 0.008909 -0.003808
v -0.00014 0.008926 -0.003824
v -0.000179 0.008925 -0.003824
v -0.000179 0.008926 -0.003808
v -0.000909 0.00888 -0.003824
v -0.000946 0.008876 -0.003824
v -0.000946 0.008878 -0.003808
v -0.001672 0.008769 -0.003824
v -0.001706 0.008762 -0.003824
v -0.001707 0.008763 -0.003808
v -0.002423 0.008592 -0.003824
v -0.002454 0.008583 -0.003824
v -0.002454 0.008584 -0.003808
v -0.003155 0.008351 -0.003824
v -0.003183 0.00834 -0.003824
v -0.003184 0.008341 -0.003808
v -0.003864 0.008047 -0.003824
v -0.003889 0.008035 -0.003824
v -0.00389 0.008036 -0.003808
v -0.004544 0.007684 -0.003824
v -0.004566 0.007671 -0.003824
v -0.004567 0.007672 -0.003808
v -0.00519 0.007263 -0.003824
v -0.005209 0.007249 -0.003824
v -0.00521 0.00725 -0.003808
v -0.005797 0.006788 -0.003824
v -0.005814 0.006774 -0.003824
v -0.005814 0.006775 -0.003808
v -0.006361 0.006263 -0.003824
v -0.006375 0.006249 -0.003824
v -0.006376 0.00625 -0.003808
v -0.006878 0.00569 -0.003824
v -0.006889 0.005677 -0.003824
v -0.00689 0.005678 -0.003808
v -0.007343 0.005076 -0.003824
v -0.007352 0.005063 -0.003824
v -0.007353 0.005064 -0.003808
v -0.007343 -0.005076 -0.003824
v -0.006889 -0.005677 -0.003824
v -0.00689 -0.005677 -0.003808
v -0.006878 -0.00569 -0.003824
v -0.006375 -0.006248 -0.003824
v -0.006376 -0.006249 -0.003808
v -0.006361 -0.006263 -0.003824
v -0.005814 -0.006774 -0.003824
v -0.005815 -0.006775 -0.003808
v -0.005797 -0.006788 -0.003824
v -0.00521 -0.007249 -0.003824
v -0.00521 -0.00725 -0.003808
v -0.00519 -0.007263 -0.003824
v -0.004567 -0.00767 -0.003824
v -0.004567 -0.007671 -0.003808
v -0.004544 -0.007684 -0.003824
v -0.00389 -0.008035 -0.003824
v -0.00389 -0.008036 -0.003808
v -0.003864 -0.008047 -0.003824
v -0.003184 -0.00834 -0.003824
v -0.003184 -0.008341 -0.003808
v -0.003155 -0.008351 -0.003824
v -0.002455 -0.008583 -0.003824
v -0.002455 -0.008584 -0.003808
v -0.002423 -0.008592 -0.003824
v -0.001707 -0.008762 -0.003824
v -0.001707 -0.008763 -0.003808
v -0.001672 -0.008769 -0.003824
v -0.000947 -0.008876 -0.003824
v -0.000947 -0.008878 -0.003808
v -0.000909 -0.00888 -0.003824
v -0.000179 -0.008925 -0.003824
v -0.000179 -0.008926 -0.003808
v -0.00014 -0.008926 -0.003824
v 0.000589 -0.008907 -0.003824
v 0.000589 -0.008909 -0.003808
v 0.000631 -0.008904 -0.003824
v 0.001353 -0.008824 -0.003824
v 0.001354 -0.008825 -0.003808
v 0.001397 -0.008817 -0.003824
v 0.002108 -0.008674 -0.003824
v 0.002108 -0.008676 -0.003808
v 0.002153 -0.008663 -0.003824
v 0.002846 -0.008461 -0.003824
v 0.002847 -0.008462 -0.003808
v 0.002892 -0.008445 -0.003824
v 0.003564 -0.008185 -0.003824
v 0.003564 -0.008186 -0.003808
v 0.00361 -0.008164 -0.003824
v 0.004255 -0.007848 -0.003824
v 0.004255 -0.007849 -0.003808
v 0.004301 -0.007822 -0.003824
v 0.004914 -0.007452 -0.003824
v 0.004915 -0.007453 -0.003808
v 0.00496 -0.007422 -0.003824
v 0.005537 -0.007002 -0.003824
v 0.005538 -0.007003 -0.003808
v 0.005582 -0.006966 -0.003824
v 0.006119 -0.006499 -0.003824
v 0.00612 -0.0065 -0.003808
v 0.006162 -0.006458 -0.003824
v 0.006656 -0.005949 -0.003824
v 0.006657 -0.00595 -0.003808
v 0.006697 -0.005903 -0.003824
v 0.007143 -0.005354 -0.003824
v 0.007144 -0.005355 -0.003808
v 0.007181 -0.005303 -0.003824
v 0.007577 -0.00472 -0.003824
v 0.007578 -0.00472 -0.003808
v 0.00774 0.004326 -0.003656
v 0.007526 0.004687 -0.003655
v 0.007515 0.00468 -0.003644
v 0.007437 -0.004632 -0.003603
v 0.007575 -0.00437 -0.003601
v 0.007423 -0.004624 -0.003601
v 0.007552 -0.004375 -0.0036
v 0.007409 -0.004615 -0.0036
v 0.007491 -0.004666 -0.003625
v 0.007663 -0.004347 -0.003618
v 0.007478 -0.004658 -0.003618
v 0.007644 -0.004352 -0.003612
v 0.007465 -0.00465 -0.003611
v 0.00762 -0.004358 -0.003606
v 0.007451 -0.004641 -0.003606
v 0.007615 -0.00436 -0.003605
v 0.007585 -0.004367 -0.003601
v 0.007515 -0.004681 -0.003644
v 0.007703 -0.004336 -0.003634
v 0.007503 -0.004674 -0.003634
v 0.007698 -0.004338 -0.003631
v 0.007672 -0.004345 -0.003621
v 0.007536 -0.004694 -0.003667
v 0.007739 -0.004326 -0.003655
v 0.007526 -0.004688 -0.003655
v 0.007737 -0.004327 -0.003654
v 0.007719 -0.004332 -0.003642
v 0.007553 -0.004704 -0.003695
v 0.00777 -0.004317 -0.003681
v 0.007545 -0.004699 -0.003681
v 0.007768 -0.004318 -0.003679
v 0.007754 -0.004322 -0.003667
v 0.00756 -0.004709 -0.003709
v 0.00779 -0.004311 -0.003703
v 0.00778 -0.004314 -0.003691
v 0.007566 -0.004713 -0.003725
v 0.007798 -0.004309 -0.003715
v 0.007794 -0.00431 -0.003709
v 0.007571 -0.004716 -0.003741
v 0.007811 -0.004305 -0.003739
v 0.007805 -0.004307 -0.003727
v 0.007577 -0.004719 -0.003774
v 0.007819 -0.004302 -0.003763
v 0.007574 -0.004718 -0.003757
v 0.007816 -0.004303 -0.00375
v 0.007812 -0.004305 -0.003741
v 0.007578 -0.00472 -0.003791
v 0.007822 -0.004301 -0.003775
v 0.007822 -0.004302 -0.003774
v 0.007824 -0.004301 -0.00381
v 0.007824 -0.004301 -0.003808
v 0.007824 -0.004301 -0.003799
v 0.007824 -0.004301 -0.003787
v 0.007823 -0.004301 -0.003821
v 0.007822 -0.004301 -0.003824
v 0.007822 0.004301 -0.003824
v 0.007577 0.004719 -0.003824
v 0.007824 0.004301 -0.003813
v 0.007579 0.00472 -0.003808
v 0.007579 0.00472 -0.003791
v 0.007824 0.004301 -0.003802
v 0.007824 0.004301 -0.003808
v 0.007577 0.004719 -0.003774
v 0.007823 0.004301 -0.003779
v 0.007824 0.004301 -0.00379
v 0.007575 0.004717 -0.003757
v 0.00782 0.004302 -0.003767
v 0.007822 0.004302 -0.003774
v 0.007571 0.004715 -0.003741
v 0.007813 0.004304 -0.003744
v 0.007817 0.004303 -0.003755
v 0.007807 0.004306 -0.003731
v 0.007808 0.004306 -0.003732
v 0.007812 0.004305 -0.003741
v 0.007804 0.004307 -0.003725
v 0.007566 0.004712 -0.003725
v 0.007801 0.004308 -0.003719
v 0.00756 0.004708 -0.003709
v 0.007793 0.00431 -0.003707
v 0.007784 0.004313 -0.003695
v 0.007553 0.004704 -0.003695
v 0.007783 0.004313 -0.003695
v 0.007545 0.004699 -0.003681
v 0.007773 0.004316 -0.003683
v 0.007536 0.004693 -0.003667
v 0.007745 0.004324 -0.00366
v 0.007755 0.004321 -0.003667
v 0.00776 0.00432 -0.003671
v 0.007702 0.004337 -0.003633
v 0.007722 0.004331 -0.003644
v 0.007504 0.004673 -0.003634
v 0.007492 0.004666 -0.003625
v 0.007684 0.004342 -0.003625
v 0.007479 0.004658 -0.003618
v 0.007663 0.004347 -0.003618
v 0.007679 0.004343 -0.003623
v 0.00762 0.004358 -0.003606
v 0.007627 0.004357 -0.003608
v 0.007465 0.004649 -0.003611
v 0.007642 0.004353 -0.003611
v 0.007654 0.004349 -0.003615
v 0.007452 0.004641 -0.003606
v 0.007438 0.004632 -0.003603
v 0.007598 0.004364 -0.003603
v 0.007423 0.004623 -0.003601
v 0.007575 0.00437 -0.003601
v 0.007409 0.004614 -0.0036
v 0.007552 0.004375 -0.0036
v 0.007568 0.004371 -0.0036
v 0.002784 0.008272 -0.0036
v 0.003485 0.008002 -0.0036
v 0.002789 0.008289 -0.003601
v 0.003492 0.008018 -0.003601
v 0.002794 0.008304 -0.003603
v 0.003499 0.008033 -0.003603
v 0.0028 0.00832 -0.003606
v 0.003505 0.008048 -0.003606
v 0.002805 0.008335 -0.003611
v 0.002061 0.008481 -0.0036
v 0.002065 0.008498 -0.003601
v 0.002069 0.008514 -0.003603
v 0.002073 0.00853 -0.003606
v 0.002077 0.008546 -0.003611
v 0.002081 0.008561 -0.003618
v 0.001324 0.008627 -0.0036
v 0.001327 0.008644 -0.003601
v 0.001329 0.008661 -0.003603
v 0.001332 0.008677 -0.003606
v 0.001334 0.008693 -0.003611
v 0.001336 0.008708 -0.003618
v 0.001339 0.008723 -0.003625
v 0.000577 0.008709 -0.0036
v 0.000578 0.008726 -0.003601
v 0.000579 0.008743 -0.003603
v 0.00058 0.008759 -0.003606
v 0.000581 0.008775 -0.003611
v 0.000582 0.008791 -0.003618
v 0.000583 0.008806 -0.003625
v 0.000584 0.008821 -0.003634
v -0.000175 0.008726 -0.0036
v -0.000175 0.008743 -0.003601
v -0.000175 0.00876 -0.003603
v -0.000176 0.008777 -0.003606
v -0.000176 0.008793 -0.003611
v -0.000176 0.008809 -0.003618
v -0.000177 0.008824 -0.003625
v -0.000177 0.008838 -0.003634
v -0.000177 0.008852 -0.003644
v -0.000925 0.008679 -0.0036
v -0.000927 0.008696 -0.003601
v -0.000929 0.008713 -0.003603
v -0.00093 0.008729 -0.003606
v -0.000932 0.008745 -0.003611
v -0.000934 0.008761 -0.003618
v -0.000935 0.008776 -0.003625
v -0.000937 0.00879 -0.003634
v -0.000938 0.008804 -0.003644
v -0.00094 0.008816 -0.003655
v -0.001668 0.008567 -0.0036
v -0.001672 0.008584 -0.003601
v -0.001675 0.0086 -0.003603
v -0.001678 0.008617 -0.003606
v -0.001681 0.008633 -0.003611
v -0.001684 0.008648 -0.003618
v -0.001687 0.008663 -0.003625
v -0.00169 0.008677 -0.003634
v -0.001692 0.00869 -0.003644
v -0.001695 0.008703 -0.003655
v -0.001697 0.008714 -0.003667
v -0.002399 0.008392 -0.0036
v -0.002404 0.008408 -0.003601
v -0.002409 0.008424 -0.003603
v -0.002413 0.00844 -0.003606
v -0.002418 0.008456 -0.003611
v -0.002422 0.008471 -0.003618
v -0.002426 0.008486 -0.003625
v -0.00243 0.008499 -0.003634
v -0.002434 0.008512 -0.003644
v -0.002437 0.008525 -0.003655
v -0.002441 0.008536 -0.003667
v -0.002443 0.008546 -0.003681
v -0.003113 0.008154 -0.0036
v -0.003119 0.00817 -0.003601
v -0.003125 0.008186 -0.003603
v -0.00313 0.008201 -0.003606
v -0.003136 0.008216 -0.003611
v -0.003142 0.008231 -0.003618
v -0.003147 0.008245 -0.003625
v -0.003152 0.008259 -0.003634
v -0.003157 0.008271 -0.003644
v -0.003162 0.008283 -0.003655
v -0.003166 0.008294 -0.003667
v -0.00317 0.008304 -0.003681
v -0.003173 0.008313 -0.003695
v -0.003803 0.007856 -0.0036
v -0.00381 0.007872 -0.003601
v -0.003817 0.007887 -0.003603
v -0.003825 0.007902 -0.003606
v -0.003832 0.007916 -0.003611
v -0.003838 0.00793 -0.003618
v -0.003845 0.007944 -0.003625
v -0.003851 0.007957 -0.003634
v -0.003857 0.007969 -0.003644
v -0.003863 0.007981 -0.003655
v -0.003868 0.007991 -0.003667
v -0.003873 0.008001 -0.003681
v -0.003877 0.008009 -0.003695
v -0.00388 0.008017 -0.003709
v -0.004465 0.0075 -0.0036
v -0.004473 0.007515 -0.003601
v -0.004482 0.007529 -0.003603
v -0.00449 0.007543 -0.003606
v -0.004499 0.007557 -0.003611
v -0.004507 0.007571 -0.003618
v -0.004514 0.007584 -0.003625
v -0.004522 0.007596 -0.003634
v -0.004529 0.007608 -0.003644
v -0.004535 0.007619 -0.003655
v -0.004541 0.007629 -0.003667
v -0.004547 0.007638 -0.003681
v -0.004551 0.007646 -0.003695
v -0.004556 0.007653 -0.003709
v -0.004559 0.007659 -0.003725
v -0.005093 0.007088 -0.0036
v -0.005103 0.007102 -0.003601
v -0.005113 0.007115 -0.003603
v -0.005123 0.007129 -0.003606
v -0.005132 0.007142 -0.003611
v -0.005141 0.007155 -0.003618
v -0.00515 0.007167 -0.003625
v -0.005159 0.007179 -0.003634
v -0.005166 0.00719 -0.003644
v -0.005174 0.0072 -0.003655
v -0.005181 0.00721 -0.003667
v -0.005187 0.007218 -0.003681
v -0.005193 0.007226 -0.003695
v -0.005197 0.007233 -0.003709
v -0.005201 0.007239 -0.003725
v -0.005205 0.007243 -0.003741
v -0.005684 0.006623 -0.0036
v -0.005695 0.006636 -0.003601
v -0.005706 0.006649 -0.003603
v -0.005717 0.006662 -0.003606
v -0.005728 0.006674 -0.003611
v -0.005738 0.006686 -0.003618
v -0.005748 0.006697 -0.003625
v -0.005757 0.006708 -0.003634
v -0.005766 0.006719 -0.003644
v -0.005774 0.006728 -0.003655
v -0.005782 0.006737 -0.003667
v -0.005789 0.006745 -0.003681
v -0.005795 0.006752 -0.003695
v -0.0058 0.006759 -0.003709
v -0.005805 0.006764 -0.003725
v -0.005809 0.006768 -0.003741
v -0.005812 0.006772 -0.003757
v -0.006233 0.00611 -0.0036
v -0.006245 0.006122 -0.003601
v -0.006257 0.006133 -0.003603
v -0.006269 0.006145 -0.003606
v -0.006281 0.006156 -0.003611
v -0.006292 0.006167 -0.003618
v -0.006303 0.006178 -0.003625
v -0.006313 0.006188 -0.003634
v -0.006323 0.006198 -0.003644
v -0.006332 0.006206 -0.003655
v -0.00634 0.006215 -0.003667
v -0.006348 0.006222 -0.003681
v -0.006355 0.006229 -0.003695
v -0.00636 0.006235 -0.003709
v -0.006366 0.00624 -0.003725
v -0.00637 0.006244 -0.003741
v -0.006373 0.006247 -0.003757
v -0.006375 0.006249 -0.003774
v -0.006736 0.005551 -0.0036
v -0.006749 0.005562 -0.003601
v -0.006762 0.005572 -0.003603
v -0.006775 0.005583 -0.003606
v -0.006787 0.005593 -0.003611
v -0.006799 0.005603 -0.003618
v -0.006811 0.005613 -0.003625
v -0.006822 0.005622 -0.003634
v -0.006832 0.005631 -0.003644
v -0.006842 0.005639 -0.003655
v -0.006851 0.005646 -0.003667
v -0.00686 0.005653 -0.003681
v -0.006867 0.005659 -0.003695
v -0.006873 0.005664 -0.003709
v -0.006879 0.005669 -0.003725
v -0.006883 0.005672 -0.003741
v -0.006887 0.005675 -0.003757
v -0.006889 0.005677 -0.003774
v -0.00689 0.005678 -0.003791
v -0.007188 0.004951 -0.0036
v -0.007202 0.00496 -0.003601
v -0.007216 0.00497 -0.003603
v -0.00723 0.004979 -0.003606
v -0.007243 0.004988 -0.003611
v -0.007256 0.004997 -0.003618
v -0.007269 0.005006 -0.003625
v -0.00728 0.005014 -0.003634
v -0.007292 0.005022 -0.003644
v -0.007302 0.005029 -0.003655
v -0.007312 0.005036 -0.003667
v -0.007321 0.005042 -0.003681
v -0.007328 0.005047 -0.003695
v -0.007335 0.005052 -0.003709
v -0.007341 0.005056 -0.003725
v -0.007346 0.005059 -0.003741
v -0.007349 0.005061 -0.003757
v -0.007352 0.005063 -0.003774
v -0.007353 0.005064 -0.003791
v 0.003565 0.008185 -0.003791
v 0.003565 0.008186 -0.003808
v 0.002847 0.008462 -0.003808
v 0.007144 -0.005355 -0.003791
v 0.007143 -0.005354 -0.003774
v 0.00714 -0.005352 -0.003757
v 0.007137 -0.00535 -0.003741
v 0.007132 -0.005346 -0.003725
v 0.007127 -0.005342 -0.003709
v 0.00712 -0.005337 -0.003695
v 0.007112 -0.005331 -0.003681
v 0.007104 -0.005325 -0.003667
v 0.007095 -0.005318 -0.003655
v 0.007084 -0.00531 -0.003644
v 0.007073 -0.005302 -0.003634
v 0.007062 -0.005293 -0.003625
v 0.00705 -0.005284 -0.003618
v 0.007037 -0.005275 -0.003611
v 0.007024 -0.005265 -0.003606
v 0.007011 -0.005255 -0.003603
v 0.006998 -0.005245 -0.003601
v 0.006984 -0.005235 -0.0036
v 0.006657 -0.00595 -0.003791
v 0.006656 -0.005949 -0.003774
v 0.006653 -0.005947 -0.003757
v 0.00665 -0.005944 -0.003741
v 0.006646 -0.00594 -0.003725
v 0.006641 -0.005935 -0.003709
v 0.006634 -0.00593 -0.003695
v 0.006627 -0.005923 -0.003681
v 0.006619 -0.005916 -0.003667
v 0.006611 -0.005909 -0.003655
v 0.006601 -0.0059 -0.003644
v 0.006591 -0.005891 -0.003634
v 0.00658 -0.005881 -0.003625
v 0.006569 -0.005871 -0.003618
v 0.006557 -0.005861 -0.003611
v 0.006545 -0.00585 -0.003606
v 0.006533 -0.005839 -0.003603
v 0.00652 -0.005828 -0.003601
v 0.006508 -0.005817 -0.0036
v 0.00612 -0.0065 -0.003791
v 0.006119 -0.006499 -0.003774
v 0.006117 -0.006497 -0.003757
v 0.006114 -0.006494 -0.003741
v 0.00611 -0.00649 -0.003725
v 0.006105 -0.006485 -0.003709
v 0.0061 -0.006479 -0.003695
v 0.006093 -0.006472 -0.003681
v 0.006086 -0.006464 -0.003667
v 0.006078 -0.006455 -0.003655
v 0.006069 -0.006446 -0.003644
v 0.00606 -0.006436 -0.003634
v 0.00605 -0.006426 -0.003625
v 0.006039 -0.006415 -0.003618
v 0.006029 -0.006403 -0.003611
v 0.006018 -0.006391 -0.003606
v 0.006006 -0.006379 -0.003603
v 0.005995 -0.006367 -0.003601
v 0.005983 -0.006355 -0.0036
v 0.005538 -0.007003 -0.003791
v 0.005537 -0.007002 -0.003774
v 0.005535 -0.006999 -0.003757
v 0.005533 -0.006996 -0.003741
v 0.005529 -0.006992 -0.003725
v 0.005525 -0.006986 -0.003709
v 0.00552 -0.006979 -0.003695
v 0.005514 -0.006972 -0.003681
v 0.005507 -0.006964 -0.003667
v 0.0055 -0.006954 -0.003655
v 0.005492 -0.006944 -0.003644
v 0.005483 -0.006934 -0.003634
v 0.005474 -0.006922 -0.003625
v 0.005465 -0.006911 -0.003618
v 0.005455 -0.006898 -0.003611
v 0.005445 -0.006886 -0.003606
v 0.005435 -0.006873 -0.003603
v 0.005425 -0.006859 -0.003601
v 0.005414 -0.006846 -0.0036
v 0.004915 -0.007453 -0.003791
v 0.004914 -0.007452 -0.003774
v 0.004912 -0.00745 -0.003757
v 0.00491 -0.007446 -0.003741
v 0.004907 -0.007441 -0.003725
v 0.004903 -0.007435 -0.003709
v 0.004899 -0.007429 -0.003695
v 0.004893 -0.007421 -0.003681
v 0.004887 -0.007412 -0.003667
v 0.004881 -0.007402 -0.003655
v 0.004874 -0.007391 -0.003644
v 0.004866 -0.00738 -0.003634
v 0.004858 -0.007368 -0.003625
v 0.00485 -0.007355 -0.003618
v 0.004842 -0.007342 -0.003611
v 0.004833 -0.007329 -0.003606
v 0.004823 -0.007315 -0.003603
v 0.004814 -0.007301 -0.003601
v 0.004805 -0.007287 -0.0036
v 0.004255 -0.007849 -0.003791
v 0.004255 -0.007847 -0.003774
v 0.004253 -0.007845 -0.003757
v 0.004251 -0.007841 -0.003741
v 0.004248 -0.007836 -0.003725
v 0.004245 -0.00783 -0.003709
v 0.004241 -0.007822 -0.003695
v 0.004237 -0.007814 -0.003681
v 0.004232 -0.007805 -0.003667
v 0.004226 -0.007794 -0.003655
v 0.00422 -0.007783 -0.003644
v 0.004213 -0.007771 -0.003634
v 0.004206 -0.007759 -0.003625
v 0.004199 -0.007745 -0.003618
v 0.004192 -0.007731 -0.003611
v 0.004184 -0.007717 -0.003606
v 0.004176 -0.007703 -0.003603
v 0.004168 -0.007688 -0.003601
v 0.00416 -0.007673 -0.0036
v 0.003564 -0.008186 -0.003791
v 0.003564 -0.008184 -0.003774
v 0.003562 -0.008182 -0.003757
v 0.003561 -0.008178 -0.003741
v 0.003558 -0.008172 -0.003725
v 0.003556 -0.008166 -0.003709
v 0.003552 -0.008158 -0.003695
v 0.003549 -0.00815 -0.003681
v 0.003544 -0.00814 -0.003667
v 0.00354 -0.008129 -0.003655
v 0.003535 -0.008117 -0.003644
v 0.003529 -0.008105 -0.003634
v 0.003523 -0.008092 -0.003625
v 0.003517 -0.008078 -0.003618
v 0.003511 -0.008063 -0.003611
v 0.003505 -0.008049 -0.003606
v 0.003498 -0.008033 -0.003603
v 0.003491 -0.008018 -0.003601
v 0.003484 -0.008003 -0.0036
v 0.002847 -0.008462 -0.003791
v 0.002846 -0.008461 -0.003774
v 0.002845 -0.008458 -0.003757
v 0.002844 -0.008454 -0.003741
v 0.002842 -0.008448 -0.003725
v 0.00284 -0.008442 -0.003709
v 0.002837 -0.008434 -0.003695
v 0.002834 -0.008425 -0.003681
v 0.002831 -0.008415 -0.003667
v 0.002827 -0.008404 -0.003655
v 0.002823 -0.008391 -0.003644
v 0.002819 -0.008379 -0.003634
v 0.002814 -0.008365 -0.003625
v 0.002809 -0.008351 -0.003618
v 0.002804 -0.008336 -0.003611
v 0.002799 -0.00832 -0.003606
v 0.002794 -0.008305 -0.003603
v 0.002788 -0.008289 -0.003601
v 0.002783 -0.008273 -0.0036
v 0.002108 -0.008676 -0.003791
v 0.002108 -0.008674 -0.003774
v 0.002107 -0.008671 -0.003757
v 0.002106 -0.008667 -0.003741
v 0.002105 -0.008662 -0.003725
v 0.002103 -0.008655 -0.003709
v 0.002101 -0.008647 -0.003695
v 0.002099 -0.008637 -0.003681
v 0.002096 -0.008627 -0.003667
v 0.002093 -0.008616 -0.003655
v 0.00209 -0.008603 -0.003644
v 0.002087 -0.00859 -0.003634
v 0.002084 -0.008576 -0.003625
v 0.00208 -0.008561 -0.003618
v 0.002077 -0.008546 -0.003611
v 0.002073 -0.00853 -0.003606
v 0.002069 -0.008514 -0.003603
v 0.002065 -0.008498 -0.003601
v 0.002061 -0.008481 -0.0036
v 0.001354 -0.008825 -0.003791
v 0.001353 -0.008823 -0.003774
v 0.001353 -0.00882 -0.003757
v 0.001352 -0.008816 -0.003741
v 0.001351 -0.00881 -0.003725
v 0.00135 -0.008804 -0.003709
v 0.001349 -0.008795 -0.003695
v 0.001348 -0.008786 -0.003681
v 0.001346 -0.008775 -0.003667
v 0.001344 -0.008764 -0.003655
v 0.001342 -0.008751 -0.003644
v 0.00134 -0.008738 -0.003634
v 0.001338 -0.008723 -0.003625
v 0.001336 -0.008709 -0.003618
v 0.001333 -0.008693 -0.003611
v 0.001331 -0.008677 -0.003606
v 0.001328 -0.008661 -0.003603
v 0.001326 -0.008644 -0.003601
v 0.001323 -0.008627 -0.0036
v 0.000589 -0.008909 -0.003791
v 0.000589 -0.008907 -0.003774
v 0.000589 -0.008904 -0.003757
v 0.000589 -0.0089 -0.003741
v 0.000588 -0.008894 -0.003725
v 0.000588 -0.008887 -0.003709
v 0.000587 -0.008879 -0.003695
v 0.000587 -0.008869 -0.003681
v 0.000586 -0.008859 -0.003667
v 0.000585 -0.008847 -0.003655
v 0.000584 -0.008834 -0.003644
v 0.000584 -0.008821 -0.003634
v 0.000583 -0.008806 -0.003625
v 0.000582 -0.008791 -0.003618
v 0.000581 -0.008775 -0.003611
v 0.000579 -0.008759 -0.003606
v 0.000578 -0.008743 -0.003603
v 0.000577 -0.008726 -0.003601
v 0.000576 -0.008709 -0.0036
v -0.000179 -0.008926 -0.003791
v -0.000179 -0.008925 -0.003774
v -0.000179 -0.008922 -0.003757
v -0.000179 -0.008917 -0.003741
v -0.000179 -0.008912 -0.003725
v -0.000179 -0.008905 -0.003709
v -0.000179 -0.008896 -0.003695
v -0.000179 -0.008887 -0.003681
v -0.000178 -0.008876 -0.003667
v -0.000178 -0.008865 -0.003655
v -0.000178 -0.008852 -0.003644
v -0.000178 -0.008838 -0.003634
v -0.000177 -0.008824 -0.003625
v -0.000177 -0.008809 -0.003618
v -0.000177 -0.008793 -0.003611
v -0.000176 -0.008777 -0.003606
v -0.000176 -0.00876 -0.003603
v -0.000176 -0.008743 -0.003601
v -0.000175 -0.008726 -0.0036
v -0.000947 -0.008878 -0.003791
v -0.000947 -0.008876 -0.003774
v -0.000946 -0.008873 -0.003757
v -0.000946 -0.008869 -0.003741
v -0.000945 -0.008863 -0.003725
v -0.000945 -0.008856 -0.003709
v -0.000944 -0.008848 -0.003695
v -0.000943 -0.008839 -0.003681
v -0.000942 -0.008828 -0.003667
v -0.00094 -0.008816 -0.003655
v -0.000939 -0.008804 -0.003644
v -0.000937 -0.00879 -0.003634
v -0.000936 -0.008776 -0.003625
v -0.000934 -0.008761 -0.003618
v -0.000933 -0.008745 -0.003611
v -0.000931 -0.008729 -0.003606
v -0.000929 -0.008713 -0.003603
v -0.000927 -0.008696 -0.003601
v -0.000926 -0.008679 -0.0036
v -0.001707 -0.008763 -0.003791
v -0.001707 -0.008762 -0.003774
v -0.001706 -0.008759 -0.003757
v -0.001705 -0.008755 -0.003741
v -0.001704 -0.008749 -0.003725
v -0.001703 -0.008742 -0.003709
v -0.001701 -0.008734 -0.003695
v -0.0017 -0.008725 -0.003681
v -0.001698 -0.008714 -0.003667
v -0.001695 -0.008703 -0.003655
v -0.001693 -0.00869 -0.003644
v -0.00169 -0.008677 -0.003634
v -0.001688 -0.008663 -0.003625
v -0.001685 -0.008648 -0.003618
v -0.001682 -0.008632 -0.003611
v -0.001679 -0.008617 -0.003606
v -0.001675 -0.0086 -0.003603
v -0.001672 -0.008584 -0.003601
v -0.001669 -0.008567 -0.0036
v -0.002455 -0.008584 -0.003791
v -0.002454 -0.008582 -0.003774
v -0.002454 -0.00858 -0.003757
v -0.002452 -0.008575 -0.003741
v -0.002451 -0.00857 -0.003725
v -0.002449 -0.008563 -0.003709
v -0.002447 -0.008555 -0.003695
v -0.002444 -0.008546 -0.003681
v -0.002441 -0.008536 -0.003667
v -0.002438 -0.008525 -0.003655
v -0.002434 -0.008512 -0.003644
v -0.002431 -0.008499 -0.003634
v -0.002427 -0.008485 -0.003625
v -0.002423 -0.008471 -0.003618
v -0.002418 -0.008456 -0.003611
v -0.002414 -0.00844 -0.003606
v -0.002409 -0.008424 -0.003603
v -0.002405 -0.008408 -0.003601
v -0.0024 -0.008392 -0.0036
v -0.003184 -0.008341 -0.003791
v -0.003184 -0.008339 -0.003774
v -0.003183 -0.008337 -0.003757
v -0.003181 -0.008333 -0.003741
v -0.003179 -0.008327 -0.003725
v -0.003177 -0.008321 -0.003709
v -0.003174 -0.008313 -0.003695
v -0.00317 -0.008304 -0.003681
v -0.003167 -0.008294 -0.003667
v -0.003162 -0.008283 -0.003655
v -0.003158 -0.008271 -0.003644
v -0.003153 -0.008259 -0.003634
v -0.003148 -0.008245 -0.003625
v -0.003142 -0.008231 -0.003618
v -0.003137 -0.008216 -0.003611
v -0.003131 -0.008201 -0.003606
v -0.003125 -0.008186 -0.003603
v -0.003119 -0.00817 -0.003601
v -0.003113 -0.008154 -0.0036
v -0.00389 -0.008036 -0.003791
v -0.00389 -0.008035 -0.003774
v -0.003888 -0.008032 -0.003757
v -0.003886 -0.008028 -0.003741
v -0.003884 -0.008023 -0.003725
v -0.003881 -0.008017 -0.003709
v -0.003877 -0.008009 -0.003695
v -0.003873 -0.008 -0.003681
v -0.003868 -0.007991 -0.003667
v -0.003863 -0.00798 -0.003655
v -0.003858 -0.007969 -0.003644
v -0.003852 -0.007957 -0.003634
v -0.003846 -0.007944 -0.003625
v -0.003839 -0.00793 -0.003618
v -0.003832 -0.007916 -0.003611
v -0.003825 -0.007901 -0.003606
v -0.003818 -0.007886 -0.003603
v -0.003811 -0.007871 -0.003601
v -0.003803 -0.007856 -0.0036
v -0.004567 -0.007671 -0.003791
v -0.004567 -0.00767 -0.003774
v -0.004565 -0.007668 -0.003757
v -0.004563 -0.007664 -0.003741
v -0.00456 -0.007659 -0.003725
v -0.004556 -0.007653 -0.003709
v -0.004552 -0.007646 -0.003695
v -0.004547 -0.007638 -0.003681
v -0.004542 -0.007628 -0.003667
v -0.004536 -0.007618 -0.003655
v -0.004529 -0.007607 -0.003644
v -0.004522 -0.007596 -0.003634
v -0.004515 -0.007583 -0.003625
v -0.004507 -0.00757 -0.003618
v -0.004499 -0.007557 -0.003611
v -0.004491 -0.007543 -0.003606
v -0.004482 -0.007529 -0.003603
v -0.004474 -0.007514 -0.003601
v -0.004465 -0.0075 -0.0036
v -0.00521 -0.00725 -0.003791
v -0.00521 -0.007249 -0.003774
v -0.005208 -0.007246 -0.003757
v -0.005205 -0.007243 -0.003741
v -0.005202 -0.007238 -0.003725
v -0.005198 -0.007232 -0.003709
v -0.005193 -0.007226 -0.003695
v -0.005187 -0.007218 -0.003681
v -0.005181 -0.007209 -0.003667
v -0.005174 -0.0072 -0.003655
v -0.005167 -0.007189 -0.003644
v -0.005159 -0.007178 -0.003634
v -0.005151 -0.007167 -0.003625
v -0.005142 -0.007154 -0.003618
v -0.005133 -0.007142 -0.003611
v -0.005123 -0.007128 -0.003606
v -0.005114 -0.007115 -0.003603
v -0.005104 -0.007101 -0.003601
v -0.005094 -0.007088 -0.0036
v -0.005815 -0.006775 -0.003791
v -0.005814 -0.006774 -0.003774
v -0.005812 -0.006771 -0.003757
v -0.005809 -0.006768 -0.003741
v -0.005806 -0.006764 -0.003725
v -0.005801 -0.006758 -0.003709
v -0.005796 -0.006752 -0.003695
v -0.005789 -0.006745 -0.003681
v -0.005782 -0.006737 -0.003667
v -0.005775 -0.006728 -0.003655
v -0.005766 -0.006718 -0.003644
v -0.005758 -0.006708 -0.003634
v -0.005748 -0.006697 -0.003625
v -0.005738 -0.006685 -0.003618
v -0.005728 -0.006673 -0.003611
v -0.005718 -0.006661 -0.003606
v -0.005707 -0.006649 -0.003603
v -0.005696 -0.006636 -0.003601
v -0.005685 -0.006623 -0.0036
v -0.006376 -0.006249 -0.003791
v -0.006375 -0.006248 -0.003774
v -0.006373 -0.006246 -0.003757
v -0.00637 -0.006243 -0.003741
v -0.006366 -0.006239 -0.003725
v -0.006361 -0.006234 -0.003709
v -0.006355 -0.006228 -0.003695
v -0.006348 -0.006222 -0.003681
v -0.006341 -0.006214 -0.003667
v -0.006332 -0.006206 -0.003655
v -0.006323 -0.006197 -0.003644
v -0.006313 -0.006188 -0.003634
v -0.006303 -0.006177 -0.003625
v -0.006292 -0.006167 -0.003618
v -0.006281 -0.006156 -0.003611
v -0.006269 -0.006145 -0.003606
v -0.006258 -0.006133 -0.003603
v -0.006246 -0.006121 -0.003601
v -0.006234 -0.006109 -0.0036
v -0.00689 -0.005677 -0.003791
v -0.006889 -0.005676 -0.003774
v -0.006887 -0.005675 -0.003757
v -0.006884 -0.005672 -0.003741
v -0.006879 -0.005668 -0.003725
v -0.006874 -0.005664 -0.003709
v -0.006867 -0.005658 -0.003695
v -0.00686 -0.005652 -0.003681
v -0.006852 -0.005646 -0.003667
v -0.006843 -0.005638 -0.003655
v -0.006833 -0.00563 -0.003644
v -0.006822 -0.005621 -0.003634
v -0.006811 -0.005612 -0.003625
v -0.0068 -0.005603 -0.003618
v -0.006787 -0.005593 -0.003611
v -0.006775 -0.005582 -0.003606
v -0.006762 -0.005572 -0.003603
v -0.006749 -0.005561 -0.003601
v -0.006736 -0.00555 -0.0036
v -0.007352 -0.005063 -0.003824
v -0.007353 -0.005063 -0.003808
v -0.007353 -0.005063 -0.003791
v -0.007352 -0.005063 -0.003774
v -0.00735 -0.005061 -0.003757
v -0.007346 -0.005058 -0.003741
v -0.007341 -0.005055 -0.003725
v -0.007336 -0.005051 -0.003709
v -0.007329 -0.005047 -0.003695
v -0.007321 -0.005041 -0.003681
v -0.007312 -0.005035 -0.003667
v -0.007302 -0.005028 -0.003655
v -0.007292 -0.005021 -0.003644
v -0.007281 -0.005013 -0.003634
v -0.007269 -0.005005 -0.003625
v -0.007256 -0.004997 -0.003618
v -0.007243 -0.004988 -0.003611
v -0.00723 -0.004979 -0.003606
v -0.007217 -0.004969 -0.003603
v -0.007203 -0.00496 -0.003601
v -0.007189 -0.00495 -0.0036
v -0.007588 -0.004313 -0.0036
v -0.007603 -0.004322 -0.003601
v -0.007617 -0.00433 -0.003603
v -0.007632 -0.004338 -0.003606
v -0.007646 -0.004346 -0.003611
v -0.007659 -0.004354 -0.003618
v -0.007673 -0.004361 -0.003625
v -0.007685 -0.004368 -0.003634
v -0.007697 -0.004375 -0.003644
v -0.007708 -0.004381 -0.003655
v -0.007718 -0.004387 -0.003667
v -0.007728 -0.004392 -0.003681
v -0.007736 -0.004397 -0.003695
v -0.007743 -0.004401 -0.003709
v -0.007749 -0.004405 -0.003725
v -0.007754 -0.004408 -0.003741
v -0.007758 -0.00441 -0.003757
v -0.00776 -0.004411 -0.003774
v -0.007762 -0.004412 -0.003791
v -0.007762 -0.004412 -0.003808
v -0.007761 -0.004411 -0.003824
v -0.007931 -0.003644 -0.0036
v -0.007946 -0.003651 -0.003601
v -0.007962 -0.003658 -0.003603
v -0.007977 -0.003665 -0.003606
v -0.007991 -0.003672 -0.003611
v -0.008006 -0.003679 -0.003618
v -0.008019 -0.003685 -0.003625
v -0.008033 -0.003691 -0.003634
v -0.008045 -0.003697 -0.003644
v -0.008056 -0.003702 -0.003655
v -0.008067 -0.003707 -0.003667
v -0.008077 -0.003711 -0.003681
v -0.008085 -0.003715 -0.003695
v -0.008093 -0.003719 -0.003709
v -0.008099 -0.003722 -0.003725
v -0.008105 -0.003724 -0.003741
v -0.008109 -0.003726 -0.003757
v -0.008111 -0.003727 -0.003774
v -0.008113 -0.003728 -0.003791
v -0.008113 -0.003728 -0.003808
v -0.008111 -0.003727 -0.003824
v -0.008215 -0.002948 -0.0036
v -0.008231 -0.002954 -0.003601
v -0.008247 -0.00296 -0.003603
v -0.008262 -0.002965 -0.003606
v -0.008278 -0.002971 -0.003611
v -0.008293 -0.002976 -0.003618
v -0.008307 -0.002981 -0.003625
v -0.00832 -0.002986 -0.003634
v -0.008333 -0.002991 -0.003644
v -0.008345 -0.002995 -0.003655
v -0.008356 -0.002999 -0.003667
v -0.008366 -0.003003 -0.003681
v -0.008375 -0.003006 -0.003695
v -0.008383 -0.003009 -0.003709
v -0.00839 -0.003011 -0.003725
v -0.008395 -0.003013 -0.003741
v -0.008399 -0.003014 -0.003757
v -0.008402 -0.003015 -0.003774
v -0.008403 -0.003016 -0.003791
v -0.008403 -0.003016 -0.003808
v -0.008402 -0.003015 -0.003824
v -0.008438 -0.002231 -0.0036
v -0.008455 -0.002235 -0.003601
v -0.008471 -0.002239 -0.003603
v -0.008487 -0.002243 -0.003606
v -0.008503 -0.002248 -0.003611
v -0.008518 -0.002252 -0.003618
v -0.008532 -0.002255 -0.003625
v -0.008546 -0.002259 -0.003634
v -0.00856 -0.002263 -0.003644
v -0.008572 -0.002266 -0.003655
v -0.008583 -0.002269 -0.003667
v -0.008594 -0.002272 -0.003681
v -0.008603 -0.002274 -0.003695
v -0.008611 -0.002276 -0.003709
v -0.008618 -0.002278 -0.003725
v -0.008623 -0.002279 -0.003741
v -0.008627 -0.00228 -0.003757
v -0.00863 -0.002281 -0.003774
v -0.008632 -0.002282 -0.003791
v -0.008632 -0.002282 -0.003808
v -0.00863 -0.002281 -0.003824
v -0.008599 -0.001496 -0.0036
v -0.008616 -0.001499 -0.003601
v -0.008632 -0.001502 -0.003603
v -0.008649 -0.001505 -0.003606
v -0.008665 -0.001508 -0.003611
v -0.00868 -0.00151 -0.003618
v -0.008695 -0.001513 -0.003625
v -0.008709 -0.001515 -0.003634
v -0.008723 -0.001518 -0.003644
v -0.008735 -0.00152 -0.003655
v -0.008747 -0.001522 -0.003667
v -0.008757 -0.001524 -0.003681
v -0.008767 -0.001525 -0.003695
v -0.008775 -0.001527 -0.003709
v -0.008782 -0.001528 -0.003725
v -0.008787 -0.001529 -0.003741
v -0.008791 -0.00153 -0.003757
v -0.008794 -0.00153 -0.003774
v -0.008796 -0.00153 -0.003791
v -0.008796 -0.00153 -0.003808
v -0.008795 -0.00153 -0.003824
v -0.008696 -0.000751 -0.0036
v -0.008713 -0.000752 -0.003601
v -0.008729 -0.000754 -0.003603
v -0.008746 -0.000755 -0.003606
v -0.008762 -0.000756 -0.003611
v -0.008778 -0.000758 -0.003618
v -0.008793 -0.000759 -0.003625
v -0.008807 -0.00076 -0.003634
v -0.008821 -0.000761 -0.003644
v -0.008833 -0.000763 -0.003655
v -0.008845 -0.000764 -0.003667
v -0.008856 -0.000765 -0.003681
v -0.008865 -0.000765 -0.003695
v -0.008874 -0.000766 -0.003709
v -0.008881 -0.000767 -0.003725
v -0.008886 -0.000767 -0.003741
v -0.008891 -0.000768 -0.003757
v -0.008893 -0.000768 -0.003774
v -0.008895 -0.000768 -0.003791
v -0.008895 -0.000768 -0.003808
v -0.008894 -0.000768 -0.003824
v -0.008728 0.0 -0.0036
v -0.008745 0.0 -0.003601
v -0.008762 0.0 -0.003603
v -0.008778 0.0 -0.003606
v -0.008795 0.0 -0.003611
v -0.00881 0.0 -0.003618
v -0.008826 0.0 -0.003625
v -0.00884 0.0 -0.003634
v -0.008854 0.0 -0.003644
v -0.008866 0.0 -0.003655
v -0.008878 0.0 -0.003667
v -0.008889 0.0 -0.003681
v -0.008898 0.0 -0.003695
v -0.008907 0.0 -0.003709
v -0.008914 0.0 -0.003725
v -0.008919 0.0 -0.003741
v -0.008924 0.0 -0.003757
v -0.008927 0.0 -0.003774
v -0.008928 0.0 -0.003791
v -0.008928 0.0 -0.003808
v -0.008927 0.0 -0.003824
v -0.008696 0.000751 -0.0036
v -0.008713 0.000753 -0.003601
v -0.008729 0.000754 -0.003603
v -0.008746 0.000756 -0.003606
v -0.008762 0.000757 -0.003611
v -0.008778 0.000758 -0.003618
v -0.008793 0.00076 -0.003625
v -0.008807 0.000761 -0.003634
v -0.008821 0.000762 -0.003644
v -0.008833 0.000763 -0.003655
v -0.008845 0.000764 -0.003667
v -0.008856 0.000765 -0.003681
v -0.008865 0.000766 -0.003695
v -0.008873 0.000767 -0.003709
v -0.00888 0.000767 -0.003725
v -0.008886 0.000768 -0.003741
v -0.00889 0.000768 -0.003757
v -0.008893 0.000768 -0.003774
v -0.008895 0.000769 -0.003791
v -0.008895 0.000769 -0.003808
v -0.008894 0.000768 -0.003824
v -0.008599 0.001497 -0.0036
v -0.008616 0.0015 -0.003601
v -0.008632 0.001503 -0.003603
v -0.008648 0.001505 -0.003606
v -0.008664 0.001508 -0.003611
v -0.00868 0.001511 -0.003618
v -0.008695 0.001513 -0.003625
v -0.008709 0.001516 -0.003634
v -0.008722 0.001518 -0.003644
v -0.008735 0.00152 -0.003655
v -0.008747 0.001522 -0.003667
v -0.008757 0.001524 -0.003681
v -0.008766 0.001526 -0.003695
v -0.008775 0.001527 -0.003709
v -0.008782 0.001529 -0.003725
v -0.008787 0.00153 -0.003741
v -0.008791 0.00153 -0.003757
v -0.008794 0.001531 -0.003774
v -0.008796 0.001531 -0.003791
v -0.008796 0.001531 -0.003808
v -0.008795 0.001531 -0.003824
v -0.008438 0.002231 -0.0036
v -0.008455 0.002235 -0.003601
v -0.008471 0.00224 -0.003603
v -0.008487 0.002244 -0.003606
v -0.008502 0.002248 -0.003611
v -0.008518 0.002252 -0.003618
v -0.008532 0.002256 -0.003625
v -0.008546 0.00226 -0.003634
v -0.008559 0.002263 -0.003644
v -0.008572 0.002266 -0.003655
v -0.008583 0.002269 -0.003667
v -0.008593 0.002272 -0.003681
v -0.008603 0.002275 -0.003695
v -0.008611 0.002277 -0.003709
v -0.008617 0.002279 -0.003725
v -0.008623 0.00228 -0.003741
v -0.008627 0.002281 -0.003757
v -0.00863 0.002282 -0.003774
v -0.008631 0.002282 -0.003791
v -0.008631 0.002282 -0.003808
v -0.00863 0.002282 -0.003824
v -0.008215 0.002949 -0.0036
v -0.008231 0.002955 -0.003601
v -0.008247 0.00296 -0.003603
v -0.008262 0.002966 -0.003606
v -0.008278 0.002971 -0.003611
v -0.008292 0.002977 -0.003618
v -0.008307 0.002982 -0.003625
v -0.00832 0.002987 -0.003634
v -0.008333 0.002991 -0.003644
v -0.008345 0.002996 -0.003655
v -0.008356 0.003 -0.003667
v -0.008366 0.003003 -0.003681
v -0.008375 0.003006 -0.003695
v -0.008383 0.003009 -0.003709
v -0.008389 0.003012 -0.003725
v -0.008395 0.003013 -0.003741
v -0.008399 0.003015 -0.003757
v -0.008402 0.003016 -0.003774
v -0.008403 0.003016 -0.003791
v -0.008403 0.003016 -0.003808
v -0.008402 0.003016 -0.003824
v -0.007931 0.003645 -0.0036
v -0.007946 0.003652 -0.003601
v -0.007961 0.003659 -0.003603
v -0.007976 0.003666 -0.003606
v -0.007991 0.003673 -0.003611
v -0.008005 0.003679 -0.003618
v -0.008019 0.003685 -0.003625
v -0.008032 0.003692 -0.003634
v -0.008045 0.003697 -0.003644
v -0.008056 0.003703 -0.003655
v -0.008067 0.003707 -0.003667
v -0.008077 0.003712 -0.003681
v -0.008085 0.003716 -0.003695
v -0.008093 0.003719 -0.003709
v -0.008099 0.003722 -0.003725
v -0.008104 0.003725 -0.003741
v -0.008108 0.003726 -0.003757
v -0.008111 0.003728 -0.003774
v -0.008112 0.003728 -0.003791
v -0.008112 0.003728 -0.003808
v -0.008111 0.003728 -0.003824
v -0.007588 0.004314 -0.0036
v -0.007602 0.004322 -0.003601
v -0.007617 0.00433 -0.003603
v -0.007631 0.004339 -0.003606
v -0.007645 0.004347 -0.003611
v -0.007659 0.004354 -0.003618
v -0.007672 0.004362 -0.003625
v -0.007685 0.004369 -0.003634
v -0.007697 0.004376 -0.003644
v -0.007708 0.004382 -0.003655
v -0.007718 0.004388 -0.003667
v -0.007727 0.004393 -0.003681
v -0.007736 0.004398 -0.003695
v -0.007743 0.004402 -0.003709
v -0.007749 0.004405 -0.003725
v -0.007754 0.004408 -0.003741
v -0.007758 0.00441 -0.003757
v -0.00776 0.004412 -0.003774
v -0.007761 0.004412 -0.003791
v -0.007761 0.004413 -0.003808
v -0.00776 0.004412 -0.003824
v 0.003512 0.008063 -0.003611
v 0.00281 0.00835 -0.003618
v 0.002084 0.008576 -0.003625
v 0.001341 0.008738 -0.003634
v 0.000585 0.008834 -0.003644
v -0.000178 0.008865 -0.003655
v -0.000941 0.008828 -0.003667
v -0.001699 0.008725 -0.003681
v -0.002446 0.008555 -0.003695
v -0.003176 0.008321 -0.003709
v -0.003883 0.008023 -0.003725
v -0.004562 0.007664 -0.003741
v -0.005207 0.007247 -0.003757
v -0.005813 0.006774 -0.003774
v -0.006376 0.00625 -0.003791
v 0.003518 0.008078 -0.003618
v 0.002815 0.008365 -0.003625
v 0.002088 0.00859 -0.003634
v 0.001343 0.008751 -0.003644
v 0.000586 0.008847 -0.003655
v -0.000178 0.008876 -0.003667
v -0.000942 0.008839 -0.003681
v -0.001701 0.008734 -0.003695
v -0.002448 0.008563 -0.003709
v -0.003179 0.008328 -0.003725
v -0.003886 0.008028 -0.003741
v -0.004564 0.007668 -0.003757
v -0.005209 0.007249 -0.003774
v -0.005814 0.006775 -0.003791
v 0.003524 0.008091 -0.003625
v 0.002819 0.008378 -0.003634
v 0.002091 0.008603 -0.003644
v 0.001345 0.008764 -0.003655
v 0.000587 0.008859 -0.003667
v -0.000178 0.008887 -0.003681
v -0.000943 0.008848 -0.003695
v -0.001702 0.008742 -0.003709
v -0.00245 0.00857 -0.003725
v -0.003181 0.008333 -0.003741
v -0.003888 0.008032 -0.003757
v -0.004566 0.00767 -0.003774
v -0.00521 0.00725 -0.003791
v 0.00353 0.008105 -0.003634
v 0.002824 0.008391 -0.003644
v 0.002094 0.008615 -0.003655
v 0.001347 0.008775 -0.003667
v 0.000587 0.008869 -0.003681
v -0.000178 0.008896 -0.003695
v -0.000944 0.008856 -0.003709
v -0.001704 0.008749 -0.003725
v -0.002452 0.008576 -0.003741
v -0.003182 0.008337 -0.003757
v -0.003889 0.008035 -0.003774
v -0.004567 0.007672 -0.003791
v 0.003535 0.008117 -0.003644
v 0.002828 0.008403 -0.003655
v 0.002097 0.008627 -0.003667
v 0.001348 0.008786 -0.003681
v 0.000588 0.008879 -0.003695
v -0.000178 0.008905 -0.003709
v -0.000945 0.008863 -0.003725
v -0.001705 0.008755 -0.003741
v -0.002453 0.00858 -0.003757
v -0.003183 0.00834 -0.003774
v -0.00389 0.008036 -0.003791
v 0.00354 0.008129 -0.003655
v 0.002831 0.008414 -0.003667
v 0.002099 0.008637 -0.003681
v 0.00135 0.008795 -0.003695
v 0.000589 0.008887 -0.003709
v -0.000178 0.008912 -0.003725
v -0.000945 0.008869 -0.003741
v -0.001706 0.008759 -0.003757
v -0.002454 0.008583 -0.003774
v -0.003184 0.008341 -0.003791
v 0.003545 0.00814 -0.003667
v 0.002835 0.008425 -0.003681
v 0.002102 0.008646 -0.003695
v 0.001351 0.008803 -0.003709
v 0.000589 0.008894 -0.003725
v -0.000179 0.008917 -0.003741
v -0.000946 0.008873 -0.003757
v -0.001706 0.008762 -0.003774
v -0.002454 0.008584 -0.003791
v 0.003549 0.008149 -0.003681
v 0.002838 0.008434 -0.003695
v 0.002104 0.008655 -0.003709
v 0.001352 0.00881 -0.003725
v 0.000589 0.0089 -0.003741
v -0.000179 0.008922 -0.003757
v -0.000946 0.008876 -0.003774
v -0.001707 0.008763 -0.003791
v 0.003553 0.008158 -0.003695
v 0.00284 0.008441 -0.003709
v 0.002105 0.008661 -0.003725
v 0.001353 0.008816 -0.003741
v 0.00059 0.008904 -0.003757
v -0.000179 0.008925 -0.003774
v -0.000946 0.008878 -0.003791
v 0.003556 0.008166 -0.003709
v 0.002843 0.008448 -0.003725
v 0.002107 0.008667 -0.003741
v 0.001354 0.00882 -0.003757
v 0.00059 0.008907 -0.003774
v -0.000179 0.008926 -0.003791
v 0.003559 0.008172 -0.003725
v 0.002844 0.008454 -0.003741
v 0.002108 0.008671 -0.003757
v 0.001354 0.008823 -0.003774
v 0.00059 0.008909 -0.003791
v 0.003561 0.008177 -0.003741
v 0.002846 0.008458 -0.003757
v 0.002108 0.008674 -0.003774
v 0.001354 0.008825 -0.003791
v 0.003563 0.008181 -0.003757
v 0.002847 0.00846 -0.003774
v 0.002109 0.008675 -0.003791
v 0.003564 0.008184 -0.003774
v 0.002847 0.008462 -0.003791
v 0.002847 0.008461 -0.003824
v 0.004301 0.007822 -0.003824
v 0.004255 0.007847 -0.003824
v 0.004256 0.007848 -0.003808
v 0.004256 0.007848 -0.003791
v 0.004255 0.007847 -0.003774
v 0.004254 0.007844 -0.003757
v 0.004252 0.007841 -0.003741
v 0.004249 0.007836 -0.003725
v 0.004246 0.007829 -0.003709
v 0.004242 0.007822 -0.003695
v 0.004237 0.007814 -0.003681
v 0.004232 0.007804 -0.003667
v 0.004226 0.007794 -0.003655
v 0.00422 0.007783 -0.003644
v 0.004214 0.007771 -0.003634
v 0.004207 0.007758 -0.003625
v 0.0042 0.007745 -0.003618
v 0.004192 0.007731 -0.003611
v 0.004185 0.007717 -0.003606
v 0.004177 0.007702 -0.003603
v 0.004169 0.007688 -0.003601
v 0.004161 0.007673 -0.0036
v 0.00361 0.008164 -0.003824
v 0.003564 0.008184 -0.003824
v 0.002892 0.008445 -0.003824
v 0.004805 0.007286 -0.0036
v 0.004815 0.0073 -0.003601
v 0.004824 0.007314 -0.003603
v 0.004833 0.007328 -0.003606
v 0.004842 0.007342 -0.003611
v 0.004851 0.007355 -0.003618
v 0.004859 0.007367 -0.003625
v 0.004867 0.00738 -0.003634
v 0.004874 0.007391 -0.003644
v 0.004881 0.007402 -0.003655
v 0.004888 0.007411 -0.003667
v 0.004894 0.00742 -0.003681
v 0.004899 0.007428 -0.003695
v 0.004904 0.007435 -0.003709
v 0.004907 0.007441 -0.003725
v 0.004911 0.007446 -0.003741
v 0.004913 0.007449 -0.003757
v 0.004915 0.007452 -0.003774
v 0.004915 0.007453 -0.003791
v 0.005415 0.006846 -0.0036
v 0.005425 0.006859 -0.003601
v 0.005435 0.006872 -0.003603
v 0.005446 0.006885 -0.003606
v 0.005456 0.006898 -0.003611
v 0.005466 0.00691 -0.003618
v 0.005475 0.006922 -0.003625
v 0.005484 0.006933 -0.003634
v 0.005492 0.006944 -0.003644
v 0.0055 0.006954 -0.003655
v 0.005508 0.006963 -0.003667
v 0.005514 0.006972 -0.003681
v 0.00552 0.006979 -0.003695
v 0.005525 0.006986 -0.003709
v 0.00553 0.006991 -0.003725
v 0.005533 0.006996 -0.003741
v 0.005536 0.006999 -0.003757
v 0.005538 0.007001 -0.003774
v 0.005539 0.007002 -0.003791
v 0.005984 0.006354 -0.0036
v 0.005995 0.006367 -0.003601
v 0.006007 0.006379 -0.003603
v 0.006018 0.006391 -0.003606
v 0.006029 0.006403 -0.003611
v 0.00604 0.006414 -0.003618
v 0.00605 0.006425 -0.003625
v 0.00606 0.006436 -0.003634
v 0.006069 0.006446 -0.003644
v 0.006078 0.006455 -0.003655
v 0.006086 0.006464 -0.003667
v 0.006094 0.006471 -0.003681
v 0.0061 0.006478 -0.003695
v 0.006106 0.006484 -0.003709
v 0.006111 0.006489 -0.003725
v 0.006114 0.006494 -0.003741
v 0.006117 0.006497 -0.003757
v 0.006119 0.006499 -0.003774
v 0.006121 0.0065 -0.003791
v 0.006508 0.005816 -0.0036
v 0.006521 0.005827 -0.003601
v 0.006533 0.005839 -0.003603
v 0.006546 0.00585 -0.003606
v 0.006558 0.00586 -0.003611
v 0.006569 0.005871 -0.003618
v 0.006581 0.005881 -0.003625
v 0.006591 0.00589 -0.003634
v 0.006602 0.0059 -0.003644
v 0.006611 0.005908 -0.003655
v 0.00662 0.005916 -0.003667
v 0.006628 0.005923 -0.003681
v 0.006635 0.005929 -0.003695
v 0.006641 0.005935 -0.003709
v 0.006646 0.00594 -0.003725
v 0.006651 0.005943 -0.003741
v 0.006654 0.005946 -0.003757
v 0.006656 0.005948 -0.003774
v 0.006657 0.005949 -0.003791
v 0.006984 0.005234 -0.0036
v 0.006998 0.005245 -0.003601
v 0.007011 0.005255 -0.003603
v 0.007025 0.005265 -0.003606
v 0.007038 0.005274 -0.003611
v 0.00705 0.005284 -0.003618
v 0.007062 0.005293 -0.003625
v 0.007074 0.005301 -0.003634
v 0.007085 0.00531 -0.003644
v 0.007095 0.005317 -0.003655
v 0.007104 0.005324 -0.003667
v 0.007113 0.005331 -0.003681
v 0.00712 0.005336 -0.003695
v 0.007127 0.005341 -0.003709
v 0.007133 0.005346 -0.003725
v 0.007137 0.005349 -0.003741
v 0.007141 0.005352 -0.003757
v 0.007143 0.005353 -0.003774
v 0.007144 0.005354 -0.003791
v 0.007369 0.00463 -0.005645
v 0.007369 -0.00463 -0.005645
v 0.007631 -0.004356 -0.004966
v 0.007113 -0.004891 -0.006225
v 0.007631 0.004356 -0.004966
v 0.007623 0.004358 -0.005205
v 0.007399 0.004594 -0.005761
v 0.009885 0.004335 -0.0073
v 0.005846 0.007488 -0.0073
v 0.009885 -0.004335 -0.0073
v 0.010246 -0.004027 -0.0073
v 0.01058 -0.003688 -0.0073
v 0.010883 -0.003322 -0.0073
v 0.011154 -0.002931 -0.0073
v 0.01139 -0.002518 -0.0073
v 0.011589 -0.002087 -0.0073
v 0.01175 -0.001639 -0.0073
v 0.011872 -0.00118 -0.0073
v 0.011954 -0.000711 -0.0073
v 0.011995 -0.000238 -0.0073
v 0.011995 0.000238 -0.0073
v 0.011954 0.000711 -0.0073
v 0.011872 0.00118 -0.0073
v 0.01175 0.001639 -0.0073
v 0.011589 0.002087 -0.0073
v 0.01139 0.002518 -0.0073
v 0.011154 0.002931 -0.0073
v 0.010883 0.003322 -0.0073
v 0.01058 0.003688 -0.0073
v 0.010246 0.004027 -0.0073
v 0.007628 0.004356 -0.004987
v 0.007618 0.004359 -0.005074
v 0.007619 0.004359 -0.005058
v 0.00762 0.004359 -0.005183
v 0.007617 0.004359 -0.00515
v 0.007616 0.004359 -0.005112
v 0.007616 0.004359 -0.005104
v 0.007622 0.004358 -0.005031
v 0.007625 0.004357 -0.005009
v 0.007861 0.004289 -0.0036
v 0.007861 -0.004289 -0.0036
v 0.008229 -0.004155 -0.0036
v 0.007623 -0.004358 -0.005205
v 0.007621 -0.004358 -0.005195
v 0.007616 -0.004359 -0.005112
v 0.007616 -0.004359 -0.005133
v 0.007616 -0.004359 -0.005144
v 0.007618 -0.004359 -0.005171
v 0.007624 -0.004357 -0.005039
v 0.007617 -0.004359 -0.005084
v 0.00762 -0.004358 -0.00505
v 0.007628 -0.004356 -0.004987
v 0.007625 -0.004357 -0.005009
v 0.007622 -0.004358 -0.005032
v 0.008584 -0.003988 -0.0036
v 0.008923 -0.003792 -0.0036
v 0.009244 -0.003567 -0.0036
v 0.009544 -0.003314 -0.0036
v 0.009821 -0.003037 -0.0036
v 0.010073 -0.002736 -0.0036
v 0.010297 -0.002415 -0.0036
v 0.010493 -0.002075 -0.0036
v 0.010658 -0.00172 -0.0036
v 0.010792 -0.001351 -0.0036
v 0.010894 -0.000973 -0.0036
v 0.010962 -0.000587 -0.0036
v 0.010996 -0.000196 -0.0036
v 0.010996 0.000196 -0.0036
v 0.010962 0.000587 -0.0036
v 0.010894 0.000973 -0.0036
v 0.010792 0.001351 -0.0036
v 0.010658 0.00172 -0.0036
v 0.010493 0.002075 -0.0036
v 0.010297 0.002415 -0.0036
v 0.010073 0.002736 -0.0036
v 0.009821 0.003037 -0.0036
v 0.009544 0.003314 -0.0036
v 0.009244 0.003567 -0.0036
v 0.008923 0.003792 -0.0036
v 0.008584 0.003988 -0.0036
v 0.008229 0.004155 -0.0036
v 0.00606 0.0033 -0.0036
v 0.00606 0.0033 -0.0073
v 0.005763 0.003795 -0.0073
v 0.005763 0.003795 -0.0036
v 0.005426 0.004263 -0.0073
v 0.005426 0.004263 -0.0036
v 0.005051 0.004701 -0.0073
v 0.005051 0.004701 -0.0036
v 0.004641 0.005106 -0.0073
v 0.004641 0.005106 -0.0036
v 0.004198 0.005476 -0.0073
v 0.004198 0.005476 -0.0036
v 0.003726 0.005807 -0.0073
v 0.003726 0.005807 -0.0036
v 0.003228 0.006098 -0.0073
v 0.003228 0.006098 -0.0036
v 0.002708 0.006346 -0.0073
v 0.002708 0.006346 -0.0036
v 0.002168 0.00655 -0.0073
v 0.002168 0.00655 -0.0036
v 0.001614 0.006709 -0.0073
v 0.001614 0.006709 -0.0036
v 0.001048 0.00682 -0.0073
v 0.001048 0.00682 -0.0036
v 0.000475 0.006884 -0.0073
v 0.000475 0.006884 -0.0036
v -0.000102 0.006899 -0.0073
v -0.000102 0.006899 -0.0036
v -0.000677 0.006867 -0.0073
v -0.000677 0.006867 -0.0036
v -0.001248 0.006786 -0.0073
v -0.001248 0.006786 -0.0036
v -0.001811 0.006658 -0.0073
v -0.001811 0.006658 -0.0036
v -0.001823 0.006655 -0.0036
v -0.001823 0.006655 -0.0073
v -0.001836 0.006654 -0.0036
v -0.001836 0.006654 -0.0073
v -0.001849 0.006653 -0.0036
v -0.001849 0.006653 -0.0073
v -0.001863 0.006653 -0.0036
v -0.001863 0.006653 -0.0073
v -0.001875 0.006655 -0.0036
v -0.001875 0.006655 -0.0073
v -0.001888 0.006658 -0.0036
v -0.001888 0.006658 -0.0073
v -0.001901 0.006662 -0.0036
v -0.001901 0.006662 -0.0073
v -0.001913 0.006667 -0.0036
v -0.001913 0.006667 -0.0073
v -0.001925 0.006673 -0.0036
v -0.001925 0.006673 -0.0073
v -0.001936 0.00668 -0.0036
v -0.001936 0.00668 -0.0073
v -0.001946 0.006688 -0.0036
v -0.001946 0.006688 -0.0073
v -0.001956 0.006696 -0.0036
v -0.001956 0.006696 -0.0073
v -0.001965 0.006706 -0.0036
v -0.001965 0.006706 -0.0073
v -0.001973 0.006716 -0.0036
v -0.001973 0.006716 -0.0073
v -0.00198 0.006727 -0.0036
v -0.00198 0.006727 -0.0073
v -0.001986 0.006739 -0.0036
v -0.001986 0.006739 -0.0073
v -0.001991 0.006751 -0.0036
v -0.001991 0.006751 -0.0073
v -0.001995 0.006764 -0.0036
v -0.001995 0.006764 -0.0073
v -0.001998 0.006776 -0.0036
v -0.001998 0.006776 -0.0073
v -0.001999 0.006789 -0.0036
v -0.001999 0.006789 -0.0073
v -0.002 0.006802 -0.0036
v -0.002 0.006802 -0.0073
v -0.001999 0.006815 -0.0036
v -0.001999 0.006815 -0.0073
v -0.001998 0.006828 -0.0036
v -0.001998 0.006828 -0.0073
v -0.001995 0.006841 -0.0036
v -0.001995 0.006841 -0.0073
v -0.001991 0.006854 -0.0036
v -0.001991 0.006854 -0.0073
v -0.001986 0.006866 -0.0036
v -0.001986 0.006866 -0.0073
v -0.00198 0.006877 -0.0036
v -0.00198 0.006877 -0.0073
v -0.001973 0.006889 -0.0036
v -0.001973 0.006889 -0.0073
v -0.001965 0.006899 -0.0036
v -0.001965 0.006899 -0.0073
v -0.001956 0.006909 -0.0036
v -0.001956 0.006909 -0.0073
v -0.001947 0.006917 -0.0036
v -0.001947 0.006917 -0.0073
v -0.001936 0.006925 -0.0036
v -0.001936 0.006925 -0.0073
v -0.001925 0.006933 -0.0036
v -0.001925 0.006933 -0.0073
v -0.001914 0.006939 -0.0036
v -0.001914 0.006939 -0.0073
v -0.001902 0.006944 -0.0036
v -0.001902 0.006944 -0.0073
v -0.001889 0.006948 -0.0036
v -0.001889 0.006948 -0.0073
v 0.006433 -0.003234 -0.0036
v 0.006433 -0.003234 -0.0073
v 0.006132 -0.003773 -0.0036
v 0.006132 -0.003773 -0.0073
v 0.005787 -0.004284 -0.0036
v 0.005787 -0.004284 -0.0073
v 0.005399 -0.004763 -0.0036
v 0.005399 -0.004763 -0.0073
v 0.004972 -0.005207 -0.0036
v 0.004972 -0.005207 -0.0073
v 0.004508 -0.005614 -0.0036
v 0.004508 -0.005614 -0.0073
v 0.004012 -0.005979 -0.0036
v 0.004012 -0.005979 -0.0073
v 0.003486 -0.0063 -0.0036
v 0.003486 -0.0063 -0.0073
v 0.002934 -0.006575 -0.0036
v 0.002934 -0.006575 -0.0073
v 0.002361 -0.006802 -0.0036
v 0.002361 -0.006802 -0.0073
v 0.00177 -0.006979 -0.0036
v 0.00177 -0.006979 -0.0073
v 0.001167 -0.007105 -0.0036
v 0.001167 -0.007105 -0.0073
v 0.000554 -0.007179 -0.0036
v 0.000554 -0.007179 -0.0073
v -6.2e-05 -0.0072 -0.0036
v -6.2e-05 -0.0072 -0.0073
v -0.000677 -0.007168 -0.0036
v -0.000677 -0.007168 -0.0073
v -0.001288 -0.007084 -0.0036
v -0.001288 -0.007084 -0.0073
v -0.001889 -0.006948 -0.0036
v -0.001889 -0.006948 -0.0073
v 0.006433 0.003234 -0.0036
v -0.001823 -0.006655 -0.0036
v -0.001811 -0.006658 -0.0036
v 0.003486 0.0063 -0.0036
v 0.004012 0.005979 -0.0036
v 0.004508 0.005614 -0.0036
v -0.001913 -0.006667 -0.0036
v -0.001901 -0.006662 -0.0036
v -0.001888 -0.006658 -0.0036
v -0.001875 -0.006655 -0.0036
v -0.001863 -0.006653 -0.0036
v -0.001849 -0.006653 -0.0036
v -0.001836 -0.006654 -0.0036
v 0.004972 0.005207 -0.0036
v 0.005399 0.004763 -0.0036
v 0.005787 0.004284 -0.0036
v -0.000102 -0.006899 -0.0036
v 0.000475 -0.006884 -0.0036
v 0.001048 -0.00682 -0.0036
v 0.006132 0.003773 -0.0036
v -0.001956 -0.006696 -0.0036
v -0.001946 -0.006688 -0.0036
v -0.000677 -0.006867 -0.0036
v -0.001248 -0.006786 -0.0036
v 0.001614 -0.006709 -0.0036
v 0.002168 -0.00655 -0.0036
v 0.002708 -0.006346 -0.0036
v 0.003228 -0.006098 -0.0036
v 0.003726 -0.005807 -0.0036
v 0.004198 -0.005476 -0.0036
v -0.001973 -0.006889 -0.0036
v -0.001965 -0.006899 -0.0036
v -0.001956 -0.006909 -0.0036
v -0.001947 -0.006917 -0.0036
v -0.00198 -0.006877 -0.0036
v -0.001986 -0.006866 -0.0036
v -0.001999 -0.006815 -0.0036
v -0.001998 -0.006828 -0.0036
v -0.001995 -0.006841 -0.0036
v -0.001991 -0.006854 -0.0036
v -0.001965 -0.006706 -0.0036
v -0.001936 -0.00668 -0.0036
v -0.001925 -0.006673 -0.0036
v 0.00606 -0.0033 -0.0036
v 0.005763 -0.003795 -0.0036
v 0.005426 -0.004263 -0.0036
v -0.001902 -0.006944 -0.0036
v -0.001914 -0.006939 -0.0036
v -0.001925 -0.006933 -0.0036
v -0.001936 -0.006925 -0.0036
v 0.004641 -0.005106 -0.0036
v 0.005051 -0.004701 -0.0036
v -0.002 -0.006802 -0.0036
v -0.001999 -0.006789 -0.0036
v -0.001998 -0.006776 -0.0036
v 0.002934 0.006575 -0.0036
v -0.001986 -0.006739 -0.0036
v -0.00198 -0.006727 -0.0036
v -0.001973 -0.006716 -0.0036
v -0.001995 -0.006764 -0.0036
v -0.001991 -0.006751 -0.0036
v -0.001288 0.007084 -0.0036
v -0.000677 0.007168 -0.0036
v -6.2e-05 0.0072 -0.0036
v 0.000554 0.007179 -0.0036
v 0.001167 0.007105 -0.0036
v 0.00177 0.006979 -0.0036
v 0.002361 0.006802 -0.0036
v -0.001902 -0.006944 -0.0073
v -0.001914 -0.006939 -0.0073
v -0.001925 -0.006933 -0.0073
v -0.001936 -0.006925 -0.0073
v -0.001947 -0.006917 -0.0073
v -0.001956 -0.006909 -0.0073
v -0.001965 -0.006899 -0.0073
v -0.001973 -0.006889 -0.0073
v -0.00198 -0.006877 -0.0073
v -0.001986 -0.006866 -0.0073
v -0.001991 -0.006854 -0.0073
v -0.001995 -0.006841 -0.0073
v -0.001998 -0.006828 -0.0073
v -0.001999 -0.006815 -0.0073
v -0.002 -0.006802 -0.0073
v -0.001999 -0.006789 -0.0073
v -0.001998 -0.006776 -0.0073
v -0.001995 -0.006764 -0.0073
v -0.001991 -0.006751 -0.0073
v -0.001986 -0.006739 -0.0073
v -0.00198 -0.006727 -0.0073
v -0.001973 -0.006716 -0.0073
v -0.001965 -0.006706 -0.0073
v -0.001956 -0.006696 -0.0073
v -0.001946 -0.006688 -0.0073
v -0.001936 -0.00668 -0.0073
v -0.001925 -0.006673 -0.0073
v -0.001913 -0.006667 -0.0073
v -0.001901 -0.006662 -0.0073
v -0.001888 -0.006658 -0.0073
v -0.001875 -0.006655 -0.0073
v -0.001863 -0.006653 -0.0073
v -0.001849 -0.006653 -0.0073
v -0.001836 -0.006654 -0.0073
v -0.001823 -0.006655 -0.0073
v -0.001811 -0.006658 -0.0073
v 0.00606 -0.0033 -0.0073
v -0.001248 -0.006786 -0.0073
v -0.000677 -0.006867 -0.0073
v -0.000102 -0.006899 -0.0073
v 0.000475 -0.006884 -0.0073
v 0.001048 -0.00682 -0.0073
v 0.001614 -0.006709 -0.0073
v 0.002168 -0.00655 -0.0073
v 0.002708 -0.006346 -0.0073
v 0.003228 -0.006098 -0.0073
v 0.003726 -0.005807 -0.0073
v 0.004198 -0.005476 -0.0073
v 0.004641 -0.005106 -0.0073
v 0.005051 -0.004701 -0.0073
v 0.005426 -0.004263 -0.0073
v 0.005763 -0.003795 -0.0073
v 0.006433 0.003234 -0.0073
v -0.001288 0.007084 -0.0073
v -0.000677 0.007168 -0.0073
v -6.2e-05 0.0072 -0.0073
v 0.000554 0.007179 -0.0073
v 0.001167 0.007105 -0.0073
v 0.00177 0.006979 -0.0073
v 0.002361 0.006802 -0.0073
v 0.002934 0.006575 -0.0073
v 0.003486 0.0063 -0.0073
v 0.004012 0.005979 -0.0073
v 0.004508 0.005614 -0.0073
v 0.004972 0.005207 -0.0073
v 0.005399 0.004763 -0.0073
v 0.005787 0.004284 -0.0073
v 0.006132 0.003773 -0.0073
v -0.005564 -0.0077 -0.0073
v -0.004883 -0.008149 -0.0073
v -0.004166 -0.008538 -0.0073
v -0.003418 -0.008864 -0.0073
v -0.002645 -0.009124 -0.0073
v -0.006205 -0.007194 -0.0073
v -0.006799 -0.006635 -0.0073
v -0.007343 -0.006027 -0.0073
v -0.004883 0.008149 -0.0073
v -0.005564 0.0077 -0.0073
v -0.003418 0.008864 -0.0073
v -0.002645 0.009124 -0.0073
v -0.006205 0.007194 -0.0073
v -0.006799 0.006635 -0.0073
v -0.007343 0.006027 -0.0073
v -0.007833 0.005375 -0.0073
v -0.007833 -0.005375 -0.0073
v -0.008266 -0.004683 -0.0073
v -0.004166 0.008538 -0.0073
v 0.005846 -0.007488 -0.0073
v 0.005182 0.007962 -0.0073
v 0.00448 0.008377 -0.0073
v 0.003744 0.008731 -0.0073
v 0.002981 0.00902 -0.0073
v 0.002197 0.009243 -0.0073
v 0.001395 0.009397 -0.0073
v 0.000584 0.009482 -0.0073
v -0.000232 0.009497 -0.0073
v -0.001046 0.009442 -0.0073
v -0.001852 0.009318 -0.0073
v -0.009465 0.000815 -0.0073
v -0.0095 0.0 -0.0073
v -0.001852 -0.009318 -0.0073
v -0.001046 -0.009442 -0.0073
v -0.000232 -0.009497 -0.0073
v 0.000584 -0.009482 -0.0073
v 0.001395 -0.009397 -0.0073
v 0.002197 -0.009243 -0.0073
v 0.002981 -0.00902 -0.0073
v 0.003744 -0.008731 -0.0073
v 0.00448 -0.008377 -0.0073
v 0.005182 -0.007962 -0.0073
v -0.008637 -0.003956 -0.0073
v -0.008945 -0.003201 -0.0073
v -0.009186 -0.002421 -0.0073
v -0.00936 -0.001624 -0.0073
v -0.009465 -0.000815 -0.0073
v -0.009186 0.002421 -0.0073
v -0.008945 0.003201 -0.0073
v -0.00936 0.001624 -0.0073
v -0.008637 0.003956 -0.0073
v -0.008266 0.004683 -0.0073
v 0.007344 0.004651 -0.005742
v 0.00734 0.004656 -0.005738
v 0.007342 0.004655 -0.005731
v 0.007348 0.004645 -0.005746
v 0.007352 0.00464 -0.00575
v 0.007356 0.004635 -0.005754
v 0.00736 0.00463 -0.005758
v 0.007369 0.004621 -0.005766
v 0.007379 0.004612 -0.005774
v 0.007372 -0.004625 -0.005649
v 0.007376 -0.004619 -0.005653
v 0.007379 -0.004614 -0.005657
v 0.007383 -0.004608 -0.005661
v 0.007387 -0.004603 -0.005665
v 0.007396 -0.004593 -0.005673
v 0.007415 -0.004574 -0.005689
v 0.007399 -0.004594 -0.005761
v 0.007154 -0.004842 -0.006269
v 0.007145 -0.00485 -0.006261
v 0.007137 -0.004858 -0.006253
v 0.007129 -0.004867 -0.006244
v 0.007122 -0.004876 -0.006236
v 0.007119 -0.004881 -0.006232
v 0.007116 -0.004886 -0.006228
v 0.007405 -0.004583 -0.005681
f 1 2 3
f 2 4 3
f 3 4 5
f 4 6 5
f 5 6 7
f 6 8 7
f 7 8 9
f 8 10 9
f 9 10 11
f 10 12 11
f 11 12 13
f 12 14 13
f 13 14 15
f 14 16 15
f 15 16 17
f 16 18 17
f 17 18 19
f 18 20 19
f 19 20 21
f 20 22 21
f 21 22 23
f 22 24 23
f 23 24 25
f 24 26 25
f 25 26 27
f 26 28 27
f 27 28 29
f 28 30 29
f 29 30 31
f 30 32 31
f 31 32 33
f 32 34 33
f 33 34 35
f 34 36 35
f 35 36 37
f 36 38 37
f 37 38 39
f 38 40 39
f 39 40 41
f 40 42 41
f 41 42 43
f 42 44 43
f 43 44 45
f 44 46 45
f 46 47 45
f 47 48 45
f 45 48 49
f 50 51 45
f 51 52 45
f 45 52 53
f 54 55 3
f 55 56 3
f 3 56 57
f 49 58 45
f 58 59 45
f 45 59 60
f 45 61 62
f 62 63 45
f 63 64 45
f 45 64 50
f 60 65 45
f 65 66 45
f 45 66 61
f 52 67 53
f 67 68 53
f 53 68 69
f 68 70 69
f 69 70 71
f 70 72 71
f 71 72 73
f 72 74 73
f 73 74 75
f 74 76 75
f 75 76 77
f 76 78 77
f 77 78 79
f 78 80 79
f 79 80 81
f 80 82 81
f 81 82 83
f 82 84 83
f 83 84 85
f 84 86 85
f 85 86 87
f 86 88 87
f 87 88 89
f 88 90 89
f 89 90 91
f 90 92 91
f 91 92 93
f 92 94 93
f 93 94 95
f 94 96 95
f 95 96 97
f 96 98 97
f 97 98 99
f 98 100 99
f 99 100 101
f 100 102 101
f 101 102 103
f 102 104 103
f 103 104 105
f 104 106 105
f 105 106 107
f 106 108 107
f 107 108 109
f 108 110 109
f 109 110 111
f 110 112 111
f 111 112 113
f 112 114 113
f 113 114 115
f 114 116 115
f 115 116 117
f 116 118 117
f 117 118 119
f 118 120 119
f 119 120 121
f 120 122 121
f 121 122 123
f 122 124 123
f 123 124 125
f 124 126 125
f 125 126 127
f 126 128 127
f 127 128 129
f 128 130 129
f 129 130 131
f 130 132 131
f 131 132 133
f 132 134 133
f 133 134 135
f 134 136 135
f 135 136 137
f 136 138 137
f 137 138 139
f 138 140 139
f 139 140 141
f 140 142 141
f 141 142 143
f 142 144 143
f 143 144 145
f 144 146 145
f 145 146 147
f 146 148 147
f 147 148 149
f 148 150 149
f 149 150 151
f 150 152 151
f 151 152 153
f 152 154 153
f 153 154 155
f 154 156 155
f 155 156 157
f 156 158 157
f 157 158 159
f 158 160 159
f 159 160 161
f 160 162 161
f 161 162 163
f 162 164 163
f 163 164 165
f 164 166 165
f 165 166 167
f 166 168 167
f 167 168 169
f 168 170 169
f 169 170 54
f 170 171 54
f 54 171 55
f 57 172 3
f 172 173 3
f 3 173 174
f 174 175 3
f 175 176 3
f 3 176 177
f 178 3 179
f 3 180 179
f 178 181 3
f 181 182 3
f 3 182 1
f 177 183 3
f 183 184 3
f 3 184 180
f 185 186 187
f 188 189 190
f 191 192 193
f 194 195 196
f 197 198 199
f 200 201 202
f 203 204 205
f 206 207 208
f 209 210 211
f 212 213 214
f 215 216 217
f 218 219 220
f 221 222 223
f 224 225 226
f 227 228 229
f 230 231 232
f 233 234 235
f 236 237 238
f 239 240 241
f 242 243 244
f 245 246 247
f 248 249 250
f 251 252 253
f 254 255 256
f 257 258 259
f 260 261 262
f 263 264 265
f 266 267 268
f 269 270 271
f 272 273 274
f 275 276 277
f 278 279 280
f 281 282 283
f 284 285 286
f 287 288 289
f 290 291 292
f 293 294 295
f 296 297 298
f 299 300 301
f 302 303 304
f 305 306 307
f 308 309 310
f 311 312 313
f 314 315 316
f 317 318 319
f 318 320 319
f 319 320 321
f 322 323 324
f 323 325 324
f 324 325 326
f 325 327 326
f 326 327 328
f 327 329 328
f 328 329 317
f 329 330 317
f 317 330 318
f 331 332 333
f 332 334 333
f 333 334 322
f 334 335 322
f 322 335 323
f 336 337 338
f 337 339 338
f 338 339 331
f 339 340 331
f 331 340 332
f 341 342 343
f 342 344 343
f 343 344 336
f 344 345 336
f 336 345 337
f 346 347 341
f 347 348 341
f 341 348 342
f 349 350 346
f 350 351 346
f 346 351 347
f 352 353 349
f 353 354 349
f 349 354 350
f 355 356 357
f 356 358 357
f 357 358 352
f 358 359 352
f 352 359 353
f 360 361 355
f 361 362 355
f 355 362 356
f 363 364 313
f 364 365 313
f 313 365 360
f 365 366 360
f 360 366 361
f 363 313 367
f 313 312 367
f 367 312 368
f 369 370 371
f 370 372 371
f 373 374 372
f 374 375 372
f 372 375 371
f 376 377 373
f 377 378 373
f 373 378 374
f 379 380 376
f 380 381 376
f 376 381 377
f 382 383 379
f 383 384 379
f 379 384 380
f 385 386 382
f 386 387 382
f 382 387 383
f 385 382 388
f 382 389 388
f 388 389 390
f 389 391 390
f 390 391 392
f 392 391 393
f 391 394 393
f 393 394 395
f 394 396 395
f 395 396 397
f 315 314 398
f 314 399 398
f 399 400 398
f 398 400 396
f 400 401 396
f 396 401 397
f 402 403 316
f 403 403 316
f 316 403 314
f 316 404 402
f 404 405 402
f 402 405 406
f 407 408 405
f 408 409 405
f 405 409 406
f 410 411 412
f 411 413 412
f 412 413 407
f 413 414 407
f 407 414 408
f 412 415 410
f 415 416 410
f 410 416 417
f 416 418 417
f 417 418 419
f 420 421 418
f 421 422 418
f 418 422 419
f 423 424 425
f 424 426 425
f 425 426 427
f 426 428 427
f 427 428 429
f 428 430 429
f 429 430 431
f 432 423 433
f 423 425 433
f 433 425 434
f 425 427 434
f 434 427 435
f 427 429 435
f 435 429 436
f 429 431 436
f 436 431 437
f 438 432 439
f 432 433 439
f 439 433 440
f 433 434 440
f 440 434 441
f 434 435 441
f 441 435 442
f 435 436 442
f 442 436 443
f 436 437 443
f 443 437 444
f 445 438 446
f 438 439 446
f 446 439 447
f 439 440 447
f 447 440 448
f 440 441 448
f 448 441 449
f 441 442 449
f 449 442 450
f 442 443 450
f 450 443 451
f 443 444 451
f 451 444 452
f 453 445 454
f 445 446 454
f 454 446 455
f 446 447 455
f 455 447 456
f 447 448 456
f 456 448 457
f 448 449 457
f 457 449 458
f 449 450 458
f 458 450 459
f 450 451 459
f 459 451 460
f 451 452 460
f 460 452 461
f 462 453 463
f 453 454 463
f 463 454 464
f 454 455 464
f 464 455 465
f 455 456 465
f 465 456 466
f 456 457 466
f 466 457 467
f 457 458 467
f 467 458 468
f 458 459 468
f 468 459 469
f 459 460 469
f 469 460 470
f 460 461 470
f 470 461 471
f 472 462 473
f 462 463 473
f 473 463 474
f 463 464 474
f 474 464 475
f 464 465 475
f 475 465 476
f 465 466 476
f 476 466 477
f 466 467 477
f 477 467 478
f 467 468 478
f 478 468 479
f 468 469 479
f 479 469 480
f 469 470 480
f 480 470 481
f 470 471 481
f 481 471 482
f 483 472 484
f 472 473 484
f 484 473 485
f 473 474 485
f 485 474 486
f 474 475 486
f 486 475 487
f 475 476 487
f 487 476 488
f 476 477 488
f 488 477 489
f 477 478 489
f 489 478 490
f 478 479 490
f 490 479 491
f 479 480 491
f 491 480 492
f 480 481 492
f 492 481 493
f 481 482 493
f 493 482 494
f 495 483 496
f 483 484 496
f 496 484 497
f 484 485 497
f 497 485 498
f 485 486 498
f 498 486 499
f 486 487 499
f 499 487 500
f 487 488 500
f 500 488 501
f 488 489 501
f 501 489 502
f 489 490 502
f 502 490 503
f 490 491 503
f 503 491 504
f 491 492 504
f 504 492 505
f 492 493 505
f 505 493 506
f 493 494 506
f 506 494 507
f 508 495 509
f 495 496 509
f 509 496 510
f 496 497 510
f 510 497 511
f 497 498 511
f 511 498 512
f 498 499 512
f 512 499 513
f 499 500 513
f 513 500 514
f 500 501 514
f 514 501 515
f 501 502 515
f 515 502 516
f 502 503 516
f 516 503 517
f 503 504 517
f 517 504 518
f 504 505 518
f 518 505 519
f 505 506 519
f 519 506 520
f 506 507 520
f 520 507 521
f 522 508 523
f 508 509 523
f 523 509 524
f 509 510 524
f 524 510 525
f 510 511 525
f 525 511 526
f 511 512 526
f 526 512 527
f 512 513 527
f 527 513 528
f 513 514 528
f 528 514 529
f 514 515 529
f 529 515 530
f 515 516 530
f 530 516 531
f 516 517 531
f 531 517 532
f 517 518 532
f 532 518 533
f 518 519 533
f 533 519 534
f 519 520 534
f 534 520 535
f 520 521 535
f 535 521 536
f 537 522 538
f 522 523 538
f 538 523 539
f 523 524 539
f 539 524 540
f 524 525 540
f 540 525 541
f 525 526 541
f 541 526 542
f 526 527 542
f 542 527 543
f 527 528 543
f 543 528 544
f 528 529 544
f 544 529 545
f 529 530 545
f 545 530 546
f 530 531 546
f 546 531 547
f 531 532 547
f 547 532 548
f 532 533 548
f 548 533 549
f 533 534 549
f 549 534 550
f 534 535 550
f 550 535 551
f 535 536 551
f 551 536 552
f 553 537 554
f 537 538 554
f 554 538 555
f 538 539 555
f 555 539 556
f 539 540 556
f 556 540 557
f 540 541 557
f 557 541 558
f 541 542 558
f 558 542 559
f 542 543 559
f 559 543 560
f 543 544 560
f 560 544 561
f 544 545 561
f 561 545 562
f 545 546 562
f 562 546 563
f 546 547 563
f 563 547 564
f 547 548 564
f 564 548 565
f 548 549 565
f 565 549 566
f 549 550 566
f 566 550 567
f 550 551 567
f 567 551 568
f 551 552 568
f 568 552 569
f 570 553 571
f 553 554 571
f 571 554 572
f 554 555 572
f 572 555 573
f 555 556 573
f 573 556 574
f 556 557 574
f 574 557 575
f 557 558 575
f 575 558 576
f 558 559 576
f 576 559 577
f 559 560 577
f 577 560 578
f 560 561 578
f 578 561 579
f 561 562 579
f 579 562 580
f 562 563 580
f 580 563 581
f 563 564 581
f 581 564 582
f 564 565 582
f 582 565 583
f 565 566 583
f 583 566 584
f 566 567 584
f 584 567 585
f 567 568 585
f 585 568 586
f 568 569 586
f 586 569 587
f 588 570 589
f 570 571 589
f 589 571 590
f 571 572 590
f 590 572 591
f 572 573 591
f 591 573 592
f 573 574 592
f 592 574 593
f 574 575 593
f 593 575 594
f 575 576 594
f 594 576 595
f 576 577 595
f 595 577 596
f 577 578 596
f 596 578 597
f 578 579 597
f 597 579 598
f 579 580 598
f 598 580 599
f 580 581 599
f 599 581 600
f 581 582 600
f 600 582 601
f 582 583 601
f 601 583 602
f 583 584 602
f 602 584 603
f 584 585 603
f 603 585 604
f 585 586 604
f 604 586 605
f 586 587 605
f 605 587 606
f 607 588 608
f 588 589 608
f 608 589 609
f 589 590 609
f 609 590 610
f 590 591 610
f 610 591 611
f 591 592 611
f 611 592 612
f 592 593 612
f 612 593 613
f 593 594 613
f 613 594 614
f 594 595 614
f 614 595 615
f 595 596 615
f 615 596 616
f 596 597 616
f 616 597 617
f 597 598 617
f 617 598 618
f 598 599 618
f 618 599 619
f 599 600 619
f 619 600 620
f 600 601 620
f 620 601 621
f 601 602 621
f 621 602 622
f 602 603 622
f 622 603 623
f 603 604 623
f 623 604 624
f 604 605 624
f 624 605 625
f 605 606 625
f 625 606 244
f 626 627 628
f 309 311 310
f 311 313 310
f 310 313 629
f 313 360 629
f 629 360 630
f 360 355 630
f 630 355 631
f 355 357 631
f 631 357 632
f 357 352 632
f 632 352 633
f 352 349 633
f 633 349 634
f 349 346 634
f 634 346 635
f 346 341 635
f 635 341 636
f 341 343 636
f 636 343 637
f 343 336 637
f 637 336 638
f 336 338 638
f 638 338 639
f 338 331 639
f 639 331 640
f 331 333 640
f 640 333 641
f 333 322 641
f 641 322 642
f 322 324 642
f 642 324 643
f 324 326 643
f 643 326 644
f 326 328 644
f 644 328 645
f 328 317 645
f 645 317 646
f 317 319 646
f 646 319 647
f 319 321 647
f 306 308 307
f 308 310 307
f 307 310 648
f 310 629 648
f 648 629 649
f 629 630 649
f 649 630 650
f 630 631 650
f 650 631 651
f 631 632 651
f 651 632 652
f 632 633 652
f 652 633 653
f 633 634 653
f 653 634 654
f 634 635 654
f 654 635 655
f 635 636 655
f 655 636 656
f 636 637 656
f 656 637 657
f 637 638 657
f 657 638 658
f 638 639 658
f 658 639 659
f 639 640 659
f 659 640 660
f 640 641 660
f 660 641 661
f 641 642 661
f 661 642 662
f 642 643 662
f 662 643 663
f 643 644 663
f 663 644 664
f 644 645 664
f 664 645 665
f 645 646 665
f 665 646 666
f 646 647 666
f 303 305 304
f 305 307 304
f 304 307 667
f 307 648 667
f 667 648 668
f 648 649 668
f 668 649 669
f 649 650 669
f 669 650 670
f 650 651 670
f 670 651 671
f 651 652 671
f 671 652 672
f 652 653 672
f 672 653 673
f 653 654 673
f 673 654 674
f 654 655 674
f 674 655 675
f 655 656 675
f 675 656 676
f 656 657 676
f 676 657 677
f 657 658 677
f 677 658 678
f 658 659 678
f 678 659 679
f 659 660 679
f 679 660 680
f 660 661 680
f 680 661 681
f 661 662 681
f 681 662 682
f 662 663 682
f 682 663 683
f 663 664 683
f 683 664 684
f 664 665 684
f 684 665 685
f 665 666 685
f 300 302 301
f 302 304 301
f 301 304 686
f 304 667 686
f 686 667 687
f 667 668 687
f 687 668 688
f 668 669 688
f 688 669 689
f 669 670 689
f 689 670 690
f 670 671 690
f 690 671 691
f 671 672 691
f 691 672 692
f 672 673 692
f 692 673 693
f 673 674 693
f 693 674 694
f 674 675 694
f 694 675 695
f 675 676 695
f 695 676 696
f 676 677 696
f 696 677 697
f 677 678 697
f 697 678 698
f 678 679 698
f 698 679 699
f 679 680 699
f 699 680 700
f 680 681 700
f 700 681 701
f 681 682 701
f 701 682 702
f 682 683 702
f 702 683 703
f 683 684 703
f 703 684 704
f 684 685 704
f 297 299 298
f 299 301 298
f 298 301 705
f 301 686 705
f 705 686 706
f 686 687 706
f 706 687 707
f 687 688 707
f 707 688 708
f 688 689 708
f 708 689 709
f 689 690 709
f 709 690 710
f 690 691 710
f 710 691 711
f 691 692 711
f 711 692 712
f 692 693 712
f 712 693 713
f 693 694 713
f 713 694 714
f 694 695 714
f 714 695 715
f 695 696 715
f 715 696 716
f 696 697 716
f 716 697 717
f 697 698 717
f 717 698 718
f 698 699 718
f 718 699 719
f 699 700 719
f 719 700 720
f 700 701 720
f 720 701 721
f 701 702 721
f 721 702 722
f 702 703 722
f 722 703 723
f 703 704 723
f 294 296 295
f 296 298 295
f 295 298 724
f 298 705 724
f 724 705 725
f 705 706 725
f 725 706 726
f 706 707 726
f 726 707 727
f 707 708 727
f 727 708 728
f 708 709 728
f 728 709 729
f 709 710 729
f 729 710 730
f 710 711 730
f 730 711 731
f 711 712 731
f 731 712 732
f 712 713 732
f 732 713 733
f 713 714 733
f 733 714 734
f 714 715 734
f 734 715 735
f 715 716 735
f 735 716 736
f 716 717 736
f 736 717 737
f 717 718 737
f 737 718 738
f 718 719 738
f 738 719 739
f 719 720 739
f 739 720 740
f 720 721 740
f 740 721 741
f 721 722 741
f 741 722 742
f 722 723 742
f 291 293 292
f 293 295 292
f 292 295 743
f 295 724 743
f 743 724 744
f 724 725 744
f 744 725 745
f 725 726 745
f 745 726 746
f 726 727 746
f 746 727 747
f 727 728 747
f 747 728 748
f 728 729 748
f 748 729 749
f 729 730 749
f 749 730 750
f 730 731 750
f 750 731 751
f 731 732 751
f 751 732 752
f 732 733 752
f 752 733 753
f 733 734 753
f 753 734 754
f 734 735 754
f 754 735 755
f 735 736 755
f 755 736 756
f 736 737 756
f 756 737 757
f 737 738 757
f 757 738 758
f 738 739 758
f 758 739 759
f 739 740 759
f 759 740 760
f 740 741 760
f 760 741 761
f 741 742 761
f 288 290 289
f 290 292 289
f 289 292 762
f 292 743 762
f 762 743 763
f 743 744 763
f 763 744 764
f 744 745 764
f 764 745 765
f 745 746 765
f 765 746 766
f 746 747 766
f 766 747 767
f 747 748 767
f 767 748 768
f 748 749 768
f 768 749 769
f 749 750 769
f 769 750 770
f 750 751 770
f 770 751 771
f 751 752 771
f 771 752 772
f 752 753 772
f 772 753 773
f 753 754 773
f 773 754 774
f 754 755 774
f 774 755 775
f 755 756 775
f 775 756 776
f 756 757 776
f 776 757 777
f 757 758 777
f 777 758 778
f 758 759 778
f 778 759 779
f 759 760 779
f 779 760 780
f 760 761 780
f 285 287 286
f 287 289 286
f 286 289 781
f 289 762 781
f 781 762 782
f 762 763 782
f 782 763 783
f 763 764 783
f 783 764 784
f 764 765 784
f 784 765 785
f 765 766 785
f 785 766 786
f 766 767 786
f 786 767 787
f 767 768 787
f 787 768 788
f 768 769 788
f 788 769 789
f 769 770 789
f 789 770 790
f 770 771 790
f 790 771 791
f 771 772 791
f 791 772 792
f 772 773 792
f 792 773 793
f 773 774 793
f 793 774 794
f 774 775 794
f 794 775 795
f 775 776 795
f 795 776 796
f 776 777 796
f 796 777 797
f 777 778 797
f 797 778 798
f 778 779 798
f 798 779 799
f 779 780 799
f 282 284 283
f 284 286 283
f 283 286 800
f 286 781 800
f 800 781 801
f 781 782 801
f 801 782 802
f 782 783 802
f 802 783 803
f 783 784 803
f 803 784 804
f 784 785 804
f 804 785 805
f 785 786 805
f 805 786 806
f 786 787 806
f 806 787 807
f 787 788 807
f 807 788 808
f 788 789 808
f 808 789 809
f 789 790 809
f 809 790 810
f 790 791 810
f 810 791 811
f 791 792 811
f 811 792 812
f 792 793 812
f 812 793 813
f 793 794 813
f 813 794 814
f 794 795 814
f 814 795 815
f 795 796 815
f 815 796 816
f 796 797 816
f 816 797 817
f 797 798 817
f 817 798 818
f 798 799 818
f 279 281 280
f 281 283 280
f 280 283 819
f 283 800 819
f 819 800 820
f 800 801 820
f 820 801 821
f 801 802 821
f 821 802 822
f 802 803 822
f 822 803 823
f 803 804 823
f 823 804 824
f 804 805 824
f 824 805 825
f 805 806 825
f 825 806 826
f 806 807 826
f 826 807 827
f 807 808 827
f 827 808 828
f 808 809 828
f 828 809 829
f 809 810 829
f 829 810 830
f 810 811 830
f 830 811 831
f 811 812 831
f 831 812 832
f 812 813 832
f 832 813 833
f 813 814 833
f 833 814 834
f 814 815 834
f 834 815 835
f 815 816 835
f 835 816 836
f 816 817 836
f 836 817 837
f 817 818 837
f 276 278 277
f 278 280 277
f 277 280 838
f 280 819 838
f 838 819 839
f 819 820 839
f 839 820 840
f 820 821 840
f 840 821 841
f 821 822 841
f 841 822 842
f 822 823 842
f 842 823 843
f 823 824 843
f 843 824 844
f 824 825 844
f 844 825 845
f 825 826 845
f 845 826 846
f 826 827 846
f 846 827 847
f 827 828 847
f 847 828 848
f 828 829 848
f 848 829 849
f 829 830 849
f 849 830 850
f 830 831 850
f 850 831 851
f 831 832 851
f 851 832 852
f 832 833 852
f 852 833 853
f 833 834 853
f 853 834 854
f 834 835 854
f 854 835 855
f 835 836 855
f 855 836 856
f 836 837 856
f 273 275 274
f 275 277 274
f 274 277 857
f 277 838 857
f 857 838 858
f 838 839 858
f 858 839 859
f 839 840 859
f 859 840 860
f 840 841 860
f 860 841 861
f 841 842 861
f 861 842 862
f 842 843 862
f 862 843 863
f 843 844 863
f 863 844 864
f 844 845 864
f 864 845 865
f 845 846 865
f 865 846 866
f 846 847 866
f 866 847 867
f 847 848 867
f 867 848 868
f 848 849 868
f 868 849 869
f 849 850 869
f 869 850 870
f 850 851 870
f 870 851 871
f 851 852 871
f 871 852 872
f 852 853 872
f 872 853 873
f 853 854 873
f 873 854 874
f 854 855 874
f 874 855 875
f 855 856 875
f 270 272 271
f 272 274 271
f 271 274 876
f 274 857 876
f 876 857 877
f 857 858 877
f 877 858 878
f 858 859 878
f 878 859 879
f 859 860 879
f 879 860 880
f 860 861 880
f 880 861 881
f 861 862 881
f 881 862 882
f 862 863 882
f 882 863 883
f 863 864 883
f 883 864 884
f 864 865 884
f 884 865 885
f 865 866 885
f 885 866 886
f 866 867 886
f 886 867 887
f 867 868 887
f 887 868 888
f 868 869 888
f 888 869 889
f 869 870 889
f 889 870 890
f 870 871 890
f 890 871 891
f 871 872 891
f 891 872 892
f 872 873 892
f 892 873 893
f 873 874 893
f 893 874 894
f 874 875 894
f 267 269 268
f 269 271 268
f 268 271 895
f 271 876 895
f 895 876 896
f 876 877 896
f 896 877 897
f 877 878 897
f 897 878 898
f 878 879 898
f 898 879 899
f 879 880 899
f 899 880 900
f 880 881 900
f 900 881 901
f 881 882 901
f 901 882 902
f 882 883 902
f 902 883 903
f 883 884 903
f 903 884 904
f 884 885 904
f 904 885 905
f 885 886 905
f 905 886 906
f 886 887 906
f 906 887 907
f 887 888 907
f 907 888 908
f 888 889 908
f 908 889 909
f 889 890 909
f 909 890 910
f 890 891 910
f 910 891 911
f 891 892 911
f 911 892 912
f 892 893 912
f 912 893 913
f 893 894 913
f 264 266 265
f 266 268 265
f 265 268 914
f 268 895 914
f 914 895 915
f 895 896 915
f 915 896 916
f 896 897 916
f 916 897 917
f 897 898 917
f 917 898 918
f 898 899 918
f 918 899 919
f 899 900 919
f 919 900 920
f 900 901 920
f 920 901 921
f 901 902 921
f 921 902 922
f 902 903 922
f 922 903 923
f 903 904 923
f 923 904 924
f 904 905 924
f 924 905 925
f 905 906 925
f 925 906 926
f 906 907 926
f 926 907 927
f 907 908 927
f 927 908 928
f 908 909 928
f 928 909 929
f 909 910 929
f 929 910 930
f 910 911 930
f 930 911 931
f 911 912 931
f 931 912 932
f 912 913 932
f 261 263 262
f 263 265 262
f 262 265 933
f 265 914 933
f 933 914 934
f 914 915 934
f 934 915 935
f 915 916 935
f 935 916 936
f 916 917 936
f 936 917 937
f 917 918 937
f 937 918 938
f 918 919 938
f 938 919 939
f 919 920 939
f 939 920 940
f 920 921 940
f 940 921 941
f 921 922 941
f 941 922 942
f 922 923 942
f 942 923 943
f 923 924 943
f 943 924 944
f 924 925 944
f 944 925 945
f 925 926 945
f 945 926 946
f 926 927 946
f 946 927 947
f 927 928 947
f 947 928 948
f 928 929 948
f 948 929 949
f 929 930 949
f 949 930 950
f 930 931 950
f 950 931 951
f 931 932 951
f 258 260 259
f 260 262 259
f 259 262 952
f 262 933 952
f 952 933 953
f 933 934 953
f 953 934 954
f 934 935 954
f 954 935 955
f 935 936 955
f 955 936 956
f 936 937 956
f 956 937 957
f 937 938 957
f 957 938 958
f 938 939 958
f 958 939 959
f 939 940 959
f 959 940 960
f 940 941 960
f 960 941 961
f 941 942 961
f 961 942 962
f 942 943 962
f 962 943 963
f 943 944 963
f 963 944 964
f 944 945 964
f 964 945 965
f 945 946 965
f 965 946 966
f 946 947 966
f 966 947 967
f 947 948 967
f 967 948 968
f 948 949 968
f 968 949 969
f 949 950 969
f 969 950 970
f 950 951 970
f 255 257 256
f 257 259 256
f 256 259 971
f 259 952 971
f 971 952 972
f 952 953 972
f 972 953 973
f 953 954 973
f 973 954 974
f 954 955 974
f 974 955 975
f 955 956 975
f 975 956 976
f 956 957 976
f 976 957 977
f 957 958 977
f 977 958 978
f 958 959 978
f 978 959 979
f 959 960 979
f 979 960 980
f 960 961 980
f 980 961 981
f 961 962 981
f 981 962 982
f 962 963 982
f 982 963 983
f 963 964 983
f 983 964 984
f 964 965 984
f 984 965 985
f 965 966 985
f 985 966 986
f 966 967 986
f 986 967 987
f 967 968 987
f 987 968 988
f 968 969 988
f 988 969 989
f 969 970 989
f 252 254 253
f 254 256 253
f 253 256 990
f 256 971 990
f 990 971 991
f 971 972 991
f 991 972 992
f 972 973 992
f 992 973 993
f 973 974 993
f 993 974 994
f 974 975 994
f 994 975 995
f 975 976 995
f 995 976 996
f 976 977 996
f 996 977 997
f 977 978 997
f 997 978 998
f 978 979 998
f 998 979 999
f 979 980 999
f 999 980 1000
f 980 981 1000
f 1000 981 1001
f 981 982 1001
f 1001 982 1002
f 982 983 1002
f 1002 983 1003
f 983 984 1003
f 1003 984 1004
f 984 985 1004
f 1004 985 1005
f 985 986 1005
f 1005 986 1006
f 986 987 1006
f 1006 987 1007
f 987 988 1007
f 1007 988 1008
f 988 989 1008
f 249 251 250
f 251 253 250
f 250 253 1009
f 253 990 1009
f 1009 990 1010
f 990 991 1010
f 1010 991 1011
f 991 992 1011
f 1011 992 1012
f 992 993 1012
f 1012 993 1013
f 993 994 1013
f 1013 994 1014
f 994 995 1014
f 1014 995 1015
f 995 996 1015
f 1015 996 1016
f 996 997 1016
f 1016 997 1017
f 997 998 1017
f 1017 998 1018
f 998 999 1018
f 1018 999 1019
f 999 1000 1019
f 1019 1000 1020
f 1000 1001 1020
f 1020 1001 1021
f 1001 1002 1021
f 1021 1002 1022
f 1002 1003 1022
f 1022 1003 1023
f 1003 1004 1023
f 1023 1004 1024
f 1004 1005 1024
f 1024 1005 1025
f 1005 1006 1025
f 1025 1006 1026
f 1006 1007 1026
f 1026 1007 1027
f 1007 1008 1027
f 246 248 247
f 248 250 247
f 247 250 1028
f 250 1009 1028
f 1028 1009 1029
f 1009 1010 1029
f 1029 1010 1030
f 1010 1011 1030
f 1030 1011 1031
f 1011 1012 1031
f 1031 1012 1032
f 1012 1013 1032
f 1032 1013 1033
f 1013 1014 1033
f 1033 1014 1034
f 1014 1015 1034
f 1034 1015 1035
f 1015 1016 1035
f 1035 1016 1036
f 1016 1017 1036
f 1036 1017 1037
f 1017 1018 1037
f 1037 1018 1038
f 1018 1019 1038
f 1038 1019 1039
f 1019 1020 1039
f 1039 1020 1040
f 1020 1021 1040
f 1040 1021 1041
f 1021 1022 1041
f 1041 1022 1042
f 1022 1023 1042
f 1042 1023 1043
f 1023 1024 1043
f 1043 1024 1044
f 1024 1025 1044
f 1044 1025 1045
f 1025 1026 1045
f 1045 1026 1046
f 1026 1027 1046
f 1047 245 1048
f 245 247 1048
f 1048 247 1049
f 247 1028 1049
f 1049 1028 1050
f 1028 1029 1050
f 1050 1029 1051
f 1029 1030 1051
f 1051 1030 1052
f 1030 1031 1052
f 1052 1031 1053
f 1031 1032 1053
f 1053 1032 1054
f 1032 1033 1054
f 1054 1033 1055
f 1033 1034 1055
f 1055 1034 1056
f 1034 1035 1056
f 1056 1035 1057
f 1035 1036 1057
f 1057 1036 1058
f 1036 1037 1058
f 1058 1037 1059
f 1037 1038 1059
f 1059 1038 1060
f 1038 1039 1060
f 1060 1039 1061
f 1039 1040 1061
f 1061 1040 1062
f 1040 1041 1062
f 1062 1041 1063
f 1041 1042 1063
f 1063 1042 1064
f 1042 1043 1064
f 1064 1043 1065
f 1043 1044 1065
f 1065 1044 1066
f 1044 1045 1066
f 1066 1045 1067
f 1045 1046 1067
f 1067 1068 1066
f 1068 1069 1066
f 1066 1069 1065
f 1069 1070 1065
f 1065 1070 1064
f 1070 1071 1064
f 1064 1071 1063
f 1071 1072 1063
f 1063 1072 1062
f 1072 1073 1062
f 1062 1073 1061
f 1073 1074 1061
f 1061 1074 1060
f 1074 1075 1060
f 1060 1075 1059
f 1075 1076 1059
f 1059 1076 1058
f 1076 1077 1058
f 1058 1077 1057
f 1077 1078 1057
f 1057 1078 1056
f 1078 1079 1056
f 1056 1079 1055
f 1079 1080 1055
f 1055 1080 1054
f 1080 1081 1054
f 1054 1081 1053
f 1081 1082 1053
f 1053 1082 1052
f 1082 1083 1052
f 1052 1083 1051
f 1083 1084 1051
f 1051 1084 1050
f 1084 1085 1050
f 1050 1085 1049
f 1085 1086 1049
f 1049 1086 1048
f 1086 1087 1048
f 1048 1087 1047
f 1087 1088 1047
f 1068 1089 1069
f 1089 1090 1069
f 1069 1090 1070
f 1090 1091 1070
f 1070 1091 1071
f 1091 1092 1071
f 1071 1092 1072
f 1092 1093 1072
f 1072 1093 1073
f 1093 1094 1073
f 1073 1094 1074
f 1094 1095 1074
f 1074 1095 1075
f 1095 1096 1075
f 1075 1096 1076
f 1096 1097 1076
f 1076 1097 1077
f 1097 1098 1077
f 1077 1098 1078
f 1098 1099 1078
f 1078 1099 1079
f 1099 1100 1079
f 1079 1100 1080
f 1100 1101 1080
f 1080 1101 1081
f 1101 1102 1081
f 1081 1102 1082
f 1102 1103 1082
f 1082 1103 1083
f 1103 1104 1083
f 1083 1104 1084
f 1104 1105 1084
f 1084 1105 1085
f 1105 1106 1085
f 1085 1106 1086
f 1106 1107 1086
f 1086 1107 1087
f 1107 1108 1087
f 1087 1108 1088
f 1108 1109 1088
f 1089 1110 1090
f 1110 1111 1090
f 1090 1111 1091
f 1111 1112 1091
f 1091 1112 1092
f 1112 1113 1092
f 1092 1113 1093
f 1113 1114 1093
f 1093 1114 1094
f 1114 1115 1094
f 1094 1115 1095
f 1115 1116 1095
f 1095 1116 1096
f 1116 1117 1096
f 1096 1117 1097
f 1117 1118 1097
f 1097 1118 1098
f 1118 1119 1098
f 1098 1119 1099
f 1119 1120 1099
f 1099 1120 1100
f 1120 1121 1100
f 1100 1121 1101
f 1121 1122 1101
f 1101 1122 1102
f 1122 1123 1102
f 1102 1123 1103
f 1123 1124 1103
f 1103 1124 1104
f 1124 1125 1104
f 1104 1125 1105
f 1125 1126 1105
f 1105 1126 1106
f 1126 1127 1106
f 1106 1127 1107
f 1127 1128 1107
f 1107 1128 1108
f 1128 1129 1108
f 1108 1129 1109
f 1129 1130 1109
f 1110 1131 1111
f 1131 1132 1111
f 1111 1132 1112
f 1132 1133 1112
f 1112 1133 1113
f 1133 1134 1113
f 1113 1134 1114
f 1134 1135 1114
f 1114 1135 1115
f 1135 1136 1115
f 1115 1136 1116
f 1136 1137 1116
f 1116 1137 1117
f 1137 1138 1117
f 1117 1138 1118
f 1138 1139 1118
f 1118 1139 1119
f 1139 1140 1119
f 1119 1140 1120
f 1140 1141 1120
f 1120 1141 1121
f 1141 1142 1121
f 1121 1142 1122
f 1142 1143 1122
f 1122 1143 1123
f 1143 1144 1123
f 1123 1144 1124
f 1144 1145 1124
f 1124 1145 1125
f 1145 1146 1125
f 1125 1146 1126
f 1146 1147 1126
f 1126 1147 1127
f 1147 1148 1127
f 1127 1148 1128
f 1148 1149 1128
f 1128 1149 1129
f 1149 1150 1129
f 1129 1150 1130
f 1150 1151 1130
f 1131 1152 1132
f 1152 1153 1132
f 1132 1153 1133
f 1153 1154 1133
f 1133 1154 1134
f 1154 1155 1134
f 1134 1155 1135
f 1155 1156 1135
f 1135 1156 1136
f 1156 1157 1136
f 1136 1157 1137
f 1157 1158 1137
f 1137 1158 1138
f 1158 1159 1138
f 1138 1159 1139
f 1159 1160 1139
f 1139 1160 1140
f 1160 1161 1140
f 1140 1161 1141
f 1161 1162 1141
f 1141 1162 1142
f 1162 1163 1142
f 1142 1163 1143
f 1163 1164 1143
f 1143 1164 1144
f 1164 1165 1144
f 1144 1165 1145
f 1165 1166 1145
f 1145 1166 1146
f 1166 1167 1146
f 1146 1167 1147
f 1167 1168 1147
f 1147 1168 1148
f 1168 1169 1148
f 1148 1169 1149
f 1169 1170 1149
f 1149 1170 1150
f 1170 1171 1150
f 1150 1171 1151
f 1171 1172 1151
f 1152 1173 1153
f 1173 1174 1153
f 1153 1174 1154
f 1174 1175 1154
f 1154 1175 1155
f 1175 1176 1155
f 1155 1176 1156
f 1176 1177 1156
f 1156 1177 1157
f 1177 1178 1157
f 1157 1178 1158
f 1178 1179 1158
f 1158 1179 1159
f 1179 1180 1159
f 1159 1180 1160
f 1180 1181 1160
f 1160 1181 1161
f 1181 1182 1161
f 1161 1182 1162
f 1182 1183 1162
f 1162 1183 1163
f 1183 1184 1163
f 1163 1184 1164
f 1184 1185 1164
f 1164 1185 1165
f 1185 1186 1165
f 1165 1186 1166
f 1186 1187 1166
f 1166 1187 1167
f 1187 1188 1167
f 1167 1188 1168
f 1188 1189 1168
f 1168 1189 1169
f 1189 1190 1169
f 1169 1190 1170
f 1190 1191 1170
f 1170 1191 1171
f 1191 1192 1171
f 1171 1192 1172
f 1192 1193 1172
f 1173 1194 1174
f 1194 1195 1174
f 1174 1195 1175
f 1195 1196 1175
f 1175 1196 1176
f 1196 1197 1176
f 1176 1197 1177
f 1197 1198 1177
f 1177 1198 1178
f 1198 1199 1178
f 1178 1199 1179
f 1199 1200 1179
f 1179 1200 1180
f 1200 1201 1180
f 1180 1201 1181
f 1201 1202 1181
f 1181 1202 1182
f 1202 1203 1182
f 1182 1203 1183
f 1203 1204 1183
f 1183 1204 1184
f 1204 1205 1184
f 1184 1205 1185
f 1205 1206 1185
f 1185 1206 1186
f 1206 1207 1186
f 1186 1207 1187
f 1207 1208 1187
f 1187 1208 1188
f 1208 1209 1188
f 1188 1209 1189
f 1209 1210 1189
f 1189 1210 1190
f 1210 1211 1190
f 1190 1211 1191
f 1211 1212 1191
f 1191 1212 1192
f 1212 1213 1192
f 1192 1213 1193
f 1213 1214 1193
f 1194 1215 1195
f 1215 1216 1195
f 1195 1216 1196
f 1216 1217 1196
f 1196 1217 1197
f 1217 1218 1197
f 1197 1218 1198
f 1218 1219 1198
f 1198 1219 1199
f 1219 1220 1199
f 1199 1220 1200
f 1220 1221 1200
f 1200 1221 1201
f 1221 1222 1201
f 1201 1222 1202
f 1222 1223 1202
f 1202 1223 1203
f 1223 1224 1203
f 1203 1224 1204
f 1224 1225 1204
f 1204 1225 1205
f 1225 1226 1205
f 1205 1226 1206
f 1226 1227 1206
f 1206 1227 1207
f 1227 1228 1207
f 1207 1228 1208
f 1228 1229 1208
f 1208 1229 1209
f 1229 1230 1209
f 1209 1230 1210
f 1230 1231 1210
f 1210 1231 1211
f 1231 1232 1211
f 1211 1232 1212
f 1232 1233 1212
f 1212 1233 1213
f 1233 1234 1213
f 1213 1234 1214
f 1234 1235 1214
f 1215 1236 1216
f 1236 1237 1216
f 1216 1237 1217
f 1237 1238 1217
f 1217 1238 1218
f 1238 1239 1218
f 1218 1239 1219
f 1239 1240 1219
f 1219 1240 1220
f 1240 1241 1220
f 1220 1241 1221
f 1241 1242 1221
f 1221 1242 1222
f 1242 1243 1222
f 1222 1243 1223
f 1243 1244 1223
f 1223 1244 1224
f 1244 1245 1224
f 1224 1245 1225
f 1245 1246 1225
f 1225 1246 1226
f 1246 1247 1226
f 1226 1247 1227
f 1247 1248 1227
f 1227 1248 1228
f 1248 1249 1228
f 1228 1249 1229
f 1249 1250 1229
f 1229 1250 1230
f 1250 1251 1230
f 1230 1251 1231
f 1251 1252 1231
f 1231 1252 1232
f 1252 1253 1232
f 1232 1253 1233
f 1253 1254 1233
f 1233 1254 1234
f 1254 1255 1234
f 1234 1255 1235
f 1255 1256 1235
f 1236 1257 1237
f 1257 1258 1237
f 1237 1258 1238
f 1258 1259 1238
f 1238 1259 1239
f 1259 1260 1239
f 1239 1260 1240
f 1260 1261 1240
f 1240 1261 1241
f 1261 1262 1241
f 1241 1262 1242
f 1262 1263 1242
f 1242 1263 1243
f 1263 1264 1243
f 1243 1264 1244
f 1264 1265 1244
f 1244 1265 1245
f 1265 1266 1245
f 1245 1266 1246
f 1266 1267 1246
f 1246 1267 1247
f 1267 1268 1247
f 1247 1268 1248
f 1268 1269 1248
f 1248 1269 1249
f 1269 1270 1249
f 1249 1270 1250
f 1270 1271 1250
f 1250 1271 1251
f 1271 1272 1251
f 1251 1272 1252
f 1272 1273 1252
f 1252 1273 1253
f 1273 1274 1253
f 1253 1274 1254
f 1274 1275 1254
f 1254 1275 1255
f 1275 1276 1255
f 1255 1276 1256
f 1276 1277 1256
f 1257 1278 1258
f 1278 1279 1258
f 1258 1279 1259
f 1279 1280 1259
f 1259 1280 1260
f 1280 1281 1260
f 1260 1281 1261
f 1281 1282 1261
f 1261 1282 1262
f 1282 1283 1262
f 1262 1283 1263
f 1283 1284 1263
f 1263 1284 1264
f 1284 1285 1264
f 1264 1285 1265
f 1285 1286 1265
f 1265 1286 1266
f 1286 1287 1266
f 1266 1287 1267
f 1287 1288 1267
f 1267 1288 1268
f 1288 1289 1268
f 1268 1289 1269
f 1289 1290 1269
f 1269 1290 1270
f 1290 1291 1270
f 1270 1291 1271
f 1291 1292 1271
f 1271 1292 1272
f 1292 1293 1272
f 1272 1293 1273
f 1293 1294 1273
f 1273 1294 1274
f 1294 1295 1274
f 1274 1295 1275
f 1295 1296 1275
f 1275 1296 1276
f 1296 1297 1276
f 1276 1297 1277
f 1297 1298 1277
f 1278 1299 1279
f 1299 1300 1279
f 1279 1300 1280
f 1300 1301 1280
f 1280 1301 1281
f 1301 1302 1281
f 1281 1302 1282
f 1302 1303 1282
f 1282 1303 1283
f 1303 1304 1283
f 1283 1304 1284
f 1304 1305 1284
f 1284 1305 1285
f 1305 1306 1285
f 1285 1306 1286
f 1306 1307 1286
f 1286 1307 1287
f 1307 1308 1287
f 1287 1308 1288
f 1308 1309 1288
f 1288 1309 1289
f 1309 1310 1289
f 1289 1310 1290
f 1310 1311 1290
f 1290 1311 1291
f 1311 1312 1291
f 1291 1312 1292
f 1312 1313 1292
f 1292 1313 1293
f 1313 1314 1293
f 1293 1314 1294
f 1314 1315 1294
f 1294 1315 1295
f 1315 1316 1295
f 1295 1316 1296
f 1316 1317 1296
f 1296 1317 1297
f 1317 1318 1297
f 1297 1318 1298
f 1318 1319 1298
f 1299 1320 1300
f 1320 1321 1300
f 1300 1321 1301
f 1321 1322 1301
f 1301 1322 1302
f 1322 1323 1302
f 1302 1323 1303
f 1323 1324 1303
f 1303 1324 1304
f 1324 1325 1304
f 1304 1325 1305
f 1325 1326 1305
f 1305 1326 1306
f 1326 1327 1306
f 1306 1327 1307
f 1327 1328 1307
f 1307 1328 1308
f 1328 1329 1308
f 1308 1329 1309
f 1329 1330 1309
f 1309 1330 1310
f 1330 1331 1310
f 1310 1331 1311
f 1331 1332 1311
f 1311 1332 1312
f 1332 1333 1312
f 1312 1333 1313
f 1333 1334 1313
f 1313 1334 1314
f 1334 1335 1314
f 1314 1335 1315
f 1335 1336 1315
f 1315 1336 1316
f 1336 1337 1316
f 1316 1337 1317
f 1337 1338 1317
f 1317 1338 1318
f 1338 1339 1318
f 1318 1339 1319
f 1339 1340 1319
f 1320 607 1321
f 607 608 1321
f 1321 608 1322
f 608 609 1322
f 1322 609 1323
f 609 610 1323
f 1323 610 1324
f 610 611 1324
f 1324 611 1325
f 611 612 1325
f 1325 612 1326
f 612 613 1326
f 1326 613 1327
f 613 614 1327
f 1327 614 1328
f 614 615 1328
f 1328 615 1329
f 615 616 1329
f 1329 616 1330
f 616 617 1330
f 1330 617 1331
f 617 618 1331
f 1331 618 1332
f 618 619 1332
f 1332 619 1333
f 619 620 1333
f 1333 620 1334
f 620 621 1334
f 1334 621 1335
f 621 622 1335
f 1335 622 1336
f 622 623 1336
f 1336 623 1337
f 623 624 1337
f 1337 624 1338
f 624 625 1338
f 1338 625 1339
f 625 244 1339
f 1339 244 1340
f 244 243 1340
f 430 1341 431
f 1341 1342 431
f 431 1342 437
f 1342 1343 437
f 437 1343 444
f 1343 1344 444
f 444 1344 452
f 1344 1345 452
f 452 1345 461
f 1345 1346 461
f 461 1346 471
f 1346 1347 471
f 471 1347 482
f 1347 1348 482
f 482 1348 494
f 1348 1349 494
f 494 1349 507
f 1349 1350 507
f 507 1350 521
f 1350 1351 521
f 521 1351 536
f 1351 1352 536
f 536 1352 552
f 1352 1353 552
f 552 1353 569
f 1353 1354 569
f 569 1354 587
f 1354 1355 587
f 587 1355 606
f 1355 241 606
f 606 241 244
f 241 240 244
f 244 240 242
f 1341 1356 1342
f 1356 1357 1342
f 1342 1357 1343
f 1357 1358 1343
f 1343 1358 1344
f 1358 1359 1344
f 1344 1359 1345
f 1359 1360 1345
f 1345 1360 1346
f 1360 1361 1346
f 1346 1361 1347
f 1361 1362 1347
f 1347 1362 1348
f 1362 1363 1348
f 1348 1363 1349
f 1363 1364 1349
f 1349 1364 1350
f 1364 1365 1350
f 1350 1365 1351
f 1365 1366 1351
f 1351 1366 1352
f 1366 1367 1352
f 1352 1367 1353
f 1367 1368 1353
f 1353 1368 1354
f 1368 1369 1354
f 1354 1369 1355
f 1369 238 1355
f 1355 238 241
f 238 237 241
f 241 237 239
f 1356 1370 1357
f 1370 1371 1357
f 1357 1371 1358
f 1371 1372 1358
f 1358 1372 1359
f 1372 1373 1359
f 1359 1373 1360
f 1373 1374 1360
f 1360 1374 1361
f 1374 1375 1361
f 1361 1375 1362
f 1375 1376 1362
f 1362 1376 1363
f 1376 1377 1363
f 1363 1377 1364
f 1377 1378 1364
f 1364 1378 1365
f 1378 1379 1365
f 1365 1379 1366
f 1379 1380 1366
f 1366 1380 1367
f 1380 1381 1367
f 1367 1381 1368
f 1381 1382 1368
f 1368 1382 1369
f 1382 235 1369
f 1369 235 238
f 235 234 238
f 238 234 236
f 1370 1383 1371
f 1383 1384 1371
f 1371 1384 1372
f 1384 1385 1372
f 1372 1385 1373
f 1385 1386 1373
f 1373 1386 1374
f 1386 1387 1374
f 1374 1387 1375
f 1387 1388 1375
f 1375 1388 1376
f 1388 1389 1376
f 1376 1389 1377
f 1389 1390 1377
f 1377 1390 1378
f 1390 1391 1378
f 1378 1391 1379
f 1391 1392 1379
f 1379 1392 1380
f 1392 1393 1380
f 1380 1393 1381
f 1393 1394 1381
f 1381 1394 1382
f 1394 232 1382
f 1382 232 235
f 232 231 235
f 235 231 233
f 1383 1395 1384
f 1395 1396 1384
f 1384 1396 1385
f 1396 1397 1385
f 1385 1397 1386
f 1397 1398 1386
f 1386 1398 1387
f 1398 1399 1387
f 1387 1399 1388
f 1399 1400 1388
f 1388 1400 1389
f 1400 1401 1389
f 1389 1401 1390
f 1401 1402 1390
f 1390 1402 1391
f 1402 1403 1391
f 1391 1403 1392
f 1403 1404 1392
f 1392 1404 1393
f 1404 1405 1393
f 1393 1405 1394
f 1405 229 1394
f 1394 229 232
f 229 228 232
f 232 228 230
f 1395 1406 1396
f 1406 1407 1396
f 1396 1407 1397
f 1407 1408 1397
f 1397 1408 1398
f 1408 1409 1398
f 1398 1409 1399
f 1409 1410 1399
f 1399 1410 1400
f 1410 1411 1400
f 1400 1411 1401
f 1411 1412 1401
f 1401 1412 1402
f 1412 1413 1402
f 1402 1413 1403
f 1413 1414 1403
f 1403 1414 1404
f 1414 1415 1404
f 1404 1415 1405
f 1415 226 1405
f 1405 226 229
f 226 225 229
f 229 225 227
f 1406 1416 1407
f 1416 1417 1407
f 1407 1417 1408
f 1417 1418 1408
f 1408 1418 1409
f 1418 1419 1409
f 1409 1419 1410
f 1419 1420 1410
f 1410 1420 1411
f 1420 1421 1411
f 1411 1421 1412
f 1421 1422 1412
f 1412 1422 1413
f 1422 1423 1413
f 1413 1423 1414
f 1423 1424 1414
f 1414 1424 1415
f 1424 223 1415
f 1415 223 226
f 223 222 226
f 226 222 224
f 1416 1425 1417
f 1425 1426 1417
f 1417 1426 1418
f 1426 1427 1418
f 1418 1427 1419
f 1427 1428 1419
f 1419 1428 1420
f 1428 1429 1420
f 1420 1429 1421
f 1429 1430 1421
f 1421 1430 1422
f 1430 1431 1422
f 1422 1431 1423
f 1431 1432 1423
f 1423 1432 1424
f 1432 220 1424
f 1424 220 223
f 220 219 223
f 223 219 221
f 1425 1433 1426
f 1433 1434 1426
f 1426 1434 1427
f 1434 1435 1427
f 1427 1435 1428
f 1435 1436 1428
f 1428 1436 1429
f 1436 1437 1429
f 1429 1437 1430
f 1437 1438 1430
f 1430 1438 1431
f 1438 1439 1431
f 1431 1439 1432
f 1439 217 1432
f 1432 217 220
f 217 216 220
f 220 216 218
f 1433 1440 1434
f 1440 1441 1434
f 1434 1441 1435
f 1441 1442 1435
f 1435 1442 1436
f 1442 1443 1436
f 1436 1443 1437
f 1443 1444 1437
f 1437 1444 1438
f 1444 1445 1438
f 1438 1445 1439
f 1445 214 1439
f 1439 214 217
f 214 213 217
f 217 213 215
f 1440 1446 1441
f 1446 1447 1441
f 1441 1447 1442
f 1447 1448 1442
f 1442 1448 1443
f 1448 1449 1443
f 1443 1449 1444
f 1449 1450 1444
f 1444 1450 1445
f 1450 211 1445
f 1445 211 214
f 211 210 214
f 214 210 212
f 1446 1451 1447
f 1451 1452 1447
f 1447 1452 1448
f 1452 1453 1448
f 1448 1453 1449
f 1453 1454 1449
f 1449 1454 1450
f 1454 208 1450
f 1450 208 211
f 208 207 211
f 211 207 209
f 1451 1455 1452
f 1455 1456 1452
f 1452 1456 1453
f 1456 1457 1453
f 1453 1457 1454
f 1457 205 1454
f 1454 205 208
f 205 204 208
f 208 204 206
f 1455 1458 1456
f 1458 1459 1456
f 1456 1459 1457
f 1459 202 1457
f 1457 202 205
f 202 201 205
f 205 201 203
f 1458 626 1459
f 626 628 1459
f 1459 628 202
f 628 1460 202
f 202 1460 200
f 1461 1462 1463
f 1462 627 1463
f 1463 627 1464
f 627 626 1464
f 1464 626 1465
f 626 1458 1465
f 1465 1458 1466
f 1458 1455 1466
f 1466 1455 1467
f 1455 1451 1467
f 1467 1451 1468
f 1451 1446 1468
f 1468 1446 1469
f 1446 1440 1469
f 1469 1440 1470
f 1440 1433 1470
f 1470 1433 1471
f 1433 1425 1471
f 1471 1425 1472
f 1425 1416 1472
f 1472 1416 1473
f 1416 1406 1473
f 1473 1406 1474
f 1406 1395 1474
f 1474 1395 1475
f 1395 1383 1475
f 1475 1383 1476
f 1383 1370 1476
f 1476 1370 1477
f 1370 1356 1477
f 1477 1356 1478
f 1356 1341 1478
f 1478 1341 1479
f 1341 430 1479
f 1479 430 1480
f 430 428 1480
f 1480 428 1481
f 428 426 1481
f 1481 426 1482
f 426 424 1482
f 1462 1483 627
f 1483 1484 627
f 627 1484 628
f 1484 1485 628
f 628 1485 1460
f 1482 1486 1481
f 1486 1487 1481
f 1481 1487 1480
f 1487 1488 1480
f 1480 1488 1479
f 1488 1489 1479
f 1479 1489 1478
f 1489 1490 1478
f 1478 1490 1477
f 1490 1491 1477
f 1477 1491 1476
f 1491 1492 1476
f 1476 1492 1475
f 1492 1493 1475
f 1475 1493 1474
f 1493 1494 1474
f 1474 1494 1473
f 1494 1495 1473
f 1473 1495 1472
f 1495 1496 1472
f 1472 1496 1471
f 1496 1497 1471
f 1471 1497 1470
f 1497 1498 1470
f 1470 1498 1469
f 1498 1499 1469
f 1469 1499 1468
f 1499 1500 1468
f 1468 1500 1467
f 1500 1501 1467
f 1467 1501 1466
f 1501 1502 1466
f 1466 1502 1465
f 1502 1503 1465
f 1465 1503 1464
f 1503 1504 1464
f 1464 1504 1463
f 1504 199 1463
f 1463 199 1461
f 199 198 1461
f 1486 1505 1487
f 1505 1506 1487
f 1487 1506 1488
f 1506 1507 1488
f 1488 1507 1489
f 1507 1508 1489
f 1489 1508 1490
f 1508 1509 1490
f 1490 1509 1491
f 1509 1510 1491
f 1491 1510 1492
f 1510 1511 1492
f 1492 1511 1493
f 1511 1512 1493
f 1493 1512 1494
f 1512 1513 1494
f 1494 1513 1495
f 1513 1514 1495
f 1495 1514 1496
f 1514 1515 1496
f 1496 1515 1497
f 1515 1516 1497
f 1497 1516 1498
f 1516 1517 1498
f 1498 1517 1499
f 1517 1518 1499
f 1499 1518 1500
f 1518 1519 1500
f 1500 1519 1501
f 1519 1520 1501
f 1501 1520 1502
f 1520 1521 1502
f 1502 1521 1503
f 1521 1522 1503
f 1503 1522 1504
f 1522 1523 1504
f 1504 1523 199
f 1523 196 199
f 199 196 197
f 196 195 197
f 1505 1524 1506
f 1524 1525 1506
f 1506 1525 1507
f 1525 1526 1507
f 1507 1526 1508
f 1526 1527 1508
f 1508 1527 1509
f 1527 1528 1509
f 1509 1528 1510
f 1528 1529 1510
f 1510 1529 1511
f 1529 1530 1511
f 1511 1530 1512
f 1530 1531 1512
f 1512 1531 1513
f 1531 1532 1513
f 1513 1532 1514
f 1532 1533 1514
f 1514 1533 1515
f 1533 1534 1515
f 1515 1534 1516
f 1534 1535 1516
f 1516 1535 1517
f 1535 1536 1517
f 1517 1536 1518
f 1536 1537 1518
f 1518 1537 1519
f 1537 1538 1519
f 1519 1538 1520
f 1538 1539 1520
f 1520 1539 1521
f 1539 1540 1521
f 1521 1540 1522
f 1540 1541 1522
f 1522 1541 1523
f 1541 1542 1523
f 1523 1542 196
f 1542 193 196
f 196 193 194
f 193 192 194
f 1524 1543 1525
f 1543 1544 1525
f 1525 1544 1526
f 1544 1545 1526
f 1526 1545 1527
f 1545 1546 1527
f 1527 1546 1528
f 1546 1547 1528
f 1528 1547 1529
f 1547 1548 1529
f 1529 1548 1530
f 1548 1549 1530
f 1530 1549 1531
f 1549 1550 1531
f 1531 1550 1532
f 1550 1551 1532
f 1532 1551 1533
f 1551 1552 1533
f 1533 1552 1534
f 1552 1553 1534
f 1534 1553 1535
f 1553 1554 1535
f 1535 1554 1536
f 1554 1555 1536
f 1536 1555 1537
f 1555 1556 1537
f 1537 1556 1538
f 1556 1557 1538
f 1538 1557 1539
f 1557 1558 1539
f 1539 1558 1540
f 1558 1559 1540
f 1540 1559 1541
f 1559 1560 1541
f 1541 1560 1542
f 1560 1561 1542
f 1542 1561 193
f 1561 190 193
f 193 190 191
f 190 189 191
f 1543 1562 1544
f 1562 1563 1544
f 1544 1563 1545
f 1563 1564 1545
f 1545 1564 1546
f 1564 1565 1546
f 1546 1565 1547
f 1565 1566 1547
f 1547 1566 1548
f 1566 1567 1548
f 1548 1567 1549
f 1567 1568 1549
f 1549 1568 1550
f 1568 1569 1550
f 1550 1569 1551
f 1569 1570 1551
f 1551 1570 1552
f 1570 1571 1552
f 1552 1571 1553
f 1571 1572 1553
f 1553 1572 1554
f 1572 1573 1554
f 1554 1573 1555
f 1573 1574 1555
f 1555 1574 1556
f 1574 1575 1556
f 1556 1575 1557
f 1575 1576 1557
f 1557 1576 1558
f 1576 1577 1558
f 1558 1577 1559
f 1577 1578 1559
f 1559 1578 1560
f 1578 1579 1560
f 1560 1579 1561
f 1579 1580 1561
f 1561 1580 190
f 1580 187 190
f 190 187 188
f 187 186 188
f 1562 420 1563
f 420 418 1563
f 1563 418 1564
f 418 416 1564
f 1564 416 1565
f 416 415 1565
f 1565 415 1566
f 415 412 1566
f 1566 412 1567
f 412 407 1567
f 1567 407 1568
f 407 405 1568
f 1568 405 1569
f 405 404 1569
f 1569 404 1570
f 404 316 1570
f 1570 316 1571
f 316 315 1571
f 1571 315 1572
f 315 398 1572
f 1572 398 1573
f 398 396 1573
f 1573 396 1574
f 396 394 1574
f 1574 394 1575
f 394 391 1575
f 1575 391 1576
f 391 389 1576
f 1576 389 1577
f 389 382 1577
f 1577 382 1578
f 382 379 1578
f 1578 379 1579
f 379 376 1579
f 1579 376 1580
f 376 373 1580
f 1580 373 187
f 373 372 187
f 187 372 185
f 372 370 185
f 1581 172 57
f 1582 1583 368
f 51 50 1584
f 368 312 1582
f 312 311 1582
f 1582 311 1584
f 369 1585 1581
f 1584 311 51
f 311 309 51
f 51 309 52
f 309 308 52
f 308 306 52
f 52 306 67
f 306 305 67
f 305 303 67
f 67 303 68
f 303 302 68
f 302 300 68
f 68 300 70
f 300 299 70
f 299 297 70
f 70 297 72
f 297 296 72
f 296 294 72
f 72 294 74
f 294 293 74
f 293 291 74
f 74 291 76
f 291 290 76
f 290 288 76
f 76 288 78
f 288 287 78
f 287 285 78
f 78 285 80
f 285 284 80
f 284 282 80
f 80 282 82
f 282 281 82
f 281 279 82
f 82 279 84
f 279 278 84
f 278 276 84
f 84 276 86
f 276 275 86
f 275 273 86
f 86 273 88
f 273 272 88
f 272 270 88
f 88 270 90
f 270 269 90
f 269 267 90
f 90 267 92
f 267 266 92
f 266 264 92
f 92 264 94
f 264 263 94
f 263 261 94
f 94 261 96
f 261 260 96
f 260 258 96
f 96 258 98
f 258 257 98
f 257 255 98
f 98 255 100
f 255 254 100
f 254 252 100
f 100 252 102
f 252 251 102
f 251 249 102
f 102 249 104
f 249 248 104
f 248 246 104
f 104 246 106
f 246 245 106
f 245 1047 106
f 106 1047 108
f 1047 1088 108
f 108 1088 110
f 1088 1109 110
f 110 1109 112
f 1109 1130 112
f 112 1130 114
f 1130 1151 114
f 114 1151 116
f 1151 1172 116
f 116 1172 118
f 1172 1193 118
f 118 1193 120
f 1193 1214 120
f 120 1214 122
f 1214 1235 122
f 122 1235 124
f 1235 1256 124
f 124 1256 126
f 1256 1277 126
f 126 1277 128
f 1277 1298 128
f 128 1298 130
f 1298 1319 130
f 130 1319 132
f 1319 1340 132
f 1340 243 132
f 132 243 134
f 243 242 134
f 242 240 134
f 134 240 136
f 240 239 136
f 239 237 136
f 136 237 138
f 237 236 138
f 236 234 138
f 138 234 140
f 234 233 140
f 233 231 140
f 140 231 142
f 231 230 142
f 230 228 142
f 142 228 144
f 228 227 144
f 227 225 144
f 144 225 146
f 225 224 146
f 224 222 146
f 146 222 148
f 222 221 148
f 221 219 148
f 148 219 150
f 219 218 150
f 218 216 150
f 150 216 152
f 216 215 152
f 215 213 152
f 152 213 154
f 213 212 154
f 212 210 154
f 154 210 156
f 210 209 156
f 209 207 156
f 156 207 158
f 207 206 158
f 206 204 158
f 158 204 160
f 204 203 160
f 203 201 160
f 160 201 162
f 201 200 162
f 200 1460 162
f 162 1460 164
f 1460 1485 164
f 1485 1484 164
f 164 1484 166
f 1484 1483 166
f 1483 1462 166
f 166 1462 168
f 1462 1461 168
f 1461 198 168
f 168 198 170
f 198 197 170
f 197 195 170
f 170 195 171
f 195 194 171
f 194 192 171
f 171 192 55
f 192 191 55
f 191 189 55
f 55 189 56
f 189 188 56
f 188 186 56
f 56 186 57
f 186 185 57
f 57 185 1581
f 185 370 1581
f 1581 370 369
f 1586 181 1587
f 181 178 1587
f 1588 1589 3
f 1589 54 3
f 45 1590 1591
f 45 1591 43
f 1591 1592 43
f 43 1592 41
f 1592 1593 41
f 41 1593 39
f 1593 1594 39
f 39 1594 37
f 1594 1595 37
f 37 1595 35
f 1595 1596 35
f 35 1596 33
f 1596 1597 33
f 33 1597 31
f 1597 1598 31
f 31 1598 29
f 1598 1599 29
f 29 1599 27
f 1599 1600 27
f 27 1600 25
f 1600 1601 25
f 25 1601 23
f 1601 1602 23
f 23 1602 21
f 1602 1603 21
f 21 1603 19
f 1603 1604 19
f 19 1604 17
f 1604 1605 17
f 17 1605 15
f 1605 1606 15
f 15 1606 13
f 1606 1607 13
f 13 1607 11
f 1607 1608 11
f 11 1608 9
f 1608 1609 9
f 9 1609 7
f 1609 1610 7
f 7 1610 5
f 1610 1588 5
f 5 1588 3
f 1611 1585 181
f 1585 369 181
f 181 369 371
f 1612 1613 181
f 1614 1615 1586
f 1615 1616 1586
f 1586 1616 181
f 1616 1617 181
f 181 1617 1612
f 1613 1618 181
f 1618 1619 181
f 181 1619 1611
f 375 374 1620
f 374 378 1620
f 1620 378 377
f 377 381 1620
f 381 380 1620
f 1620 380 384
f 390 392 1620
f 384 383 1620
f 383 387 1620
f 1620 387 386
f 386 385 1620
f 385 388 1620
f 1620 388 390
f 392 393 1620
f 393 395 1620
f 1620 395 397
f 397 401 1620
f 401 400 1620
f 1620 400 399
f 399 314 1620
f 314 403 1620
f 1620 403 403
f 403 402 1620
f 402 406 1620
f 1620 406 409
f 409 408 1620
f 408 414 1620
f 1620 414 413
f 413 411 1620
f 411 410 1620
f 1620 410 417
f 417 419 1620
f 419 422 1620
f 1620 422 421
f 327 325 1621
f 327 1621 329
f 320 318 1621
f 318 330 1621
f 1621 330 329
f 325 323 1621
f 323 335 1621
f 1621 335 334
f 334 332 1621
f 332 340 1621
f 1621 340 339
f 339 337 1621
f 337 345 1621
f 1621 345 344
f 344 342 1621
f 342 348 1621
f 1621 348 347
f 347 351 1621
f 351 350 1621
f 1621 350 354
f 354 353 1621
f 353 359 1621
f 1621 359 358
f 358 356 1621
f 356 362 1621
f 1621 362 361
f 361 366 1621
f 366 365 1621
f 1621 365 364
f 364 363 1621
f 363 58 1621
f 1621 58 1622
f 363 367 58
f 367 368 58
f 58 368 1623
f 368 1624 1623
f 368 1625 1626
f 1626 1627 368
f 1627 1628 368
f 368 1628 1624
f 1625 1629 1630
f 1629 1631 1630
f 1625 368 1629
f 368 1583 1629
f 1629 1583 1632
f 1632 1633 1629
f 1633 1634 1629
f 1629 1634 1631
f 58 49 1622
f 49 48 1622
f 1622 48 1635
f 48 47 1635
f 1635 47 1636
f 47 46 1636
f 1636 46 1637
f 46 44 1637
f 1637 44 1638
f 44 42 1638
f 1638 42 1639
f 42 40 1639
f 1639 40 1640
f 40 38 1640
f 1640 38 1641
f 38 36 1641
f 1641 36 1642
f 36 34 1642
f 1642 34 1643
f 34 32 1643
f 1643 32 1644
f 32 30 1644
f 1644 30 1645
f 30 28 1645
f 1645 28 1646
f 28 26 1646
f 1646 26 1647
f 26 24 1647
f 1647 24 1648
f 24 22 1648
f 1648 22 1649
f 22 20 1649
f 1649 20 1650
f 20 18 1650
f 1650 18 1651
f 18 16 1651
f 1651 16 1652
f 16 14 1652
f 1652 14 1653
f 14 12 1653
f 1653 12 1654
f 12 10 1654
f 1654 10 1655
f 10 8 1655
f 1655 8 1656
f 8 6 1656
f 1656 6 1657
f 6 4 1657
f 1657 4 1658
f 4 2 1658
f 1658 2 1659
f 2 1 1659
f 1659 1 1660
f 1 182 1660
f 1660 182 1661
f 182 181 1661
f 1661 181 1620
f 181 371 1620
f 1620 371 375
f 1662 1663 1664
f 1662 1664 1665
f 1664 1666 1665
f 1665 1666 1667
f 1666 1668 1667
f 1667 1668 1669
f 1668 1670 1669
f 1669 1670 1671
f 1670 1672 1671
f 1671 1672 1673
f 1672 1674 1673
f 1673 1674 1675
f 1674 1676 1675
f 1675 1676 1677
f 1676 1678 1677
f 1677 1678 1679
f 1678 1680 1679
f 1679 1680 1681
f 1680 1682 1681
f 1681 1682 1683
f 1682 1684 1683
f 1683 1684 1685
f 1684 1686 1685
f 1685 1686 1687
f 1686 1688 1687
f 1687 1688 1689
f 1688 1690 1689
f 1689 1690 1691
f 1690 1692 1691
f 1691 1692 1693
f 1692 1694 1693
f 1693 1694 1695
f 1695 1694 1696
f 1694 1697 1696
f 1696 1697 1698
f 1697 1699 1698
f 1698 1699 1700
f 1699 1701 1700
f 1700 1701 1702
f 1701 1703 1702
f 1702 1703 1704
f 1703 1705 1704
f 1704 1705 1706
f 1705 1707 1706
f 1706 1707 1708
f 1707 1709 1708
f 1708 1709 1710
f 1709 1711 1710
f 1710 1711 1712
f 1711 1713 1712
f 1712 1713 1714
f 1713 1715 1714
f 1714 1715 1716
f 1715 1717 1716
f 1716 1717 1718
f 1717 1719 1718
f 1718 1719 1720
f 1719 1721 1720
f 1720 1721 1722
f 1721 1723 1722
f 1722 1723 1724
f 1723 1725 1724
f 1724 1725 1726
f 1725 1727 1726
f 1726 1727 1728
f 1727 1729 1728
f 1728 1729 1730
f 1729 1731 1730
f 1730 1731 1732
f 1731 1733 1732
f 1732 1733 1734
f 1733 1735 1734
f 1734 1735 1736
f 1735 1737 1736
f 1736 1737 1738
f 1737 1739 1738
f 1738 1739 1740
f 1739 1741 1740
f 1740 1741 1742
f 1741 1743 1742
f 1742 1743 1744
f 1743 1745 1744
f 1744 1745 1746
f 1745 1747 1746
f 1746 1747 1748
f 1747 1749 1748
f 1748 1749 1750
f 1749 1751 1750
f 1750 1751 1752
f 1751 1753 1752
f 1752 1753 1754
f 1753 1755 1754
f 1754 1755 1756
f 1755 1757 1756
f 1756 1757 1758
f 1757 1759 1758
f 1758 1759 1760
f 1759 1761 1760
f 1760 1761 1762
f 1761 1763 1762
f 1762 1763 1764
f 1763 1765 1764
f 1764 1765 1766
f 1765 1767 1766
f 1768 1769 1770
f 1769 1771 1770
f 1770 1771 1772
f 1771 1773 1772
f 1772 1773 1774
f 1773 1775 1774
f 1774 1775 1776
f 1775 1777 1776
f 1776 1777 1778
f 1777 1779 1778
f 1778 1779 1780
f 1779 1781 1780
f 1780 1781 1782
f 1781 1783 1782
f 1782 1783 1784
f 1783 1785 1784
f 1784 1785 1786
f 1785 1787 1786
f 1786 1787 1788
f 1787 1789 1788
f 1788 1789 1790
f 1789 1791 1790
f 1790 1791 1792
f 1791 1793 1792
f 1792 1793 1794
f 1793 1795 1794
f 1794 1795 1796
f 1795 1797 1796
f 1796 1797 1798
f 1797 1799 1798
f 1798 1799 1800
f 1799 1801 1800
f 1646 1647 1802
f 1662 1803 1804
f 1805 1806 421
f 1806 1807 421
f 1646 1802 1645
f 1662 1808 1809
f 1809 1810 1662
f 1810 1811 1662
f 1662 1811 1812
f 1812 1813 1662
f 1813 1814 1662
f 1662 1814 1803
f 1647 1648 1802
f 1648 1649 1802
f 1802 1649 1650
f 1807 1815 421
f 1815 1816 421
f 421 1816 1817
f 1818 1819 1662
f 1819 1820 1662
f 1817 1821 421
f 1821 1802 421
f 421 1802 1620
f 1662 1822 1823
f 1818 1662 1824
f 1662 1804 1824
f 1824 1804 1825
f 1820 1826 1662
f 1826 1827 1662
f 1662 1827 1828
f 1828 1829 1662
f 1829 1830 1662
f 1662 1830 1831
f 1650 1651 1802
f 1651 1652 1802
f 1802 1652 1653
f 1653 1654 1802
f 1654 1655 1802
f 1802 1655 1656
f 1659 1660 1802
f 1660 1661 1802
f 1802 1661 1620
f 1832 951 1833
f 951 932 1833
f 1833 932 1834
f 932 1835 1834
f 1832 1836 951
f 1836 1837 951
f 951 1837 970
f 1838 1008 1839
f 1008 989 1839
f 1839 989 1840
f 989 970 1840
f 1840 970 1841
f 970 1837 1841
f 1696 1698 1842
f 1622 1635 1802
f 1635 1636 1802
f 1802 1636 1637
f 1642 1802 1641
f 1802 1640 1641
f 1642 1643 1802
f 1643 1644 1802
f 1802 1644 1645
f 1823 1843 1662
f 1843 1844 1662
f 1662 1844 1808
f 1768 1802 1845
f 1802 1662 1845
f 1845 1662 1846
f 1662 1847 1846
f 1656 1657 1802
f 1657 1658 1802
f 1802 1658 1659
f 1800 1848 913
f 1848 1849 913
f 1849 1850 913
f 913 1850 932
f 1850 1851 932
f 932 1851 1835
f 1696 1842 1695
f 1637 1638 1802
f 1638 1639 1802
f 1802 1639 1640
f 1831 1852 1662
f 1852 1853 1662
f 1662 1853 1847
f 1838 1854 1008
f 1854 1855 1008
f 1008 1855 1856
f 1706 1708 1027
f 1724 1726 1320
f 1320 1726 607
f 1726 1728 607
f 607 1728 588
f 1728 1730 588
f 588 1730 570
f 1730 1732 570
f 570 1732 553
f 1732 1734 553
f 553 1734 537
f 1562 1543 1857
f 1858 1859 1698
f 1859 1860 1698
f 1698 1860 1842
f 1720 1215 1718
f 1215 1194 1718
f 1718 1194 1716
f 1734 1736 537
f 1736 1738 537
f 537 1738 522
f 1738 1740 522
f 1740 1742 522
f 1742 1744 522
f 522 1744 508
f 1744 1746 508
f 1754 1756 495
f 1756 1758 495
f 495 1758 483
f 1758 1760 483
f 483 1760 1762
f 1805 421 1857
f 421 420 1857
f 1857 420 1562
f 1822 1662 1842
f 1662 1665 1842
f 1842 1665 1667
f 1027 1708 1046
f 1708 1710 1046
f 1046 1710 1067
f 1320 1299 1724
f 1299 1278 1724
f 1724 1278 1722
f 1278 1257 1722
f 1722 1257 1720
f 1257 1236 1720
f 1720 1236 1215
f 1706 1027 1704
f 1027 1008 1704
f 1704 1008 1702
f 1008 1856 1702
f 1702 1856 1700
f 1856 1861 1700
f 1700 1861 1698
f 1861 1862 1698
f 1698 1862 1858
f 1712 1089 1710
f 1089 1068 1710
f 1710 1068 1067
f 1194 1173 1716
f 1173 1152 1716
f 1716 1152 1714
f 1152 1131 1714
f 1714 1131 1712
f 1131 1110 1712
f 1712 1110 1089
f 1746 1748 508
f 1748 1750 508
f 508 1750 495
f 1750 1752 495
f 495 1752 1754
f 1543 1524 1857
f 1524 1505 1857
f 1857 1505 1486
f 1667 1669 1842
f 1669 1671 1842
f 1842 1671 1673
f 1762 1764 483
f 1764 1766 483
f 483 1766 472
f 1766 1863 472
f 472 1863 462
f 1863 1864 462
f 462 1864 453
f 1864 1865 453
f 453 1865 445
f 1865 1866 445
f 445 1866 438
f 1866 1867 438
f 438 1867 432
f 1867 1868 432
f 432 1868 423
f 1868 1869 423
f 423 1869 424
f 1869 1857 424
f 424 1857 1482
f 1857 1486 1482
f 1800 913 1798
f 913 894 1798
f 1798 894 1796
f 894 875 1796
f 1796 875 1794
f 875 856 1794
f 1794 856 1792
f 856 837 1792
f 1792 837 1790
f 837 818 1790
f 1790 818 1788
f 818 799 1788
f 1788 799 1786
f 799 780 1786
f 1786 780 1784
f 780 761 1784
f 1784 761 1782
f 761 742 1782
f 1782 742 1780
f 742 723 1780
f 1780 723 1778
f 723 704 1778
f 1778 704 1776
f 704 685 1776
f 1776 685 1774
f 685 666 1774
f 1774 666 1772
f 666 647 1772
f 1772 647 1770
f 647 321 1770
f 1770 321 1768
f 321 320 1768
f 1768 320 1802
f 320 1621 1802
f 1802 1621 1622
f 1842 1679 1681
f 1842 1687 1689
f 1673 1675 1842
f 1675 1677 1842
f 1842 1677 1679
f 1681 1683 1842
f 1683 1685 1842
f 1842 1685 1687
f 1689 1691 1842
f 1691 1693 1842
f 1842 1693 1695
f 1800 1801 1848
f 1801 1870 1848
f 1848 1870 1849
f 1870 1871 1849
f 1849 1871 1850
f 1871 1872 1850
f 1850 1872 1851
f 1872 1873 1851
f 1851 1873 1835
f 1873 1874 1835
f 1835 1874 1834
f 1874 1875 1834
f 1834 1875 1833
f 1875 1876 1833
f 1833 1876 1832
f 1876 1877 1832
f 1832 1877 1836
f 1877 1878 1836
f 1836 1878 1837
f 1878 1879 1837
f 1837 1879 1841
f 1879 1880 1841
f 1841 1880 1840
f 1880 1881 1840
f 1840 1881 1839
f 1881 1882 1839
f 1839 1882 1838
f 1882 1883 1838
f 1838 1883 1854
f 1883 1884 1854
f 1854 1884 1855
f 1884 1885 1855
f 1855 1885 1856
f 1885 1886 1856
f 1856 1886 1861
f 1886 1887 1861
f 1861 1887 1862
f 1887 1888 1862
f 1862 1888 1858
f 1888 1889 1858
f 1858 1889 1859
f 1889 1890 1859
f 1859 1890 1860
f 1890 1891 1860
f 1860 1891 1842
f 1891 1892 1842
f 1842 1892 1822
f 1892 1893 1822
f 1822 1893 1823
f 1893 1894 1823
f 1823 1894 1843
f 1894 1895 1843
f 1843 1895 1844
f 1895 1896 1844
f 1844 1896 1808
f 1896 1897 1808
f 1808 1897 1809
f 1897 1898 1809
f 1809 1898 1810
f 1898 1899 1810
f 1810 1899 1811
f 1899 1900 1811
f 1811 1900 1812
f 1900 1901 1812
f 1812 1901 1813
f 1901 1902 1813
f 1813 1902 1814
f 1902 1903 1814
f 1814 1903 1803
f 1903 1904 1803
f 1803 1904 1804
f 1904 1905 1804
f 1906 1769 1845
f 1769 1768 1845
f 1804 1905 1907
f 1804 1907 1825
f 1907 1908 1825
f 1825 1908 1824
f 1908 1909 1824
f 1824 1909 1818
f 1909 1910 1818
f 1818 1910 1819
f 1910 1911 1819
f 1819 1911 1820
f 1911 1912 1820
f 1820 1912 1826
f 1912 1913 1826
f 1826 1913 1827
f 1913 1914 1827
f 1827 1914 1828
f 1914 1915 1828
f 1828 1915 1829
f 1915 1916 1829
f 1829 1916 1830
f 1916 1917 1830
f 1830 1917 1831
f 1917 1918 1831
f 1831 1918 1852
f 1918 1919 1852
f 1852 1919 1853
f 1919 1920 1853
f 1853 1920 1847
f 1920 1921 1847
f 1847 1921 1846
f 1921 1906 1846
f 1846 1906 1845
f 1922 1663 1802
f 1663 1662 1802
f 1766 1767 1863
f 1767 1923 1863
f 1863 1923 1864
f 1923 1924 1864
f 1864 1924 1865
f 1924 1925 1865
f 1865 1925 1866
f 1925 1926 1866
f 1866 1926 1867
f 1926 1927 1867
f 1867 1927 1868
f 1927 1928 1868
f 1868 1928 1869
f 1928 1929 1869
f 1869 1929 1857
f 1929 1930 1857
f 1857 1930 1805
f 1930 1931 1805
f 1805 1931 1806
f 1931 1932 1806
f 1806 1932 1807
f 1932 1933 1807
f 1807 1933 1815
f 1933 1934 1815
f 1815 1934 1816
f 1934 1935 1816
f 1816 1935 1817
f 1935 1936 1817
f 1817 1936 1821
f 1936 1937 1821
f 1821 1937 1802
f 1937 1922 1802
f 1882 1881 1938
f 1938 1881 1939
f 1906 1663 1922
f 1881 1880 1939
f 1880 1879 1939
f 1939 1879 1940
f 1879 1878 1940
f 1940 1878 1877
f 1877 1876 1940
f 1876 1875 1940
f 1940 1875 1941
f 1875 1874 1941
f 1911 1910 1663
f 1871 1942 1872
f 1942 1941 1872
f 1872 1941 1873
f 1941 1874 1873
f 1882 1938 1883
f 1938 1943 1883
f 1883 1943 1884
f 1943 1944 1884
f 1884 1944 1885
f 1944 1945 1885
f 1885 1945 1886
f 1749 1747 1946
f 1747 1745 1946
f 1946 1745 1947
f 1914 1663 1915
f 1663 1916 1915
f 1914 1913 1663
f 1913 1912 1663
f 1663 1912 1911
f 1761 1948 1763
f 1948 1949 1763
f 1763 1949 1765
f 1910 1909 1663
f 1909 1908 1663
f 1663 1908 1664
f 1908 1907 1664
f 1745 1743 1947
f 1743 1741 1947
f 1947 1741 1950
f 1741 1739 1950
f 1950 1739 1951
f 1739 1737 1951
f 1951 1737 1952
f 1737 1735 1952
f 1952 1735 1953
f 1886 1945 1887
f 1945 1954 1887
f 1887 1954 1888
f 1954 1955 1888
f 1888 1955 1889
f 1906 1921 1663
f 1921 1920 1663
f 1663 1920 1919
f 1761 1759 1948
f 1759 1757 1948
f 1948 1757 1956
f 1777 1775 1957
f 1670 1668 1907
f 1668 1666 1907
f 1907 1666 1664
f 1919 1918 1663
f 1918 1917 1663
f 1663 1917 1916
f 1603 1602 1922
f 1602 1769 1922
f 1922 1769 1906
f 1935 1589 1936
f 1589 1588 1936
f 1936 1588 1937
f 1757 1755 1956
f 1755 1753 1956
f 1956 1753 1946
f 1753 1751 1946
f 1946 1751 1749
f 1957 1775 1590
f 1680 1678 1907
f 1678 1676 1907
f 1935 1934 1589
f 1934 1933 1589
f 1589 1933 1958
f 1933 1932 1958
f 1958 1932 1959
f 1932 1931 1959
f 1959 1931 1960
f 1931 1930 1960
f 1960 1930 1961
f 1930 1929 1961
f 1961 1929 1962
f 1929 1928 1962
f 1962 1928 1963
f 1928 1927 1963
f 1963 1927 1964
f 1927 1926 1964
f 1964 1926 1965
f 1926 1925 1965
f 1965 1925 1966
f 1925 1924 1966
f 1966 1924 1967
f 1924 1923 1967
f 1967 1923 1949
f 1923 1767 1949
f 1949 1767 1765
f 1676 1674 1907
f 1674 1672 1907
f 1907 1672 1670
f 1968 1893 1969
f 1893 1892 1969
f 1871 1870 1942
f 1870 1801 1942
f 1942 1801 1970
f 1801 1799 1970
f 1970 1799 1971
f 1799 1797 1971
f 1971 1797 1972
f 1797 1795 1972
f 1972 1795 1973
f 1795 1793 1973
f 1973 1793 1974
f 1793 1791 1974
f 1974 1791 1975
f 1791 1789 1975
f 1975 1789 1976
f 1789 1787 1976
f 1976 1787 1977
f 1787 1785 1977
f 1977 1785 1978
f 1785 1783 1978
f 1978 1783 1979
f 1783 1781 1979
f 1979 1781 1957
f 1781 1779 1957
f 1957 1779 1777
f 1898 1897 1968
f 1897 1896 1968
f 1955 1980 1889
f 1980 1981 1889
f 1889 1981 1890
f 1981 1982 1890
f 1890 1982 1891
f 1982 1983 1891
f 1891 1983 1892
f 1983 1984 1892
f 1892 1984 1969
f 1937 1588 1922
f 1588 1610 1922
f 1922 1610 1609
f 1775 1773 1590
f 1773 1771 1590
f 1590 1771 1591
f 1771 1769 1591
f 1591 1769 1592
f 1735 1733 1953
f 1733 1731 1953
f 1953 1731 1729
f 1985 1986 1899
f 1902 1901 1705
f 1697 1688 1686
f 1688 1697 1690
f 1697 1694 1690
f 1690 1694 1692
f 1896 1895 1968
f 1895 1894 1968
f 1968 1894 1893
f 1609 1608 1922
f 1608 1607 1922
f 1922 1607 1606
f 1699 1904 1701
f 1904 1703 1701
f 1703 1904 1705
f 1904 1903 1705
f 1705 1903 1902
f 1709 1707 1899
f 1707 1705 1899
f 1899 1705 1900
f 1705 1901 1900
f 1898 1968 1899
f 1968 1987 1899
f 1899 1987 1985
f 1986 1988 1899
f 1988 1989 1899
f 1899 1989 1953
f 1606 1605 1922
f 1605 1604 1922
f 1922 1604 1603
f 1769 1596 1595
f 1729 1727 1953
f 1727 1725 1953
f 1953 1725 1899
f 1725 1723 1899
f 1899 1723 1721
f 1721 1719 1899
f 1719 1717 1899
f 1899 1717 1715
f 1715 1713 1899
f 1713 1711 1899
f 1899 1711 1709
f 1699 1697 1904
f 1697 1686 1904
f 1904 1686 1905
f 1686 1684 1905
f 1905 1684 1907
f 1684 1682 1907
f 1907 1682 1680
f 1602 1601 1769
f 1601 1600 1769
f 1769 1600 1599
f 1599 1598 1769
f 1598 1597 1769
f 1769 1597 1596
f 1595 1594 1769
f 1594 1593 1769
f 1769 1593 1592
f 1990 174 1991
f 174 173 1991
f 1991 173 1992
f 173 172 1992
f 1992 172 1581
f 177 176 1990
f 176 175 1990
f 1990 175 174
f 1990 1993 177
f 1993 1994 177
f 177 1994 183
f 1994 1995 183
f 1995 1996 183
f 1996 1997 183
f 183 1997 184
f 1998 179 1997
f 179 180 1997
f 1997 180 184
f 1614 1586 1587
f 178 179 1587
f 179 1998 1587
f 1587 1998 1614
f 1998 1997 1614
f 1614 1997 1615
f 1997 1996 1615
f 1615 1996 1616
f 1996 1995 1616
f 1616 1995 1617
f 1995 1994 1617
f 1617 1994 1612
f 1994 1993 1612
f 1612 1993 1613
f 1993 1990 1613
f 1613 1990 1618
f 1990 1991 1618
f 1618 1991 1619
f 1991 1992 1619
f 1619 1992 1611
f 1992 1581 1611
f 1611 1581 1585
f 1583 1999 1632
f 1999 2000 1632
f 1632 2000 1633
f 2000 2001 1633
f 1633 2001 1634
f 2001 2002 1634
f 1634 2002 1631
f 2002 2003 1631
f 1631 2003 1630
f 2003 2004 1630
f 1630 2004 1625
f 2005 1628 1627
f 2006 1623 2005
f 1623 1624 2005
f 2005 1624 1628
f 59 2007 60
f 2007 2008 60
f 60 2008 65
f 2008 2009 65
f 65 2009 66
f 66 2009 61
f 2009 2010 61
f 61 2010 62
f 2010 2011 62
f 62 2011 63
f 63 2011 64
f 2011 2012 64
f 64 2012 2013
f 50 64 1584
f 64 2013 1584
f 1584 2013 1582
f 2007 2014 2008
f 2014 2004 2008
f 2008 2004 2009
f 2004 2003 2009
f 2009 2003 2010
f 2003 2002 2010
f 2010 2002 2011
f 2002 2001 2011
f 2011 2001 2012
f 2001 2000 2012
f 2012 2000 2013
f 2000 1999 2013
f 2013 1999 1582
f 1999 1583 1582
f 59 2006 2007
f 2006 2005 2007
f 2007 2005 2014
f 2005 1627 2014
f 2014 1627 2004
f 1627 1626 2004
f 2004 1626 1625
f 59 58 2006
f 58 1623 2006
f 1957 1590 53
f 1590 45 53
f 54 1589 1958
f 54 1958 169
f 1958 1959 169
f 169 1959 167
f 1959 1960 167
f 167 1960 165
f 1960 1961 165
f 165 1961 163
f 1961 1962 163
f 163 1962 161
f 1962 1963 161
f 161 1963 159
f 1963 1964 159
f 159 1964 157
f 1964 1965 157
f 157 1965 155
f 1965 1966 155
f 155 1966 153
f 1966 1967 153
f 153 1967 151
f 1967 1949 151
f 151 1949 149
f 1949 1948 149
f 149 1948 147
f 1948 1956 147
f 147 1956 145
f 1956 1946 145
f 145 1946 143
f 1946 1947 143
f 143 1947 141
f 1947 1950 141
f 141 1950 139
f 1950 1951 139
f 139 1951 137
f 1951 1952 137
f 137 1952 135
f 1952 1953 135
f 135 1953 133
f 1953 1989 133
f 133 1989 131
f 1989 1988 131
f 131 1988 129
f 1988 1986 129
f 129 1986 127
f 1986 1985 127
f 127 1985 125
f 1985 1987 125
f 125 1987 123
f 1987 1968 123
f 123 1968 121
f 1968 1969 121
f 121 1969 119
f 1969 1984 119
f 119 1984 117
f 1984 1983 117
f 117 1983 115
f 1983 1982 115
f 115 1982 113
f 1982 1981 113
f 113 1981 111
f 1981 1980 111
f 111 1980 109
f 1980 1955 109
f 109 1955 107
f 1955 1954 107
f 107 1954 105
f 1954 1945 105
f 105 1945 103
f 1945 1944 103
f 103 1944 101
f 1944 1943 101
f 101 1943 99
f 1943 1938 99
f 99 1938 97
f 1938 1939 97
f 97 1939 95
f 1939 1940 95
f 95 1940 93
f 1940 1941 93
f 93 1941 91
f 1941 1942 91
f 91 1942 89
f 1942 1970 89
f 89 1970 87
f 1970 1971 87
f 87 1971 85
f 1971 1972 85
f 85 1972 83
f 1972 1973 83
f 83 1973 81
f 1973 1974 81
f 81 1974 79
f 1974 1975 79
f 79 1975 77
f 1975 1976 77
f 77 1976 75
f 1976 1977 75
f 75 1977 73
f 1977 1978 73
f 73 1978 71
f 1978 1979 71
f 71 1979 69
f 1979 1957 69
f 69 1957 53
