v -0.002579 -0.030526 -0.0034
v -0.002561 -0.030593 -0.0034
v -0.002561 -0.030593 -0.0057
v -0.00409 -0.029987 -0.0034
v -0.00409 -0.029987 -0.0057
v -0.004146 -0.030027 -0.0034
v -0.004146 -0.030027 -0.0057
v -0.003942 -0.029905 -0.0034
v -0.003956 -0.029912 -0.0057
v -0.004018 -0.029943 -0.0034
v -0.004018 -0.029943 -0.0057
v -0.004027 -0.029948 -0.0057
v -0.003863 -0.029874 -0.0034
v -0.00388 -0.02988 -0.0057
v -0.003942 -0.029905 -0.0057
v -0.003782 -0.02985 -0.0034
v -0.003799 -0.029854 -0.0057
v -0.003863 -0.029874 -0.0057
v -0.003699 -0.029832 -0.0034
v -0.003756 -0.029844 -0.0057
v -0.003782 -0.02985 -0.0057
v -0.003616 -0.029822 -0.0034
v -0.003672 -0.029828 -0.0057
v -0.003699 -0.029832 -0.0057
v -0.003531 -0.029819 -0.0034
v -0.003587 -0.02982 -0.0057
v -0.003616 -0.029822 -0.0057
v -0.003446 -0.029823 -0.0034
v -0.003501 -0.029819 -0.0057
v -0.003531 -0.029819 -0.0057
v -0.003363 -0.029834 -0.0034
v -0.003417 -0.029826 -0.0057
v -0.003446 -0.029823 -0.0057
v -0.00328 -0.029852 -0.0034
v -0.003337 -0.029839 -0.0057
v -0.003363 -0.029834 -0.0057
v -0.003199 -0.029877 -0.0034
v -0.003259 -0.029858 -0.0057
v -0.00328 -0.029852 -0.0057
v -0.003121 -0.029909 -0.0034
v -0.003181 -0.029884 -0.0057
v -0.003199 -0.029877 -0.0057
v -0.003045 -0.029947 -0.0034
v -0.003106 -0.029916 -0.0057
v -0.003121 -0.029909 -0.0057
v -0.002973 -0.029992 -0.0034
v -0.003033 -0.029954 -0.0057
v -0.003045 -0.029947 -0.0057
v -0.002905 -0.030042 -0.0034
v -0.002962 -0.03 -0.0057
v -0.002973 -0.029992 -0.0057
v -0.002842 -0.030098 -0.0034
v -0.002895 -0.030051 -0.0057
v -0.002905 -0.030042 -0.0057
v -0.002784 -0.030159 -0.0034
v -0.002833 -0.030107 -0.0057
v -0.002842 -0.030098 -0.0057
v -0.002683 -0.030295 -0.0034
v -0.002731 -0.030225 -0.0057
v -0.002731 -0.030225 -0.0034
v -0.002778 -0.030166 -0.0057
v -0.002784 -0.030159 -0.0057
v -0.002642 -0.030369 -0.0034
v -0.002673 -0.030312 -0.0057
v -0.002683 -0.030295 -0.0057
v -0.002607 -0.030446 -0.0034
v -0.002634 -0.030386 -0.0057
v -0.002642 -0.030369 -0.0057
v -0.002579 -0.030526 -0.0057
v -0.002601 -0.030463 -0.0057
v -0.002607 -0.030446 -0.0057
v -0.00254 -0.030679 -0.0057
v -0.002527 -0.030727 -0.0034
v -0.002527 -0.030727 -0.0057
v -0.00252 -0.030747 -0.0034
v -0.00252 -0.030747 -0.0057
v -0.002511 -0.03077 -0.0034
v -0.002511 -0.03077 -0.0057
v -0.002499 -0.030792 -0.0034
v -0.002499 -0.030792 -0.0057
v -0.002486 -0.030813 -0.0034
v -0.002486 -0.030813 -0.0057
v -0.002471 -0.030833 -0.0034
v -0.002471 -0.030833 -0.0057
v -0.002455 -0.030852 -0.0034
v -0.002455 -0.030852 -0.0057
v -0.002437 -0.030869 -0.0034
v -0.002437 -0.030869 -0.0057
v -0.002418 -0.030884 -0.0034
v -0.002418 -0.030884 -0.0057
v -0.002397 -0.030898 -0.0034
v -0.002397 -0.030898 -0.0057
v -0.002375 -0.030911 -0.0034
v -0.002375 -0.030911 -0.0057
v -0.002353 -0.030921 -0.0034
v -0.002353 -0.030921 -0.0057
v -0.00233 -0.03093 -0.0034
v -0.00233 -0.03093 -0.0057
v -0.002305 -0.030936 -0.0034
v -0.002305 -0.030936 -0.0057
v -0.002281 -0.030941 -0.0034
v -0.002281 -0.030941 -0.0057
v -0.002256 -0.030943 -0.0034
v -0.002256 -0.030943 -0.0057
v -0.002231 -0.030944 -0.0034
v -0.002231 -0.030944 -0.0057
v -0.002207 -0.030942 -0.0034
v -0.002207 -0.030942 -0.0057
v -0.002182 -0.030939 -0.0034
v -0.002182 -0.030939 -0.0057
v -0.002158 -0.030933 -0.0034
v -0.002158 -0.030933 -0.0057
v -0.002134 -0.030925 -0.0034
v -0.002134 -0.030925 -0.0057
v -0.00211 -0.030915 -0.0034
v -0.00211 -0.030915 -0.0057
v -0.001896 -0.031302 -0.0034
v -0.002198 -0.03147 -0.0034
v -0.001896 -0.031302 -0.0057
v -0.002198 -0.03147 -0.0057
v -0.002729 -0.031441 -0.0057
v -0.002717 -0.031449 -0.0057
v -0.002717 -0.031449 -0.0034
v -0.002226 -0.031484 -0.0057
v -0.002272 -0.031503 -0.0034
v -0.002269 -0.031502 -0.0057
v -0.002234 -0.031488 -0.0034
v -0.002234 -0.031488 -0.0057
v -0.002231 -0.031486 -0.0057
v -0.002312 -0.031515 -0.0057
v -0.002309 -0.031514 -0.0057
v -0.002281 -0.031505 -0.0057
v -0.002272 -0.031503 -0.0057
v -0.002312 -0.031515 -0.0034
v -0.002352 -0.031524 -0.0034
v -0.002352 -0.031524 -0.0057
v -0.002393 -0.03153 -0.0034
v -0.002393 -0.03153 -0.0057
v -0.002434 -0.031532 -0.0034
v -0.002434 -0.031532 -0.0057
v -0.002476 -0.031531 -0.0034
v -0.002476 -0.031531 -0.0057
v -0.002517 -0.031526 -0.0034
v -0.002517 -0.031526 -0.0057
v -0.002558 -0.031518 -0.0034
v -0.002598 -0.031507 -0.0034
v -0.00257 -0.031515 -0.0057
v -0.002558 -0.031518 -0.0057
v -0.002606 -0.031504 -0.0034
v -0.002598 -0.031507 -0.0057
v -0.002594 -0.031507 -0.0057
v -0.002646 -0.031488 -0.0057
v -0.002645 -0.031489 -0.0057
v -0.002645 -0.031489 -0.0034
v -0.002611 -0.031502 -0.0057
v -0.002606 -0.031504 -0.0057
v -0.002682 -0.03147 -0.0034
v -0.002678 -0.031472 -0.0057
v -0.002651 -0.031486 -0.0057
v -0.002682 -0.03147 -0.0057
v -0.002782 -0.031397 -0.0057
v -0.002753 -0.031422 -0.0057
v -0.002751 -0.031425 -0.0034
v -0.002751 -0.031425 -0.0057
v -0.00275 -0.031425 -0.0057
v -0.002782 -0.031398 -0.0057
v -0.002782 -0.031398 -0.0034
v -0.002799 -0.03138 -0.0057
v -0.002811 -0.031368 -0.0034
v -0.002811 -0.031368 -0.0057
v -0.002841 -0.031331 -0.0057
v -0.002839 -0.031334 -0.0057
v -0.002838 -0.031336 -0.0034
v -0.002838 -0.031336 -0.0057
v -0.002812 -0.031367 -0.0057
v -0.002859 -0.031305 -0.0057
v -0.002862 -0.031302 -0.0034
v -0.002862 -0.031302 -0.0057
v -0.002885 -0.031261 -0.0057
v -0.002882 -0.031266 -0.0057
v -0.002882 -0.031266 -0.0034
v -0.002875 -0.031278 -0.0057
v -0.002864 -0.031298 -0.0057
v -0.00289 -0.031251 -0.0057
v -0.002901 -0.031227 -0.0034
v -0.002901 -0.031227 -0.0057
v -0.00411 -0.029999 -0.0034
v 0.001957 -0.028244 -0.0057
v 0.001968 -0.028258 -0.0057
v 0.001957 -0.028244 -0.0034
v 0.001973 -0.028264 -0.0034
v 0.001973 -0.028264 -0.0057
v 0.001979 -0.028273 -0.0057
v 0.001988 -0.028286 -0.0034
v 0.001988 -0.028286 -0.0057
v 0.001999 -0.028305 -0.0057
v 0.002001 -0.028308 -0.0034
v 0.002001 -0.028308 -0.0057
v 0.002012 -0.028332 -0.0034
v 0.002012 -0.028332 -0.0057
v 0.002015 -0.028339 -0.0057
v 0.00202 -0.028357 -0.0034
v 0.00202 -0.028357 -0.0057
v 0.002026 -0.028376 -0.0057
v 0.002027 -0.028382 -0.0034
v 0.002027 -0.028382 -0.0057
v 0.002031 -0.028407 -0.0034
v 0.002031 -0.028407 -0.0057
v 0.002032 -0.028413 -0.0057
v 0.002033 -0.028433 -0.0034
v 0.002033 -0.028433 -0.0057
v 0.002034 -0.028449 -0.0057
v 0.002033 -0.028459 -0.0034
v 0.002033 -0.028459 -0.0057
v 0.002033 -0.028467 -0.0057
v 0.002031 -0.028485 -0.0034
v 0.002031 -0.028485 -0.0057
v 0.002028 -0.028503 -0.0057
v 0.002026 -0.028511 -0.0034
v 0.002026 -0.028511 -0.0057
v 0.00202 -0.028536 -0.0034
v 0.00202 -0.028536 -0.0057
v 0.002019 -0.028539 -0.0057
v 0.002011 -0.02856 -0.0034
v 0.002011 -0.02856 -0.0057
v 0.002004 -0.028574 -0.0057
v 0.002 -0.028584 -0.0034
v 0.002 -0.028584 -0.0057
v 0.001987 -0.028606 -0.0034
v 0.001987 -0.028606 -0.0057
v 0.001986 -0.028607 -0.0057
v 0.001972 -0.028627 -0.0034
v 0.001972 -0.028627 -0.0057
v 0.001963 -0.028638 -0.0057
v 0.001955 -0.028647 -0.0034
v 0.001955 -0.028647 -0.0057
v 0.001951 -0.028652 -0.0057
v 0.001937 -0.028666 -0.0034
v 0.001937 -0.028666 -0.0057
v 0.001924 -0.028676 -0.0057
v 0.001917 -0.028682 -0.0034
v 0.001895 -0.028697 -0.0057
v 0.001895 -0.028697 -0.0034
v 0.001911 -0.028687 -0.0057
v 0.001917 -0.028682 -0.0057
v 0.001836 -0.028118 -0.0034
v 0.001836 -0.028118 -0.0057
v 0.001923 -0.028208 -0.0057
v 0.001795 -0.028076 -0.0057
v 0.001777 -0.028055 -0.0034
v 0.001777 -0.028055 -0.0057
v 0.001726 -0.027991 -0.0034
v 0.001726 -0.027991 -0.0057
v 0.00168 -0.027922 -0.0034
v 0.00168 -0.027922 -0.0057
v 0.00164 -0.027849 -0.0034
v 0.00164 -0.027849 -0.0057
v 0.001606 -0.027773 -0.0034
v 0.001606 -0.027773 -0.0057
v 0.001578 -0.027695 -0.0034
v 0.001578 -0.027695 -0.0057
v 0.001557 -0.027615 -0.0034
v 0.001557 -0.027615 -0.0057
v 0.001543 -0.027533 -0.0034
v 0.001543 -0.027533 -0.0057
v 0.001536 -0.027451 -0.0034
v 0.001536 -0.027451 -0.0057
v 0.001535 -0.027368 -0.0034
v 0.001535 -0.027368 -0.0057
v 0.001542 -0.027285 -0.0034
v 0.001542 -0.027285 -0.0057
v 0.001555 -0.027203 -0.0034
v 0.001555 -0.027203 -0.0057
v 0.001555 -0.0272 -0.0034
v 0.001555 -0.0272 -0.0057
v 0.001575 -0.02712 -0.0034
v 0.001575 -0.02712 -0.0057
v 0.001602 -0.027042 -0.0034
v 0.001602 -0.027042 -0.0057
v 0.001635 -0.026966 -0.0034
v 0.001635 -0.026966 -0.0057
v 0.001675 -0.026892 -0.0034
v 0.001675 -0.026892 -0.0057
v 0.00172 -0.026823 -0.0034
v 0.00172 -0.026823 -0.0057
v 0.001771 -0.026758 -0.0034
v 0.001771 -0.026758 -0.0057
v 0.001827 -0.026697 -0.0034
v 0.001827 -0.026697 -0.0057
v 0.001888 -0.02664 -0.0034
v 0.001888 -0.02664 -0.0057
v 0.001953 -0.026589 -0.0034
v 0.001953 -0.026589 -0.0057
v 0.002022 -0.026544 -0.0034
v 0.002022 -0.026544 -0.0057
v 0.002095 -0.026505 -0.0034
v 0.002095 -0.026505 -0.0057
v 0.002144 -0.026482 -0.0057
v 0.002175 -0.02647 -0.0034
v 0.002175 -0.02647 -0.0057
v 0.00258 -0.028192 -0.0057
v 0.00258 -0.028192 -0.0034
v 0.002594 -0.028214 -0.0057
v 0.002601 -0.028225 -0.0034
v 0.002601 -0.028225 -0.0057
v 0.00262 -0.028262 -0.0034
v 0.00262 -0.028262 -0.0057
v 0.002624 -0.028269 -0.0057
v 0.002637 -0.0283 -0.0034
v 0.002637 -0.0283 -0.0057
v 0.002647 -0.028329 -0.0057
v 0.00265 -0.028339 -0.0034
v 0.00265 -0.028339 -0.0057
v 0.002655 -0.02836 -0.0057
v 0.00266 -0.028379 -0.0034
v 0.00266 -0.028379 -0.0057
v 0.002667 -0.02842 -0.0034
v 0.002667 -0.02842 -0.0057
v 0.002667 -0.028421 -0.0057
v 0.00267 -0.028461 -0.0034
v 0.00267 -0.028461 -0.0057
v 0.00267 -0.028482 -0.0057
v 0.00267 -0.028503 -0.0034
v 0.00267 -0.028503 -0.0057
v 0.002666 -0.028541 -0.0057
v 0.002666 -0.028544 -0.0034
v 0.002666 -0.028544 -0.0057
v 0.002662 -0.028571 -0.0057
v 0.002659 -0.028585 -0.0034
v 0.002659 -0.028585 -0.0057
v 0.002657 -0.028594 -0.0034
v 0.002657 -0.028594 -0.0057
v 0.002646 -0.028634 -0.0034
v 0.002646 -0.028634 -0.0057
v 0.002631 -0.028673 -0.0034
v 0.002631 -0.028673 -0.0057
v 0.002614 -0.028711 -0.0034
v 0.002614 -0.028711 -0.0057
v 0.002593 -0.028747 -0.0034
v 0.002593 -0.028747 -0.0057
v 0.002569 -0.028781 -0.0034
v 0.002569 -0.028781 -0.0057
v 0.002543 -0.028813 -0.0034
v 0.002543 -0.028813 -0.0057
v 0.002514 -0.028842 -0.0034
v 0.002514 -0.028842 -0.0057
v 0.002483 -0.02887 -0.0034
v 0.002483 -0.02887 -0.0057
v 0.002463 -0.028885 -0.0057
v 0.00245 -0.028894 -0.0034
v 0.00245 -0.028894 -0.0057
v 0.002439 -0.028901 -0.0057
v 0.002412 -0.028917 -0.0034
v 0.002412 -0.028917 -0.0057
v 0.00211 -0.029084 -0.0034
v 0.00211 -0.029084 -0.0057
v 0.002607 -0.028232 -0.0034
v 0.002593 -0.028212 -0.004546
v -0.001873 -0.031335 -0.0034
v -0.001868 -0.031341 -0.0034
v -0.00186 -0.031353 -0.002775
v 0.001992 -0.02885 -0.0034
v 0.001884 -0.028681 0.0014
v 0.002126 -0.029122 -0.0034
v 0.002161 -0.029213 -0.00215
v 0.002139 -0.029155 -0.00215
v 0.002085 -0.029028 0.0014
v 0.001992 -0.02885 0.0014
v 0.002085 -0.029028 -0.0034
v 0.002136 -0.029148 -0.002473
v 0.002128 -0.029128 -0.0034
v -0.001762 -0.031478 0.0014
v -0.001626 -0.031626 -0.00215
v -0.001626 -0.031626 0.0014
v -0.001478 -0.031762 -0.00215
v -0.001478 -0.031762 0.0014
v -0.001319 -0.031884 -0.00215
v -0.001319 -0.031884 0.0014
v -0.00115 -0.031992 -0.00215
v -0.00115 -0.031992 0.0014
v -0.000972 -0.032085 -0.00215
v -0.000972 -0.032085 0.0014
v -0.000787 -0.032161 -0.00215
v -0.000787 -0.032161 0.0014
v -0.000595 -0.032222 -0.00215
v -0.000595 -0.032222 0.0014
v -0.000399 -0.032265 -0.00215
v -0.000399 -0.032265 0.0014
v -0.0002 -0.032291 -0.00215
v -0.0002 -0.032291 0.0014
v -0.0 -0.0323 -0.00215
v -0.0 -0.0323 0.0014
v 0.0002 -0.032291 -0.00215
v 0.0002 -0.032291 0.0014
v 0.000399 -0.032265 -0.00215
v 0.000399 -0.032265 0.0014
v 0.000595 -0.032222 -0.00215
v 0.000595 -0.032222 0.0014
v 0.000787 -0.032161 -0.00215
v 0.000787 -0.032161 0.0014
v 0.000972 -0.032085 -0.00215
v 0.000972 -0.032085 0.0014
v 0.00115 -0.031992 -0.00215
v 0.00115 -0.031992 0.0014
v 0.001319 -0.031884 -0.00215
v 0.001319 -0.031884 0.0014
v 0.001478 -0.031762 -0.00215
v 0.001478 -0.031762 0.0014
v 0.001626 -0.031626 -0.00215
v 0.001626 -0.031626 0.0014
v 0.001762 -0.031478 -0.00215
v 0.001762 -0.031478 0.0014
v 0.001884 -0.031319 -0.00215
v 0.001884 -0.031319 0.0014
v 0.001992 -0.03115 -0.00215
v 0.001992 -0.03115 0.0014
v 0.002085 -0.030972 -0.00215
v 0.002085 -0.030972 0.0014
v 0.002161 -0.030787 -0.00215
v 0.002161 -0.030787 0.0014
v 0.002222 -0.030595 -0.00215
v 0.002222 -0.030595 0.0014
v 0.002265 -0.030399 -0.00215
v 0.002265 -0.030399 0.0014
v 0.002291 -0.0302 -0.00215
v 0.002291 -0.0302 0.0014
v 0.0023 -0.03 -0.00215
v 0.0023 -0.03 0.0014
v 0.002291 -0.0298 -0.00215
v 0.002291 -0.0298 0.0014
v 0.002265 -0.029601 -0.00215
v 0.002265 -0.029601 0.0014
v 0.002222 -0.029405 -0.00215
v 0.002222 -0.029405 0.0014
v 0.002161 -0.029213 0.0014
v -0.001884 -0.031319 0.0014
v -0.001852 -0.031364 -0.00215
v -0.001762 -0.031478 -0.00215
v -0.001992 -0.03115 -0.0034
v -0.001884 -0.031319 -0.004523
v -0.001992 -0.03115 0.0014
v -0.002085 -0.030972 0.0014
v -0.002085 -0.030972 -0.0034
v -0.002117 -0.030899 -0.004781
v -0.002124 -0.030882 -0.003925
v -0.002161 -0.030787 -0.00215
v -0.002139 -0.030845 -0.00215
v -0.002132 -0.030863 -0.002993
v -0.002124 -0.030882 -0.003897
v 0.001762 -0.028522 0.0014
v 0.001626 -0.028374 -0.00215
v 0.001626 -0.028374 0.0014
v 0.001478 -0.028238 -0.00215
v 0.001478 -0.028238 0.0014
v 0.001319 -0.028116 -0.00215
v 0.001319 -0.028116 0.0014
v 0.00115 -0.028008 -0.00215
v 0.00115 -0.028008 0.0014
v 0.000972 -0.027915 -0.00215
v 0.000972 -0.027915 0.0014
v 0.000787 -0.027839 -0.00215
v 0.000787 -0.027839 0.0014
v 0.000595 -0.027778 -0.00215
v 0.000595 -0.027778 0.0014
v 0.000399 -0.027735 -0.00215
v 0.000399 -0.027735 0.0014
v 0.0002 -0.027709 -0.00215
v 0.0002 -0.027709 0.0014
v 0.0 -0.0277 -0.00215
v 0.0 -0.0277 0.0014
v -0.0002 -0.027709 -0.00215
v -0.0002 -0.027709 0.0014
v -0.000399 -0.027735 -0.00215
v -0.000399 -0.027735 0.0014
v -0.000595 -0.027778 -0.00215
v -0.000595 -0.027778 0.0014
v -0.000787 -0.027839 -0.00215
v -0.000787 -0.027839 0.0014
v -0.000972 -0.027915 -0.00215
v -0.000972 -0.027915 0.0014
v -0.00115 -0.028008 -0.00215
v -0.00115 -0.028008 0.0014
v -0.001319 -0.028116 -0.00215
v -0.001319 -0.028116 0.0014
v -0.001478 -0.028238 -0.00215
v -0.001478 -0.028238 0.0014
v -0.001626 -0.028374 -0.00215
v -0.001626 -0.028374 0.0014
v -0.001762 -0.028522 -0.00215
v -0.001762 -0.028522 0.0014
v -0.001884 -0.028681 -0.00215
v -0.001884 -0.028681 0.0014
v -0.001992 -0.02885 -0.00215
v -0.001992 -0.02885 0.0014
v -0.002085 -0.029028 -0.00215
v -0.002085 -0.029028 0.0014
v -0.002161 -0.029213 -0.00215
v -0.002161 -0.029213 0.0014
v -0.002222 -0.029405 -0.00215
v -0.002222 -0.029405 0.0014
v -0.002265 -0.029601 -0.00215
v -0.002265 -0.029601 0.0014
v -0.002291 -0.0298 -0.00215
v -0.002291 -0.0298 0.0014
v -0.0023 -0.03 -0.00215
v -0.0023 -0.03 0.0014
v -0.002291 -0.0302 -0.00215
v -0.002291 -0.0302 0.0014
v -0.002265 -0.030399 -0.00215
v -0.002265 -0.030399 0.0014
v -0.002222 -0.030595 -0.00215
v -0.002222 -0.030595 0.0014
v -0.002161 -0.030787 0.0014
v 0.001885 -0.028683 -0.004781
v 0.001885 -0.028682 -0.004761
v 0.001875 -0.028668 -0.003925
v 0.001875 -0.028667 -0.003897
v 0.001863 -0.028651 -0.002993
v 0.001851 -0.028636 -0.00215
v 0.001762 -0.028522 -0.00215
v -0.002489 -0.030629 -0.00215
v -0.00249 -0.030624 -0.00215
v -0.002509 -0.030676 -0.003927
v -0.002485 -0.030814 -0.0057
v -0.002476 -0.030826 -0.0057
v -0.002459 -0.030776 -0.003925
v -0.002127 -0.030922 -0.0057
v -0.002197 -0.030896 -0.003924
v -0.002197 -0.030941 -0.0057
v -0.002178 -0.030895 -0.003925
v -0.00216 -0.030892 -0.003925
v -0.00216 -0.030933 -0.0057
v -0.002142 -0.030887 -0.003925
v -0.002143 -0.030928 -0.0057
v -0.002234 -0.030943 -0.0057
v -0.002229 -0.030943 -0.0057
v -0.002279 -0.030941 -0.0057
v -0.002272 -0.030941 -0.0057
v -0.002255 -0.030895 -0.003924
v -0.002254 -0.030943 -0.0057
v -0.002236 -0.030897 -0.003924
v -0.002216 -0.030897 -0.003924
v -0.002292 -0.030888 -0.003923
v -0.002304 -0.030936 -0.0057
v -0.002291 -0.030939 -0.0057
v -0.002327 -0.03093 -0.0057
v -0.002311 -0.030883 -0.003923
v -0.002328 -0.03093 -0.0057
v -0.002328 -0.030877 -0.003923
v -0.002349 -0.030923 -0.0057
v -0.002345 -0.03087 -0.003923
v -0.002361 -0.030917 -0.0057
v -0.002371 -0.030913 -0.0057
v -0.002362 -0.030862 -0.003923
v -0.002378 -0.030909 -0.0057
v -0.002377 -0.030853 -0.003923
v -0.002393 -0.030901 -0.0057
v -0.002469 -0.030834 -0.0057
v -0.002464 -0.030841 -0.0057
v -0.002447 -0.030792 -0.003924
v -0.002452 -0.030854 -0.0057
v -0.002434 -0.030806 -0.003924
v -0.002438 -0.030868 -0.0057
v -0.002421 -0.030819 -0.003924
v -0.002434 -0.030871 -0.0057
v -0.002407 -0.030831 -0.003924
v -0.002414 -0.030887 -0.0057
v -0.002409 -0.030891 -0.0057
v -0.00247 -0.030761 -0.003925
v -0.002487 -0.03081 -0.0057
v -0.00248 -0.030744 -0.003925
v -0.002489 -0.030727 -0.003925
v -0.002507 -0.030778 -0.0057
v -0.002497 -0.03071 -0.003926
v -0.002503 -0.030693 -0.003926
v -0.002521 -0.030744 -0.0057
v -0.002485 -0.030642 -0.00215
v -0.002472 -0.030676 -0.00215
v -0.002474 -0.030671 -0.00215
v -0.002479 -0.030659 -0.00215
v -0.002482 -0.03065 -0.00215
v -0.002463 -0.030694 -0.00215
v -0.002448 -0.030717 -0.00215
v -0.002461 -0.030697 -0.00215
v -0.00243 -0.030742 -0.00215
v -0.002434 -0.030737 -0.00215
v -0.002442 -0.030727 -0.00215
v -0.002418 -0.030755 -0.00215
v -0.002403 -0.03077 -0.00215
v -0.002392 -0.030843 -0.003924
v -0.002389 -0.030783 -0.00215
v -0.002399 -0.030774 -0.00215
v -0.00236 -0.030805 -0.00215
v -0.002361 -0.030804 -0.00215
v -0.002381 -0.03079 -0.00215
v -0.00234 -0.030816 -0.00215
v -0.002329 -0.030822 -0.00215
v -0.002309 -0.03083 -0.00215
v -0.002293 -0.030836 -0.00215
v -0.002274 -0.030892 -0.003924
v -0.002265 -0.030844 -0.00215
v -0.002288 -0.030838 -0.00215
v -0.002237 -0.030848 -0.00215
v -0.002242 -0.030848 -0.00215
v -0.002256 -0.030846 -0.00215
v -0.002212 -0.03085 -0.00215
v -0.002164 -0.030849 -0.00215
v -0.002178 -0.03085 -0.00215
v -0.002188 -0.030851 -0.00215
v -0.002198 -0.030851 -0.00215
v 0.001372 -0.02783 -0.00215
v 0.001553 -0.027956 -0.00215
v 0.001722 -0.028096 -0.00215
v 0.001851 -0.028221 -0.00215
v 0.001863 -0.028234 -0.00215
v 0.001912 -0.028316 -0.00215
v 0.001907 -0.028305 -0.00215
v 0.001893 -0.028278 -0.00215
v 0.001885 -0.028265 -0.00215
v 0.001924 -0.028351 -0.00215
v 0.001919 -0.028334 -0.00215
v 0.001916 -0.028328 -0.00215
v 0.001904 -0.028299 -0.00215
v 0.001895 -0.028281 -0.00215
v 0.001854 -0.028632 -0.00215
v 0.001865 -0.02862 -0.00215
v 0.001933 -0.028402 -0.00215
v 0.001932 -0.028398 -0.00215
v 0.001929 -0.028374 -0.00215
v 0.001928 -0.028372 -0.00215
v 0.00187 -0.028614 -0.00215
v 0.001877 -0.028605 -0.00215
v 0.001884 -0.028594 -0.00215
v 0.001182 -0.027721 -0.00215
v 0.000983 -0.027628 -0.00215
v 0.000776 -0.027553 -0.00215
v 0.000564 -0.027496 -0.00215
v 0.000348 -0.027457 -0.00215
v 0.00013 -0.027436 -0.00215
v -9e-05 -0.027434 -0.00215
v -0.000309 -0.027452 -0.00215
v -0.000526 -0.027487 -0.00215
v -0.000738 -0.027541 -0.00215
v -0.000946 -0.027613 -0.00215
v -0.001146 -0.027703 -0.00215
v -0.001338 -0.027809 -0.00215
v -0.001521 -0.027932 -0.00215
v -0.001692 -0.028069 -0.00215
v -0.001851 -0.028221 -0.00215
v -0.001996 -0.028386 -0.00215
v -0.002127 -0.028562 -0.00215
v -0.002242 -0.028749 -0.00215
v -0.00234 -0.028945 -0.00215
v -0.002422 -0.029149 -0.00215
v -0.002486 -0.029359 -0.00215
v -0.002532 -0.029574 -0.00215
v -0.002559 -0.029792 -0.00215
v -0.002567 -0.030012 -0.00215
v -0.002557 -0.030231 -0.00215
v -0.002528 -0.030449 -0.00215
v 0.001881 -0.028258 -0.00215
v 0.001866 -0.028239 -0.00215
v 0.001934 -0.028445 -0.00215
v 0.001934 -0.028425 -0.00215
v 0.001933 -0.028409 -0.00215
v 0.001888 -0.028589 -0.00215
v 0.001897 -0.028573 -0.00215
v 0.001908 -0.028551 -0.00215
v 0.001914 -0.028537 -0.00215
v 0.001917 -0.028529 -0.00215
v 0.00192 -0.028519 -0.00215
v 0.00193 -0.028482 -0.00215
v 0.001931 -0.028471 -0.00215
v 0.001934 -0.028448 -0.00215
v 0.001924 -0.028506 -0.00215
v 0.001927 -0.028493 -0.00215
v -0.001934 -0.031426 -0.0034
v -0.001918 -0.031431 -0.002774
v -0.001909 -0.031415 -0.002774
v -0.001899 -0.031759 -0.0034
v -0.001888 -0.031771 -0.0034
v -0.001881 -0.031763 -0.002776
v -0.001851 -0.031779 -0.00215
v -0.001909 -0.031452 -0.00215
v -0.001905 -0.031442 -0.00215
v -0.001934 -0.031577 -0.00215
v -0.001934 -0.031576 -0.00215
v -0.001952 -0.031556 -0.002773
v -0.001949 -0.031609 -0.002774
v -0.001933 -0.031601 -0.00215
v -0.001951 -0.031591 -0.002774
v -0.001952 -0.031573 -0.002773
v -0.001936 -0.031664 -0.002774
v -0.001923 -0.031651 -0.00215
v -0.001941 -0.031646 -0.002774
v -0.001928 -0.031632 -0.00215
v -0.001946 -0.031628 -0.002774
v -0.001929 -0.031626 -0.00215
v -0.001931 -0.031613 -0.00215
v -0.001892 -0.031748 -0.002776
v -0.001881 -0.031741 -0.00215
v -0.001903 -0.031733 -0.002776
v -0.001894 -0.031721 -0.00215
v -0.001913 -0.031717 -0.002775
v -0.001906 -0.031698 -0.00215
v -0.001921 -0.0317 -0.002775
v -0.001911 -0.031686 -0.00215
v -0.001929 -0.031682 -0.002775
v -0.001915 -0.031675 -0.00215
v -0.001918 -0.031668 -0.00215
v -0.001862 -0.031767 -0.00215
v -0.001867 -0.03176 -0.00215
v -0.001873 -0.031752 -0.00215
v -0.001905 -0.031752 -0.0034
v -0.001911 -0.031744 -0.0034
v -0.001919 -0.031733 -0.0034
v -0.001931 -0.031712 -0.0034
v -0.00194 -0.031696 -0.0034
v -0.001942 -0.03169 -0.0034
v -0.001947 -0.031678 -0.0034
v -0.001952 -0.031666 -0.0034
v -0.001959 -0.031642 -0.0034
v -0.00196 -0.031642 -0.0034
v -0.001965 -0.031617 -0.0034
v -0.001967 -0.031605 -0.0034
v -0.001968 -0.031592 -0.0034
v -0.00197 -0.03157 -0.0034
v -0.00197 -0.031567 -0.0034
v -0.001969 -0.031543 -0.0034
v -0.001951 -0.03154 -0.002773
v -0.001968 -0.031536 -0.0034
v -0.001948 -0.031522 -0.002773
v -0.001966 -0.03152 -0.0034
v -0.001945 -0.031503 -0.002773
v -0.001961 -0.031496 -0.0034
v -0.00194 -0.031485 -0.002773
v -0.001957 -0.031481 -0.0034
v -0.001954 -0.031472 -0.0034
v -0.001934 -0.031467 -0.002774
v -0.001951 -0.031463 -0.0034
v -0.001927 -0.031449 -0.002774
v -0.001945 -0.031449 -0.0034
v -0.001934 -0.03156 -0.00215
v -0.001932 -0.031536 -0.00215
v -0.001931 -0.031525 -0.00215
v -0.001928 -0.031513 -0.00215
v -0.001923 -0.031489 -0.00215
v -0.001915 -0.031465 -0.00215
v -0.001874 -0.031346 -0.0034
v -0.001882 -0.031354 -0.0034
v -0.001865 -0.031357 -0.002775
v -0.001891 -0.031363 -0.0034
v -0.001877 -0.03137 -0.002775
v -0.001907 -0.031383 -0.0034
v -0.001888 -0.031384 -0.002774
v -0.001916 -0.031396 -0.0034
v -0.001899 -0.031399 -0.002774
v -0.001922 -0.031403 -0.0034
v -0.001927 -0.031412 -0.0034
v -0.001864 -0.031378 -0.00215
v -0.001871 -0.031387 -0.00215
v -0.001879 -0.031398 -0.00215
v -0.001893 -0.031419 -0.00215
v -0.001901 -0.031435 -0.00215
v -0.002182 -0.031507 -0.0034
v -0.003803 -0.029841 -0.0034
v -0.003725 -0.029819 -0.0034
v -0.003686 -0.028087 -0.0034
v 0.002686 -0.028429 -0.0034
v 0.002689 -0.028453 -0.0034
v 0.009063 -0.029712 -0.0034
v 0.002693 -0.028493 -0.0034
v 0.002693 -0.02852 -0.0034
v -0.002545 -0.030496 -0.0034
v -0.002525 -0.030571 -0.0034
v -0.002549 -0.030452 -0.0034
v -0.001534 -0.027914 -0.0034
v -0.001888 -0.026842 -0.0034
v -0.001706 -0.028053 -0.0034
v -0.002814 -0.027426 -0.0034
v -0.001866 -0.028206 -0.0034
v -0.000311 -0.02743 -0.0034
v -9.1e-05 -0.027413 -0.0034
v 9.6e-05 -0.025921 -0.0034
v 0.002626 -0.028262 -0.0034
v 0.005686 -0.026261 -0.0034
v 0.002636 -0.028281 -0.0034
v -0.002553 -0.029571 -0.0034
v -0.002507 -0.029354 -0.0034
v -0.002443 -0.029142 -0.0034
v -0.00236 -0.028936 -0.0034
v -0.002261 -0.028739 -0.0034
v -0.002145 -0.02855 -0.0034
v -0.002013 -0.028372 -0.0034
v 0.011091 -0.033449 -0.0034
v 0.011109 -0.033295 -0.0034
v 0.010988 -0.033311 -0.0034
v 0.0092 -0.029841 -0.0034
v 0.009966 -0.030843 -0.0034
v -0.003921 -0.029885 -0.0034
v -0.003887 -0.029871 -0.0034
v -0.003844 -0.029854 -0.0034
v 0.002644 -0.028296 -0.0034
v 0.00265 -0.028309 -0.0034
v 0.002659 -0.028332 -0.0034
v 0.002672 -0.02837 -0.0034
v 0.00268 -0.028399 -0.0034
v 0.002683 -0.028413 -0.0034
v 0.010866 -0.033316 -0.0034
v 0.010744 -0.033311 -0.0034
v 0.008452 -0.03394 -0.0034
v 0.010623 -0.033295 -0.0034
v 0.010503 -0.033268 -0.0034
v 0.010387 -0.033231 -0.0034
v 0.010274 -0.033185 -0.0034
v 0.009348 -0.029958 -0.0034
v -0.00053 -0.027466 -0.0034
v -0.000916 -0.026339 -0.0034
v -0.000745 -0.02752 -0.0034
v 0.000131 -0.027414 -0.0034
v 0.000351 -0.027435 -0.0034
v 0.001671 -0.025348 -0.0034
v 0.010166 -0.033128 -0.0034
v 0.010063 -0.033063 -0.0034
v 0.009966 -0.032988 -0.0034
v 0.009653 -0.032616 -0.0034
v 0.009597 -0.032508 -0.0034
v 0.008749 -0.032882 -0.0034
v 0.002559 -0.028852 -0.0034
v 0.002531 -0.02888 -0.0034
v 0.00955 -0.031437 -0.0034
v 0.009653 -0.031216 -0.0034
v 0.009719 -0.031113 -0.0034
v 0.009793 -0.031016 -0.0034
v 0.009876 -0.030926 -0.0034
v -0.004094 -0.029987 -0.0034
v -0.00406 -0.029963 -0.0034
v -0.004032 -0.029945 -0.0034
v -0.003992 -0.029921 -0.0034
v -0.003966 -0.029908 -0.0034
v -0.00286 -0.030024 -0.0034
v -0.002803 -0.030076 -0.0034
v -0.002589 -0.030012 -0.0034
v 0.001569 -0.0278 -0.0034
v 0.001542 -0.027726 -0.0034
v 0.001384 -0.027812 -0.0034
v 0.001682 -0.028002 -0.0034
v 0.001653 -0.027961 -0.0034
v 0.001566 -0.027938 -0.0034
v 0.00546 -0.026048 -0.0034
v 0.005217 -0.025854 -0.0034
v 0.004959 -0.025681 -0.0034
v 0.011228 -0.033268 -0.0034
v 0.01122 -0.033425 -0.0034
v 0.011345 -0.033231 -0.0034
v 0.011347 -0.033389 -0.0034
v 0.011457 -0.033185 -0.0034
v 0.01147 -0.033343 -0.0034
v 0.011566 -0.033128 -0.0034
v 0.011589 -0.033287 -0.0034
v 0.011669 -0.033063 -0.0034
v 0.009487 -0.032159 -0.0034
v 0.00848 -0.032341 -0.0034
v 0.008543 -0.03242 -0.0034
v 0.009466 -0.031916 -0.0034
v 0.009471 -0.031794 -0.0034
v 0.002268 -0.031249 -0.0034
v -0.00935 -0.033431 -0.0034
v -0.011909 -0.036368 -0.0034
v -0.002647 -0.030271 -0.0034
v -0.002639 -0.030285 -0.0034
v -0.002578 -0.030233 -0.0034
v -0.002606 -0.030345 -0.0034
v -0.002798 -0.03008 -0.0034
v -0.002746 -0.030136 -0.0034
v -0.002694 -0.030201 -0.0034
v -0.003146 -0.029857 -0.0034
v -0.003074 -0.029888 -0.0034
v -0.00258 -0.02979 -0.0034
v -0.00135 -0.027791 -0.0034
v -0.001156 -0.027684 -0.0034
v -0.000954 -0.027593 -0.0034
v 0.004688 -0.025529 -0.0034
v 0.004405 -0.0254 -0.0034
v 0.004113 -0.025295 -0.0034
v 0.003813 -0.025214 -0.0034
v 0.003507 -0.025157 -0.0034
v 0.003198 -0.025126 -0.0034
v 0.008765 -0.032982 -0.0034
v 0.008773 -0.033083 -0.0034
v 0.009719 -0.032719 -0.0034
v 0.008773 -0.033185 -0.0034
v 0.009513 -0.032278 -0.0034
v 0.008409 -0.032267 -0.0034
v 0.009471 -0.032038 -0.0034
v 0.008333 -0.0322 -0.0034
v 0.002151 -0.03144 -0.0034
v 0.002019 -0.031621 -0.0034
v 0.001872 -0.031789 -0.0034
v -0.002599 -0.030359 -0.0034
v -0.002573 -0.030419 -0.0034
v -0.002566 -0.030436 -0.0034
v -0.003 -0.029927 -0.0034
v -0.00293 -0.029971 -0.0034
v -0.002864 -0.030021 -0.0034
v 0.001923 -0.026599 -0.0034
v 0.00199 -0.026556 -0.0034
v 0.002577 -0.025139 -0.0034
v 0.011703 -0.033221 -0.0034
v 0.01181 -0.033145 -0.0034
v 0.011766 -0.032988 -0.0034
v 0.011911 -0.03306 -0.0034
v 0.011856 -0.032906 -0.0034
v 0.012004 -0.032967 -0.0034
v 0.011938 -0.032816 -0.0034
v 0.01209 -0.032867 -0.0034
v 0.012013 -0.032719 -0.0034
v 0.012166 -0.03276 -0.0034
v 0.012078 -0.032616 -0.0034
v 0.012233 -0.032647 -0.0034
v 0.012135 -0.032508 -0.0034
v 0.01229 -0.032528 -0.0034
v 0.012181 -0.032395 -0.0034
v 0.012337 -0.032405 -0.0034
v 0.012218 -0.032278 -0.0034
v 0.012373 -0.032278 -0.0034
v 0.012244 -0.032159 -0.0034
v 0.012398 -0.032149 -0.0034
v 0.01226 -0.032038 -0.0034
v 0.012412 -0.032018 -0.0034
v 0.012266 -0.031916 -0.0034
v 0.012415 -0.031887 -0.0034
v 0.01226 -0.031794 -0.0034
v 0.012407 -0.031756 -0.0034
v 0.012244 -0.031673 -0.0034
v 0.012388 -0.031625 -0.0034
v 0.012218 -0.031554 -0.0034
v 0.012358 -0.031497 -0.0034
v 0.012181 -0.031437 -0.0034
v 0.012317 -0.031372 -0.0034
v 0.012135 -0.031324 -0.0034
v 0.012266 -0.031251 -0.0034
v 0.012078 -0.031216 -0.0034
v 0.012204 -0.031135 -0.0034
v 0.012013 -0.031113 -0.0034
v 0.012133 -0.031024 -0.0034
v 0.011938 -0.031016 -0.0034
v 0.012053 -0.03092 -0.0034
v 0.011856 -0.030926 -0.0034
v 0.011964 -0.030822 -0.0034
v 0.011766 -0.030843 -0.0034
v 0.011868 -0.030733 -0.0034
v 0.011669 -0.030769 -0.0034
v 0.011764 -0.030652 -0.0034
v 0.011566 -0.030703 -0.0034
v 0.011653 -0.030581 -0.0034
v 0.011457 -0.030647 -0.0034
v 0.011537 -0.030519 -0.0034
v 0.011345 -0.0306 -0.0034
v 0.011416 -0.030467 -0.0034
v 0.011228 -0.030564 -0.0034
v 0.011291 -0.030425 -0.0034
v 0.011109 -0.030537 -0.0034
v 0.011163 -0.030395 -0.0034
v 0.010988 -0.030521 -0.0034
v 0.011033 -0.030375 -0.0034
v 0.010866 -0.030516 -0.0034
v 0.010902 -0.030366 -0.0034
v 0.010744 -0.030521 -0.0034
v 0.01077 -0.030369 -0.0034
v 0.010623 -0.030537 -0.0034
v 0.010582 -0.030372 -0.0034
v 0.010503 -0.030564 -0.0034
v 0.010394 -0.03036 -0.0034
v 0.010387 -0.0306 -0.0034
v 0.010207 -0.030331 -0.0034
v 0.010274 -0.030647 -0.0034
v 0.010024 -0.030286 -0.0034
v 0.010166 -0.030703 -0.0034
v 0.009845 -0.030226 -0.0034
v 0.010063 -0.030769 -0.0034
v 0.009672 -0.030151 -0.0034
v 0.009506 -0.030061 -0.0034
v 0.008684 -0.033581 -0.0034
v 0.008641 -0.033673 -0.0034
v 0.009793 -0.032816 -0.0034
v 0.00859 -0.033761 -0.0034
v 0.008533 -0.033845 -0.0034
v 0.009876 -0.032906 -0.0034
v 0.008468 -0.033923 -0.0034
v 0.0086 -0.032505 -0.0034
v 0.008649 -0.032594 -0.0034
v 0.00955 -0.032395 -0.0034
v 0.00869 -0.032687 -0.0034
v 0.008724 -0.032783 -0.0034
v 0.00074 -0.032481 -0.0034
v 0.000523 -0.032536 -0.0034
v 0.001742 -0.034953 -0.0034
v 0.000302 -0.032571 -0.0034
v 7.9e-05 -0.032588 -0.0034
v 0.002512 -0.030627 -0.0034
v 0.002449 -0.030841 -0.0034
v 0.002367 -0.031049 -0.0034
v 0.002557 -0.030407 -0.0034
v 0.009487 -0.031673 -0.0034
v 0.002582 -0.030185 -0.0034
v 0.009513 -0.031554 -0.0034
v 0.002589 -0.029962 -0.0034
v -0.006605 -0.030667 -0.0034
v -0.003378 -0.0298 -0.0034
v -0.003303 -0.029812 -0.0034
v -0.00323 -0.029829 -0.0034
v 0.000569 -0.027474 -0.0034
v 0.000783 -0.027532 -0.0034
v 0.001967 -0.025254 -0.0034
v 0.000991 -0.027608 -0.0034
v 0.00227 -0.025184 -0.0034
v 0.001192 -0.027702 -0.0034
v 0.002059 -0.026518 -0.0034
v 0.002132 -0.026486 -0.0034
v 0.002887 -0.02512 -0.0034
v 0.008763 -0.033286 -0.0034
v 0.008745 -0.033387 -0.0034
v 0.008719 -0.033485 -0.0034
v -0.001213 -0.032287 -0.0034
v -0.013981 -0.040483 -0.0034
v -0.001012 -0.032383 -0.0034
v -0.000802 -0.032461 -0.0034
v 0.002164 -0.02912 -0.0034
v 0.002435 -0.02895 -0.0034
v 0.002152 -0.029122 -0.0034
v -0.003638 -0.029803 -0.0034
v -0.00355 -0.029795 -0.0034
v -0.003463 -0.029794 -0.0034
v -0.003382 -0.029799 -0.0034
v 0.001613 -0.027892 -0.0034
v 0.001602 -0.027872 -0.0034
v 0.001587 -0.02784 -0.0034
v 0.001799 -0.028138 -0.0034
v 0.001748 -0.028085 -0.0034
v 0.001736 -0.02808 -0.0034
v 0.001719 -0.028051 -0.0034
v 0.001698 -0.028025 -0.0034
v 0.009597 -0.031324 -0.0034
v 0.002693 -0.028533 -0.0034
v 0.002691 -0.028556 -0.0034
v 0.002689 -0.028579 -0.0034
v 0.002687 -0.028593 -0.0034
v 0.002684 -0.028609 -0.0034
v 0.002644 -0.028727 -0.0034
v 0.002635 -0.028743 -0.0034
v 0.002592 -0.028812 -0.0034
v 0.002574 -0.028835 -0.0034
v 0.002566 -0.028845 -0.0034
v 0.002176 -0.029118 -0.0034
v 0.0022 -0.029116 -0.0034
v 0.002469 -0.028929 -0.0034
v 0.002225 -0.029117 -0.0034
v 0.002238 -0.029117 -0.0034
v 0.002679 -0.028629 -0.0034
v 0.002668 -0.028666 -0.0034
v 0.002655 -0.028703 -0.0034
v 0.002629 -0.028756 -0.0034
v 0.002615 -0.028779 -0.0034
v -0.003224 -0.029831 -0.0034
v -0.003152 -0.029855 -0.0034
v 0.001509 -0.027242 -0.0034
v 0.001517 -0.027205 -0.0034
v 0.001636 -0.026907 -0.0034
v 0.00168 -0.02684 -0.0034
v 0.001746 -0.026757 -0.0034
v 0.001784 -0.026716 -0.0034
v 0.001844 -0.02666 -0.0034
v 0.007783 -0.03195 -0.0034
v 0.007883 -0.031971 -0.0034
v 0.00798 -0.032001 -0.0034
v 0.00171 -0.031944 -0.0034
v 0.001536 -0.032084 -0.0034
v 0.002576 -0.034575 -0.0034
v 0.001351 -0.032209 -0.0034
v 0.002167 -0.034782 -0.0034
v 0.001155 -0.032317 -0.0034
v 0.000951 -0.032408 -0.0034
v -0.000145 -0.032585 -0.0034
v -0.000367 -0.032563 -0.0034
v -0.000587 -0.032522 -0.0034
v -0.014271 -0.039466 -0.0034
v -0.015619 -0.041441 -0.0034
v -0.015455 -0.041303 -0.0034
v -0.015114 -0.041052 -0.0034
v -0.014753 -0.04083 -0.0034
v -0.014374 -0.04064 -0.0034
v -0.001406 -0.032174 -0.0034
v -0.001589 -0.032044 -0.0034
v -0.001759 -0.0319 -0.0034
v 0.002251 -0.029119 -0.0034
v 0.002276 -0.029123 -0.0034
v 0.002294 -0.029127 -0.0034
v 0.002501 -0.029333 -0.0034
v 0.002503 -0.029339 -0.0034
v 0.002544 -0.029517 -0.0034
v 0.002576 -0.029739 -0.0034
v 0.001521 -0.027649 -0.0034
v 0.001511 -0.027604 -0.0034
v 0.001505 -0.027571 -0.0034
v 0.001504 -0.027559 -0.0034
v 0.007087 -0.03204 -0.0034
v 0.007181 -0.032002 -0.0034
v 0.007278 -0.031972 -0.0034
v 0.007378 -0.03195 -0.0034
v 0.008074 -0.032039 -0.0034
v 0.008165 -0.032085 -0.0034
v 0.008252 -0.032139 -0.0034
v 0.002301 -0.029129 -0.0034
v 0.002312 -0.029133 -0.0034
v 0.002325 -0.029138 -0.0034
v 0.001536 -0.027131 -0.0034
v 0.001561 -0.027058 -0.0034
v 0.001578 -0.027017 -0.0034
v 0.00186 -0.026647 -0.0034
v 0.001887 -0.026625 -0.0034
v 0.007479 -0.031937 -0.0034
v 0.007581 -0.031933 -0.0034
v 0.007682 -0.031937 -0.0034
v -0.00273 -0.031465 -0.0034
v -0.00276 -0.03144 -0.0034
v -0.002864 -0.031307 -0.0034
v -0.002871 -0.031294 -0.0034
v 0.002501 -0.028906 -0.0034
v 0.002388 -0.029172 -0.0034
v 0.002407 -0.029187 -0.0034
v 0.002418 -0.029197 -0.0034
v 0.001496 -0.027481 -0.0034
v 0.001494 -0.027402 -0.0034
v 0.001496 -0.027356 -0.0034
v 0.001705 -0.026806 -0.0034
v 0.001729 -0.026776 -0.0034
v 0.006996 -0.032086 -0.0034
v -0.002543 -0.031555 -0.0034
v -0.002581 -0.031544 -0.0034
v -0.002882 -0.031271 -0.0034
v 0.002347 -0.029147 -0.0034
v 0.002347 -0.029148 -0.0034
v 0.002485 -0.028918 -0.0034
v 0.002368 -0.029159 -0.0034
v 0.002376 -0.029164 -0.0034
v 0.002425 -0.029204 -0.0034
v 0.002432 -0.029211 -0.0034
v 0.002442 -0.029222 -0.0034
v 0.002472 -0.029264 -0.0034
v 0.002458 -0.029243 -0.0034
v 0.002456 -0.02924 -0.0034
v 0.002476 -0.029272 -0.0034
v 0.002484 -0.029286 -0.0034
v 0.002492 -0.029306 -0.0034
v 0.001498 -0.027322 -0.0034
v 0.001502 -0.027293 -0.0034
v -0.002412 -0.031568 -0.0034
v -0.002453 -0.031567 -0.0034
v -0.002482 -0.031565 -0.0034
v -0.002789 -0.031412 -0.0034
v -0.002795 -0.031405 -0.0034
v -0.002821 -0.031374 -0.0034
v -0.002844 -0.031341 -0.0034
v -0.002856 -0.031321 -0.0034
v 0.002494 -0.02931 -0.0034
v 0.002499 -0.029324 -0.0034
v 0.001592 -0.026987 -0.0034
v 0.001604 -0.026963 -0.0034
v 0.001629 -0.026918 -0.0034
v -0.002329 -0.031559 -0.0034
v -0.002291 -0.031551 -0.0034
v -0.002494 -0.031564 -0.0034
v -0.002504 -0.031562 -0.0034
v -0.002604 -0.031536 -0.0034
v -0.002618 -0.03153 -0.0034
v -0.002632 -0.031525 -0.0034
v -0.002779 -0.031421 -0.0034
v -0.002654 -0.031514 -0.0034
v -0.002666 -0.031507 -0.0034
v -0.002684 -0.031497 -0.0034
v -0.002699 -0.031487 -0.0034
v -0.002709 -0.031481 -0.0034
v -0.002255 -0.031539 -0.0034
v -0.002354 -0.031563 -0.0034
v -0.002371 -0.031565 -0.0034
v -0.002385 -0.031567 -0.0034
v -0.00222 -0.031525 -0.0034
v -0.002236 -0.031532 -0.0034
v -0.002187 -0.031509 -0.0034
v -0.002209 -0.031521 -0.0034
v -0.015287 -0.045643 -0.0055
v -0.015219 -0.045455 -0.0057
v -0.015287 -0.045643 -0.0057
v -0.015579 -0.045536 -0.0055
v -0.015579 -0.045536 -0.0024
v -0.015736 -0.045472 -0.0024
v -0.015736 -0.045472 -0.0055
v -0.015886 -0.045394 -0.0024
v -0.015886 -0.045394 -0.0055
v -0.016029 -0.045305 -0.0024
v -0.016029 -0.045305 -0.0055
v -0.016164 -0.045203 -0.0024
v -0.016164 -0.045203 -0.0055
v -0.01629 -0.04509 -0.0024
v -0.01629 -0.04509 -0.0055
v -0.016406 -0.044967 -0.0024
v -0.016406 -0.044967 -0.0055
v -0.016512 -0.044835 -0.0024
v -0.016512 -0.044835 -0.0055
v -0.016605 -0.044694 -0.0024
v -0.016605 -0.044694 -0.0055
v -0.016687 -0.044546 -0.0024
v -0.016687 -0.044546 -0.0055
v -0.016756 -0.044392 -0.0024
v -0.016756 -0.044392 -0.0055
v -0.016811 -0.044232 -0.0024
v -0.016811 -0.044232 -0.0055
v -0.016853 -0.044068 -0.0024
v -0.016853 -0.044068 -0.0055
v -0.01688 -0.043902 -0.0024
v -0.01688 -0.043902 -0.0055
v -0.016894 -0.043733 -0.0024
v -0.016894 -0.043733 -0.0055
v -0.016893 -0.043564 -0.0024
v -0.016893 -0.043564 -0.0055
v -0.016878 -0.043396 -0.0024
v -0.016878 -0.043396 -0.0055
v -0.016849 -0.043229 -0.0024
v -0.016849 -0.043229 -0.0055
v -0.016806 -0.043066 -0.0024
v -0.016806 -0.043066 -0.0055
v -0.016749 -0.042906 -0.0024
v -0.016749 -0.042906 -0.0055
v -0.016679 -0.042753 -0.0024
v -0.016679 -0.042753 -0.0055
v -0.016596 -0.042605 -0.0024
v -0.016596 -0.042605 -0.0055
v -0.014434 -0.03935 -0.0055
v -0.016573 -0.042567 -0.0036
v -0.016573 -0.042567 -0.0024
v -0.014434 -0.03935 -0.0036
v -0.012064 -0.036242 -0.0036
v -0.012064 -0.036242 -0.0055
v -0.009496 -0.033295 -0.0036
v -0.009496 -0.033295 -0.0055
v -0.006742 -0.030521 -0.0036
v -0.006742 -0.030521 -0.0055
v -0.003814 -0.027933 -0.0036
v -0.003814 -0.027933 -0.0055
v -0.010894 -0.046814 -0.0024
v -0.010894 -0.046814 -0.0055
v -0.010888 -0.046857 -0.0055
v -0.010888 -0.046857 -0.0024
v -0.010878 -0.046899 -0.0055
v -0.010878 -0.046899 -0.0024
v -0.010865 -0.04694 -0.0055
v -0.010865 -0.04694 -0.0024
v -0.010848 -0.04698 -0.0055
v -0.010848 -0.04698 -0.0024
v -0.010828 -0.047019 -0.0055
v -0.010828 -0.047019 -0.0024
v -0.010805 -0.047055 -0.0055
v -0.010805 -0.047055 -0.0024
v -0.010778 -0.04709 -0.0055
v -0.010778 -0.04709 -0.0024
v -0.010748 -0.047121 -0.0055
v -0.010748 -0.047121 -0.0024
v -0.010716 -0.047151 -0.0055
v -0.010716 -0.047151 -0.0024
v -0.010682 -0.047177 -0.0055
v -0.010682 -0.047177 -0.0024
v -0.010645 -0.0472 -0.0055
v -0.010645 -0.0472 -0.0024
v -0.010607 -0.04722 -0.0055
v -0.010607 -0.04722 -0.0024
v -0.010566 -0.047237 -0.0055
v -0.010566 -0.047237 -0.0024
v -0.010525 -0.04725 -0.0055
v -0.010525 -0.04725 -0.0024
v -0.010483 -0.047259 -0.0055
v -0.010483 -0.047259 -0.0024
v -0.01044 -0.047265 -0.0055
v -0.01044 -0.047265 -0.0024
v -0.010396 -0.047266 -0.0055
v -0.010396 -0.047266 -0.0024
v -0.012415 -0.044581 -0.0024
v -0.012415 -0.044581 -0.0055
v -0.01221 -0.044696 -0.0024
v -0.01221 -0.044696 -0.0055
v -0.012016 -0.044828 -0.0024
v -0.012016 -0.044828 -0.0055
v -0.011833 -0.044975 -0.0024
v -0.011833 -0.044975 -0.0055
v -0.011663 -0.045138 -0.0024
v -0.011663 -0.045138 -0.0055
v -0.011508 -0.045314 -0.0024
v -0.011508 -0.045314 -0.0055
v -0.011368 -0.045502 -0.0024
v -0.011368 -0.045502 -0.0055
v -0.011244 -0.045701 -0.0024
v -0.011244 -0.045701 -0.0055
v -0.011137 -0.045911 -0.0024
v -0.011137 -0.045911 -0.0055
v -0.011048 -0.046128 -0.0024
v -0.011048 -0.046128 -0.0055
v -0.010977 -0.046352 -0.0024
v -0.010977 -0.046352 -0.0055
v -0.010926 -0.046581 -0.0024
v -0.010926 -0.046581 -0.0055
v -0.010094 -0.047266 -0.0024
v -0.010094 -0.047266 -0.0055
v -0.010052 -0.047265 -0.0055
v -0.010052 -0.047265 -0.0024
v -0.01001 -0.047259 -0.0055
v -0.01001 -0.047259 -0.0024
v -0.009969 -0.047251 -0.0055
v -0.009969 -0.047251 -0.0024
v -0.009929 -0.047238 -0.0055
v -0.009929 -0.047238 -0.0024
v -0.00989 -0.047223 -0.0055
v -0.00989 -0.047223 -0.0024
v -0.009852 -0.047204 -0.0055
v -0.009852 -0.047204 -0.0024
v -0.009816 -0.047182 -0.0055
v -0.009816 -0.047182 -0.0024
v -0.009783 -0.047158 -0.0055
v -0.009783 -0.047158 -0.0024
v -0.009751 -0.04713 -0.0055
v -0.009751 -0.04713 -0.0024
v -0.009721 -0.0471 -0.0055
v -0.009721 -0.0471 -0.0024
v -0.009695 -0.047068 -0.0055
v -0.009695 -0.047068 -0.0024
v -0.009671 -0.047033 -0.0055
v -0.009671 -0.047033 -0.0024
v -0.00965 -0.046997 -0.0055
v -0.00965 -0.046997 -0.0024
v -0.009632 -0.046958 -0.0055
v -0.009632 -0.046958 -0.0024
v -0.009618 -0.046919 -0.0055
v -0.009618 -0.046919 -0.0024
v -0.009607 -0.046879 -0.0055
v -0.009607 -0.046879 -0.0024
v -0.009394 -0.046099 -0.0024
v -0.009394 -0.046099 -0.0055
v -0.009119 -0.045339 -0.0024
v -0.009119 -0.045339 -0.0055
v -0.008783 -0.044603 -0.0024
v -0.008783 -0.044603 -0.0055
v -0.008389 -0.043897 -0.0024
v -0.008389 -0.043897 -0.0055
v -0.007939 -0.043226 -0.0024
v -0.007939 -0.043226 -0.0055
v -0.007437 -0.042593 -0.0024
v -0.007437 -0.042593 -0.0055
v -0.006885 -0.042002 -0.0024
v -0.006885 -0.042002 -0.0055
v -0.006287 -0.041458 -0.0024
v -0.006287 -0.041458 -0.0055
v -0.012833 -0.044746 -0.0024
v -0.012833 -0.044746 -0.0055
v -0.012823 -0.044723 -0.0024
v -0.012823 -0.044723 -0.0055
v -0.012811 -0.0447 -0.0024
v -0.012811 -0.0447 -0.0055
v -0.012798 -0.044679 -0.0024
v -0.012798 -0.044679 -0.0055
v -0.012783 -0.044659 -0.0024
v -0.012783 -0.044659 -0.0055
v -0.012766 -0.04464 -0.0024
v -0.012766 -0.04464 -0.0055
v -0.012747 -0.044622 -0.0024
v -0.012747 -0.044622 -0.0055
v -0.012727 -0.044606 -0.0024
v -0.012727 -0.044606 -0.0055
v -0.012706 -0.044592 -0.0024
v -0.012706 -0.044592 -0.0055
v -0.012684 -0.04458 -0.0024
v -0.012684 -0.04458 -0.0055
v -0.012661 -0.04457 -0.0024
v -0.012661 -0.04457 -0.0055
v -0.012637 -0.044562 -0.0024
v -0.012637 -0.044562 -0.0055
v -0.012612 -0.044555 -0.0024
v -0.012612 -0.044555 -0.0055
v -0.012587 -0.044551 -0.0024
v -0.012587 -0.044551 -0.0055
v -0.012562 -0.044549 -0.0024
v -0.012562 -0.044549 -0.0055
v -0.012537 -0.044549 -0.0024
v -0.012537 -0.044549 -0.0055
v -0.012512 -0.044551 -0.0024
v -0.012512 -0.044551 -0.0055
v -0.012487 -0.044556 -0.0024
v -0.012487 -0.044556 -0.0055
v -0.012462 -0.044562 -0.0024
v -0.012462 -0.044562 -0.0055
v -0.012438 -0.044571 -0.0024
v -0.012438 -0.044571 -0.0055
v -0.013408 -0.046327 -0.0055
v -0.013408 -0.046327 -0.0024
v -0.013596 -0.046258 -0.0022
v -0.015287 -0.045643 -0.0022
v -0.015287 -0.045643 -0.0024
v -0.013596 -0.046258 -0.0057
v 0.007865 -0.034284 -0.0036
v 0.005743 -0.034876 -0.0055
v 0.008407 -0.034155 -0.0036
v 0.008407 -0.034155 -0.0055
v 0.01112 -0.033647 -0.0036
v 0.01112 -0.033647 -0.0055
v -0.004104 -0.039769 -0.0055
v -0.004179 -0.039823 -0.0024
v -0.001795 -0.038258 -0.0055
v -0.001954 -0.038354 -0.0024
v 0.000626 -0.036933 -0.0055
v 0.000377 -0.037058 -0.0024
v 0.0028 -0.035944 -0.0024
v 0.003144 -0.035804 -0.0055
v 0.003144 -0.035804 -0.0024
v 0.005301 -0.035017 -0.0024
v 0.005743 -0.034876 -0.0024
v 0.007865 -0.034284 -0.0024
v 0.010758 -0.030169 -0.0036
v 0.010758 -0.030169 -0.0045
v 0.010587 -0.030172 -0.0036
v 0.010587 -0.030172 -0.0045
v 0.010415 -0.030161 -0.0036
v 0.010415 -0.030161 -0.0045
v 0.010246 -0.030135 -0.0036
v 0.010246 -0.030135 -0.0045
v 0.010079 -0.030094 -0.0036
v 0.010079 -0.030094 -0.0045
v 0.009917 -0.03004 -0.0036
v 0.009917 -0.03004 -0.0045
v 0.009759 -0.029971 -0.0036
v 0.009759 -0.029971 -0.0045
v 0.009609 -0.02989 -0.0036
v 0.009609 -0.02989 -0.0045
v 0.009465 -0.029795 -0.0036
v 0.009465 -0.029795 -0.0045
v 0.009331 -0.029689 -0.0036
v 0.009331 -0.029689 -0.0045
v 0.009206 -0.029572 -0.0036
v 0.009206 -0.029572 -0.0045
v 0.010789 -0.027348 -0.0045
v 0.010907 -0.030166 -0.0045
v 0.011208 -0.027895 -0.0045
v 0.011055 -0.030176 -0.0045
v 0.011578 -0.028476 -0.0045
v 0.011202 -0.030198 -0.0045
v 0.011346 -0.030233 -0.0045
v 0.011897 -0.029088 -0.0045
v 0.011487 -0.03028 -0.0045
v 0.011624 -0.030339 -0.0045
v 0.01216 -0.029724 -0.0045
v 0.001602 -0.02516 -0.0045
v 0.001914 -0.025061 -0.0045
v 0.002035 -0.025003 -0.0045
v 0.002233 -0.024988 -0.0045
v 0.002692 -0.024795 -0.0045
v 0.011755 -0.030409 -0.0045
v 0.011879 -0.030489 -0.0045
v 0.012368 -0.030382 -0.0045
v 0.011997 -0.030581 -0.0045
v 0.012106 -0.030681 -0.0045
v 0.012447 -0.031165 -0.0045
v 0.012504 -0.031302 -0.0045
v 0.012517 -0.031054 -0.0045
v 0.012206 -0.030791 -0.0045
v 0.012297 -0.030909 -0.0045
v 0.012377 -0.031034 -0.0045
v 0.012551 -0.031443 -0.0045
v 0.012585 -0.031588 -0.0045
v 0.012607 -0.031738 -0.0045
v 0.012606 -0.031735 -0.0045
v 0.012609 -0.031763 -0.0045
v 0.002556 -0.02494 -0.0045
v 0.002883 -0.02492 -0.0045
v 0.003365 -0.024646 -0.0045
v 0.00321 -0.024926 -0.0045
v 0.003535 -0.024959 -0.0045
v 0.004048 -0.024556 -0.0045
v 0.003857 -0.025018 -0.0045
v 0.004737 -0.024526 -0.0045
v 0.004173 -0.025104 -0.0045
v 0.004481 -0.025215 -0.0045
v 0.005425 -0.024556 -0.0045
v 0.004778 -0.025351 -0.0045
v 0.005064 -0.025511 -0.0045
v 0.006109 -0.024646 -0.0045
v 0.005335 -0.025693 -0.0045
v 0.006782 -0.024795 -0.0045
v 0.005591 -0.025897 -0.0045
v 0.005829 -0.026121 -0.0045
v 0.009268 -0.025955 -0.0045
v 0.009815 -0.026374 -0.0045
v 0.010323 -0.02684 -0.0045
v 0.008687 -0.025585 -0.0045
v 0.008076 -0.025266 -0.0045
v 0.007439 -0.025003 -0.0045
v 0.010907 -0.030166 -0.0036
v 0.011055 -0.030176 -0.0036
v 0.011202 -0.030198 -0.0036
v 0.011346 -0.030233 -0.0036
v 0.011487 -0.03028 -0.0036
v 0.011624 -0.030339 -0.0036
v 0.011755 -0.030409 -0.0036
v 0.011879 -0.030489 -0.0036
v 0.011997 -0.030581 -0.0036
v 0.012106 -0.030681 -0.0036
v 0.012206 -0.030791 -0.0036
v 0.012297 -0.030909 -0.0036
v 0.012377 -0.031034 -0.0036
v 0.012447 -0.031165 -0.0036
v 0.012504 -0.031302 -0.0036
v 0.012551 -0.031443 -0.0036
v 0.012585 -0.031588 -0.0036
v 0.012606 -0.031735 -0.0036
v 0.012615 -0.031883 -0.0055
v 0.012609 -0.031763 -0.0055
v 0.012615 -0.031883 -0.0036
v 0.012612 -0.032032 -0.0036
v 0.012612 -0.032032 -0.0055
v 0.012596 -0.032179 -0.0036
v 0.012596 -0.032179 -0.0055
v 0.012567 -0.032325 -0.0036
v 0.012567 -0.032325 -0.0055
v 0.012526 -0.032468 -0.0036
v 0.012526 -0.032468 -0.0055
v 0.012473 -0.032607 -0.0036
v 0.012473 -0.032607 -0.0055
v 0.012409 -0.032741 -0.0036
v 0.012409 -0.032741 -0.0055
v 0.012334 -0.032869 -0.0036
v 0.012334 -0.032869 -0.0055
v 0.012247 -0.03299 -0.0036
v 0.012247 -0.03299 -0.0055
v 0.012151 -0.033103 -0.0036
v 0.012151 -0.033103 -0.0055
v 0.012046 -0.033208 -0.0036
v 0.012046 -0.033208 -0.0055
v 0.011932 -0.033303 -0.0036
v 0.011932 -0.033303 -0.0055
v 0.011811 -0.033389 -0.0036
v 0.011811 -0.033389 -0.0055
v 0.011682 -0.033464 -0.0036
v 0.011682 -0.033464 -0.0055
v 0.011548 -0.033527 -0.0036
v 0.011548 -0.033527 -0.0055
v 0.011409 -0.033579 -0.0036
v 0.011409 -0.033579 -0.0055
v 0.011266 -0.03362 -0.0036
v 0.011266 -0.03362 -0.0055
v 0.005829 -0.026121 -0.0036
v 0.005591 -0.025897 -0.0036
v 0.005335 -0.025693 -0.0036
v 0.005064 -0.025511 -0.0036
v 0.004778 -0.025351 -0.0036
v 0.004481 -0.025215 -0.0036
v 0.004173 -0.025104 -0.0036
v 0.003857 -0.025018 -0.0036
v 0.003535 -0.024959 -0.0036
v 0.00321 -0.024926 -0.0036
v 0.002883 -0.02492 -0.0036
v 0.002556 -0.02494 -0.0036
v 0.002233 -0.024988 -0.0036
v 0.001914 -0.025061 -0.0036
v 0.001602 -0.02516 -0.0036
v 0.002035 -0.025003 -0.0055
v 2.7e-05 -0.025733 -0.0055
v 2.7e-05 -0.025733 -0.0036
v 0.012607 -0.031738 -0.0055
v 0.012517 -0.031054 -0.0055
v 0.012368 -0.030382 -0.0055
v 0.01216 -0.029724 -0.0055
v 0.011897 -0.029088 -0.0055
v 0.011578 -0.028476 -0.0055
v 0.011208 -0.027895 -0.0055
v 0.010789 -0.027348 -0.0055
v 0.010323 -0.02684 -0.0055
v 0.009815 -0.026374 -0.0055
v 0.009268 -0.025955 -0.0055
v 0.008687 -0.025585 -0.0055
v 0.008076 -0.025266 -0.0055
v 0.007439 -0.025003 -0.0055
v 0.006782 -0.024795 -0.0055
v 0.006109 -0.024646 -0.0055
v 0.005425 -0.024556 -0.0055
v 0.004737 -0.024526 -0.0055
v 0.004048 -0.024556 -0.0055
v 0.003365 -0.024646 -0.0055
v 0.002692 -0.024795 -0.0055
v 0.012638 -0.032228 -0.0012
v 0.01246 -0.032055 -0.0014
v 0.012659 -0.032073 -0.0012
v 0.012466 -0.031916 -0.0014
v 0.012666 -0.031916 -0.0012
v 0.01246 -0.031776 -0.0014
v 0.012659 -0.031759 -0.0012
v 0.012441 -0.031638 -0.0014
v 0.012638 -0.031603 -0.0012
v 0.012411 -0.031502 -0.0014
v 0.012604 -0.03145 -0.0012
v 0.012369 -0.031369 -0.0014
v 0.012557 -0.0313 -0.0012
v 0.012316 -0.03124 -0.0014
v 0.012497 -0.031155 -0.0012
v 0.012251 -0.031116 -0.0014
v 0.012425 -0.031016 -0.0012
v 0.012176 -0.030998 -0.0014
v 0.01234 -0.030883 -0.0012
v 0.012091 -0.030887 -0.0014
v 0.012245 -0.030759 -0.0012
v 0.011997 -0.030785 -0.0014
v 0.012138 -0.030643 -0.0012
v 0.011894 -0.03069 -0.0014
v 0.012023 -0.030537 -0.0012
v 0.011783 -0.030605 -0.0014
v 0.011898 -0.030441 -0.0012
v 0.011666 -0.03053 -0.0014
v 0.011766 -0.030357 -0.0012
v 0.011542 -0.030466 -0.0014
v 0.011626 -0.030285 -0.0012
v 0.011413 -0.030412 -0.0014
v 0.011481 -0.030224 -0.0012
v 0.01128 -0.03037 -0.0014
v 0.011332 -0.030177 -0.0012
v 0.011144 -0.03034 -0.0014
v 0.011178 -0.030143 -0.0012
v 0.011005 -0.030322 -0.0014
v 0.011023 -0.030123 -0.0012
v 0.010866 -0.030316 -0.0014
v 0.010866 -0.030116 -0.0012
v 0.010726 -0.030322 -0.0014
v 0.010709 -0.030123 -0.0012
v 0.010588 -0.03034 -0.0014
v 0.010553 -0.030143 -0.0012
v 0.010452 -0.03037 -0.0014
v 0.0104 -0.030177 -0.0012
v 0.010318 -0.030412 -0.0014
v 0.01025 -0.030224 -0.0012
v 0.01019 -0.030466 -0.0014
v 0.010105 -0.030285 -0.0012
v 0.010066 -0.03053 -0.0014
v 0.009966 -0.030357 -0.0012
v 0.009948 -0.030605 -0.0014
v 0.009833 -0.030441 -0.0012
v 0.009837 -0.03069 -0.0014
v 0.009709 -0.030537 -0.0012
v 0.009734 -0.030785 -0.0014
v 0.009593 -0.030643 -0.0012
v 0.00964 -0.030887 -0.0014
v 0.009487 -0.030759 -0.0012
v 0.009555 -0.030998 -0.0014
v 0.009391 -0.030883 -0.0012
v 0.00948 -0.031116 -0.0014
v 0.009307 -0.031016 -0.0012
v 0.009416 -0.03124 -0.0014
v 0.009234 -0.031155 -0.0012
v 0.009362 -0.031369 -0.0014
v 0.009174 -0.0313 -0.0012
v 0.00932 -0.031502 -0.0014
v 0.009127 -0.03145 -0.0012
v 0.00929 -0.031638 -0.0014
v 0.009093 -0.031603 -0.0012
v 0.009272 -0.031776 -0.0014
v 0.009073 -0.031759 -0.0012
v 0.009266 -0.031916 -0.0014
v 0.009066 -0.031916 -0.0012
v 0.009272 -0.032055 -0.0014
v 0.009073 -0.032073 -0.0012
v 0.00929 -0.032194 -0.0014
v 0.009093 -0.032228 -0.0012
v 0.00932 -0.03233 -0.0014
v 0.009127 -0.032382 -0.0012
v 0.009362 -0.032463 -0.0014
v 0.009174 -0.032532 -0.0012
v 0.009416 -0.032592 -0.0014
v 0.009234 -0.032677 -0.0012
v 0.00948 -0.032716 -0.0014
v 0.009307 -0.032816 -0.0012
v 0.009555 -0.032834 -0.0014
v 0.009391 -0.032948 -0.0012
v 0.00964 -0.032944 -0.0014
v 0.009487 -0.033073 -0.0012
v 0.009734 -0.033047 -0.0014
v 0.009593 -0.033189 -0.0012
v 0.009837 -0.033142 -0.0014
v 0.009709 -0.033295 -0.0012
v 0.009948 -0.033227 -0.0014
v 0.009833 -0.03339 -0.0012
v 0.010066 -0.033302 -0.0014
v 0.009966 -0.033475 -0.0012
v 0.01019 -0.033366 -0.0014
v 0.010105 -0.033547 -0.0012
v 0.010318 -0.033419 -0.0014
v 0.01025 -0.033607 -0.0012
v 0.010452 -0.033461 -0.0014
v 0.0104 -0.033655 -0.0012
v 0.010588 -0.033492 -0.0014
v 0.010553 -0.033689 -0.0012
v 0.010726 -0.03351 -0.0014
v 0.010709 -0.033709 -0.0012
v 0.010866 -0.033516 -0.0014
v 0.010866 -0.033716 -0.0012
v 0.011005 -0.03351 -0.0014
v 0.011023 -0.033709 -0.0012
v 0.011144 -0.033492 -0.0014
v 0.011178 -0.033689 -0.0012
v 0.01128 -0.033461 -0.0014
v 0.011332 -0.033655 -0.0012
v 0.011413 -0.033419 -0.0014
v 0.011481 -0.033607 -0.0012
v 0.011542 -0.033366 -0.0014
v 0.011626 -0.033547 -0.0012
v 0.011666 -0.033302 -0.0014
v 0.011766 -0.033475 -0.0012
v 0.011783 -0.033227 -0.0014
v 0.011898 -0.03339 -0.0012
v 0.011894 -0.033142 -0.0014
v 0.012023 -0.033295 -0.0012
v 0.011997 -0.033047 -0.0014
v 0.012138 -0.033189 -0.0012
v 0.012091 -0.032944 -0.0014
v 0.012245 -0.033073 -0.0012
v 0.012176 -0.032834 -0.0014
v 0.01234 -0.032948 -0.0012
v 0.012251 -0.032716 -0.0014
v 0.012425 -0.032816 -0.0012
v 0.012316 -0.032592 -0.0014
v 0.012497 -0.032677 -0.0012
v 0.012369 -0.032463 -0.0014
v 0.012557 -0.032532 -0.0012
v 0.012411 -0.03233 -0.0014
v 0.012604 -0.032382 -0.0012
v 0.012441 -0.032194 -0.0014
v 0.012638 -0.032228 -0.0007
v 0.012659 -0.032073 -0.0007
v 0.012666 -0.031916 -0.0007
v 0.012659 -0.031759 -0.0007
v 0.012638 -0.031603 -0.0007
v 0.012604 -0.03145 -0.0007
v 0.012557 -0.0313 -0.0007
v 0.012497 -0.031155 -0.0007
v 0.012425 -0.031016 -0.0007
v 0.01234 -0.030883 -0.0007
v 0.012245 -0.030759 -0.0007
v 0.012138 -0.030643 -0.0007
v 0.012023 -0.030537 -0.0007
v 0.011898 -0.030441 -0.0007
v 0.011766 -0.030357 -0.0007
v 0.011626 -0.030285 -0.0007
v 0.011481 -0.030224 -0.0007
v 0.011332 -0.030177 -0.0007
v 0.011178 -0.030143 -0.0007
v 0.011023 -0.030123 -0.0007
v 0.010866 -0.030116 -0.0007
v 0.010709 -0.030123 -0.0007
v 0.010553 -0.030143 -0.0007
v 0.0104 -0.030177 -0.0007
v 0.01025 -0.030224 -0.0007
v 0.010105 -0.030285 -0.0007
v 0.009966 -0.030357 -0.0007
v 0.009833 -0.030441 -0.0007
v 0.009709 -0.030537 -0.0007
v 0.009593 -0.030643 -0.0007
v 0.009487 -0.030759 -0.0007
v 0.009391 -0.030883 -0.0007
v 0.009307 -0.031016 -0.0007
v 0.009234 -0.031155 -0.0007
v 0.009174 -0.0313 -0.0007
v 0.009127 -0.03145 -0.0007
v 0.009093 -0.031603 -0.0007
v 0.009073 -0.031759 -0.0007
v 0.009066 -0.031916 -0.0007
v 0.009073 -0.032073 -0.0007
v 0.009093 -0.032228 -0.0007
v 0.009127 -0.032382 -0.0007
v 0.009174 -0.032532 -0.0007
v 0.009234 -0.032677 -0.0007
v 0.009307 -0.032816 -0.0007
v 0.009391 -0.032948 -0.0007
v 0.009487 -0.033073 -0.0007
v 0.009593 -0.033189 -0.0007
v 0.009709 -0.033295 -0.0007
v 0.009833 -0.03339 -0.0007
v 0.009966 -0.033475 -0.0007
v 0.010105 -0.033547 -0.0007
v 0.01025 -0.033607 -0.0007
v 0.0104 -0.033655 -0.0007
v 0.010553 -0.033689 -0.0007
v 0.010709 -0.033709 -0.0007
v 0.010866 -0.033716 -0.0007
v 0.011023 -0.033709 -0.0007
v 0.011178 -0.033689 -0.0007
v 0.011332 -0.033655 -0.0007
v 0.011481 -0.033607 -0.0007
v 0.011626 -0.033547 -0.0007
v 0.011766 -0.033475 -0.0007
v 0.011898 -0.03339 -0.0007
v 0.012023 -0.033295 -0.0007
v 0.012138 -0.033189 -0.0007
v 0.012245 -0.033073 -0.0007
v 0.01234 -0.032948 -0.0007
v 0.012425 -0.032816 -0.0007
v 0.012497 -0.032677 -0.0007
v 0.012557 -0.032532 -0.0007
v 0.012604 -0.032382 -0.0007
v 0.012181 -0.032395 -0.0014
v 0.012135 -0.032508 -0.0014
v 0.012078 -0.032616 -0.0014
v 0.012013 -0.032719 -0.0014
v 0.011938 -0.032816 -0.0014
v 0.011856 -0.032906 -0.0014
v 0.011766 -0.032988 -0.0014
v 0.011669 -0.033063 -0.0014
v 0.011566 -0.033128 -0.0014
v 0.011457 -0.033185 -0.0014
v 0.011345 -0.033231 -0.0014
v 0.011228 -0.033268 -0.0014
v 0.011109 -0.033295 -0.0014
v 0.010988 -0.033311 -0.0014
v 0.010866 -0.033316 -0.0014
v 0.010744 -0.033311 -0.0014
v 0.010623 -0.033295 -0.0014
v 0.010503 -0.033268 -0.0014
v 0.010387 -0.033231 -0.0014
v 0.010274 -0.033185 -0.0014
v 0.010166 -0.033128 -0.0014
v 0.010063 -0.033063 -0.0014
v 0.009966 -0.032988 -0.0014
v 0.009876 -0.032906 -0.0014
v 0.009793 -0.032816 -0.0014
v 0.009719 -0.032719 -0.0014
v 0.009653 -0.032616 -0.0014
v 0.009597 -0.032508 -0.0014
v 0.00955 -0.032395 -0.0014
v 0.009513 -0.032278 -0.0014
v 0.009487 -0.032159 -0.0014
v 0.009471 -0.032038 -0.0014
v 0.009466 -0.031916 -0.0014
v 0.009471 -0.031794 -0.0014
v 0.009487 -0.031673 -0.0014
v 0.009513 -0.031554 -0.0014
v 0.00955 -0.031437 -0.0014
v 0.009597 -0.031324 -0.0014
v 0.009653 -0.031216 -0.0014
v 0.009719 -0.031113 -0.0014
v 0.009793 -0.031016 -0.0014
v 0.009876 -0.030926 -0.0014
v 0.009966 -0.030843 -0.0014
v 0.010063 -0.030769 -0.0014
v 0.010166 -0.030703 -0.0014
v 0.010274 -0.030647 -0.0014
v 0.010387 -0.0306 -0.0014
v 0.010503 -0.030564 -0.0014
v 0.010623 -0.030537 -0.0014
v 0.010744 -0.030521 -0.0014
v 0.010866 -0.030516 -0.0014
v 0.010988 -0.030521 -0.0014
v 0.011109 -0.030537 -0.0014
v 0.011228 -0.030564 -0.0014
v 0.011345 -0.0306 -0.0014
v 0.011457 -0.030647 -0.0014
v 0.011566 -0.030703 -0.0014
v 0.011669 -0.030769 -0.0014
v 0.011766 -0.030843 -0.0014
v 0.011856 -0.030926 -0.0014
v 0.011938 -0.031016 -0.0014
v 0.012013 -0.031113 -0.0014
v 0.012078 -0.031216 -0.0014
v 0.012135 -0.031324 -0.0014
v 0.012181 -0.031437 -0.0014
v 0.012218 -0.031554 -0.0014
v 0.012244 -0.031673 -0.0014
v 0.01226 -0.031794 -0.0014
v 0.012266 -0.031916 -0.0014
v 0.01226 -0.032038 -0.0014
v 0.012244 -0.032159 -0.0014
v 0.012218 -0.032278 -0.0014
v -0.016457 -0.042388 -0.003596
v -0.016335 -0.042216 -0.0024
v -0.016068 -0.041888 -0.0024
v -0.016204 -0.042049 -0.003563
v -0.016335 -0.042216 -0.003584
v -0.015774 -0.041582 -0.0024
v -0.015924 -0.041732 -0.003497
v -0.016068 -0.041888 -0.003534
v -0.015774 -0.041582 -0.003452
v -0.015455 -0.041303 -0.0024
v -0.015114 -0.041052 -0.0024
v -0.014753 -0.04083 -0.0024
v -0.014374 -0.04064 -0.0024
v -0.013981 -0.040483 -0.0024
v 0.001926 -0.028614 -0.003924
v 0.001914 -0.028629 -0.003925
v 0.001956 -0.02831 -0.003925
v 0.001947 -0.028293 -0.003925
v 0.001979 -0.028493 -0.003923
v 0.001982 -0.028475 -0.003923
v 0.001902 -0.028643 -0.003925
v 0.001963 -0.028546 -0.003924
v 0.00197 -0.028529 -0.003923
v 0.001975 -0.028511 -0.003923
v 0.001984 -0.028456 -0.003923
v 0.001984 -0.028438 -0.003923
v 0.001984 -0.02842 -0.003924
v 0.001982 -0.028402 -0.003924
v 0.001979 -0.028383 -0.003924
v 0.001975 -0.028364 -0.003924
v 0.00197 -0.028346 -0.003924
v 0.001963 -0.028328 -0.003925
v 0.001927 -0.028261 -0.003926
v 0.001938 -0.028276 -0.003925
v 0.001916 -0.028246 -0.003926
v 0.001904 -0.028233 -0.003927
v 0.001955 -0.028564 -0.003924
v 0.001947 -0.028581 -0.003924
v 0.001937 -0.028598 -0.003924
v 0.001889 -0.028656 -0.003925
v 0.001742 -0.034953 -0.0024
v 0.002167 -0.034782 -0.0024
v 0.002576 -0.034575 -0.0024
v 0.006996 -0.032086 -0.0024
v 0.007087 -0.03204 -0.0024
v 0.007181 -0.032002 -0.0024
v 0.007278 -0.031972 -0.0024
v 0.007378 -0.03195 -0.0024
v 0.007479 -0.031937 -0.0024
v 0.007581 -0.031933 -0.0024
v 0.007682 -0.031937 -0.0024
v 0.007783 -0.03195 -0.0024
v 0.007883 -0.031971 -0.0024
v 0.00798 -0.032001 -0.0024
v 0.008074 -0.032039 -0.0024
v 0.008165 -0.032085 -0.0024
v 0.008252 -0.032139 -0.0024
v 0.008333 -0.0322 -0.0024
v 0.008409 -0.032267 -0.0024
v 0.00848 -0.032341 -0.0024
v 0.008543 -0.03242 -0.0024
v 0.0086 -0.032505 -0.0024
v 0.008649 -0.032594 -0.0024
v 0.00869 -0.032687 -0.0024
v 0.008724 -0.032783 -0.0024
v 0.008749 -0.032882 -0.0024
v 0.008765 -0.032982 -0.0024
v 0.008773 -0.033083 -0.0024
v 0.008773 -0.033185 -0.0024
v 0.008763 -0.033286 -0.0024
v 0.008745 -0.033387 -0.0024
v 0.008719 -0.033485 -0.0024
v 0.008684 -0.033581 -0.0024
v 0.008641 -0.033673 -0.0024
v 0.00859 -0.033761 -0.0024
v 0.008533 -0.033845 -0.0024
v 0.008468 -0.033923 -0.0024
v 0.008397 -0.033996 -0.0024
v 0.008397 -0.033996 -0.003442
v 0.008375 -0.034015 -0.003456
v 0.008319 -0.034062 -0.0024
v 0.008319 -0.034062 -0.00349
v 0.008279 -0.034093 -0.00351
v 0.008237 -0.034122 -0.0024
v 0.008237 -0.034122 -0.003529
v 0.008194 -0.034149 -0.003545
v 0.00815 -0.034174 -0.0024
v 0.00815 -0.034174 -0.00356
v 0.008104 -0.034197 -0.003572
v 0.008058 -0.034219 -0.0024
v 0.008058 -0.034219 -0.003582
v 0.008011 -0.034238 -0.00359
v 0.007963 -0.034255 -0.0024
v 0.007963 -0.034255 -0.003596
v 0.007915 -0.034271 -0.003599
v 0.00215 -0.029153 -0.00215
v 0.002348 -0.029188 -0.00215
v 0.002335 -0.029181 -0.00215
v 0.002225 -0.02915 -0.00215
v 0.002214 -0.029149 -0.00215
v 0.002206 -0.029149 -0.00215
v 0.00249 -0.029376 -0.00215
v 0.002484 -0.029356 -0.00215
v 0.002479 -0.029342 -0.00215
v -0.001744 -0.031884 -0.00215
v -0.001575 -0.032027 -0.00215
v -0.001394 -0.032155 -0.00215
v -0.001203 -0.032268 -0.00215
v -0.001003 -0.032363 -0.00215
v -0.000795 -0.032441 -0.00215
v -0.000582 -0.0325 -0.00215
v -0.000364 -0.032541 -0.00215
v -0.000143 -0.032563 -0.00215
v 7.8e-05 -0.032566 -0.00215
v 0.000299 -0.03255 -0.00215
v 0.000518 -0.032514 -0.00215
v 0.000733 -0.03246 -0.00215
v 0.000943 -0.032388 -0.00215
v 0.001145 -0.032297 -0.00215
v 0.001339 -0.03219 -0.00215
v 0.001523 -0.032066 -0.00215
v 0.001696 -0.031927 -0.00215
v 0.001856 -0.031774 -0.00215
v 0.002002 -0.031607 -0.00215
v 0.002133 -0.031428 -0.00215
v 0.002248 -0.031239 -0.00215
v 0.002347 -0.03104 -0.00215
v 0.002428 -0.030834 -0.00215
v 0.002491 -0.030621 -0.00215
v 0.002535 -0.030404 -0.00215
v 0.002561 -0.030184 -0.00215
v 0.002567 -0.029962 -0.00215
v 0.002554 -0.029741 -0.00215
v 0.002522 -0.029521 -0.00215
v 0.002289 -0.029163 -0.00215
v 0.002282 -0.029161 -0.00215
v 0.002392 -0.029219 -0.00215
v 0.002385 -0.029213 -0.00215
v 0.002378 -0.029208 -0.00215
v 0.002334 -0.029181 -0.00215
v 0.002313 -0.029171 -0.00215
v 0.0023 -0.029166 -0.00215
v 0.002189 -0.029149 -0.00215
v 0.002164 -0.029151 -0.00215
v 0.002437 -0.029267 -0.00215
v 0.002432 -0.02926 -0.00215
v 0.002366 -0.029199 -0.00215
v 0.002356 -0.029193 -0.00215
v 0.002264 -0.029156 -0.00215
v 0.002239 -0.029152 -0.00215
v 0.002476 -0.029333 -0.00215
v 0.002465 -0.02931 -0.00215
v 0.002464 -0.029308 -0.00215
v 0.002452 -0.029288 -0.00215
v 0.002443 -0.029275 -0.00215
v 0.002421 -0.029247 -0.00215
v 0.002403 -0.029229 -0.00215
v 0.002479 -0.029307 -0.002776
v 0.002486 -0.029324 -0.002776
v 0.002354 -0.029171 -0.002773
v 0.002369 -0.029181 -0.002773
v 0.00214 -0.02914 -0.002775
v 0.002288 -0.029144 -0.002773
v 0.002269 -0.029139 -0.002774
v 0.00225 -0.029136 -0.002774
v 0.002231 -0.029134 -0.002774
v 0.002212 -0.029133 -0.002774
v 0.002194 -0.029133 -0.002774
v 0.002175 -0.029134 -0.002774
v 0.002157 -0.029136 -0.002775
v 0.00234 -0.029164 -0.002773
v 0.002324 -0.029156 -0.002773
v 0.002306 -0.02915 -0.002773
v 0.002384 -0.029191 -0.002774
v 0.002398 -0.029202 -0.002774
v 0.002412 -0.029215 -0.002774
v 0.002425 -0.029228 -0.002774
v 0.002438 -0.029242 -0.002774
v 0.00245 -0.029258 -0.002775
v 0.00246 -0.029274 -0.002775
v 0.00247 -0.02929 -0.002775
v 0.002492 -0.029342 -0.002776
v 0.0 -0.03 0.0014
v 0.002122 -0.026491 -0.004534
v 0.001625 -0.026954 -0.004546
v 0.001522 -0.027533 -0.004552
v 0.001516 -0.027472 -0.004552
v 0.001738 -0.028042 -0.004552
v 0.001776 -0.028086 -0.004551
v 0.001635 -0.027887 -0.004552
v 0.001666 -0.027941 -0.004552
v 0.001701 -0.027992 -0.004552
v 0.001531 -0.027594 -0.004552
v 0.001544 -0.027654 -0.004552
v 0.001561 -0.027713 -0.004553
v 0.001582 -0.027772 -0.004553
v 0.001607 -0.02783 -0.004553
v 0.001515 -0.027409 -0.004551
v 0.001599 -0.027008 -0.004547
v 0.001577 -0.027063 -0.004548
v 0.001557 -0.027121 -0.004549
v 0.001541 -0.02718 -0.004549
v 0.001532 -0.027222 -0.00455
v 0.001523 -0.027284 -0.00455
v 0.001517 -0.027346 -0.004551
v 0.001655 -0.026901 -0.004545
v 0.001689 -0.026848 -0.004544
v 0.001859 -0.026658 -0.00454
v 0.001812 -0.026702 -0.004541
v 0.001767 -0.026748 -0.004542
v 0.001727 -0.026797 -0.004543
v 0.002067 -0.026516 -0.004535
v 0.002013 -0.026546 -0.004536
v 0.00196 -0.02658 -0.004538
v 0.001908 -0.026617 -0.004539
v 0.001965 -0.026582 -0.0057
v 0.00203 -0.02654 -0.0057
v 0.00188 -0.026649 -0.0057
v 0.001902 -0.02663 -0.0057
v 0.00193 -0.026608 -0.0057
v 0.001732 -0.026809 -0.0057
v 0.001748 -0.026788 -0.0057
v 0.001783 -0.026746 -0.0057
v 0.001839 -0.026687 -0.0057
v 0.001711 -0.026839 -0.0057
v 0.001671 -0.026901 -0.0057
v 0.001686 -0.026877 -0.0057
v 0.001621 -0.026999 -0.0057
v 0.001634 -0.02697 -0.0057
v 0.001647 -0.026945 -0.0057
v 0.001554 -0.027208 -0.0057
v 0.001558 -0.027191 -0.0057
v 0.001577 -0.027114 -0.0057
v 0.001603 -0.027041 -0.0057
v 0.001535 -0.027399 -0.0057
v 0.001536 -0.027364 -0.0057
v 0.001537 -0.027337 -0.0057
v 0.001536 -0.027444 -0.0057
v 0.001551 -0.027584 -0.0057
v 0.001546 -0.027548 -0.0057
v 0.001542 -0.027524 -0.0057
v 0.00158 -0.0277 -0.0057
v 0.00156 -0.027625 -0.0057
v 0.001647 -0.027863 -0.0057
v 0.001639 -0.027846 -0.0057
v 0.001626 -0.02782 -0.0057
v 0.001731 -0.027998 -0.0057
v 0.001687 -0.027932 -0.0057
v 0.001757 -0.028032 -0.0057
v 0.00245 -0.028918 -0.004555
v 0.002623 -0.028261 -0.004547
v 0.002608 -0.028234 -0.004546
v 0.002668 -0.028379 -0.004549
v 0.002659 -0.028348 -0.004549
v 0.002649 -0.028318 -0.004548
v 0.002637 -0.028289 -0.004548
v 0.002682 -0.028501 -0.004551
v 0.002681 -0.028471 -0.004551
v 0.002679 -0.028441 -0.00455
v 0.002674 -0.02841 -0.00455
v 0.002678 -0.02856 -0.004552
v 0.002681 -0.02853 -0.004551
v 0.002673 -0.02859 -0.004552
v 0.002666 -0.02862 -0.004553
v 0.002657 -0.02865 -0.004553
v 0.002646 -0.02868 -0.004553
v 0.002633 -0.028709 -0.004554
v 0.002618 -0.028738 -0.004554
v 0.002601 -0.028766 -0.004554
v 0.002583 -0.028792 -0.004554
v 0.002563 -0.028817 -0.004554
v 0.002542 -0.028841 -0.004555
v 0.00252 -0.028863 -0.004555
v 0.002498 -0.028883 -0.004555
v 0.002474 -0.028901 -0.004555
v 0.002498 -0.028856 -0.0057
v 0.002509 -0.028846 -0.0057
v 0.002528 -0.028828 -0.0057
v 0.002555 -0.028797 -0.0057
v 0.002572 -0.028775 -0.0057
v 0.00258 -0.028763 -0.0057
v 0.00259 -0.028748 -0.0057
v 0.002603 -0.028728 -0.0057
v 0.002622 -0.028691 -0.0057
v 0.002638 -0.028654 -0.0057
v 0.002646 -0.028632 -0.0057
v 0.002651 -0.028616 -0.0057
v -0.002881 -0.031273 -0.00454
v -0.002218 -0.031502 -0.004548
v -0.002244 -0.031514 -0.004548
v -0.002272 -0.031524 -0.004548
v -0.002301 -0.031533 -0.004548
v -0.002332 -0.03154 -0.004548
v -0.002363 -0.031545 -0.004548
v -0.002394 -0.031548 -0.004547
v -0.002427 -0.03155 -0.004547
v -0.002459 -0.031549 -0.004547
v -0.002491 -0.031546 -0.004547
v -0.002523 -0.031542 -0.004546
v -0.002554 -0.031535 -0.004546
v -0.002585 -0.031527 -0.004546
v -0.002668 -0.031492 -0.004545
v -0.002642 -0.031505 -0.004545
v -0.002614 -0.031517 -0.004545
v -0.002694 -0.031478 -0.004544
v -0.002719 -0.031461 -0.004544
v -0.002743 -0.031443 -0.004543
v -0.002767 -0.031423 -0.004543
v -0.00279 -0.031401 -0.004542
v -0.002811 -0.031377 -0.004542
v -0.002831 -0.031353 -0.004541
v -0.002849 -0.031327 -0.004541
v -0.002866 -0.0313 -0.00454
v -0.002892 -0.031249 -0.004539
v -0.002527 -0.031524 -0.0057
v -0.002564 -0.031516 -0.0057
v -0.002468 -0.03153 -0.0057
v -0.002483 -0.031529 -0.0057
v -0.002501 -0.031528 -0.0057
v -0.002351 -0.031523 -0.0057
v -0.002371 -0.031526 -0.0057
v -0.002394 -0.031529 -0.0057
v -0.002438 -0.031531 -0.0057
v -0.001 -0.026158 -0.0036
v -0.001987 -0.026669 -0.0036
v -0.002928 -0.027262 -0.0036
v -0.009828 -0.043587 -0.0057
v -0.009828 -0.043587 -0.0046
v -0.009397 -0.042873 -0.0046
v -0.009397 -0.042873 -0.0057
v -0.008914 -0.042192 -0.0046
v -0.008914 -0.042192 -0.0057
v -0.008383 -0.041548 -0.0046
v -0.008383 -0.041548 -0.0057
v -0.007806 -0.040945 -0.0046
v -0.007806 -0.040945 -0.0057
v -0.007186 -0.040385 -0.0046
v -0.007186 -0.040385 -0.0057
v -0.006665 -0.03282 -0.0046
v -0.0066 -0.03283 -0.0046
v -0.007327 -0.033054 -0.0046
v -0.01549 -0.043579 -0.0046
v -0.015482 -0.043529 -0.0046
v -0.015193 -0.044178 -0.0046
v -0.013915 -0.043834 -0.0046
v -0.015406 -0.043341 -0.0046
v -0.013827 -0.043726 -0.0046
v -0.012971 -0.039714 -0.0046
v -0.010274 -0.036279 -0.0046
v -0.015148 -0.044201 -0.0046
v -0.015101 -0.044221 -0.0046
v -0.015469 -0.04348 -0.0046
v -0.015452 -0.043432 -0.0046
v -0.015431 -0.043386 -0.0046
v -0.014945 -0.044277 -0.0046
v -0.007279 -0.033008 -0.0046
v -0.007227 -0.032967 -0.0046
v -0.006992 -0.03285 -0.0046
v -0.005818 -0.033 -0.0046
v -0.005754 -0.033028 -0.0046
v -0.005509 -0.034273 -0.0046
v -0.013993 -0.043949 -0.0046
v -0.014032 -0.044005 -0.0046
v -0.014075 -0.044058 -0.0046
v -0.015349 -0.04405 -0.0046
v -0.01538 -0.04401 -0.0046
v -0.015408 -0.043968 -0.0046
v -0.007172 -0.032931 -0.0046
v -0.007115 -0.032899 -0.0046
v -0.007054 -0.032872 -0.0046
v -0.006928 -0.032833 -0.0046
v -0.006863 -0.032822 -0.0046
v -0.006797 -0.032816 -0.0046
v -0.006731 -0.032815 -0.0046
v -0.005952 -0.03296 -0.0046
v -0.005884 -0.032977 -0.0046
v -0.014122 -0.044107 -0.0046
v -0.014173 -0.044151 -0.0046
v -0.014228 -0.044191 -0.0046
v -0.015276 -0.044121 -0.0046
v -0.015453 -0.043877 -0.0046
v -0.015236 -0.044151 -0.0046
v -0.015314 -0.044087 -0.0046
v -0.015433 -0.043924 -0.0046
v -0.01547 -0.04383 -0.0046
v -0.015483 -0.04378 -0.0046
v -0.015491 -0.04373 -0.0046
v -0.005581 -0.033144 -0.0046
v -0.005531 -0.033193 -0.0046
v -0.005485 -0.033245 -0.0046
v -0.005465 -0.034219 -0.0046
v -0.005364 -0.034036 -0.0046
v -0.005392 -0.0341 -0.0046
v -0.005426 -0.034161 -0.0046
v -0.015495 -0.04368 -0.0046
v -0.015495 -0.043629 -0.0046
v -0.005693 -0.033062 -0.0046
v -0.005635 -0.0331 -0.0046
v -0.005443 -0.033301 -0.0046
v -0.005407 -0.033361 -0.0046
v -0.005377 -0.033424 -0.0046
v -0.005332 -0.033556 -0.0046
v -0.005314 -0.033833 -0.0046
v -0.005325 -0.033902 -0.0046
v -0.014287 -0.044227 -0.0046
v -0.014348 -0.044257 -0.0046
v -0.014411 -0.044282 -0.0046
v -0.014611 -0.044323 -0.0046
v -0.014679 -0.044326 -0.0046
v -0.014747 -0.044322 -0.0046
v -0.00531 -0.033764 -0.0046
v -0.005318 -0.033624 -0.0046
v -0.005311 -0.033694 -0.0046
v -0.005351 -0.033489 -0.0046
v -0.005342 -0.03397 -0.0046
v -0.014476 -0.044301 -0.0046
v -0.014543 -0.044315 -0.0046
v -0.014814 -0.044313 -0.0046
v -0.01488 -0.044298 -0.0046
v -0.013993 -0.043949 -0.0057
v -0.013915 -0.043834 -0.0057
v -0.013827 -0.043726 -0.0057
v -0.007327 -0.033054 -0.0057
v -0.010274 -0.036279 -0.0057
v -0.012971 -0.039714 -0.0057
v -0.015406 -0.043341 -0.0057
v -0.015431 -0.043386 -0.0057
v -0.015452 -0.043432 -0.0057
v -0.015469 -0.04348 -0.0057
v -0.015482 -0.043529 -0.0057
v -0.01549 -0.043579 -0.0057
v -0.015495 -0.043629 -0.0057
v -0.015495 -0.04368 -0.0057
v -0.015491 -0.04373 -0.0057
v -0.015483 -0.04378 -0.0057
v -0.01547 -0.04383 -0.0057
v -0.015453 -0.043877 -0.0057
v -0.015433 -0.043924 -0.0057
v -0.015408 -0.043968 -0.0057
v -0.01538 -0.04401 -0.0057
v -0.015349 -0.04405 -0.0057
v -0.015314 -0.044087 -0.0057
v -0.015276 -0.044121 -0.0057
v -0.015236 -0.044151 -0.0057
v -0.015193 -0.044178 -0.0057
v -0.015148 -0.044201 -0.0057
v -0.015101 -0.044221 -0.0057
v 0.008513 -0.030569 -0.0046
v 0.00869 -0.030714 -0.0046
v 0.006854 -0.033097 -0.0046
v 0.007538 -0.029584 -0.0046
v 0.008348 -0.030411 -0.0046
v 0.006579 -0.029443 -0.0046
v 0.008876 -0.030846 -0.0046
v 0.009071 -0.030965 -0.0046
v 0.00909 -0.032578 -0.0046
v 0.009274 -0.031069 -0.0046
v 0.009336 -0.031101 -0.0046
v 0.009394 -0.031139 -0.0046
v 0.009449 -0.031181 -0.0046
v 0.009499 -0.031227 -0.0046
v 0.009546 -0.031278 -0.0046
v 0.009588 -0.031333 -0.0046
v 0.009158 -0.032562 -0.0046
v 0.009632 -0.032184 -0.0046
v 0.009663 -0.032122 -0.0046
v 0.009626 -0.031391 -0.0046
v 0.009658 -0.031452 -0.0046
v 0.009721 -0.031649 -0.0046
v 0.009731 -0.031718 -0.0046
v 0.009734 -0.031787 -0.0046
v 0.009706 -0.031582 -0.0046
v 0.009723 -0.031924 -0.0046
v 0.009709 -0.031992 -0.0046
v 0.00452 -0.033789 -0.0046
v 0.004451 -0.033797 -0.0046
v 0.004381 -0.033798 -0.0046
v 0.004312 -0.033793 -0.0046
v 0.004243 -0.033782 -0.0046
v 0.002112 -0.031917 -0.0046
v 0.002342 -0.033401 -0.0046
v 0.002053 -0.031953 -0.0046
v 0.001997 -0.031994 -0.0046
v 0.006772 -0.029367 -0.0046
v 0.00684 -0.029353 -0.0046
v 0.009732 -0.031856 -0.0046
v 0.009685 -0.031516 -0.0046
v 0.009689 -0.032058 -0.0046
v 0.009596 -0.032243 -0.0046
v 0.009555 -0.032298 -0.0046
v 0.009509 -0.03235 -0.0046
v 0.009347 -0.032479 -0.0046
v 0.009286 -0.032512 -0.0046
v 0.009223 -0.032539 -0.0046
v 0.001753 -0.032328 -0.0046
v 0.001781 -0.032265 -0.0046
v 0.002209 -0.033362 -0.0046
v 0.006641 -0.029413 -0.0046
v 0.006706 -0.029387 -0.0046
v 0.007048 -0.029348 -0.0046
v 0.007117 -0.029358 -0.0046
v 0.006979 -0.029343 -0.0046
v 0.007184 -0.029374 -0.0046
v 0.00725 -0.029395 -0.0046
v 0.007314 -0.029423 -0.0046
v 0.007375 -0.029455 -0.0046
v 0.007433 -0.029493 -0.0046
v 0.006909 -0.029345 -0.0046
v 0.007488 -0.029536 -0.0046
v 0.009459 -0.032397 -0.0046
v 0.009405 -0.03244 -0.0046
v 0.004654 -0.033757 -0.0046
v 0.004588 -0.033776 -0.0046
v 0.001815 -0.032203 -0.0046
v 0.001853 -0.032145 -0.0046
v 0.001897 -0.032091 -0.0046
v 0.001704 -0.032531 -0.0046
v 0.001715 -0.032462 -0.0046
v 0.001731 -0.032394 -0.0046
v 0.002275 -0.033384 -0.0046
v 0.001945 -0.032041 -0.0046
v 0.002084 -0.0333 -0.0046
v 0.002026 -0.033261 -0.0046
v 0.0017 -0.0326 -0.0046
v 0.001709 -0.032739 -0.0046
v 0.001702 -0.03267 -0.0046
v 0.001835 -0.033061 -0.0046
v 0.001876 -0.033117 -0.0046
v 0.001798 -0.033002 -0.0046
v 0.001768 -0.032939 -0.0046
v 0.001723 -0.032807 -0.0046
v 0.001742 -0.032874 -0.0046
v 0.002145 -0.033334 -0.0046
v 0.001972 -0.033218 -0.0046
v 0.001922 -0.03317 -0.0046
v 0.009274 -0.031069 -0.0057
v 0.009071 -0.030965 -0.0057
v 0.008876 -0.030846 -0.0057
v 0.00869 -0.030714 -0.0057
v 0.008513 -0.030569 -0.0057
v 0.008348 -0.030411 -0.0057
v 0.004654 -0.033757 -0.0057
v 0.006854 -0.033097 -0.0057
v 0.00909 -0.032578 -0.0057
v -0.0066 -0.03283 -0.0057
v -0.005952 -0.03296 -0.0057
v -0.006665 -0.03282 -0.0057
v -0.006731 -0.032815 -0.0057
v -0.006797 -0.032816 -0.0057
v -0.006863 -0.032822 -0.0057
v -0.006928 -0.032833 -0.0057
v -0.006992 -0.03285 -0.0057
v -0.007054 -0.032872 -0.0057
v -0.007115 -0.032899 -0.0057
v -0.007172 -0.032931 -0.0057
v -0.007227 -0.032967 -0.0057
v -0.007279 -0.033008 -0.0057
v -0.011032 -0.043819 -0.0057
v -0.011032 -0.043819 -0.0046
v -0.010979 -0.043859 -0.0057
v -0.010979 -0.043859 -0.0046
v -0.010923 -0.043894 -0.0057
v -0.010923 -0.043894 -0.0046
v -0.010863 -0.043925 -0.0057
v -0.010863 -0.043925 -0.0046
v -0.010802 -0.04395 -0.0057
v -0.010802 -0.04395 -0.0046
v -0.010739 -0.04397 -0.0057
v -0.010739 -0.04397 -0.0046
v -0.010674 -0.043985 -0.0057
v -0.010674 -0.043985 -0.0046
v -0.010608 -0.043995 -0.0057
v -0.010608 -0.043995 -0.0046
v -0.010541 -0.043999 -0.0057
v -0.010541 -0.043999 -0.0046
v -0.010475 -0.043997 -0.0057
v -0.010475 -0.043997 -0.0046
v -0.010409 -0.04399 -0.0057
v -0.010409 -0.04399 -0.0046
v -0.010343 -0.043977 -0.0057
v -0.010343 -0.043977 -0.0046
v -0.010279 -0.043959 -0.0057
v -0.010279 -0.043959 -0.0046
v -0.010217 -0.043936 -0.0057
v -0.010217 -0.043936 -0.0046
v -0.010157 -0.043908 -0.0057
v -0.010157 -0.043908 -0.0046
v -0.010099 -0.043874 -0.0057
v -0.010099 -0.043874 -0.0046
v -0.010045 -0.043836 -0.0057
v -0.010045 -0.043836 -0.0046
v -0.009993 -0.043794 -0.0057
v -0.009993 -0.043794 -0.0046
v -0.009946 -0.043748 -0.0057
v -0.009946 -0.043748 -0.0046
v -0.009902 -0.043697 -0.0057
v -0.009902 -0.043697 -0.0046
v -0.009863 -0.043644 -0.0057
v -0.009863 -0.043644 -0.0046
v -0.014945 -0.044277 -0.0057
v -0.01488 -0.044298 -0.0057
v -0.014814 -0.044313 -0.0057
v -0.014747 -0.044322 -0.0057
v -0.014679 -0.044326 -0.0057
v -0.014611 -0.044323 -0.0057
v -0.014543 -0.044315 -0.0057
v -0.014476 -0.044301 -0.0057
v -0.014411 -0.044282 -0.0057
v -0.014348 -0.044257 -0.0057
v -0.014287 -0.044227 -0.0057
v -0.014228 -0.044191 -0.0057
v -0.014173 -0.044151 -0.0057
v -0.014122 -0.044107 -0.0057
v -0.014075 -0.044058 -0.0057
v -0.014032 -0.044005 -0.0057
v 0.002112 -0.031917 -0.0057
v 0.006579 -0.029443 -0.0057
v 0.002053 -0.031953 -0.0057
v 0.001997 -0.031994 -0.0057
v 0.001945 -0.032041 -0.0057
v 0.001897 -0.032091 -0.0057
v 0.001853 -0.032145 -0.0057
v 0.001815 -0.032203 -0.0057
v 0.001781 -0.032265 -0.0057
v 0.001753 -0.032328 -0.0057
v 0.001731 -0.032394 -0.0057
v 0.001715 -0.032462 -0.0057
v 0.001704 -0.032531 -0.0057
v 0.0017 -0.0326 -0.0057
v 0.001702 -0.03267 -0.0057
v 0.001709 -0.032739 -0.0057
v 0.001723 -0.032807 -0.0057
v 0.001742 -0.032874 -0.0057
v 0.001768 -0.032939 -0.0057
v 0.001798 -0.033002 -0.0057
v 0.001835 -0.033061 -0.0057
v 0.001876 -0.033117 -0.0057
v 0.001922 -0.03317 -0.0057
v 0.001972 -0.033218 -0.0057
v 0.002026 -0.033261 -0.0057
v 0.002084 -0.0333 -0.0057
v 0.002145 -0.033334 -0.0057
v 0.002209 -0.033362 -0.0057
v 0.002275 -0.033384 -0.0057
v 0.002342 -0.033401 -0.0057
v 0.004243 -0.033782 -0.0057
v 0.004312 -0.033793 -0.0057
v 0.004381 -0.033798 -0.0057
v 0.004451 -0.033797 -0.0057
v 0.00452 -0.033789 -0.0057
v 0.004588 -0.033776 -0.0057
v -0.00299 -0.033583 -0.0046
v -0.002921 -0.033581 -0.0046
v -0.002458 -0.037023 -0.0046
v 9.2e-05 -0.035636 -0.0046
v -3.8e-05 -0.03415 -0.0046
v 2.7e-05 -0.034172 -0.0046
v -0.002851 -0.033586 -0.0046
v -0.002782 -0.033597 -0.0046
v -0.000104 -0.034134 -0.0046
v -0.004889 -0.03861 -0.0046
v -0.00354 -0.033852 -0.0046
v -0.011229 -0.04259 -0.0046
v 0.000207 -0.03427 -0.0046
v 0.000492 -0.035186 -0.0046
v 0.00015 -0.034232 -0.0046
v 0.000466 -0.035249 -0.0046
v -0.003439 -0.033756 -0.0046
v -0.003383 -0.033715 -0.0046
v 0.000435 -0.035311 -0.0046
v 0.000399 -0.035369 -0.0046
v 0.000358 -0.035424 -0.0046
v -0.003492 -0.033802 -0.0046
v 0.000313 -0.035475 -0.0046
v 0.000263 -0.035522 -0.0046
v 0.000209 -0.035565 -0.0046
v -0.011272 -0.042644 -0.0046
v -0.011311 -0.042701 -0.0046
v 0.000261 -0.034313 -0.0046
v 0.000311 -0.03436 -0.0046
v 0.000357 -0.034411 -0.0046
v 0.000398 -0.034466 -0.0046
v 0.000434 -0.034524 -0.0046
v 0.000465 -0.034585 -0.0046
v 0.000535 -0.034985 -0.0046
v 0.000527 -0.035053 -0.0046
v 0.000512 -0.03512 -0.0046
v 9e-05 -0.0342 -0.0046
v 0.000152 -0.035603 -0.0046
v -0.003323 -0.033679 -0.0046
v -0.00326 -0.033648 -0.0046
v -0.003195 -0.033623 -0.0046
v -0.003128 -0.033604 -0.0046
v -0.00306 -0.03359 -0.0046
v 0.000491 -0.034648 -0.0046
v 0.000512 -0.034714 -0.0046
v 0.000526 -0.03478 -0.0046
v 0.000535 -0.034848 -0.0046
v 0.000538 -0.034917 -0.0046
v -0.011117 -0.043752 -0.0046
v -0.01117 -0.043708 -0.0046
v -0.011395 -0.042889 -0.0046
v -0.011372 -0.042824 -0.0046
v -0.011344 -0.042761 -0.0046
v -0.011428 -0.043161 -0.0046
v -0.011428 -0.043092 -0.0046
v -0.011423 -0.043024 -0.0046
v -0.011412 -0.042956 -0.0046
v -0.011218 -0.043659 -0.0046
v -0.011263 -0.043607 -0.0046
v -0.011302 -0.04355 -0.0046
v -0.011337 -0.043491 -0.0046
v -0.011366 -0.043428 -0.0046
v -0.01139 -0.043364 -0.0046
v -0.011408 -0.043297 -0.0046
v -0.011421 -0.04323 -0.0046
v -0.011117 -0.043752 -0.0057
v -0.011229 -0.04259 -0.0057
v -0.011272 -0.042644 -0.0057
v -0.011311 -0.042701 -0.0057
v -0.011344 -0.042761 -0.0057
v -0.011372 -0.042824 -0.0057
v -0.011395 -0.042889 -0.0057
v -0.011412 -0.042956 -0.0057
v -0.011423 -0.043024 -0.0057
v -0.011428 -0.043092 -0.0057
v -0.011428 -0.043161 -0.0057
v -0.011421 -0.04323 -0.0057
v -0.011408 -0.043297 -0.0057
v -0.01139 -0.043364 -0.0057
v -0.011366 -0.043428 -0.0057
v -0.011337 -0.043491 -0.0057
v -0.011302 -0.04355 -0.0057
v -0.011263 -0.043607 -0.0057
v -0.011218 -0.043659 -0.0057
v -0.01117 -0.043708 -0.0057
v -0.013021 -0.044678 -0.0022
v -0.015219 -0.045455 -0.0022
v -0.015652 -0.04529 -0.0022
v -0.015511 -0.045348 -0.0022
v -0.016426 -0.04271 -0.0022
v -0.013004 -0.044639 -0.0022
v -0.016403 -0.042672 -0.0022
v -0.006415 -0.041305 -0.0022
v -0.013915 -0.040672 -0.0022
v 0.002724 -0.035759 -0.0022
v 0.00225 -0.034964 -0.0022
v 0.000287 -0.03688 -0.0022
v 0.001808 -0.035141 -0.0022
v -0.002057 -0.038183 -0.0022
v -0.004296 -0.039661 -0.0022
v 0.007899 -0.034066 -0.0022
v 0.007248 -0.03219 -0.0022
v 0.007818 -0.03409 -0.0022
v 0.00717 -0.032222 -0.0022
v 0.005239 -0.034827 -0.0022
v 0.007094 -0.03226 -0.0022
v 0.002674 -0.034749 -0.0022
v -0.012985 -0.044601 -0.0022
v -0.012963 -0.044565 -0.0022
v -0.012937 -0.044532 -0.0022
v -0.01257 -0.044349 -0.0022
v -0.012527 -0.044349 -0.0022
v -0.012485 -0.044353 -0.0022
v -0.012444 -0.04436 -0.0022
v -0.012363 -0.044385 -0.0022
v -0.008101 -0.043108 -0.0022
v -0.007588 -0.042462 -0.0022
v -0.012105 -0.044526 -0.0022
v -0.009304 -0.045263 -0.0022
v -0.012325 -0.044403 -0.0022
v -0.008961 -0.044513 -0.0022
v -0.008559 -0.043793 -0.0022
v 0.007496 -0.032136 -0.0022
v 0.007412 -0.032147 -0.0022
v 0.008054 -0.033998 -0.0022
v -0.012403 -0.044371 -0.0022
v -0.007025 -0.04186 -0.0022
v 0.008504 -0.03276 -0.0022
v 0.00847 -0.032683 -0.0022
v 0.008429 -0.032609 -0.0022
v 0.008382 -0.032538 -0.0022
v 0.007978 -0.034035 -0.0022
v 0.007329 -0.032165 -0.0022
v -0.014292 -0.040823 -0.0022
v -0.014656 -0.041005 -0.0022
v -0.016501 -0.042843 -0.0022
v -0.016564 -0.042981 -0.0022
v -0.016615 -0.043125 -0.0022
v -0.01635 -0.044717 -0.0022
v -0.016255 -0.044836 -0.0022
v -0.016619 -0.044175 -0.0022
v -0.012909 -0.0445 -0.0022
v -0.012878 -0.044471 -0.0022
v -0.012845 -0.044445 -0.0022
v -0.012695 -0.04437 -0.0022
v -0.012654 -0.04436 -0.0022
v -0.012612 -0.044353 -0.0022
v -0.010396 -0.047066 -0.0022
v -0.010094 -0.047066 -0.0022
v -0.009802 -0.046834 -0.0022
v -0.010069 -0.047065 -0.0022
v 0.008329 -0.032472 -0.0022
v 0.008271 -0.032411 -0.0022
v 0.008207 -0.032355 -0.0022
v 0.007749 -0.032147 -0.0022
v 0.007665 -0.032136 -0.0022
v 0.007581 -0.032133 -0.0022
v -0.015003 -0.041218 -0.0022
v -0.01533 -0.041459 -0.0022
v -0.015636 -0.041727 -0.0022
v -0.016654 -0.043272 -0.0022
v -0.01668 -0.043422 -0.0022
v -0.015787 -0.045221 -0.0022
v -0.01281 -0.044421 -0.0022
v -0.012773 -0.044401 -0.0022
v -0.012734 -0.044384 -0.0022
v -0.011897 -0.044667 -0.0022
v -0.011701 -0.044825 -0.0022
v -0.011519 -0.044999 -0.0022
v -0.009817 -0.046882 -0.0022
v -0.009808 -0.046858 -0.0022
v -0.010019 -0.047057 -0.0022
v -0.010044 -0.047062 -0.0022
v 0.008127 -0.033955 -0.0022
v 0.008196 -0.033905 -0.0022
v 0.008553 -0.032922 -0.0022
v 0.00826 -0.03385 -0.0022
v 0.008319 -0.03379 -0.0022
v 0.008373 -0.033724 -0.0022
v 0.008421 -0.033655 -0.0022
v 0.008463 -0.033581 -0.0022
v 0.00855 -0.033343 -0.0022
v 0.008565 -0.033259 -0.0022
v 0.008573 -0.033175 -0.0022
v 0.008573 -0.03309 -0.0022
v 0.008567 -0.033006 -0.0022
v 0.008532 -0.03284 -0.0022
v 0.008139 -0.032304 -0.0022
v 0.008067 -0.03226 -0.0022
v 0.007992 -0.032221 -0.0022
v 0.007913 -0.03219 -0.0022
v 0.007832 -0.032165 -0.0022
v -0.015918 -0.04202 -0.0022
v -0.016174 -0.042336 -0.0022
v -0.016151 -0.044947 -0.0022
v -0.016037 -0.045048 -0.0022
v -0.015916 -0.04514 -0.0022
v -0.011353 -0.045188 -0.0022
v -0.011202 -0.045389 -0.0022
v -0.011069 -0.045603 -0.0022
v -0.010955 -0.045827 -0.0022
v -0.01086 -0.04606 -0.0022
v -0.009584 -0.046038 -0.0022
v -0.009995 -0.04705 -0.0022
v -0.009972 -0.04704 -0.0022
v -0.009888 -0.046985 -0.0022
v 0.008499 -0.033504 -0.0022
v 0.008528 -0.033425 -0.0022
v -0.00987 -0.046967 -0.0022
v -0.009854 -0.046947 -0.0022
v -0.016693 -0.043573 -0.0022
v -0.016694 -0.043725 -0.0022
v -0.016682 -0.043877 -0.0022
v -0.016657 -0.044027 -0.0022
v -0.01657 -0.044318 -0.0022
v -0.016508 -0.044457 -0.0022
v -0.016434 -0.044591 -0.0022
v -0.010784 -0.0463 -0.0022
v -0.010729 -0.046546 -0.0022
v -0.010695 -0.046795 -0.0022
v -0.010691 -0.046821 -0.0022
v -0.010422 -0.047065 -0.0022
v -0.010686 -0.046846 -0.0022
v -0.010678 -0.046871 -0.0022
v -0.009949 -0.047029 -0.0022
v -0.009927 -0.047016 -0.0022
v -0.009907 -0.047001 -0.0022
v -0.010667 -0.046895 -0.0022
v -0.010655 -0.046918 -0.0022
v -0.010641 -0.04694 -0.0022
v -0.010588 -0.046997 -0.0022
v -0.010568 -0.047013 -0.0022
v -0.010546 -0.047027 -0.0022
v -0.010608 -0.046979 -0.0022
v -0.010498 -0.047049 -0.0022
v -0.010474 -0.047056 -0.0022
v -0.00984 -0.046926 -0.0022
v -0.009828 -0.046905 -0.0022
v -0.010523 -0.047039 -0.0022
v -0.010625 -0.04696 -0.0022
v -0.010448 -0.047062 -0.0022
v -0.00354 -0.033852 -0.0057
v 9.2e-05 -0.035636 -0.0057
v 0.000152 -0.035603 -0.0057
v 0.000209 -0.035565 -0.0057
v 0.000263 -0.035522 -0.0057
v 0.000313 -0.035475 -0.0057
v 0.000358 -0.035424 -0.0057
v 0.000399 -0.035369 -0.0057
v 0.000435 -0.035311 -0.0057
v 0.000466 -0.035249 -0.0057
v 0.000492 -0.035186 -0.0057
v 0.000512 -0.03512 -0.0057
v 0.000527 -0.035053 -0.0057
v 0.000535 -0.034985 -0.0057
v 0.000538 -0.034917 -0.0057
v 0.000535 -0.034848 -0.0057
v 0.000526 -0.03478 -0.0057
v 0.000512 -0.034714 -0.0057
v 0.000491 -0.034648 -0.0057
v 0.000465 -0.034585 -0.0057
v 0.000434 -0.034524 -0.0057
v 0.000398 -0.034466 -0.0057
v 0.000357 -0.034411 -0.0057
v 0.000311 -0.03436 -0.0057
v 0.000261 -0.034313 -0.0057
v 0.000207 -0.03427 -0.0057
v 0.00015 -0.034232 -0.0057
v 9e-05 -0.0342 -0.0057
v 2.7e-05 -0.034172 -0.0057
v -3.8e-05 -0.03415 -0.0057
v -0.000104 -0.034134 -0.0057
v -0.004889 -0.03861 -0.0057
v -0.002458 -0.037023 -0.0057
v -0.002782 -0.033597 -0.0057
v -0.002851 -0.033586 -0.0057
v -0.002921 -0.033581 -0.0057
v -0.00299 -0.033583 -0.0057
v -0.00306 -0.03359 -0.0057
v -0.003128 -0.033604 -0.0057
v -0.003195 -0.033623 -0.0057
v -0.00326 -0.033648 -0.0057
v -0.003323 -0.033679 -0.0057
v -0.003383 -0.033715 -0.0057
v -0.003439 -0.033756 -0.0057
v -0.003492 -0.033802 -0.0057
v -0.005509 -0.034273 -0.0057
v -0.005465 -0.034219 -0.0057
v -0.005426 -0.034161 -0.0057
v -0.005392 -0.0341 -0.0057
v -0.005364 -0.034036 -0.0057
v -0.005342 -0.03397 -0.0057
v -0.005325 -0.033902 -0.0057
v -0.005314 -0.033833 -0.0057
v -0.00531 -0.033764 -0.0057
v -0.005311 -0.033694 -0.0057
v -0.005318 -0.033624 -0.0057
v -0.005332 -0.033556 -0.0057
v -0.005351 -0.033489 -0.0057
v -0.005377 -0.033424 -0.0057
v -0.005407 -0.033361 -0.0057
v -0.005443 -0.033301 -0.0057
v -0.005485 -0.033245 -0.0057
v -0.005531 -0.033193 -0.0057
v -0.005581 -0.033144 -0.0057
v -0.005635 -0.0331 -0.0057
v -0.005693 -0.033062 -0.0057
v -0.005754 -0.033028 -0.0057
v -0.005818 -0.033 -0.0057
v -0.005884 -0.032977 -0.0057
v 0.007538 -0.029584 -0.0057
v 0.007488 -0.029536 -0.0057
v 0.007433 -0.029493 -0.0057
v 0.007375 -0.029455 -0.0057
v 0.007314 -0.029423 -0.0057
v 0.00725 -0.029395 -0.0057
v 0.007184 -0.029374 -0.0057
v 0.007117 -0.029358 -0.0057
v 0.007048 -0.029348 -0.0057
v 0.006979 -0.029343 -0.0057
v 0.006909 -0.029345 -0.0057
v 0.00684 -0.029353 -0.0057
v 0.006772 -0.029367 -0.0057
v 0.006706 -0.029387 -0.0057
v 0.006641 -0.029413 -0.0057
v 0.009336 -0.031101 -0.0057
v 0.009394 -0.031139 -0.0057
v 0.009449 -0.031181 -0.0057
v 0.009499 -0.031227 -0.0057
v 0.009546 -0.031278 -0.0057
v 0.009588 -0.031333 -0.0057
v 0.009626 -0.031391 -0.0057
v 0.009658 -0.031452 -0.0057
v 0.009685 -0.031516 -0.0057
v 0.009706 -0.031582 -0.0057
v 0.009721 -0.031649 -0.0057
v 0.009731 -0.031718 -0.0057
v 0.009734 -0.031787 -0.0057
v 0.009732 -0.031856 -0.0057
v 0.009723 -0.031924 -0.0057
v 0.009709 -0.031992 -0.0057
v 0.009689 -0.032058 -0.0057
v 0.009663 -0.032122 -0.0057
v 0.009632 -0.032184 -0.0057
v 0.009596 -0.032243 -0.0057
v 0.009555 -0.032298 -0.0057
v 0.009509 -0.03235 -0.0057
v 0.009459 -0.032397 -0.0057
v 0.009405 -0.03244 -0.0057
v 0.009347 -0.032479 -0.0057
v 0.009286 -0.032512 -0.0057
v 0.009223 -0.032539 -0.0057
v 0.009158 -0.032562 -0.0057
v -0.013021 -0.044678 -0.0057
v -0.013004 -0.044639 -0.0057
v -0.012985 -0.044601 -0.0057
v -0.012963 -0.044565 -0.0057
v -0.012937 -0.044532 -0.0057
v -0.012909 -0.0445 -0.0057
v -0.012878 -0.044471 -0.0057
v -0.012845 -0.044445 -0.0057
v -0.01281 -0.044421 -0.0057
v -0.012773 -0.044401 -0.0057
v -0.012734 -0.044384 -0.0057
v -0.012695 -0.04437 -0.0057
v -0.012654 -0.04436 -0.0057
v -0.012612 -0.044353 -0.0057
v -0.01257 -0.044349 -0.0057
v -0.012527 -0.044349 -0.0057
v -0.012485 -0.044353 -0.0057
v -0.012444 -0.04436 -0.0057
v -0.012403 -0.044371 -0.0057
v -0.012363 -0.044385 -0.0057
v -0.012325 -0.044403 -0.0057
v -0.012105 -0.044526 -0.0057
v -0.011897 -0.044667 -0.0057
v -0.011701 -0.044825 -0.0057
v -0.011519 -0.044999 -0.0057
v -0.011353 -0.045188 -0.0057
v -0.011202 -0.045389 -0.0057
v -0.011069 -0.045603 -0.0057
v -0.010955 -0.045827 -0.0057
v -0.01086 -0.04606 -0.0057
v -0.010784 -0.0463 -0.0057
v -0.010729 -0.046546 -0.0057
v -0.010695 -0.046795 -0.0057
v -0.010396 -0.047066 -0.0057
v -0.010422 -0.047065 -0.0057
v -0.010448 -0.047062 -0.0057
v -0.010474 -0.047056 -0.0057
v -0.010498 -0.047049 -0.0057
v -0.010523 -0.047039 -0.0057
v -0.010546 -0.047027 -0.0057
v -0.010568 -0.047013 -0.0057
v -0.010588 -0.046997 -0.0057
v -0.010608 -0.046979 -0.0057
v -0.010625 -0.04696 -0.0057
v -0.010641 -0.04694 -0.0057
v -0.010655 -0.046918 -0.0057
v -0.010667 -0.046895 -0.0057
v -0.010678 -0.046871 -0.0057
v -0.010686 -0.046846 -0.0057
v -0.010691 -0.046821 -0.0057
v -0.010094 -0.047066 -0.0057
v -0.009802 -0.046834 -0.0057
v -0.009808 -0.046858 -0.0057
v -0.009817 -0.046882 -0.0057
v -0.009828 -0.046905 -0.0057
v -0.00984 -0.046926 -0.0057
v -0.009854 -0.046947 -0.0057
v -0.00987 -0.046967 -0.0057
v -0.009888 -0.046985 -0.0057
v -0.009907 -0.047001 -0.0057
v -0.009927 -0.047016 -0.0057
v -0.009949 -0.047029 -0.0057
v -0.009972 -0.04704 -0.0057
v -0.009995 -0.04705 -0.0057
v -0.010019 -0.047057 -0.0057
v -0.010044 -0.047062 -0.0057
v -0.010069 -0.047065 -0.0057
v -0.009584 -0.046038 -0.0057
v -0.009304 -0.045263 -0.0057
v -0.008961 -0.044513 -0.0057
v -0.008559 -0.043793 -0.0057
v -0.008101 -0.043108 -0.0057
v -0.007588 -0.042462 -0.0057
v -0.007025 -0.04186 -0.0057
v -0.006415 -0.041305 -0.0057
v -0.00422 -0.039607 -0.0057
v -0.001898 -0.038087 -0.0057
v 0.000537 -0.036754 -0.0057
v 0.00307 -0.035618 -0.0057
v 0.005683 -0.034685 -0.0057
v 0.008363 -0.033961 -0.0057
v 0.011091 -0.033449 -0.0057
v 0.01241 -0.031781 -0.0057
v 0.012415 -0.031887 -0.0057
v 0.012412 -0.032018 -0.0057
v 0.012398 -0.032149 -0.0057
v 0.012373 -0.032278 -0.0057
v 0.012337 -0.032405 -0.0057
v 0.01229 -0.032528 -0.0057
v 0.012233 -0.032647 -0.0057
v 0.012166 -0.03276 -0.0057
v 0.01209 -0.032867 -0.0057
v 0.012004 -0.032967 -0.0057
v 0.011911 -0.03306 -0.0057
v 0.01181 -0.033145 -0.0057
v 0.011703 -0.033221 -0.0057
v 0.011589 -0.033287 -0.0057
v 0.01147 -0.033343 -0.0057
v 0.011347 -0.033389 -0.0057
v 0.01122 -0.033425 -0.0057
v 0.012408 -0.031755 -0.0057
v 0.002103 -0.025191 -0.0057
v 0.002744 -0.024989 -0.0057
v 0.0034 -0.024843 -0.0057
v 0.004066 -0.024756 -0.0057
v 0.004737 -0.024726 -0.0057
v 0.005408 -0.024756 -0.0057
v 0.006074 -0.024843 -0.0057
v 0.00673 -0.024989 -0.0057
v 0.00737 -0.025191 -0.0057
v 0.007991 -0.025448 -0.0057
v 0.008587 -0.025758 -0.0057
v 0.009153 -0.026119 -0.0057
v 0.009686 -0.026528 -0.0057
v 0.010182 -0.026982 -0.0057
v 0.010635 -0.027477 -0.0057
v 0.011044 -0.02801 -0.0057
v 0.011405 -0.028576 -0.0057
v 0.011715 -0.029172 -0.0057
v 0.011972 -0.029793 -0.0057
v 0.012174 -0.030433 -0.0057
v 0.01232 -0.031089 -0.0057
v 9.6e-05 -0.025921 -0.0057
v -0.003686 -0.028087 -0.0057
v -0.002928 -0.027262 -0.0055
v -0.002814 -0.027426 -0.0057
v -0.001987 -0.026669 -0.0055
v -0.001888 -0.026842 -0.0057
v -0.001 -0.026158 -0.0055
v -0.000916 -0.026339 -0.0057
v -0.016426 -0.04271 -0.0057
v -0.014271 -0.039466 -0.0057
v -0.011909 -0.036368 -0.0057
v -0.00935 -0.033431 -0.0057
v -0.006605 -0.030667 -0.0057
v -0.015511 -0.045348 -0.0057
v -0.015652 -0.04529 -0.0057
v -0.015787 -0.045221 -0.0057
v -0.015916 -0.04514 -0.0057
v -0.016037 -0.045048 -0.0057
v -0.016151 -0.044947 -0.0057
v -0.016255 -0.044836 -0.0057
v -0.01635 -0.044717 -0.0057
v -0.016434 -0.044591 -0.0057
v -0.016508 -0.044457 -0.0057
v -0.01657 -0.044318 -0.0057
v -0.016619 -0.044175 -0.0057
v -0.016657 -0.044027 -0.0057
v -0.016682 -0.043877 -0.0057
v -0.016694 -0.043725 -0.0057
v -0.016693 -0.043573 -0.0057
v -0.01668 -0.043422 -0.0057
v -0.016654 -0.043272 -0.0057
v -0.016615 -0.043125 -0.0057
v -0.016564 -0.042981 -0.0057
v -0.016501 -0.042843 -0.0057
v 0.011617 -0.03219 0.0001
v 0.011638 -0.032123 0.0001
v 0.010866 -0.031916 0.0001
v 0.011654 -0.032055 0.0001
v 0.011663 -0.031986 0.0001
v 0.011521 -0.032375 0.0001
v 0.011559 -0.032316 0.0001
v 0.011591 -0.032254 0.0001
v 0.01138 -0.032529 0.0001
v 0.011431 -0.032482 0.0001
v 0.011479 -0.03243 0.0001
v 0.011204 -0.032641 0.0001
v 0.011266 -0.032609 0.0001
v 0.011325 -0.032571 0.0001
v 0.011005 -0.032704 0.0001
v 0.011073 -0.032689 0.0001
v 0.011139 -0.032668 0.0001
v 0.010796 -0.032713 0.0001
v 0.010866 -0.032716 0.0001
v 0.010935 -0.032713 0.0001
v 0.010592 -0.032668 0.0001
v 0.010659 -0.032689 0.0001
v 0.010727 -0.032704 0.0001
v 0.010407 -0.032571 0.0001
v 0.010466 -0.032609 0.0001
v 0.010528 -0.032641 0.0001
v 0.010253 -0.03243 0.0001
v 0.0103 -0.032482 0.0001
v 0.010351 -0.032529 0.0001
v 0.010141 -0.032254 0.0001
v 0.010173 -0.032316 0.0001
v 0.01021 -0.032375 0.0001
v 0.010078 -0.032055 0.0001
v 0.010093 -0.032123 0.0001
v 0.010114 -0.03219 0.0001
v 0.010069 -0.031846 0.0001
v 0.010066 -0.031916 0.0001
v 0.010069 -0.031986 0.0001
v 0.010114 -0.031642 0.0001
v 0.010093 -0.031709 0.0001
v 0.010078 -0.031777 0.0001
v 0.01021 -0.031457 0.0001
v 0.010173 -0.031516 0.0001
v 0.010141 -0.031578 0.0001
v 0.010351 -0.031303 0.0001
v 0.0103 -0.03135 0.0001
v 0.010253 -0.031402 0.0001
v 0.010528 -0.031191 0.0001
v 0.010466 -0.031223 0.0001
v 0.010407 -0.031261 0.0001
v 0.010727 -0.031128 0.0001
v 0.010659 -0.031143 0.0001
v 0.010592 -0.031164 0.0001
v 0.010935 -0.031119 0.0001
v 0.010866 -0.031116 0.0001
v 0.010796 -0.031119 0.0001
v 0.011139 -0.031164 0.0001
v 0.011073 -0.031143 0.0001
v 0.011005 -0.031128 0.0001
v 0.011325 -0.031261 0.0001
v 0.011266 -0.031223 0.0001
v 0.011204 -0.031191 0.0001
v 0.011479 -0.031402 0.0001
v 0.011431 -0.03135 0.0001
v 0.01138 -0.031303 0.0001
v 0.011591 -0.031578 0.0001
v 0.011559 -0.031516 0.0001
v 0.011521 -0.031457 0.0001
v 0.011654 -0.031777 0.0001
v 0.011638 -0.031709 0.0001
v 0.011617 -0.031642 0.0001
v 0.011666 -0.031916 0.0001
v 0.011663 -0.031846 0.0001
f 1 2 3
f 4 5 6
f 5 7 6
f 8 9 10
f 9 11 10
f 10 11 4
f 11 12 4
f 4 12 5
f 13 14 8
f 14 15 8
f 8 15 9
f 16 17 13
f 17 18 13
f 13 18 14
f 19 20 16
f 20 21 16
f 16 21 17
f 22 23 19
f 23 24 19
f 19 24 20
f 25 26 22
f 26 27 22
f 22 27 23
f 28 29 25
f 29 30 25
f 25 30 26
f 31 32 28
f 32 33 28
f 28 33 29
f 34 35 31
f 35 36 31
f 31 36 32
f 37 38 34
f 38 39 34
f 34 39 35
f 40 41 37
f 41 42 37
f 37 42 38
f 43 44 40
f 44 45 40
f 40 45 41
f 46 47 43
f 47 48 43
f 43 48 44
f 49 50 46
f 50 51 46
f 46 51 47
f 52 53 49
f 53 54 49
f 49 54 50
f 55 56 52
f 56 57 52
f 52 57 53
f 58 59 60
f 59 61 60
f 60 61 55
f 61 62 55
f 55 62 56
f 63 64 58
f 64 65 58
f 58 65 59
f 66 67 63
f 67 68 63
f 63 68 64
f 3 69 1
f 69 70 1
f 1 70 66
f 70 71 66
f 66 71 67
f 3 2 72
f 2 73 72
f 72 73 74
f 74 73 75
f 74 75 76
f 75 77 76
f 76 77 78
f 77 79 78
f 78 79 80
f 79 81 80
f 80 81 82
f 81 83 82
f 82 83 84
f 83 85 84
f 84 85 86
f 85 87 86
f 86 87 88
f 87 89 88
f 88 89 90
f 89 91 90
f 90 91 92
f 91 93 92
f 92 93 94
f 93 95 94
f 94 95 96
f 95 97 96
f 96 97 98
f 97 99 98
f 98 99 100
f 99 101 100
f 100 101 102
f 101 103 102
f 102 103 104
f 103 105 104
f 104 105 106
f 105 107 106
f 106 107 108
f 107 109 108
f 108 109 110
f 109 111 110
f 110 111 112
f 111 113 112
f 112 113 114
f 113 115 114
f 114 115 116
f 117 118 119
f 118 120 119
f 121 122 123
f 124 120 118
f 125 126 127
f 126 128 127
f 127 128 118
f 128 129 118
f 118 129 124
f 130 131 125
f 131 132 125
f 132 133 125
f 125 133 126
f 125 134 130
f 134 135 130
f 130 135 136
f 135 137 136
f 136 137 138
f 137 139 138
f 138 139 140
f 139 141 140
f 140 141 142
f 141 143 142
f 142 143 144
f 143 145 144
f 146 147 145
f 147 148 145
f 145 148 144
f 149 150 146
f 150 151 146
f 146 151 147
f 152 153 154
f 153 155 154
f 154 155 149
f 155 156 149
f 149 156 150
f 157 158 154
f 158 159 154
f 154 159 152
f 122 122 123
f 122 160 123
f 123 160 157
f 160 160 157
f 157 160 158
f 161 162 163
f 162 164 163
f 163 164 123
f 164 165 123
f 123 165 121
f 161 163 166
f 163 167 166
f 166 167 168
f 167 169 168
f 168 169 170
f 171 172 173
f 172 174 173
f 173 174 169
f 174 175 169
f 169 175 170
f 171 173 176
f 173 177 176
f 176 177 178
f 179 180 181
f 180 182 181
f 181 182 177
f 182 183 177
f 177 183 178
f 179 181 184
f 181 185 184
f 184 185 186
f 187 6 7
f 188 189 190
f 189 191 190
f 189 192 191
f 192 193 191
f 191 193 194
f 193 195 194
f 195 196 194
f 194 196 197
f 196 198 197
f 197 198 199
f 198 200 199
f 200 201 199
f 199 201 202
f 201 203 202
f 203 204 202
f 202 204 205
f 204 206 205
f 205 206 207
f 206 208 207
f 208 209 207
f 207 209 210
f 209 211 210
f 211 212 210
f 210 212 213
f 212 214 213
f 214 215 213
f 213 215 216
f 215 217 216
f 217 218 216
f 216 218 219
f 218 220 219
f 219 220 221
f 220 222 221
f 222 223 221
f 221 223 224
f 223 225 224
f 225 226 224
f 224 226 227
f 226 228 227
f 227 228 229
f 228 230 229
f 230 231 229
f 229 231 232
f 231 233 232
f 233 234 232
f 232 234 235
f 234 236 235
f 236 237 235
f 235 237 238
f 237 239 238
f 239 240 238
f 238 240 241
f 242 243 244
f 243 241 244
f 244 241 245
f 241 240 245
f 246 247 190
f 247 248 190
f 190 248 188
f 247 246 249
f 246 250 249
f 249 250 251
f 250 252 251
f 251 252 253
f 252 254 253
f 253 254 255
f 254 256 255
f 255 256 257
f 256 258 257
f 257 258 259
f 258 260 259
f 259 260 261
f 260 262 261
f 261 262 263
f 262 264 263
f 263 264 265
f 264 266 265
f 265 266 267
f 266 268 267
f 267 268 269
f 268 270 269
f 269 270 271
f 270 272 271
f 271 272 273
f 272 274 273
f 273 274 275
f 274 276 275
f 275 276 277
f 276 278 277
f 277 278 279
f 278 280 279
f 279 280 281
f 280 282 281
f 281 282 283
f 282 284 283
f 283 284 285
f 284 286 285
f 285 286 287
f 286 288 287
f 287 288 289
f 288 290 289
f 289 290 291
f 290 292 291
f 291 292 293
f 292 294 293
f 293 294 295
f 294 296 295
f 295 296 297
f 297 296 298
f 296 299 298
f 298 299 300
f 301 302 303
f 302 304 303
f 303 304 305
f 304 306 305
f 305 306 307
f 307 306 308
f 306 309 308
f 308 309 310
f 310 309 311
f 309 312 311
f 311 312 313
f 313 312 314
f 312 315 314
f 314 315 316
f 315 317 316
f 316 317 318
f 318 317 319
f 317 320 319
f 319 320 321
f 321 320 322
f 320 323 322
f 322 323 324
f 324 323 325
f 323 326 325
f 325 326 327
f 327 326 328
f 326 329 328
f 328 329 330
f 329 331 330
f 330 331 332
f 331 333 332
f 332 333 334
f 333 335 334
f 334 335 336
f 335 337 336
f 336 337 338
f 337 339 338
f 338 339 340
f 339 341 340
f 340 341 342
f 341 343 342
f 342 343 344
f 343 345 344
f 344 345 346
f 345 347 346
f 346 347 348
f 348 347 349
f 347 350 349
f 349 350 351
f 351 350 352
f 350 353 352
f 352 353 354
f 353 355 354
f 355 356 354
f 357 302 358
f 302 301 358
f 359 360 361
f 362 243 363
f 364 356 355
f 365 366 367
f 363 368 362
f 368 367 362
f 362 367 369
f 367 366 369
f 369 366 355
f 366 370 355
f 355 370 364
f 370 371 364
f 372 373 374
f 373 375 374
f 374 375 376
f 375 377 376
f 376 377 378
f 377 379 378
f 378 379 380
f 379 381 380
f 380 381 382
f 381 383 382
f 382 383 384
f 383 385 384
f 384 385 386
f 385 387 386
f 386 387 388
f 387 389 388
f 388 389 390
f 389 391 390
f 390 391 392
f 391 393 392
f 392 393 394
f 393 395 394
f 394 395 396
f 395 397 396
f 396 397 398
f 397 399 398
f 398 399 400
f 399 401 400
f 400 401 402
f 401 403 402
f 402 403 404
f 403 405 404
f 404 405 406
f 405 407 406
f 406 407 408
f 407 409 408
f 408 409 410
f 409 411 410
f 410 411 412
f 411 413 412
f 412 413 414
f 413 415 414
f 414 415 416
f 415 417 416
f 416 417 418
f 417 419 418
f 418 419 420
f 419 421 420
f 420 421 422
f 421 423 422
f 422 423 424
f 423 425 424
f 424 425 426
f 425 427 426
f 426 427 428
f 427 429 428
f 428 429 430
f 429 431 430
f 430 431 432
f 431 433 432
f 432 433 434
f 433 365 434
f 434 365 435
f 365 367 435
f 436 437 372
f 437 438 372
f 372 438 373
f 439 117 436
f 361 437 359
f 437 436 359
f 359 436 440
f 436 117 440
f 440 117 119
f 436 441 439
f 441 442 439
f 439 442 443
f 444 116 115
f 444 115 445
f 446 447 442
f 442 447 443
f 447 448 443
f 443 448 115
f 448 449 115
f 115 449 445
f 450 451 452
f 451 453 452
f 452 453 454
f 453 455 454
f 454 455 456
f 455 457 456
f 456 457 458
f 457 459 458
f 458 459 460
f 459 461 460
f 460 461 462
f 461 463 462
f 462 463 464
f 463 465 464
f 464 465 466
f 465 467 466
f 466 467 468
f 467 469 468
f 468 469 470
f 469 471 470
f 470 471 472
f 471 473 472
f 472 473 474
f 473 475 474
f 474 475 476
f 475 477 476
f 476 477 478
f 477 479 478
f 478 479 480
f 479 481 480
f 480 481 482
f 481 483 482
f 482 483 484
f 483 485 484
f 484 485 486
f 485 487 486
f 486 487 488
f 487 489 488
f 488 489 490
f 489 491 490
f 490 491 492
f 491 493 492
f 492 493 494
f 493 495 494
f 494 495 496
f 495 497 496
f 496 497 498
f 497 499 498
f 498 499 500
f 499 501 500
f 500 501 502
f 501 503 502
f 502 503 504
f 503 505 504
f 504 505 506
f 505 507 506
f 506 507 508
f 507 509 508
f 508 509 510
f 509 511 510
f 510 511 512
f 511 446 512
f 512 446 513
f 446 442 513
f 242 514 243
f 514 515 243
f 243 515 363
f 515 516 363
f 363 516 517
f 517 518 363
f 518 519 363
f 363 519 450
f 519 520 450
f 450 520 451
f 521 522 523
f 524 525 526
f 445 114 444
f 114 527 444
f 444 527 116
f 528 529 530
f 529 110 530
f 530 110 531
f 110 532 531
f 531 532 533
f 532 112 533
f 533 112 445
f 112 534 445
f 445 534 114
f 535 536 528
f 536 108 528
f 528 108 529
f 537 538 539
f 538 540 539
f 539 540 541
f 540 535 541
f 541 535 542
f 535 528 542
f 543 544 545
f 544 543 546
f 543 547 546
f 546 547 548
f 547 549 548
f 548 549 550
f 549 551 550
f 550 551 552
f 552 551 553
f 551 554 553
f 553 554 555
f 554 556 555
f 555 556 557
f 558 559 560
f 559 561 560
f 560 561 562
f 561 563 562
f 562 563 564
f 563 565 564
f 564 565 566
f 565 567 566
f 566 567 568
f 569 82 524
f 82 569 570
f 569 571 570
f 570 571 80
f 571 572 80
f 80 572 573
f 78 574 76
f 574 575 76
f 76 575 576
f 523 74 576
f 576 575 523
f 575 577 523
f 523 577 521
f 578 579 574
f 579 580 574
f 574 580 575
f 580 581 575
f 575 581 577
f 78 573 574
f 573 572 574
f 574 572 578
f 572 571 578
f 578 571 582
f 524 526 569
f 526 583 569
f 569 583 571
f 583 584 571
f 571 584 582
f 585 586 526
f 586 587 526
f 526 587 583
f 525 558 526
f 558 560 526
f 526 560 585
f 560 562 585
f 585 562 588
f 562 564 588
f 588 564 589
f 568 590 566
f 590 591 566
f 566 591 564
f 591 592 564
f 564 592 589
f 593 594 590
f 594 595 590
f 590 595 591
f 568 557 590
f 557 556 590
f 590 556 593
f 556 554 593
f 593 554 596
f 554 551 596
f 596 551 597
f 551 549 597
f 597 549 598
f 549 547 598
f 598 547 599
f 545 600 543
f 600 601 543
f 543 601 547
f 601 602 547
f 547 602 599
f 603 604 600
f 604 605 600
f 600 605 601
f 542 606 541
f 606 603 541
f 541 603 539
f 603 600 539
f 539 600 537
f 600 545 537
f 531 607 530
f 607 608 530
f 530 608 528
f 608 609 528
f 528 609 542
f 609 610 542
f 542 610 606
f 444 445 445
f 445 449 445
f 445 449 533
f 449 448 533
f 533 448 531
f 448 447 531
f 531 447 607
f 459 457 611
f 511 580 579
f 611 457 612
f 457 455 612
f 612 455 613
f 455 453 613
f 613 453 614
f 453 451 614
f 614 451 615
f 616 617 451
f 609 608 446
f 608 607 446
f 446 607 447
f 511 592 591
f 446 604 603
f 511 586 585
f 451 618 619
f 602 601 446
f 601 605 446
f 446 605 604
f 603 606 446
f 606 610 446
f 446 610 609
f 511 593 596
f 620 621 451
f 621 622 451
f 451 622 616
f 617 623 451
f 623 624 451
f 451 624 618
f 519 625 520
f 625 626 520
f 579 578 511
f 578 582 511
f 511 582 584
f 585 588 511
f 588 589 511
f 511 589 592
f 591 595 511
f 595 594 511
f 511 594 593
f 521 511 522
f 511 509 522
f 521 577 511
f 577 581 511
f 511 581 580
f 627 628 520
f 628 629 520
f 520 629 451
f 629 630 451
f 451 630 620
f 626 631 520
f 631 632 520
f 520 632 633
f 584 583 511
f 583 587 511
f 511 587 586
f 611 634 459
f 634 635 459
f 459 635 461
f 635 636 461
f 461 636 463
f 636 637 463
f 463 637 465
f 637 638 465
f 465 638 467
f 638 639 467
f 467 639 469
f 639 640 469
f 469 640 471
f 640 641 471
f 471 641 473
f 641 642 473
f 473 642 475
f 642 643 475
f 475 643 477
f 643 644 477
f 477 644 479
f 644 645 479
f 479 645 481
f 645 646 481
f 481 646 483
f 646 647 483
f 483 647 485
f 647 648 485
f 485 648 487
f 648 649 487
f 487 649 489
f 649 650 489
f 489 650 491
f 650 651 491
f 491 651 493
f 651 652 493
f 493 652 495
f 652 653 495
f 495 653 497
f 653 654 497
f 497 654 499
f 654 655 499
f 499 655 501
f 655 656 501
f 501 656 503
f 656 657 503
f 503 657 505
f 657 658 505
f 505 658 507
f 658 659 507
f 507 659 509
f 659 660 509
f 509 660 522
f 619 661 451
f 661 662 451
f 451 662 615
f 596 597 511
f 597 598 511
f 511 598 446
f 598 599 446
f 446 599 602
f 663 664 520
f 664 665 520
f 520 665 627
f 633 666 520
f 666 667 520
f 520 667 668
f 668 669 520
f 669 670 520
f 520 670 671
f 672 673 520
f 673 674 520
f 520 674 663
f 671 675 520
f 675 676 520
f 520 676 672
f 677 678 679
f 680 681 682
f 681 683 682
f 684 685 678
f 686 687 688
f 689 690 691
f 690 686 691
f 691 686 692
f 686 688 692
f 693 694 695
f 694 696 695
f 695 696 697
f 696 698 697
f 697 698 689
f 698 699 689
f 689 699 690
f 700 701 702
f 701 703 702
f 702 703 704
f 703 705 704
f 704 705 706
f 705 707 706
f 706 707 708
f 707 709 708
f 708 709 693
f 709 710 693
f 693 710 694
f 683 711 682
f 711 712 682
f 682 712 700
f 712 713 700
f 700 713 701
f 680 682 714
f 682 700 714
f 714 700 715
f 700 702 715
f 715 702 716
f 702 704 716
f 716 704 717
f 704 706 717
f 717 706 718
f 718 706 719
f 706 708 719
f 719 708 720
f 708 693 720
f 720 693 721
f 693 695 721
f 721 695 722
f 722 695 723
f 695 697 723
f 723 697 724
f 697 689 724
f 724 689 725
f 689 691 725
f 725 691 726
f 691 692 726
f 726 692 727
f 727 692 728
f 692 688 728
f 728 688 729
f 688 730 729
f 729 730 731
f 730 732 731
f 731 732 733
f 732 734 733
f 733 734 735
f 734 736 735
f 735 736 737
f 737 736 738
f 736 739 738
f 738 739 740
f 739 741 740
f 740 741 742
f 687 743 688
f 743 744 688
f 688 744 730
f 744 745 730
f 730 745 732
f 745 746 732
f 732 746 734
f 746 747 734
f 734 747 736
f 747 748 736
f 736 748 739
f 748 684 739
f 739 684 741
f 684 678 741
f 741 678 742
f 678 677 742
f 749 750 751
f 750 752 751
f 751 752 753
f 752 754 753
f 753 754 755
f 754 756 755
f 755 756 757
f 756 758 757
f 757 758 679
f 758 759 679
f 679 759 677
f 360 749 361
f 749 751 361
f 361 751 437
f 751 753 437
f 437 753 760
f 753 755 760
f 760 755 761
f 755 757 761
f 761 757 762
f 757 679 762
f 762 679 763
f 679 678 763
f 763 678 764
f 678 685 764
f 119 120 440
f 120 765 440
f 440 765 359
f 369 355 353
f 194 197 302
f 241 243 362
f 194 302 191
f 197 199 302
f 199 202 302
f 302 202 205
f 83 81 185
f 205 207 302
f 207 210 302
f 302 210 304
f 210 213 304
f 766 767 768
f 769 770 771
f 770 772 771
f 771 772 773
f 118 117 111
f 117 439 111
f 111 439 113
f 439 443 113
f 113 443 115
f 83 185 85
f 331 216 219
f 221 335 219
f 335 333 219
f 219 333 331
f 350 347 229
f 347 227 229
f 350 229 353
f 229 232 353
f 353 232 235
f 362 369 241
f 369 353 241
f 241 353 238
f 353 235 238
f 299 246 302
f 246 190 302
f 302 190 191
f 320 317 213
f 317 315 213
f 213 315 312
f 224 339 221
f 339 337 221
f 221 337 335
f 347 345 227
f 345 343 227
f 227 343 224
f 343 341 224
f 224 341 339
f 19 16 185
f 16 13 185
f 13 8 185
f 8 10 185
f 185 10 4
f 774 775 776
f 777 778 779
f 778 780 779
f 779 780 781
f 782 783 784
f 357 785 786
f 785 787 786
f 101 99 137
f 97 141 99
f 141 139 99
f 99 139 137
f 89 163 91
f 163 123 91
f 91 123 93
f 123 157 93
f 87 169 89
f 169 167 89
f 89 167 163
f 81 79 185
f 79 77 185
f 185 77 75
f 331 329 216
f 329 326 216
f 216 326 213
f 326 323 213
f 213 323 320
f 312 309 213
f 309 306 213
f 213 306 304
f 788 789 768
f 789 790 768
f 768 790 791
f 791 792 768
f 792 793 768
f 768 793 780
f 793 794 780
f 780 794 781
f 111 109 118
f 109 107 118
f 118 107 127
f 107 105 127
f 127 105 125
f 105 103 125
f 125 103 134
f 103 101 134
f 134 101 135
f 101 137 135
f 185 181 85
f 181 177 85
f 85 177 87
f 177 173 87
f 87 173 169
f 795 796 797
f 798 771 799
f 37 185 40
f 185 43 40
f 37 34 185
f 34 31 185
f 185 31 28
f 800 801 768
f 801 802 768
f 768 802 766
f 787 803 786
f 803 804 786
f 786 804 805
f 805 806 786
f 806 807 786
f 786 807 771
f 807 808 771
f 771 808 769
f 95 145 97
f 145 143 97
f 97 143 141
f 157 154 93
f 154 149 93
f 93 149 95
f 149 146 95
f 95 146 145
f 299 296 246
f 296 294 246
f 246 294 292
f 276 274 246
f 274 272 246
f 246 272 270
f 246 264 262
f 797 809 795
f 809 810 795
f 795 810 811
f 810 812 811
f 812 813 811
f 813 814 811
f 811 814 815
f 798 799 816
f 28 25 185
f 25 22 185
f 185 22 19
f 782 784 817
f 784 818 817
f 817 818 819
f 783 820 784
f 820 821 784
f 784 821 822
f 75 73 185
f 73 2 185
f 185 2 1
f 286 284 246
f 284 282 246
f 270 268 246
f 268 266 246
f 246 266 264
f 256 254 246
f 254 252 246
f 246 252 250
f 815 823 811
f 823 824 811
f 811 824 825
f 826 827 828
f 829 830 831
f 832 833 773
f 833 834 773
f 773 834 771
f 834 835 771
f 771 835 799
f 187 836 768
f 836 837 768
f 768 837 838
f 838 839 768
f 839 840 768
f 768 840 800
f 841 842 843
f 844 845 846
f 847 848 849
f 786 850 357
f 850 851 357
f 357 851 852
f 292 290 246
f 290 288 246
f 246 288 286
f 282 280 246
f 280 278 246
f 246 278 276
f 262 260 246
f 260 258 246
f 246 258 256
f 796 795 853
f 795 854 853
f 853 854 855
f 854 856 855
f 855 856 857
f 856 858 857
f 857 858 859
f 858 860 859
f 859 860 861
f 862 863 864
f 865 866 867
f 1 66 185
f 66 63 185
f 185 63 58
f 58 60 185
f 60 55 185
f 185 55 52
f 868 869 6
f 870 871 872
f 871 873 872
f 842 874 843
f 874 875 843
f 843 875 872
f 875 876 872
f 872 876 870
f 877 878 879
f 777 880 778
f 880 881 778
f 778 881 818
f 881 882 818
f 818 882 819
f 852 883 357
f 883 884 357
f 357 884 885
f 885 886 357
f 886 887 357
f 357 887 888
f 828 889 826
f 889 890 826
f 826 890 891
f 890 892 891
f 862 864 893
f 863 862 894
f 862 895 894
f 894 895 896
f 867 897 865
f 897 898 865
f 865 898 899
f 52 49 185
f 49 46 185
f 185 46 43
f 873 900 872
f 900 901 872
f 872 901 776
f 901 902 776
f 776 902 774
f 878 903 879
f 903 904 879
f 879 904 843
f 904 905 843
f 843 905 841
f 906 907 908
f 860 909 861
f 909 910 861
f 861 910 911
f 910 912 911
f 911 912 913
f 912 914 913
f 913 914 915
f 914 916 915
f 915 916 917
f 916 918 917
f 917 918 919
f 918 920 919
f 919 920 921
f 920 922 921
f 921 922 923
f 922 924 923
f 923 924 925
f 924 926 925
f 925 926 927
f 926 928 927
f 927 928 929
f 928 930 929
f 929 930 931
f 930 932 931
f 931 932 933
f 932 934 933
f 933 934 935
f 934 936 935
f 935 936 937
f 936 938 937
f 937 938 939
f 938 940 939
f 939 940 941
f 940 942 941
f 941 942 943
f 942 944 943
f 943 944 945
f 944 946 945
f 945 946 947
f 946 948 947
f 947 948 949
f 948 950 949
f 949 950 951
f 950 952 951
f 951 952 953
f 952 954 953
f 953 954 955
f 954 956 955
f 955 956 957
f 956 958 957
f 957 958 959
f 958 960 959
f 959 960 961
f 960 962 961
f 961 962 963
f 962 964 963
f 963 964 965
f 964 966 965
f 965 966 967
f 966 968 967
f 967 968 969
f 968 970 969
f 969 970 971
f 970 972 971
f 971 972 973
f 972 974 973
f 973 974 975
f 974 976 975
f 975 976 977
f 976 978 977
f 977 978 979
f 978 980 979
f 979 980 981
f 980 982 981
f 981 982 799
f 982 983 799
f 799 983 816
f 984 985 986
f 985 987 986
f 986 987 988
f 825 989 811
f 989 986 811
f 811 986 990
f 986 988 990
f 864 991 893
f 991 992 893
f 893 992 993
f 992 994 993
f 993 994 827
f 994 995 827
f 827 995 828
f 996 997 998
f 997 999 998
f 998 999 1000
f 1001 1002 866
f 1002 1003 866
f 866 1003 867
f 1001 866 1004
f 866 1005 1004
f 1004 1005 1006
f 1005 1007 1006
f 1006 1007 1008
f 187 768 6
f 768 1009 6
f 6 1009 868
f 1010 1011 879
f 1011 1012 879
f 821 1013 822
f 1013 1014 822
f 822 1014 1015
f 1014 1016 1015
f 1015 1016 1017
f 1016 1018 1017
f 1017 1018 908
f 907 1019 908
f 1019 1020 908
f 908 1020 1021
f 1020 299 1021
f 1021 299 888
f 299 302 888
f 888 302 357
f 892 1022 891
f 1022 1023 891
f 891 1023 986
f 1023 1024 986
f 986 1024 984
f 1025 1026 1027
f 1026 1028 1027
f 1029 1030 1031
f 1030 364 1031
f 1031 364 371
f 767 1032 768
f 1032 1033 768
f 768 1033 788
f 1033 1034 788
f 788 1034 879
f 1034 1035 879
f 879 1035 1010
f 848 1036 849
f 1036 1037 849
f 849 1037 846
f 1037 1038 846
f 846 1038 844
f 1039 1040 1041
f 1040 1042 1041
f 1041 1042 849
f 1042 1043 849
f 849 1043 847
f 832 773 1044
f 773 1045 1044
f 1044 1045 1046
f 1046 1047 1044
f 1047 1048 1044
f 1044 1048 1049
f 1050 1051 831
f 1052 1053 831
f 1053 1054 831
f 831 1054 829
f 1029 1055 1030
f 1055 1056 1030
f 1030 1056 1057
f 1056 1058 1057
f 1057 1058 1059
f 1049 1060 1044
f 1060 1061 1044
f 1044 1061 831
f 1061 1062 831
f 831 1062 1050
f 1051 1063 831
f 1063 1064 831
f 831 1064 1052
f 1012 1065 879
f 1065 1066 879
f 879 1066 877
f 1067 1068 1018
f 1069 1070 908
f 1071 1072 908
f 1072 1073 908
f 1074 1075 865
f 1075 1076 865
f 1077 1078 1079
f 1078 1080 1079
f 1079 1080 1081
f 1080 1082 1081
f 1081 1082 998
f 1082 1083 998
f 998 1083 996
f 1000 1084 998
f 1084 1085 998
f 998 1085 1026
f 1085 1086 1026
f 1026 1086 1028
f 1087 1088 1089
f 1089 1090 1087
f 1090 1091 1087
f 1087 1091 1092
f 1025 1093 1026
f 1093 1094 1026
f 1026 1094 1095
f 1059 1096 1057
f 1096 1097 1057
f 1057 1097 1098
f 1099 1100 831
f 1100 1101 831
f 831 1101 1007
f 1101 1102 1007
f 1007 1102 1008
f 845 1103 846
f 1103 1104 846
f 846 1104 1018
f 1104 1105 1018
f 1018 1105 1106
f 1107 1108 899
f 1108 1109 899
f 899 1109 1110
f 1076 1111 865
f 1111 1112 865
f 865 1112 895
f 1112 1113 895
f 895 1113 896
f 1098 1114 1057
f 1114 1115 1057
f 1057 1115 1116
f 1068 1117 1018
f 1117 1118 1018
f 1018 1118 1119
f 1073 1120 908
f 1120 1121 908
f 908 1121 906
f 1110 1122 899
f 1122 1123 899
f 899 1123 865
f 1123 1124 865
f 865 1124 1074
f 1026 1125 1126
f 1127 1128 869
f 1129 1130 830
f 1130 1131 830
f 830 1131 1132
f 1106 1133 1018
f 1133 1134 1018
f 1018 1134 1135
f 1070 1136 908
f 1136 1137 908
f 908 1137 1071
f 1077 1079 899
f 1079 1138 899
f 899 1138 1107
f 1026 1139 1140
f 4 6 185
f 6 869 185
f 185 869 1141
f 869 1128 1141
f 1116 1142 1057
f 1142 1143 1057
f 1057 1143 1144
f 1143 1145 1144
f 1144 1145 1129
f 1145 1146 1129
f 1129 1146 1130
f 1132 1147 830
f 1147 1148 830
f 830 1148 1149
f 1150 831 1151
f 831 830 1151
f 1151 830 1152
f 830 1149 1152
f 1150 1153 831
f 1153 1154 831
f 831 1154 1155
f 1135 1156 1018
f 1156 1157 1018
f 1018 1157 1067
f 1158 1159 1026
f 1159 1160 1026
f 1161 1162 1092
f 1162 1163 1092
f 1092 1163 1087
f 1163 1164 1087
f 1087 1164 869
f 1164 1165 869
f 869 1165 1127
f 1155 1166 831
f 1166 1167 831
f 831 1167 1099
f 1119 1168 1018
f 1168 1169 1018
f 1018 1169 908
f 1169 1170 908
f 908 1170 1069
f 1171 1095 1172
f 1095 681 1172
f 1172 681 680
f 1160 1173 1026
f 1173 1174 1026
f 1026 1174 1139
f 1140 1175 1026
f 1175 1176 1026
f 1026 1176 1177
f 1026 1126 1092
f 1126 1178 1092
f 1092 1178 1161
f 716 717 1172
f 717 718 1172
f 1177 1179 1026
f 1179 1180 1026
f 1026 1180 1181
f 1181 1182 1026
f 1182 1183 1026
f 1026 1183 1125
f 680 714 1172
f 714 715 1172
f 1172 715 716
f 718 719 1172
f 719 720 1172
f 1172 720 721
f 724 725 1172
f 725 726 1172
f 1172 726 1184
f 742 677 765
f 677 759 765
f 721 722 1172
f 722 723 1172
f 1172 723 724
f 759 758 765
f 758 756 765
f 765 756 754
f 754 752 765
f 752 750 765
f 765 750 359
f 750 749 359
f 359 749 360
f 1171 1185 1095
f 1185 1186 1095
f 1095 1186 1026
f 1186 1187 1026
f 1026 1187 1158
f 728 729 1188
f 733 735 765
f 735 737 765
f 726 727 1184
f 727 728 1184
f 1184 728 1189
f 728 1188 1189
f 733 765 731
f 765 1190 731
f 731 1190 729
f 1190 1191 729
f 729 1191 1188
f 737 738 765
f 738 740 765
f 765 740 742
f 1192 1193 1194
f 1195 1196 1197
f 1195 1197 1198
f 1197 1199 1198
f 1198 1199 1200
f 1199 1201 1200
f 1200 1201 1202
f 1201 1203 1202
f 1202 1203 1204
f 1203 1205 1204
f 1204 1205 1206
f 1205 1207 1206
f 1206 1207 1208
f 1207 1209 1208
f 1208 1209 1210
f 1209 1211 1210
f 1210 1211 1212
f 1211 1213 1212
f 1212 1213 1214
f 1213 1215 1214
f 1214 1215 1216
f 1215 1217 1216
f 1216 1217 1218
f 1217 1219 1218
f 1218 1219 1220
f 1219 1221 1220
f 1220 1221 1222
f 1221 1223 1222
f 1222 1223 1224
f 1223 1225 1224
f 1224 1225 1226
f 1225 1227 1226
f 1226 1227 1228
f 1227 1229 1228
f 1228 1229 1230
f 1229 1231 1230
f 1230 1231 1232
f 1231 1233 1232
f 1232 1233 1234
f 1233 1235 1234
f 1234 1235 1236
f 1235 1237 1236
f 1236 1237 1238
f 1239 1238 1240
f 1238 1237 1240
f 1240 1237 1241
f 1240 1242 1239
f 1242 1243 1239
f 1239 1243 1244
f 1243 1245 1244
f 1244 1245 1246
f 1245 1247 1246
f 1246 1247 1248
f 1247 1249 1248
f 1248 1249 1250
f 1251 1252 1253
f 1251 1253 1254
f 1253 1255 1254
f 1254 1255 1256
f 1255 1257 1256
f 1256 1257 1258
f 1257 1259 1258
f 1258 1259 1260
f 1259 1261 1260
f 1260 1261 1262
f 1261 1263 1262
f 1262 1263 1264
f 1263 1265 1264
f 1264 1265 1266
f 1265 1267 1266
f 1266 1267 1268
f 1267 1269 1268
f 1268 1269 1270
f 1269 1271 1270
f 1270 1271 1272
f 1271 1273 1272
f 1272 1273 1274
f 1273 1275 1274
f 1274 1275 1276
f 1275 1277 1276
f 1276 1277 1278
f 1277 1279 1278
f 1278 1279 1280
f 1279 1281 1280
f 1280 1281 1282
f 1281 1283 1282
f 1282 1283 1284
f 1283 1285 1284
f 1284 1285 1286
f 1287 1288 1289
f 1288 1290 1289
f 1289 1290 1291
f 1290 1292 1291
f 1291 1292 1293
f 1292 1294 1293
f 1293 1294 1295
f 1294 1296 1295
f 1295 1296 1297
f 1296 1298 1297
f 1297 1298 1299
f 1298 1300 1299
f 1299 1300 1301
f 1300 1302 1301
f 1301 1302 1303
f 1302 1304 1303
f 1303 1304 1305
f 1304 1306 1305
f 1305 1306 1307
f 1306 1308 1307
f 1307 1308 1309
f 1308 1310 1309
f 1309 1310 1251
f 1310 1252 1251
f 1311 1312 1313
f 1311 1313 1314
f 1313 1315 1314
f 1314 1315 1316
f 1315 1317 1316
f 1316 1317 1318
f 1317 1319 1318
f 1318 1319 1320
f 1319 1321 1320
f 1320 1321 1322
f 1321 1323 1322
f 1322 1323 1324
f 1323 1325 1324
f 1324 1325 1326
f 1325 1327 1326
f 1326 1327 1328
f 1327 1329 1328
f 1328 1329 1330
f 1329 1331 1330
f 1330 1331 1332
f 1331 1333 1332
f 1332 1333 1334
f 1333 1335 1334
f 1334 1335 1336
f 1335 1337 1336
f 1336 1337 1338
f 1337 1339 1338
f 1338 1339 1340
f 1339 1341 1340
f 1340 1341 1342
f 1341 1343 1342
f 1342 1343 1344
f 1344 1343 1345
f 1343 1346 1345
f 1345 1346 1347
f 1346 1348 1347
f 1347 1348 1349
f 1348 1350 1349
f 1349 1350 1351
f 1350 1352 1351
f 1351 1352 1353
f 1352 1354 1353
f 1353 1354 1355
f 1354 1356 1355
f 1355 1356 1357
f 1356 1358 1357
f 1357 1358 1359
f 1358 1360 1359
f 1361 1362 1363
f 1362 1364 1363
f 1363 1364 1365
f 1364 1366 1365
f 1365 1366 1367
f 1366 1368 1367
f 1367 1368 1369
f 1368 1370 1369
f 1369 1370 1371
f 1370 1372 1371
f 1371 1372 1373
f 1372 1374 1373
f 1373 1374 1375
f 1374 1376 1375
f 1375 1376 1377
f 1376 1378 1377
f 1377 1378 1379
f 1378 1380 1379
f 1379 1380 1381
f 1380 1382 1381
f 1381 1382 1383
f 1382 1384 1383
f 1383 1384 1385
f 1384 1386 1385
f 1385 1386 1387
f 1386 1388 1387
f 1387 1388 1389
f 1388 1390 1389
f 1389 1390 1391
f 1390 1392 1391
f 1391 1392 1393
f 1392 1394 1393
f 1393 1394 1395
f 1394 1396 1395
f 1395 1396 1397
f 1396 1398 1397
f 1397 1398 1399
f 1398 1400 1399
f 1399 1400 1287
f 1400 1288 1287
f 1362 1361 1401
f 1361 1402 1401
f 1311 1286 1312
f 1286 1285 1312
f 1403 1404 1405
f 1196 1195 1405
f 1195 1192 1405
f 1194 1406 1192
f 1406 1401 1192
f 1192 1401 1405
f 1401 1402 1405
f 1405 1402 1403
f 1407 1408 1409
f 1408 1410 1409
f 1409 1410 1411
f 1410 1412 1411
f 1359 1360 1413
f 1359 1413 1414
f 1413 1415 1414
f 1414 1415 1416
f 1415 1417 1416
f 1416 1417 1418
f 1418 1417 1419
f 1417 1420 1419
f 1419 1420 1421
f 1421 1420 1422
f 1420 1408 1422
f 1422 1408 1423
f 1408 1407 1423
f 1423 1407 1424
f 1425 1426 1427
f 1426 1428 1427
f 1427 1428 1429
f 1428 1430 1429
f 1429 1430 1431
f 1430 1432 1431
f 1431 1432 1433
f 1432 1434 1433
f 1433 1434 1435
f 1434 1436 1435
f 1435 1436 1437
f 1436 1438 1437
f 1437 1438 1439
f 1438 1440 1439
f 1439 1440 1441
f 1440 1442 1441
f 1441 1442 1443
f 1442 1444 1443
f 1443 1444 1445
f 1444 1446 1445
f 1447 1448 1449
f 1448 1450 1449
f 1449 1450 1451
f 1450 1452 1451
f 1452 1453 1451
f 1451 1453 1454
f 1453 1455 1454
f 1455 1456 1454
f 1454 1456 1457
f 1458 1459 1460
f 1459 1461 1460
f 1460 1461 1462
f 1456 1463 1457
f 1463 1464 1457
f 1457 1464 1465
f 1464 1466 1465
f 1465 1466 1467
f 1468 1469 1470
f 1467 1471 1465
f 1471 1472 1465
f 1465 1472 1470
f 1472 1473 1470
f 1470 1473 1468
f 1469 1474 1470
f 1474 1475 1470
f 1470 1475 1476
f 1475 1477 1476
f 1476 1477 1478
f 1461 1479 1462
f 1479 1480 1462
f 1462 1480 1481
f 1430 1428 1447
f 1428 1426 1447
f 1447 1426 1448
f 1480 1482 1481
f 1482 1483 1481
f 1481 1483 1484
f 1483 1485 1484
f 1484 1485 1486
f 1485 1487 1486
f 1487 1488 1486
f 1486 1488 1489
f 1488 1490 1489
f 1490 1491 1489
f 1489 1491 1492
f 1491 1493 1492
f 1492 1493 1494
f 1493 1495 1494
f 1494 1495 1496
f 1497 1446 1498
f 1446 1499 1498
f 1497 1500 1446
f 1500 1501 1446
f 1446 1501 1496
f 1501 1502 1496
f 1496 1502 1494
f 1499 1446 1447
f 1446 1444 1447
f 1447 1444 1442
f 1442 1440 1447
f 1440 1438 1447
f 1447 1438 1436
f 1436 1434 1447
f 1434 1432 1447
f 1447 1432 1430
f 1426 1425 1503
f 1426 1503 1448
f 1503 1504 1448
f 1448 1504 1450
f 1504 1505 1450
f 1450 1505 1452
f 1505 1506 1452
f 1452 1506 1453
f 1506 1507 1453
f 1453 1507 1455
f 1507 1508 1455
f 1455 1508 1456
f 1508 1509 1456
f 1456 1509 1463
f 1509 1510 1463
f 1463 1510 1464
f 1510 1511 1464
f 1464 1511 1466
f 1511 1512 1466
f 1466 1512 1467
f 1512 1513 1467
f 1467 1513 1471
f 1513 1514 1471
f 1471 1514 1472
f 1514 1515 1472
f 1472 1515 1473
f 1515 1516 1473
f 1473 1516 1468
f 1516 1517 1468
f 1468 1517 1469
f 1517 1518 1469
f 1469 1518 1474
f 1518 1519 1474
f 1474 1519 1475
f 1519 1520 1475
f 1475 1520 1477
f 1521 1522 1478
f 1477 1520 1478
f 1520 1523 1478
f 1478 1523 1521
f 1523 1524 1521
f 1521 1524 1525
f 1524 1526 1525
f 1525 1526 1527
f 1526 1528 1527
f 1527 1528 1529
f 1528 1530 1529
f 1529 1530 1531
f 1530 1532 1531
f 1531 1532 1533
f 1532 1534 1533
f 1533 1534 1535
f 1534 1536 1535
f 1535 1536 1537
f 1536 1538 1537
f 1537 1538 1539
f 1538 1540 1539
f 1539 1540 1541
f 1540 1542 1541
f 1541 1542 1543
f 1542 1544 1543
f 1543 1544 1545
f 1544 1546 1545
f 1545 1546 1547
f 1546 1548 1547
f 1547 1548 1549
f 1548 1550 1549
f 1549 1550 1551
f 1550 1552 1551
f 1551 1552 1553
f 1552 1554 1553
f 1553 1554 1555
f 1554 1411 1555
f 1555 1411 1412
f 1556 1496 1495
f 1556 1495 1557
f 1495 1493 1557
f 1557 1493 1558
f 1493 1491 1558
f 1558 1491 1559
f 1491 1490 1559
f 1559 1490 1560
f 1490 1488 1560
f 1560 1488 1561
f 1488 1487 1561
f 1561 1487 1562
f 1487 1485 1562
f 1562 1485 1563
f 1485 1483 1563
f 1563 1483 1564
f 1483 1482 1564
f 1564 1482 1565
f 1482 1480 1565
f 1565 1480 1566
f 1480 1479 1566
f 1566 1479 1567
f 1479 1461 1567
f 1567 1461 1568
f 1461 1459 1568
f 1568 1459 1569
f 1459 1458 1569
f 1569 1458 1570
f 1460 1571 1458
f 1571 1572 1458
f 1458 1572 1570
f 1572 1573 1570
f 1476 1574 1575
f 1476 1575 1470
f 1575 1576 1470
f 1470 1576 1465
f 1576 1577 1465
f 1465 1577 1457
f 1577 1578 1457
f 1457 1578 1454
f 1578 1579 1454
f 1454 1579 1451
f 1579 1580 1451
f 1451 1580 1449
f 1580 1581 1449
f 1449 1581 1447
f 1581 1582 1447
f 1447 1582 1499
f 1582 1583 1499
f 1499 1583 1498
f 1583 1584 1498
f 1498 1584 1497
f 1584 1585 1497
f 1497 1585 1500
f 1585 1586 1500
f 1500 1586 1501
f 1586 1587 1501
f 1501 1587 1502
f 1587 1588 1502
f 1502 1588 1494
f 1588 1589 1494
f 1494 1589 1492
f 1589 1590 1492
f 1492 1590 1489
f 1590 1591 1489
f 1489 1591 1486
f 1591 1592 1486
f 1486 1592 1484
f 1592 1593 1484
f 1484 1593 1481
f 1593 1594 1481
f 1481 1594 1462
f 1594 1571 1462
f 1462 1571 1460
f 1595 1596 1597
f 1596 1598 1597
f 1597 1598 1599
f 1598 1600 1599
f 1599 1600 1601
f 1600 1602 1601
f 1601 1602 1603
f 1602 1604 1603
f 1603 1604 1605
f 1604 1606 1605
f 1605 1606 1607
f 1606 1608 1607
f 1607 1608 1609
f 1608 1610 1609
f 1609 1610 1611
f 1610 1612 1611
f 1611 1612 1613
f 1612 1614 1613
f 1613 1614 1615
f 1614 1616 1615
f 1615 1616 1617
f 1616 1618 1617
f 1617 1618 1619
f 1618 1620 1619
f 1619 1620 1621
f 1620 1622 1621
f 1621 1622 1623
f 1622 1624 1623
f 1623 1624 1625
f 1624 1626 1625
f 1625 1626 1627
f 1626 1628 1627
f 1627 1628 1629
f 1628 1630 1629
f 1629 1630 1631
f 1630 1632 1631
f 1631 1632 1633
f 1632 1634 1633
f 1633 1634 1635
f 1634 1636 1635
f 1635 1636 1637
f 1636 1638 1637
f 1637 1638 1639
f 1638 1640 1639
f 1639 1640 1641
f 1640 1642 1641
f 1641 1642 1643
f 1642 1644 1643
f 1643 1644 1645
f 1644 1646 1645
f 1645 1646 1647
f 1646 1648 1647
f 1647 1648 1649
f 1648 1650 1649
f 1649 1650 1651
f 1650 1652 1651
f 1651 1652 1653
f 1652 1654 1653
f 1653 1654 1655
f 1654 1656 1655
f 1655 1656 1657
f 1656 1658 1657
f 1657 1658 1659
f 1658 1660 1659
f 1659 1660 1661
f 1660 1662 1661
f 1661 1662 1663
f 1662 1664 1663
f 1663 1664 1665
f 1664 1666 1665
f 1665 1666 1667
f 1666 1668 1667
f 1667 1668 1669
f 1668 1670 1669
f 1669 1670 1671
f 1670 1672 1671
f 1671 1672 1673
f 1672 1674 1673
f 1673 1674 1675
f 1674 1676 1675
f 1675 1676 1677
f 1676 1678 1677
f 1677 1678 1679
f 1678 1680 1679
f 1679 1680 1681
f 1680 1682 1681
f 1681 1682 1683
f 1682 1684 1683
f 1683 1684 1685
f 1684 1686 1685
f 1685 1686 1687
f 1686 1688 1687
f 1687 1688 1689
f 1688 1690 1689
f 1689 1690 1691
f 1690 1692 1691
f 1691 1692 1693
f 1692 1694 1693
f 1693 1694 1695
f 1694 1696 1695
f 1695 1696 1697
f 1696 1698 1697
f 1697 1698 1699
f 1698 1700 1699
f 1699 1700 1701
f 1700 1702 1701
f 1701 1702 1703
f 1702 1704 1703
f 1703 1704 1705
f 1704 1706 1705
f 1705 1706 1707
f 1706 1708 1707
f 1707 1708 1709
f 1708 1710 1709
f 1709 1710 1711
f 1710 1712 1711
f 1711 1712 1713
f 1712 1714 1713
f 1713 1714 1715
f 1714 1716 1715
f 1715 1716 1717
f 1716 1718 1717
f 1717 1718 1719
f 1718 1720 1719
f 1719 1720 1721
f 1720 1722 1721
f 1721 1722 1723
f 1722 1724 1723
f 1723 1724 1725
f 1724 1726 1725
f 1725 1726 1727
f 1726 1728 1727
f 1727 1728 1729
f 1728 1730 1729
f 1729 1730 1731
f 1730 1732 1731
f 1731 1732 1733
f 1732 1734 1733
f 1733 1734 1735
f 1734 1736 1735
f 1735 1736 1737
f 1736 1738 1737
f 1737 1738 1595
f 1738 1596 1595
f 1739 1597 1740
f 1597 1599 1740
f 1740 1599 1741
f 1599 1601 1741
f 1741 1601 1742
f 1601 1603 1742
f 1742 1603 1743
f 1603 1605 1743
f 1743 1605 1744
f 1605 1607 1744
f 1744 1607 1745
f 1607 1609 1745
f 1745 1609 1746
f 1609 1611 1746
f 1746 1611 1747
f 1611 1613 1747
f 1747 1613 1748
f 1613 1615 1748
f 1748 1615 1749
f 1615 1617 1749
f 1749 1617 1750
f 1617 1619 1750
f 1750 1619 1751
f 1619 1621 1751
f 1751 1621 1752
f 1621 1623 1752
f 1752 1623 1753
f 1623 1625 1753
f 1753 1625 1754
f 1625 1627 1754
f 1754 1627 1755
f 1627 1629 1755
f 1755 1629 1756
f 1629 1631 1756
f 1756 1631 1757
f 1631 1633 1757
f 1757 1633 1758
f 1633 1635 1758
f 1758 1635 1759
f 1635 1637 1759
f 1759 1637 1760
f 1637 1639 1760
f 1760 1639 1761
f 1639 1641 1761
f 1761 1641 1762
f 1641 1643 1762
f 1762 1643 1763
f 1643 1645 1763
f 1763 1645 1764
f 1645 1647 1764
f 1764 1647 1765
f 1647 1649 1765
f 1765 1649 1766
f 1649 1651 1766
f 1766 1651 1767
f 1651 1653 1767
f 1767 1653 1768
f 1653 1655 1768
f 1768 1655 1769
f 1655 1657 1769
f 1769 1657 1770
f 1657 1659 1770
f 1770 1659 1771
f 1659 1661 1771
f 1771 1661 1772
f 1661 1663 1772
f 1772 1663 1773
f 1663 1665 1773
f 1773 1665 1774
f 1665 1667 1774
f 1774 1667 1775
f 1667 1669 1775
f 1775 1669 1776
f 1669 1671 1776
f 1776 1671 1777
f 1671 1673 1777
f 1777 1673 1778
f 1673 1675 1778
f 1778 1675 1779
f 1675 1677 1779
f 1779 1677 1780
f 1677 1679 1780
f 1780 1679 1781
f 1679 1681 1781
f 1781 1681 1782
f 1681 1683 1782
f 1782 1683 1783
f 1683 1685 1783
f 1783 1685 1784
f 1685 1687 1784
f 1784 1687 1785
f 1687 1689 1785
f 1785 1689 1786
f 1689 1691 1786
f 1786 1691 1787
f 1691 1693 1787
f 1787 1693 1788
f 1693 1695 1788
f 1788 1695 1789
f 1695 1697 1789
f 1789 1697 1790
f 1697 1699 1790
f 1790 1699 1791
f 1699 1701 1791
f 1791 1701 1792
f 1701 1703 1792
f 1792 1703 1793
f 1703 1705 1793
f 1793 1705 1794
f 1705 1707 1794
f 1794 1707 1795
f 1707 1709 1795
f 1795 1709 1796
f 1709 1711 1796
f 1796 1711 1797
f 1711 1713 1797
f 1797 1713 1798
f 1713 1715 1798
f 1798 1715 1799
f 1715 1717 1799
f 1799 1717 1800
f 1717 1719 1800
f 1800 1719 1801
f 1719 1721 1801
f 1801 1721 1802
f 1721 1723 1802
f 1802 1723 1803
f 1723 1725 1803
f 1803 1725 1804
f 1725 1727 1804
f 1804 1727 1805
f 1727 1729 1805
f 1805 1729 1806
f 1729 1731 1806
f 1806 1731 1807
f 1731 1733 1807
f 1807 1733 1808
f 1733 1735 1808
f 1808 1735 1809
f 1735 1737 1809
f 1809 1737 1810
f 1737 1595 1810
f 1810 1595 1739
f 1595 1597 1739
f 1811 1734 1812
f 1734 1732 1812
f 1812 1732 1813
f 1732 1730 1813
f 1813 1730 1814
f 1730 1728 1814
f 1814 1728 1815
f 1728 1726 1815
f 1815 1726 1816
f 1726 1724 1816
f 1816 1724 1817
f 1724 1722 1817
f 1817 1722 1818
f 1722 1720 1818
f 1818 1720 1819
f 1720 1718 1819
f 1819 1718 1820
f 1718 1716 1820
f 1820 1716 1821
f 1716 1714 1821
f 1821 1714 1822
f 1714 1712 1822
f 1822 1712 1823
f 1712 1710 1823
f 1823 1710 1824
f 1710 1708 1824
f 1824 1708 1825
f 1708 1706 1825
f 1825 1706 1826
f 1706 1704 1826
f 1826 1704 1827
f 1704 1702 1827
f 1827 1702 1828
f 1702 1700 1828
f 1828 1700 1829
f 1700 1698 1829
f 1829 1698 1830
f 1698 1696 1830
f 1830 1696 1831
f 1696 1694 1831
f 1831 1694 1832
f 1694 1692 1832
f 1832 1692 1833
f 1692 1690 1833
f 1833 1690 1834
f 1690 1688 1834
f 1834 1688 1835
f 1688 1686 1835
f 1835 1686 1836
f 1686 1684 1836
f 1836 1684 1837
f 1684 1682 1837
f 1837 1682 1838
f 1682 1680 1838
f 1838 1680 1839
f 1680 1678 1839
f 1839 1678 1840
f 1678 1676 1840
f 1840 1676 1841
f 1676 1674 1841
f 1841 1674 1842
f 1674 1672 1842
f 1842 1672 1843
f 1672 1670 1843
f 1843 1670 1844
f 1670 1668 1844
f 1844 1668 1845
f 1668 1666 1845
f 1845 1666 1846
f 1666 1664 1846
f 1846 1664 1847
f 1664 1662 1847
f 1847 1662 1848
f 1662 1660 1848
f 1848 1660 1849
f 1660 1658 1849
f 1849 1658 1850
f 1658 1656 1850
f 1850 1656 1851
f 1656 1654 1851
f 1851 1654 1852
f 1654 1652 1852
f 1852 1652 1853
f 1652 1650 1853
f 1853 1650 1854
f 1650 1648 1854
f 1854 1648 1855
f 1648 1646 1855
f 1855 1646 1856
f 1646 1644 1856
f 1856 1644 1857
f 1644 1642 1857
f 1857 1642 1858
f 1642 1640 1858
f 1858 1640 1859
f 1640 1638 1859
f 1859 1638 1860
f 1638 1636 1860
f 1860 1636 1861
f 1636 1634 1861
f 1861 1634 1862
f 1634 1632 1862
f 1862 1632 1863
f 1632 1630 1863
f 1863 1630 1864
f 1630 1628 1864
f 1864 1628 1865
f 1628 1626 1865
f 1865 1626 1866
f 1626 1624 1866
f 1866 1624 1867
f 1624 1622 1867
f 1867 1622 1868
f 1622 1620 1868
f 1868 1620 1869
f 1620 1618 1869
f 1869 1618 1870
f 1618 1616 1870
f 1870 1616 1871
f 1616 1614 1871
f 1871 1614 1872
f 1614 1612 1872
f 1872 1612 1873
f 1612 1610 1873
f 1873 1610 1874
f 1610 1608 1874
f 1874 1608 1875
f 1608 1606 1875
f 1875 1606 1876
f 1606 1604 1876
f 1876 1604 1877
f 1604 1602 1877
f 1877 1602 1878
f 1602 1600 1878
f 1878 1600 1879
f 1600 1598 1879
f 1879 1598 1880
f 1598 1596 1880
f 1880 1596 1881
f 1596 1738 1881
f 1881 1738 1882
f 1738 1736 1882
f 1882 1736 1811
f 1736 1734 1811
f 1240 1241 1883
f 1241 1884 1883
f 1885 1886 1884
f 1886 1887 1884
f 1884 1887 1883
f 1888 1889 1885
f 1889 1890 1885
f 1885 1890 1886
f 1089 1088 1888
f 1088 1891 1888
f 1888 1891 1889
f 1888 1892 1089
f 1892 1893 1089
f 1089 1893 1090
f 1893 1894 1090
f 1090 1894 1091
f 1894 1895 1091
f 1091 1895 1092
f 1895 1896 1092
f 1092 1896 1026
f 1446 1496 1445
f 1496 1556 1445
f 1476 1478 1574
f 1478 1522 1574
f 187 7 836
f 7 5 836
f 836 5 837
f 837 5 838
f 5 12 838
f 838 12 839
f 839 12 840
f 12 11 840
f 840 11 800
f 11 9 800
f 9 15 800
f 800 15 801
f 15 14 801
f 801 14 802
f 14 18 802
f 802 18 766
f 18 17 766
f 17 21 766
f 766 21 767
f 21 20 767
f 20 24 767
f 767 24 1032
f 24 23 1032
f 23 27 1032
f 1032 27 1033
f 27 26 1033
f 26 30 1033
f 1033 30 1034
f 30 29 1034
f 29 33 1034
f 1034 33 1035
f 33 32 1035
f 1035 32 1010
f 32 36 1010
f 1010 36 1011
f 36 35 1011
f 35 39 1011
f 1011 39 1012
f 39 38 1012
f 1012 38 1065
f 1065 38 1066
f 38 42 1066
f 1066 42 877
f 42 41 877
f 877 41 878
f 41 45 878
f 45 44 878
f 878 44 903
f 44 48 903
f 48 47 903
f 903 47 904
f 47 51 904
f 51 50 904
f 904 50 905
f 50 54 905
f 905 54 841
f 54 53 841
f 841 53 842
f 53 57 842
f 842 57 874
f 57 56 874
f 874 56 875
f 56 62 875
f 62 61 875
f 61 59 875
f 875 59 876
f 59 65 876
f 876 65 870
f 65 64 870
f 870 64 871
f 871 64 873
f 64 68 873
f 873 68 900
f 68 67 900
f 900 67 901
f 67 71 901
f 901 71 902
f 71 70 902
f 70 69 902
f 902 69 774
f 69 3 774
f 774 3 775
f 233 1897 1898
f 623 1899 1900
f 672 1901 1902
f 626 625 1898
f 625 1903 1898
f 666 633 1897
f 633 632 1897
f 1897 632 1898
f 632 631 1898
f 1898 631 626
f 671 670 1904
f 1904 1905 671
f 1905 1906 671
f 671 1906 675
f 1901 672 1906
f 672 676 1906
f 1906 676 675
f 663 674 1902
f 674 673 1902
f 1902 673 672
f 1902 1907 663
f 1907 1908 663
f 663 1908 664
f 1908 1909 664
f 664 1909 665
f 630 629 1910
f 629 628 1910
f 1910 628 1909
f 628 627 1909
f 1909 627 665
f 1910 1911 630
f 1911 1912 630
f 630 1912 620
f 1912 1913 620
f 620 1913 621
f 621 1913 622
f 1913 1914 622
f 622 1914 616
f 1899 623 1914
f 623 617 1914
f 1914 617 616
f 1915 619 1916
f 619 618 1916
f 1916 618 1900
f 618 624 1900
f 1900 624 623
f 615 662 1915
f 662 661 1915
f 1915 661 619
f 1915 1917 615
f 1917 1918 615
f 615 1918 614
f 188 1918 189
f 1918 1917 189
f 189 1917 192
f 1917 1915 192
f 192 1915 193
f 1915 1916 193
f 193 1916 195
f 1916 1900 195
f 195 1900 196
f 196 1900 198
f 1900 1899 198
f 198 1899 200
f 1899 1914 200
f 200 1914 201
f 1914 1913 201
f 201 1913 203
f 1913 1912 203
f 203 1912 204
f 204 1912 206
f 1912 1911 206
f 206 1911 208
f 1911 1910 208
f 208 1910 209
f 1910 1909 209
f 209 1909 211
f 1909 1908 211
f 211 1908 212
f 212 1908 214
f 1908 1907 214
f 214 1907 215
f 1907 1902 215
f 215 1902 217
f 1902 1901 217
f 217 1901 218
f 1901 1906 218
f 218 1906 220
f 220 1906 222
f 1906 1905 222
f 222 1905 223
f 1905 1904 223
f 223 1904 225
f 1904 1919 225
f 225 1919 226
f 1919 1920 226
f 226 1920 228
f 228 1920 230
f 1920 1921 230
f 230 1921 231
f 670 669 1904
f 669 668 1904
f 1904 668 1919
f 668 667 1919
f 1919 667 1920
f 667 666 1920
f 1920 666 1921
f 666 1897 1921
f 1921 1897 231
f 1897 233 231
f 242 244 514
f 244 245 514
f 514 245 515
f 245 240 515
f 515 240 516
f 240 239 516
f 516 239 1922
f 239 237 1922
f 1922 237 1903
f 237 236 1903
f 1903 236 1898
f 236 234 1898
f 1898 234 233
f 625 519 1903
f 519 518 1903
f 1903 518 1922
f 518 517 1922
f 1922 517 516
f 517 516 516
f 516 516 515
f 775 3 72
f 522 660 776
f 660 659 776
f 776 659 872
f 659 658 872
f 872 658 843
f 658 657 843
f 843 657 879
f 657 656 879
f 879 656 788
f 656 655 788
f 788 655 789
f 655 654 789
f 789 654 790
f 654 653 790
f 790 653 791
f 653 652 791
f 791 652 792
f 652 651 792
f 792 651 793
f 651 650 793
f 793 650 794
f 650 649 794
f 794 649 781
f 649 648 781
f 781 648 779
f 648 647 779
f 779 647 777
f 647 646 777
f 777 646 880
f 646 645 880
f 880 645 881
f 645 644 881
f 881 644 882
f 644 643 882
f 882 643 819
f 643 642 819
f 819 642 817
f 642 641 817
f 817 641 782
f 641 640 782
f 782 640 783
f 640 639 783
f 783 639 820
f 639 638 820
f 820 638 821
f 638 637 821
f 821 637 1013
f 637 636 1013
f 1013 636 1014
f 636 635 1014
f 1014 635 1016
f 635 634 1016
f 1016 634 1018
f 634 611 1018
f 1018 611 846
f 611 612 846
f 846 612 849
f 612 613 849
f 849 613 1041
f 248 247 1039
f 1041 613 1039
f 613 614 1039
f 1039 614 248
f 614 1918 248
f 248 1918 188
f 776 775 522
f 775 72 522
f 522 72 523
f 72 74 523
f 998 1026 1923
f 1026 1896 1923
f 998 1923 1081
f 1923 1924 1081
f 1081 1924 1079
f 1924 1925 1079
f 1138 1079 1926
f 1079 1925 1926
f 1138 1926 1927
f 1138 1927 1107
f 1927 1928 1107
f 1107 1928 1108
f 1928 1929 1108
f 1108 1929 1109
f 1929 1930 1109
f 1109 1930 1110
f 1930 1931 1110
f 1110 1931 1122
f 1931 1932 1122
f 1122 1932 1123
f 1932 1933 1123
f 1123 1933 1124
f 1933 1934 1124
f 1124 1934 1074
f 1934 1935 1074
f 1074 1935 1075
f 1935 1936 1075
f 1075 1936 1076
f 1936 1937 1076
f 1076 1937 1111
f 1937 1938 1111
f 1111 1938 1112
f 1938 1939 1112
f 1112 1939 1113
f 1939 1940 1113
f 1113 1940 896
f 1940 1941 896
f 896 1941 894
f 1941 1942 894
f 894 1942 863
f 1942 1943 863
f 863 1943 864
f 1943 1944 864
f 864 1944 991
f 1944 1945 991
f 991 1945 992
f 1945 1946 992
f 992 1946 994
f 1946 1947 994
f 994 1947 995
f 1947 1948 995
f 995 1948 828
f 1948 1949 828
f 828 1949 889
f 1949 1950 889
f 889 1950 890
f 1950 1951 890
f 890 1951 892
f 1951 1952 892
f 892 1952 1022
f 1952 1953 1022
f 1022 1953 1023
f 1953 1954 1023
f 1023 1954 1024
f 1954 1955 1024
f 1024 1955 984
f 1955 1956 984
f 984 1956 985
f 1956 1957 985
f 985 1957 987
f 1957 1958 987
f 987 1958 988
f 1958 1959 988
f 988 1959 990
f 990 1959 811
f 1959 1960 811
f 811 1960 1961
f 1961 1960 1962
f 1960 1963 1962
f 1962 1963 1964
f 1964 1963 1965
f 1963 1966 1965
f 1965 1966 1967
f 1967 1966 1968
f 1966 1969 1968
f 1968 1969 1970
f 1970 1969 1971
f 1969 1972 1971
f 1971 1972 1973
f 1973 1972 1974
f 1972 1975 1974
f 1974 1975 1976
f 1976 1975 1977
f 1975 1424 1977
f 1977 1424 1407
f 1978 366 365
f 1979 1980 433
f 373 438 698
f 713 712 373
f 712 711 373
f 1981 1982 365
f 1982 1983 365
f 698 696 373
f 696 694 373
f 373 694 710
f 438 745 744
f 686 690 438
f 690 699 438
f 438 699 698
f 431 1984 433
f 1984 1985 433
f 433 1985 1986
f 711 683 373
f 683 1987 373
f 373 1987 375
f 1987 1988 375
f 375 1988 377
f 1988 1989 377
f 377 1989 379
f 1989 1990 379
f 379 1990 381
f 1990 1991 381
f 381 1991 383
f 1991 1992 383
f 383 1992 385
f 1992 1993 385
f 385 1993 387
f 1993 1994 387
f 387 1994 389
f 1994 1995 389
f 389 1995 391
f 1995 1996 391
f 391 1996 393
f 1996 1997 393
f 393 1997 395
f 1997 1998 395
f 395 1998 397
f 1998 1999 397
f 397 1999 399
f 1999 2000 399
f 399 2000 401
f 2000 2001 401
f 401 2001 403
f 2001 2002 403
f 403 2002 405
f 2002 2003 405
f 405 2003 407
f 2003 2004 407
f 407 2004 409
f 2004 2005 409
f 409 2005 411
f 2005 2006 411
f 411 2006 413
f 2006 2007 413
f 413 2007 415
f 2007 2008 415
f 415 2008 417
f 2008 2009 417
f 417 2009 419
f 2009 2010 419
f 419 2010 421
f 2010 2011 421
f 421 2011 423
f 2011 2012 423
f 423 2012 425
f 2012 2013 425
f 425 2013 427
f 2013 2014 427
f 427 2014 429
f 2014 2015 429
f 429 2015 431
f 2015 2016 431
f 431 2016 1984
f 710 709 373
f 709 707 373
f 373 707 705
f 761 438 760
f 438 437 760
f 744 743 438
f 743 687 438
f 438 687 686
f 365 2017 2018
f 2019 2020 433
f 2020 2021 433
f 1980 2022 433
f 2022 2023 433
f 433 2023 365
f 2023 2024 365
f 365 2024 2017
f 761 762 438
f 762 763 438
f 438 763 764
f 764 685 438
f 685 684 438
f 438 684 748
f 1983 2025 365
f 2025 2026 365
f 365 2026 1978
f 433 2027 2028
f 2021 2029 433
f 2029 2030 433
f 433 2030 1979
f 705 703 373
f 703 701 373
f 373 701 713
f 748 747 438
f 747 746 438
f 438 746 745
f 2018 2031 365
f 2031 2032 365
f 365 2032 1981
f 1986 2033 433
f 2033 2034 433
f 433 2034 2035
f 2035 2036 433
f 2036 2037 433
f 433 2037 2027
f 2028 2038 433
f 2038 2039 433
f 433 2039 2019
f 1154 2040 2041
f 1145 2042 2043
f 371 2044 1031
f 2045 1097 2046
f 1097 1096 2046
f 2046 1096 2047
f 1096 1059 2047
f 2047 1059 2048
f 1059 1058 2048
f 2048 1058 2049
f 1058 1056 2049
f 2049 1056 2050
f 1056 1055 2050
f 2050 1055 2051
f 1055 1029 2051
f 2051 1029 2052
f 1143 1142 2053
f 1142 1116 2053
f 2053 1116 2054
f 1116 1115 2054
f 2054 1115 2055
f 1115 1114 2055
f 2055 1114 2045
f 1114 1098 2045
f 2045 1098 1097
f 1145 2043 1146
f 2043 2056 1146
f 1146 2056 1130
f 2057 2058 1131
f 2058 1132 1131
f 1132 2058 1147
f 2058 2059 1147
f 1147 2059 1148
f 2059 2060 1148
f 1148 2060 1149
f 1152 2061 1151
f 2061 2062 1151
f 1151 2062 1150
f 2062 2063 1150
f 1150 2063 1153
f 2064 1166 2041
f 1166 1155 2041
f 2041 1155 1154
f 1100 1099 2064
f 1099 1167 2064
f 2064 1167 1166
f 2040 1986 2041
f 1986 1985 2041
f 2041 1985 2064
f 1985 1984 2064
f 2064 1984 1100
f 2035 2034 2040
f 2034 2033 2040
f 2040 2033 1986
f 2061 2036 2062
f 2036 2035 2062
f 2062 2035 2063
f 2035 2040 2063
f 2063 2040 1153
f 2040 1154 1153
f 2028 2027 2061
f 2027 2037 2061
f 2061 2037 2036
f 2057 2039 2058
f 2039 2038 2058
f 2058 2038 2059
f 2038 2028 2059
f 2059 2028 2060
f 2028 2061 2060
f 2060 2061 1149
f 2061 1152 1149
f 2021 2020 2057
f 2020 2019 2057
f 2057 2019 2039
f 1131 1130 2057
f 1130 2056 2057
f 2057 2056 2021
f 2056 2043 2021
f 2021 2043 2029
f 2022 1980 2042
f 1980 1979 2042
f 2042 1979 2043
f 1979 2030 2043
f 2043 2030 2029
f 1145 1143 2042
f 1143 2053 2042
f 2042 2053 2022
f 2053 2054 2022
f 2022 2054 2023
f 2054 2055 2023
f 2023 2055 2024
f 2024 2055 2017
f 2055 2045 2017
f 2017 2045 2018
f 2045 2046 2018
f 2018 2046 2031
f 2046 2047 2031
f 2031 2047 2032
f 2047 2048 2032
f 2032 2048 1981
f 371 370 2044
f 370 2052 2044
f 2044 2052 1031
f 2052 1029 1031
f 1981 2048 1982
f 2048 2049 1982
f 1982 2049 1983
f 2049 2050 1983
f 1983 2050 2025
f 2050 2051 2025
f 2025 2051 2026
f 2051 2052 2026
f 2026 2052 1978
f 2052 370 1978
f 1978 370 366
f 1030 354 364
f 354 356 364
f 420 422 2065
f 422 424 2065
f 2065 424 426
f 414 416 2065
f 416 418 2065
f 2065 418 420
f 408 410 2065
f 410 412 2065
f 2065 412 414
f 402 404 2065
f 404 406 2065
f 2065 406 408
f 396 398 2065
f 398 400 2065
f 2065 400 402
f 390 392 2065
f 392 394 2065
f 2065 394 396
f 384 386 2065
f 386 388 2065
f 2065 388 390
f 378 380 2065
f 380 382 2065
f 2065 382 384
f 372 374 2065
f 374 376 2065
f 2065 376 378
f 442 441 2065
f 441 436 2065
f 2065 436 372
f 510 512 2065
f 512 513 2065
f 2065 513 442
f 504 506 2065
f 506 508 2065
f 2065 508 510
f 498 500 2065
f 500 502 2065
f 2065 502 504
f 492 494 2065
f 494 496 2065
f 2065 496 498
f 486 488 2065
f 488 490 2065
f 2065 490 492
f 480 482 2065
f 482 484 2065
f 2065 484 486
f 474 476 2065
f 476 478 2065
f 2065 478 480
f 468 470 2065
f 470 472 2065
f 2065 472 474
f 462 464 2065
f 464 466 2065
f 2065 466 468
f 456 458 2065
f 458 460 2065
f 2065 460 462
f 450 452 2065
f 452 454 2065
f 2065 454 456
f 367 368 2065
f 368 363 2065
f 2065 363 450
f 432 434 2065
f 434 435 2065
f 2065 435 367
f 426 428 2065
f 428 430 2065
f 2065 430 432
f 1019 2066 1020
f 1170 1169 2067
f 1106 2068 2069
f 2070 1040 2071
f 1040 1039 2071
f 2071 1039 247
f 1037 1036 2072
f 1036 848 2072
f 2072 848 2073
f 848 847 2073
f 2073 847 2074
f 847 1043 2074
f 2074 1043 2070
f 1043 1042 2070
f 2070 1042 1040
f 1105 1104 2075
f 1104 1103 2075
f 2075 1103 2076
f 1103 845 2076
f 2076 845 2077
f 845 844 2077
f 2077 844 2078
f 844 1038 2078
f 2078 1038 2079
f 1106 2069 1133
f 2069 2080 1133
f 1133 2080 1134
f 1168 1119 2081
f 1119 1118 2081
f 2081 1118 2082
f 1118 1117 2082
f 2082 1117 2083
f 1117 1068 2083
f 2083 1068 2084
f 1068 1067 2084
f 2084 1067 2085
f 1067 1157 2085
f 2085 1157 2086
f 1157 1156 2086
f 2086 1156 2087
f 1156 1135 2087
f 1170 2088 1069
f 2088 2089 1069
f 1069 2089 1070
f 1120 1073 2090
f 1073 1072 2090
f 2090 1072 2091
f 1072 1071 2091
f 2091 1071 2092
f 1071 1137 2092
f 2092 1137 2093
f 1137 1136 2093
f 2093 1136 1070
f 2066 1019 2094
f 1019 907 2094
f 2094 907 2095
f 907 906 2095
f 2095 906 2096
f 906 1121 2096
f 2096 1121 2097
f 2097 2098 2096
f 2098 2099 2096
f 2096 2099 2095
f 2099 297 2095
f 2095 297 2094
f 297 298 2094
f 2094 298 2066
f 298 300 2066
f 2066 300 1020
f 2100 2101 2097
f 2101 2102 2097
f 2097 2102 2098
f 2103 2104 2093
f 2104 2105 2093
f 2093 2105 2092
f 2105 2106 2092
f 2092 2106 2091
f 2106 2100 2091
f 2091 2100 2090
f 2100 2097 2090
f 2090 2097 1120
f 2097 1121 1120
f 1070 2089 2093
f 2089 2107 2093
f 2093 2107 2103
f 1170 2067 2088
f 2067 2108 2088
f 2088 2108 2089
f 2108 2109 2089
f 2089 2109 2107
f 2110 2111 2067
f 2111 2112 2067
f 2067 2112 2108
f 2087 271 2086
f 271 2113 2086
f 2086 2113 2085
f 2113 2114 2085
f 2085 2114 2084
f 2114 2115 2084
f 2084 2115 2083
f 2115 2116 2083
f 2083 2116 2082
f 2116 2110 2082
f 2082 2110 2081
f 2110 2067 2081
f 2081 2067 1168
f 2067 1169 1168
f 2117 2118 2087
f 2118 2119 2087
f 2087 2119 271
f 2068 2120 2069
f 2120 2117 2069
f 2069 2117 2080
f 2117 2087 2080
f 2080 2087 1134
f 2087 1135 1134
f 2121 2122 2068
f 2122 2123 2068
f 2068 2123 2120
f 2079 259 2078
f 259 2124 2078
f 2078 2124 2077
f 2124 2125 2077
f 2077 2125 2076
f 2125 2121 2076
f 2076 2121 2075
f 2121 2068 2075
f 2075 2068 1105
f 2068 1106 1105
f 2126 2127 2079
f 2127 2128 2079
f 2079 2128 259
f 2070 2129 2074
f 2129 2130 2074
f 2074 2130 2073
f 2130 2126 2073
f 2073 2126 2072
f 2126 2079 2072
f 2072 2079 1037
f 2079 1038 1037
f 247 249 2071
f 249 251 2071
f 2071 251 2070
f 251 2131 2070
f 2070 2131 2129
f 1057 2132 1030
f 2133 785 2134
f 785 357 2134
f 2134 357 358
f 2135 806 2136
f 806 805 2136
f 2136 805 2137
f 805 804 2137
f 2137 804 2138
f 804 803 2138
f 2138 803 2133
f 803 787 2133
f 2133 787 785
f 2139 772 2140
f 772 770 2140
f 2140 770 2141
f 770 769 2141
f 2141 769 2142
f 769 808 2142
f 2142 808 2135
f 808 807 2135
f 2135 807 806
f 1048 1047 2143
f 1047 1046 2143
f 2143 1046 2144
f 1046 1045 2144
f 2144 1045 2139
f 1045 773 2139
f 2139 773 772
f 2145 2146 1049
f 2146 1060 1049
f 1060 2147 1061
f 2147 2148 1061
f 1061 2148 1062
f 2148 2149 1062
f 1062 2149 1050
f 1050 2149 1051
f 2149 2150 1051
f 1051 2150 1063
f 2150 2151 1063
f 1063 2151 1064
f 2151 2152 1064
f 1064 2152 1052
f 2152 2153 1052
f 1052 2153 1053
f 1053 2153 1054
f 2153 2154 1054
f 1054 2154 829
f 2154 2155 829
f 829 2155 830
f 2155 2156 830
f 830 2156 1129
f 2156 2157 1129
f 1129 2157 1144
f 1030 2132 354
f 349 351 2132
f 351 352 2132
f 2132 352 354
f 1057 1144 2132
f 1144 2157 2132
f 2132 2157 349
f 2157 2156 349
f 349 2156 348
f 348 2156 2158
f 2156 2155 2158
f 2158 2155 2159
f 2155 2154 2159
f 2159 2154 2160
f 2154 2153 2160
f 2160 2153 2161
f 2153 2152 2161
f 2161 2152 2162
f 2162 2152 2163
f 2152 2151 2163
f 2163 2151 2164
f 2151 2150 2164
f 2164 2150 2165
f 2150 2149 2165
f 2165 2149 2166
f 2149 2148 2166
f 2166 2148 2167
f 2148 2147 2167
f 2167 2147 2168
f 1060 2146 2147
f 2146 2169 2147
f 2147 2169 2168
f 2145 330 2146
f 330 332 2146
f 2146 332 2169
f 325 327 2145
f 327 328 2145
f 2145 328 330
f 1049 1048 2145
f 1048 2143 2145
f 2145 2143 325
f 2143 2144 325
f 325 2144 324
f 2144 2139 324
f 324 2139 322
f 2139 2140 322
f 322 2140 321
f 2140 2141 321
f 321 2141 319
f 319 2141 318
f 2141 2142 318
f 318 2142 316
f 2142 2135 316
f 316 2135 314
f 314 2135 313
f 2135 2136 313
f 313 2136 311
f 2136 2137 311
f 311 2137 310
f 2137 2138 310
f 310 2138 308
f 308 2138 307
f 2138 2133 307
f 307 2133 305
f 2133 2134 305
f 305 2134 303
f 2134 358 303
f 303 358 301
f 179 184 2170
f 765 2171 1190
f 2171 1191 1190
f 1191 2171 1188
f 2171 2172 1188
f 1188 2172 1189
f 2172 2173 1189
f 1189 2173 1184
f 2173 2174 1184
f 1184 2174 1172
f 2174 2175 1172
f 1172 2175 1171
f 2175 2176 1171
f 1171 2176 1185
f 1185 2176 1186
f 2176 2177 1186
f 1186 2177 1187
f 2177 2178 1187
f 1187 2178 1158
f 2178 2179 1158
f 1158 2179 1159
f 1160 2180 1173
f 2180 2181 1173
f 1173 2181 1174
f 2181 2182 1174
f 1174 2182 1139
f 2182 2183 1139
f 1139 2183 1140
f 1180 1179 2184
f 1179 1177 2184
f 2184 1177 2185
f 1177 1176 2185
f 2185 1176 2186
f 1176 1175 2186
f 1181 2187 1182
f 2187 2188 1182
f 1182 2188 1183
f 2188 2189 1183
f 1183 2189 1125
f 2189 2190 1125
f 1125 2190 1126
f 2190 2191 1126
f 1126 2191 1178
f 1178 2191 1161
f 2191 2192 1161
f 1161 2192 1162
f 2192 2193 1162
f 1162 2193 1163
f 2193 2194 1163
f 1163 2194 1164
f 1165 2195 1127
f 2195 2170 1127
f 1127 2170 1128
f 1141 1128 2196
f 1128 2170 2196
f 2196 2170 186
f 2170 184 186
f 176 178 2195
f 178 183 2195
f 183 182 2195
f 2195 182 2170
f 182 180 2170
f 2170 180 179
f 172 171 2193
f 171 176 2193
f 2193 176 2194
f 176 2195 2194
f 2194 2195 1164
f 2195 1165 1164
f 2191 170 2192
f 170 175 2192
f 2192 175 2193
f 175 174 2193
f 2193 174 172
f 2189 161 2190
f 161 166 2190
f 2190 166 2191
f 166 168 2191
f 2191 168 170
f 121 165 2188
f 165 164 2188
f 2188 164 2189
f 164 162 2189
f 2189 162 161
f 158 160 2187
f 160 160 2187
f 160 122 2187
f 2187 122 2188
f 122 122 2188
f 2188 122 121
f 152 159 2185
f 159 158 2185
f 2185 158 2184
f 158 2187 2184
f 2184 2187 1180
f 2187 1181 1180
f 1175 1140 2186
f 1140 2183 2186
f 2186 2183 150
f 150 156 2186
f 156 155 2186
f 2186 155 2185
f 155 153 2185
f 2185 153 152
f 2180 2197 2181
f 2197 2198 2181
f 2181 2198 2182
f 2198 147 2182
f 2182 147 2183
f 147 151 2183
f 2183 151 150
f 2199 2200 2180
f 2200 2201 2180
f 2180 2201 2197
f 133 132 2173
f 132 131 2173
f 2173 131 2174
f 131 2202 2174
f 2174 2202 2175
f 2202 2203 2175
f 2175 2203 2176
f 2203 2204 2176
f 2176 2204 2177
f 2204 2205 2177
f 2177 2205 2178
f 2205 2199 2178
f 2178 2199 2179
f 2199 2180 2179
f 2179 2180 1159
f 2180 1160 1159
f 133 2173 126
f 2173 2172 126
f 126 2172 128
f 2172 2171 128
f 128 2171 129
f 765 120 2171
f 120 124 2171
f 2171 124 129
f 186 185 2196
f 185 1141 2196
f 300 299 1020
f 1573 784 1570
f 784 822 1570
f 784 1573 2206
f 784 2206 818
f 2206 2207 818
f 818 2207 778
f 2207 2208 778
f 778 2208 780
f 2208 1249 780
f 780 1249 768
f 1887 1242 1883
f 1242 1240 1883
f 1890 1087 1886
f 1087 1887 1886
f 1890 1889 1087
f 1889 1891 1087
f 1087 1891 1088
f 1887 1087 1242
f 1087 869 1242
f 1242 869 1243
f 869 868 1243
f 1243 868 1245
f 868 1009 1245
f 1245 1009 1247
f 1009 768 1247
f 1247 768 1249
f 2209 2210 2211
f 2209 2211 2212
f 2211 2213 2212
f 2212 2213 2214
f 2213 2215 2214
f 2214 2215 2216
f 2215 2217 2216
f 2216 2217 2218
f 2217 2219 2218
f 2218 2219 2220
f 2221 2222 2223
f 2224 2225 2226
f 2227 2228 2229
f 2228 2230 2229
f 2229 2230 2231
f 2223 2222 2231
f 2226 2225 2232
f 2232 2225 2233
f 2225 2234 2233
f 2233 2234 2235
f 2235 2236 2233
f 2236 2228 2233
f 2233 2228 2237
f 2238 2239 2240
f 2241 2242 2243
f 2227 2244 2228
f 2244 2245 2228
f 2228 2245 2246
f 2247 2248 2249
f 2239 2250 2240
f 2250 2251 2240
f 2240 2251 2252
f 2238 2240 2223
f 2240 2253 2223
f 2223 2253 2254
f 2254 2255 2223
f 2255 2256 2223
f 2223 2256 2221
f 2231 2222 2229
f 2222 2257 2229
f 2229 2257 2243
f 2257 2258 2243
f 2243 2258 2241
f 2246 2259 2228
f 2259 2260 2228
f 2228 2260 2261
f 2262 2263 2264
f 2263 2226 2264
f 2262 2265 2263
f 2265 2247 2263
f 2263 2247 2266
f 2247 2249 2266
f 2263 2267 2226
f 2267 2268 2226
f 2226 2268 2269
f 2270 2271 2243
f 2271 2272 2243
f 2243 2272 2273
f 2274 2275 2272
f 2275 2276 2272
f 2272 2276 2273
f 2269 2277 2226
f 2277 2278 2226
f 2226 2278 2224
f 2242 2279 2243
f 2279 2280 2243
f 2243 2280 2270
f 2272 2281 2274
f 2281 2282 2274
f 2274 2282 2283
f 2284 2285 2286
f 2261 2287 2228
f 2287 2288 2228
f 2228 2288 2289
f 2290 2291 2228
f 2291 2292 2228
f 2285 2284 2293
f 2284 2294 2293
f 2293 2294 2295
f 2283 2296 2274
f 2296 2284 2274
f 2274 2284 2297
f 2284 2286 2297
f 2289 2298 2228
f 2298 2299 2228
f 2228 2299 2290
f 2292 2300 2228
f 2300 2301 2228
f 2228 2301 2237
f 2302 2244 2227
f 2302 2227 2303
f 2227 2229 2303
f 2303 2229 2304
f 2305 2223 2306
f 2223 2231 2306
f 2306 2231 2307
f 2231 2230 2307
f 2307 2230 2308
f 2230 2228 2308
f 2308 2228 2309
f 2228 2236 2309
f 2309 2236 2310
f 2236 2235 2310
f 2310 2235 2311
f 2235 2234 2311
f 2311 2234 2312
f 2234 2225 2312
f 2312 2225 2313
f 2225 2224 2313
f 2313 2224 2314
f 2224 2278 2314
f 2314 2278 2315
f 2278 2277 2315
f 2315 2277 2316
f 2277 2269 2316
f 2316 2269 2317
f 2269 2268 2317
f 2317 2268 2318
f 2268 2267 2318
f 2318 2267 2319
f 2267 2263 2319
f 2319 2263 2320
f 2263 2266 2320
f 2320 2266 2321
f 2266 2249 2321
f 2321 2249 2322
f 2249 2248 2322
f 2322 2248 2323
f 2248 2247 2323
f 2323 2247 2324
f 2247 2265 2324
f 2324 2265 2325
f 2265 2262 2325
f 2325 2262 2326
f 2262 2264 2326
f 2326 2264 2327
f 2264 2226 2327
f 2327 2226 2328
f 2226 2232 2328
f 2328 2232 2329
f 2232 2233 2329
f 2330 2331 2332
f 2333 2334 2335
f 2331 2336 2332
f 2336 2337 2332
f 2332 2337 2338
f 2337 2339 2338
f 2338 2339 2340
f 2340 2341 2338
f 2341 2342 2338
f 2338 2342 2343
f 2343 2344 2338
f 2344 2345 2338
f 2338 2345 2346
f 2347 2345 2348
f 2345 2349 2348
f 2348 2349 2350
f 2351 2352 2353
f 2354 2355 2356
f 2357 2358 2335
f 2358 2359 2335
f 2359 2360 2335
f 2360 2361 2335
f 2335 2361 2362
f 2361 2363 2362
f 2362 2363 2364
f 2363 2365 2364
f 2333 2366 2367
f 2351 2353 2354
f 2353 2368 2354
f 2354 2368 2355
f 2350 2369 2348
f 2369 2354 2348
f 2348 2354 2370
f 2354 2356 2370
f 2347 2371 2345
f 2371 2372 2345
f 2345 2372 2373
f 2374 2375 2345
f 2375 2376 2345
f 2345 2376 2346
f 2377 2378 2379
f 2335 2380 2333
f 2380 2381 2333
f 2333 2381 2366
f 2382 2383 2384
f 2383 2385 2384
f 2384 2385 2386
f 2386 2387 2384
f 2387 2388 2384
f 2384 2388 2389
f 2367 2390 2333
f 2390 2384 2333
f 2333 2384 2391
f 2384 2389 2391
f 2373 2392 2345
f 2392 2393 2345
f 2345 2393 2374
f 2330 2332 2334
f 2332 2394 2334
f 2334 2394 2335
f 2394 2395 2335
f 2335 2395 2357
f 2378 2396 2379
f 2396 2397 2379
f 2379 2397 2398
f 2399 2400 2379
f 2400 2401 2379
f 2379 2401 2377
f 2363 2402 2365
f 2402 2379 2365
f 2365 2379 2403
f 2379 2398 2403
f 2404 2405 2406
f 2407 2408 2409
f 2408 2406 2409
f 2409 2406 2410
f 2409 2411 2407
f 2411 2412 2407
f 2407 2412 2413
f 2412 2414 2413
f 2399 2379 2406
f 2379 2415 2406
f 2406 2415 2404
f 2405 2416 2406
f 2416 2417 2406
f 2406 2417 2410
f 2418 2339 2337
f 2418 2337 2419
f 2337 2336 2419
f 2419 2336 2420
f 2336 2331 2420
f 2420 2331 2421
f 2331 2330 2421
f 2421 2330 2422
f 2330 2334 2422
f 2422 2334 2423
f 2424 2394 2332
f 2424 2332 2425
f 2332 2338 2425
f 2425 2338 2426
f 2222 2427 2257
f 2427 2428 2257
f 2427 2222 2429
f 2222 2221 2429
f 2429 2221 2430
f 2221 2256 2430
f 2430 2256 2431
f 2256 2255 2431
f 2431 2255 2432
f 2255 2254 2432
f 2432 2254 2433
f 2254 2253 2433
f 2433 2253 2434
f 2253 2240 2434
f 2434 2240 2435
f 2240 2252 2435
f 2435 2252 2436
f 2252 2251 2436
f 2436 2251 2437
f 2251 2250 2437
f 2437 2250 2438
f 2250 2239 2438
f 2438 2239 2439
f 2239 2238 2439
f 2439 2238 2305
f 2238 2223 2305
f 2440 2441 2442
f 2441 2443 2442
f 2442 2443 2444
f 2443 2445 2444
f 2444 2445 2446
f 2445 2447 2446
f 2446 2447 2448
f 2447 2449 2448
f 2448 2449 2450
f 2449 2451 2450
f 2450 2451 2452
f 2451 2453 2452
f 2452 2453 2454
f 2453 2455 2454
f 2454 2455 2456
f 2455 2457 2456
f 2456 2457 2458
f 2457 2459 2458
f 2458 2459 2460
f 2459 2461 2460
f 2460 2461 2462
f 2461 2463 2462
f 2462 2463 2464
f 2463 2465 2464
f 2464 2465 2466
f 2465 2467 2466
f 2466 2467 2468
f 2467 2469 2468
f 2468 2469 2470
f 2469 2471 2470
f 2470 2471 2472
f 2471 2473 2472
f 2472 2473 2474
f 2473 2475 2474
f 2474 2475 2476
f 2475 2477 2476
f 2476 2477 2478
f 2477 2479 2478
f 2478 2479 2480
f 2479 2481 2480
f 2480 2481 2209
f 2481 2210 2209
f 2329 2233 2482
f 2233 2237 2482
f 2482 2237 2483
f 2237 2301 2483
f 2483 2301 2484
f 2301 2300 2484
f 2484 2300 2485
f 2300 2292 2485
f 2485 2292 2486
f 2292 2291 2486
f 2486 2291 2487
f 2291 2290 2487
f 2487 2290 2488
f 2290 2299 2488
f 2488 2299 2489
f 2299 2298 2489
f 2489 2298 2490
f 2298 2289 2490
f 2490 2289 2491
f 2289 2288 2491
f 2491 2288 2492
f 2288 2287 2492
f 2492 2287 2493
f 2287 2261 2493
f 2493 2261 2494
f 2261 2260 2494
f 2494 2260 2495
f 2260 2259 2495
f 2495 2259 2496
f 2259 2246 2496
f 2496 2246 2497
f 2246 2245 2497
f 2497 2245 2302
f 2245 2244 2302
f 2362 2498 2335
f 2498 2499 2335
f 2498 2362 2500
f 2362 2364 2500
f 2500 2364 2501
f 2364 2365 2501
f 2501 2365 2502
f 2365 2403 2502
f 2502 2403 2503
f 2403 2398 2503
f 2503 2398 2504
f 2398 2397 2504
f 2504 2397 2505
f 2397 2396 2505
f 2505 2396 2506
f 2396 2378 2506
f 2506 2378 2507
f 2378 2377 2507
f 2507 2377 2508
f 2377 2401 2508
f 2508 2401 2509
f 2401 2400 2509
f 2509 2400 2510
f 2400 2399 2510
f 2510 2399 2511
f 2399 2406 2511
f 2511 2406 2512
f 2406 2408 2512
f 2512 2408 2513
f 2408 2407 2513
f 2513 2407 2514
f 2407 2413 2514
f 2514 2413 2515
f 2413 2414 2515
f 2515 2414 2516
f 2414 2412 2516
f 2516 2412 2517
f 2412 2411 2517
f 2517 2411 2518
f 2411 2409 2518
f 2518 2409 2519
f 2409 2410 2519
f 2519 2410 2520
f 2410 2417 2520
f 2520 2417 2521
f 2417 2416 2521
f 2521 2416 2522
f 2416 2405 2522
f 2522 2405 2523
f 2405 2404 2523
f 2523 2404 2524
f 2404 2415 2524
f 2524 2415 2525
f 2415 2379 2525
f 2525 2379 2526
f 2379 2402 2526
f 2526 2402 2527
f 2402 2363 2527
f 2527 2363 2528
f 2363 2361 2528
f 2528 2361 2529
f 2361 2360 2529
f 2529 2360 2530
f 2360 2359 2530
f 2530 2359 2531
f 2359 2358 2531
f 2531 2358 2532
f 2358 2357 2532
f 2532 2357 2533
f 2357 2395 2533
f 2533 2395 2424
f 2395 2394 2424
f 2534 2535 2536
f 2537 2538 2539
f 2535 2540 2536
f 2540 2541 2536
f 2536 2541 2537
f 2541 2542 2537
f 2537 2542 2538
f 2543 2219 2544
f 2219 2217 2544
f 2544 2217 2545
f 2217 2215 2545
f 2546 2547 2548
f 2547 2549 2548
f 2550 2551 2536
f 2549 2552 2548
f 2552 2553 2548
f 2548 2553 2554
f 2543 2544 2536
f 2544 2555 2536
f 2536 2555 2550
f 2554 2556 2548
f 2556 2557 2548
f 2548 2557 2558
f 2215 2213 2545
f 2213 2211 2545
f 2545 2211 2559
f 2211 2210 2559
f 2559 2210 2560
f 2561 2562 2546
f 2562 2563 2546
f 2563 2564 2546
f 2564 2565 2546
f 2546 2565 2566
f 2567 2568 2546
f 2568 2569 2546
f 2546 2569 2547
f 2539 2570 2537
f 2570 2548 2537
f 2537 2548 2571
f 2548 2558 2571
f 2551 2572 2536
f 2572 2573 2536
f 2536 2573 2574
f 2574 2575 2536
f 2575 2576 2536
f 2536 2576 2534
f 2566 2577 2546
f 2577 2578 2546
f 2546 2578 2579
f 2579 2580 2546
f 2580 2581 2546
f 2546 2581 2567
f 2443 2441 2210
f 2441 2582 2210
f 2210 2582 2583
f 2210 2481 2443
f 2481 2479 2443
f 2443 2479 2477
f 2471 2469 2443
f 2469 2467 2443
f 2459 2457 2449
f 2467 2465 2443
f 2465 2463 2443
f 2443 2463 2445
f 2463 2447 2445
f 2584 2585 2210
f 2585 2586 2210
f 2210 2586 2560
f 2477 2475 2443
f 2475 2473 2443
f 2443 2473 2471
f 2587 2588 2210
f 2447 2463 2449
f 2463 2461 2449
f 2449 2461 2459
f 2457 2455 2449
f 2455 2453 2449
f 2449 2453 2451
f 2588 2589 2210
f 2589 2590 2210
f 2210 2590 2584
f 2583 2591 2210
f 2591 2592 2210
f 2210 2592 2593
f 2593 2594 2210
f 2594 2595 2210
f 2210 2595 2596
f 2596 2597 2210
f 2597 2598 2210
f 2210 2598 2587
f 2582 2441 2599
f 2441 2440 2599
f 2600 2545 2601
f 2545 2559 2601
f 2601 2559 2602
f 2559 2560 2602
f 2602 2560 2603
f 2560 2586 2603
f 2603 2586 2604
f 2586 2585 2604
f 2604 2585 2605
f 2585 2584 2605
f 2605 2584 2606
f 2584 2590 2606
f 2606 2590 2607
f 2590 2589 2607
f 2607 2589 2608
f 2589 2588 2608
f 2608 2588 2609
f 2588 2587 2609
f 2609 2587 2610
f 2587 2598 2610
f 2610 2598 2611
f 2598 2597 2611
f 2611 2597 2612
f 2597 2596 2612
f 2612 2596 2613
f 2596 2595 2613
f 2613 2595 2614
f 2595 2594 2614
f 2614 2594 2615
f 2594 2593 2615
f 2615 2593 2616
f 2593 2592 2616
f 2616 2592 2617
f 2592 2591 2617
f 2617 2591 2618
f 2591 2583 2618
f 2618 2583 2599
f 2583 2582 2599
f 1361 2619 1402
f 2619 1403 1402
f 1404 2620 1405
f 2621 2622 2623
f 1404 1403 2620
f 1403 2619 2620
f 2620 2619 2624
f 2623 2622 2625
f 2620 2626 2627
f 2628 2629 2630
f 2629 2631 2630
f 2630 2631 2632
f 2631 2627 2632
f 2632 2627 2633
f 2627 2626 2633
f 2634 2635 2636
f 2635 2637 2636
f 2636 2637 2638
f 2637 2639 2638
f 2638 2639 2628
f 2639 2640 2628
f 2628 2640 2629
f 2624 2641 2620
f 2641 2642 2620
f 2620 2642 2643
f 2644 2645 2626
f 2645 2646 2626
f 2626 2646 2647
f 2648 2649 2650
f 2651 2652 2653
f 2652 2654 2653
f 2653 2654 2648
f 2654 2655 2648
f 2648 2655 2649
f 2656 2657 2658
f 2647 2659 2626
f 2659 2648 2626
f 2626 2648 2660
f 2648 2650 2660
f 2661 2662 2658
f 2662 2663 2658
f 2658 2663 2664
f 2634 2665 2635
f 2665 2658 2635
f 2635 2658 2666
f 2658 2657 2666
f 2620 2627 2622
f 2627 2667 2622
f 2622 2667 2668
f 2623 2669 2621
f 2669 2670 2621
f 2621 2670 2671
f 2672 2673 2674
f 2643 2675 2620
f 2675 2676 2620
f 2620 2676 2677
f 2678 2679 2626
f 2679 2680 2626
f 2626 2680 2644
f 2681 2682 2683
f 2682 2684 2683
f 2664 2685 2658
f 2685 2686 2658
f 2658 2686 2687
f 2688 2689 2658
f 2689 2690 2658
f 2658 2690 2656
f 2668 2691 2622
f 2691 2692 2622
f 2622 2692 2693
f 2671 2694 2621
f 2694 2695 2621
f 2621 2695 2696
f 2677 2697 2620
f 2697 2698 2620
f 2620 2698 2626
f 2698 2699 2626
f 2626 2699 2678
f 2651 2700 2652
f 2700 2701 2652
f 2652 2701 2702
f 2703 2704 2705
f 2704 2683 2705
f 2705 2683 2706
f 2683 2684 2706
f 2707 2708 2709
f 2708 2710 2709
f 2709 2710 2711
f 2711 2712 2709
f 2712 2713 2709
f 2709 2713 2714
f 2709 2715 2716
f 2716 2717 2709
f 2717 2718 2709
f 2709 2718 2719
f 2707 2709 2658
f 2709 2720 2658
f 2658 2720 2661
f 2687 2721 2658
f 2721 2722 2658
f 2658 2722 2723
f 2723 2724 2658
f 2724 2725 2658
f 2658 2725 2688
f 2693 2726 2622
f 2726 2727 2622
f 2622 2727 2625
f 2728 2729 2695
f 2729 2730 2695
f 2695 2730 2696
f 2702 2731 2652
f 2731 2732 2652
f 2652 2732 2733
f 2733 2734 2652
f 2734 2735 2652
f 2652 2735 2736
f 2737 2738 2739
f 2714 2740 2709
f 2740 2741 2709
f 2709 2741 2715
f 2737 2739 2705
f 2739 2742 2705
f 2705 2742 2743
f 2728 2695 2673
f 2695 2744 2673
f 2673 2744 2745
f 2745 2746 2673
f 2746 2747 2673
f 2673 2747 2674
f 2748 2749 2674
f 2749 2750 2674
f 2674 2750 2672
f 2735 2751 2736
f 2751 2752 2736
f 2736 2752 2683
f 2752 2753 2683
f 2683 2753 2681
f 2753 2754 2681
f 2681 2754 2755
f 2754 2756 2755
f 2755 2756 2757
f 2738 2758 2739
f 2758 2759 2739
f 2739 2759 2760
f 2757 2761 2755
f 2761 2762 2755
f 2755 2762 2763
f 2764 2765 2766
f 2767 2768 2769
f 2743 2770 2705
f 2770 2771 2705
f 2705 2771 2703
f 2764 2766 2767
f 2766 2772 2767
f 2767 2772 2768
f 2763 2773 2755
f 2773 2767 2755
f 2755 2767 2774
f 2767 2769 2774
f 2775 2544 2600
f 2544 2545 2600
f 2776 2537 2777
f 2537 2571 2777
f 2777 2571 2778
f 2571 2558 2778
f 2778 2558 2779
f 2558 2557 2779
f 2779 2557 2780
f 2557 2556 2780
f 2780 2556 2781
f 2556 2554 2781
f 2781 2554 2782
f 2554 2553 2782
f 2782 2553 2783
f 2553 2552 2783
f 2783 2552 2784
f 2552 2549 2784
f 2784 2549 2785
f 2549 2547 2785
f 2785 2547 2786
f 2547 2569 2786
f 2786 2569 2787
f 2569 2568 2787
f 2787 2568 2788
f 2568 2567 2788
f 2788 2567 2789
f 2567 2581 2789
f 2789 2581 2790
f 2581 2580 2790
f 2790 2580 2791
f 2580 2579 2791
f 2791 2579 2792
f 2579 2578 2792
f 2792 2578 2793
f 2578 2577 2793
f 2793 2577 2794
f 2577 2566 2794
f 2794 2566 2795
f 2566 2565 2795
f 2795 2565 2796
f 2565 2564 2796
f 2796 2564 2797
f 2564 2563 2797
f 2797 2563 2798
f 2563 2562 2798
f 2798 2562 2799
f 2562 2561 2799
f 2799 2561 2800
f 2561 2546 2800
f 2800 2546 2801
f 2546 2548 2801
f 2801 2548 2802
f 2548 2570 2802
f 2802 2570 2803
f 2570 2539 2803
f 2803 2539 2804
f 2539 2538 2804
f 2804 2538 2805
f 2538 2542 2805
f 2220 2219 2543
f 2220 2543 2806
f 2543 2536 2806
f 2806 2536 2807
f 2536 2537 2807
f 2807 2537 2776
f 2808 2541 2809
f 2541 2540 2809
f 2809 2540 2810
f 2540 2535 2810
f 2810 2535 2811
f 2535 2534 2811
f 2811 2534 2812
f 2534 2576 2812
f 2812 2576 2813
f 2576 2575 2813
f 2813 2575 2814
f 2575 2574 2814
f 2814 2574 2815
f 2574 2573 2815
f 2815 2573 2816
f 2573 2572 2816
f 2816 2572 2817
f 2572 2551 2817
f 2817 2551 2818
f 2551 2550 2818
f 2818 2550 2819
f 2550 2555 2819
f 2819 2555 2775
f 2555 2544 2775
f 2541 2808 2542
f 2808 2805 2542
f 2820 2243 2821
f 2243 2273 2821
f 2821 2273 2822
f 2273 2276 2822
f 2822 2276 2823
f 2276 2275 2823
f 2823 2275 2824
f 2275 2274 2824
f 2824 2274 2825
f 2274 2297 2825
f 2825 2297 2826
f 2297 2286 2826
f 2826 2286 2827
f 2286 2285 2827
f 2827 2285 2828
f 2285 2293 2828
f 2828 2293 2829
f 2293 2295 2829
f 2829 2295 2830
f 2295 2294 2830
f 2830 2294 2831
f 2294 2284 2831
f 2831 2284 2832
f 2284 2296 2832
f 2832 2296 2833
f 2296 2283 2833
f 2833 2283 2834
f 2283 2282 2834
f 2834 2282 2835
f 2282 2281 2835
f 2835 2281 2836
f 2281 2272 2836
f 2836 2272 2837
f 2272 2271 2837
f 2837 2271 2838
f 2271 2270 2838
f 2838 2270 2839
f 2270 2280 2839
f 2839 2280 2840
f 2280 2279 2840
f 2840 2279 2841
f 2279 2242 2841
f 2841 2242 2842
f 2242 2241 2842
f 2842 2241 2843
f 2241 2258 2843
f 2843 2258 2428
f 2258 2257 2428
f 2304 2229 2820
f 2229 2243 2820
f 2844 2333 2845
f 2333 2391 2845
f 2845 2391 2846
f 2391 2389 2846
f 2846 2389 2847
f 2389 2388 2847
f 2847 2388 2848
f 2388 2387 2848
f 2848 2387 2849
f 2387 2386 2849
f 2849 2386 2850
f 2386 2385 2850
f 2850 2385 2851
f 2385 2383 2851
f 2851 2383 2852
f 2383 2382 2852
f 2852 2382 2853
f 2382 2384 2853
f 2853 2384 2854
f 2384 2390 2854
f 2854 2390 2855
f 2390 2367 2855
f 2855 2367 2856
f 2367 2366 2856
f 2856 2366 2857
f 2366 2381 2857
f 2857 2381 2858
f 2381 2380 2858
f 2858 2380 2499
f 2380 2335 2499
f 2423 2334 2844
f 2334 2333 2844
f 2339 2418 2340
f 2418 2859 2340
f 2340 2859 2341
f 2859 2860 2341
f 2341 2860 2342
f 2860 2861 2342
f 2342 2861 2343
f 2861 2862 2343
f 2343 2862 2344
f 2862 2863 2344
f 2344 2863 2345
f 2863 2864 2345
f 2345 2864 2349
f 2864 2865 2349
f 2349 2865 2350
f 2865 2866 2350
f 2350 2866 2369
f 2866 2867 2369
f 2369 2867 2354
f 2867 2868 2354
f 2354 2868 2351
f 2868 2869 2351
f 2351 2869 2352
f 2869 2870 2352
f 2352 2870 2353
f 2870 2871 2353
f 2353 2871 2368
f 2871 2872 2368
f 2368 2872 2355
f 2872 2873 2355
f 2355 2873 2356
f 2873 2874 2356
f 2356 2874 2370
f 2874 2875 2370
f 2370 2875 2348
f 2875 2876 2348
f 2348 2876 2347
f 2876 2877 2347
f 2347 2877 2371
f 2877 2878 2371
f 2371 2878 2372
f 2878 2879 2372
f 2372 2879 2373
f 2879 2880 2373
f 2373 2880 2392
f 2880 2881 2392
f 2392 2881 2393
f 2881 2882 2393
f 2393 2882 2374
f 2882 2883 2374
f 2374 2883 2375
f 2883 2884 2375
f 2375 2884 2376
f 2884 2885 2376
f 2376 2885 2346
f 2885 2886 2346
f 2346 2886 2338
f 2886 2426 2338
f 786 1556 1557
f 786 1557 850
f 1557 1558 850
f 850 1558 851
f 1558 1559 851
f 851 1559 852
f 1559 1560 852
f 852 1560 883
f 1560 1561 883
f 883 1561 884
f 1561 1562 884
f 884 1562 885
f 1562 1563 885
f 885 1563 886
f 1563 1564 886
f 886 1564 887
f 1564 1565 887
f 887 1565 888
f 1565 1566 888
f 888 1566 1021
f 1566 1567 1021
f 1021 1567 908
f 1567 1568 908
f 908 1568 1017
f 1568 1569 1017
f 1017 1569 1015
f 1569 1570 1015
f 1015 1570 822
f 771 1445 786
f 1445 1556 786
f 1445 771 1443
f 771 798 1443
f 1443 798 1441
f 798 816 1441
f 1441 816 1439
f 816 983 1439
f 1439 983 1437
f 983 982 1437
f 1437 982 1435
f 982 980 1435
f 1435 980 1433
f 980 978 1433
f 1433 978 1431
f 978 976 1431
f 1431 976 1429
f 976 974 1429
f 1429 974 1427
f 974 972 1427
f 1427 972 1425
f 972 970 1425
f 795 1411 1554
f 795 1554 854
f 1554 1552 854
f 854 1552 856
f 1552 1550 856
f 856 1550 858
f 1550 1548 858
f 858 1548 860
f 1548 1546 860
f 860 1546 909
f 1546 1544 909
f 909 1544 910
f 1544 1542 910
f 910 1542 912
f 1542 1540 912
f 912 1540 914
f 1540 1538 914
f 914 1538 916
f 1538 1536 916
f 916 1536 918
f 1536 1534 918
f 918 1534 920
f 1534 1532 920
f 920 1532 922
f 1532 1530 922
f 922 1530 924
f 1530 1528 924
f 924 1528 926
f 1528 1526 926
f 926 1526 928
f 1526 1524 928
f 928 1524 930
f 1524 1523 930
f 930 1523 932
f 1523 1520 932
f 932 1520 934
f 1520 1519 934
f 934 1519 936
f 1519 1518 936
f 936 1518 938
f 1518 1517 938
f 938 1517 940
f 1517 1516 940
f 940 1516 942
f 1516 1515 942
f 942 1515 944
f 1515 1514 944
f 944 1514 946
f 1514 1513 946
f 946 1513 948
f 1513 1512 948
f 948 1512 950
f 1512 1511 950
f 950 1511 952
f 1511 1510 952
f 952 1510 954
f 1510 1509 954
f 954 1509 956
f 1509 1508 956
f 956 1508 958
f 1508 1507 958
f 958 1507 960
f 1507 1506 960
f 960 1506 962
f 1506 1505 962
f 962 1505 964
f 1505 1504 964
f 964 1504 966
f 1504 1503 966
f 966 1503 968
f 1503 1425 968
f 968 1425 970
f 1977 1407 1409
f 1973 1974 1409
f 1974 1976 1409
f 1409 1976 1977
f 1968 1970 1409
f 1970 1971 1409
f 1409 1971 1973
f 1964 1965 1409
f 1965 1967 1409
f 1409 1967 1968
f 795 811 1411
f 811 1961 1411
f 1411 1961 1409
f 1961 1962 1409
f 1409 1962 1964
f 2887 1362 1406
f 1362 1401 1406
f 1362 2887 1364
f 2887 2888 1364
f 1364 2888 1366
f 2888 2889 1366
f 1366 2889 1368
f 2889 2890 1368
f 1368 2890 1370
f 2890 2891 1370
f 1370 2891 1372
f 2891 2892 1372
f 1372 2892 1374
f 2892 2893 1374
f 1374 2893 1376
f 2893 2894 1376
f 1376 2894 1378
f 2894 2895 1378
f 1378 2895 1380
f 2895 2896 1380
f 1380 2896 1382
f 2896 2897 1382
f 1382 2897 1384
f 2897 2898 1384
f 1384 2898 1386
f 2898 2899 1386
f 1386 2899 1388
f 2899 2900 1388
f 1388 2900 1390
f 2900 2901 1390
f 1390 2901 1392
f 2901 2902 1392
f 1392 2902 1394
f 2902 2903 1394
f 1394 2903 1396
f 2903 2904 1396
f 1396 2904 1398
f 2904 2905 1398
f 1398 2905 1400
f 2905 2906 1400
f 1400 2906 1288
f 2906 2907 1288
f 1288 2907 1290
f 2907 2908 1290
f 1290 2908 1292
f 2908 2909 1292
f 1292 2909 1294
f 2909 2910 1294
f 1294 2910 1296
f 2910 2911 1296
f 1296 2911 1298
f 2911 2912 1298
f 1298 2912 1300
f 2912 2913 1300
f 1300 2913 1302
f 2913 2914 1302
f 1302 2914 1304
f 2914 2915 1304
f 1304 2915 1306
f 2915 2916 1306
f 1306 2916 1308
f 2916 2917 1308
f 1308 2917 1310
f 2917 2918 1310
f 1310 2918 1252
f 2918 2919 1252
f 2920 1285 1283
f 2920 1283 2921
f 1283 1281 2921
f 2921 1281 2922
f 1281 1279 2922
f 2922 1279 2923
f 1279 1277 2923
f 2923 1277 2924
f 1277 1275 2924
f 2924 1275 2925
f 1275 1273 2925
f 2925 1273 2926
f 1273 1271 2926
f 2926 1271 2927
f 1271 1269 2927
f 2927 1269 2928
f 1269 1267 2928
f 2928 1267 2929
f 1267 1265 2929
f 2929 1265 2930
f 1265 1263 2930
f 2930 1263 2931
f 1263 1261 2931
f 2931 1261 2932
f 1261 1259 2932
f 2932 1259 2933
f 1259 1257 2933
f 2933 1257 2934
f 1257 1255 2934
f 2934 1255 2935
f 1255 1253 2935
f 2935 1253 2936
f 1253 1252 2936
f 2936 1252 2919
f 2937 1312 2920
f 1312 1285 2920
f 2938 1343 1341
f 2938 1341 2939
f 1341 1339 2939
f 2939 1339 2940
f 1339 1337 2940
f 2940 1337 2941
f 1337 1335 2941
f 2941 1335 2942
f 1335 1333 2942
f 2942 1333 2943
f 1333 1331 2943
f 2943 1331 2944
f 1331 1329 2944
f 2944 1329 2945
f 1329 1327 2945
f 2945 1327 2946
f 1327 1325 2946
f 2946 1325 2947
f 1325 1323 2947
f 2947 1323 2948
f 1323 1321 2948
f 2948 1321 2949
f 1321 1319 2949
f 2949 1319 2950
f 1319 1317 2950
f 2950 1317 2951
f 1317 1315 2951
f 2951 1315 2952
f 1315 1313 2952
f 2952 1313 2953
f 1313 1312 2953
f 2953 1312 2937
f 1343 2938 1346
f 2938 2954 1346
f 1346 2954 1348
f 2954 2955 1348
f 1348 2955 1350
f 2955 2956 1350
f 1350 2956 1352
f 2956 2957 1352
f 1352 2957 1354
f 2957 2958 1354
f 1354 2958 1356
f 2958 2959 1356
f 1356 2959 1358
f 2959 2960 1358
f 1358 2960 1360
f 2960 2961 1360
f 1360 2961 1413
f 2961 2962 1413
f 1413 2962 1415
f 2962 2963 1415
f 1415 2963 1417
f 2963 2964 1417
f 1417 2964 1420
f 2964 2965 1420
f 1420 2965 1408
f 2965 2966 1408
f 1408 2966 1410
f 2966 2967 1410
f 1410 2967 1412
f 2967 2968 1412
f 2969 1522 1521
f 2969 1521 2970
f 1521 1525 2970
f 2970 1525 2971
f 1525 1527 2971
f 2971 1527 2972
f 1527 1529 2972
f 2972 1529 2973
f 1529 1531 2973
f 2973 1531 2974
f 1531 1533 2974
f 2974 1533 2975
f 1533 1535 2975
f 2975 1535 2976
f 1535 1537 2976
f 2976 1537 2977
f 1537 1539 2977
f 2977 1539 2978
f 1539 1541 2978
f 2978 1541 2979
f 1541 1543 2979
f 2979 1543 2980
f 1543 1545 2980
f 2980 1545 2981
f 1545 1547 2981
f 2981 1547 2982
f 1547 1549 2982
f 2982 1549 2983
f 1549 1551 2983
f 2983 1551 2984
f 1551 1553 2984
f 2984 1553 2985
f 1553 1555 2985
f 2985 1555 2986
f 1555 1412 2986
f 2986 1412 2968
f 1522 2969 1574
f 2969 2987 1574
f 2988 1571 1594
f 2988 1594 2989
f 1594 1593 2989
f 2989 1593 2990
f 1593 1592 2990
f 2990 1592 2991
f 1592 1591 2991
f 2991 1591 2992
f 1591 1590 2992
f 2992 1590 2993
f 1590 1589 2993
f 2993 1589 2994
f 1589 1588 2994
f 2994 1588 2995
f 1588 1587 2995
f 2995 1587 2996
f 1587 1586 2996
f 2996 1586 2997
f 1586 1585 2997
f 2997 1585 2998
f 1585 1584 2998
f 2998 1584 2999
f 1584 1583 2999
f 2999 1583 3000
f 1583 1582 3000
f 3000 1582 3001
f 1582 1581 3001
f 3001 1581 3002
f 1581 1580 3002
f 3002 1580 3003
f 1580 1579 3003
f 3003 1579 3004
f 1579 1578 3004
f 3004 1578 3005
f 1578 1577 3005
f 3005 1577 3006
f 1577 1576 3006
f 3006 1576 3007
f 1576 1575 3007
f 3007 1575 3008
f 1575 1574 3008
f 3008 1574 2987
f 1571 2988 1572
f 2988 3009 1572
f 3010 1250 3011
f 3010 3011 3012
f 3011 3013 3012
f 3012 3013 3014
f 3013 3015 3014
f 3014 3015 3016
f 3015 1572 3016
f 3016 1572 3009
f 3017 1238 1239
f 3017 1239 3018
f 1239 1244 3018
f 3018 1244 3019
f 1244 1246 3019
f 3019 1246 3020
f 1246 1248 3020
f 3020 1248 3021
f 1248 1250 3021
f 3021 1250 3010
f 3022 1195 1198
f 3022 1198 3023
f 1198 1200 3023
f 3023 1200 3024
f 1200 1202 3024
f 3024 1202 3025
f 1202 1204 3025
f 3025 1204 3026
f 1204 1206 3026
f 3026 1206 3027
f 1206 1208 3027
f 3027 1208 3028
f 1208 1210 3028
f 3028 1210 3029
f 1210 1212 3029
f 3029 1212 3030
f 1212 1214 3030
f 3030 1214 3031
f 1214 1216 3031
f 3031 1216 3032
f 1216 1218 3032
f 3032 1218 3033
f 1218 1220 3033
f 3033 1220 3034
f 1220 1222 3034
f 3034 1222 3035
f 1222 1224 3035
f 3035 1224 3036
f 1224 1226 3036
f 3036 1226 3037
f 1226 1228 3037
f 3037 1228 3038
f 1228 1230 3038
f 3038 1230 3039
f 1230 1232 3039
f 3039 1232 3040
f 1232 1234 3040
f 3040 1234 3041
f 1234 1236 3041
f 3041 1236 3042
f 1236 1238 3042
f 3042 1238 3017
f 1195 3022 1192
f 3022 1193 1192
f 2622 1196 2620
f 1196 1405 2620
f 2623 1237 1235
f 2623 1235 2669
f 1235 1233 2669
f 2669 1233 2670
f 1233 1231 2670
f 2670 1231 2671
f 1231 1229 2671
f 2671 1229 2694
f 1229 1227 2694
f 2694 1227 2695
f 1227 1225 2695
f 2695 1225 2744
f 1225 1223 2744
f 2744 1223 2745
f 1223 1221 2745
f 2745 1221 2746
f 1221 1219 2746
f 2746 1219 2747
f 1219 1217 2747
f 2747 1217 2674
f 1217 1215 2674
f 2674 1215 2748
f 1215 1213 2748
f 2748 1213 2749
f 1213 1211 2749
f 2749 1211 2750
f 1211 1209 2750
f 2750 1209 2672
f 1209 1207 2672
f 2672 1207 2673
f 1207 1205 2673
f 2673 1205 2728
f 1205 1203 2728
f 2728 1203 2729
f 1203 1201 2729
f 2729 1201 2730
f 1201 1199 2730
f 2730 1199 2696
f 1199 1197 2696
f 2696 1197 2621
f 1197 1196 2621
f 2621 1196 2622
f 1241 1237 2625
f 1237 2623 2625
f 2627 1896 1895
f 2627 1895 2667
f 1895 1894 2667
f 2667 1894 2668
f 1894 1893 2668
f 2668 1893 2691
f 1893 1892 2691
f 2691 1892 2692
f 1892 1888 2692
f 2692 1888 2693
f 1888 1885 2693
f 2693 1885 2726
f 1885 1884 2726
f 2726 1884 2727
f 1884 1241 2727
f 2727 1241 2625
f 2631 1923 2627
f 1923 1896 2627
f 1923 2631 1924
f 2631 2629 1924
f 1924 2629 1925
f 2629 2640 1925
f 2639 1926 2640
f 1926 1925 2640
f 2636 1424 1975
f 2636 1975 2634
f 1975 1972 2634
f 2634 1972 2665
f 1972 1969 2665
f 2665 1969 2658
f 1969 1966 2658
f 2658 1966 2707
f 1966 1963 2707
f 2707 1963 2708
f 1963 1960 2708
f 2708 1960 2710
f 1960 1959 2710
f 2710 1959 2711
f 1959 1958 2711
f 2711 1958 2712
f 1958 1957 2712
f 2712 1957 2713
f 1957 1956 2713
f 2713 1956 2714
f 1956 1955 2714
f 2714 1955 2740
f 1955 1954 2740
f 2740 1954 2741
f 1954 1953 2741
f 2741 1953 2715
f 1953 1952 2715
f 2715 1952 2716
f 1952 1951 2716
f 2716 1951 2717
f 1951 1950 2717
f 2717 1950 2718
f 1950 1949 2718
f 2718 1949 2719
f 1949 1948 2719
f 2719 1948 2709
f 1948 1947 2709
f 2709 1947 2720
f 1947 1946 2720
f 2720 1946 2661
f 1946 1945 2661
f 2661 1945 2662
f 1945 1944 2662
f 2662 1944 2663
f 1944 1943 2663
f 2663 1943 2664
f 1943 1942 2664
f 2664 1942 2685
f 1942 1941 2685
f 2685 1941 2686
f 1941 1940 2686
f 2686 1940 2687
f 1940 1939 2687
f 2687 1939 2721
f 1939 1938 2721
f 2721 1938 2722
f 1938 1937 2722
f 2722 1937 2723
f 1937 1936 2723
f 2723 1936 2724
f 1936 1935 2724
f 2724 1935 2725
f 1935 1934 2725
f 2725 1934 2688
f 1934 1933 2688
f 2688 1933 2689
f 1933 1932 2689
f 2689 1932 2690
f 1932 1931 2690
f 2690 1931 2656
f 1931 1930 2656
f 2656 1930 2657
f 1930 1929 2657
f 2657 1929 2666
f 1929 1928 2666
f 2666 1928 2635
f 1928 1927 2635
f 2635 1927 2637
f 1927 1926 2637
f 2637 1926 2639
f 2626 1359 2633
f 1359 1414 2633
f 2633 1414 2632
f 1414 1416 2632
f 2632 1416 2630
f 1416 1418 2630
f 2630 1418 2628
f 1418 1419 2628
f 1419 1421 2628
f 2628 1421 2638
f 1424 2636 1423
f 2636 2638 1423
f 1423 2638 1422
f 2638 1421 1422
f 1359 2626 1357
f 2626 2660 1357
f 1357 2660 1355
f 2660 2650 1355
f 1355 2650 1353
f 2650 2649 1353
f 1353 2649 1351
f 2649 2655 1351
f 1351 2655 1349
f 2655 2654 1349
f 1349 2654 1347
f 2654 2652 1347
f 1347 2652 1345
f 2652 2736 1345
f 1345 2736 1344
f 2736 2683 1344
f 2682 1311 1314
f 2682 1314 2684
f 1314 1316 2684
f 2684 1316 2706
f 1316 1318 2706
f 2706 1318 2705
f 1318 1320 2705
f 2705 1320 2737
f 1320 1322 2737
f 2737 1322 2738
f 1322 1324 2738
f 2738 1324 2758
f 1324 1326 2758
f 2758 1326 2759
f 1326 1328 2759
f 2759 1328 2760
f 1328 1330 2760
f 2760 1330 2739
f 1330 1332 2739
f 2739 1332 2742
f 1332 1334 2742
f 2742 1334 2743
f 1334 1336 2743
f 2743 1336 2770
f 1336 1338 2770
f 2770 1338 2771
f 1338 1340 2771
f 2771 1340 2703
f 1340 1342 2703
f 2703 1342 2704
f 1342 1344 2704
f 2704 1344 2683
f 2681 1286 2682
f 1286 1311 2682
f 2753 1251 1254
f 2753 1254 2754
f 1254 1256 2754
f 2754 1256 2756
f 1256 1258 2756
f 2756 1258 2757
f 1258 1260 2757
f 2757 1260 2761
f 1260 1262 2761
f 2761 1262 2762
f 1262 1264 2762
f 2762 1264 2763
f 1264 1266 2763
f 2763 1266 2773
f 1266 1268 2773
f 2773 1268 2767
f 1268 1270 2767
f 2767 1270 2764
f 1270 1272 2764
f 2764 1272 2765
f 1272 1274 2765
f 2765 1274 2766
f 1274 1276 2766
f 2766 1276 2772
f 1276 1278 2772
f 2772 1278 2768
f 1278 1280 2768
f 2768 1280 2769
f 1280 1282 2769
f 2769 1282 2774
f 1282 1284 2774
f 2774 1284 2755
f 1284 1286 2755
f 2755 1286 2681
f 1251 2753 1309
f 2753 2752 1309
f 1309 2752 1307
f 2752 2751 1307
f 1307 2751 1305
f 2751 2735 1305
f 1305 2735 1303
f 2735 2734 1303
f 1303 2734 1301
f 2734 2733 1301
f 1301 2733 1299
f 2733 2732 1299
f 1299 2732 1297
f 2732 2731 1297
f 1297 2731 1295
f 2731 2702 1295
f 1295 2702 1293
f 2702 2701 1293
f 1293 2701 1291
f 2701 2700 1291
f 1291 2700 1289
f 2700 2651 1289
f 1289 2651 1287
f 2651 2653 1287
f 1287 2653 1399
f 2653 2648 1399
f 1399 2648 1397
f 2648 2659 1397
f 1397 2659 1395
f 2659 2647 1395
f 1395 2647 1393
f 2647 2646 1393
f 1393 2646 1391
f 2646 2645 1391
f 1391 2645 1389
f 2645 2644 1389
f 1389 2644 1387
f 2644 2680 1387
f 1387 2680 1385
f 2680 2679 1385
f 1385 2679 1383
f 2679 2678 1383
f 1383 2678 1381
f 2678 2699 1381
f 1381 2699 1379
f 2699 2698 1379
f 1379 2698 1377
f 2698 2697 1377
f 1377 2697 1375
f 2697 2677 1375
f 1375 2677 1373
f 2677 2676 1373
f 1373 2676 1371
f 2676 2675 1371
f 1371 2675 1369
f 2675 2643 1369
f 1369 2643 1367
f 2643 2642 1367
f 1367 2642 1365
f 2642 2641 1365
f 1365 2641 1363
f 2641 2624 1363
f 1363 2624 1361
f 2624 2619 1361
f 1881 929 1880
f 929 931 1880
f 1880 931 1879
f 931 933 1879
f 1879 933 1878
f 933 935 1878
f 1878 935 1877
f 935 937 1877
f 1877 937 1876
f 937 939 1876
f 1876 939 1875
f 939 941 1875
f 1875 941 1874
f 941 943 1874
f 1874 943 1873
f 943 945 1873
f 1873 945 1872
f 945 947 1872
f 1872 947 1871
f 947 949 1871
f 1871 949 1870
f 949 951 1870
f 1870 951 1869
f 951 953 1869
f 1869 953 1868
f 953 955 1868
f 1868 955 1867
f 955 957 1867
f 1867 957 1866
f 957 959 1866
f 1866 959 1865
f 959 961 1865
f 1865 961 1864
f 961 963 1864
f 1864 963 1863
f 963 965 1863
f 1863 965 1862
f 965 967 1862
f 1862 967 1861
f 967 969 1861
f 1861 969 1860
f 969 971 1860
f 1860 971 1859
f 971 973 1859
f 1859 973 1858
f 973 975 1858
f 1858 975 1857
f 975 977 1857
f 1857 977 1856
f 977 979 1856
f 1856 979 1855
f 979 981 1855
f 1855 981 1854
f 981 799 1854
f 1854 799 1853
f 799 835 1853
f 1853 835 1852
f 835 834 1852
f 1852 834 1851
f 834 833 1851
f 1851 833 1850
f 833 832 1850
f 1850 832 1849
f 832 1044 1849
f 1849 1044 1848
f 1044 831 1848
f 1848 831 1847
f 831 1007 1847
f 1847 1007 1846
f 1007 1005 1846
f 1846 1005 1845
f 1005 866 1845
f 1845 866 1844
f 866 865 1844
f 1844 865 1843
f 865 895 1843
f 1843 895 1842
f 895 862 1842
f 1842 862 1841
f 862 893 1841
f 1841 893 1840
f 893 993 1840
f 1840 993 1839
f 993 827 1839
f 1839 827 1838
f 827 826 1838
f 1838 826 1837
f 826 891 1837
f 1837 891 1836
f 891 986 1836
f 1836 986 1835
f 986 989 1835
f 1835 989 1834
f 989 825 1834
f 1834 825 1833
f 825 824 1833
f 1833 824 1832
f 824 823 1832
f 1832 823 1831
f 823 815 1831
f 1831 815 1830
f 815 814 1830
f 1830 814 1829
f 814 813 1829
f 1829 813 1828
f 813 812 1828
f 1828 812 1827
f 812 810 1827
f 1827 810 1826
f 810 809 1826
f 1826 809 1825
f 809 797 1825
f 1825 797 1824
f 797 796 1824
f 1824 796 1823
f 796 853 1823
f 1823 853 1822
f 853 855 1822
f 1822 855 1821
f 855 857 1821
f 1821 857 1820
f 857 859 1820
f 1820 859 1819
f 859 861 1819
f 1819 861 1818
f 861 911 1818
f 1818 911 1817
f 911 913 1817
f 1817 913 1816
f 913 915 1816
f 1816 915 1815
f 915 917 1815
f 1815 917 1814
f 917 919 1814
f 1814 919 1813
f 919 921 1813
f 1813 921 1812
f 921 923 1812
f 1812 923 1811
f 923 925 1811
f 1811 925 1882
f 925 927 1882
f 1882 927 1881
f 927 929 1881
f 1573 1572 3015
f 1573 3015 2206
f 3015 3013 2206
f 2206 3013 2207
f 3013 3011 2207
f 2207 3011 2208
f 3011 1250 2208
f 2208 1250 1249
f 3043 3044 3045
f 3044 3046 3045
f 3045 3046 3047
f 3048 3049 3045
f 3049 3050 3045
f 3045 3050 3043
f 3051 3052 3045
f 3052 3053 3045
f 3045 3053 3048
f 3054 3055 3045
f 3055 3056 3045
f 3045 3056 3051
f 3057 3058 3045
f 3058 3059 3045
f 3045 3059 3054
f 3060 3061 3045
f 3061 3062 3045
f 3045 3062 3057
f 3063 3064 3045
f 3064 3065 3045
f 3045 3065 3060
f 3066 3067 3045
f 3067 3068 3045
f 3045 3068 3063
f 3069 3070 3045
f 3070 3071 3045
f 3045 3071 3066
f 3072 3073 3045
f 3073 3074 3045
f 3045 3074 3069
f 3075 3076 3045
f 3076 3077 3045
f 3045 3077 3072
f 3078 3079 3045
f 3079 3080 3045
f 3045 3080 3075
f 3081 3082 3045
f 3082 3083 3045
f 3045 3083 3078
f 3084 3085 3045
f 3085 3086 3045
f 3045 3086 3081
f 3087 3088 3045
f 3088 3089 3045
f 3045 3089 3084
f 3090 3091 3045
f 3091 3092 3045
f 3045 3092 3087
f 3093 3094 3045
f 3094 3095 3045
f 3045 3095 3090
f 3096 3097 3045
f 3097 3098 3045
f 3045 3098 3093
f 3099 3100 3045
f 3100 3101 3045
f 3045 3101 3096
f 3102 3103 3045
f 3103 3104 3045
f 3045 3104 3099
f 3105 3106 3045
f 3106 3107 3045
f 3045 3107 3102
f 3108 3109 3045
f 3109 3110 3045
f 3045 3110 3105
f 3111 3112 3045
f 3112 3113 3045
f 3045 3113 3108
f 3047 3114 3045
f 3114 3115 3045
f 3045 3115 3111
f 1739 3044 1810
f 3044 3043 1810
f 1810 3043 1809
f 3043 3050 1809
f 1809 3050 1808
f 3050 3049 1808
f 1808 3049 1807
f 3049 3048 1807
f 1807 3048 1806
f 3048 3053 1806
f 1806 3053 1805
f 3053 3052 1805
f 1805 3052 1804
f 3052 3051 1804
f 1804 3051 1803
f 3051 3056 1803
f 1803 3056 1802
f 3056 3055 1802
f 1802 3055 1801
f 3055 3054 1801
f 1801 3054 1800
f 3054 3059 1800
f 1800 3059 1799
f 3059 3058 1799
f 1799 3058 1798
f 3058 3057 1798
f 1798 3057 1797
f 3057 3062 1797
f 1797 3062 1796
f 3062 3061 1796
f 1796 3061 1795
f 3061 3060 1795
f 1795 3060 1794
f 3060 3065 1794
f 1794 3065 1793
f 3065 3064 1793
f 1793 3064 1792
f 3064 3063 1792
f 1792 3063 1791
f 3063 3068 1791
f 1791 3068 1790
f 3068 3067 1790
f 1790 3067 1789
f 3067 3066 1789
f 1789 3066 1788
f 3066 3071 1788
f 1788 3071 1787
f 3071 3070 1787
f 1787 3070 1786
f 3070 3069 1786
f 1786 3069 1785
f 3069 3074 1785
f 1785 3074 1784
f 3074 3073 1784
f 1784 3073 1783
f 3073 3072 1783
f 1783 3072 1782
f 3072 3077 1782
f 1782 3077 1781
f 3077 3076 1781
f 1781 3076 1780
f 3076 3075 1780
f 1780 3075 1779
f 3075 3080 1779
f 1779 3080 1778
f 3080 3079 1778
f 1778 3079 1777
f 3079 3078 1777
f 1777 3078 1776
f 3078 3083 1776
f 1776 3083 1775
f 3083 3082 1775
f 1775 3082 1774
f 3082 3081 1774
f 1774 3081 1773
f 3081 3086 1773
f 1773 3086 1772
f 3086 3085 1772
f 1772 3085 1771
f 3085 3084 1771
f 1771 3084 1770
f 3084 3089 1770
f 1770 3089 1769
f 3089 3088 1769
f 1769 3088 1768
f 3088 3087 1768
f 1768 3087 1767
f 3087 3092 1767
f 1767 3092 1766
f 3092 3091 1766
f 1766 3091 1765
f 3091 3090 1765
f 1765 3090 1764
f 3090 3095 1764
f 1764 3095 1763
f 3095 3094 1763
f 1763 3094 1762
f 3094 3093 1762
f 1762 3093 1761
f 3093 3098 1761
f 1761 3098 1760
f 3098 3097 1760
f 1760 3097 1759
f 3097 3096 1759
f 1759 3096 1758
f 3096 3101 1758
f 1758 3101 1757
f 3101 3100 1757
f 1757 3100 1756
f 3100 3099 1756
f 1756 3099 1755
f 3099 3104 1755
f 1755 3104 1754
f 3104 3103 1754
f 1754 3103 1753
f 3103 3102 1753
f 1753 3102 1752
f 3102 3107 1752
f 1752 3107 1751
f 3107 3106 1751
f 1751 3106 1750
f 3106 3105 1750
f 1750 3105 1749
f 3105 3110 1749
f 1749 3110 1748
f 3110 3109 1748
f 1748 3109 1747
f 3109 3108 1747
f 1747 3108 1746
f 3108 3113 1746
f 1746 3113 1745
f 3113 3112 1745
f 1745 3112 1744
f 3112 3111 1744
f 1744 3111 1743
f 3111 3115 1743
f 1743 3115 1742
f 3115 3114 1742
f 1742 3114 1741
f 3114 3047 1741
f 1741 3047 1740
f 3047 3046 1740
f 1740 3046 1739
f 3046 3044 1739
f 1101 1100 1984
f 1987 683 681
f 1984 2016 1101
f 2016 2015 1101
f 1101 2015 1102
f 2015 2014 1102
f 1102 2014 1008
f 2014 2013 1008
f 1008 2013 1006
f 2013 2012 1006
f 1006 2012 1004
f 2012 2011 1004
f 1004 2011 1001
f 2011 2010 1001
f 1001 2010 1002
f 2010 2009 1002
f 1002 2009 1003
f 2009 2008 1003
f 1003 2008 867
f 2008 2007 867
f 867 2007 897
f 2007 2006 897
f 897 2006 898
f 2006 2005 898
f 898 2005 899
f 2005 2004 899
f 899 2004 1077
f 2004 2003 1077
f 1077 2003 1078
f 2003 2002 1078
f 1078 2002 1080
f 2002 2001 1080
f 1080 2001 1082
f 2001 2000 1082
f 1082 2000 1083
f 2000 1999 1083
f 1083 1999 996
f 1999 1998 996
f 996 1998 997
f 1998 1997 997
f 997 1997 999
f 1997 1996 999
f 999 1996 1000
f 1996 1995 1000
f 1000 1995 1084
f 1995 1994 1084
f 1084 1994 1085
f 1994 1993 1085
f 1085 1993 1086
f 1993 1992 1086
f 1086 1992 1028
f 1992 1991 1028
f 1028 1991 1027
f 1991 1990 1027
f 1027 1990 1025
f 1990 1989 1025
f 1025 1989 1093
f 1989 1988 1093
f 1093 1988 1094
f 1988 1987 1094
f 1094 1987 1095
f 1987 681 1095
