v -0.00409 0.029987 -0.0034
v -0.004146 0.030027 -0.0034
v -0.004146 0.030027 -0.0057
v -0.002579 0.030526 -0.0034
v -0.002579 0.030526 -0.0057
v -0.002561 0.030593 -0.0034
v -0.002561 0.030593 -0.0057
v -0.00409 0.029987 -0.0057
v -0.004037 0.029954 -0.0057
v -0.004018 0.029943 -0.0034
v -0.004018 0.029943 -0.0057
v -0.003963 0.029915 -0.0057
v -0.003942 0.029905 -0.0034
v -0.003942 0.029905 -0.0057
v -0.003885 0.029882 -0.0057
v -0.003863 0.029874 -0.0034
v -0.003863 0.029874 -0.0057
v -0.003803 0.029855 -0.0057
v -0.003782 0.02985 -0.0034
v -0.003782 0.02985 -0.0057
v -0.003699 0.029832 -0.0057
v -0.003699 0.029832 -0.0034
v -0.003616 0.029822 -0.0057
v -0.003616 0.029822 -0.0034
v -0.003531 0.029819 -0.0057
v -0.003531 0.029819 -0.0034
v -0.003446 0.029823 -0.0057
v -0.003446 0.029823 -0.0034
v -0.003372 0.029832 -0.0057
v -0.003363 0.029834 -0.0034
v -0.003363 0.029834 -0.0057
v -0.003293 0.029849 -0.0057
v -0.00328 0.029852 -0.0034
v -0.00328 0.029852 -0.0057
v -0.003214 0.029872 -0.0057
v -0.003199 0.029877 -0.0034
v -0.003199 0.029877 -0.0057
v -0.003121 0.029909 -0.0034
v -0.003191 0.02988 -0.0057
v -0.003121 0.029909 -0.0057
v -0.003045 0.029947 -0.0034
v -0.003114 0.029912 -0.0057
v -0.003045 0.029947 -0.0057
v -0.002973 0.029992 -0.0034
v -0.003039 0.029951 -0.0057
v -0.002973 0.029992 -0.0057
v -0.002905 0.030042 -0.0057
v -0.002905 0.030042 -0.0034
v -0.002842 0.030098 -0.0057
v -0.002842 0.030098 -0.0034
v -0.002784 0.030159 -0.0057
v -0.002784 0.030159 -0.0034
v -0.002731 0.030225 -0.0057
v -0.002731 0.030225 -0.0034
v -0.002683 0.030295 -0.0057
v -0.002683 0.030295 -0.0034
v -0.002676 0.030308 -0.0057
v -0.002642 0.030369 -0.0034
v -0.002642 0.030369 -0.0057
v -0.002636 0.030381 -0.0057
v -0.002607 0.030446 -0.0034
v -0.002607 0.030446 -0.0057
v -0.002604 0.030456 -0.0057
v -0.002527 0.030727 -0.0034
v -0.00254 0.030679 -0.0057
v -0.002527 0.030727 -0.0057
v -0.00211 0.030915 -0.0057
v -0.00211 0.030915 -0.0034
v -0.002134 0.030925 -0.0034
v -0.002134 0.030925 -0.0057
v -0.002158 0.030933 -0.0034
v -0.002158 0.030933 -0.0057
v -0.002182 0.030939 -0.0034
v -0.002182 0.030939 -0.0057
v -0.002207 0.030942 -0.0034
v -0.002207 0.030942 -0.0057
v -0.002231 0.030944 -0.0034
v -0.002231 0.030944 -0.0057
v -0.002256 0.030943 -0.0034
v -0.002256 0.030943 -0.0057
v -0.002281 0.030941 -0.0034
v -0.002281 0.030941 -0.0057
v -0.002305 0.030936 -0.0034
v -0.002305 0.030936 -0.0057
v -0.00233 0.03093 -0.0034
v -0.00233 0.03093 -0.0057
v -0.002353 0.030921 -0.0034
v -0.002353 0.030921 -0.0057
v -0.002375 0.030911 -0.0034
v -0.002375 0.030911 -0.0057
v -0.002397 0.030898 -0.0034
v -0.002397 0.030898 -0.0057
v -0.002418 0.030884 -0.0034
v -0.002418 0.030884 -0.0057
v -0.002437 0.030869 -0.0034
v -0.002437 0.030869 -0.0057
v -0.002455 0.030852 -0.0034
v -0.002455 0.030852 -0.0057
v -0.002471 0.030833 -0.0034
v -0.002471 0.030833 -0.0057
v -0.002486 0.030813 -0.0034
v -0.002486 0.030813 -0.0057
v -0.002499 0.030792 -0.0034
v -0.002499 0.030792 -0.0057
v -0.002511 0.03077 -0.0034
v -0.002511 0.03077 -0.0057
v -0.00252 0.030747 -0.0034
v -0.00252 0.030747 -0.0057
v -0.002198 0.03147 -0.0034
v -0.001896 0.031302 -0.0034
v -0.002198 0.03147 -0.0057
v -0.001896 0.031302 -0.0057
v -0.002901 0.031227 -0.0057
v -0.002901 0.031227 -0.0034
v -0.00289 0.031251 -0.0057
v -0.002882 0.031266 -0.0034
v -0.002882 0.031266 -0.0057
v -0.002862 0.031302 -0.0034
v -0.002862 0.031302 -0.0057
v -0.002859 0.031305 -0.0057
v -0.002838 0.031336 -0.0034
v -0.002838 0.031336 -0.0057
v -0.002821 0.031356 -0.0057
v -0.002811 0.031368 -0.0034
v -0.002811 0.031368 -0.0057
v -0.002782 0.031398 -0.0034
v -0.002782 0.031398 -0.0057
v -0.002777 0.031402 -0.0057
v -0.002751 0.031425 -0.0034
v -0.002751 0.031425 -0.0057
v -0.002729 0.031441 -0.0057
v -0.002717 0.031449 -0.0034
v -0.002717 0.031449 -0.0057
v -0.002682 0.03147 -0.0034
v -0.002682 0.03147 -0.0057
v -0.002678 0.031472 -0.0057
v -0.002645 0.031489 -0.0034
v -0.002645 0.031489 -0.0057
v -0.002623 0.031498 -0.0057
v -0.002606 0.031504 -0.0034
v -0.002606 0.031504 -0.0057
v -0.002598 0.031507 -0.0034
v -0.002598 0.031507 -0.0057
v -0.002558 0.031518 -0.0034
v -0.002558 0.031518 -0.0057
v -0.002517 0.031526 -0.0034
v -0.002517 0.031526 -0.0057
v -0.002476 0.031531 -0.0034
v -0.002476 0.031531 -0.0057
v -0.002434 0.031532 -0.0034
v -0.002434 0.031532 -0.0057
v -0.002393 0.03153 -0.0034
v -0.002393 0.03153 -0.0057
v -0.002352 0.031524 -0.0034
v -0.002352 0.031524 -0.0057
v -0.002312 0.031515 -0.0034
v -0.002312 0.031515 -0.0057
v -0.002272 0.031503 -0.0034
v -0.002272 0.031503 -0.0057
v -0.002252 0.031495 -0.0057
v -0.002234 0.031488 -0.0034
v -0.002234 0.031488 -0.0057
v -0.002226 0.031484 -0.0057
v -0.00411 0.029999 -0.0034
v 0.001957 0.028244 -0.0057
v 0.001957 0.028244 -0.0034
v 0.001974 0.028265 -0.0034
v 0.001974 0.028265 -0.0057
v 0.001988 0.028285 -0.0034
v 0.001988 0.028285 -0.0057
v 0.002 0.028307 -0.0034
v 0.002 0.028307 -0.0057
v 0.00201 0.028329 -0.0034
v 0.00201 0.028329 -0.0057
v 0.002019 0.028352 -0.0034
v 0.002019 0.028352 -0.0057
v 0.002026 0.028376 -0.0034
v 0.002026 0.028376 -0.0057
v 0.00203 0.028401 -0.0034
v 0.00203 0.028401 -0.0057
v 0.002033 0.028425 -0.0034
v 0.002033 0.028425 -0.0057
v 0.002034 0.02845 -0.0034
v 0.002034 0.02845 -0.0057
v 0.002032 0.028475 -0.0034
v 0.002032 0.028475 -0.0057
v 0.002029 0.0285 -0.0034
v 0.002029 0.0285 -0.0057
v 0.002023 0.028524 -0.0034
v 0.002023 0.028524 -0.0057
v 0.002015 0.028548 -0.0034
v 0.002015 0.028548 -0.0057
v 0.002006 0.028571 -0.0034
v 0.002006 0.028571 -0.0057
v 0.001995 0.028593 -0.0034
v 0.001995 0.028593 -0.0057
v 0.001981 0.028614 -0.0034
v 0.001981 0.028614 -0.0057
v 0.001967 0.028634 -0.0034
v 0.001967 0.028634 -0.0057
v 0.00195 0.028652 -0.0034
v 0.00195 0.028652 -0.0057
v 0.001932 0.02867 -0.0034
v 0.001932 0.02867 -0.0057
v 0.001913 0.028685 -0.0034
v 0.001913 0.028685 -0.0057
v 0.001895 0.028697 -0.0034
v 0.001895 0.028697 -0.0057
v 0.001836 0.028118 -0.0057
v 0.001836 0.028118 -0.0034
v 0.001923 0.028208 -0.0057
v 0.001788 0.028068 -0.0034
v 0.001788 0.028068 -0.0057
v 0.001741 0.028011 -0.0057
v 0.001735 0.028003 -0.0034
v 0.001735 0.028003 -0.0057
v 0.001694 0.027944 -0.0057
v 0.001687 0.027933 -0.0034
v 0.001687 0.027933 -0.0057
v 0.001652 0.027872 -0.0057
v 0.001645 0.02786 -0.0034
v 0.001645 0.02786 -0.0057
v 0.001615 0.027796 -0.0057
v 0.00161 0.027783 -0.0034
v 0.00161 0.027783 -0.0057
v 0.001581 0.027703 -0.0057
v 0.001581 0.027703 -0.0034
v 0.001559 0.027622 -0.0057
v 0.001559 0.027622 -0.0034
v 0.001544 0.027538 -0.0057
v 0.001544 0.027538 -0.0034
v 0.001536 0.027454 -0.0057
v 0.001536 0.027454 -0.0034
v 0.001535 0.027377 -0.0057
v 0.001535 0.027369 -0.0034
v 0.001535 0.027369 -0.0057
v 0.001541 0.027293 -0.0057
v 0.001542 0.027285 -0.0034
v 0.001542 0.027285 -0.0057
v 0.001553 0.02721 -0.0057
v 0.001555 0.027202 -0.0034
v 0.001555 0.027202 -0.0057
v 0.001559 0.027186 -0.0057
v 0.001576 0.027119 -0.0034
v 0.001576 0.027119 -0.0057
v 0.00158 0.027106 -0.0057
v 0.001603 0.027039 -0.0034
v 0.001603 0.027039 -0.0057
v 0.001637 0.026962 -0.0034
v 0.001607 0.02703 -0.0057
v 0.001637 0.026962 -0.0057
v 0.001678 0.026888 -0.0057
v 0.001678 0.026888 -0.0034
v 0.001724 0.026817 -0.0057
v 0.001724 0.026817 -0.0034
v 0.001777 0.026751 -0.0057
v 0.001777 0.026751 -0.0034
v 0.001834 0.026689 -0.0057
v 0.001834 0.026689 -0.0034
v 0.001849 0.026675 -0.0057
v 0.001897 0.026632 -0.0034
v 0.001897 0.026632 -0.0057
v 0.001914 0.026619 -0.0057
v 0.001965 0.026581 -0.0034
v 0.001965 0.026581 -0.0057
v 0.001983 0.026569 -0.0057
v 0.002036 0.026536 -0.0034
v 0.002175 0.02647 -0.0057
v 0.002175 0.02647 -0.0034
v 0.002111 0.026497 -0.0057
v 0.002111 0.026497 -0.0034
v 0.002055 0.026525 -0.0057
v 0.002036 0.026536 -0.0057
v 0.002412 0.028917 -0.0057
v 0.002412 0.028917 -0.0034
v 0.002439 0.028901 -0.0057
v 0.00245 0.028894 -0.0034
v 0.002483 0.02887 -0.0034
v 0.002463 0.028885 -0.0057
v 0.00245 0.028894 -0.0057
v 0.002646 0.028634 -0.0034
v 0.002631 0.028673 -0.0057
v 0.002631 0.028673 -0.0034
v 0.002614 0.028711 -0.0057
v 0.002614 0.028711 -0.0034
v 0.002593 0.028747 -0.0057
v 0.002593 0.028747 -0.0034
v 0.002569 0.028781 -0.0057
v 0.002569 0.028781 -0.0034
v 0.002543 0.028813 -0.0057
v 0.002543 0.028813 -0.0034
v 0.002514 0.028842 -0.0057
v 0.002514 0.028842 -0.0034
v 0.002509 0.028846 -0.0057
v 0.002483 0.02887 -0.0057
v 0.002657 0.028594 -0.0057
v 0.002655 0.028601 -0.0057
v 0.002646 0.028632 -0.0057
v 0.002646 0.028634 -0.0057
v 0.002657 0.028594 -0.0034
v 0.002659 0.028585 -0.0034
v 0.002659 0.028585 -0.0057
v 0.002666 0.028544 -0.0034
v 0.002666 0.028544 -0.0057
v 0.002666 0.028541 -0.0057
v 0.00267 0.028503 -0.0034
v 0.00267 0.028503 -0.0057
v 0.00267 0.028482 -0.0057
v 0.00267 0.028461 -0.0034
v 0.00267 0.028461 -0.0057
v 0.002667 0.028421 -0.0057
v 0.002667 0.02842 -0.0034
v 0.002667 0.02842 -0.0057
v 0.00266 0.028379 -0.0034
v 0.00266 0.028379 -0.0057
v 0.002655 0.02836 -0.0057
v 0.00265 0.028339 -0.0034
v 0.00265 0.028339 -0.0057
v 0.002647 0.028329 -0.0057
v 0.002637 0.0283 -0.0034
v 0.002637 0.0283 -0.0057
v 0.002624 0.028269 -0.0057
v 0.00262 0.028262 -0.0034
v 0.00262 0.028262 -0.0057
v 0.002601 0.028225 -0.0034
v 0.002601 0.028225 -0.0057
v 0.002594 0.028214 -0.0057
v 0.00258 0.028192 -0.0034
v 0.00258 0.028192 -0.0057
v 0.00211 0.029084 -0.0034
v 0.00211 0.029084 -0.0057
v 0.002593 0.028212 -0.004546
v 0.002607 0.028232 -0.0034
v -0.002139 0.030845 -0.00215
v -0.002085 0.030972 -0.0034
v -0.002132 0.030863 -0.002993
v -0.002117 0.030899 -0.004781
v -0.002124 0.030882 -0.003925
v -0.002124 0.030882 -0.003897
v -0.001992 0.03115 0.0014
v -0.002085 0.030972 0.0014
v -0.002161 0.030787 0.0014
v -0.001884 0.031319 0.0014
v -0.001992 0.03115 -0.0034
v -0.001762 0.031478 -0.00215
v -0.001852 0.031364 -0.00215
v -0.00186 0.031353 -0.002775
v -0.001884 0.031319 -0.004523
v -0.001873 0.031335 -0.0034
v -0.001868 0.031341 -0.0034
v -0.001762 0.031478 0.0014
v -0.001626 0.031626 0.0014
v -0.001626 0.031626 -0.00215
v -0.001478 0.031762 0.0014
v -0.001478 0.031762 -0.00215
v -0.001319 0.031884 0.0014
v -0.001319 0.031884 -0.00215
v -0.00115 0.031992 0.0014
v -0.00115 0.031992 -0.00215
v -0.000972 0.032085 0.0014
v -0.000972 0.032085 -0.00215
v -0.000787 0.032161 0.0014
v -0.000787 0.032161 -0.00215
v -0.000595 0.032222 0.0014
v -0.000595 0.032222 -0.00215
v -0.000399 0.032265 0.0014
v -0.000399 0.032265 -0.00215
v -0.0002 0.032291 0.0014
v -0.0002 0.032291 -0.00215
v -0.0 0.0323 0.0014
v -0.0 0.0323 -0.00215
v 0.0002 0.032291 0.0014
v 0.0002 0.032291 -0.00215
v 0.000399 0.032265 0.0014
v 0.000399 0.032265 -0.00215
v 0.000595 0.032222 0.0014
v 0.000595 0.032222 -0.00215
v 0.000787 0.032161 0.0014
v 0.000787 0.032161 -0.00215
v 0.000972 0.032085 0.0014
v 0.000972 0.032085 -0.00215
v 0.00115 0.031992 0.0014
v 0.00115 0.031992 -0.00215
v 0.001319 0.031884 0.0014
v 0.001319 0.031884 -0.00215
v 0.001478 0.031762 0.0014
v 0.001478 0.031762 -0.00215
v 0.001626 0.031626 0.0014
v 0.001626 0.031626 -0.00215
v 0.001762 0.031478 0.0014
v 0.001762 0.031478 -0.00215
v 0.001884 0.031319 0.0014
v 0.001884 0.031319 -0.00215
v 0.001992 0.03115 0.0014
v 0.001992 0.03115 -0.00215
v 0.002085 0.030972 0.0014
v 0.002085 0.030972 -0.00215
v 0.002161 0.030787 0.0014
v 0.002161 0.030787 -0.00215
v 0.002222 0.030595 0.0014
v 0.002222 0.030595 -0.00215
v 0.002265 0.030399 0.0014
v 0.002265 0.030399 -0.00215
v 0.002291 0.0302 0.0014
v 0.002291 0.0302 -0.00215
v 0.0023 0.03 0.0014
v 0.0023 0.03 -0.00215
v 0.002291 0.0298 0.0014
v 0.002291 0.0298 -0.00215
v 0.002265 0.029601 0.0014
v 0.002265 0.029601 -0.00215
v 0.002222 0.029405 0.0014
v 0.002222 0.029405 -0.00215
v 0.002161 0.029213 0.0014
v 0.002161 0.029213 -0.00215
v 0.002139 0.029155 -0.00215
v 0.002128 0.029128 -0.0034
v 0.002136 0.029148 -0.002473
v 0.002126 0.029122 -0.0034
v 0.002085 0.029028 -0.0034
v 0.002085 0.029028 0.0014
v 0.001992 0.02885 0.0014
v 0.001884 0.028681 0.0014
v 0.001992 0.02885 -0.0034
v 0.001762 0.028522 -0.00215
v 0.001851 0.028636 -0.00215
v 0.001863 0.028651 -0.002993
v 0.001875 0.028667 -0.003897
v 0.001875 0.028668 -0.003925
v 0.001885 0.028682 -0.004761
v 0.001885 0.028683 -0.004781
v 0.001762 0.028522 0.0014
v 0.001626 0.028374 0.0014
v 0.001626 0.028374 -0.00215
v 0.001478 0.028238 0.0014
v 0.001478 0.028238 -0.00215
v 0.001319 0.028116 0.0014
v 0.001319 0.028116 -0.00215
v 0.00115 0.028008 0.0014
v 0.00115 0.028008 -0.00215
v 0.000972 0.027915 0.0014
v 0.000972 0.027915 -0.00215
v 0.000787 0.027839 0.0014
v 0.000787 0.027839 -0.00215
v 0.000595 0.027778 0.0014
v 0.000595 0.027778 -0.00215
v 0.000399 0.027735 0.0014
v 0.000399 0.027735 -0.00215
v 0.0002 0.027709 0.0014
v 0.0002 0.027709 -0.00215
v 0.0 0.0277 0.0014
v 0.0 0.0277 -0.00215
v -0.0002 0.027709 0.0014
v -0.0002 0.027709 -0.00215
v -0.000399 0.027735 0.0014
v -0.000399 0.027735 -0.00215
v -0.000595 0.027778 0.0014
v -0.000595 0.027778 -0.00215
v -0.000787 0.027839 0.0014
v -0.000787 0.027839 -0.00215
v -0.000972 0.027915 0.0014
v -0.000972 0.027915 -0.00215
v -0.00115 0.028008 0.0014
v -0.00115 0.028008 -0.00215
v -0.001319 0.028116 0.0014
v -0.001319 0.028116 -0.00215
v -0.001478 0.028238 0.0014
v -0.001478 0.028238 -0.00215
v -0.001626 0.028374 0.0014
v -0.001626 0.028374 -0.00215
v -0.001762 0.028522 0.0014
v -0.001762 0.028522 -0.00215
v -0.001884 0.028681 0.0014
v -0.001884 0.028681 -0.00215
v -0.001992 0.02885 0.0014
v -0.001992 0.02885 -0.00215
v -0.002085 0.029028 0.0014
v -0.002085 0.029028 -0.00215
v -0.002161 0.029213 0.0014
v -0.002161 0.029213 -0.00215
v -0.002222 0.029405 0.0014
v -0.002222 0.029405 -0.00215
v -0.002265 0.029601 0.0014
v -0.002265 0.029601 -0.00215
v -0.002291 0.0298 0.0014
v -0.002291 0.0298 -0.00215
v -0.0023 0.03 0.0014
v -0.0023 0.03 -0.00215
v -0.002291 0.0302 0.0014
v -0.002291 0.0302 -0.00215
v -0.002265 0.030399 0.0014
v -0.002265 0.030399 -0.00215
v -0.002222 0.030595 0.0014
v -0.002222 0.030595 -0.00215
v -0.002161 0.030787 -0.00215
v -0.002198 0.030851 -0.00215
v -0.002188 0.030851 -0.00215
v -0.002197 0.030896 -0.003924
v -0.002216 0.030897 -0.003924
v -0.002236 0.030897 -0.003924
v -0.002212 0.03085 -0.00215
v -0.002255 0.030895 -0.003924
v -0.002237 0.030848 -0.00215
v -0.002292 0.030888 -0.003923
v -0.002274 0.030892 -0.003924
v -0.002256 0.030846 -0.00215
v -0.002242 0.030848 -0.00215
v -0.002293 0.030836 -0.00215
v -0.002288 0.030838 -0.00215
v -0.002265 0.030844 -0.00215
v -0.002407 0.030831 -0.003924
v -0.002381 0.03079 -0.00215
v -0.002392 0.030843 -0.003924
v -0.002361 0.030804 -0.00215
v -0.002377 0.030853 -0.003923
v -0.002403 0.03077 -0.00215
v -0.002399 0.030774 -0.00215
v -0.002389 0.030783 -0.00215
v -0.002447 0.030792 -0.003924
v -0.002418 0.030755 -0.00215
v -0.002434 0.030806 -0.003924
v -0.002421 0.030819 -0.003924
v -0.00247 0.030761 -0.003925
v -0.002442 0.030727 -0.00215
v -0.002459 0.030776 -0.003925
v -0.002434 0.030737 -0.00215
v -0.00243 0.030742 -0.00215
v -0.002463 0.030694 -0.00215
v -0.002461 0.030697 -0.00215
v -0.002448 0.030717 -0.00215
v -0.00248 0.030744 -0.003925
v -0.002489 0.030727 -0.003925
v -0.002472 0.030676 -0.00215
v -0.002474 0.030671 -0.00215
v -0.002497 0.03071 -0.003926
v -0.002479 0.030659 -0.00215
v -0.002482 0.03065 -0.00215
v -0.002503 0.030693 -0.003926
v -0.002485 0.030642 -0.00215
v -0.002509 0.030676 -0.003927
v -0.00249 0.030624 -0.00215
v -0.002489 0.030629 -0.00215
v -0.002521 0.030744 -0.0057
v -0.002507 0.030778 -0.0057
v -0.002487 0.03081 -0.0057
v -0.00247 0.030833 -0.0057
v -0.002464 0.030841 -0.0057
v -0.002453 0.030853 -0.0057
v -0.002438 0.030868 -0.0057
v -0.002434 0.030871 -0.0057
v -0.002415 0.030886 -0.0057
v -0.002409 0.030891 -0.0057
v -0.002395 0.0309 -0.0057
v -0.002362 0.030862 -0.003923
v -0.002378 0.030909 -0.0057
v -0.002373 0.030912 -0.0057
v -0.002345 0.03087 -0.003923
v -0.002362 0.030917 -0.0057
v -0.00235 0.030922 -0.0057
v -0.002328 0.030877 -0.003923
v -0.002345 0.030924 -0.0057
v -0.002311 0.030883 -0.003923
v -0.002328 0.03093 -0.0057
v -0.00236 0.030805 -0.00215
v -0.00234 0.030816 -0.00215
v -0.002329 0.030822 -0.00215
v -0.002309 0.03083 -0.00215
v -0.002142 0.030887 -0.003925
v -0.00216 0.030892 -0.003925
v -0.002197 0.030941 -0.0057
v -0.002178 0.030895 -0.003925
v -0.002272 0.030942 -0.0057
v -0.002281 0.03094 -0.0057
v -0.002291 0.030939 -0.0057
v -0.00216 0.030933 -0.0057
v -0.002127 0.030922 -0.0057
v -0.002143 0.030928 -0.0057
v -0.002178 0.03085 -0.00215
v -0.002164 0.030849 -0.00215
v 0.001854 0.028632 -0.00215
v 0.001865 0.02862 -0.00215
v 0.000983 0.027628 -0.00215
v 0.001182 0.027721 -0.00215
v 0.001372 0.02783 -0.00215
v 0.001553 0.027956 -0.00215
v 0.001722 0.028096 -0.00215
v 0.001893 0.028278 -0.00215
v 0.001895 0.028281 -0.00215
v 0.001904 0.028299 -0.00215
v 0.001907 0.028305 -0.00215
v 0.001912 0.028316 -0.00215
v 0.001916 0.028328 -0.00215
v 0.001919 0.028334 -0.00215
v 0.001884 0.028594 -0.00215
v 0.001877 0.028605 -0.00215
v 0.00187 0.028614 -0.00215
v 0.001851 0.028221 -0.00215
v 0.001863 0.028234 -0.00215
v 0.001866 0.028239 -0.00215
v 0.001929 0.028374 -0.00215
v 0.001928 0.028372 -0.00215
v 0.001924 0.028351 -0.00215
v -0.002528 0.030449 -0.00215
v -0.002557 0.030231 -0.00215
v -0.002567 0.030012 -0.00215
v -0.002559 0.029792 -0.00215
v -0.002532 0.029574 -0.00215
v -0.002486 0.029359 -0.00215
v -0.002422 0.029149 -0.00215
v -0.00234 0.028945 -0.00215
v -0.002242 0.028749 -0.00215
v -0.002127 0.028562 -0.00215
v -0.001996 0.028386 -0.00215
v -0.001851 0.028221 -0.00215
v -0.001692 0.028069 -0.00215
v -0.001521 0.027932 -0.00215
v -0.001338 0.027809 -0.00215
v -0.001146 0.027703 -0.00215
v -0.000946 0.027613 -0.00215
v -0.000738 0.027541 -0.00215
v -0.000526 0.027487 -0.00215
v -0.000309 0.027452 -0.00215
v -9e-05 0.027434 -0.00215
v 0.00013 0.027436 -0.00215
v 0.000348 0.027457 -0.00215
v 0.000564 0.027496 -0.00215
v 0.000776 0.027553 -0.00215
v 0.001932 0.028398 -0.00215
v 0.001933 0.028402 -0.00215
v 0.001933 0.028409 -0.00215
v 0.001881 0.028258 -0.00215
v 0.001885 0.028265 -0.00215
v 0.001917 0.028529 -0.00215
v 0.001914 0.028537 -0.00215
v 0.001908 0.028551 -0.00215
v 0.001934 0.028425 -0.00215
v 0.001934 0.028445 -0.00215
v 0.001934 0.028448 -0.00215
v 0.001897 0.028573 -0.00215
v 0.001888 0.028589 -0.00215
v 0.001931 0.028471 -0.00215
v 0.00193 0.028482 -0.00215
v 0.001927 0.028493 -0.00215
v 0.001924 0.028506 -0.00215
v 0.00192 0.028519 -0.00215
v -0.001899 0.031759 -0.0034
v -0.001881 0.031763 -0.002776
v -0.001888 0.031771 -0.0034
v -0.00197 0.03157 -0.0034
v -0.001952 0.031573 -0.002773
v -0.001951 0.031591 -0.002774
v -0.001899 0.031399 -0.002774
v -0.001907 0.031383 -0.0034
v -0.001888 0.031384 -0.002774
v -0.001891 0.031363 -0.0034
v -0.001877 0.03137 -0.002775
v -0.001882 0.031354 -0.0034
v -0.001865 0.031357 -0.002775
v -0.001874 0.031346 -0.0034
v -0.001934 0.031467 -0.002774
v -0.001945 0.031449 -0.0034
v -0.001927 0.031449 -0.002774
v -0.001934 0.031426 -0.0034
v -0.001918 0.031431 -0.002774
v -0.001927 0.031412 -0.0034
v -0.001909 0.031415 -0.002774
v -0.001922 0.031403 -0.0034
v -0.001916 0.031396 -0.0034
v -0.00197 0.031567 -0.0034
v -0.001969 0.031543 -0.0034
v -0.001952 0.031556 -0.002773
v -0.001968 0.031536 -0.0034
v -0.001951 0.03154 -0.002773
v -0.001966 0.03152 -0.0034
v -0.001948 0.031522 -0.002773
v -0.001961 0.031496 -0.0034
v -0.001945 0.031503 -0.002773
v -0.001957 0.031481 -0.0034
v -0.00194 0.031485 -0.002773
v -0.001954 0.031472 -0.0034
v -0.001951 0.031463 -0.0034
v -0.001968 0.031592 -0.0034
v -0.001949 0.031609 -0.002774
v -0.001967 0.031605 -0.0034
v -0.001965 0.031617 -0.0034
v -0.001946 0.031628 -0.002774
v -0.00196 0.031642 -0.0034
v -0.001941 0.031646 -0.002774
v -0.001959 0.031642 -0.0034
v -0.001936 0.031664 -0.002774
v -0.001952 0.031666 -0.0034
v -0.001905 0.031752 -0.0034
v -0.001911 0.031744 -0.0034
v -0.001892 0.031748 -0.002776
v -0.001919 0.031733 -0.0034
v -0.001903 0.031733 -0.002776
v -0.001931 0.031712 -0.0034
v -0.001913 0.031717 -0.002775
v -0.00194 0.031696 -0.0034
v -0.001921 0.0317 -0.002775
v -0.001942 0.03169 -0.0034
v -0.001929 0.031682 -0.002775
v -0.001947 0.031678 -0.0034
v -0.001851 0.031779 -0.00215
v -0.001873 0.031752 -0.00215
v -0.001867 0.031761 -0.00215
v -0.001862 0.031767 -0.00215
v -0.001906 0.031698 -0.00215
v -0.001894 0.031721 -0.00215
v -0.001881 0.031741 -0.00215
v -0.001918 0.031668 -0.00215
v -0.001915 0.031675 -0.00215
v -0.001911 0.031686 -0.00215
v -0.001923 0.031651 -0.00215
v -0.001931 0.031613 -0.00215
v -0.001929 0.031626 -0.00215
v -0.001928 0.031632 -0.00215
v -0.001933 0.031601 -0.00215
v -0.001934 0.03156 -0.00215
v -0.001934 0.031576 -0.00215
v -0.001934 0.031577 -0.00215
v -0.001915 0.031465 -0.00215
v -0.001923 0.031489 -0.00215
v -0.001928 0.031513 -0.00215
v -0.001931 0.031525 -0.00215
v -0.001932 0.031536 -0.00215
v -0.001864 0.031378 -0.00215
v -0.001871 0.031387 -0.00215
v -0.001879 0.031398 -0.00215
v -0.001893 0.031419 -0.00215
v -0.001901 0.031435 -0.00215
v -0.001905 0.031442 -0.00215
v -0.001909 0.031452 -0.00215
v -0.002182 0.031507 -0.0034
v -0.002647 0.030271 -0.0034
v -0.002688 0.03021 -0.0034
v -0.002578 0.030233 -0.0034
v 0.005217 0.025854 -0.0034
v 0.00546 0.026048 -0.0034
v 0.002693 0.02852 -0.0034
v 0.005686 0.026261 -0.0034
v 0.009063 0.029712 -0.0034
v 0.004688 0.025529 -0.0034
v 0.002693 0.028493 -0.0034
v 0.002689 0.028453 -0.0034
v 0.004959 0.025681 -0.0034
v 0.002626 0.028262 -0.0034
v 9.6e-05 0.025921 -0.0034
v 0.000351 0.027435 -0.0034
v 0.000131 0.027414 -0.0034
v 0.002686 0.028429 -0.0034
v 0.002683 0.028413 -0.0034
v 0.00268 0.028399 -0.0034
v 0.002672 0.02837 -0.0034
v 0.002659 0.028332 -0.0034
v 0.00265 0.028309 -0.0034
v 0.001518 0.027638 -0.0034
v 0.001536 0.027708 -0.0034
v 0.001566 0.027938 -0.0034
v 0.001539 0.027718 -0.0034
v 0.0015 0.027309 -0.0034
v 0.001495 0.027379 -0.0034
v 0.001384 0.027812 -0.0034
v 0.000569 0.027474 -0.0034
v 0.001671 0.025348 -0.0034
v 0.000783 0.027532 -0.0034
v 0.002644 0.028296 -0.0034
v 0.002636 0.028281 -0.0034
v 0.001735 0.02807 -0.0034
v 0.001752 0.02809 -0.0034
v 0.001736 0.02808 -0.0034
v 0.001787 0.028127 -0.0034
v 0.001799 0.028138 -0.0034
v 0.001501 0.027296 -0.0034
v 0.000991 0.027608 -0.0034
v 0.001967 0.025254 -0.0034
v 0.001192 0.027702 -0.0034
v 0.00227 0.025184 -0.0034
v 0.002577 0.025139 -0.0034
v -0.00053 0.027466 -0.0034
v -0.000916 0.026339 -0.0034
v -0.000311 0.02743 -0.0034
v -9.1e-05 0.027413 -0.0034
v 0.010866 0.033316 -0.0034
v 0.011091 0.033449 -0.0034
v 0.010744 0.033311 -0.0034
v 0.008452 0.03394 -0.0034
v 0.0017 0.028027 -0.0034
v 0.001683 0.028004 -0.0034
v 0.008468 0.033923 -0.0034
v 0.008533 0.033845 -0.0034
v 0.010623 0.033295 -0.0034
v 0.00859 0.033761 -0.0034
v 0.010503 0.033268 -0.0034
v 0.001563 0.027785 -0.0034
v 0.001597 0.027861 -0.0034
v 0.001611 0.027888 -0.0034
v 0.001494 0.027392 -0.0034
v 0.001495 0.027462 -0.0034
v 0.001495 0.027475 -0.0034
v 0.001502 0.027546 -0.0034
v 0.001503 0.027557 -0.0034
v 0.001516 0.027628 -0.0034
v 0.00179 0.02671 -0.0034
v 0.001737 0.026768 -0.0034
v -0.001706 0.028053 -0.0034
v -0.002814 0.027426 -0.0034
v -0.001534 0.027914 -0.0034
v -0.001888 0.026842 -0.0034
v -0.00135 0.027791 -0.0034
v -0.002261 0.028739 -0.0034
v -0.00236 0.028936 -0.0034
v -0.003686 0.028087 -0.0034
v -0.002443 0.029142 -0.0034
v -0.006605 0.030667 -0.0034
v -0.002507 0.029354 -0.0034
v 0.0092 0.029841 -0.0034
v 0.009966 0.030843 -0.0034
v 0.009876 0.030926 -0.0034
v 0.009793 0.031016 -0.0034
v 0.009719 0.031113 -0.0034
v 0.009653 0.032616 -0.0034
v 0.008773 0.033083 -0.0034
v 0.008765 0.032982 -0.0034
v 0.010166 0.033128 -0.0034
v 0.010063 0.033063 -0.0034
v 0.009966 0.032988 -0.0034
v 0.010274 0.033185 -0.0034
v 0.010387 0.033231 -0.0034
v 0.010988 0.033311 -0.0034
v 0.011109 0.033295 -0.0034
v 0.01122 0.033425 -0.0034
v 0.011228 0.033268 -0.0034
v 0.011347 0.033389 -0.0034
v 0.011345 0.033231 -0.0034
v 0.01147 0.033343 -0.0034
v 0.011457 0.033185 -0.0034
v 0.011589 0.033287 -0.0034
v 0.011566 0.033128 -0.0034
v 0.011703 0.033221 -0.0034
v 0.011669 0.033063 -0.0034
v 0.01181 0.033145 -0.0034
v 0.011766 0.032988 -0.0034
v 0.001637 0.027934 -0.0034
v 0.001653 0.02796 -0.0034
v 0.001732 0.026773 -0.0034
v 0.001685 0.026833 -0.0034
v 0.001678 0.026842 -0.0034
v 0.001592 0.026987 -0.0034
v 0.001566 0.027046 -0.0034
v -0.000745 0.02752 -0.0034
v -0.000954 0.027593 -0.0034
v -0.001156 0.027684 -0.0034
v -0.001866 0.028206 -0.0034
v -0.002013 0.028372 -0.0034
v -0.002145 0.02855 -0.0034
v -0.00258 0.02979 -0.0034
v -0.003073 0.029888 -0.0034
v -0.003079 0.029885 -0.0034
v -0.00315 0.029856 -0.0034
v -0.003229 0.029829 -0.0034
v -0.003258 0.029822 -0.0034
v 0.009487 0.032159 -0.0034
v 0.009513 0.032278 -0.0034
v 0.0086 0.032505 -0.0034
v 0.009597 0.032508 -0.0034
v 0.002132 0.026486 -0.0034
v 0.002087 0.026505 -0.0034
v 0.002056 0.02652 -0.0034
v 0.002014 0.026542 -0.0034
v 0.001638 0.026902 -0.0034
v 0.001631 0.026914 -0.0034
v 0.001598 0.026974 -0.0034
v 0.00156 0.02706 -0.0034
v 0.001539 0.027122 -0.0034
v 0.001534 0.027136 -0.0034
v -0.002553 0.029571 -0.0034
v -0.003498 0.029793 -0.0034
v -0.002934 0.029968 -0.0034
v -0.002999 0.029927 -0.0034
v -0.003004 0.029924 -0.0034
v -0.002589 0.030012 -0.0034
v -0.002803 0.030076 -0.0034
v -0.002807 0.030072 -0.0034
v 0.009348 0.029958 -0.0034
v 0.009506 0.030061 -0.0034
v 0.010063 0.030769 -0.0034
v 0.009672 0.030151 -0.0034
v 0.010166 0.030703 -0.0034
v 0.009845 0.030226 -0.0034
v 0.010274 0.030647 -0.0034
v 0.010024 0.030286 -0.0034
v 0.010387 0.0306 -0.0034
v 0.010207 0.030331 -0.0034
v 0.010503 0.030564 -0.0034
v 0.010394 0.03036 -0.0034
v 0.010623 0.030537 -0.0034
v 0.010582 0.030372 -0.0034
v 0.010744 0.030521 -0.0034
v 0.01077 0.030369 -0.0034
v 0.010866 0.030516 -0.0034
v 0.010902 0.030366 -0.0034
v 0.010988 0.030521 -0.0034
v 0.011033 0.030375 -0.0034
v 0.011109 0.030537 -0.0034
v 0.011163 0.030395 -0.0034
v 0.011228 0.030564 -0.0034
v 0.011291 0.030425 -0.0034
v 0.011345 0.0306 -0.0034
v 0.011416 0.030467 -0.0034
v 0.011457 0.030647 -0.0034
v 0.011537 0.030519 -0.0034
v 0.011566 0.030703 -0.0034
v 0.011653 0.030581 -0.0034
v 0.011669 0.030769 -0.0034
v 0.011764 0.030652 -0.0034
v 0.011766 0.030843 -0.0034
v 0.011868 0.030733 -0.0034
v 0.011856 0.030926 -0.0034
v 0.011964 0.030822 -0.0034
v 0.011938 0.031016 -0.0034
v 0.012053 0.03092 -0.0034
v 0.012013 0.031113 -0.0034
v 0.012133 0.031024 -0.0034
v 0.012078 0.031216 -0.0034
v 0.012204 0.031135 -0.0034
v 0.012135 0.031324 -0.0034
v 0.012266 0.031251 -0.0034
v 0.012181 0.031437 -0.0034
v 0.012317 0.031372 -0.0034
v 0.012218 0.031554 -0.0034
v 0.012358 0.031497 -0.0034
v 0.012244 0.031673 -0.0034
v 0.012388 0.031625 -0.0034
v 0.01226 0.031794 -0.0034
v 0.012407 0.031756 -0.0034
v 0.012266 0.031916 -0.0034
v 0.012415 0.031887 -0.0034
v 0.01226 0.032038 -0.0034
v 0.012412 0.032018 -0.0034
v 0.012244 0.032159 -0.0034
v 0.012398 0.032149 -0.0034
v 0.012218 0.032278 -0.0034
v 0.012373 0.032278 -0.0034
v 0.012181 0.032395 -0.0034
v 0.012337 0.032405 -0.0034
v 0.012135 0.032508 -0.0034
v 0.01229 0.032528 -0.0034
v 0.012078 0.032616 -0.0034
v 0.012233 0.032647 -0.0034
v 0.012013 0.032719 -0.0034
v 0.012166 0.03276 -0.0034
v 0.011938 0.032816 -0.0034
v 0.01209 0.032867 -0.0034
v 0.011856 0.032906 -0.0034
v 0.012004 0.032967 -0.0034
v 0.011911 0.03306 -0.0034
v 0.002582 0.030185 -0.0034
v 0.009513 0.031554 -0.0034
v 0.002557 0.030407 -0.0034
v 0.009487 0.031673 -0.0034
v 0.002512 0.030627 -0.0034
v 0.009471 0.031794 -0.0034
v -0.001213 0.032287 -0.0034
v -0.001012 0.032383 -0.0034
v -0.013981 0.040483 -0.0034
v 0.008409 0.032267 -0.0034
v 0.009471 0.032038 -0.0034
v 0.00848 0.032341 -0.0034
v 0.008543 0.03242 -0.0034
v 0.008773 0.033185 -0.0034
v 0.009719 0.032719 -0.0034
v 0.008763 0.033286 -0.0034
v 0.008641 0.033673 -0.0034
v 0.009793 0.032816 -0.0034
v 0.009876 0.032906 -0.0034
v 0.001986 0.026558 -0.0034
v 0.001942 0.026585 -0.0034
v 0.001918 0.026602 -0.0034
v 0.001874 0.026636 -0.0034
v 0.001853 0.026653 -0.0034
v 0.001518 0.027201 -0.0034
v 0.001515 0.027214 -0.0034
v 0.001512 0.027226 -0.0034
v -0.002698 0.030196 -0.0034
v -0.002746 0.030136 -0.0034
v -0.00275 0.030131 -0.0034
v 0.002435 0.02895 -0.0034
v 0.0022 0.029116 -0.0034
v 0.002176 0.029118 -0.0034
v 0.002268 0.031249 -0.0034
v 0.002367 0.031049 -0.0034
v 0.002449 0.030841 -0.0034
v 0.008333 0.0322 -0.0034
v 0.008252 0.032139 -0.0034
v 0.009466 0.031916 -0.0034
v 0.008165 0.032085 -0.0034
v 0.008749 0.032882 -0.0034
v 0.008724 0.032783 -0.0034
v 0.00955 0.032395 -0.0034
v 0.00869 0.032687 -0.0034
v 0.008649 0.032594 -0.0034
v 0.008684 0.033581 -0.0034
v 0.008719 0.033485 -0.0034
v 0.008745 0.033387 -0.0034
v 0.003198 0.025126 -0.0034
v 0.003507 0.025157 -0.0034
v 0.003813 0.025214 -0.0034
v 0.004113 0.025295 -0.0034
v -0.003881 0.029869 -0.0034
v -0.003928 0.029889 -0.0034
v -0.003959 0.029904 -0.0034
v -0.004002 0.029927 -0.0034
v -0.00355 0.029794 -0.0034
v -0.003581 0.029797 -0.0034
v -0.003633 0.029803 -0.0034
v -0.002864 0.030021 -0.0034
v -0.002868 0.030017 -0.0034
v -0.002929 0.029972 -0.0034
v -0.00331 0.02981 -0.0034
v -0.003337 0.029805 -0.0034
v -0.003389 0.029798 -0.0034
v -0.002694 0.030201 -0.0034
v -0.002602 0.030354 -0.0034
v -0.002607 0.030344 -0.0034
v -0.002641 0.030281 -0.0034
v 0.002566 0.028845 -0.0034
v 0.00955 0.031437 -0.0034
v 0.002559 0.028852 -0.0034
v 0.002531 0.02888 -0.0034
v 0.002574 0.028835 -0.0034
v 0.002592 0.028812 -0.0034
v 0.002615 0.028779 -0.0034
v 0.002644 0.028727 -0.0034
v 0.002655 0.028703 -0.0034
v 0.009653 0.031216 -0.0034
v 0.009597 0.031324 -0.0034
v 0.002693 0.028533 -0.0034
v 0.002691 0.028556 -0.0034
v 0.002407 0.029187 -0.0034
v 0.002388 0.029172 -0.0034
v 0.002164 0.02912 -0.0034
v 0.002152 0.029122 -0.0034
v -0.000145 0.032585 -0.0034
v 7.9e-05 0.032588 -0.0034
v 0.001742 0.034953 -0.0034
v 0.000302 0.032571 -0.0034
v 0.000523 0.032536 -0.0034
v 0.002887 0.02512 -0.0034
v 0.004405 0.0254 -0.0034
v -0.004031 0.029945 -0.0034
v -0.004071 0.029971 -0.0034
v -0.004094 0.029987 -0.0034
v -0.003416 0.029796 -0.0034
v -0.003469 0.029793 -0.0034
v 0.002668 0.028666 -0.0034
v 0.002679 0.028629 -0.0034
v 0.002684 0.028609 -0.0034
v 0.002276 0.029123 -0.0034
v 0.002251 0.029119 -0.0034
v -0.001759 0.0319 -0.0034
v -0.001589 0.032044 -0.0034
v -0.001406 0.032174 -0.0034
v -0.000802 0.032461 -0.0034
v -0.000587 0.032522 -0.0034
v -0.000367 0.032563 -0.0034
v -0.003664 0.029807 -0.0034
v -0.003718 0.029818 -0.0034
v -0.003801 0.02984 -0.0034
v -0.003849 0.029856 -0.0034
v -0.002525 0.030571 -0.0034
v -0.002545 0.030496 -0.0034
v -0.002549 0.030452 -0.0034
v -0.002569 0.030429 -0.0034
v -0.002573 0.030419 -0.0034
v 0.002687 0.028593 -0.0034
v 0.002689 0.028579 -0.0034
v 0.002325 0.029138 -0.0034
v 0.002312 0.029133 -0.0034
v -0.014271 0.039466 -0.0034
v -0.014374 0.04064 -0.0034
v -0.014753 0.04083 -0.0034
v 0.002629 0.028756 -0.0034
v 0.002635 0.028743 -0.0034
v 0.002589 0.029962 -0.0034
v 0.002576 0.029739 -0.0034
v 0.002544 0.029517 -0.0034
v 0.002503 0.029339 -0.0034
v 0.002238 0.029117 -0.0034
v 0.002225 0.029117 -0.0034
v -0.002291 0.031551 -0.0034
v 0.002469 0.028929 -0.0034
v 0.002376 0.029164 -0.0034
v 0.002485 0.028918 -0.0034
v 0.002501 0.028906 -0.0034
v 0.002301 0.029129 -0.0034
v 0.002294 0.029127 -0.0034
v -0.002329 0.031559 -0.0034
v -0.015114 0.041052 -0.0034
v -0.015455 0.041303 -0.0034
v -0.015619 0.041441 -0.0034
v 0.001536 0.032084 -0.0034
v 0.00171 0.031944 -0.0034
v 0.002576 0.034575 -0.0034
v 0.001872 0.031789 -0.0034
v 0.006996 0.032086 -0.0034
v 0.002472 0.029264 -0.0034
v 0.002458 0.029243 -0.0034
v 0.00074 0.032481 -0.0034
v 0.000951 0.032408 -0.0034
v 0.002167 0.034782 -0.0034
v 0.001155 0.032317 -0.0034
v 0.001351 0.032209 -0.0034
v 0.007378 0.03195 -0.0034
v 0.007278 0.031972 -0.0034
v 0.002501 0.029333 -0.0034
v 0.002499 0.029324 -0.0034
v 0.002494 0.02931 -0.0034
v 0.002492 0.029306 -0.0034
v 0.002484 0.029286 -0.0034
v 0.002476 0.029272 -0.0034
v 0.002456 0.02924 -0.0034
v 0.002442 0.029222 -0.0034
v 0.002432 0.029211 -0.0034
v 0.002425 0.029204 -0.0034
v 0.002418 0.029197 -0.0034
v 0.002368 0.029159 -0.0034
v 0.002347 0.029148 -0.0034
v 0.002347 0.029147 -0.0034
v -0.002654 0.031514 -0.0034
v -0.002632 0.031525 -0.0034
v 0.002019 0.031621 -0.0034
v 0.002151 0.03144 -0.0034
v 0.007087 0.03204 -0.0034
v 0.007181 0.032002 -0.0034
v -0.002789 0.031412 -0.0034
v -0.002779 0.031421 -0.0034
v -0.002666 0.031507 -0.0034
v 0.008074 0.032039 -0.0034
v 0.00798 0.032001 -0.0034
v 0.007883 0.031971 -0.0034
v 0.007783 0.03195 -0.0034
v 0.007682 0.031937 -0.0034
v 0.007581 0.031933 -0.0034
v 0.007479 0.031937 -0.0034
v -0.00935 0.033431 -0.0034
v -0.002864 0.031307 -0.0034
v -0.002856 0.031321 -0.0034
v -0.002844 0.031341 -0.0034
v -0.002821 0.031374 -0.0034
v -0.002795 0.031405 -0.0034
v -0.002618 0.03153 -0.0034
v -0.002604 0.031536 -0.0034
v -0.002581 0.031544 -0.0034
v -0.002543 0.031555 -0.0034
v -0.002504 0.031562 -0.0034
v -0.002494 0.031564 -0.0034
v -0.002482 0.031565 -0.0034
v -0.002871 0.031294 -0.0034
v -0.011909 0.036368 -0.0034
v -0.002882 0.031271 -0.0034
v -0.002453 0.031567 -0.0034
v -0.002412 0.031568 -0.0034
v -0.002385 0.031567 -0.0034
v -0.002255 0.031539 -0.0034
v -0.00276 0.03144 -0.0034
v -0.00273 0.031465 -0.0034
v -0.002709 0.031481 -0.0034
v -0.002371 0.031565 -0.0034
v -0.002354 0.031563 -0.0034
v -0.002699 0.031487 -0.0034
v -0.002684 0.031497 -0.0034
v -0.002187 0.031509 -0.0034
v -0.002209 0.031521 -0.0034
v -0.00222 0.031525 -0.0034
v -0.002236 0.031532 -0.0034
v -0.015287 0.045643 -0.0057
v -0.015219 0.045455 -0.0057
v -0.015287 0.045643 -0.0055
v -0.015579 0.045536 -0.0024
v -0.015579 0.045536 -0.0055
v -0.015736 0.045472 -0.0055
v -0.015736 0.045472 -0.0024
v -0.015886 0.045394 -0.0055
v -0.015886 0.045394 -0.0024
v -0.016029 0.045305 -0.0055
v -0.016029 0.045305 -0.0024
v -0.016164 0.045203 -0.0055
v -0.016164 0.045203 -0.0024
v -0.01629 0.04509 -0.0055
v -0.01629 0.04509 -0.0024
v -0.016406 0.044967 -0.0055
v -0.016406 0.044967 -0.0024
v -0.016512 0.044835 -0.0055
v -0.016512 0.044835 -0.0024
v -0.016605 0.044694 -0.0055
v -0.016605 0.044694 -0.0024
v -0.016687 0.044546 -0.0055
v -0.016687 0.044546 -0.0024
v -0.016756 0.044392 -0.0055
v -0.016756 0.044392 -0.0024
v -0.016811 0.044232 -0.0055
v -0.016811 0.044232 -0.0024
v -0.016853 0.044068 -0.0055
v -0.016853 0.044068 -0.0024
v -0.01688 0.043902 -0.0055
v -0.01688 0.043902 -0.0024
v -0.016894 0.043733 -0.0055
v -0.016894 0.043733 -0.0024
v -0.016893 0.043564 -0.0055
v -0.016893 0.043564 -0.0024
v -0.016878 0.043396 -0.0055
v -0.016878 0.043396 -0.0024
v -0.016849 0.043229 -0.0055
v -0.016849 0.043229 -0.0024
v -0.016806 0.043066 -0.0055
v -0.016806 0.043066 -0.0024
v -0.016749 0.042906 -0.0055
v -0.016749 0.042906 -0.0024
v -0.016679 0.042753 -0.0055
v -0.016679 0.042753 -0.0024
v -0.016596 0.042605 -0.0055
v -0.016596 0.042605 -0.0024
v -0.016573 0.042567 -0.0024
v -0.016573 0.042567 -0.0036
v -0.014434 0.03935 -0.0036
v -0.014434 0.03935 -0.0055
v -0.012064 0.036242 -0.0055
v -0.012064 0.036242 -0.0036
v -0.009496 0.033295 -0.0055
v -0.009496 0.033295 -0.0036
v -0.006742 0.030521 -0.0055
v -0.006742 0.030521 -0.0036
v -0.003814 0.027933 -0.0055
v -0.003814 0.027933 -0.0036
v -0.010894 0.046814 -0.0055
v -0.010894 0.046814 -0.0024
v -0.010888 0.046857 -0.0024
v -0.010888 0.046857 -0.0055
v -0.010878 0.046899 -0.0024
v -0.010878 0.046899 -0.0055
v -0.010865 0.04694 -0.0024
v -0.010865 0.04694 -0.0055
v -0.010848 0.04698 -0.0024
v -0.010848 0.04698 -0.0055
v -0.010828 0.047019 -0.0024
v -0.010828 0.047019 -0.0055
v -0.010805 0.047055 -0.0024
v -0.010805 0.047055 -0.0055
v -0.010778 0.04709 -0.0024
v -0.010778 0.04709 -0.0055
v -0.010748 0.047121 -0.0024
v -0.010748 0.047121 -0.0055
v -0.010716 0.047151 -0.0024
v -0.010716 0.047151 -0.0055
v -0.010682 0.047177 -0.0024
v -0.010682 0.047177 -0.0055
v -0.010645 0.0472 -0.0024
v -0.010645 0.0472 -0.0055
v -0.010607 0.04722 -0.0024
v -0.010607 0.04722 -0.0055
v -0.010566 0.047237 -0.0024
v -0.010566 0.047237 -0.0055
v -0.010525 0.04725 -0.0024
v -0.010525 0.04725 -0.0055
v -0.010483 0.047259 -0.0024
v -0.010483 0.047259 -0.0055
v -0.01044 0.047265 -0.0024
v -0.01044 0.047265 -0.0055
v -0.010396 0.047266 -0.0024
v -0.010396 0.047266 -0.0055
v -0.012415 0.044581 -0.0055
v -0.012415 0.044581 -0.0024
v -0.01221 0.044696 -0.0055
v -0.01221 0.044696 -0.0024
v -0.012016 0.044828 -0.0055
v -0.012016 0.044828 -0.0024
v -0.011833 0.044975 -0.0055
v -0.011833 0.044975 -0.0024
v -0.011663 0.045138 -0.0055
v -0.011663 0.045138 -0.0024
v -0.011508 0.045314 -0.0055
v -0.011508 0.045314 -0.0024
v -0.011368 0.045502 -0.0055
v -0.011368 0.045502 -0.0024
v -0.011244 0.045701 -0.0055
v -0.011244 0.045701 -0.0024
v -0.011137 0.045911 -0.0055
v -0.011137 0.045911 -0.0024
v -0.011048 0.046128 -0.0055
v -0.011048 0.046128 -0.0024
v -0.010977 0.046352 -0.0055
v -0.010977 0.046352 -0.0024
v -0.010926 0.046581 -0.0055
v -0.010926 0.046581 -0.0024
v -0.010094 0.047266 -0.0055
v -0.010094 0.047266 -0.0024
v -0.010052 0.047265 -0.0024
v -0.010052 0.047265 -0.0055
v -0.01001 0.047259 -0.0024
v -0.01001 0.047259 -0.0055
v -0.009969 0.047251 -0.0024
v -0.009969 0.047251 -0.0055
v -0.009929 0.047238 -0.0024
v -0.009929 0.047238 -0.0055
v -0.00989 0.047223 -0.0024
v -0.00989 0.047223 -0.0055
v -0.009852 0.047204 -0.0024
v -0.009852 0.047204 -0.0055
v -0.009816 0.047182 -0.0024
v -0.009816 0.047182 -0.0055
v -0.009783 0.047158 -0.0024
v -0.009783 0.047158 -0.0055
v -0.009751 0.04713 -0.0024
v -0.009751 0.04713 -0.0055
v -0.009721 0.0471 -0.0024
v -0.009721 0.0471 -0.0055
v -0.009695 0.047068 -0.0024
v -0.009695 0.047068 -0.0055
v -0.009671 0.047033 -0.0024
v -0.009671 0.047033 -0.0055
v -0.00965 0.046997 -0.0024
v -0.00965 0.046997 -0.0055
v -0.009632 0.046958 -0.0024
v -0.009632 0.046958 -0.0055
v -0.009618 0.046919 -0.0024
v -0.009618 0.046919 -0.0055
v -0.009607 0.046879 -0.0024
v -0.009607 0.046879 -0.0055
v -0.009394 0.046099 -0.0055
v -0.009394 0.046099 -0.0024
v -0.009119 0.045339 -0.0055
v -0.009119 0.045339 -0.0024
v -0.008783 0.044603 -0.0055
v -0.008783 0.044603 -0.0024
v -0.008389 0.043897 -0.0055
v -0.008389 0.043897 -0.0024
v -0.007939 0.043226 -0.0055
v -0.007939 0.043226 -0.0024
v -0.007437 0.042593 -0.0055
v -0.007437 0.042593 -0.0024
v -0.006885 0.042002 -0.0055
v -0.006885 0.042002 -0.0024
v -0.006287 0.041458 -0.0055
v -0.006287 0.041458 -0.0024
v -0.012833 0.044746 -0.0055
v -0.012833 0.044746 -0.0024
v -0.012823 0.044723 -0.0055
v -0.012823 0.044723 -0.0024
v -0.012811 0.0447 -0.0055
v -0.012811 0.0447 -0.0024
v -0.012798 0.044679 -0.0055
v -0.012798 0.044679 -0.0024
v -0.012783 0.044659 -0.0055
v -0.012783 0.044659 -0.0024
v -0.012766 0.04464 -0.0055
v -0.012766 0.04464 -0.0024
v -0.012747 0.044622 -0.0055
v -0.012747 0.044622 -0.0024
v -0.012727 0.044606 -0.0055
v -0.012727 0.044606 -0.0024
v -0.012706 0.044592 -0.0055
v -0.012706 0.044592 -0.0024
v -0.012684 0.04458 -0.0055
v -0.012684 0.04458 -0.0024
v -0.012661 0.04457 -0.0055
v -0.012661 0.04457 -0.0024
v -0.012637 0.044562 -0.0055
v -0.012637 0.044562 -0.0024
v -0.012612 0.044555 -0.0055
v -0.012612 0.044555 -0.0024
v -0.012587 0.044551 -0.0055
v -0.012587 0.044551 -0.0024
v -0.012562 0.044549 -0.0055
v -0.012562 0.044549 -0.0024
v -0.012537 0.044549 -0.0055
v -0.012537 0.044549 -0.0024
v -0.012512 0.044551 -0.0055
v -0.012512 0.044551 -0.0024
v -0.012487 0.044556 -0.0055
v -0.012487 0.044556 -0.0024
v -0.012462 0.044562 -0.0055
v -0.012462 0.044562 -0.0024
v -0.012438 0.044571 -0.0055
v -0.012438 0.044571 -0.0024
v -0.013408 0.046327 -0.0024
v -0.013408 0.046327 -0.0055
v -0.013596 0.046258 -0.0057
v -0.015287 0.045643 -0.0024
v -0.015287 0.045643 -0.0022
v -0.013596 0.046258 -0.0022
v 0.01112 0.033647 -0.0036
v 0.01112 0.033647 -0.0055
v 0.008407 0.034155 -0.0036
v 0.008407 0.034155 -0.0055
v 0.007865 0.034284 -0.0036
v 0.005743 0.034876 -0.0055
v 0.007865 0.034284 -0.0024
v -0.004104 0.039769 -0.0055
v -0.004104 0.039769 -0.0024
v -0.001795 0.038258 -0.0055
v -0.001795 0.038258 -0.0024
v 0.000626 0.036933 -0.0055
v 0.000626 0.036933 -0.0024
v 0.003144 0.035804 -0.0055
v 0.003144 0.035804 -0.0024
v 0.005743 0.034876 -0.0024
v 0.010758 0.030169 -0.0045
v 0.010758 0.030169 -0.0036
v 0.010587 0.030172 -0.0045
v 0.010587 0.030172 -0.0036
v 0.010415 0.030161 -0.0045
v 0.010415 0.030161 -0.0036
v 0.010246 0.030135 -0.0045
v 0.010246 0.030135 -0.0036
v 0.010079 0.030094 -0.0045
v 0.010079 0.030094 -0.0036
v 0.009917 0.03004 -0.0045
v 0.009917 0.03004 -0.0036
v 0.009759 0.029971 -0.0045
v 0.009759 0.029971 -0.0036
v 0.009609 0.02989 -0.0045
v 0.009609 0.02989 -0.0036
v 0.009465 0.029795 -0.0045
v 0.009465 0.029795 -0.0036
v 0.009331 0.029689 -0.0045
v 0.009331 0.029689 -0.0036
v 0.009206 0.029572 -0.0045
v 0.009206 0.029572 -0.0036
v 0.011897 0.029088 -0.0045
v 0.01216 0.029724 -0.0045
v 0.011755 0.030409 -0.0045
v 0.011624 0.030339 -0.0045
v 0.011487 0.03028 -0.0045
v 0.011578 0.028476 -0.0045
v 0.012609 0.031763 -0.0045
v 0.012606 0.031735 -0.0045
v 0.012607 0.031738 -0.0045
v 0.012585 0.031588 -0.0045
v 0.012517 0.031054 -0.0045
v 0.012551 0.031443 -0.0045
v 0.012504 0.031302 -0.0045
v 0.012447 0.031165 -0.0045
v 0.012377 0.031034 -0.0045
v 0.012368 0.030382 -0.0045
v 0.012297 0.030909 -0.0045
v 0.012206 0.030791 -0.0045
v 0.011346 0.030233 -0.0045
v 0.011202 0.030198 -0.0045
v 0.011208 0.027895 -0.0045
v 0.011055 0.030176 -0.0045
v 0.010789 0.027348 -0.0045
v 0.010907 0.030166 -0.0045
v 0.012106 0.030681 -0.0045
v 0.011997 0.030581 -0.0045
v 0.011879 0.030489 -0.0045
v 0.003365 0.024646 -0.0045
v 0.00321 0.024926 -0.0045
v 0.002692 0.024795 -0.0045
v 0.002883 0.02492 -0.0045
v 0.002556 0.02494 -0.0045
v 0.002233 0.024988 -0.0045
v 0.002035 0.025003 -0.0045
v 0.001914 0.025061 -0.0045
v 0.001602 0.02516 -0.0045
v 0.005425 0.024556 -0.0045
v 0.005064 0.025511 -0.0045
v 0.004778 0.025351 -0.0045
v 0.009268 0.025955 -0.0045
v 0.009815 0.026374 -0.0045
v 0.004737 0.024526 -0.0045
v 0.008687 0.025585 -0.0045
v 0.010323 0.02684 -0.0045
v 0.004481 0.025215 -0.0045
v 0.004173 0.025104 -0.0045
v 0.004048 0.024556 -0.0045
v 0.003857 0.025018 -0.0045
v 0.003535 0.024959 -0.0045
v 0.005335 0.025693 -0.0045
v 0.006109 0.024646 -0.0045
v 0.005591 0.025897 -0.0045
v 0.006782 0.024795 -0.0045
v 0.005829 0.026121 -0.0045
v 0.007439 0.025003 -0.0045
v 0.008076 0.025266 -0.0045
v 0.012609 0.031763 -0.0055
v 0.012615 0.031883 -0.0055
v 0.012615 0.031883 -0.0036
v 0.012606 0.031735 -0.0036
v 0.012585 0.031588 -0.0036
v 0.012551 0.031443 -0.0036
v 0.012504 0.031302 -0.0036
v 0.012447 0.031165 -0.0036
v 0.012377 0.031034 -0.0036
v 0.012297 0.030909 -0.0036
v 0.012206 0.030791 -0.0036
v 0.012106 0.030681 -0.0036
v 0.011997 0.030581 -0.0036
v 0.011879 0.030489 -0.0036
v 0.011755 0.030409 -0.0036
v 0.011624 0.030339 -0.0036
v 0.011487 0.03028 -0.0036
v 0.011346 0.030233 -0.0036
v 0.011202 0.030198 -0.0036
v 0.011055 0.030176 -0.0036
v 0.010907 0.030166 -0.0036
v 0.012612 0.032032 -0.0055
v 0.012612 0.032032 -0.0036
v 0.012596 0.032179 -0.0055
v 0.012596 0.032179 -0.0036
v 0.012567 0.032325 -0.0055
v 0.012567 0.032325 -0.0036
v 0.012526 0.032468 -0.0055
v 0.012526 0.032468 -0.0036
v 0.012473 0.032607 -0.0055
v 0.012473 0.032607 -0.0036
v 0.012409 0.032741 -0.0055
v 0.012409 0.032741 -0.0036
v 0.012334 0.032869 -0.0055
v 0.012334 0.032869 -0.0036
v 0.012247 0.03299 -0.0055
v 0.012247 0.03299 -0.0036
v 0.012151 0.033103 -0.0055
v 0.012151 0.033103 -0.0036
v 0.012046 0.033208 -0.0055
v 0.012046 0.033208 -0.0036
v 0.011932 0.033303 -0.0055
v 0.011932 0.033303 -0.0036
v 0.011811 0.033389 -0.0055
v 0.011811 0.033389 -0.0036
v 0.011682 0.033464 -0.0055
v 0.011682 0.033464 -0.0036
v 0.011548 0.033527 -0.0055
v 0.011548 0.033527 -0.0036
v 0.011409 0.033579 -0.0055
v 0.011409 0.033579 -0.0036
v 0.011266 0.03362 -0.0055
v 0.011266 0.03362 -0.0036
v 0.005829 0.026121 -0.0036
v 0.005591 0.025897 -0.0036
v 0.005335 0.025693 -0.0036
v 0.005064 0.025511 -0.0036
v 0.004778 0.025351 -0.0036
v 0.004481 0.025215 -0.0036
v 0.004173 0.025104 -0.0036
v 0.003857 0.025018 -0.0036
v 0.003535 0.024959 -0.0036
v 0.00321 0.024926 -0.0036
v 0.002883 0.02492 -0.0036
v 0.002556 0.02494 -0.0036
v 0.002233 0.024988 -0.0036
v 0.001914 0.025061 -0.0036
v 0.001602 0.02516 -0.0036
v 2.7e-05 0.025733 -0.0036
v 2.7e-05 0.025733 -0.0055
v 0.002035 0.025003 -0.0055
v 0.012607 0.031738 -0.0055
v 0.012517 0.031054 -0.0055
v 0.012368 0.030382 -0.0055
v 0.01216 0.029724 -0.0055
v 0.011897 0.029088 -0.0055
v 0.011578 0.028476 -0.0055
v 0.011208 0.027895 -0.0055
v 0.010789 0.027348 -0.0055
v 0.010323 0.02684 -0.0055
v 0.009815 0.026374 -0.0055
v 0.009268 0.025955 -0.0055
v 0.008687 0.025585 -0.0055
v 0.008076 0.025266 -0.0055
v 0.007439 0.025003 -0.0055
v 0.006782 0.024795 -0.0055
v 0.006109 0.024646 -0.0055
v 0.005425 0.024556 -0.0055
v 0.004737 0.024526 -0.0055
v 0.004048 0.024556 -0.0055
v 0.003365 0.024646 -0.0055
v 0.002692 0.024795 -0.0055
v 0.012638 0.032228 -0.0012
v 0.012411 0.03233 -0.0014
v 0.012604 0.032382 -0.0012
v 0.012369 0.032463 -0.0014
v 0.012557 0.032532 -0.0012
v 0.012316 0.032592 -0.0014
v 0.012497 0.032677 -0.0012
v 0.012251 0.032716 -0.0014
v 0.012425 0.032816 -0.0012
v 0.012176 0.032834 -0.0014
v 0.01234 0.032948 -0.0012
v 0.012091 0.032944 -0.0014
v 0.012245 0.033073 -0.0012
v 0.011997 0.033047 -0.0014
v 0.012138 0.033189 -0.0012
v 0.011894 0.033142 -0.0014
v 0.012023 0.033295 -0.0012
v 0.011783 0.033227 -0.0014
v 0.011898 0.03339 -0.0012
v 0.011666 0.033302 -0.0014
v 0.011766 0.033475 -0.0012
v 0.011542 0.033366 -0.0014
v 0.011626 0.033547 -0.0012
v 0.011413 0.033419 -0.0014
v 0.011481 0.033607 -0.0012
v 0.01128 0.033461 -0.0014
v 0.011332 0.033655 -0.0012
v 0.011144 0.033492 -0.0014
v 0.011178 0.033689 -0.0012
v 0.011005 0.03351 -0.0014
v 0.011023 0.033709 -0.0012
v 0.010866 0.033516 -0.0014
v 0.010866 0.033716 -0.0012
v 0.010726 0.03351 -0.0014
v 0.010709 0.033709 -0.0012
v 0.010588 0.033492 -0.0014
v 0.010553 0.033689 -0.0012
v 0.010452 0.033461 -0.0014
v 0.0104 0.033655 -0.0012
v 0.010318 0.033419 -0.0014
v 0.01025 0.033607 -0.0012
v 0.01019 0.033366 -0.0014
v 0.010105 0.033547 -0.0012
v 0.010066 0.033302 -0.0014
v 0.009966 0.033475 -0.0012
v 0.009948 0.033227 -0.0014
v 0.009833 0.03339 -0.0012
v 0.009837 0.033142 -0.0014
v 0.009709 0.033295 -0.0012
v 0.009734 0.033047 -0.0014
v 0.009593 0.033189 -0.0012
v 0.00964 0.032944 -0.0014
v 0.009487 0.033073 -0.0012
v 0.009555 0.032834 -0.0014
v 0.009391 0.032948 -0.0012
v 0.00948 0.032716 -0.0014
v 0.009307 0.032816 -0.0012
v 0.009416 0.032592 -0.0014
v 0.009234 0.032677 -0.0012
v 0.009362 0.032463 -0.0014
v 0.009174 0.032532 -0.0012
v 0.00932 0.03233 -0.0014
v 0.009127 0.032382 -0.0012
v 0.00929 0.032194 -0.0014
v 0.009093 0.032228 -0.0012
v 0.009272 0.032055 -0.0014
v 0.009073 0.032073 -0.0012
v 0.009266 0.031916 -0.0014
v 0.009066 0.031916 -0.0012
v 0.009272 0.031776 -0.0014
v 0.009073 0.031759 -0.0012
v 0.00929 0.031638 -0.0014
v 0.009093 0.031603 -0.0012
v 0.00932 0.031502 -0.0014
v 0.009127 0.03145 -0.0012
v 0.009362 0.031369 -0.0014
v 0.009174 0.0313 -0.0012
v 0.009416 0.03124 -0.0014
v 0.009234 0.031155 -0.0012
v 0.00948 0.031116 -0.0014
v 0.009307 0.031016 -0.0012
v 0.009555 0.030998 -0.0014
v 0.009391 0.030883 -0.0012
v 0.00964 0.030887 -0.0014
v 0.009487 0.030759 -0.0012
v 0.009734 0.030785 -0.0014
v 0.009593 0.030643 -0.0012
v 0.009837 0.03069 -0.0014
v 0.009709 0.030537 -0.0012
v 0.009948 0.030605 -0.0014
v 0.009833 0.030441 -0.0012
v 0.010066 0.03053 -0.0014
v 0.009966 0.030357 -0.0012
v 0.01019 0.030466 -0.0014
v 0.010105 0.030285 -0.0012
v 0.010318 0.030412 -0.0014
v 0.01025 0.030224 -0.0012
v 0.010452 0.03037 -0.0014
v 0.0104 0.030177 -0.0012
v 0.010588 0.03034 -0.0014
v 0.010553 0.030143 -0.0012
v 0.010726 0.030322 -0.0014
v 0.010709 0.030123 -0.0012
v 0.010866 0.030316 -0.0014
v 0.010866 0.030116 -0.0012
v 0.011005 0.030322 -0.0014
v 0.011023 0.030123 -0.0012
v 0.011144 0.03034 -0.0014
v 0.011178 0.030143 -0.0012
v 0.01128 0.03037 -0.0014
v 0.011332 0.030177 -0.0012
v 0.011413 0.030412 -0.0014
v 0.011481 0.030224 -0.0012
v 0.011542 0.030466 -0.0014
v 0.011626 0.030285 -0.0012
v 0.011666 0.03053 -0.0014
v 0.011766 0.030357 -0.0012
v 0.011783 0.030605 -0.0014
v 0.011898 0.030441 -0.0012
v 0.011894 0.03069 -0.0014
v 0.012023 0.030537 -0.0012
v 0.011997 0.030785 -0.0014
v 0.012138 0.030643 -0.0012
v 0.012091 0.030887 -0.0014
v 0.012245 0.030759 -0.0012
v 0.012176 0.030998 -0.0014
v 0.01234 0.030883 -0.0012
v 0.012251 0.031116 -0.0014
v 0.012425 0.031016 -0.0012
v 0.012316 0.03124 -0.0014
v 0.012497 0.031155 -0.0012
v 0.012369 0.031369 -0.0014
v 0.012557 0.0313 -0.0012
v 0.012411 0.031502 -0.0014
v 0.012604 0.03145 -0.0012
v 0.012441 0.031638 -0.0014
v 0.012638 0.031603 -0.0012
v 0.01246 0.031776 -0.0014
v 0.012659 0.031759 -0.0012
v 0.012466 0.031916 -0.0014
v 0.012666 0.031916 -0.0012
v 0.01246 0.032055 -0.0014
v 0.012659 0.032073 -0.0012
v 0.012441 0.032194 -0.0014
v 0.012659 0.032073 -0.0007
v 0.012666 0.031916 -0.0007
v 0.012659 0.031759 -0.0007
v 0.012638 0.031603 -0.0007
v 0.012604 0.03145 -0.0007
v 0.012557 0.0313 -0.0007
v 0.012497 0.031155 -0.0007
v 0.012425 0.031016 -0.0007
v 0.01234 0.030883 -0.0007
v 0.012245 0.030759 -0.0007
v 0.012138 0.030643 -0.0007
v 0.012023 0.030537 -0.0007
v 0.011898 0.030441 -0.0007
v 0.011766 0.030357 -0.0007
v 0.011626 0.030285 -0.0007
v 0.011481 0.030224 -0.0007
v 0.011332 0.030177 -0.0007
v 0.011178 0.030143 -0.0007
v 0.011023 0.030123 -0.0007
v 0.010866 0.030116 -0.0007
v 0.010709 0.030123 -0.0007
v 0.010553 0.030143 -0.0007
v 0.0104 0.030177 -0.0007
v 0.01025 0.030224 -0.0007
v 0.010105 0.030285 -0.0007
v 0.009966 0.030357 -0.0007
v 0.009833 0.030441 -0.0007
v 0.009709 0.030537 -0.0007
v 0.009593 0.030643 -0.0007
v 0.009487 0.030759 -0.0007
v 0.009391 0.030883 -0.0007
v 0.009307 0.031016 -0.0007
v 0.009234 0.031155 -0.0007
v 0.009174 0.0313 -0.0007
v 0.009127 0.03145 -0.0007
v 0.009093 0.031603 -0.0007
v 0.009073 0.031759 -0.0007
v 0.009066 0.031916 -0.0007
v 0.009073 0.032073 -0.0007
v 0.009093 0.032228 -0.0007
v 0.009127 0.032382 -0.0007
v 0.009174 0.032532 -0.0007
v 0.009234 0.032677 -0.0007
v 0.009307 0.032816 -0.0007
v 0.009391 0.032948 -0.0007
v 0.009487 0.033073 -0.0007
v 0.009593 0.033189 -0.0007
v 0.009709 0.033295 -0.0007
v 0.009833 0.03339 -0.0007
v 0.009966 0.033475 -0.0007
v 0.010105 0.033547 -0.0007
v 0.01025 0.033607 -0.0007
v 0.0104 0.033655 -0.0007
v 0.010553 0.033689 -0.0007
v 0.010709 0.033709 -0.0007
v 0.010866 0.033716 -0.0007
v 0.011023 0.033709 -0.0007
v 0.011178 0.033689 -0.0007
v 0.011332 0.033655 -0.0007
v 0.011481 0.033607 -0.0007
v 0.011626 0.033547 -0.0007
v 0.011766 0.033475 -0.0007
v 0.011898 0.03339 -0.0007
v 0.012023 0.033295 -0.0007
v 0.012138 0.033189 -0.0007
v 0.012245 0.033073 -0.0007
v 0.01234 0.032948 -0.0007
v 0.012425 0.032816 -0.0007
v 0.012497 0.032677 -0.0007
v 0.012557 0.032532 -0.0007
v 0.012604 0.032382 -0.0007
v 0.012638 0.032228 -0.0007
v 0.012181 0.032395 -0.0014
v 0.012218 0.032278 -0.0014
v 0.012244 0.032159 -0.0014
v 0.01226 0.032038 -0.0014
v 0.012266 0.031916 -0.0014
v 0.01226 0.031794 -0.0014
v 0.012244 0.031673 -0.0014
v 0.012218 0.031554 -0.0014
v 0.012181 0.031437 -0.0014
v 0.012135 0.031324 -0.0014
v 0.012078 0.031216 -0.0014
v 0.012013 0.031113 -0.0014
v 0.011938 0.031016 -0.0014
v 0.011856 0.030926 -0.0014
v 0.011766 0.030843 -0.0014
v 0.011669 0.030769 -0.0014
v 0.011566 0.030703 -0.0014
v 0.011457 0.030647 -0.0014
v 0.011345 0.0306 -0.0014
v 0.011228 0.030564 -0.0014
v 0.011109 0.030537 -0.0014
v 0.010988 0.030521 -0.0014
v 0.010866 0.030516 -0.0014
v 0.010744 0.030521 -0.0014
v 0.010623 0.030537 -0.0014
v 0.010503 0.030564 -0.0014
v 0.010387 0.0306 -0.0014
v 0.010274 0.030647 -0.0014
v 0.010166 0.030703 -0.0014
v 0.010063 0.030769 -0.0014
v 0.009966 0.030843 -0.0014
v 0.009876 0.030926 -0.0014
v 0.009793 0.031016 -0.0014
v 0.009719 0.031113 -0.0014
v 0.009653 0.031216 -0.0014
v 0.009597 0.031324 -0.0014
v 0.00955 0.031437 -0.0014
v 0.009513 0.031554 -0.0014
v 0.009487 0.031673 -0.0014
v 0.009471 0.031794 -0.0014
v 0.009466 0.031916 -0.0014
v 0.009471 0.032038 -0.0014
v 0.009487 0.032159 -0.0014
v 0.009513 0.032278 -0.0014
v 0.00955 0.032395 -0.0014
v 0.009597 0.032508 -0.0014
v 0.009653 0.032616 -0.0014
v 0.009719 0.032719 -0.0014
v 0.009793 0.032816 -0.0014
v 0.009876 0.032906 -0.0014
v 0.009966 0.032988 -0.0014
v 0.010063 0.033063 -0.0014
v 0.010166 0.033128 -0.0014
v 0.010274 0.033185 -0.0014
v 0.010387 0.033231 -0.0014
v 0.010503 0.033268 -0.0014
v 0.010623 0.033295 -0.0014
v 0.010744 0.033311 -0.0014
v 0.010866 0.033316 -0.0014
v 0.010988 0.033311 -0.0014
v 0.011109 0.033295 -0.0014
v 0.011228 0.033268 -0.0014
v 0.011345 0.033231 -0.0014
v 0.011457 0.033185 -0.0014
v 0.011566 0.033128 -0.0014
v 0.011669 0.033063 -0.0014
v 0.011766 0.032988 -0.0014
v 0.011856 0.032906 -0.0014
v 0.011938 0.032816 -0.0014
v 0.012013 0.032719 -0.0014
v 0.012078 0.032616 -0.0014
v 0.012135 0.032508 -0.0014
v -0.013981 0.040483 -0.0024
v -0.014374 0.04064 -0.0024
v -0.014753 0.04083 -0.0024
v -0.015114 0.041052 -0.0024
v -0.015455 0.041303 -0.0024
v -0.015774 0.041582 -0.0024
v -0.015774 0.041582 -0.003452
v -0.015924 0.041732 -0.003497
v -0.016068 0.041888 -0.0024
v -0.016068 0.041888 -0.003534
v -0.016204 0.042049 -0.003563
v -0.016335 0.042216 -0.0024
v -0.016335 0.042216 -0.003584
v -0.016457 0.042388 -0.003596
v 0.001989 0.028288 -0.0057
v 0.001938 0.028276 -0.003925
v 0.001963 0.028328 -0.003925
v 0.001956 0.02831 -0.003925
v 0.002018 0.028539 -0.0057
v 0.00197 0.028529 -0.003923
v 0.001975 0.028511 -0.003923
v 0.00191 0.028687 -0.0057
v 0.001889 0.028656 -0.003925
v 0.001924 0.028676 -0.0057
v 0.001914 0.028629 -0.003925
v 0.001951 0.028651 -0.0057
v 0.001902 0.028643 -0.003925
v 0.002016 0.028545 -0.0057
v 0.002007 0.028567 -0.0057
v 0.001963 0.028546 -0.003924
v 0.002004 0.028574 -0.0057
v 0.001955 0.028564 -0.003924
v 0.001996 0.02859 -0.0057
v 0.001947 0.028581 -0.003924
v 0.001985 0.028607 -0.0057
v 0.001937 0.028598 -0.003924
v 0.001981 0.028613 -0.0057
v 0.001926 0.028614 -0.003924
v 0.001963 0.028638 -0.0057
v 0.002024 0.028521 -0.0057
v 0.001979 0.028493 -0.003923
v 0.002028 0.028503 -0.0057
v 0.002033 0.028431 -0.0057
v 0.001984 0.02842 -0.003924
v 0.002034 0.028448 -0.0057
v 0.001984 0.028438 -0.003923
v 0.002033 0.028467 -0.0057
v 0.001984 0.028456 -0.003923
v 0.002032 0.028472 -0.0057
v 0.001982 0.028475 -0.003923
v 0.002029 0.028497 -0.0057
v 0.00202 0.028358 -0.0057
v 0.00197 0.028346 -0.003924
v 0.002025 0.028376 -0.0057
v 0.001975 0.028364 -0.003924
v 0.002029 0.028395 -0.0057
v 0.001979 0.028383 -0.003924
v 0.001982 0.028402 -0.003924
v 0.002032 0.028413 -0.0057
v 0.002007 0.028322 -0.0057
v 0.001947 0.028293 -0.003925
v 0.001927 0.028261 -0.003926
v 0.001916 0.028246 -0.003926
v 0.001968 0.028258 -0.0057
v 0.001904 0.028233 -0.003927
v 0.001742 0.034953 -0.0024
v 0.002167 0.034782 -0.0024
v 0.002576 0.034575 -0.0024
v 0.006996 0.032086 -0.0024
v 0.007915 0.034271 -0.003599
v 0.007963 0.034255 -0.0024
v 0.008058 0.034219 -0.0024
v 0.008011 0.034238 -0.00359
v 0.007963 0.034255 -0.003596
v 0.00815 0.034174 -0.0024
v 0.008104 0.034197 -0.003572
v 0.008058 0.034219 -0.003582
v 0.008237 0.034122 -0.0024
v 0.008194 0.034149 -0.003545
v 0.00815 0.034174 -0.00356
v 0.008319 0.034062 -0.0024
v 0.008279 0.034093 -0.00351
v 0.008237 0.034122 -0.003529
v 0.008397 0.033996 -0.0024
v 0.008375 0.034015 -0.003456
v 0.008319 0.034062 -0.00349
v 0.008397 0.033996 -0.003442
v 0.008468 0.033923 -0.0024
v 0.008533 0.033845 -0.0024
v 0.00859 0.033761 -0.0024
v 0.008641 0.033673 -0.0024
v 0.008684 0.033581 -0.0024
v 0.008719 0.033485 -0.0024
v 0.008745 0.033387 -0.0024
v 0.008763 0.033286 -0.0024
v 0.008773 0.033185 -0.0024
v 0.008773 0.033083 -0.0024
v 0.008765 0.032982 -0.0024
v 0.008749 0.032882 -0.0024
v 0.008724 0.032783 -0.0024
v 0.00869 0.032687 -0.0024
v 0.008649 0.032594 -0.0024
v 0.0086 0.032505 -0.0024
v 0.008543 0.03242 -0.0024
v 0.00848 0.032341 -0.0024
v 0.008409 0.032267 -0.0024
v 0.008333 0.0322 -0.0024
v 0.008252 0.032139 -0.0024
v 0.008165 0.032085 -0.0024
v 0.008074 0.032039 -0.0024
v 0.00798 0.032001 -0.0024
v 0.007883 0.031971 -0.0024
v 0.007783 0.03195 -0.0024
v 0.007682 0.031937 -0.0024
v 0.007581 0.031933 -0.0024
v 0.007479 0.031937 -0.0024
v 0.007378 0.03195 -0.0024
v 0.007278 0.031972 -0.0024
v 0.007181 0.032002 -0.0024
v 0.007087 0.03204 -0.0024
v -0.001744 0.031884 -0.00215
v 0.00215 0.029153 -0.00215
v 0.002479 0.029342 -0.00215
v 0.002484 0.029356 -0.00215
v 0.00249 0.029376 -0.00215
v 0.002522 0.029521 -0.00215
v 0.002554 0.029741 -0.00215
v 0.002567 0.029962 -0.00215
v 0.002561 0.030184 -0.00215
v 0.002535 0.030404 -0.00215
v 0.002491 0.030621 -0.00215
v 0.002428 0.030834 -0.00215
v 0.002347 0.03104 -0.00215
v 0.002248 0.031239 -0.00215
v 0.002133 0.031428 -0.00215
v 0.002002 0.031607 -0.00215
v 0.001856 0.031774 -0.00215
v 0.001696 0.031927 -0.00215
v 0.001523 0.032066 -0.00215
v 0.001339 0.03219 -0.00215
v 0.001145 0.032297 -0.00215
v 0.000943 0.032388 -0.00215
v 0.000733 0.03246 -0.00215
v 0.000518 0.032514 -0.00215
v 0.000299 0.03255 -0.00215
v 7.8e-05 0.032566 -0.00215
v -0.000143 0.032563 -0.00215
v -0.000364 0.032541 -0.00215
v -0.000582 0.0325 -0.00215
v -0.000795 0.032441 -0.00215
v -0.001003 0.032363 -0.00215
v -0.001203 0.032268 -0.00215
v -0.001394 0.032155 -0.00215
v -0.001575 0.032027 -0.00215
v 0.002313 0.029171 -0.00215
v 0.0023 0.029166 -0.00215
v 0.002289 0.029163 -0.00215
v 0.002334 0.029181 -0.00215
v 0.002335 0.029181 -0.00215
v 0.002348 0.029188 -0.00215
v 0.002356 0.029193 -0.00215
v 0.002366 0.029199 -0.00215
v 0.002378 0.029208 -0.00215
v 0.002164 0.029151 -0.00215
v 0.002189 0.029149 -0.00215
v 0.002206 0.029149 -0.00215
v 0.002214 0.029149 -0.00215
v 0.002225 0.02915 -0.00215
v 0.002239 0.029152 -0.00215
v 0.002385 0.029213 -0.00215
v 0.002392 0.029219 -0.00215
v 0.002403 0.029229 -0.00215
v 0.002437 0.029267 -0.00215
v 0.002443 0.029275 -0.00215
v 0.002452 0.029288 -0.00215
v 0.002464 0.029308 -0.00215
v 0.002465 0.02931 -0.00215
v 0.002476 0.029333 -0.00215
v 0.002264 0.029156 -0.00215
v 0.002282 0.029161 -0.00215
v 0.002421 0.029247 -0.00215
v 0.002432 0.02926 -0.00215
v 0.002492 0.029342 -0.002776
v 0.002212 0.029133 -0.002774
v 0.002194 0.029133 -0.002774
v 0.002175 0.029134 -0.002774
v 0.002157 0.029136 -0.002775
v 0.00214 0.02914 -0.002775
v 0.002288 0.029144 -0.002773
v 0.002269 0.029139 -0.002774
v 0.00225 0.029136 -0.002774
v 0.002231 0.029134 -0.002774
v 0.002306 0.02915 -0.002773
v 0.002324 0.029156 -0.002773
v 0.00234 0.029164 -0.002773
v 0.002384 0.029191 -0.002774
v 0.002369 0.029181 -0.002773
v 0.002354 0.029171 -0.002773
v 0.002438 0.029242 -0.002774
v 0.002425 0.029228 -0.002774
v 0.002412 0.029215 -0.002774
v 0.002398 0.029202 -0.002774
v 0.00247 0.02929 -0.002775
v 0.00246 0.029274 -0.002775
v 0.00245 0.029258 -0.002775
v 0.002486 0.029324 -0.002776
v 0.002479 0.029307 -0.002776
v 0.0 0.03 0.0014
v 0.00245 0.028918 -0.004555
v 0.002674 0.02841 -0.00455
v 0.002474 0.028901 -0.004555
v 0.002498 0.028883 -0.004555
v 0.00252 0.028863 -0.004555
v 0.002542 0.028841 -0.004555
v 0.002563 0.028817 -0.004554
v 0.002583 0.028792 -0.004554
v 0.002601 0.028766 -0.004554
v 0.002618 0.028738 -0.004554
v 0.002633 0.028709 -0.004554
v 0.002646 0.02868 -0.004553
v 0.002673 0.02859 -0.004552
v 0.002666 0.02862 -0.004553
v 0.002678 0.02856 -0.004552
v 0.002681 0.02853 -0.004551
v 0.002682 0.028501 -0.004551
v 0.002681 0.028471 -0.004551
v 0.002679 0.028441 -0.00455
v 0.002637 0.028289 -0.004548
v 0.002649 0.028318 -0.004548
v 0.002659 0.028348 -0.004549
v 0.002668 0.028379 -0.004549
v 0.002608 0.028234 -0.004546
v 0.002623 0.028261 -0.004547
v 0.002657 0.02865 -0.004553
v 0.002637 0.028656 -0.0057
v 0.002621 0.028693 -0.0057
v 0.002601 0.02873 -0.0057
v 0.00259 0.028748 -0.0057
v 0.002578 0.028767 -0.0057
v 0.002552 0.0288 -0.0057
v 0.002524 0.028832 -0.0057
v 0.00255 0.028803 -0.0057
v -0.002892 0.031249 -0.004539
v -0.002881 0.031273 -0.00454
v -0.002811 0.031377 -0.004542
v -0.002831 0.031353 -0.004541
v -0.002849 0.031327 -0.004541
v -0.002866 0.0313 -0.00454
v -0.002719 0.031461 -0.004544
v -0.002743 0.031443 -0.004543
v -0.002767 0.031423 -0.004543
v -0.00279 0.031401 -0.004542
v -0.002694 0.031478 -0.004544
v -0.002642 0.031505 -0.004545
v -0.002668 0.031492 -0.004545
v -0.002523 0.031542 -0.004546
v -0.002554 0.031535 -0.004546
v -0.002585 0.031527 -0.004546
v -0.002614 0.031517 -0.004545
v -0.002394 0.031548 -0.004547
v -0.002427 0.03155 -0.004547
v -0.002459 0.031549 -0.004547
v -0.002491 0.031546 -0.004547
v -0.002244 0.031514 -0.004548
v -0.002272 0.031524 -0.004548
v -0.002301 0.031533 -0.004548
v -0.002332 0.03154 -0.004548
v -0.002363 0.031545 -0.004548
v -0.002218 0.031502 -0.004548
v -0.002306 0.031513 -0.0057
v -0.002346 0.031522 -0.0057
v -0.002371 0.031526 -0.0057
v -0.002389 0.031528 -0.0057
v -0.002403 0.03153 -0.0057
v -0.002433 0.031531 -0.0057
v -0.002475 0.03153 -0.0057
v -0.002501 0.031528 -0.0057
v -0.002533 0.031523 -0.0057
v -0.002928 0.027262 -0.0036
v -0.001987 0.026669 -0.0036
v -0.001 0.026158 -0.0036
v -0.009828 0.043587 -0.0046
v -0.009828 0.043587 -0.0057
v -0.009397 0.042873 -0.0057
v -0.009397 0.042873 -0.0046
v -0.008914 0.042192 -0.0057
v -0.008914 0.042192 -0.0046
v -0.008383 0.041548 -0.0057
v -0.008383 0.041548 -0.0046
v -0.007806 0.040945 -0.0057
v -0.007806 0.040945 -0.0046
v -0.007186 0.040385 -0.0057
v -0.007186 0.040385 -0.0046
v -0.013993 0.043949 -0.0046
v -0.013915 0.043834 -0.0046
v -0.015406 0.043341 -0.0046
v -0.013827 0.043726 -0.0046
v -0.014945 0.044277 -0.0046
v -0.01488 0.044298 -0.0046
v -0.0066 0.03283 -0.0046
v -0.005952 0.03296 -0.0046
v -0.005509 0.034273 -0.0046
v -0.015101 0.044221 -0.0046
v -0.015431 0.043386 -0.0046
v -0.015452 0.043432 -0.0046
v -0.015469 0.04348 -0.0046
v -0.015482 0.043529 -0.0046
v -0.015148 0.044201 -0.0046
v -0.014173 0.044151 -0.0046
v -0.014122 0.044107 -0.0046
v -0.015408 0.043968 -0.0046
v -0.01538 0.04401 -0.0046
v -0.015349 0.04405 -0.0046
v -0.014075 0.044058 -0.0046
v -0.014032 0.044005 -0.0046
v -0.015193 0.044178 -0.0046
v -0.01549 0.043579 -0.0046
v -0.015495 0.043629 -0.0046
v -0.015433 0.043924 -0.0046
v -0.005485 0.033245 -0.0046
v -0.005465 0.034219 -0.0046
v -0.005426 0.034161 -0.0046
v -0.005754 0.033028 -0.0046
v -0.005818 0.033 -0.0046
v -0.005884 0.032977 -0.0046
v -0.006665 0.03282 -0.0046
v -0.007327 0.033054 -0.0046
v -0.010274 0.036279 -0.0046
v -0.012971 0.039714 -0.0046
v -0.006992 0.03285 -0.0046
v -0.007054 0.032872 -0.0046
v -0.007115 0.032899 -0.0046
v -0.015453 0.043877 -0.0046
v -0.015314 0.044087 -0.0046
v -0.015276 0.044121 -0.0046
v -0.015483 0.04378 -0.0046
v -0.01547 0.04383 -0.0046
v -0.015236 0.044151 -0.0046
v -0.005392 0.0341 -0.0046
v -0.005364 0.034036 -0.0046
v -0.005342 0.03397 -0.0046
v -0.005531 0.033193 -0.0046
v -0.005581 0.033144 -0.0046
v -0.006731 0.032815 -0.0046
v -0.006797 0.032816 -0.0046
v -0.006863 0.032822 -0.0046
v -0.006928 0.032833 -0.0046
v -0.007279 0.033008 -0.0046
v -0.007172 0.032931 -0.0046
v -0.007227 0.032967 -0.0046
v -0.015495 0.04368 -0.0046
v -0.015491 0.04373 -0.0046
v -0.014543 0.044315 -0.0046
v -0.014611 0.044323 -0.0046
v -0.014679 0.044326 -0.0046
v -0.014348 0.044257 -0.0046
v -0.014287 0.044227 -0.0046
v -0.014228 0.044191 -0.0046
v -0.005325 0.033902 -0.0046
v -0.005314 0.033833 -0.0046
v -0.00531 0.033764 -0.0046
v -0.005635 0.0331 -0.0046
v -0.005693 0.033062 -0.0046
v -0.014814 0.044313 -0.0046
v -0.014747 0.044322 -0.0046
v -0.014476 0.044301 -0.0046
v -0.014411 0.044282 -0.0046
v -0.005332 0.033556 -0.0046
v -0.005351 0.033489 -0.0046
v -0.005377 0.033424 -0.0046
v -0.005407 0.033361 -0.0046
v -0.005443 0.033301 -0.0046
v -0.005311 0.033694 -0.0046
v -0.005318 0.033624 -0.0046
v -0.013993 0.043949 -0.0057
v -0.013915 0.043834 -0.0057
v -0.013827 0.043726 -0.0057
v -0.007327 0.033054 -0.0057
v -0.010274 0.036279 -0.0057
v -0.012971 0.039714 -0.0057
v -0.015406 0.043341 -0.0057
v -0.015431 0.043386 -0.0057
v -0.015452 0.043432 -0.0057
v -0.015469 0.04348 -0.0057
v -0.015482 0.043529 -0.0057
v -0.01549 0.043579 -0.0057
v -0.015495 0.043629 -0.0057
v -0.015495 0.04368 -0.0057
v -0.015491 0.04373 -0.0057
v -0.015483 0.04378 -0.0057
v -0.01547 0.04383 -0.0057
v -0.015453 0.043877 -0.0057
v -0.015433 0.043924 -0.0057
v -0.015408 0.043968 -0.0057
v -0.01538 0.04401 -0.0057
v -0.015349 0.04405 -0.0057
v -0.015314 0.044087 -0.0057
v -0.015276 0.044121 -0.0057
v -0.015236 0.044151 -0.0057
v -0.015193 0.044178 -0.0057
v -0.015148 0.044201 -0.0057
v -0.015101 0.044221 -0.0057
v 0.009071 0.030965 -0.0046
v 0.008876 0.030846 -0.0046
v 0.006854 0.033097 -0.0046
v 0.009274 0.031069 -0.0046
v 0.00909 0.032578 -0.0046
v 0.009336 0.031101 -0.0046
v 0.009546 0.031278 -0.0046
v 0.009499 0.031227 -0.0046
v 0.009709 0.031992 -0.0046
v 0.009723 0.031924 -0.0046
v 0.009706 0.031582 -0.0046
v 0.009685 0.031516 -0.0046
v 0.009658 0.031452 -0.0046
v 0.009663 0.032122 -0.0046
v 0.009449 0.031181 -0.0046
v 0.009394 0.031139 -0.0046
v 0.009555 0.032298 -0.0046
v 0.009596 0.032243 -0.0046
v 0.009588 0.031333 -0.0046
v 0.009632 0.032184 -0.0046
v 0.009626 0.031391 -0.0046
v 0.004243 0.033782 -0.0046
v 0.006579 0.029443 -0.0046
v 0.002342 0.033401 -0.0046
v 0.002112 0.031917 -0.0046
v 0.009158 0.032562 -0.0046
v 0.009223 0.032539 -0.0046
v 0.009286 0.032512 -0.0046
v 0.009347 0.032479 -0.0046
v 0.009405 0.03244 -0.0046
v 0.009689 0.032058 -0.0046
v 0.009732 0.031856 -0.0046
v 0.009734 0.031787 -0.0046
v 0.009721 0.031649 -0.0046
v 0.009731 0.031718 -0.0046
v 0.007488 0.029536 -0.0046
v 0.007433 0.029493 -0.0046
v 0.006979 0.029343 -0.0046
v 0.00684 0.029353 -0.0046
v 0.006772 0.029367 -0.0046
v 0.007538 0.029584 -0.0046
v 0.006706 0.029387 -0.0046
v 0.002053 0.031953 -0.0046
v 0.001997 0.031994 -0.0046
v 0.002275 0.033384 -0.0046
v 0.004312 0.033793 -0.0046
v 0.004381 0.033798 -0.0046
v 0.004451 0.033797 -0.0046
v 0.009459 0.032397 -0.0046
v 0.009509 0.03235 -0.0046
v 0.007375 0.029455 -0.0046
v 0.007314 0.029423 -0.0046
v 0.00725 0.029395 -0.0046
v 0.007184 0.029374 -0.0046
v 0.007117 0.029358 -0.0046
v 0.007048 0.029348 -0.0046
v 0.006909 0.029345 -0.0046
v 0.006641 0.029413 -0.0046
v 0.008348 0.030411 -0.0046
v 0.00869 0.030714 -0.0046
v 0.008513 0.030569 -0.0046
v 0.004654 0.033757 -0.0046
v 0.004588 0.033776 -0.0046
v 0.00452 0.033789 -0.0046
v 0.001897 0.032091 -0.0046
v 0.001853 0.032145 -0.0046
v 0.002209 0.033362 -0.0046
v 0.001815 0.032203 -0.0046
v 0.001781 0.032265 -0.0046
v 0.001945 0.032041 -0.0046
v 0.001753 0.032328 -0.0046
v 0.001731 0.032394 -0.0046
v 0.001715 0.032462 -0.0046
v 0.001702 0.03267 -0.0046
v 0.001709 0.032739 -0.0046
v 0.001835 0.033061 -0.0046
v 0.001723 0.032807 -0.0046
v 0.001742 0.032874 -0.0046
v 0.001768 0.032939 -0.0046
v 0.001798 0.033002 -0.0046
v 0.0017 0.0326 -0.0046
v 0.001876 0.033117 -0.0046
v 0.001922 0.03317 -0.0046
v 0.001972 0.033218 -0.0046
v 0.002026 0.033261 -0.0046
v 0.002084 0.0333 -0.0046
v 0.001704 0.032531 -0.0046
v 0.002145 0.033334 -0.0046
v 0.009274 0.031069 -0.0057
v 0.009071 0.030965 -0.0057
v 0.008876 0.030846 -0.0057
v 0.00869 0.030714 -0.0057
v 0.008513 0.030569 -0.0057
v 0.008348 0.030411 -0.0057
v 0.004654 0.033757 -0.0057
v 0.006854 0.033097 -0.0057
v 0.00909 0.032578 -0.0057
v -0.0066 0.03283 -0.0057
v -0.005952 0.03296 -0.0057
v -0.006665 0.03282 -0.0057
v -0.006731 0.032815 -0.0057
v -0.006797 0.032816 -0.0057
v -0.006863 0.032822 -0.0057
v -0.006928 0.032833 -0.0057
v -0.006992 0.03285 -0.0057
v -0.007054 0.032872 -0.0057
v -0.007115 0.032899 -0.0057
v -0.007172 0.032931 -0.0057
v -0.007227 0.032967 -0.0057
v -0.007279 0.033008 -0.0057
v -0.011032 0.043819 -0.0046
v -0.011032 0.043819 -0.0057
v -0.010979 0.043859 -0.0046
v -0.010979 0.043859 -0.0057
v -0.010923 0.043894 -0.0046
v -0.010923 0.043894 -0.0057
v -0.010863 0.043925 -0.0046
v -0.010863 0.043925 -0.0057
v -0.010802 0.04395 -0.0046
v -0.010802 0.04395 -0.0057
v -0.010739 0.04397 -0.0046
v -0.010739 0.04397 -0.0057
v -0.010674 0.043985 -0.0046
v -0.010674 0.043985 -0.0057
v -0.010608 0.043995 -0.0046
v -0.010608 0.043995 -0.0057
v -0.010541 0.043999 -0.0046
v -0.010541 0.043999 -0.0057
v -0.010475 0.043997 -0.0046
v -0.010475 0.043997 -0.0057
v -0.010409 0.04399 -0.0046
v -0.010409 0.04399 -0.0057
v -0.010343 0.043977 -0.0046
v -0.010343 0.043977 -0.0057
v -0.010279 0.043959 -0.0046
v -0.010279 0.043959 -0.0057
v -0.010217 0.043936 -0.0046
v -0.010217 0.043936 -0.0057
v -0.010157 0.043908 -0.0046
v -0.010157 0.043908 -0.0057
v -0.010099 0.043874 -0.0046
v -0.010099 0.043874 -0.0057
v -0.010045 0.043836 -0.0046
v -0.010045 0.043836 -0.0057
v -0.009993 0.043794 -0.0046
v -0.009993 0.043794 -0.0057
v -0.009946 0.043748 -0.0046
v -0.009946 0.043748 -0.0057
v -0.009902 0.043697 -0.0046
v -0.009902 0.043697 -0.0057
v -0.009863 0.043644 -0.0046
v -0.009863 0.043644 -0.0057
v -0.014945 0.044277 -0.0057
v -0.01488 0.044298 -0.0057
v -0.014814 0.044313 -0.0057
v -0.014747 0.044322 -0.0057
v -0.014679 0.044326 -0.0057
v -0.014611 0.044323 -0.0057
v -0.014543 0.044315 -0.0057
v -0.014476 0.044301 -0.0057
v -0.014411 0.044282 -0.0057
v -0.014348 0.044257 -0.0057
v -0.014287 0.044227 -0.0057
v -0.014228 0.044191 -0.0057
v -0.014173 0.044151 -0.0057
v -0.014122 0.044107 -0.0057
v -0.014075 0.044058 -0.0057
v -0.014032 0.044005 -0.0057
v 0.002112 0.031917 -0.0057
v 0.006579 0.029443 -0.0057
v 0.002053 0.031953 -0.0057
v 0.001997 0.031994 -0.0057
v 0.001945 0.032041 -0.0057
v 0.001897 0.032091 -0.0057
v 0.001853 0.032145 -0.0057
v 0.001815 0.032203 -0.0057
v 0.001781 0.032265 -0.0057
v 0.001753 0.032328 -0.0057
v 0.001731 0.032394 -0.0057
v 0.001715 0.032462 -0.0057
v 0.001704 0.032531 -0.0057
v 0.0017 0.0326 -0.0057
v 0.001702 0.03267 -0.0057
v 0.001709 0.032739 -0.0057
v 0.001723 0.032807 -0.0057
v 0.001742 0.032874 -0.0057
v 0.001768 0.032939 -0.0057
v 0.001798 0.033002 -0.0057
v 0.001835 0.033061 -0.0057
v 0.001876 0.033117 -0.0057
v 0.001922 0.03317 -0.0057
v 0.001972 0.033218 -0.0057
v 0.002026 0.033261 -0.0057
v 0.002084 0.0333 -0.0057
v 0.002145 0.033334 -0.0057
v 0.002209 0.033362 -0.0057
v 0.002275 0.033384 -0.0057
v 0.002342 0.033401 -0.0057
v 0.004243 0.033782 -0.0057
v 0.004312 0.033793 -0.0057
v 0.004381 0.033798 -0.0057
v 0.004451 0.033797 -0.0057
v 0.00452 0.033789 -0.0057
v 0.004588 0.033776 -0.0057
v -0.004889 0.03861 -0.0046
v -0.002458 0.037023 -0.0046
v -0.00354 0.033852 -0.0046
v -0.002782 0.033597 -0.0046
v -0.000104 0.034134 -0.0046
v 9.2e-05 0.035636 -0.0046
v -3.8e-05 0.03415 -0.0046
v -0.011229 0.04259 -0.0046
v 0.00015 0.034232 -0.0046
v 9e-05 0.0342 -0.0046
v 2.7e-05 0.034172 -0.0046
v -0.002851 0.033586 -0.0046
v -0.002921 0.033581 -0.0046
v -0.00299 0.033583 -0.0046
v -0.00306 0.03359 -0.0046
v -0.003128 0.033604 -0.0046
v -0.003195 0.033623 -0.0046
v -0.01117 0.043708 -0.0046
v -0.011117 0.043752 -0.0046
v -0.003383 0.033715 -0.0046
v -0.003439 0.033756 -0.0046
v -0.003492 0.033802 -0.0046
v 0.000207 0.03427 -0.0046
v 0.000152 0.035603 -0.0046
v 0.000209 0.035565 -0.0046
v 0.000263 0.035522 -0.0046
v 0.000313 0.035475 -0.0046
v 0.000358 0.035424 -0.0046
v 0.000465 0.034585 -0.0046
v 0.000434 0.034524 -0.0046
v 0.000435 0.035311 -0.0046
v -0.011272 0.042644 -0.0046
v -0.011311 0.042701 -0.0046
v -0.011344 0.042761 -0.0046
v -0.00326 0.033648 -0.0046
v -0.003323 0.033679 -0.0046
v 0.000398 0.034466 -0.0046
v 0.000357 0.034411 -0.0046
v 0.000311 0.03436 -0.0046
v 0.000399 0.035369 -0.0046
v 0.000261 0.034313 -0.0046
v 0.000466 0.035249 -0.0046
v 0.000492 0.035186 -0.0046
v 0.000512 0.034714 -0.0046
v 0.000512 0.03512 -0.0046
v 0.000527 0.035053 -0.0046
v 0.000491 0.034648 -0.0046
v 0.000535 0.034985 -0.0046
v 0.000538 0.034917 -0.0046
v 0.000526 0.03478 -0.0046
v 0.000535 0.034848 -0.0046
v -0.011372 0.042824 -0.0046
v -0.011395 0.042889 -0.0046
v -0.011412 0.042956 -0.0046
v -0.011423 0.043024 -0.0046
v -0.011428 0.043092 -0.0046
v -0.011428 0.043161 -0.0046
v -0.011421 0.04323 -0.0046
v -0.011408 0.043297 -0.0046
v -0.01139 0.043364 -0.0046
v -0.011366 0.043428 -0.0046
v -0.011337 0.043491 -0.0046
v -0.011302 0.04355 -0.0046
v -0.011263 0.043607 -0.0046
v -0.011218 0.043659 -0.0046
v -0.011117 0.043752 -0.0057
v -0.011229 0.04259 -0.0057
v -0.011272 0.042644 -0.0057
v -0.011311 0.042701 -0.0057
v -0.011344 0.042761 -0.0057
v -0.011372 0.042824 -0.0057
v -0.011395 0.042889 -0.0057
v -0.011412 0.042956 -0.0057
v -0.011423 0.043024 -0.0057
v -0.011428 0.043092 -0.0057
v -0.011428 0.043161 -0.0057
v -0.011421 0.04323 -0.0057
v -0.011408 0.043297 -0.0057
v -0.01139 0.043364 -0.0057
v -0.011366 0.043428 -0.0057
v -0.011337 0.043491 -0.0057
v -0.011302 0.04355 -0.0057
v -0.011263 0.043607 -0.0057
v -0.011218 0.043659 -0.0057
v -0.01117 0.043708 -0.0057
v -0.013021 0.044678 -0.0022
v -0.015219 0.045455 -0.0022
v -0.006415 0.041305 -0.0022
v -0.015511 0.045348 -0.0022
v 0.001808 0.035141 -0.0022
v 0.00225 0.034964 -0.0022
v 0.00307 0.035618 -0.0022
v 0.002674 0.034749 -0.0022
v 0.005683 0.034685 -0.0022
v 0.007094 0.03226 -0.0022
v 0.007818 0.03409 -0.0022
v -0.011701 0.044825 -0.0022
v -0.011897 0.044667 -0.0022
v 0.000537 0.036754 -0.0022
v -0.001898 0.038087 -0.0022
v -0.013915 0.040672 -0.0022
v -0.00422 0.039607 -0.0022
v -0.016426 0.04271 -0.0022
v -0.016403 0.042672 -0.0022
v -0.009584 0.046038 -0.0022
v -0.009802 0.046834 -0.0022
v -0.010695 0.046795 -0.0022
v -0.012105 0.044526 -0.0022
v -0.012325 0.044403 -0.0022
v -0.012363 0.044385 -0.0022
v -0.01257 0.044349 -0.0022
v -0.012527 0.044349 -0.0022
v -0.012485 0.044353 -0.0022
v -0.012845 0.044445 -0.0022
v -0.012878 0.044471 -0.0022
v 0.007665 0.032136 -0.0022
v 0.007749 0.032147 -0.0022
v 0.008054 0.033998 -0.0022
v 0.00717 0.032222 -0.0022
v 0.007248 0.03219 -0.0022
v 0.007899 0.034066 -0.0022
v 0.007978 0.034035 -0.0022
v -0.010094 0.047066 -0.0022
v -0.009808 0.046858 -0.0022
v -0.012403 0.044371 -0.0022
v -0.012444 0.04436 -0.0022
v -0.012612 0.044353 -0.0022
v -0.012654 0.04436 -0.0022
v -0.012695 0.04437 -0.0022
v -0.012734 0.044384 -0.0022
v -0.012773 0.044401 -0.0022
v -0.01281 0.044421 -0.0022
v -0.012909 0.0445 -0.0022
v -0.012937 0.044532 -0.0022
v -0.012963 0.044565 -0.0022
v -0.012985 0.044601 -0.0022
v -0.013004 0.044639 -0.0022
v -0.015652 0.04529 -0.0022
v -0.015787 0.045221 -0.0022
v -0.015916 0.04514 -0.0022
v -0.016037 0.045048 -0.0022
v -0.016151 0.044947 -0.0022
v -0.016501 0.042843 -0.0022
v 0.007992 0.032221 -0.0022
v 0.008067 0.03226 -0.0022
v 0.008196 0.033905 -0.0022
v 0.008127 0.033955 -0.0022
v 0.008329 0.032472 -0.0022
v 0.008271 0.032411 -0.0022
v -0.00987 0.046967 -0.0022
v -0.009888 0.046985 -0.0022
v -0.010729 0.046546 -0.0022
v -0.010784 0.0463 -0.0022
v -0.009304 0.045263 -0.0022
v -0.016174 0.042336 -0.0022
v -0.015918 0.04202 -0.0022
v -0.015636 0.041727 -0.0022
v -0.01533 0.041459 -0.0022
v -0.015003 0.041218 -0.0022
v -0.014656 0.041005 -0.0022
v -0.014292 0.040823 -0.0022
v 0.007329 0.032165 -0.0022
v 0.007412 0.032147 -0.0022
v 0.007496 0.032136 -0.0022
v 0.007581 0.032133 -0.0022
v 0.007832 0.032165 -0.0022
v 0.007913 0.03219 -0.0022
v 0.008139 0.032304 -0.0022
v 0.008207 0.032355 -0.0022
v -0.009828 0.046905 -0.0022
v -0.00984 0.046926 -0.0022
v -0.009854 0.046947 -0.0022
v -0.016434 0.044591 -0.0022
v -0.016657 0.044027 -0.0022
v -0.01635 0.044717 -0.0022
v -0.016682 0.043877 -0.0022
v -0.016693 0.043573 -0.0022
v -0.01668 0.043422 -0.0022
v -0.016654 0.043272 -0.0022
v 0.008382 0.032538 -0.0022
v 0.008429 0.032609 -0.0022
v 0.00847 0.032683 -0.0022
v -0.009907 0.047001 -0.0022
v -0.009927 0.047016 -0.0022
v -0.009949 0.047029 -0.0022
v -0.009972 0.04704 -0.0022
v -0.009995 0.04705 -0.0022
v -0.010019 0.047057 -0.0022
v -0.010044 0.047062 -0.0022
v -0.010069 0.047065 -0.0022
v -0.010474 0.047056 -0.0022
v -0.010498 0.047049 -0.0022
v -0.010691 0.046821 -0.0022
v -0.016255 0.044836 -0.0022
v -0.016694 0.043725 -0.0022
v -0.016615 0.043125 -0.0022
v -0.016564 0.042981 -0.0022
v 0.008573 0.033175 -0.0022
v 0.008565 0.033259 -0.0022
v 0.00855 0.033343 -0.0022
v 0.008528 0.033425 -0.0022
v -0.009817 0.046882 -0.0022
v -0.010448 0.047062 -0.0022
v -0.007025 0.04186 -0.0022
v -0.011353 0.045188 -0.0022
v -0.011519 0.044999 -0.0022
v -0.007588 0.042462 -0.0022
v -0.008101 0.043108 -0.0022
v -0.011202 0.045389 -0.0022
v -0.008559 0.043793 -0.0022
v -0.011069 0.045603 -0.0022
v -0.008961 0.044513 -0.0022
v -0.010955 0.045827 -0.0022
v -0.01086 0.04606 -0.0022
v -0.016508 0.044457 -0.0022
v -0.01657 0.044318 -0.0022
v -0.016619 0.044175 -0.0022
v 0.008504 0.03276 -0.0022
v 0.008532 0.03284 -0.0022
v 0.008553 0.032922 -0.0022
v 0.008567 0.033006 -0.0022
v 0.008573 0.03309 -0.0022
v 0.008373 0.033724 -0.0022
v 0.008319 0.03379 -0.0022
v 0.008421 0.033655 -0.0022
v 0.008463 0.033581 -0.0022
v 0.008499 0.033504 -0.0022
v 0.00826 0.03385 -0.0022
v -0.010396 0.047066 -0.0022
v -0.010422 0.047065 -0.0022
v -0.010546 0.047027 -0.0022
v -0.010625 0.04696 -0.0022
v -0.010641 0.04694 -0.0022
v -0.010655 0.046918 -0.0022
v -0.010667 0.046895 -0.0022
v -0.010678 0.046871 -0.0022
v -0.010523 0.047039 -0.0022
v -0.010686 0.046846 -0.0022
v -0.010568 0.047013 -0.0022
v -0.010588 0.046997 -0.0022
v -0.010608 0.046979 -0.0022
v -0.00354 0.033852 -0.0057
v 9.2e-05 0.035636 -0.0057
v 0.000152 0.035603 -0.0057
v 0.000209 0.035565 -0.0057
v 0.000263 0.035522 -0.0057
v 0.000313 0.035475 -0.0057
v 0.000358 0.035424 -0.0057
v 0.000399 0.035369 -0.0057
v 0.000435 0.035311 -0.0057
v 0.000466 0.035249 -0.0057
v 0.000492 0.035186 -0.0057
v 0.000512 0.03512 -0.0057
v 0.000527 0.035053 -0.0057
v 0.000535 0.034985 -0.0057
v 0.000538 0.034917 -0.0057
v 0.000535 0.034848 -0.0057
v 0.000526 0.03478 -0.0057
v 0.000512 0.034714 -0.0057
v 0.000491 0.034648 -0.0057
v 0.000465 0.034585 -0.0057
v 0.000434 0.034524 -0.0057
v 0.000398 0.034466 -0.0057
v 0.000357 0.034411 -0.0057
v 0.000311 0.03436 -0.0057
v 0.000261 0.034313 -0.0057
v 0.000207 0.03427 -0.0057
v 0.00015 0.034232 -0.0057
v 9e-05 0.0342 -0.0057
v 2.7e-05 0.034172 -0.0057
v -3.8e-05 0.03415 -0.0057
v -0.000104 0.034134 -0.0057
v -0.004889 0.03861 -0.0057
v -0.002458 0.037023 -0.0057
v -0.002782 0.033597 -0.0057
v -0.002851 0.033586 -0.0057
v -0.002921 0.033581 -0.0057
v -0.00299 0.033583 -0.0057
v -0.00306 0.03359 -0.0057
v -0.003128 0.033604 -0.0057
v -0.003195 0.033623 -0.0057
v -0.00326 0.033648 -0.0057
v -0.003323 0.033679 -0.0057
v -0.003383 0.033715 -0.0057
v -0.003439 0.033756 -0.0057
v -0.003492 0.033802 -0.0057
v -0.005509 0.034273 -0.0057
v -0.005465 0.034219 -0.0057
v -0.005426 0.034161 -0.0057
v -0.005392 0.0341 -0.0057
v -0.005364 0.034036 -0.0057
v -0.005342 0.03397 -0.0057
v -0.005325 0.033902 -0.0057
v -0.005314 0.033833 -0.0057
v -0.00531 0.033764 -0.0057
v -0.005311 0.033694 -0.0057
v -0.005318 0.033624 -0.0057
v -0.005332 0.033556 -0.0057
v -0.005351 0.033489 -0.0057
v -0.005377 0.033424 -0.0057
v -0.005407 0.033361 -0.0057
v -0.005443 0.033301 -0.0057
v -0.005485 0.033245 -0.0057
v -0.005531 0.033193 -0.0057
v -0.005581 0.033144 -0.0057
v -0.005635 0.0331 -0.0057
v -0.005693 0.033062 -0.0057
v -0.005754 0.033028 -0.0057
v -0.005818 0.033 -0.0057
v -0.005884 0.032977 -0.0057
v 0.007538 0.029584 -0.0057
v 0.007488 0.029536 -0.0057
v 0.007433 0.029493 -0.0057
v 0.007375 0.029455 -0.0057
v 0.007314 0.029423 -0.0057
v 0.00725 0.029395 -0.0057
v 0.007184 0.029374 -0.0057
v 0.007117 0.029358 -0.0057
v 0.007048 0.029348 -0.0057
v 0.006979 0.029343 -0.0057
v 0.006909 0.029345 -0.0057
v 0.00684 0.029353 -0.0057
v 0.006772 0.029367 -0.0057
v 0.006706 0.029387 -0.0057
v 0.006641 0.029413 -0.0057
v 0.009336 0.031101 -0.0057
v 0.009394 0.031139 -0.0057
v 0.009449 0.031181 -0.0057
v 0.009499 0.031227 -0.0057
v 0.009546 0.031278 -0.0057
v 0.009588 0.031333 -0.0057
v 0.009626 0.031391 -0.0057
v 0.009658 0.031452 -0.0057
v 0.009685 0.031516 -0.0057
v 0.009706 0.031582 -0.0057
v 0.009721 0.031649 -0.0057
v 0.009731 0.031718 -0.0057
v 0.009734 0.031787 -0.0057
v 0.009732 0.031856 -0.0057
v 0.009723 0.031924 -0.0057
v 0.009709 0.031992 -0.0057
v 0.009689 0.032058 -0.0057
v 0.009663 0.032122 -0.0057
v 0.009632 0.032184 -0.0057
v 0.009596 0.032243 -0.0057
v 0.009555 0.032298 -0.0057
v 0.009509 0.03235 -0.0057
v 0.009459 0.032397 -0.0057
v 0.009405 0.03244 -0.0057
v 0.009347 0.032479 -0.0057
v 0.009286 0.032512 -0.0057
v 0.009223 0.032539 -0.0057
v 0.009158 0.032562 -0.0057
v -0.013021 0.044678 -0.0057
v -0.012325 0.044403 -0.0057
v -0.012363 0.044385 -0.0057
v -0.012403 0.044371 -0.0057
v -0.012444 0.04436 -0.0057
v -0.012485 0.044353 -0.0057
v -0.012527 0.044349 -0.0057
v -0.01257 0.044349 -0.0057
v -0.012612 0.044353 -0.0057
v -0.012654 0.04436 -0.0057
v -0.012695 0.04437 -0.0057
v -0.012734 0.044384 -0.0057
v -0.012773 0.044401 -0.0057
v -0.01281 0.044421 -0.0057
v -0.012845 0.044445 -0.0057
v -0.012878 0.044471 -0.0057
v -0.012909 0.0445 -0.0057
v -0.012937 0.044532 -0.0057
v -0.012963 0.044565 -0.0057
v -0.012985 0.044601 -0.0057
v -0.013004 0.044639 -0.0057
v -0.010695 0.046795 -0.0057
v -0.010729 0.046546 -0.0057
v -0.010784 0.0463 -0.0057
v -0.01086 0.04606 -0.0057
v -0.010955 0.045827 -0.0057
v -0.011069 0.045603 -0.0057
v -0.011202 0.045389 -0.0057
v -0.011353 0.045188 -0.0057
v -0.011519 0.044999 -0.0057
v -0.011701 0.044825 -0.0057
v -0.011897 0.044667 -0.0057
v -0.012105 0.044526 -0.0057
v -0.010691 0.046821 -0.0057
v -0.010686 0.046846 -0.0057
v -0.010678 0.046871 -0.0057
v -0.010667 0.046895 -0.0057
v -0.010655 0.046918 -0.0057
v -0.010641 0.04694 -0.0057
v -0.010625 0.04696 -0.0057
v -0.010608 0.046979 -0.0057
v -0.010588 0.046997 -0.0057
v -0.010568 0.047013 -0.0057
v -0.010546 0.047027 -0.0057
v -0.010523 0.047039 -0.0057
v -0.010498 0.047049 -0.0057
v -0.010474 0.047056 -0.0057
v -0.010448 0.047062 -0.0057
v -0.010422 0.047065 -0.0057
v -0.010396 0.047066 -0.0057
v -0.010094 0.047066 -0.0057
v -0.010069 0.047065 -0.0057
v -0.010044 0.047062 -0.0057
v -0.010019 0.047057 -0.0057
v -0.009995 0.04705 -0.0057
v -0.009972 0.04704 -0.0057
v -0.009949 0.047029 -0.0057
v -0.009927 0.047016 -0.0057
v -0.009907 0.047001 -0.0057
v -0.009888 0.046985 -0.0057
v -0.00987 0.046967 -0.0057
v -0.009854 0.046947 -0.0057
v -0.00984 0.046926 -0.0057
v -0.009828 0.046905 -0.0057
v -0.009817 0.046882 -0.0057
v -0.009808 0.046858 -0.0057
v -0.009802 0.046834 -0.0057
v -0.006415 0.041305 -0.0057
v -0.007025 0.04186 -0.0057
v -0.007588 0.042462 -0.0057
v -0.008101 0.043108 -0.0057
v -0.008559 0.043793 -0.0057
v -0.008961 0.044513 -0.0057
v -0.009304 0.045263 -0.0057
v -0.009584 0.046038 -0.0057
v 0.011091 0.033449 -0.0057
v 0.008363 0.033961 -0.0057
v 0.005683 0.034685 -0.0057
v 0.00307 0.035618 -0.0057
v 0.000537 0.036754 -0.0057
v -0.001898 0.038087 -0.0057
v -0.00422 0.039607 -0.0057
v 0.01122 0.033425 -0.0057
v 0.011347 0.033389 -0.0057
v 0.01147 0.033343 -0.0057
v 0.011589 0.033287 -0.0057
v 0.011703 0.033221 -0.0057
v 0.01181 0.033145 -0.0057
v 0.011911 0.03306 -0.0057
v 0.012004 0.032967 -0.0057
v 0.01209 0.032867 -0.0057
v 0.012166 0.03276 -0.0057
v 0.012233 0.032647 -0.0057
v 0.01229 0.032528 -0.0057
v 0.012337 0.032405 -0.0057
v 0.012373 0.032278 -0.0057
v 0.012398 0.032149 -0.0057
v 0.012412 0.032018 -0.0057
v 0.012415 0.031887 -0.0057
v 0.01241 0.031781 -0.0057
v 0.012408 0.031755 -0.0057
v 0.01232 0.031089 -0.0057
v 0.012174 0.030433 -0.0057
v 0.011972 0.029793 -0.0057
v 0.011715 0.029172 -0.0057
v 0.011405 0.028576 -0.0057
v 0.011044 0.02801 -0.0057
v 0.010635 0.027477 -0.0057
v 0.010182 0.026982 -0.0057
v 0.009686 0.026528 -0.0057
v 0.009153 0.026119 -0.0057
v 0.008587 0.025758 -0.0057
v 0.007991 0.025448 -0.0057
v 0.00737 0.025191 -0.0057
v 0.00673 0.024989 -0.0057
v 0.006074 0.024843 -0.0057
v 0.005408 0.024756 -0.0057
v 0.004737 0.024726 -0.0057
v 0.004066 0.024756 -0.0057
v 0.0034 0.024843 -0.0057
v 0.002744 0.024989 -0.0057
v 0.002103 0.025191 -0.0057
v 9.6e-05 0.025921 -0.0057
v -0.001 0.026158 -0.0055
v -0.000916 0.026339 -0.0057
v -0.001987 0.026669 -0.0055
v -0.001888 0.026842 -0.0057
v -0.002928 0.027262 -0.0055
v -0.002814 0.027426 -0.0057
v -0.003686 0.028087 -0.0057
v -0.006605 0.030667 -0.0057
v -0.00935 0.033431 -0.0057
v -0.011909 0.036368 -0.0057
v -0.014271 0.039466 -0.0057
v -0.016426 0.04271 -0.0057
v -0.016501 0.042843 -0.0057
v -0.016564 0.042981 -0.0057
v -0.016615 0.043125 -0.0057
v -0.016654 0.043272 -0.0057
v -0.01668 0.043422 -0.0057
v -0.016693 0.043573 -0.0057
v -0.016694 0.043725 -0.0057
v -0.016682 0.043877 -0.0057
v -0.016657 0.044027 -0.0057
v -0.016619 0.044175 -0.0057
v -0.01657 0.044318 -0.0057
v -0.016508 0.044457 -0.0057
v -0.016434 0.044591 -0.0057
v -0.01635 0.044717 -0.0057
v -0.016255 0.044836 -0.0057
v -0.016151 0.044947 -0.0057
v -0.016037 0.045048 -0.0057
v -0.015916 0.04514 -0.0057
v -0.015787 0.045221 -0.0057
v -0.015652 0.04529 -0.0057
v -0.015511 0.045348 -0.0057
v 0.011666 0.031916 0.0001
v 0.011663 0.031986 0.0001
v 0.010866 0.031916 0.0001
v 0.011654 0.032055 0.0001
v 0.011638 0.032123 0.0001
v 0.011638 0.031709 0.0001
v 0.011654 0.031777 0.0001
v 0.011663 0.031846 0.0001
v 0.011559 0.031516 0.0001
v 0.011591 0.031578 0.0001
v 0.011617 0.031642 0.0001
v 0.011431 0.03135 0.0001
v 0.011479 0.031402 0.0001
v 0.011521 0.031457 0.0001
v 0.011266 0.031223 0.0001
v 0.011325 0.031261 0.0001
v 0.01138 0.031303 0.0001
v 0.011073 0.031143 0.0001
v 0.011139 0.031164 0.0001
v 0.011204 0.031191 0.0001
v 0.010866 0.031116 0.0001
v 0.010935 0.031119 0.0001
v 0.011005 0.031128 0.0001
v 0.010659 0.031143 0.0001
v 0.010727 0.031128 0.0001
v 0.010796 0.031119 0.0001
v 0.010466 0.031223 0.0001
v 0.010528 0.031191 0.0001
v 0.010592 0.031164 0.0001
v 0.0103 0.03135 0.0001
v 0.010351 0.031303 0.0001
v 0.010407 0.031261 0.0001
v 0.010173 0.031516 0.0001
v 0.01021 0.031457 0.0001
v 0.010253 0.031402 0.0001
v 0.010093 0.031709 0.0001
v 0.010114 0.031642 0.0001
v 0.010141 0.031578 0.0001
v 0.010066 0.031916 0.0001
v 0.010069 0.031846 0.0001
v 0.010078 0.031777 0.0001
v 0.010093 0.032123 0.0001
v 0.010078 0.032055 0.0001
v 0.010069 0.031986 0.0001
v 0.010173 0.032316 0.0001
v 0.010141 0.032254 0.0001
v 0.010114 0.03219 0.0001
v 0.0103 0.032482 0.0001
v 0.010253 0.03243 0.0001
v 0.01021 0.032375 0.0001
v 0.010466 0.032609 0.0001
v 0.010407 0.032571 0.0001
v 0.010351 0.032529 0.0001
v 0.010659 0.032689 0.0001
v 0.010592 0.032668 0.0001
v 0.010528 0.032641 0.0001
v 0.010866 0.032716 0.0001
v 0.010796 0.032713 0.0001
v 0.010727 0.032704 0.0001
v 0.011073 0.032689 0.0001
v 0.011005 0.032704 0.0001
v 0.010935 0.032713 0.0001
v 0.011266 0.032609 0.0001
v 0.011204 0.032641 0.0001
v 0.011139 0.032668 0.0001
v 0.011431 0.032482 0.0001
v 0.01138 0.032529 0.0001
v 0.011325 0.032571 0.0001
v 0.011559 0.032316 0.0001
v 0.011521 0.032375 0.0001
v 0.011479 0.03243 0.0001
v 0.011617 0.03219 0.0001
v 0.011591 0.032254 0.0001
f 1 2 3
f 4 5 6
f 5 7 6
f 3 8 1
f 8 9 1
f 1 9 10
f 9 11 10
f 11 12 10
f 10 12 13
f 12 14 13
f 14 15 13
f 13 15 16
f 15 17 16
f 17 18 16
f 16 18 19
f 18 20 19
f 20 21 19
f 19 21 22
f 21 23 22
f 22 23 24
f 23 25 24
f 24 25 26
f 25 27 26
f 26 27 28
f 27 29 28
f 28 29 30
f 29 31 30
f 31 32 30
f 30 32 33
f 32 34 33
f 34 35 33
f 33 35 36
f 35 37 36
f 36 37 38
f 37 39 38
f 39 40 38
f 38 40 41
f 40 42 41
f 42 43 41
f 41 43 44
f 43 45 44
f 45 46 44
f 46 47 44
f 44 47 48
f 47 49 48
f 48 49 50
f 49 51 50
f 50 51 52
f 51 53 52
f 52 53 54
f 53 55 54
f 54 55 56
f 55 57 56
f 56 57 58
f 57 59 58
f 59 60 58
f 58 60 61
f 60 62 61
f 61 62 4
f 62 63 4
f 4 63 5
f 6 7 64
f 7 65 64
f 64 65 66
f 67 68 69
f 67 69 70
f 69 71 70
f 70 71 72
f 71 73 72
f 72 73 74
f 73 75 74
f 74 75 76
f 75 77 76
f 76 77 78
f 77 79 78
f 78 79 80
f 79 81 80
f 80 81 82
f 81 83 82
f 82 83 84
f 83 85 84
f 84 85 86
f 85 87 86
f 86 87 88
f 87 89 88
f 88 89 90
f 89 91 90
f 90 91 92
f 91 93 92
f 92 93 94
f 93 95 94
f 94 95 96
f 95 97 96
f 96 97 98
f 97 99 98
f 98 99 100
f 99 101 100
f 100 101 102
f 101 103 102
f 102 103 104
f 103 105 104
f 104 105 106
f 105 107 106
f 106 107 108
f 107 64 108
f 108 64 66
f 109 110 111
f 110 112 111
f 113 114 115
f 114 116 115
f 115 116 117
f 116 118 117
f 117 118 119
f 119 118 120
f 118 121 120
f 120 121 122
f 122 121 123
f 121 124 123
f 123 124 125
f 124 126 125
f 125 126 127
f 127 126 128
f 126 129 128
f 128 129 130
f 130 129 131
f 129 132 131
f 131 132 133
f 132 134 133
f 133 134 135
f 135 134 136
f 134 137 136
f 136 137 138
f 138 137 139
f 137 140 139
f 139 140 141
f 140 142 141
f 141 142 143
f 142 144 143
f 143 144 145
f 144 146 145
f 145 146 147
f 146 148 147
f 147 148 149
f 148 150 149
f 149 150 151
f 150 152 151
f 151 152 153
f 152 154 153
f 153 154 155
f 154 156 155
f 155 156 157
f 156 158 157
f 157 158 159
f 159 158 160
f 158 161 160
f 160 161 162
f 162 161 163
f 161 109 163
f 163 109 111
f 3 2 164
f 165 166 167
f 165 167 168
f 167 169 168
f 168 169 170
f 169 171 170
f 170 171 172
f 171 173 172
f 172 173 174
f 173 175 174
f 174 175 176
f 175 177 176
f 176 177 178
f 177 179 178
f 178 179 180
f 179 181 180
f 180 181 182
f 181 183 182
f 182 183 184
f 183 185 184
f 184 185 186
f 185 187 186
f 186 187 188
f 187 189 188
f 188 189 190
f 189 191 190
f 190 191 192
f 191 193 192
f 192 193 194
f 193 195 194
f 194 195 196
f 195 197 196
f 196 197 198
f 197 199 198
f 198 199 200
f 199 201 200
f 200 201 202
f 201 203 202
f 202 203 204
f 203 205 204
f 204 205 206
f 205 207 206
f 206 207 208
f 209 210 211
f 210 166 211
f 211 166 165
f 212 210 209
f 209 213 212
f 213 214 212
f 212 214 215
f 214 216 215
f 216 217 215
f 215 217 218
f 217 219 218
f 219 220 218
f 218 220 221
f 220 222 221
f 222 223 221
f 221 223 224
f 223 225 224
f 225 226 224
f 224 226 227
f 226 228 227
f 227 228 229
f 228 230 229
f 229 230 231
f 230 232 231
f 231 232 233
f 232 234 233
f 233 234 235
f 234 236 235
f 236 237 235
f 235 237 238
f 237 239 238
f 239 240 238
f 238 240 241
f 240 242 241
f 242 243 241
f 241 243 244
f 243 245 244
f 245 246 244
f 244 246 247
f 246 248 247
f 247 248 249
f 248 250 249
f 250 251 249
f 251 252 249
f 249 252 253
f 252 254 253
f 253 254 255
f 254 256 255
f 255 256 257
f 256 258 257
f 257 258 259
f 258 260 259
f 259 260 261
f 260 262 261
f 262 263 261
f 261 263 264
f 263 265 264
f 265 266 264
f 264 266 267
f 268 269 270
f 269 271 270
f 270 271 272
f 271 267 272
f 272 267 273
f 267 266 273
f 274 275 276
f 275 277 276
f 278 279 277
f 279 280 277
f 277 280 276
f 281 282 283
f 282 284 283
f 283 284 285
f 284 286 285
f 285 286 287
f 286 288 287
f 287 288 289
f 288 290 289
f 289 290 291
f 290 292 291
f 291 292 293
f 292 294 293
f 293 294 278
f 294 295 278
f 278 295 279
f 296 297 281
f 297 298 281
f 298 299 281
f 281 299 282
f 281 300 296
f 300 301 296
f 296 301 302
f 301 303 302
f 302 303 304
f 304 303 305
f 303 306 305
f 305 306 307
f 307 306 308
f 306 309 308
f 308 309 310
f 310 309 311
f 309 312 311
f 311 312 313
f 312 314 313
f 313 314 315
f 315 314 316
f 314 317 316
f 316 317 318
f 318 317 319
f 317 320 319
f 319 320 321
f 321 320 322
f 320 323 322
f 322 323 324
f 323 325 324
f 324 325 326
f 326 325 327
f 325 328 327
f 327 328 329
f 330 275 331
f 275 274 331
f 329 328 332
f 328 333 332
f 334 335 336
f 335 68 336
f 68 67 337
f 337 338 68
f 338 339 68
f 68 339 336
f 340 335 341
f 335 334 341
f 341 334 342
f 343 110 340
f 110 344 340
f 340 344 335
f 345 346 343
f 346 347 343
f 112 110 348
f 110 343 348
f 348 343 349
f 343 347 349
f 349 347 350
f 343 351 345
f 351 352 345
f 345 352 353
f 352 354 353
f 353 354 355
f 354 356 355
f 355 356 357
f 356 358 357
f 357 358 359
f 358 360 359
f 359 360 361
f 360 362 361
f 361 362 363
f 362 364 363
f 363 364 365
f 364 366 365
f 365 366 367
f 366 368 367
f 367 368 369
f 368 370 369
f 369 370 371
f 370 372 371
f 371 372 373
f 372 374 373
f 373 374 375
f 374 376 375
f 375 376 377
f 376 378 377
f 377 378 379
f 378 380 379
f 379 380 381
f 380 382 381
f 381 382 383
f 382 384 383
f 383 384 385
f 384 386 385
f 385 386 387
f 386 388 387
f 387 388 389
f 388 390 389
f 389 390 391
f 390 392 391
f 391 392 393
f 392 394 393
f 393 394 395
f 394 396 395
f 395 396 397
f 396 398 397
f 397 398 399
f 398 400 399
f 399 400 401
f 400 402 401
f 401 402 403
f 402 404 403
f 403 404 405
f 404 406 405
f 405 406 407
f 406 408 407
f 407 408 409
f 408 410 409
f 409 410 411
f 410 412 411
f 411 412 413
f 412 414 413
f 413 414 415
f 414 416 415
f 417 418 419
f 418 330 419
f 419 330 331
f 418 416 330
f 416 414 330
f 330 414 420
f 414 421 420
f 420 421 422
f 423 207 422
f 207 424 422
f 422 424 420
f 425 426 423
f 426 427 423
f 423 427 428
f 428 429 423
f 429 430 423
f 423 430 207
f 430 431 207
f 207 431 208
f 423 432 425
f 432 433 425
f 425 433 434
f 433 435 434
f 434 435 436
f 435 437 436
f 436 437 438
f 437 439 438
f 438 439 440
f 439 441 440
f 440 441 442
f 441 443 442
f 442 443 444
f 443 445 444
f 444 445 446
f 445 447 446
f 446 447 448
f 447 449 448
f 448 449 450
f 449 451 450
f 450 451 452
f 451 453 452
f 452 453 454
f 453 455 454
f 454 455 456
f 455 457 456
f 456 457 458
f 457 459 458
f 458 459 460
f 459 461 460
f 460 461 462
f 461 463 462
f 462 463 464
f 463 465 464
f 464 465 466
f 465 467 466
f 466 467 468
f 467 469 468
f 468 469 470
f 469 471 470
f 470 471 472
f 471 473 472
f 472 473 474
f 473 475 474
f 474 475 476
f 475 477 476
f 476 477 478
f 477 479 478
f 478 479 480
f 479 481 480
f 480 481 482
f 481 483 482
f 482 483 484
f 483 485 484
f 484 485 486
f 485 487 486
f 486 487 488
f 487 489 488
f 488 489 490
f 489 491 490
f 490 491 492
f 491 493 492
f 492 493 494
f 493 342 494
f 494 342 495
f 342 334 495
f 496 497 498
f 498 499 496
f 499 500 496
f 496 500 501
f 500 502 501
f 501 502 503
f 84 504 505
f 504 506 505
f 505 506 502
f 506 507 502
f 502 507 503
f 508 509 504
f 509 510 504
f 504 510 506
f 511 512 513
f 512 514 513
f 513 514 515
f 516 517 511
f 517 518 511
f 511 518 512
f 519 520 521
f 520 516 521
f 521 516 522
f 516 511 522
f 523 524 525
f 524 526 525
f 525 526 519
f 526 527 519
f 519 527 520
f 528 529 523
f 529 530 523
f 523 530 524
f 523 531 528
f 531 532 528
f 528 532 533
f 533 532 534
f 532 535 534
f 534 535 536
f 536 535 537
f 535 538 537
f 537 538 539
f 540 541 538
f 541 542 538
f 538 542 539
f 66 540 543
f 540 538 543
f 543 538 108
f 538 535 108
f 108 535 106
f 535 532 106
f 106 532 544
f 532 531 544
f 544 531 104
f 531 523 104
f 104 523 545
f 545 523 102
f 523 525 102
f 102 525 546
f 525 519 546
f 546 519 547
f 519 521 547
f 547 521 548
f 521 522 548
f 548 522 549
f 549 522 550
f 522 511 550
f 550 511 551
f 511 513 551
f 551 513 552
f 513 515 552
f 552 515 553
f 515 554 553
f 553 554 555
f 555 554 556
f 554 557 556
f 556 557 558
f 558 557 559
f 557 560 559
f 559 560 561
f 560 562 561
f 561 562 563
f 514 564 515
f 564 565 515
f 515 565 554
f 565 566 554
f 554 566 557
f 566 567 557
f 557 567 560
f 567 508 560
f 560 508 562
f 508 504 562
f 562 504 563
f 504 84 563
f 568 74 569
f 74 570 569
f 569 570 571
f 570 76 571
f 571 76 498
f 76 78 498
f 498 78 499
f 78 80 499
f 499 80 500
f 80 572 500
f 500 572 502
f 572 573 502
f 502 573 505
f 573 574 505
f 505 574 84
f 338 72 568
f 72 575 568
f 568 575 74
f 67 576 337
f 576 70 337
f 337 70 338
f 70 577 338
f 338 577 72
f 497 578 498
f 578 579 498
f 498 579 571
f 579 334 571
f 571 334 569
f 334 336 569
f 569 336 568
f 336 339 568
f 568 339 338
f 339 338 338
f 338 338 337
f 580 426 425
f 580 425 581
f 444 582 442
f 582 583 442
f 442 583 440
f 583 584 440
f 440 584 438
f 584 585 438
f 438 585 436
f 585 586 436
f 436 586 434
f 334 579 495
f 579 578 495
f 495 578 497
f 587 588 434
f 588 589 434
f 434 589 590
f 590 591 434
f 591 592 434
f 434 592 593
f 536 537 494
f 537 539 494
f 494 526 524
f 594 595 425
f 595 596 425
f 425 596 581
f 586 597 434
f 597 598 434
f 434 598 599
f 600 425 601
f 425 434 601
f 601 434 602
f 434 593 602
f 539 542 494
f 542 541 494
f 494 541 492
f 541 603 492
f 492 603 490
f 603 604 490
f 490 604 488
f 604 605 488
f 488 605 486
f 605 606 486
f 486 606 484
f 606 607 484
f 484 607 482
f 607 608 482
f 482 608 480
f 608 609 480
f 480 609 478
f 609 610 478
f 478 610 476
f 610 611 476
f 476 611 474
f 611 612 474
f 474 612 472
f 612 613 472
f 472 613 470
f 613 614 470
f 470 614 468
f 614 615 468
f 468 615 466
f 615 616 466
f 466 616 464
f 616 617 464
f 464 617 462
f 617 618 462
f 462 618 460
f 618 619 460
f 460 619 458
f 619 620 458
f 458 620 456
f 620 621 456
f 456 621 454
f 621 622 454
f 454 622 452
f 622 623 452
f 452 623 450
f 623 624 450
f 450 624 448
f 624 625 448
f 448 625 446
f 625 626 446
f 446 626 444
f 626 627 444
f 444 627 582
f 566 565 494
f 565 564 494
f 494 564 514
f 494 517 516
f 497 496 495
f 496 501 495
f 495 501 503
f 503 507 495
f 507 506 495
f 495 506 510
f 600 628 425
f 628 629 425
f 425 629 630
f 599 631 434
f 631 632 434
f 434 632 587
f 514 512 494
f 512 518 494
f 494 518 517
f 516 520 494
f 520 527 494
f 494 527 526
f 528 533 494
f 533 534 494
f 494 534 536
f 524 530 494
f 530 529 494
f 494 529 528
f 633 634 425
f 634 635 425
f 510 509 495
f 509 508 495
f 495 508 494
f 508 567 494
f 494 567 566
f 630 636 425
f 636 637 425
f 425 637 638
f 635 639 425
f 639 640 425
f 425 640 594
f 638 641 425
f 641 642 425
f 425 642 643
f 643 644 425
f 644 645 425
f 425 645 633
f 646 647 648
f 649 650 651
f 652 653 654
f 653 655 654
f 654 655 656
f 655 657 656
f 656 657 658
f 657 659 658
f 658 659 347
f 659 350 347
f 660 661 662
f 661 663 662
f 662 663 664
f 663 665 664
f 664 665 666
f 665 667 666
f 666 667 652
f 667 668 652
f 652 668 653
f 669 670 671
f 670 672 671
f 671 672 673
f 672 674 673
f 673 674 675
f 674 676 675
f 675 676 677
f 676 678 677
f 677 678 679
f 678 680 679
f 679 680 660
f 680 681 660
f 660 681 661
f 649 651 682
f 651 683 682
f 682 683 684
f 685 686 687
f 686 688 687
f 687 688 689
f 688 690 689
f 689 690 691
f 692 693 694
f 693 695 694
f 694 695 696
f 695 697 696
f 696 697 698
f 697 699 698
f 698 699 700
f 699 701 700
f 700 701 702
f 701 703 702
f 648 647 704
f 705 706 647
f 706 707 647
f 647 707 704
f 702 708 700
f 708 709 700
f 700 709 698
f 709 710 698
f 698 710 696
f 710 705 696
f 696 705 694
f 705 647 694
f 694 647 692
f 647 646 692
f 711 712 702
f 712 713 702
f 702 713 708
f 686 714 688
f 714 711 688
f 688 711 690
f 711 702 690
f 690 702 691
f 702 703 691
f 715 716 686
f 716 717 686
f 686 717 714
f 650 718 651
f 718 715 651
f 651 715 683
f 715 686 683
f 683 686 684
f 686 685 684
f 719 720 650
f 720 721 650
f 650 721 718
f 662 722 660
f 722 723 660
f 660 723 679
f 723 724 679
f 679 724 677
f 724 725 677
f 677 725 675
f 725 726 675
f 675 726 673
f 726 719 673
f 673 719 671
f 719 650 671
f 671 650 669
f 650 649 669
f 347 346 658
f 346 727 658
f 658 727 656
f 727 728 656
f 656 728 654
f 728 729 654
f 654 729 652
f 729 730 652
f 652 730 666
f 730 731 666
f 666 731 664
f 731 732 664
f 664 732 662
f 732 733 662
f 662 733 722
f 349 734 348
f 734 111 348
f 348 111 112
f 271 269 328
f 735 736 737
f 171 169 328
f 169 167 328
f 328 167 166
f 738 739 740
f 739 741 740
f 740 741 742
f 743 744 745
f 105 103 114
f 312 183 181
f 177 175 328
f 175 173 328
f 328 173 171
f 166 210 328
f 210 212 328
f 328 212 271
f 75 73 109
f 68 335 69
f 335 344 69
f 69 344 110
f 203 201 275
f 744 743 740
f 743 746 740
f 740 746 738
f 743 747 333
f 103 101 114
f 101 99 114
f 114 99 97
f 748 749 750
f 193 191 289
f 303 185 306
f 185 183 306
f 306 183 309
f 183 312 309
f 179 317 181
f 317 314 181
f 181 314 312
f 745 751 743
f 751 752 743
f 743 752 753
f 753 754 743
f 754 755 743
f 743 755 756
f 148 85 83
f 109 73 110
f 73 71 110
f 110 71 69
f 6 64 114
f 64 107 114
f 114 107 105
f 757 758 759
f 758 760 759
f 761 762 763
f 749 748 764
f 748 765 764
f 764 765 766
f 424 275 420
f 275 330 420
f 289 291 193
f 291 293 193
f 193 293 195
f 328 325 177
f 325 323 177
f 177 323 179
f 323 320 179
f 179 320 317
f 756 767 743
f 767 768 743
f 743 768 747
f 257 218 255
f 218 253 255
f 257 259 218
f 259 261 218
f 218 261 264
f 212 215 271
f 215 218 271
f 271 218 267
f 218 264 267
f 91 89 134
f 134 89 137
f 81 152 83
f 152 150 83
f 83 150 148
f 769 770 771
f 770 772 771
f 771 772 773
f 761 763 774
f 766 765 775
f 765 776 775
f 775 776 777
f 776 778 777
f 777 778 779
f 780 781 782
f 781 748 782
f 782 748 783
f 748 750 783
f 784 785 786
f 785 787 786
f 201 199 275
f 199 197 275
f 275 197 277
f 197 195 277
f 277 195 278
f 195 293 278
f 189 285 191
f 285 287 191
f 191 287 289
f 134 132 91
f 132 129 91
f 91 129 126
f 97 95 114
f 95 93 114
f 114 93 116
f 93 91 116
f 116 91 118
f 79 156 81
f 156 154 81
f 81 154 152
f 769 771 788
f 771 759 788
f 788 759 789
f 787 790 786
f 790 791 786
f 786 791 792
f 791 793 792
f 792 793 794
f 203 275 205
f 275 424 205
f 205 424 207
f 253 218 249
f 218 221 249
f 249 221 224
f 224 227 249
f 227 229 249
f 249 229 231
f 126 124 91
f 124 121 91
f 91 121 118
f 148 146 85
f 146 144 85
f 85 144 87
f 144 142 87
f 87 142 89
f 142 140 89
f 89 140 137
f 75 109 77
f 109 161 77
f 77 161 79
f 161 158 79
f 79 158 156
f 760 795 759
f 795 796 759
f 759 796 797
f 762 798 763
f 798 799 763
f 763 799 800
f 800 801 763
f 801 802 763
f 763 802 759
f 802 803 759
f 759 803 757
f 779 804 805
f 806 807 808
f 807 809 808
f 808 809 810
f 811 812 813
f 812 814 813
f 813 814 815
f 814 816 815
f 817 818 742
f 818 819 742
f 742 819 740
f 819 820 740
f 740 820 821
f 822 823 824
f 825 793 826
f 793 827 826
f 825 828 793
f 828 829 793
f 793 829 794
f 784 830 785
f 830 831 785
f 785 831 832
f 831 833 832
f 832 833 834
f 833 835 834
f 834 835 836
f 835 837 836
f 836 837 838
f 837 839 838
f 838 839 840
f 839 841 840
f 840 841 842
f 841 843 842
f 303 301 185
f 301 300 185
f 185 300 187
f 300 281 187
f 187 281 189
f 281 283 189
f 189 283 285
f 797 844 759
f 844 845 759
f 759 845 789
f 805 846 779
f 846 847 779
f 779 847 848
f 849 850 777
f 780 851 781
f 851 852 781
f 781 852 809
f 852 853 809
f 809 853 810
f 806 854 807
f 854 855 807
f 807 855 813
f 855 856 813
f 813 856 811
f 857 858 859
f 859 860 857
f 860 861 857
f 857 861 862
f 863 864 865
f 822 824 866
f 231 233 249
f 233 235 249
f 249 235 238
f 238 241 249
f 241 244 249
f 249 244 247
f 867 868 779
f 868 869 779
f 779 869 870
f 848 871 779
f 871 872 779
f 779 872 777
f 872 873 777
f 777 873 849
f 850 874 777
f 874 875 777
f 777 875 876
f 877 857 878
f 879 880 857
f 880 881 857
f 857 881 858
f 882 883 884
f 817 885 818
f 885 886 818
f 818 886 887
f 886 888 887
f 887 888 889
f 888 890 889
f 889 890 891
f 890 892 891
f 891 892 893
f 892 894 893
f 893 894 895
f 894 896 895
f 895 896 897
f 896 898 897
f 897 898 899
f 898 900 899
f 899 900 901
f 900 902 901
f 901 902 903
f 902 904 903
f 903 904 905
f 904 906 905
f 905 906 907
f 906 908 907
f 907 908 909
f 908 910 909
f 909 910 911
f 910 912 911
f 911 912 913
f 912 914 913
f 913 914 915
f 914 916 915
f 915 916 917
f 916 918 917
f 917 918 919
f 918 920 919
f 919 920 921
f 920 922 921
f 921 922 923
f 922 924 923
f 923 924 925
f 924 926 925
f 925 926 927
f 926 928 927
f 927 928 929
f 928 930 929
f 929 930 931
f 930 932 931
f 931 932 933
f 932 934 933
f 933 934 935
f 934 936 935
f 935 936 937
f 936 938 937
f 937 938 939
f 938 940 939
f 939 940 941
f 940 942 941
f 941 942 943
f 942 944 943
f 943 944 945
f 944 946 945
f 945 946 947
f 946 948 947
f 947 948 949
f 948 950 949
f 949 950 951
f 950 952 951
f 951 952 953
f 952 954 953
f 953 954 955
f 954 956 955
f 955 956 843
f 956 957 843
f 843 957 842
f 958 959 960
f 959 961 960
f 960 961 962
f 961 963 962
f 964 965 966
f 967 968 969
f 968 863 969
f 969 863 970
f 863 865 970
f 823 822 971
f 822 972 971
f 971 972 973
f 974 975 793
f 975 976 793
f 793 976 827
f 13 16 4
f 16 19 4
f 4 19 22
f 870 977 779
f 977 978 779
f 779 978 979
f 979 980 779
f 980 981 779
f 779 981 804
f 876 982 777
f 982 983 777
f 777 983 763
f 983 984 763
f 763 984 774
f 985 986 882
f 986 987 882
f 882 987 883
f 988 989 419
f 989 990 419
f 991 992 963
f 992 993 963
f 963 993 962
f 967 994 968
f 994 995 968
f 968 995 996
f 995 997 996
f 824 998 866
f 998 999 866
f 866 999 1000
f 999 1001 1000
f 1000 1001 864
f 1001 1002 864
f 864 1002 865
f 974 1003 975
f 1003 1004 975
f 975 1004 972
f 1004 1005 972
f 972 1005 973
f 28 30 4
f 30 33 4
f 33 36 4
f 36 38 4
f 4 38 41
f 1006 1007 269
f 1007 1008 269
f 269 1008 1009
f 1010 1011 815
f 1011 1012 815
f 815 1012 1013
f 878 1014 877
f 1014 1015 877
f 877 1015 1016
f 884 1017 882
f 1017 1018 882
f 882 1018 857
f 1018 1019 857
f 857 1019 879
f 862 1020 857
f 1020 1021 857
f 857 1021 1022
f 737 736 882
f 736 1023 882
f 882 1023 985
f 1024 1025 737
f 1025 1026 737
f 737 1026 735
f 1027 1028 1029
f 1028 1030 1029
f 1027 1031 1028
f 1031 1032 1028
f 1028 1032 1033
f 1034 1035 1028
f 821 1036 740
f 1036 1037 740
f 740 1037 1038
f 1037 1039 1038
f 1040 1041 1030
f 990 1042 419
f 1042 1043 419
f 419 1043 417
f 1044 1045 1046
f 1045 1047 1046
f 1046 1047 1048
f 867 779 269
f 779 1049 269
f 269 1049 1006
f 333 328 743
f 328 269 743
f 743 269 1050
f 269 1009 1050
f 1013 1051 815
f 1051 1052 815
f 815 1052 1053
f 1022 1054 857
f 1054 1055 857
f 857 1055 878
f 1028 1035 1037
f 1035 1056 1037
f 1056 1057 1037
f 1037 1057 1058
f 988 1059 1060
f 1061 1062 966
f 1062 1063 966
f 966 1063 964
f 965 1064 966
f 1064 1065 966
f 966 1065 1046
f 1065 1066 1046
f 1046 1066 1044
f 22 24 4
f 24 26 4
f 4 26 28
f 41 44 4
f 44 48 4
f 4 48 50
f 1016 1067 877
f 1067 1068 877
f 877 1068 816
f 1068 1069 816
f 816 1069 815
f 1069 1070 815
f 815 1070 1010
f 1071 1072 1073
f 1072 1074 1073
f 1073 1074 737
f 1074 1075 737
f 737 1075 1024
f 1058 1076 1037
f 1076 1077 1037
f 1037 1077 1039
f 988 1078 1079
f 1080 1081 1082
f 1033 1083 1028
f 1083 1084 1028
f 1028 1084 1034
f 958 1085 959
f 1085 1086 959
f 959 1086 1028
f 1086 1087 1028
f 1028 1087 1088
f 1060 1089 988
f 1089 1090 988
f 988 1090 989
f 648 1061 1091
f 50 52 4
f 52 54 4
f 4 54 61
f 54 56 61
f 61 56 58
f 1092 1041 1093
f 1092 1094 1041
f 1094 1095 1041
f 1041 1095 1030
f 1079 1096 988
f 1096 1097 988
f 988 1097 1059
f 1091 1061 1098
f 1082 1099 1080
f 1099 1100 1080
f 1080 1100 1101
f 1102 1103 1104
f 1103 1105 1104
f 1104 1105 1106
f 1030 1107 1108
f 1048 1109 1046
f 1109 1110 1046
f 1046 1110 1111
f 1110 1112 1111
f 1111 1112 1104
f 1112 1113 1104
f 1104 1113 1102
f 991 1114 1115
f 1088 1116 1028
f 1116 1117 1028
f 1028 1117 1118
f 1118 1119 1028
f 1119 1120 1028
f 1028 1120 1030
f 1120 1121 1030
f 1030 1121 1107
f 1108 1122 1030
f 1122 1123 1030
f 1030 1123 1124
f 1124 1125 1030
f 1125 1126 1030
f 1030 1126 1040
f 1093 1127 1092
f 1127 1128 1092
f 1092 1128 988
f 1128 1129 988
f 988 1129 1078
f 1130 1131 966
f 1105 1132 1106
f 1132 1133 1106
f 1106 1133 1134
f 1133 991 1134
f 1134 991 1135
f 991 1115 1135
f 1136 1137 966
f 1130 966 1138
f 997 1139 996
f 1139 1140 996
f 996 1140 963
f 1140 1141 963
f 963 1141 1142
f 1142 1143 963
f 1143 1144 963
f 963 1144 991
f 1144 1145 991
f 991 1145 1114
f 1053 164 815
f 164 2 815
f 815 2 1146
f 1147 1148 1080
f 1148 1149 1080
f 1080 1149 1081
f 1149 1150 1081
f 1081 1150 966
f 1150 1151 966
f 966 1151 1136
f 1131 1152 966
f 1152 1153 966
f 966 1153 1154
f 1154 1155 966
f 1155 1156 966
f 966 1156 1061
f 1156 1157 1061
f 1061 1157 1158
f 1147 1080 1159
f 1080 1160 1159
f 1159 1160 1161
f 1160 1146 1161
f 1161 1146 114
f 1146 2 114
f 114 2 6
f 2 1 6
f 6 1 4
f 1 10 4
f 4 10 13
f 1158 1162 1061
f 1162 1163 1061
f 1061 1163 1164
f 734 653 668
f 734 663 661
f 682 1091 1165
f 697 695 1091
f 695 693 1091
f 1137 1166 966
f 1166 1167 966
f 966 1167 1168
f 1164 1169 1061
f 1169 1170 1061
f 1061 1170 1098
f 682 684 1091
f 684 685 1091
f 1091 685 687
f 703 701 1091
f 701 699 1091
f 1091 699 697
f 693 692 1091
f 692 646 1091
f 1091 646 648
f 1168 1171 966
f 1171 1172 966
f 966 1172 1138
f 350 659 349
f 659 657 349
f 349 657 734
f 657 655 734
f 734 655 653
f 668 667 734
f 667 665 734
f 734 665 663
f 687 689 1091
f 689 691 1091
f 1091 691 703
f 661 681 734
f 681 680 734
f 734 680 678
f 678 676 734
f 676 674 734
f 734 674 1173
f 674 672 1173
f 1173 672 1174
f 672 670 1174
f 1174 670 1175
f 1175 670 1176
f 670 669 1176
f 1176 669 1165
f 669 649 1165
f 1165 649 682
f 1177 1178 1179
f 1180 1181 1182
f 1180 1182 1183
f 1182 1184 1183
f 1183 1184 1185
f 1184 1186 1185
f 1185 1186 1187
f 1186 1188 1187
f 1187 1188 1189
f 1188 1190 1189
f 1189 1190 1191
f 1190 1192 1191
f 1191 1192 1193
f 1192 1194 1193
f 1193 1194 1195
f 1194 1196 1195
f 1195 1196 1197
f 1196 1198 1197
f 1197 1198 1199
f 1198 1200 1199
f 1199 1200 1201
f 1200 1202 1201
f 1201 1202 1203
f 1202 1204 1203
f 1203 1204 1205
f 1204 1206 1205
f 1205 1206 1207
f 1206 1208 1207
f 1207 1208 1209
f 1208 1210 1209
f 1209 1210 1211
f 1210 1212 1211
f 1211 1212 1213
f 1212 1214 1213
f 1213 1214 1215
f 1214 1216 1215
f 1215 1216 1217
f 1216 1218 1217
f 1217 1218 1219
f 1218 1220 1219
f 1219 1220 1221
f 1220 1222 1221
f 1221 1222 1223
f 1224 1223 1225
f 1223 1222 1225
f 1225 1222 1226
f 1222 1227 1226
f 1227 1228 1226
f 1226 1228 1229
f 1228 1230 1229
f 1229 1230 1231
f 1230 1232 1231
f 1231 1232 1233
f 1232 1234 1233
f 1233 1234 1235
f 1236 1237 1238
f 1236 1238 1239
f 1238 1240 1239
f 1239 1240 1241
f 1240 1242 1241
f 1241 1242 1243
f 1242 1244 1243
f 1243 1244 1245
f 1244 1246 1245
f 1245 1246 1247
f 1246 1248 1247
f 1247 1248 1249
f 1248 1250 1249
f 1249 1250 1251
f 1250 1252 1251
f 1251 1252 1253
f 1252 1254 1253
f 1253 1254 1255
f 1254 1256 1255
f 1255 1256 1257
f 1256 1258 1257
f 1257 1258 1259
f 1258 1260 1259
f 1259 1260 1261
f 1260 1262 1261
f 1261 1262 1263
f 1262 1264 1263
f 1263 1264 1265
f 1264 1266 1265
f 1265 1266 1267
f 1266 1268 1267
f 1267 1268 1269
f 1268 1270 1269
f 1269 1270 1271
f 1272 1273 1274
f 1273 1275 1274
f 1274 1275 1276
f 1275 1277 1276
f 1276 1277 1278
f 1277 1279 1278
f 1278 1279 1280
f 1279 1281 1280
f 1280 1281 1282
f 1281 1283 1282
f 1282 1283 1284
f 1283 1285 1284
f 1284 1285 1286
f 1285 1287 1286
f 1286 1287 1288
f 1287 1289 1288
f 1288 1289 1290
f 1289 1291 1290
f 1290 1291 1292
f 1291 1293 1292
f 1292 1293 1294
f 1293 1295 1294
f 1294 1295 1236
f 1295 1237 1236
f 1296 1297 1298
f 1296 1298 1299
f 1298 1300 1299
f 1299 1300 1301
f 1300 1302 1301
f 1301 1302 1303
f 1302 1304 1303
f 1303 1304 1305
f 1304 1306 1305
f 1305 1306 1307
f 1306 1308 1307
f 1307 1308 1309
f 1308 1310 1309
f 1309 1310 1311
f 1310 1312 1311
f 1311 1312 1313
f 1312 1314 1313
f 1313 1314 1315
f 1314 1316 1315
f 1315 1316 1317
f 1316 1318 1317
f 1317 1318 1319
f 1318 1320 1319
f 1319 1320 1321
f 1320 1322 1321
f 1321 1322 1323
f 1322 1324 1323
f 1323 1324 1325
f 1324 1326 1325
f 1325 1326 1327
f 1326 1328 1327
f 1327 1328 1329
f 1329 1328 1330
f 1328 1331 1330
f 1330 1331 1332
f 1331 1333 1332
f 1332 1333 1334
f 1333 1335 1334
f 1334 1335 1336
f 1335 1337 1336
f 1336 1337 1338
f 1337 1339 1338
f 1338 1339 1340
f 1339 1341 1340
f 1340 1341 1342
f 1341 1343 1342
f 1342 1343 1344
f 1343 1345 1344
f 1346 1347 1348
f 1347 1349 1348
f 1348 1349 1350
f 1349 1351 1350
f 1350 1351 1352
f 1351 1353 1352
f 1352 1353 1354
f 1353 1355 1354
f 1354 1355 1356
f 1355 1357 1356
f 1356 1357 1358
f 1357 1359 1358
f 1358 1359 1360
f 1359 1361 1360
f 1360 1361 1362
f 1361 1363 1362
f 1362 1363 1364
f 1363 1365 1364
f 1364 1365 1366
f 1365 1367 1366
f 1366 1367 1368
f 1367 1369 1368
f 1368 1369 1370
f 1369 1371 1370
f 1370 1371 1372
f 1371 1373 1372
f 1372 1373 1374
f 1373 1375 1374
f 1374 1375 1376
f 1375 1377 1376
f 1376 1377 1378
f 1377 1379 1378
f 1378 1379 1380
f 1379 1381 1380
f 1380 1381 1382
f 1381 1383 1382
f 1382 1383 1384
f 1383 1385 1384
f 1384 1385 1272
f 1385 1273 1272
f 1347 1346 1386
f 1346 1387 1386
f 1270 1297 1271
f 1297 1296 1271
f 1388 1177 1179
f 1180 1389 1181
f 1389 1179 1181
f 1390 1391 1389
f 1391 1386 1389
f 1389 1386 1179
f 1386 1387 1179
f 1179 1387 1388
f 1392 1393 1394
f 1393 1395 1394
f 1394 1395 1396
f 1395 1397 1396
f 1396 1397 1398
f 1344 1345 1399
f 1345 1400 1399
f 1399 1400 1401
f 1400 1402 1401
f 1401 1402 1403
f 1402 1404 1403
f 1403 1404 1405
f 1404 1406 1405
f 1405 1406 1397
f 1406 1407 1397
f 1397 1407 1398
f 1408 1409 1410
f 1409 1411 1410
f 1410 1411 1412
f 1411 1413 1412
f 1412 1413 1414
f 1413 1415 1414
f 1414 1415 1416
f 1415 1417 1416
f 1416 1417 1418
f 1417 1419 1418
f 1418 1419 1420
f 1419 1421 1420
f 1420 1421 1422
f 1421 1423 1422
f 1422 1423 1424
f 1423 1425 1424
f 1424 1425 1426
f 1425 1427 1426
f 1426 1427 1428
f 1427 1429 1428
f 1430 1431 1432
f 1432 1433 1430
f 1433 1434 1430
f 1430 1434 1435
f 1436 1437 1438
f 1437 1439 1438
f 1438 1439 1440
f 1439 1441 1440
f 1440 1441 1442
f 1442 1443 1440
f 1443 1444 1440
f 1440 1444 1445
f 1444 1446 1445
f 1445 1446 1447
f 1434 1448 1435
f 1448 1449 1435
f 1435 1449 1450
f 1449 1451 1450
f 1450 1451 1452
f 1451 1453 1452
f 1447 1454 1445
f 1454 1455 1445
f 1445 1455 1431
f 1455 1456 1431
f 1431 1456 1432
f 1457 1458 1459
f 1458 1460 1459
f 1460 1461 1459
f 1461 1462 1459
f 1459 1462 1463
f 1462 1464 1463
f 1463 1464 1465
f 1466 1467 1468
f 1469 1470 1428
f 1466 1468 1471
f 1453 1408 1452
f 1408 1410 1452
f 1452 1410 1412
f 1469 1428 1472
f 1424 1426 1452
f 1426 1428 1452
f 1452 1428 1473
f 1428 1470 1473
f 1468 1474 1471
f 1474 1475 1471
f 1471 1475 1476
f 1475 1477 1476
f 1476 1477 1457
f 1477 1478 1457
f 1457 1478 1458
f 1467 1466 1479
f 1466 1480 1479
f 1479 1480 1481
f 1480 1482 1481
f 1481 1482 1483
f 1482 1484 1483
f 1483 1484 1428
f 1484 1485 1428
f 1428 1485 1472
f 1412 1414 1452
f 1414 1416 1452
f 1452 1416 1418
f 1418 1420 1452
f 1420 1422 1452
f 1452 1422 1424
f 1436 1486 1487
f 1437 1436 1488
f 1488 1489 1437
f 1489 1490 1437
f 1437 1490 1439
f 1490 1491 1439
f 1439 1491 1441
f 1491 1492 1441
f 1441 1492 1442
f 1492 1493 1442
f 1442 1493 1443
f 1493 1494 1443
f 1443 1494 1444
f 1494 1495 1444
f 1444 1495 1446
f 1495 1496 1446
f 1446 1496 1447
f 1496 1497 1447
f 1447 1497 1454
f 1497 1498 1454
f 1454 1498 1455
f 1498 1499 1455
f 1455 1499 1456
f 1499 1500 1456
f 1456 1500 1432
f 1500 1501 1432
f 1432 1501 1433
f 1501 1502 1433
f 1433 1502 1434
f 1502 1503 1434
f 1434 1503 1448
f 1503 1504 1448
f 1448 1504 1449
f 1504 1505 1449
f 1449 1505 1451
f 1505 1506 1451
f 1451 1506 1453
f 1506 1409 1453
f 1453 1409 1408
f 1436 1487 1488
f 1487 1507 1488
f 1488 1507 1508
f 1507 1509 1508
f 1508 1509 1510
f 1509 1511 1510
f 1510 1511 1512
f 1511 1513 1512
f 1512 1513 1514
f 1513 1515 1514
f 1514 1515 1516
f 1515 1517 1516
f 1516 1517 1518
f 1517 1519 1518
f 1518 1519 1520
f 1519 1521 1520
f 1520 1521 1522
f 1521 1523 1522
f 1522 1523 1524
f 1523 1525 1524
f 1524 1525 1526
f 1525 1527 1526
f 1526 1527 1528
f 1527 1529 1528
f 1528 1529 1530
f 1529 1531 1530
f 1530 1531 1532
f 1531 1533 1532
f 1532 1533 1534
f 1533 1535 1534
f 1534 1535 1536
f 1535 1537 1536
f 1536 1537 1538
f 1537 1393 1538
f 1538 1393 1392
f 1483 1539 1540
f 1483 1540 1481
f 1540 1541 1481
f 1481 1541 1479
f 1541 1542 1479
f 1479 1542 1467
f 1542 1543 1467
f 1467 1543 1468
f 1543 1544 1468
f 1468 1544 1474
f 1544 1545 1474
f 1474 1545 1475
f 1545 1546 1475
f 1475 1546 1477
f 1546 1547 1477
f 1477 1547 1478
f 1547 1548 1478
f 1478 1548 1458
f 1548 1549 1458
f 1458 1549 1460
f 1549 1550 1460
f 1460 1550 1461
f 1550 1551 1461
f 1461 1551 1462
f 1551 1552 1462
f 1462 1552 1464
f 1552 1553 1464
f 1464 1553 1465
f 1553 1554 1465
f 1554 1555 1465
f 1465 1555 1463
f 1555 1556 1463
f 1557 1438 1440
f 1557 1440 1558
f 1440 1445 1558
f 1558 1445 1559
f 1445 1431 1559
f 1559 1431 1560
f 1431 1430 1560
f 1560 1430 1561
f 1430 1435 1561
f 1561 1435 1562
f 1435 1450 1562
f 1562 1450 1563
f 1450 1452 1563
f 1563 1452 1564
f 1452 1473 1564
f 1564 1473 1565
f 1473 1470 1565
f 1565 1470 1566
f 1470 1469 1566
f 1566 1469 1567
f 1469 1472 1567
f 1567 1472 1568
f 1472 1485 1568
f 1568 1485 1569
f 1485 1484 1569
f 1569 1484 1570
f 1484 1482 1570
f 1570 1482 1571
f 1482 1480 1571
f 1571 1480 1572
f 1480 1466 1572
f 1572 1466 1573
f 1466 1471 1573
f 1573 1471 1574
f 1471 1476 1574
f 1574 1476 1575
f 1476 1457 1575
f 1575 1457 1576
f 1457 1459 1576
f 1576 1459 1577
f 1459 1463 1577
f 1577 1463 1556
f 1578 1579 1580
f 1579 1581 1580
f 1580 1581 1582
f 1581 1583 1582
f 1582 1583 1584
f 1583 1585 1584
f 1584 1585 1586
f 1585 1587 1586
f 1586 1587 1588
f 1587 1589 1588
f 1588 1589 1590
f 1589 1591 1590
f 1590 1591 1592
f 1591 1593 1592
f 1592 1593 1594
f 1593 1595 1594
f 1594 1595 1596
f 1595 1597 1596
f 1596 1597 1598
f 1597 1599 1598
f 1598 1599 1600
f 1599 1601 1600
f 1600 1601 1602
f 1601 1603 1602
f 1602 1603 1604
f 1603 1605 1604
f 1604 1605 1606
f 1605 1607 1606
f 1606 1607 1608
f 1607 1609 1608
f 1608 1609 1610
f 1609 1611 1610
f 1610 1611 1612
f 1611 1613 1612
f 1612 1613 1614
f 1613 1615 1614
f 1614 1615 1616
f 1615 1617 1616
f 1616 1617 1618
f 1617 1619 1618
f 1618 1619 1620
f 1619 1621 1620
f 1620 1621 1622
f 1621 1623 1622
f 1622 1623 1624
f 1623 1625 1624
f 1624 1625 1626
f 1625 1627 1626
f 1626 1627 1628
f 1627 1629 1628
f 1628 1629 1630
f 1629 1631 1630
f 1630 1631 1632
f 1631 1633 1632
f 1632 1633 1634
f 1633 1635 1634
f 1634 1635 1636
f 1635 1637 1636
f 1636 1637 1638
f 1637 1639 1638
f 1638 1639 1640
f 1639 1641 1640
f 1640 1641 1642
f 1641 1643 1642
f 1642 1643 1644
f 1643 1645 1644
f 1644 1645 1646
f 1645 1647 1646
f 1646 1647 1648
f 1647 1649 1648
f 1648 1649 1650
f 1649 1651 1650
f 1650 1651 1652
f 1651 1653 1652
f 1652 1653 1654
f 1653 1655 1654
f 1654 1655 1656
f 1655 1657 1656
f 1656 1657 1658
f 1657 1659 1658
f 1658 1659 1660
f 1659 1661 1660
f 1660 1661 1662
f 1661 1663 1662
f 1662 1663 1664
f 1663 1665 1664
f 1664 1665 1666
f 1665 1667 1666
f 1666 1667 1668
f 1667 1669 1668
f 1668 1669 1670
f 1669 1671 1670
f 1670 1671 1672
f 1671 1673 1672
f 1672 1673 1674
f 1673 1675 1674
f 1674 1675 1676
f 1675 1677 1676
f 1676 1677 1678
f 1677 1679 1678
f 1678 1679 1680
f 1679 1681 1680
f 1680 1681 1682
f 1681 1683 1682
f 1682 1683 1684
f 1683 1685 1684
f 1684 1685 1686
f 1685 1687 1686
f 1686 1687 1688
f 1687 1689 1688
f 1688 1689 1690
f 1689 1691 1690
f 1690 1691 1692
f 1691 1693 1692
f 1692 1693 1694
f 1693 1695 1694
f 1694 1695 1696
f 1695 1697 1696
f 1696 1697 1698
f 1697 1699 1698
f 1698 1699 1700
f 1699 1701 1700
f 1700 1701 1702
f 1701 1703 1702
f 1702 1703 1704
f 1703 1705 1704
f 1704 1705 1706
f 1705 1707 1706
f 1706 1707 1708
f 1707 1709 1708
f 1708 1709 1710
f 1709 1711 1710
f 1710 1711 1712
f 1711 1713 1712
f 1712 1713 1714
f 1713 1715 1714
f 1714 1715 1716
f 1715 1717 1716
f 1716 1717 1718
f 1717 1719 1718
f 1718 1719 1720
f 1719 1721 1720
f 1720 1721 1578
f 1721 1579 1578
f 1578 1722 1720
f 1722 1723 1720
f 1720 1723 1718
f 1723 1724 1718
f 1718 1724 1716
f 1724 1725 1716
f 1716 1725 1714
f 1725 1726 1714
f 1714 1726 1712
f 1726 1727 1712
f 1712 1727 1710
f 1727 1728 1710
f 1710 1728 1708
f 1728 1729 1708
f 1708 1729 1706
f 1729 1730 1706
f 1706 1730 1704
f 1730 1731 1704
f 1704 1731 1702
f 1731 1732 1702
f 1702 1732 1700
f 1732 1733 1700
f 1700 1733 1698
f 1733 1734 1698
f 1698 1734 1696
f 1734 1735 1696
f 1696 1735 1694
f 1735 1736 1694
f 1694 1736 1692
f 1736 1737 1692
f 1692 1737 1690
f 1737 1738 1690
f 1690 1738 1688
f 1738 1739 1688
f 1688 1739 1686
f 1739 1740 1686
f 1686 1740 1684
f 1740 1741 1684
f 1684 1741 1682
f 1741 1742 1682
f 1682 1742 1680
f 1742 1743 1680
f 1680 1743 1678
f 1743 1744 1678
f 1678 1744 1676
f 1744 1745 1676
f 1676 1745 1674
f 1745 1746 1674
f 1674 1746 1672
f 1746 1747 1672
f 1672 1747 1670
f 1747 1748 1670
f 1670 1748 1668
f 1748 1749 1668
f 1668 1749 1666
f 1749 1750 1666
f 1666 1750 1664
f 1750 1751 1664
f 1664 1751 1662
f 1751 1752 1662
f 1662 1752 1660
f 1752 1753 1660
f 1660 1753 1658
f 1753 1754 1658
f 1658 1754 1656
f 1754 1755 1656
f 1656 1755 1654
f 1755 1756 1654
f 1654 1756 1652
f 1756 1757 1652
f 1652 1757 1650
f 1757 1758 1650
f 1650 1758 1648
f 1758 1759 1648
f 1648 1759 1646
f 1759 1760 1646
f 1646 1760 1644
f 1760 1761 1644
f 1644 1761 1642
f 1761 1762 1642
f 1642 1762 1640
f 1762 1763 1640
f 1640 1763 1638
f 1763 1764 1638
f 1638 1764 1636
f 1764 1765 1636
f 1636 1765 1634
f 1765 1766 1634
f 1634 1766 1632
f 1766 1767 1632
f 1632 1767 1630
f 1767 1768 1630
f 1630 1768 1628
f 1768 1769 1628
f 1628 1769 1626
f 1769 1770 1626
f 1626 1770 1624
f 1770 1771 1624
f 1624 1771 1622
f 1771 1772 1622
f 1622 1772 1620
f 1772 1773 1620
f 1620 1773 1618
f 1773 1774 1618
f 1618 1774 1616
f 1774 1775 1616
f 1616 1775 1614
f 1775 1776 1614
f 1614 1776 1612
f 1776 1777 1612
f 1612 1777 1610
f 1777 1778 1610
f 1610 1778 1608
f 1778 1779 1608
f 1608 1779 1606
f 1779 1780 1606
f 1606 1780 1604
f 1780 1781 1604
f 1604 1781 1602
f 1781 1782 1602
f 1602 1782 1600
f 1782 1783 1600
f 1600 1783 1598
f 1783 1784 1598
f 1598 1784 1596
f 1784 1785 1596
f 1596 1785 1594
f 1785 1786 1594
f 1594 1786 1592
f 1786 1787 1592
f 1592 1787 1590
f 1787 1788 1590
f 1590 1788 1588
f 1788 1789 1588
f 1588 1789 1586
f 1789 1790 1586
f 1586 1790 1584
f 1790 1791 1584
f 1584 1791 1582
f 1791 1792 1582
f 1582 1792 1580
f 1792 1793 1580
f 1580 1793 1578
f 1793 1722 1578
f 1794 1581 1795
f 1581 1579 1795
f 1795 1579 1796
f 1579 1721 1796
f 1796 1721 1797
f 1721 1719 1797
f 1797 1719 1798
f 1719 1717 1798
f 1798 1717 1799
f 1717 1715 1799
f 1799 1715 1800
f 1715 1713 1800
f 1800 1713 1801
f 1713 1711 1801
f 1801 1711 1802
f 1711 1709 1802
f 1802 1709 1803
f 1709 1707 1803
f 1803 1707 1804
f 1707 1705 1804
f 1804 1705 1805
f 1705 1703 1805
f 1805 1703 1806
f 1703 1701 1806
f 1806 1701 1807
f 1701 1699 1807
f 1807 1699 1808
f 1699 1697 1808
f 1808 1697 1809
f 1697 1695 1809
f 1809 1695 1810
f 1695 1693 1810
f 1810 1693 1811
f 1693 1691 1811
f 1811 1691 1812
f 1691 1689 1812
f 1812 1689 1813
f 1689 1687 1813
f 1813 1687 1814
f 1687 1685 1814
f 1814 1685 1815
f 1685 1683 1815
f 1815 1683 1816
f 1683 1681 1816
f 1816 1681 1817
f 1681 1679 1817
f 1817 1679 1818
f 1679 1677 1818
f 1818 1677 1819
f 1677 1675 1819
f 1819 1675 1820
f 1675 1673 1820
f 1820 1673 1821
f 1673 1671 1821
f 1821 1671 1822
f 1671 1669 1822
f 1822 1669 1823
f 1669 1667 1823
f 1823 1667 1824
f 1667 1665 1824
f 1824 1665 1825
f 1665 1663 1825
f 1825 1663 1826
f 1663 1661 1826
f 1826 1661 1827
f 1661 1659 1827
f 1827 1659 1828
f 1659 1657 1828
f 1828 1657 1829
f 1657 1655 1829
f 1829 1655 1830
f 1655 1653 1830
f 1830 1653 1831
f 1653 1651 1831
f 1831 1651 1832
f 1651 1649 1832
f 1832 1649 1833
f 1649 1647 1833
f 1833 1647 1834
f 1647 1645 1834
f 1834 1645 1835
f 1645 1643 1835
f 1835 1643 1836
f 1643 1641 1836
f 1836 1641 1837
f 1641 1639 1837
f 1837 1639 1838
f 1639 1637 1838
f 1838 1637 1839
f 1637 1635 1839
f 1839 1635 1840
f 1635 1633 1840
f 1840 1633 1841
f 1633 1631 1841
f 1841 1631 1842
f 1631 1629 1842
f 1842 1629 1843
f 1629 1627 1843
f 1843 1627 1844
f 1627 1625 1844
f 1844 1625 1845
f 1625 1623 1845
f 1845 1623 1846
f 1623 1621 1846
f 1846 1621 1847
f 1621 1619 1847
f 1847 1619 1848
f 1619 1617 1848
f 1848 1617 1849
f 1617 1615 1849
f 1849 1615 1850
f 1615 1613 1850
f 1850 1613 1851
f 1613 1611 1851
f 1851 1611 1852
f 1611 1609 1852
f 1852 1609 1853
f 1609 1607 1853
f 1853 1607 1854
f 1607 1605 1854
f 1854 1605 1855
f 1605 1603 1855
f 1855 1603 1856
f 1603 1601 1856
f 1856 1601 1857
f 1601 1599 1857
f 1857 1599 1858
f 1599 1597 1858
f 1858 1597 1859
f 1597 1595 1859
f 1859 1595 1860
f 1595 1593 1860
f 1860 1593 1861
f 1593 1591 1861
f 1861 1591 1862
f 1591 1589 1862
f 1862 1589 1863
f 1589 1587 1863
f 1863 1587 1864
f 1587 1585 1864
f 1864 1585 1865
f 1585 1583 1865
f 1865 1583 1794
f 1583 1581 1794
f 966 1866 1867
f 966 1867 1081
f 1867 1868 1081
f 1081 1868 1082
f 1868 1869 1082
f 1082 1869 1099
f 1869 1870 1099
f 1099 1870 1100
f 1100 1870 1101
f 1870 1871 1101
f 1101 1871 1872
f 1872 1871 1873
f 1871 1874 1873
f 1873 1874 1875
f 1875 1874 1876
f 1874 1877 1876
f 1876 1877 1878
f 1878 1877 1879
f 1877 1224 1879
f 1879 1224 1225
f 1483 1428 1539
f 1428 1429 1539
f 1436 1438 1486
f 1438 1557 1486
f 1072 1071 7
f 7 5 1072
f 5 63 1072
f 1072 63 1074
f 1074 63 1075
f 63 62 1075
f 1075 62 1024
f 62 60 1024
f 60 59 1024
f 1024 59 1025
f 59 57 1025
f 1025 57 1026
f 1026 57 735
f 57 55 735
f 735 55 736
f 736 55 1023
f 55 53 1023
f 1023 53 985
f 985 53 986
f 53 51 986
f 986 51 987
f 987 51 883
f 51 49 883
f 883 49 884
f 884 49 1017
f 49 47 1017
f 1017 47 1018
f 1018 47 1019
f 47 46 1019
f 1019 46 879
f 879 46 880
f 46 45 880
f 880 45 881
f 881 45 858
f 45 43 858
f 858 43 859
f 43 42 859
f 859 42 860
f 42 40 860
f 40 39 860
f 860 39 861
f 39 37 861
f 37 35 861
f 861 35 862
f 35 34 862
f 34 32 862
f 862 32 1020
f 32 31 1020
f 1020 31 1021
f 31 29 1021
f 1021 29 1022
f 29 27 1022
f 25 1055 27
f 1055 1054 27
f 27 1054 1022
f 23 1014 25
f 1014 878 25
f 25 878 1055
f 1070 1069 18
f 1069 1068 18
f 18 1068 20
f 1068 1067 20
f 20 1067 21
f 1067 1016 21
f 21 1016 23
f 1016 1015 23
f 23 1015 1014
f 18 17 1070
f 17 15 1070
f 1070 15 1010
f 15 14 1010
f 1010 14 1011
f 14 12 1011
f 1011 12 1012
f 12 11 1012
f 1012 11 1013
f 11 9 1013
f 1013 9 1051
f 9 8 1051
f 1051 8 1052
f 1052 8 1053
f 8 3 1053
f 1053 3 164
f 428 429 429
f 170 1880 1881
f 174 1882 1883
f 1884 1885 1886
f 429 429 430
f 208 431 1887
f 202 204 1888
f 204 1889 1888
f 1890 1891 1892
f 1891 202 1892
f 1893 1894 1895
f 1894 1896 1895
f 1895 1896 1897
f 1896 1898 1897
f 1897 1898 1899
f 1898 1900 1899
f 1899 1900 1901
f 1900 1902 1901
f 1901 1902 1903
f 1902 200 1903
f 1903 200 1890
f 200 1904 1890
f 1890 1904 1891
f 1884 1886 1905
f 1886 1906 1905
f 1905 1906 1907
f 182 1908 1909
f 1908 1910 1909
f 1909 1910 1911
f 1910 1912 1911
f 1911 1912 1913
f 1912 1914 1913
f 1913 1914 1915
f 1914 1916 1915
f 1915 1916 1907
f 176 1917 1918
f 1917 1919 1918
f 1918 1919 1920
f 1919 1921 1920
f 1920 1921 1922
f 1921 180 1922
f 1922 180 1923
f 180 1924 1923
f 174 1883 1925
f 1883 1926 1925
f 1925 1926 172
f 170 1927 168
f 1927 1928 168
f 168 1928 1929
f 1930 165 1929
f 1929 1928 1930
f 1928 598 1930
f 1930 598 597
f 170 1881 1927
f 1881 631 1927
f 1927 631 1928
f 631 599 1928
f 1928 599 598
f 588 587 1881
f 587 632 1881
f 1881 632 631
f 1880 172 1881
f 172 1926 1881
f 1881 1926 588
f 1926 1883 588
f 588 1883 589
f 593 592 1882
f 592 591 1882
f 1882 591 1883
f 591 590 1883
f 1883 590 589
f 174 176 1882
f 176 1918 1882
f 1882 1918 593
f 1918 1920 593
f 593 1920 602
f 1920 1922 602
f 602 1922 601
f 630 629 1923
f 629 628 1923
f 1923 628 1922
f 628 600 1922
f 1922 600 601
f 1924 182 1923
f 182 1909 1923
f 1923 1909 630
f 1909 1911 630
f 630 1911 636
f 1911 1913 636
f 636 1913 637
f 1907 1906 1915
f 1906 641 1915
f 1915 641 1913
f 641 638 1913
f 1913 638 637
f 1885 644 1886
f 644 643 1886
f 1886 643 1906
f 643 642 1906
f 1906 642 641
f 634 633 1885
f 633 645 1885
f 1885 645 644
f 1901 639 1899
f 639 635 1899
f 1899 635 1897
f 635 634 1897
f 1897 634 1895
f 634 1885 1895
f 1895 1885 1893
f 1885 1884 1893
f 596 595 1903
f 595 594 1903
f 1903 594 1901
f 594 640 1901
f 1901 640 639
f 596 1903 581
f 1903 1890 581
f 581 1890 580
f 1890 1892 580
f 580 1892 426
f 202 1888 1892
f 1888 427 1892
f 1892 427 426
f 1887 431 206
f 431 430 206
f 206 430 1889
f 430 429 1889
f 1889 429 1888
f 429 428 1888
f 1888 428 427
f 773 209 211
f 540 66 65
f 65 7 1071
f 540 65 541
f 65 1071 541
f 541 1071 603
f 771 773 597
f 773 211 597
f 597 211 1930
f 211 165 1930
f 597 586 771
f 586 585 771
f 771 585 759
f 585 584 759
f 759 584 763
f 584 583 763
f 763 583 777
f 583 582 777
f 777 582 775
f 582 627 775
f 775 627 766
f 627 626 766
f 766 626 764
f 626 625 764
f 764 625 749
f 625 624 749
f 749 624 750
f 624 623 750
f 750 623 783
f 623 622 783
f 783 622 782
f 622 621 782
f 782 621 780
f 621 620 780
f 780 620 851
f 620 619 851
f 851 619 852
f 619 618 852
f 852 618 853
f 618 617 853
f 853 617 810
f 617 616 810
f 810 616 808
f 616 615 808
f 808 615 806
f 615 614 806
f 806 614 854
f 614 613 854
f 854 613 855
f 613 612 855
f 855 612 856
f 612 611 856
f 856 611 811
f 611 610 811
f 811 610 812
f 610 609 812
f 812 609 814
f 609 608 814
f 814 608 816
f 608 607 816
f 816 607 877
f 607 606 877
f 877 606 857
f 606 605 857
f 857 605 882
f 605 604 882
f 882 604 737
f 604 603 737
f 737 603 1073
f 603 1071 1073
f 966 1046 1866
f 1046 1931 1866
f 1931 1046 1932
f 1046 1111 1932
f 1932 1111 1933
f 1111 1104 1933
f 1104 1106 1933
f 1106 1934 1933
f 1396 1398 1935
f 1398 1936 1935
f 1937 1938 1936
f 1938 1939 1936
f 1936 1939 1935
f 1940 1941 1937
f 1941 1942 1937
f 1937 1942 1938
f 1943 1944 1940
f 1944 1945 1940
f 1940 1945 1941
f 1946 1947 1943
f 1947 1948 1943
f 1943 1948 1944
f 1949 1950 1946
f 1950 1951 1946
f 1946 1951 1947
f 790 787 1949
f 787 1952 1949
f 1949 1952 1950
f 1949 1953 790
f 1953 1954 790
f 790 1954 791
f 1954 1955 791
f 791 1955 793
f 1955 1956 793
f 793 1956 974
f 1956 1957 974
f 974 1957 1003
f 1957 1958 1003
f 1003 1958 1004
f 1958 1959 1004
f 1004 1959 1005
f 1959 1960 1005
f 1005 1960 973
f 1960 1961 973
f 973 1961 971
f 1961 1962 971
f 971 1962 823
f 1962 1963 823
f 823 1963 824
f 1963 1964 824
f 824 1964 998
f 1964 1965 998
f 998 1965 999
f 1965 1966 999
f 999 1966 1001
f 1966 1967 1001
f 1001 1967 1002
f 1967 1968 1002
f 1002 1968 865
f 1968 1969 865
f 865 1969 970
f 1969 1970 970
f 970 1970 969
f 1970 1971 969
f 969 1971 967
f 1971 1972 967
f 967 1972 994
f 1972 1973 994
f 994 1973 995
f 1973 1974 995
f 995 1974 997
f 1974 1975 997
f 997 1975 1139
f 1975 1976 1139
f 1139 1976 1140
f 1976 1977 1140
f 1140 1977 1141
f 1977 1978 1141
f 1141 1978 1142
f 1978 1979 1142
f 1142 1979 1143
f 1979 1980 1143
f 1143 1980 1144
f 1980 1981 1144
f 1144 1981 1145
f 1981 1982 1145
f 1145 1982 1114
f 1982 1983 1114
f 1114 1983 1115
f 1983 1984 1115
f 1115 1984 1135
f 1984 1985 1135
f 1135 1985 1134
f 1985 1934 1134
f 1134 1934 1106
f 713 712 353
f 712 711 353
f 733 732 345
f 732 731 345
f 355 1986 353
f 1986 704 353
f 353 704 707
f 345 715 718
f 711 714 353
f 714 717 353
f 353 717 345
f 717 716 345
f 345 716 715
f 415 416 1987
f 718 721 345
f 721 720 345
f 345 720 719
f 719 726 345
f 726 725 345
f 345 725 724
f 346 345 727
f 345 728 727
f 1988 1989 413
f 1989 1990 413
f 413 1990 411
f 1990 1991 411
f 411 1991 409
f 1991 1992 409
f 409 1992 407
f 1992 1993 407
f 407 1993 405
f 1993 1994 405
f 405 1994 403
f 1994 1995 403
f 403 1995 401
f 1995 1996 401
f 401 1996 399
f 1996 1997 399
f 399 1997 397
f 1997 1998 397
f 397 1998 395
f 1998 1999 395
f 395 1999 393
f 1999 2000 393
f 393 2000 391
f 2000 2001 391
f 391 2001 389
f 2001 2002 389
f 389 2002 387
f 2002 2003 387
f 387 2003 385
f 2003 2004 385
f 385 2004 383
f 2004 2005 383
f 383 2005 381
f 2005 2006 381
f 381 2006 379
f 2006 2007 379
f 379 2007 377
f 2007 2008 377
f 377 2008 375
f 2008 2009 375
f 375 2009 373
f 2009 2010 373
f 373 2010 371
f 2010 2011 371
f 371 2011 369
f 2011 2012 369
f 369 2012 367
f 2012 2013 367
f 367 2013 365
f 2013 2014 365
f 365 2014 363
f 2014 2015 363
f 363 2015 361
f 2015 2016 361
f 361 2016 359
f 2016 2017 359
f 359 2017 357
f 2017 2018 357
f 357 2018 355
f 2018 2019 355
f 355 2019 1986
f 2020 413 2021
f 413 415 2021
f 2021 415 2022
f 2020 2023 413
f 2023 2024 413
f 413 2024 2025
f 731 730 345
f 730 729 345
f 345 729 728
f 707 706 353
f 706 705 353
f 353 705 710
f 2025 2026 413
f 2026 2027 413
f 413 2027 2028
f 1987 2029 415
f 2029 2030 415
f 415 2030 2031
f 2031 2032 415
f 2032 2033 415
f 415 2033 2034
f 724 723 345
f 723 722 345
f 345 722 733
f 710 709 353
f 709 708 353
f 353 708 713
f 2028 2035 413
f 2035 2036 413
f 413 2036 2037
f 2038 2039 413
f 2039 2040 413
f 413 2040 2041
f 2041 2042 413
f 2042 2043 413
f 413 2043 1988
f 2034 2044 415
f 2044 2045 415
f 415 2045 2022
f 2037 2046 413
f 2046 2047 413
f 413 2047 2038
f 1116 1088 2048
f 1088 1990 2048
f 1987 416 418
f 2049 2030 2050
f 2030 2029 2050
f 2050 2029 2051
f 2029 1987 2051
f 2051 1987 2052
f 1987 418 2052
f 2052 418 2053
f 418 417 2053
f 2033 2032 2049
f 2032 2031 2049
f 2049 2031 2030
f 2054 2044 2055
f 2044 2034 2055
f 2055 2034 2056
f 2034 2033 2056
f 2056 2033 2057
f 2033 2049 2057
f 2021 2022 2054
f 2022 2045 2054
f 2054 2045 2044
f 2054 2058 2021
f 2058 2059 2021
f 2021 2059 2020
f 2059 2060 2020
f 2020 2060 2023
f 2061 2027 2062
f 2027 2026 2062
f 2062 2026 2063
f 2026 2025 2063
f 2063 2025 2060
f 2025 2024 2060
f 2060 2024 2023
f 2064 2046 2065
f 2046 2037 2065
f 2065 2037 2066
f 2037 2036 2066
f 2066 2036 2067
f 2036 2035 2067
f 2067 2035 2061
f 2035 2028 2061
f 2061 2028 2027
f 2068 2040 2069
f 2040 2039 2069
f 2069 2039 2070
f 2039 2038 2070
f 2070 2038 2064
f 2038 2047 2064
f 2064 2047 2046
f 1990 1989 2048
f 1989 1988 2048
f 2048 1988 2071
f 1988 2043 2071
f 2071 2043 2072
f 2043 2042 2072
f 2072 2042 2068
f 2042 2041 2068
f 2068 2041 2040
f 2069 1121 2068
f 1121 1120 2068
f 2068 1120 2072
f 1120 1119 2072
f 2072 1119 2071
f 1119 1118 2071
f 2071 1118 2048
f 1118 1117 2048
f 2048 1117 1116
f 2065 1123 2064
f 1123 1122 2064
f 2064 1122 2070
f 1122 1108 2070
f 2070 1108 2069
f 1108 1107 2069
f 2069 1107 1121
f 2063 1093 2062
f 1093 1041 2062
f 2062 1041 2061
f 1041 1040 2061
f 2061 1040 2067
f 1040 1126 2067
f 2067 1126 2066
f 1126 1125 2066
f 2066 1125 2065
f 1125 1124 2065
f 2065 1124 1123
f 2058 1078 2059
f 1078 1129 2059
f 2059 1129 2060
f 1129 1128 2060
f 2060 1128 2063
f 1128 1127 2063
f 2063 1127 1093
f 417 1043 2053
f 1043 1042 2053
f 2053 1042 2052
f 1042 990 2052
f 2052 990 2051
f 990 989 2051
f 2051 989 2050
f 989 1090 2050
f 2050 1090 2049
f 1090 1089 2049
f 2049 1089 2057
f 1089 1060 2057
f 2057 1060 2056
f 1060 1059 2056
f 2056 1059 2055
f 1059 1097 2055
f 2055 1097 2054
f 1097 1096 2054
f 2054 1096 2058
f 1096 1079 2058
f 2058 1079 1078
f 274 988 331
f 988 419 331
f 406 404 2073
f 404 402 2073
f 2073 402 400
f 412 410 2073
f 410 408 2073
f 2073 408 406
f 422 421 2073
f 421 414 2073
f 2073 414 412
f 433 432 2073
f 432 423 2073
f 2073 423 422
f 439 437 2073
f 437 435 2073
f 2073 435 433
f 445 443 2073
f 443 441 2073
f 2073 441 439
f 451 449 2073
f 449 447 2073
f 2073 447 445
f 457 455 2073
f 455 453 2073
f 2073 453 451
f 463 461 2073
f 461 459 2073
f 2073 459 457
f 469 467 2073
f 467 465 2073
f 2073 465 463
f 475 473 2073
f 473 471 2073
f 2073 471 469
f 481 479 2073
f 479 477 2073
f 2073 477 475
f 487 485 2073
f 485 483 2073
f 2073 483 481
f 493 491 2073
f 491 489 2073
f 2073 489 487
f 340 341 2073
f 341 342 2073
f 2073 342 493
f 352 351 2073
f 351 343 2073
f 2073 343 340
f 358 356 2073
f 356 354 2073
f 2073 354 352
f 364 362 2073
f 362 360 2073
f 2073 360 358
f 370 368 2073
f 368 366 2073
f 2073 366 364
f 376 374 2073
f 374 372 2073
f 2073 372 370
f 382 380 2073
f 380 378 2073
f 2073 378 376
f 388 386 2073
f 386 384 2073
f 2073 384 382
f 394 392 2073
f 392 390 2073
f 2073 390 388
f 400 398 2073
f 398 396 2073
f 2073 396 394
f 867 268 868
f 268 270 868
f 868 270 869
f 270 272 869
f 869 272 870
f 272 273 870
f 870 273 977
f 273 266 977
f 977 266 978
f 266 265 978
f 978 265 979
f 265 263 979
f 979 263 980
f 263 262 980
f 980 262 981
f 262 260 981
f 260 258 981
f 981 258 804
f 258 256 804
f 804 256 805
f 805 256 846
f 256 254 846
f 846 254 847
f 847 254 848
f 254 252 848
f 848 252 871
f 871 252 872
f 252 251 872
f 872 251 873
f 873 251 849
f 251 250 849
f 849 250 850
f 850 250 874
f 250 248 874
f 874 248 875
f 248 246 875
f 246 245 875
f 875 245 876
f 245 243 876
f 876 243 982
f 243 242 982
f 982 242 983
f 242 240 983
f 232 799 234
f 799 798 234
f 234 798 236
f 798 762 236
f 236 762 237
f 762 761 237
f 237 761 239
f 761 774 239
f 239 774 240
f 774 984 240
f 240 984 983
f 230 801 232
f 801 800 232
f 232 800 799
f 228 803 230
f 803 802 230
f 230 802 801
f 797 796 223
f 796 795 223
f 223 795 225
f 795 760 225
f 225 760 226
f 760 758 226
f 226 758 228
f 758 757 228
f 228 757 803
f 223 222 797
f 222 220 797
f 797 220 844
f 220 219 844
f 844 219 845
f 219 217 845
f 845 217 789
f 217 216 789
f 789 216 788
f 216 214 788
f 788 214 769
f 214 213 769
f 769 213 770
f 770 213 772
f 213 209 772
f 772 209 773
f 2074 988 274
f 752 751 2075
f 988 2074 1092
f 2074 2076 1092
f 1092 2076 1094
f 2076 2077 1094
f 1094 2077 1095
f 2077 2078 1095
f 1095 2078 1030
f 2078 2079 1030
f 1030 2079 1029
f 1029 2079 1027
f 2079 2080 1027
f 1027 2080 1031
f 2080 2081 1031
f 1031 2081 1032
f 2081 2082 1032
f 1032 2082 1033
f 2082 2083 1033
f 1033 2083 1083
f 1083 2083 1084
f 2083 2084 1084
f 1084 2084 1034
f 2084 2085 1034
f 1034 2085 1035
f 1076 1058 2086
f 1058 1057 2086
f 2086 1057 2087
f 1057 1056 2087
f 1076 2088 1077
f 2088 2089 1077
f 1077 2089 1039
f 1039 2089 1038
f 2089 2090 1038
f 1038 2090 740
f 2090 2091 740
f 740 2091 744
f 2091 2092 744
f 744 2092 745
f 767 756 2093
f 756 755 2093
f 2093 755 2094
f 755 754 2094
f 2094 754 2095
f 754 753 2095
f 2095 753 2096
f 753 752 2096
f 747 768 2097
f 768 2098 2097
f 2097 2098 327
f 333 747 332
f 747 2097 332
f 332 2097 329
f 2097 327 329
f 322 324 2098
f 324 326 2098
f 2098 326 327
f 768 767 2098
f 767 2093 2098
f 2098 2093 322
f 2093 2094 322
f 322 2094 321
f 2094 2095 321
f 321 2095 319
f 752 2075 2096
f 2075 316 2096
f 2096 316 2095
f 316 318 2095
f 2095 318 319
f 311 313 2075
f 313 315 2075
f 2075 315 316
f 304 305 2088
f 305 307 2088
f 2088 307 2089
f 307 308 2089
f 2089 308 2090
f 308 310 2090
f 2090 310 2091
f 310 311 2091
f 2091 311 2092
f 311 2075 2092
f 2092 2075 745
f 2075 751 745
f 1076 2086 2088
f 2086 302 2088
f 2088 302 304
f 1056 2099 2087
f 2099 297 2087
f 2087 297 2086
f 297 296 2086
f 2086 296 302
f 2100 299 2099
f 299 298 2099
f 2099 298 297
f 1056 1035 2099
f 1035 2085 2099
f 2099 2085 2100
f 2085 2084 2100
f 2100 2084 2101
f 2084 2083 2101
f 2101 2083 2102
f 2083 2082 2102
f 2102 2082 2103
f 2082 2081 2103
f 2103 2081 2104
f 2081 2080 2104
f 2104 2080 2105
f 2076 295 2077
f 295 294 2077
f 2077 294 2078
f 294 292 2078
f 2078 292 2079
f 292 2106 2079
f 2079 2106 2080
f 2106 2107 2080
f 2080 2107 2105
f 274 276 2074
f 276 280 2074
f 2074 280 2076
f 280 279 2076
f 2076 279 295
f 1161 2108 2109
f 2110 1150 2111
f 1150 1149 2111
f 2111 1149 2112
f 1149 1148 2112
f 2112 1148 2113
f 1148 1147 2113
f 2113 1147 2109
f 1147 1159 2109
f 2109 1159 1161
f 2114 1167 2115
f 1167 1166 2115
f 2115 1166 2116
f 1166 1137 2116
f 2116 1137 2117
f 1137 1136 2117
f 2117 1136 2110
f 1136 1151 2110
f 2110 1151 1150
f 2118 1171 2114
f 1171 1168 2114
f 2114 1168 1167
f 2119 1130 2120
f 1130 1138 2120
f 2120 1138 2118
f 1138 1172 2118
f 2118 1172 1171
f 2121 1155 2122
f 1155 1154 2122
f 2122 1154 2123
f 1154 1153 2123
f 2123 1153 2124
f 1153 1152 2124
f 2124 1152 2119
f 1152 1131 2119
f 2119 1131 1130
f 2125 1163 2126
f 1163 1162 2126
f 2126 1162 2127
f 1162 1158 2127
f 2127 1158 2128
f 1158 1157 2128
f 2128 1157 2121
f 1157 1156 2121
f 2121 1156 1155
f 1175 1176 2129
f 1176 1165 2129
f 2129 1165 2130
f 1165 1091 2130
f 2130 1091 2131
f 1091 1098 2131
f 2131 1098 2132
f 1098 1170 2132
f 2132 1170 2133
f 1170 1169 2133
f 2133 1169 2125
f 1169 1164 2125
f 2125 1164 1163
f 111 734 2134
f 734 1173 2134
f 2134 1173 1174
f 160 162 2134
f 162 163 2134
f 2134 163 111
f 1174 1175 2134
f 1175 2129 2134
f 2134 2129 160
f 2129 2130 160
f 160 2130 159
f 2130 2131 159
f 159 2131 2135
f 2131 2132 2135
f 2135 2132 2136
f 2132 2133 2136
f 2136 2133 2137
f 2137 2133 2138
f 2133 2125 2138
f 2138 2125 2139
f 2125 2126 2139
f 2139 2126 2140
f 2126 2127 2140
f 2140 2127 2141
f 2127 2128 2141
f 2141 2128 2142
f 2142 2128 147
f 2128 2121 147
f 147 2121 2143
f 2121 2122 2143
f 2143 2122 145
f 2122 2123 145
f 145 2123 143
f 143 2123 141
f 2123 2124 141
f 141 2124 139
f 2124 2119 139
f 139 2119 138
f 2119 2120 138
f 138 2120 136
f 136 2120 135
f 2120 2118 135
f 135 2118 133
f 2118 2114 133
f 133 2114 131
f 2114 2115 131
f 131 2115 130
f 2115 2116 130
f 130 2116 128
f 128 2116 127
f 2116 2117 127
f 127 2117 125
f 2117 2110 125
f 125 2110 123
f 2110 2111 123
f 123 2111 122
f 2111 2112 122
f 122 2112 120
f 120 2112 119
f 2112 2113 119
f 119 2113 117
f 2113 2109 117
f 117 2109 115
f 2109 2108 115
f 115 2108 113
f 1161 114 2108
f 114 113 2108
f 867 269 268
f 748 1554 765
f 1554 1553 765
f 813 1235 2144
f 813 2144 807
f 2144 2145 807
f 807 2145 809
f 2145 2146 809
f 809 2146 781
f 2146 1554 781
f 781 1554 748
f 1879 1225 1226
f 1879 1226 1878
f 1876 1878 1080
f 1876 1080 1875
f 1101 1872 1080
f 1872 1873 1080
f 1080 1873 1875
f 1878 1226 1080
f 1226 1229 1080
f 1080 1229 1160
f 1229 1231 1160
f 1160 1231 1146
f 1231 1233 1146
f 1146 1233 815
f 1233 1235 815
f 815 1235 813
f 2147 2148 2149
f 2147 2149 2150
f 2149 2151 2150
f 2150 2151 2152
f 2151 2153 2152
f 2152 2153 2154
f 2153 2155 2154
f 2154 2155 2156
f 2155 2157 2156
f 2156 2157 2158
f 2159 2160 2161
f 2160 2162 2161
f 2161 2163 2164
f 2165 2162 2166
f 2162 2167 2166
f 2163 2161 2168
f 2161 2169 2168
f 2168 2169 2170
f 2170 2171 2168
f 2171 2172 2168
f 2168 2172 2173
f 2174 2175 2161
f 2176 2177 2178
f 2175 2179 2161
f 2179 2180 2161
f 2161 2180 2159
f 2173 2172 2181
f 2172 2182 2181
f 2181 2182 2183
f 2176 2178 2184
f 2185 2186 2187
f 2188 2189 2167
f 2189 2190 2167
f 2167 2190 2166
f 2191 2192 2165
f 2192 2193 2165
f 2165 2193 2162
f 2193 2194 2162
f 2162 2194 2161
f 2195 2196 2197
f 2184 2178 2198
f 2178 2199 2198
f 2198 2199 2200
f 2201 2202 2181
f 2202 2198 2181
f 2181 2198 2203
f 2198 2200 2203
f 2187 2204 2185
f 2204 2205 2185
f 2185 2205 2206
f 2186 2185 2167
f 2185 2207 2167
f 2167 2207 2208
f 2191 2209 2192
f 2209 2210 2192
f 2192 2210 2211
f 2211 2212 2192
f 2212 2195 2192
f 2192 2195 2213
f 2197 2214 2195
f 2214 2215 2195
f 2195 2215 2213
f 2183 2216 2181
f 2216 2217 2181
f 2181 2217 2201
f 2218 2161 2219
f 2161 2220 2219
f 2221 2222 2161
f 2222 2223 2161
f 2161 2223 2174
f 2206 2224 2185
f 2224 2225 2185
f 2185 2225 2226
f 2208 2227 2167
f 2227 2228 2167
f 2167 2228 2188
f 2164 2229 2161
f 2229 2230 2161
f 2161 2230 2220
f 2218 2231 2161
f 2231 2232 2161
f 2161 2232 2221
f 2233 2234 2235
f 2235 2236 2233
f 2236 2237 2233
f 2233 2237 2185
f 2226 2238 2185
f 2238 2239 2185
f 2185 2239 2233
f 2159 2240 2241
f 2159 2241 2160
f 2241 2242 2160
f 2160 2242 2162
f 2192 2243 2193
f 2243 2244 2193
f 2193 2244 2194
f 2244 2245 2194
f 2194 2245 2161
f 2245 2246 2161
f 2161 2246 2169
f 2246 2247 2169
f 2169 2247 2170
f 2247 2248 2170
f 2170 2248 2171
f 2248 2249 2171
f 2171 2249 2172
f 2249 2250 2172
f 2172 2250 2182
f 2250 2251 2182
f 2182 2251 2183
f 2251 2252 2183
f 2183 2252 2216
f 2252 2253 2216
f 2216 2253 2217
f 2253 2254 2217
f 2217 2254 2201
f 2254 2255 2201
f 2201 2255 2202
f 2255 2256 2202
f 2202 2256 2198
f 2256 2257 2198
f 2198 2257 2184
f 2257 2258 2184
f 2184 2258 2176
f 2258 2259 2176
f 2176 2259 2177
f 2259 2260 2177
f 2177 2260 2178
f 2260 2261 2178
f 2178 2261 2199
f 2261 2262 2199
f 2199 2262 2200
f 2262 2263 2200
f 2200 2263 2203
f 2263 2264 2203
f 2203 2264 2181
f 2264 2265 2181
f 2181 2265 2173
f 2265 2266 2173
f 2173 2266 2168
f 2266 2267 2168
f 2268 2269 2270
f 2268 2270 2271
f 2270 2272 2271
f 2271 2272 2273
f 2274 2275 2272
f 2276 2277 2278
f 2279 2280 2281
f 2275 2282 2272
f 2282 2283 2272
f 2272 2283 2273
f 2284 2285 2286
f 2285 2287 2286
f 2287 2281 2286
f 2286 2281 2288
f 2281 2280 2288
f 2289 2290 2291
f 2290 2292 2291
f 2274 2272 2286
f 2272 2293 2286
f 2286 2293 2294
f 2294 2295 2286
f 2295 2296 2286
f 2286 2296 2297
f 2279 2281 2278
f 2281 2298 2278
f 2278 2298 2276
f 2277 2299 2278
f 2299 2300 2278
f 2278 2300 2301
f 2300 2302 2301
f 2303 2304 2305
f 2306 2307 2308
f 2307 2309 2308
f 2292 2310 2291
f 2310 2311 2291
f 2291 2311 2312
f 2289 2313 2290
f 2313 2314 2290
f 2290 2314 2315
f 2297 2316 2286
f 2316 2317 2286
f 2286 2317 2284
f 2304 2318 2305
f 2318 2319 2305
f 2305 2319 2320
f 2320 2321 2305
f 2321 2322 2305
f 2305 2322 2323
f 2303 2305 2308
f 2305 2324 2308
f 2308 2324 2306
f 2309 2325 2308
f 2325 2290 2308
f 2308 2290 2326
f 2269 2327 2270
f 2327 2328 2270
f 2270 2328 2329
f 2328 2326 2329
f 2329 2326 2330
f 2326 2290 2330
f 2330 2290 2331
f 2290 2315 2331
f 2332 2333 2334
f 2333 2335 2334
f 2334 2335 2336
f 2312 2311 2334
f 2311 2337 2334
f 2334 2337 2332
f 2336 2338 2334
f 2338 2339 2334
f 2334 2339 2340
f 2341 2342 2343
f 2344 2345 2346
f 2344 2346 2342
f 2346 2347 2342
f 2342 2347 2343
f 2341 2343 2348
f 2343 2349 2348
f 2348 2349 2350
f 2350 2351 2348
f 2351 2352 2348
f 2348 2352 2353
f 2340 2354 2334
f 2354 2348 2334
f 2334 2348 2355
f 2348 2353 2355
f 2271 2356 2357
f 2271 2357 2268
f 2357 2358 2268
f 2268 2358 2269
f 2358 2359 2269
f 2269 2359 2327
f 2359 2360 2327
f 2327 2360 2328
f 2360 2361 2328
f 2328 2361 2326
f 2329 2362 2363
f 2329 2363 2270
f 2363 2364 2270
f 2270 2364 2272
f 2365 2165 2366
f 2165 2166 2366
f 2165 2365 2191
f 2365 2367 2191
f 2191 2367 2209
f 2367 2368 2209
f 2209 2368 2210
f 2368 2369 2210
f 2210 2369 2211
f 2369 2370 2211
f 2211 2370 2212
f 2370 2371 2212
f 2212 2371 2195
f 2371 2372 2195
f 2195 2372 2196
f 2372 2373 2196
f 2196 2373 2197
f 2373 2374 2197
f 2197 2374 2214
f 2374 2375 2214
f 2214 2375 2215
f 2375 2376 2215
f 2215 2376 2213
f 2376 2377 2213
f 2213 2377 2192
f 2377 2243 2192
f 2378 2379 2380
f 2379 2381 2380
f 2380 2381 2382
f 2381 2383 2382
f 2382 2383 2384
f 2383 2385 2384
f 2384 2385 2386
f 2385 2387 2386
f 2386 2387 2388
f 2387 2389 2388
f 2388 2389 2390
f 2389 2391 2390
f 2390 2391 2392
f 2391 2393 2392
f 2392 2393 2394
f 2393 2395 2394
f 2394 2395 2396
f 2395 2397 2396
f 2396 2397 2398
f 2397 2399 2398
f 2398 2399 2400
f 2399 2401 2400
f 2400 2401 2402
f 2401 2403 2402
f 2402 2403 2404
f 2403 2405 2404
f 2404 2405 2406
f 2405 2407 2406
f 2406 2407 2408
f 2407 2409 2408
f 2408 2409 2410
f 2409 2411 2410
f 2410 2411 2412
f 2411 2413 2412
f 2412 2413 2414
f 2413 2415 2414
f 2414 2415 2416
f 2415 2417 2416
f 2416 2417 2418
f 2417 2419 2418
f 2418 2419 2147
f 2419 2148 2147
f 2168 2267 2163
f 2267 2420 2163
f 2163 2420 2164
f 2420 2421 2164
f 2164 2421 2229
f 2421 2422 2229
f 2229 2422 2230
f 2422 2423 2230
f 2230 2423 2220
f 2423 2424 2220
f 2220 2424 2219
f 2424 2425 2219
f 2219 2425 2218
f 2425 2426 2218
f 2218 2426 2231
f 2426 2427 2231
f 2231 2427 2232
f 2427 2428 2232
f 2232 2428 2221
f 2428 2429 2221
f 2221 2429 2222
f 2429 2430 2222
f 2222 2430 2223
f 2430 2431 2223
f 2223 2431 2174
f 2431 2432 2174
f 2174 2432 2175
f 2432 2433 2175
f 2175 2433 2179
f 2433 2434 2179
f 2179 2434 2180
f 2434 2435 2180
f 2180 2435 2159
f 2435 2240 2159
f 2436 2292 2437
f 2292 2290 2437
f 2292 2436 2310
f 2436 2438 2310
f 2310 2438 2311
f 2438 2439 2311
f 2311 2439 2337
f 2439 2440 2337
f 2337 2440 2332
f 2440 2441 2332
f 2332 2441 2333
f 2441 2442 2333
f 2333 2442 2335
f 2442 2443 2335
f 2335 2443 2336
f 2443 2444 2336
f 2336 2444 2338
f 2444 2445 2338
f 2338 2445 2339
f 2445 2446 2339
f 2339 2446 2340
f 2446 2447 2340
f 2340 2447 2354
f 2447 2448 2354
f 2354 2448 2348
f 2448 2449 2348
f 2348 2449 2341
f 2449 2450 2341
f 2341 2450 2342
f 2450 2451 2342
f 2342 2451 2344
f 2451 2452 2344
f 2344 2452 2345
f 2452 2453 2345
f 2345 2453 2346
f 2453 2454 2346
f 2346 2454 2347
f 2454 2455 2347
f 2347 2455 2343
f 2455 2456 2343
f 2343 2456 2349
f 2456 2457 2349
f 2349 2457 2350
f 2457 2458 2350
f 2350 2458 2351
f 2458 2459 2351
f 2351 2459 2352
f 2459 2460 2352
f 2352 2460 2353
f 2460 2461 2353
f 2353 2461 2355
f 2461 2462 2355
f 2355 2462 2334
f 2462 2463 2334
f 2334 2463 2312
f 2463 2464 2312
f 2312 2464 2291
f 2464 2465 2291
f 2291 2465 2289
f 2465 2466 2289
f 2289 2466 2313
f 2466 2467 2313
f 2313 2467 2314
f 2467 2468 2314
f 2314 2468 2315
f 2468 2469 2315
f 2315 2469 2331
f 2469 2470 2331
f 2331 2470 2330
f 2470 2471 2330
f 2330 2471 2329
f 2471 2362 2329
f 2472 2473 2474
f 2472 2474 2158
f 2475 2473 2476
f 2473 2477 2476
f 2476 2477 2478
f 2158 2474 2156
f 2474 2479 2156
f 2156 2479 2154
f 2480 2481 2477
f 2481 2482 2477
f 2477 2482 2478
f 2475 2483 2473
f 2483 2484 2473
f 2473 2484 2485
f 2147 2150 2479
f 2150 2152 2479
f 2479 2152 2154
f 2485 2486 2473
f 2486 2487 2473
f 2473 2487 2488
f 2489 2490 2147
f 2491 2492 2473
f 2492 2493 2473
f 2473 2493 2474
f 2480 2477 2494
f 2477 2495 2494
f 2494 2495 2496
f 2496 2497 2494
f 2497 2498 2494
f 2494 2498 2499
f 2500 2501 2502
f 2479 2503 2147
f 2503 2504 2147
f 2147 2504 2505
f 2488 2506 2473
f 2506 2507 2473
f 2473 2507 2491
f 2501 2508 2502
f 2508 2509 2502
f 2502 2509 2510
f 2499 2511 2494
f 2511 2502 2494
f 2494 2502 2512
f 2502 2510 2512
f 2408 2410 2380
f 2513 2514 2515
f 2514 2516 2515
f 2515 2516 2517
f 2513 2515 2502
f 2515 2518 2502
f 2502 2518 2500
f 2384 2386 2400
f 2517 2519 2515
f 2519 2520 2515
f 2515 2520 2521
f 2520 2522 2521
f 2402 2404 2380
f 2404 2406 2380
f 2380 2406 2408
f 2490 2378 2147
f 2378 2380 2147
f 2147 2380 2418
f 2380 2416 2418
f 2505 2523 2147
f 2523 2524 2147
f 2147 2524 2525
f 2402 2380 2400
f 2380 2382 2400
f 2400 2382 2384
f 2410 2412 2380
f 2412 2414 2380
f 2380 2414 2416
f 2525 2526 2147
f 2526 2527 2147
f 2147 2527 2528
f 2388 2390 2386
f 2390 2392 2386
f 2386 2392 2394
f 2394 2396 2386
f 2396 2398 2386
f 2386 2398 2400
f 2528 2529 2147
f 2529 2530 2147
f 2147 2530 2531
f 2531 2532 2147
f 2532 2533 2147
f 2147 2533 2534
f 2534 2535 2147
f 2535 2536 2147
f 2147 2536 2489
f 2537 2379 2490
f 2379 2378 2490
f 2479 2538 2503
f 2538 2539 2503
f 2503 2539 2504
f 2539 2540 2504
f 2504 2540 2505
f 2540 2541 2505
f 2505 2541 2523
f 2541 2542 2523
f 2523 2542 2524
f 2542 2543 2524
f 2524 2543 2525
f 2543 2544 2525
f 2525 2544 2526
f 2544 2545 2526
f 2526 2545 2527
f 2545 2546 2527
f 2527 2546 2528
f 2546 2547 2528
f 2528 2547 2529
f 2547 2548 2529
f 2529 2548 2530
f 2548 2549 2530
f 2530 2549 2531
f 2549 2550 2531
f 2531 2550 2532
f 2550 2551 2532
f 2532 2551 2533
f 2551 2552 2533
f 2533 2552 2534
f 2552 2553 2534
f 2534 2553 2535
f 2553 2554 2535
f 2535 2554 2536
f 2554 2555 2536
f 2536 2555 2489
f 2555 2556 2489
f 2489 2556 2490
f 2556 2537 2490
f 2557 1347 1391
f 1347 1386 1391
f 1389 2558 1390
f 1391 1390 2557
f 1390 2558 2557
f 2559 2558 2560
f 2561 2562 2563
f 2562 2564 2563
f 2563 2564 2565
f 2564 2566 2565
f 2565 2566 2567
f 2568 2569 2559
f 2563 2570 2561
f 2570 2571 2561
f 2561 2571 2572
f 2571 2573 2572
f 2560 2574 2575
f 2576 2577 2578
f 2569 2579 2559
f 2579 2580 2559
f 2559 2580 2581
f 2582 2559 2583
f 2559 2584 2583
f 2585 2586 2558
f 2587 2588 2589
f 2566 2590 2567
f 2590 2591 2567
f 2567 2591 2592
f 2591 2593 2592
f 2594 2577 2595
f 2581 2596 2559
f 2596 2597 2559
f 2559 2597 2584
f 2582 2598 2559
f 2598 2599 2559
f 2559 2599 2600
f 2600 2601 2559
f 2601 2602 2559
f 2559 2602 2558
f 2602 2603 2558
f 2558 2603 2585
f 2586 2604 2558
f 2604 2605 2558
f 2558 2605 2606
f 2606 2607 2558
f 2607 2608 2558
f 2558 2608 2557
f 2560 2609 2574
f 2609 2610 2574
f 2574 2610 2611
f 2611 2612 2574
f 2612 2613 2574
f 2574 2613 2614
f 2589 2615 2616
f 2617 2618 2619
f 2618 2589 2619
f 2619 2589 2620
f 2621 2622 2595
f 2578 2623 2576
f 2623 2624 2576
f 2576 2624 2625
f 2575 2626 2560
f 2626 2627 2560
f 2560 2627 2628
f 2628 2629 2560
f 2629 2630 2560
f 2560 2630 2631
f 2573 2559 2572
f 2559 2560 2572
f 2572 2560 2632
f 2560 2631 2632
f 2593 2591 2589
f 2591 2633 2589
f 2589 2633 2634
f 2634 2635 2589
f 2635 2636 2589
f 2589 2636 2587
f 2588 2637 2589
f 2637 2638 2589
f 2589 2638 2615
f 2616 2639 2589
f 2639 2640 2589
f 2589 2640 2620
f 2641 2642 2643
f 2644 2645 2646
f 2645 2647 2646
f 2648 2649 2613
f 2649 2650 2613
f 2619 2651 2617
f 2651 2652 2617
f 2617 2652 2653
f 2622 2654 2595
f 2654 2655 2595
f 2595 2655 2656
f 2656 2657 2595
f 2657 2658 2595
f 2595 2658 2659
f 2659 2660 2595
f 2660 2661 2595
f 2595 2661 2594
f 2662 2663 2664
f 2613 2665 2648
f 2665 2646 2648
f 2648 2646 2666
f 2646 2647 2666
f 2650 2667 2613
f 2667 2668 2613
f 2613 2668 2614
f 2669 2670 2617
f 2670 2671 2617
f 2617 2671 2672
f 2621 2595 2643
f 2595 2673 2643
f 2643 2673 2641
f 2662 2664 2674
f 2675 2676 2559
f 2676 2677 2559
f 2559 2677 2568
f 2675 2678 2676
f 2678 2679 2676
f 2676 2679 2680
f 2679 2681 2680
f 2680 2681 2682
f 2681 2683 2682
f 2682 2683 2684
f 2683 2625 2684
f 2684 2625 2685
f 2625 2624 2685
f 2644 2686 2645
f 2686 2687 2645
f 2645 2687 2688
f 2653 2689 2617
f 2689 2690 2617
f 2617 2690 2691
f 2691 2692 2617
f 2692 2693 2617
f 2617 2693 2669
f 2694 2695 2696
f 2695 2697 2696
f 2672 2698 2617
f 2698 2697 2617
f 2617 2697 2699
f 2697 2695 2699
f 2577 2594 2578
f 2594 2700 2578
f 2578 2700 2664
f 2700 2701 2664
f 2664 2701 2674
f 2702 2703 2704
f 2704 2705 2702
f 2705 2706 2702
f 2702 2706 2707
f 2663 2708 2664
f 2708 2702 2664
f 2664 2702 2709
f 2702 2707 2709
f 2710 2711 2702
f 2711 2712 2702
f 2702 2712 2703
f 2474 2713 2479
f 2713 2538 2479
f 2477 2714 2495
f 2714 2715 2495
f 2495 2715 2496
f 2715 2716 2496
f 2496 2716 2497
f 2716 2717 2497
f 2497 2717 2498
f 2717 2718 2498
f 2498 2718 2499
f 2718 2719 2499
f 2499 2719 2511
f 2719 2720 2511
f 2511 2720 2502
f 2720 2721 2502
f 2502 2721 2513
f 2721 2722 2513
f 2513 2722 2514
f 2722 2723 2514
f 2514 2723 2516
f 2723 2724 2516
f 2516 2724 2517
f 2724 2725 2517
f 2517 2725 2519
f 2725 2726 2519
f 2519 2726 2520
f 2726 2727 2520
f 2520 2727 2522
f 2727 2728 2522
f 2522 2728 2521
f 2728 2729 2521
f 2521 2729 2515
f 2729 2730 2515
f 2515 2730 2518
f 2730 2731 2518
f 2518 2731 2500
f 2731 2732 2500
f 2500 2732 2501
f 2732 2733 2501
f 2501 2733 2508
f 2733 2734 2508
f 2508 2734 2509
f 2734 2735 2509
f 2509 2735 2510
f 2735 2736 2510
f 2510 2736 2512
f 2736 2737 2512
f 2512 2737 2494
f 2737 2738 2494
f 2494 2738 2480
f 2738 2739 2480
f 2480 2739 2481
f 2739 2740 2481
f 2481 2740 2482
f 2740 2741 2482
f 2482 2741 2478
f 2741 2742 2478
f 2478 2742 2476
f 2742 2743 2476
f 2158 2157 2744
f 2158 2744 2472
f 2744 2745 2472
f 2472 2745 2473
f 2745 2714 2473
f 2473 2714 2477
f 2475 2746 2483
f 2746 2747 2483
f 2483 2747 2484
f 2747 2748 2484
f 2484 2748 2485
f 2748 2749 2485
f 2485 2749 2486
f 2749 2750 2486
f 2486 2750 2487
f 2750 2751 2487
f 2487 2751 2488
f 2751 2752 2488
f 2488 2752 2506
f 2752 2753 2506
f 2506 2753 2507
f 2753 2754 2507
f 2507 2754 2491
f 2754 2755 2491
f 2491 2755 2492
f 2755 2756 2492
f 2492 2756 2493
f 2756 2757 2493
f 2493 2757 2474
f 2757 2713 2474
f 2746 2475 2743
f 2475 2476 2743
f 2167 2758 2186
f 2758 2759 2186
f 2186 2759 2187
f 2759 2760 2187
f 2187 2760 2204
f 2760 2761 2204
f 2204 2761 2205
f 2761 2762 2205
f 2205 2762 2206
f 2762 2763 2206
f 2206 2763 2224
f 2763 2764 2224
f 2224 2764 2225
f 2764 2765 2225
f 2225 2765 2226
f 2765 2766 2226
f 2226 2766 2238
f 2766 2767 2238
f 2238 2767 2239
f 2767 2768 2239
f 2239 2768 2233
f 2768 2769 2233
f 2233 2769 2234
f 2769 2770 2234
f 2234 2770 2235
f 2770 2771 2235
f 2235 2771 2236
f 2771 2772 2236
f 2236 2772 2237
f 2772 2773 2237
f 2237 2773 2185
f 2773 2774 2185
f 2185 2774 2207
f 2774 2775 2207
f 2207 2775 2208
f 2775 2776 2208
f 2208 2776 2227
f 2776 2777 2227
f 2227 2777 2228
f 2777 2778 2228
f 2228 2778 2188
f 2778 2779 2188
f 2188 2779 2189
f 2779 2780 2189
f 2189 2780 2190
f 2780 2781 2190
f 2190 2781 2166
f 2781 2366 2166
f 2162 2242 2167
f 2242 2758 2167
f 2308 2782 2303
f 2782 2783 2303
f 2303 2783 2304
f 2783 2784 2304
f 2304 2784 2318
f 2784 2785 2318
f 2318 2785 2319
f 2785 2786 2319
f 2319 2786 2320
f 2786 2787 2320
f 2320 2787 2321
f 2787 2788 2321
f 2321 2788 2322
f 2788 2789 2322
f 2322 2789 2323
f 2789 2790 2323
f 2323 2790 2305
f 2790 2791 2305
f 2305 2791 2324
f 2791 2792 2324
f 2324 2792 2306
f 2792 2793 2306
f 2306 2793 2307
f 2793 2794 2307
f 2307 2794 2309
f 2794 2795 2309
f 2309 2795 2325
f 2795 2796 2325
f 2325 2796 2290
f 2796 2437 2290
f 2326 2361 2308
f 2361 2782 2308
f 2356 2271 2797
f 2271 2273 2797
f 2797 2273 2798
f 2273 2283 2798
f 2798 2283 2799
f 2283 2282 2799
f 2799 2282 2800
f 2282 2275 2800
f 2800 2275 2801
f 2275 2274 2801
f 2801 2274 2802
f 2274 2286 2802
f 2802 2286 2803
f 2286 2288 2803
f 2803 2288 2804
f 2288 2280 2804
f 2804 2280 2805
f 2280 2279 2805
f 2805 2279 2806
f 2279 2278 2806
f 2806 2278 2807
f 2278 2301 2807
f 2807 2301 2808
f 2301 2302 2808
f 2808 2302 2809
f 2302 2300 2809
f 2809 2300 2810
f 2300 2299 2810
f 2810 2299 2811
f 2299 2277 2811
f 2811 2277 2812
f 2277 2276 2812
f 2812 2276 2813
f 2276 2298 2813
f 2813 2298 2814
f 2298 2281 2814
f 2814 2281 2815
f 2281 2287 2815
f 2815 2287 2816
f 2287 2285 2816
f 2816 2285 2817
f 2285 2284 2817
f 2817 2284 2818
f 2284 2317 2818
f 2818 2317 2819
f 2317 2316 2819
f 2819 2316 2820
f 2316 2297 2820
f 2820 2297 2821
f 2297 2296 2821
f 2821 2296 2822
f 2296 2295 2822
f 2822 2295 2823
f 2295 2294 2823
f 2823 2294 2824
f 2294 2293 2824
f 2824 2293 2364
f 2293 2272 2364
f 765 1553 1552
f 765 1552 776
f 1552 1551 776
f 776 1551 778
f 1551 1550 778
f 778 1550 779
f 1550 1549 779
f 779 1549 1049
f 1549 1548 1049
f 1049 1548 1006
f 1548 1547 1006
f 1006 1547 1007
f 1547 1546 1007
f 1007 1546 1008
f 1546 1545 1008
f 1008 1545 1009
f 1545 1544 1009
f 1009 1544 1050
f 1544 1543 1050
f 1050 1543 743
f 1543 1542 743
f 743 1542 746
f 1542 1541 746
f 746 1541 738
f 1541 1540 738
f 738 1540 739
f 1540 1539 739
f 739 1539 741
f 1429 742 1539
f 742 741 1539
f 1409 900 1411
f 900 898 1411
f 1411 898 1413
f 898 896 1413
f 1413 896 1415
f 896 894 1415
f 1415 894 1417
f 894 892 1417
f 1417 892 1419
f 892 890 1419
f 1419 890 1421
f 890 888 1421
f 1421 888 1423
f 888 886 1423
f 1423 886 1425
f 886 885 1425
f 1425 885 1427
f 885 817 1427
f 1427 817 1429
f 817 742 1429
f 900 1409 1506
f 900 1506 902
f 1506 1505 902
f 902 1505 904
f 1505 1504 904
f 904 1504 906
f 1504 1503 906
f 906 1503 908
f 1503 1502 908
f 908 1502 910
f 1502 1501 910
f 910 1501 912
f 1501 1500 912
f 912 1500 914
f 1500 1499 914
f 914 1499 916
f 1499 1498 916
f 916 1498 918
f 1498 1497 918
f 918 1497 920
f 1497 1496 920
f 920 1496 922
f 1496 1495 922
f 922 1495 924
f 1495 1494 924
f 924 1494 926
f 1494 1493 926
f 926 1493 928
f 1493 1492 928
f 928 1492 930
f 1492 1491 930
f 930 1491 932
f 1491 1490 932
f 932 1490 934
f 1490 1489 934
f 934 1489 936
f 1489 1488 936
f 936 1488 938
f 1488 1508 938
f 938 1508 940
f 1508 1510 940
f 940 1510 942
f 1510 1512 942
f 942 1512 944
f 1512 1514 944
f 944 1514 946
f 1514 1516 946
f 946 1516 948
f 1516 1518 948
f 948 1518 950
f 1518 1520 950
f 950 1520 952
f 1520 1522 952
f 952 1522 954
f 1522 1524 954
f 954 1524 956
f 1524 1526 956
f 956 1526 957
f 1526 1528 957
f 957 1528 842
f 1528 1530 842
f 842 1530 840
f 1530 1532 840
f 840 1532 838
f 1532 1534 838
f 838 1534 836
f 1534 1536 836
f 836 1536 834
f 1536 1538 834
f 834 1538 832
f 1538 1392 832
f 832 1392 785
f 787 785 1952
f 785 1392 1952
f 1952 1392 1950
f 1392 1394 1950
f 1939 1394 1935
f 1394 1396 1935
f 1939 1938 1394
f 1938 1942 1394
f 1394 1942 1941
f 1941 1945 1394
f 1945 1944 1394
f 1394 1944 1948
f 1948 1947 1394
f 1947 1951 1394
f 1394 1951 1950
f 1346 2825 1387
f 2825 1388 1387
f 1272 2826 1384
f 2826 2827 1384
f 1384 2827 1382
f 2827 2828 1382
f 1382 2828 1380
f 2828 2829 1380
f 1380 2829 1378
f 2829 2830 1378
f 1378 2830 1376
f 2830 2831 1376
f 1376 2831 1374
f 2831 2832 1374
f 1374 2832 1372
f 2832 2833 1372
f 1372 2833 1370
f 2833 2834 1370
f 1370 2834 1368
f 2834 2835 1368
f 1368 2835 1366
f 2835 2836 1366
f 1366 2836 1364
f 2836 2837 1364
f 1364 2837 1362
f 2837 2838 1362
f 1362 2838 1360
f 2838 2839 1360
f 1360 2839 1358
f 2839 2840 1358
f 1358 2840 1356
f 2840 2841 1356
f 1356 2841 1354
f 2841 2842 1354
f 1354 2842 1352
f 2842 2843 1352
f 1352 2843 1350
f 2843 2844 1350
f 1350 2844 1348
f 2844 2845 1348
f 1348 2845 1346
f 2845 2825 1346
f 1236 2846 1294
f 2846 2847 1294
f 1294 2847 1292
f 2847 2848 1292
f 1292 2848 1290
f 2848 2849 1290
f 1290 2849 1288
f 2849 2850 1288
f 1288 2850 1286
f 2850 2851 1286
f 1286 2851 1284
f 2851 2852 1284
f 1284 2852 1282
f 2852 2853 1282
f 1282 2853 1280
f 2853 2854 1280
f 1280 2854 1278
f 2854 2855 1278
f 1278 2855 1276
f 2855 2856 1276
f 1276 2856 1274
f 2856 2857 1274
f 1274 2857 1272
f 2857 2826 1272
f 2846 1236 1239
f 2846 1239 2858
f 1239 1241 2858
f 2858 1241 2859
f 1241 1243 2859
f 2859 1243 2860
f 1243 1245 2860
f 2860 1245 2861
f 1245 1247 2861
f 2861 1247 2862
f 1247 1249 2862
f 2862 1249 2863
f 1249 1251 2863
f 2863 1251 2864
f 1251 1253 2864
f 2864 1253 2865
f 1253 1255 2865
f 2865 1255 2866
f 1255 1257 2866
f 2866 1257 2867
f 1257 1259 2867
f 2867 1259 2868
f 1259 1261 2868
f 2868 1261 2869
f 1261 1263 2869
f 2869 1263 2870
f 1263 1265 2870
f 2870 1265 2871
f 1265 1267 2871
f 2871 1267 2872
f 1267 1269 2872
f 2872 1269 2873
f 1269 1271 2873
f 2873 1271 2874
f 1296 2875 1271
f 2875 2874 1271
f 2875 1296 1299
f 2875 1299 2876
f 1299 1301 2876
f 2876 1301 2877
f 1301 1303 2877
f 2877 1303 2878
f 1303 1305 2878
f 2878 1305 2879
f 1305 1307 2879
f 2879 1307 2880
f 1307 1309 2880
f 2880 1309 2881
f 1309 1311 2881
f 2881 1311 2882
f 1311 1313 2882
f 2882 1313 2883
f 1313 1315 2883
f 2883 1315 2884
f 1315 1317 2884
f 2884 1317 2885
f 1317 1319 2885
f 2885 1319 2886
f 1319 1321 2886
f 2886 1321 2887
f 1321 1323 2887
f 2887 1323 2888
f 1323 1325 2888
f 2888 1325 2889
f 1325 1327 2889
f 2889 1327 2890
f 1327 1329 2890
f 2890 1329 2891
f 1344 2892 1342
f 2892 2893 1342
f 1342 2893 1340
f 2893 2894 1340
f 1340 2894 1338
f 2894 2895 1338
f 1338 2895 1336
f 2895 2896 1336
f 1336 2896 1334
f 2896 2897 1334
f 1334 2897 1332
f 2897 2898 1332
f 1332 2898 1330
f 2898 2899 1330
f 1330 2899 1329
f 2899 2891 1329
f 1393 2900 1395
f 2900 2901 1395
f 1395 2901 1397
f 2901 2902 1397
f 1397 2902 1405
f 2902 2903 1405
f 1405 2903 1403
f 2903 2904 1403
f 1403 2904 1401
f 2904 2905 1401
f 1401 2905 1399
f 2905 2906 1399
f 1399 2906 1344
f 2906 2892 1344
f 2900 1393 1537
f 2900 1537 2907
f 1537 1535 2907
f 2907 1535 2908
f 1535 1533 2908
f 2908 1533 2909
f 1533 1531 2909
f 2909 1531 2910
f 1531 1529 2910
f 2910 1529 2911
f 1529 1527 2911
f 2911 1527 2912
f 1527 1525 2912
f 2912 1525 2913
f 1525 1523 2913
f 2913 1523 2914
f 1523 1521 2914
f 2914 1521 2915
f 1521 1519 2915
f 2915 1519 2916
f 1519 1517 2916
f 2916 1517 2917
f 1517 1515 2917
f 2917 1515 2918
f 1515 1513 2918
f 2918 1513 2919
f 1513 1511 2919
f 2919 1511 2920
f 1511 1509 2920
f 2920 1509 2921
f 1509 1507 2921
f 2921 1507 2922
f 1507 1487 2922
f 2922 1487 2923
f 1487 1486 2923
f 2923 1486 2924
f 2924 1486 2925
f 1486 1557 2925
f 2925 1557 1558
f 2925 1558 2926
f 1558 1559 2926
f 2926 1559 2927
f 1559 1560 2927
f 2927 1560 2928
f 1560 1561 2928
f 2928 1561 2929
f 1561 1562 2929
f 2929 1562 2930
f 1562 1563 2930
f 2930 1563 2931
f 1563 1564 2931
f 2931 1564 2932
f 1564 1565 2932
f 2932 1565 2933
f 1565 1566 2933
f 2933 1566 2934
f 1566 1567 2934
f 2934 1567 2935
f 1567 1568 2935
f 2935 1568 2936
f 1568 1569 2936
f 2936 1569 2937
f 1569 1570 2937
f 2937 1570 2938
f 1570 1571 2938
f 2938 1571 2939
f 1571 1572 2939
f 2939 1572 2940
f 1572 1573 2940
f 2940 1573 2941
f 1573 1574 2941
f 2941 1574 2942
f 1574 1575 2942
f 2942 1575 2943
f 1575 1576 2943
f 2943 1576 2944
f 1576 1577 2944
f 2944 1577 2945
f 1577 1556 2945
f 2945 1556 2946
f 2946 1556 2947
f 1556 1555 2947
f 2947 1555 2948
f 2947 2948 2949
f 2948 2950 2949
f 2949 2950 2951
f 2950 2952 2951
f 2951 2952 2953
f 2952 1234 2953
f 2953 1234 2954
f 2954 1234 1232
f 2954 1232 2955
f 1232 1230 2955
f 2955 1230 2956
f 1230 1228 2956
f 2956 1228 2957
f 1228 1227 2957
f 2957 1227 2958
f 1227 1222 2958
f 2958 1222 2959
f 2959 1222 1220
f 2959 1220 2960
f 1220 1218 2960
f 2960 1218 2961
f 1218 1216 2961
f 2961 1216 2962
f 1216 1214 2962
f 2962 1214 2963
f 1214 1212 2963
f 2963 1212 2964
f 1212 1210 2964
f 2964 1210 2965
f 1210 1208 2965
f 2965 1208 2966
f 1208 1206 2966
f 2966 1206 2967
f 1206 1204 2967
f 2967 1204 2968
f 1204 1202 2968
f 2968 1202 2969
f 1202 1200 2969
f 2969 1200 2970
f 1200 1198 2970
f 2970 1198 2971
f 1198 1196 2971
f 2971 1196 2972
f 1196 1194 2972
f 2972 1194 2973
f 1194 1192 2973
f 2973 1192 2974
f 1192 1190 2974
f 2974 1190 2975
f 1190 1188 2975
f 2975 1188 2976
f 1188 1186 2976
f 2976 1186 2977
f 1186 1184 2977
f 2977 1184 2978
f 1184 1182 2978
f 2978 1182 2979
f 1182 1181 2979
f 2979 1181 2980
f 2980 1181 1178
f 1181 1179 1178
f 1180 2560 1389
f 2560 2558 1389
f 2560 1180 1183
f 2560 1183 2609
f 1183 1185 2609
f 2609 1185 2610
f 1185 1187 2610
f 2610 1187 2611
f 1187 1189 2611
f 2611 1189 2612
f 1189 1191 2612
f 2612 1191 2613
f 1191 1193 2613
f 2613 1193 2665
f 1193 1195 2665
f 2665 1195 2646
f 1195 1197 2646
f 2646 1197 2644
f 1197 1199 2644
f 2644 1199 2686
f 1199 1201 2686
f 2686 1201 2687
f 1201 1203 2687
f 2687 1203 2688
f 1203 1205 2688
f 2688 1205 2645
f 1205 1207 2645
f 2645 1207 2647
f 1207 1209 2647
f 2647 1209 2666
f 1209 1211 2666
f 2666 1211 2648
f 1211 1213 2648
f 2648 1213 2649
f 1213 1215 2649
f 2649 1215 2650
f 1215 1217 2650
f 2650 1217 2667
f 1217 1219 2667
f 2667 1219 2668
f 1219 1221 2668
f 2668 1221 2614
f 1221 1223 2614
f 2614 1223 2574
f 1223 1224 2574
f 1224 2575 2574
f 2575 1224 1877
f 2575 1877 2626
f 1877 1874 2626
f 2626 1874 2627
f 1874 1871 2627
f 2627 1871 2628
f 1871 1870 2628
f 2628 1870 2629
f 1870 1869 2629
f 2629 1869 2630
f 1869 1868 2630
f 2630 1868 2631
f 1868 1867 2631
f 2631 1867 2632
f 1867 1866 2632
f 2632 1866 2572
f 1931 2561 1866
f 2561 2572 1866
f 1933 2564 1932
f 2564 2562 1932
f 1932 2562 1931
f 2562 2561 1931
f 1934 2566 1933
f 2566 2564 1933
f 2566 1934 1985
f 2566 1985 2590
f 1985 1984 2590
f 2590 1984 2591
f 1984 1983 2591
f 2591 1983 2633
f 1983 1982 2633
f 2633 1982 2634
f 1982 1981 2634
f 2634 1981 2635
f 1981 1980 2635
f 2635 1980 2636
f 1980 1979 2636
f 2636 1979 2587
f 1979 1978 2587
f 2587 1978 2588
f 1978 1977 2588
f 2588 1977 2637
f 1977 1976 2637
f 2637 1976 2638
f 1976 1975 2638
f 2638 1975 2615
f 1975 1974 2615
f 2615 1974 2616
f 1974 1973 2616
f 2616 1973 2639
f 1973 1972 2639
f 2639 1972 2640
f 1972 1971 2640
f 2640 1971 2620
f 1971 1970 2620
f 2620 1970 2619
f 1970 1969 2619
f 2619 1969 2651
f 1969 1968 2651
f 2651 1968 2652
f 1968 1967 2652
f 2652 1967 2653
f 1967 1966 2653
f 2653 1966 2689
f 1966 1965 2689
f 2689 1965 2690
f 1965 1964 2690
f 2690 1964 2691
f 1964 1963 2691
f 2691 1963 2692
f 1963 1962 2692
f 2692 1962 2693
f 1962 1961 2693
f 2693 1961 2669
f 1961 1960 2669
f 2669 1960 2670
f 1960 1959 2670
f 2670 1959 2671
f 1959 1958 2671
f 2671 1958 2672
f 1958 1957 2672
f 2672 1957 2698
f 1957 1956 2698
f 2698 1956 2697
f 1956 1955 2697
f 2697 1955 2696
f 1955 1954 2696
f 2696 1954 2694
f 1954 1953 2694
f 2694 1953 2695
f 1953 1949 2695
f 2695 1949 2699
f 1949 1946 2699
f 2699 1946 2617
f 1946 1943 2617
f 2617 1943 2618
f 1943 1940 2618
f 2618 1940 2589
f 1940 1937 2589
f 2589 1937 2593
f 1937 1936 2593
f 2593 1936 2592
f 1936 1398 2592
f 2592 1398 2567
f 1345 2559 1400
f 2559 2573 1400
f 1400 2573 1402
f 2573 2571 1402
f 1402 2571 1404
f 2571 2570 1404
f 1404 2570 1406
f 2570 2563 1406
f 1406 2563 1407
f 2563 2565 1407
f 1407 2565 1398
f 2565 2567 1398
f 1328 2577 1331
f 2577 2576 1331
f 1331 2576 1333
f 2576 2625 1333
f 1333 2625 1335
f 2625 2683 1335
f 1335 2683 1337
f 2683 2681 1337
f 1337 2681 1339
f 2681 2679 1339
f 1339 2679 1341
f 2679 2678 1341
f 1341 2678 1343
f 2678 2675 1343
f 1343 2675 1345
f 2675 2559 1345
f 2577 1328 1326
f 2577 1326 2595
f 1326 1324 2595
f 2595 1324 2673
f 1324 1322 2673
f 2673 1322 2641
f 1322 1320 2641
f 2641 1320 2642
f 1320 1318 2642
f 2642 1318 2643
f 1318 1316 2643
f 2643 1316 2621
f 1316 1314 2621
f 2621 1314 2622
f 1314 1312 2622
f 2622 1312 2654
f 1312 1310 2654
f 2654 1310 2655
f 1310 1308 2655
f 2655 1308 2656
f 1308 1306 2656
f 2656 1306 2657
f 1306 1304 2657
f 2657 1304 2658
f 1304 1302 2658
f 2658 1302 2659
f 1302 1300 2659
f 2659 1300 2660
f 1300 1298 2660
f 2660 1298 2661
f 1298 1297 2661
f 2661 1297 2594
f 1270 2700 1297
f 2700 2594 1297
f 2700 1270 1268
f 2700 1268 2701
f 1268 1266 2701
f 2701 1266 2674
f 1266 1264 2674
f 2674 1264 2662
f 1264 1262 2662
f 2662 1262 2663
f 1262 1260 2663
f 2663 1260 2708
f 1260 1258 2708
f 2708 1258 2702
f 1258 1256 2702
f 2702 1256 2710
f 1256 1254 2710
f 2710 1254 2711
f 1254 1252 2711
f 2711 1252 2712
f 1252 1250 2712
f 2712 1250 2703
f 1250 1248 2703
f 2703 1248 2704
f 1248 1246 2704
f 2704 1246 2705
f 1246 1244 2705
f 2705 1244 2706
f 1244 1242 2706
f 2706 1242 2707
f 1242 1240 2707
f 2707 1240 2709
f 1240 1238 2709
f 2709 1238 2664
f 1238 1237 2664
f 2664 1237 2578
f 1273 2580 1275
f 2580 2579 1275
f 1275 2579 1277
f 2579 2569 1277
f 1277 2569 1279
f 2569 2568 1279
f 1279 2568 1281
f 2568 2677 1281
f 1281 2677 1283
f 2677 2676 1283
f 1283 2676 1285
f 2676 2680 1285
f 1285 2680 1287
f 2680 2682 1287
f 1287 2682 1289
f 2682 2684 1289
f 1289 2684 1291
f 2684 2685 1291
f 1291 2685 1293
f 2685 2624 1293
f 1293 2624 1295
f 2624 2623 1295
f 1295 2623 1237
f 2623 2578 1237
f 1347 2557 1349
f 2557 2608 1349
f 1349 2608 1351
f 2608 2607 1351
f 1351 2607 1353
f 2607 2606 1353
f 1353 2606 1355
f 2606 2605 1355
f 1355 2605 1357
f 2605 2604 1357
f 1357 2604 1359
f 2604 2586 1359
f 1359 2586 1361
f 2586 2585 1361
f 1361 2585 1363
f 2585 2603 1363
f 1363 2603 1365
f 2603 2602 1365
f 1365 2602 1367
f 2602 2601 1367
f 1367 2601 1369
f 2601 2600 1369
f 1369 2600 1371
f 2600 2599 1371
f 1371 2599 1373
f 2599 2598 1373
f 1373 2598 1375
f 2598 2582 1375
f 1375 2582 1377
f 2582 2583 1377
f 1377 2583 1379
f 2583 2584 1379
f 1379 2584 1381
f 2584 2597 1381
f 1381 2597 1383
f 2597 2596 1383
f 1383 2596 1385
f 2596 2581 1385
f 1385 2581 1273
f 2581 2580 1273
f 941 1797 939
f 1797 1798 939
f 939 1798 937
f 1798 1799 937
f 937 1799 935
f 1799 1800 935
f 935 1800 933
f 1800 1801 933
f 933 1801 931
f 1801 1802 931
f 931 1802 929
f 1802 1803 929
f 929 1803 927
f 1803 1804 927
f 927 1804 925
f 1804 1805 925
f 925 1805 923
f 1805 1806 923
f 923 1806 921
f 1806 1807 921
f 921 1807 919
f 1807 1808 919
f 919 1808 917
f 1808 1809 917
f 917 1809 915
f 1809 1810 915
f 915 1810 913
f 1810 1811 913
f 913 1811 911
f 1811 1812 911
f 911 1812 909
f 1812 1813 909
f 909 1813 907
f 1813 1814 907
f 907 1814 905
f 1814 1815 905
f 905 1815 903
f 1815 1816 903
f 903 1816 901
f 1816 1817 901
f 901 1817 899
f 1817 1818 899
f 899 1818 897
f 1818 1819 897
f 897 1819 895
f 1819 1820 895
f 895 1820 893
f 1820 1821 893
f 893 1821 891
f 1821 1822 891
f 891 1822 889
f 1822 1823 889
f 889 1823 887
f 1823 1824 887
f 887 1824 818
f 1824 1825 818
f 818 1825 819
f 1825 1826 819
f 819 1826 820
f 1826 1827 820
f 820 1827 821
f 1827 1828 821
f 821 1828 1036
f 1828 1829 1036
f 1036 1829 1037
f 1829 1830 1037
f 1037 1830 1028
f 1830 1831 1028
f 1028 1831 959
f 1831 1832 959
f 959 1832 961
f 1832 1833 961
f 961 1833 963
f 1833 1834 963
f 963 1834 996
f 1834 1835 996
f 996 1835 968
f 1835 1836 968
f 968 1836 863
f 1836 1837 863
f 863 1837 864
f 1837 1838 864
f 864 1838 1000
f 1838 1839 1000
f 1000 1839 866
f 1839 1840 866
f 866 1840 822
f 1840 1841 822
f 822 1841 972
f 1841 1842 972
f 972 1842 975
f 1842 1843 975
f 975 1843 976
f 1843 1844 976
f 976 1844 827
f 1844 1845 827
f 827 1845 826
f 1845 1846 826
f 826 1846 825
f 1846 1847 825
f 825 1847 828
f 1847 1848 828
f 828 1848 829
f 1848 1849 829
f 829 1849 794
f 1849 1850 794
f 794 1850 792
f 1850 1851 792
f 792 1851 786
f 1851 1852 786
f 786 1852 784
f 1852 1853 784
f 784 1853 830
f 1853 1854 830
f 830 1854 831
f 1854 1855 831
f 831 1855 833
f 1855 1856 833
f 833 1856 835
f 1856 1857 835
f 835 1857 837
f 1857 1858 837
f 837 1858 839
f 1858 1859 839
f 839 1859 841
f 1859 1860 841
f 841 1860 843
f 1860 1861 843
f 843 1861 955
f 1861 1862 955
f 955 1862 953
f 1862 1863 953
f 953 1863 951
f 1863 1864 951
f 951 1864 949
f 1864 1865 949
f 949 1865 947
f 1865 1794 947
f 947 1794 945
f 1794 1795 945
f 945 1795 943
f 1795 1796 943
f 943 1796 941
f 1796 1797 941
f 1555 1554 2146
f 1555 2146 2948
f 2146 2145 2948
f 2948 2145 2950
f 2145 2144 2950
f 2950 2144 2952
f 2144 1235 2952
f 2952 1235 1234
f 2981 2982 2983
f 2982 2984 2983
f 2983 2984 2985
f 2986 2987 2983
f 2987 2988 2983
f 2983 2988 2981
f 2989 2990 2983
f 2990 2991 2983
f 2983 2991 2986
f 2992 2993 2983
f 2993 2994 2983
f 2983 2994 2989
f 2995 2996 2983
f 2996 2997 2983
f 2983 2997 2992
f 2998 2999 2983
f 2999 3000 2983
f 2983 3000 2995
f 3001 3002 2983
f 3002 3003 2983
f 2983 3003 2998
f 3004 3005 2983
f 3005 3006 2983
f 2983 3006 3001
f 3007 3008 2983
f 3008 3009 2983
f 2983 3009 3004
f 3010 3011 2983
f 3011 3012 2983
f 2983 3012 3007
f 3013 3014 2983
f 3014 3015 2983
f 2983 3015 3010
f 3016 3017 2983
f 3017 3018 2983
f 2983 3018 3013
f 3019 3020 2983
f 3020 3021 2983
f 2983 3021 3016
f 3022 3023 2983
f 3023 3024 2983
f 2983 3024 3019
f 3025 3026 2983
f 3026 3027 2983
f 2983 3027 3022
f 3028 3029 2983
f 3029 3030 2983
f 2983 3030 3025
f 3031 3032 2983
f 3032 3033 2983
f 2983 3033 3028
f 3034 3035 2983
f 3035 3036 2983
f 2983 3036 3031
f 3037 3038 2983
f 3038 3039 2983
f 2983 3039 3034
f 3040 3041 2983
f 3041 3042 2983
f 2983 3042 3037
f 3043 3044 2983
f 3044 3045 2983
f 2983 3045 3040
f 3046 3047 2983
f 3047 3048 2983
f 2983 3048 3043
f 3049 3050 2983
f 3050 3051 2983
f 2983 3051 3046
f 2985 3052 2983
f 3052 3053 2983
f 2983 3053 3049
f 1793 2982 1722
f 2982 2981 1722
f 1722 2981 1723
f 2981 2988 1723
f 1723 2988 1724
f 2988 2987 1724
f 1724 2987 1725
f 2987 2986 1725
f 1725 2986 1726
f 2986 2991 1726
f 1726 2991 1727
f 2991 2990 1727
f 1727 2990 1728
f 2990 2989 1728
f 1728 2989 1729
f 2989 2994 1729
f 1729 2994 1730
f 2994 2993 1730
f 1730 2993 1731
f 2993 2992 1731
f 1731 2992 1732
f 2992 2997 1732
f 1732 2997 1733
f 2997 2996 1733
f 1733 2996 1734
f 2996 2995 1734
f 1734 2995 1735
f 2995 3000 1735
f 1735 3000 1736
f 3000 2999 1736
f 1736 2999 1737
f 2999 2998 1737
f 1737 2998 1738
f 2998 3003 1738
f 1738 3003 1739
f 3003 3002 1739
f 1739 3002 1740
f 3002 3001 1740
f 1740 3001 1741
f 3001 3006 1741
f 1741 3006 1742
f 3006 3005 1742
f 1742 3005 1743
f 3005 3004 1743
f 1743 3004 1744
f 3004 3009 1744
f 1744 3009 1745
f 3009 3008 1745
f 1745 3008 1746
f 3008 3007 1746
f 1746 3007 1747
f 3007 3012 1747
f 1747 3012 1748
f 3012 3011 1748
f 1748 3011 1749
f 3011 3010 1749
f 1749 3010 1750
f 3010 3015 1750
f 1750 3015 1751
f 3015 3014 1751
f 1751 3014 1752
f 3014 3013 1752
f 1752 3013 1753
f 3013 3018 1753
f 1753 3018 1754
f 3018 3017 1754
f 1754 3017 1755
f 3017 3016 1755
f 1755 3016 1756
f 3016 3021 1756
f 1756 3021 1757
f 3021 3020 1757
f 1757 3020 1758
f 3020 3019 1758
f 1758 3019 1759
f 3019 3024 1759
f 1759 3024 1760
f 3024 3023 1760
f 1760 3023 1761
f 3023 3022 1761
f 1761 3022 1762
f 3022 3027 1762
f 1762 3027 1763
f 3027 3026 1763
f 1763 3026 1764
f 3026 3025 1764
f 1764 3025 1765
f 3025 3030 1765
f 1765 3030 1766
f 3030 3029 1766
f 1766 3029 1767
f 3029 3028 1767
f 1767 3028 1768
f 3028 3033 1768
f 1768 3033 1769
f 3033 3032 1769
f 1769 3032 1770
f 3032 3031 1770
f 1770 3031 1771
f 3031 3036 1771
f 1771 3036 1772
f 3036 3035 1772
f 1772 3035 1773
f 3035 3034 1773
f 1773 3034 1774
f 3034 3039 1774
f 1774 3039 1775
f 3039 3038 1775
f 1775 3038 1776
f 3038 3037 1776
f 1776 3037 1777
f 3037 3042 1777
f 1777 3042 1778
f 3042 3041 1778
f 1778 3041 1779
f 3041 3040 1779
f 1779 3040 1780
f 3040 3045 1780
f 1780 3045 1781
f 3045 3044 1781
f 1781 3044 1782
f 3044 3043 1782
f 1782 3043 1783
f 3043 3048 1783
f 1783 3048 1784
f 3048 3047 1784
f 1784 3047 1785
f 3047 3046 1785
f 1785 3046 1786
f 3046 3051 1786
f 1786 3051 1787
f 3051 3050 1787
f 1787 3050 1788
f 3050 3049 1788
f 1788 3049 1789
f 3049 3053 1789
f 1789 3053 1790
f 3053 3052 1790
f 1790 3052 1791
f 3052 2985 1791
f 1791 2985 1792
f 2985 2984 1792
f 1792 2984 1793
f 2984 2982 1793
f 1991 1990 1088
f 1061 648 704
f 704 1986 1061
f 1986 2019 1061
f 1061 2019 1062
f 2019 2018 1062
f 1062 2018 1063
f 2018 2017 1063
f 1063 2017 964
f 2017 2016 964
f 964 2016 965
f 2016 2015 965
f 965 2015 1064
f 2015 2014 1064
f 1064 2014 1065
f 2014 2013 1065
f 1065 2013 1066
f 2013 2012 1066
f 1066 2012 1044
f 2012 2011 1044
f 1044 2011 1045
f 2011 2010 1045
f 1045 2010 1047
f 2010 2009 1047
f 1047 2009 1048
f 2009 2008 1048
f 1048 2008 1109
f 2008 2007 1109
f 1109 2007 1110
f 2007 2006 1110
f 1110 2006 1112
f 2006 2005 1112
f 1112 2005 1113
f 2005 2004 1113
f 1113 2004 1102
f 2004 2003 1102
f 1102 2003 1103
f 2003 2002 1103
f 1103 2002 1105
f 2002 2001 1105
f 1105 2001 1132
f 2001 2000 1132
f 1132 2000 1133
f 2000 1999 1133
f 1133 1999 991
f 1999 1998 991
f 991 1998 992
f 1998 1997 992
f 992 1997 993
f 1997 1996 993
f 993 1996 962
f 1996 1995 962
f 962 1995 960
f 1995 1994 960
f 960 1994 958
f 1994 1993 958
f 958 1993 1085
f 1993 1992 1085
f 1085 1992 1086
f 1992 1991 1086
f 1086 1991 1087
f 1991 1088 1087
