v -0.0145 0.044 0.0167
v -0.01449 0.043782 0.015
v -0.01449 0.043782 0.0167
v -0.014462 0.043566 0.015
v -0.014462 0.043566 0.0167
v -0.014415 0.043353 0.015
v -0.014415 0.043353 0.0167
v -0.014349 0.043145 0.015
v -0.014349 0.043145 0.0167
v -0.014266 0.042943 0.015
v -0.014266 0.042943 0.0167
v -0.014165 0.04275 0.015
v -0.014165 0.04275 0.0167
v -0.014048 0.042566 0.015
v -0.014048 0.042566 0.0167
v -0.013915 0.042393 0.015
v -0.013915 0.042393 0.0167
v -0.013768 0.042232 0.015
v -0.013768 0.042232 0.0167
v -0.013607 0.042085 0.015
v -0.013607 0.042085 0.0167
v -0.013434 0.041952 0.015
v -0.013434 0.041952 0.0167
v -0.01325 0.041835 0.015
v -0.01325 0.041835 0.0167
v -0.013057 0.041734 0.015
v -0.013057 0.041734 0.0167
v -0.012855 0.041651 0.015
v -0.012855 0.041651 0.0167
v -0.012647 0.041585 0.015
v -0.012647 0.041585 0.0167
v -0.012434 0.041538 0.015
v -0.012434 0.041538 0.0167
v -0.012218 0.04151 0.015
v -0.012218 0.04151 0.0167
v -0.012 0.0415 0.015
v -0.012 0.0415 0.0167
v -0.011782 0.04151 0.015
v -0.011782 0.04151 0.0167
v -0.011566 0.041538 0.015
v -0.011566 0.041538 0.0167
v -0.011353 0.041585 0.015
v -0.011353 0.041585 0.0167
v -0.011145 0.041651 0.015
v -0.011145 0.041651 0.0167
v -0.010943 0.041734 0.015
v -0.010943 0.041734 0.0167
v -0.01075 0.041835 0.015
v -0.01075 0.041835 0.0167
v -0.010566 0.041952 0.015
v -0.010566 0.041952 0.0167
v -0.010393 0.042085 0.015
v -0.010393 0.042085 0.0167
v -0.010232 0.042232 0.015
v -0.010232 0.042232 0.0167
v -0.010085 0.042393 0.015
v -0.010085 0.042393 0.0167
v -0.009952 0.042566 0.015
v -0.009952 0.042566 0.0167
v -0.009835 0.04275 0.015
v -0.009835 0.04275 0.0167
v -0.009734 0.042943 0.015
v -0.009734 0.042943 0.0167
v -0.009651 0.043145 0.015
v -0.009651 0.043145 0.0167
v -0.009585 0.043353 0.015
v -0.009585 0.043353 0.0167
v -0.009538 0.043566 0.015
v -0.009538 0.043566 0.0167
v -0.00951 0.043782 0.015
v -0.00951 0.043782 0.0167
v -0.0095 0.044 0.015
v -0.0095 0.044 0.0167
v -0.00951 0.044218 0.015
v -0.00951 0.044218 0.0167
v -0.009538 0.044434 0.015
v -0.009538 0.044434 0.0167
v -0.009585 0.044647 0.015
v -0.009585 0.044647 0.0167
v -0.009651 0.044855 0.015
v -0.009651 0.044855 0.0167
v -0.009734 0.045057 0.015
v -0.009734 0.045057 0.0167
v -0.009835 0.04525 0.015
v -0.009835 0.04525 0.0167
v -0.009952 0.045434 0.015
v -0.009952 0.045434 0.0167
v -0.010085 0.045607 0.015
v -0.010085 0.045607 0.0167
v -0.010232 0.045768 0.015
v -0.010232 0.045768 0.0167
v -0.010393 0.045915 0.015
v -0.010393 0.045915 0.0167
v -0.010566 0.046048 0.015
v -0.010566 0.046048 0.0167
v -0.01075 0.046165 0.015
v -0.01075 0.046165 0.0167
v -0.010943 0.046266 0.015
v -0.010943 0.046266 0.0167
v -0.011145 0.046349 0.015
v -0.011145 0.046349 0.0167
v -0.011353 0.046415 0.015
v -0.011353 0.046415 0.0167
v -0.011566 0.046462 0.015
v -0.011566 0.046462 0.0167
v -0.011782 0.04649 0.015
v -0.011782 0.04649 0.0167
v -0.012 0.0465 0.015
v -0.012 0.0465 0.0167
v -0.012218 0.04649 0.015
v -0.012218 0.04649 0.0167
v -0.012434 0.046462 0.015
v -0.012434 0.046462 0.0167
v -0.012647 0.046415 0.015
v -0.012647 0.046415 0.0167
v -0.012855 0.046349 0.015
v -0.012855 0.046349 0.0167
v -0.013057 0.046266 0.015
v -0.013057 0.046266 0.0167
v -0.01325 0.046165 0.015
v -0.01325 0.046165 0.0167
v -0.013434 0.046048 0.015
v -0.013434 0.046048 0.0167
v -0.013607 0.045915 0.015
v -0.013607 0.045915 0.0167
v -0.013768 0.045768 0.015
v -0.013768 0.045768 0.0167
v -0.013915 0.045607 0.015
v -0.013915 0.045607 0.0167
v -0.014048 0.045434 0.015
v -0.014048 0.045434 0.0167
v -0.014165 0.04525 0.015
v -0.014165 0.04525 0.0167
v -0.014266 0.045057 0.015
v -0.014266 0.045057 0.0167
v -0.014349 0.044855 0.015
v -0.014349 0.044855 0.0167
v -0.014415 0.044647 0.015
v -0.014415 0.044647 0.0167
v -0.014462 0.044434 0.015
v -0.014462 0.044434 0.0167
v -0.01449 0.044218 0.015
v -0.01449 0.044218 0.0167
v -0.0145 0.044 0.015
v -0.012 0.044 0.0167
v -0.0145 0.036 0.0167
v -0.01449 0.035782 0.015
v -0.01449 0.035782 0.0167
v -0.014462 0.035566 0.015
v -0.014462 0.035566 0.0167
v -0.014415 0.035353 0.015
v -0.014415 0.035353 0.0167
v -0.014349 0.035145 0.015
v -0.014349 0.035145 0.0167
v -0.014266 0.034943 0.015
v -0.014266 0.034943 0.0167
v -0.014165 0.03475 0.015
v -0.014165 0.03475 0.0167
v -0.014048 0.034566 0.015
v -0.014048 0.034566 0.0167
v -0.013915 0.034393 0.015
v -0.013915 0.034393 0.0167
v -0.013768 0.034232 0.015
v -0.013768 0.034232 0.0167
v -0.013607 0.034085 0.015
v -0.013607 0.034085 0.0167
v -0.013434 0.033952 0.015
v -0.013434 0.033952 0.0167
v -0.01325 0.033835 0.015
v -0.01325 0.033835 0.0167
v -0.013057 0.033734 0.015
v -0.013057 0.033734 0.0167
v -0.012855 0.033651 0.015
v -0.012855 0.033651 0.0167
v -0.012647 0.033585 0.015
v -0.012647 0.033585 0.0167
v -0.012434 0.033538 0.015
v -0.012434 0.033538 0.0167
v -0.012218 0.03351 0.015
v -0.012218 0.03351 0.0167
v -0.012 0.0335 0.015
v -0.012 0.0335 0.0167
v -0.011782 0.03351 0.015
v -0.011782 0.03351 0.0167
v -0.011566 0.033538 0.015
v -0.011566 0.033538 0.0167
v -0.011353 0.033585 0.015
v -0.011353 0.033585 0.0167
v -0.011145 0.033651 0.015
v -0.011145 0.033651 0.0167
v -0.010943 0.033734 0.015
v -0.010943 0.033734 0.0167
v -0.01075 0.033835 0.015
v -0.01075 0.033835 0.0167
v -0.010566 0.033952 0.015
v -0.010566 0.033952 0.0167
v -0.010393 0.034085 0.015
v -0.010393 0.034085 0.0167
v -0.010232 0.034232 0.015
v -0.010232 0.034232 0.0167
v -0.010085 0.034393 0.015
v -0.010085 0.034393 0.0167
v -0.009952 0.034566 0.015
v -0.009952 0.034566 0.0167
v -0.009835 0.03475 0.015
v -0.009835 0.03475 0.0167
v -0.009734 0.034943 0.015
v -0.009734 0.034943 0.0167
v -0.009651 0.035145 0.015
v -0.009651 0.035145 0.0167
v -0.009585 0.035353 0.015
v -0.009585 0.035353 0.0167
v -0.009538 0.035566 0.015
v -0.009538 0.035566 0.0167
v -0.00951 0.035782 0.015
v -0.00951 0.035782 0.0167
v -0.0095 0.036 0.015
v -0.0095 0.036 0.0167
v -0.00951 0.036218 0.015
v -0.00951 0.036218 0.0167
v -0.009538 0.036434 0.015
v -0.009538 0.036434 0.0167
v -0.009585 0.036647 0.015
v -0.009585 0.036647 0.0167
v -0.009651 0.036855 0.015
v -0.009651 0.036855 0.0167
v -0.009734 0.037057 0.015
v -0.009734 0.037057 0.0167
v -0.009835 0.03725 0.015
v -0.009835 0.03725 0.0167
v -0.009952 0.037434 0.015
v -0.009952 0.037434 0.0167
v -0.010085 0.037607 0.015
v -0.010085 0.037607 0.0167
v -0.010232 0.037768 0.015
v -0.010232 0.037768 0.0167
v -0.010393 0.037915 0.015
v -0.010393 0.037915 0.0167
v -0.010566 0.038048 0.015
v -0.010566 0.038048 0.0167
v -0.01075 0.038165 0.015
v -0.01075 0.038165 0.0167
v -0.010943 0.038266 0.015
v -0.010943 0.038266 0.0167
v -0.011145 0.038349 0.015
v -0.011145 0.038349 0.0167
v -0.011353 0.038415 0.015
v -0.011353 0.038415 0.0167
v -0.011566 0.038462 0.015
v -0.011566 0.038462 0.0167
v -0.011782 0.03849 0.015
v -0.011782 0.03849 0.0167
v -0.012 0.0385 0.015
v -0.012 0.0385 0.0167
v -0.012218 0.03849 0.015
v -0.012218 0.03849 0.0167
v -0.012434 0.038462 0.015
v -0.012434 0.038462 0.0167
v -0.012647 0.038415 0.015
v -0.012647 0.038415 0.0167
v -0.012855 0.038349 0.015
v -0.012855 0.038349 0.0167
v -0.013057 0.038266 0.015
v -0.013057 0.038266 0.0167
v -0.01325 0.038165 0.015
v -0.01325 0.038165 0.0167
v -0.013434 0.038048 0.015
v -0.013434 0.038048 0.0167
v -0.013607 0.037915 0.015
v -0.013607 0.037915 0.0167
v -0.013768 0.037768 0.015
v -0.013768 0.037768 0.0167
v -0.013915 0.037607 0.015
v -0.013915 0.037607 0.0167
v -0.014048 0.037434 0.015
v -0.014048 0.037434 0.0167
v -0.014165 0.03725 0.015
v -0.014165 0.03725 0.0167
v -0.014266 0.037057 0.015
v -0.014266 0.037057 0.0167
v -0.014349 0.036855 0.015
v -0.014349 0.036855 0.0167
v -0.014415 0.036647 0.015
v -0.014415 0.036647 0.0167
v -0.014462 0.036434 0.015
v -0.014462 0.036434 0.0167
v -0.01449 0.036218 0.015
v -0.01449 0.036218 0.0167
v -0.0145 0.036 0.015
v -0.012 0.036 0.0167
v -0.0145 0.028 0.0167
v -0.01449 0.027782 0.015
v -0.01449 0.027782 0.0167
v -0.014462 0.027566 0.015
v -0.014462 0.027566 0.0167
v -0.014415 0.027353 0.015
v -0.014415 0.027353 0.0167
v -0.014349 0.027145 0.015
v -0.014349 0.027145 0.0167
v -0.014266 0.026943 0.015
v -0.014266 0.026943 0.0167
v -0.014165 0.02675 0.015
v -0.014165 0.02675 0.0167
v -0.014048 0.026566 0.015
v -0.014048 0.026566 0.0167
v -0.013915 0.026393 0.015
v -0.013915 0.026393 0.0167
v -0.013768 0.026232 0.015
v -0.013768 0.026232 0.0167
v -0.013607 0.026085 0.015
v -0.013607 0.026085 0.0167
v -0.013434 0.025952 0.015
v -0.013434 0.025952 0.0167
v -0.01325 0.025835 0.015
v -0.01325 0.025835 0.0167
v -0.013057 0.025734 0.015
v -0.013057 0.025734 0.0167
v -0.012855 0.025651 0.015
v -0.012855 0.025651 0.0167
v -0.012647 0.025585 0.015
v -0.012647 0.025585 0.0167
v -0.012434 0.025538 0.015
v -0.012434 0.025538 0.0167
v -0.012218 0.02551 0.015
v -0.012218 0.02551 0.0167
v -0.012 0.0255 0.015
v -0.012 0.0255 0.0167
v -0.011782 0.02551 0.015
v -0.011782 0.02551 0.0167
v -0.011566 0.025538 0.015
v -0.011566 0.025538 0.0167
v -0.011353 0.025585 0.015
v -0.011353 0.025585 0.0167
v -0.011145 0.025651 0.015
v -0.011145 0.025651 0.0167
v -0.010943 0.025734 0.015
v -0.010943 0.025734 0.0167
v -0.01075 0.025835 0.015
v -0.01075 0.025835 0.0167
v -0.010566 0.025952 0.015
v -0.010566 0.025952 0.0167
v -0.010393 0.026085 0.015
v -0.010393 0.026085 0.0167
v -0.010232 0.026232 0.015
v -0.010232 0.026232 0.0167
v -0.010085 0.026393 0.015
v -0.010085 0.026393 0.0167
v -0.009952 0.026566 0.015
v -0.009952 0.026566 0.0167
v -0.009835 0.02675 0.015
v -0.009835 0.02675 0.0167
v -0.009734 0.026943 0.015
v -0.009734 0.026943 0.0167
v -0.009651 0.027145 0.015
v -0.009651 0.027145 0.0167
v -0.009585 0.027353 0.015
v -0.009585 0.027353 0.0167
v -0.009538 0.027566 0.015
v -0.009538 0.027566 0.0167
v -0.00951 0.027782 0.015
v -0.00951 0.027782 0.0167
v -0.0095 0.028 0.015
v -0.0095 0.028 0.0167
v -0.00951 0.028218 0.015
v -0.00951 0.028218 0.0167
v -0.009538 0.028434 0.015
v -0.009538 0.028434 0.0167
v -0.009585 0.028647 0.015
v -0.009585 0.028647 0.0167
v -0.009651 0.028855 0.015
v -0.009651 0.028855 0.0167
v -0.009734 0.029057 0.015
v -0.009734 0.029057 0.0167
v -0.009835 0.02925 0.015
v -0.009835 0.02925 0.0167
v -0.009952 0.029434 0.015
v -0.009952 0.029434 0.0167
v -0.010085 0.029607 0.015
v -0.010085 0.029607 0.0167
v -0.010232 0.029768 0.015
v -0.010232 0.029768 0.0167
v -0.010393 0.029915 0.015
v -0.010393 0.029915 0.0167
v -0.010566 0.030048 0.015
v -0.010566 0.030048 0.0167
v -0.01075 0.030165 0.015
v -0.01075 0.030165 0.0167
v -0.010943 0.030266 0.015
v -0.010943 0.030266 0.0167
v -0.011145 0.030349 0.015
v -0.011145 0.030349 0.0167
v -0.011353 0.030415 0.015
v -0.011353 0.030415 0.0167
v -0.011566 0.030462 0.015
v -0.011566 0.030462 0.0167
v -0.011782 0.03049 0.015
v -0.011782 0.03049 0.0167
v -0.012 0.0305 0.015
v -0.012 0.0305 0.0167
v -0.012218 0.03049 0.015
v -0.012218 0.03049 0.0167
v -0.012434 0.030462 0.015
v -0.012434 0.030462 0.0167
v -0.012647 0.030415 0.015
v -0.012647 0.030415 0.0167
v -0.012855 0.030349 0.015
v -0.012855 0.030349 0.0167
v -0.013057 0.030266 0.015
v -0.013057 0.030266 0.0167
v -0.01325 0.030165 0.015
v -0.01325 0.030165 0.0167
v -0.013434 0.030048 0.015
v -0.013434 0.030048 0.0167
v -0.013607 0.029915 0.015
v -0.013607 0.029915 0.0167
v -0.013768 0.029768 0.015
v -0.013768 0.029768 0.0167
v -0.013915 0.029607 0.015
v -0.013915 0.029607 0.0167
v -0.014048 0.029434 0.015
v -0.014048 0.029434 0.0167
v -0.014165 0.02925 0.015
v -0.014165 0.02925 0.0167
v -0.014266 0.029057 0.015
v -0.014266 0.029057 0.0167
v -0.014349 0.028855 0.015
v -0.014349 0.028855 0.0167
v -0.014415 0.028647 0.015
v -0.014415 0.028647 0.0167
v -0.014462 0.028434 0.015
v -0.014462 0.028434 0.0167
v -0.01449 0.028218 0.015
v -0.01449 0.028218 0.0167
v -0.0145 0.028 0.015
v -0.012 0.028 0.0167
v -0.0145 0.02 0.0167
v -0.01449 0.019782 0.015
v -0.01449 0.019782 0.0167
v -0.014462 0.019566 0.015
v -0.014462 0.019566 0.0167
v -0.014415 0.019353 0.015
v -0.014415 0.019353 0.0167
v -0.014349 0.019145 0.015
v -0.014349 0.019145 0.0167
v -0.014266 0.018943 0.015
v -0.014266 0.018943 0.0167
v -0.014165 0.01875 0.015
v -0.014165 0.01875 0.0167
v -0.014048 0.018566 0.015
v -0.014048 0.018566 0.0167
v -0.013915 0.018393 0.015
v -0.013915 0.018393 0.0167
v -0.013768 0.018232 0.015
v -0.013768 0.018232 0.0167
v -0.013607 0.018085 0.015
v -0.013607 0.018085 0.0167
v -0.013434 0.017952 0.015
v -0.013434 0.017952 0.0167
v -0.01325 0.017835 0.015
v -0.01325 0.017835 0.0167
v -0.013057 0.017734 0.015
v -0.013057 0.017734 0.0167
v -0.012855 0.017651 0.015
v -0.012855 0.017651 0.0167
v -0.012647 0.017585 0.015
v -0.012647 0.017585 0.0167
v -0.012434 0.017538 0.015
v -0.012434 0.017538 0.0167
v -0.012218 0.01751 0.015
v -0.012218 0.01751 0.0167
v -0.012 0.0175 0.015
v -0.012 0.0175 0.0167
v -0.011782 0.01751 0.015
v -0.011782 0.01751 0.0167
v -0.011566 0.017538 0.015
v -0.011566 0.017538 0.0167
v -0.011353 0.017585 0.015
v -0.011353 0.017585 0.0167
v -0.011145 0.017651 0.015
v -0.011145 0.017651 0.0167
v -0.010943 0.017734 0.015
v -0.010943 0.017734 0.0167
v -0.01075 0.017835 0.015
v -0.01075 0.017835 0.0167
v -0.010566 0.017952 0.015
v -0.010566 0.017952 0.0167
v -0.010393 0.018085 0.015
v -0.010393 0.018085 0.0167
v -0.010232 0.018232 0.015
v -0.010232 0.018232 0.0167
v -0.010085 0.018393 0.015
v -0.010085 0.018393 0.0167
v -0.009952 0.018566 0.015
v -0.009952 0.018566 0.0167
v -0.009835 0.01875 0.015
v -0.009835 0.01875 0.0167
v -0.009734 0.018943 0.015
v -0.009734 0.018943 0.0167
v -0.009651 0.019145 0.015
v -0.009651 0.019145 0.0167
v -0.009585 0.019353 0.015
v -0.009585 0.019353 0.0167
v -0.009538 0.019566 0.015
v -0.009538 0.019566 0.0167
v -0.00951 0.019782 0.015
v -0.00951 0.019782 0.0167
v -0.0095 0.02 0.015
v -0.0095 0.02 0.0167
v -0.00951 0.020218 0.015
v -0.00951 0.020218 0.0167
v -0.009538 0.020434 0.015
v -0.009538 0.020434 0.0167
v -0.009585 0.020647 0.015
v -0.009585 0.020647 0.0167
v -0.009651 0.020855 0.015
v -0.009651 0.020855 0.0167
v -0.009734 0.021057 0.015
v -0.009734 0.021057 0.0167
v -0.009835 0.02125 0.015
v -0.009835 0.02125 0.0167
v -0.009952 0.021434 0.015
v -0.009952 0.021434 0.0167
v -0.010085 0.021607 0.015
v -0.010085 0.021607 0.0167
v -0.010232 0.021768 0.015
v -0.010232 0.021768 0.0167
v -0.010393 0.021915 0.015
v -0.010393 0.021915 0.0167
v -0.010566 0.022048 0.015
v -0.010566 0.022048 0.0167
v -0.01075 0.022165 0.015
v -0.01075 0.022165 0.0167
v -0.010943 0.022266 0.015
v -0.010943 0.022266 0.0167
v -0.011145 0.022349 0.015
v -0.011145 0.022349 0.0167
v -0.011353 0.022415 0.015
v -0.011353 0.022415 0.0167
v -0.011566 0.022462 0.015
v -0.011566 0.022462 0.0167
v -0.011782 0.02249 0.015
v -0.011782 0.02249 0.0167
v -0.012 0.0225 0.015
v -0.012 0.0225 0.0167
v -0.012218 0.02249 0.015
v -0.012218 0.02249 0.0167
v -0.012434 0.022462 0.015
v -0.012434 0.022462 0.0167
v -0.012647 0.022415 0.015
v -0.012647 0.022415 0.0167
v -0.012855 0.022349 0.015
v -0.012855 0.022349 0.0167
v -0.013057 0.022266 0.015
v -0.013057 0.022266 0.0167
v -0.01325 0.022165 0.015
v -0.01325 0.022165 0.0167
v -0.013434 0.022048 0.015
v -0.013434 0.022048 0.0167
v -0.013607 0.021915 0.015
v -0.013607 0.021915 0.0167
v -0.013768 0.021768 0.015
v -0.013768 0.021768 0.0167
v -0.013915 0.021607 0.015
v -0.013915 0.021607 0.0167
v -0.014048 0.021434 0.015
v -0.014048 0.021434 0.0167
v -0.014165 0.02125 0.015
v -0.014165 0.02125 0.0167
v -0.014266 0.021057 0.015
v -0.014266 0.021057 0.0167
v -0.014349 0.020855 0.015
v -0.014349 0.020855 0.0167
v -0.014415 0.020647 0.015
v -0.014415 0.020647 0.0167
v -0.014462 0.020434 0.015
v -0.014462 0.020434 0.0167
v -0.01449 0.020218 0.015
v -0.01449 0.020218 0.0167
v -0.0145 0.02 0.015
v -0.012 0.02 0.0167
v -0.0145 0.012 0.0167
v -0.01449 0.011782 0.015
v -0.01449 0.011782 0.0167
v -0.014462 0.011566 0.015
v -0.014462 0.011566 0.0167
v -0.014415 0.011353 0.015
v -0.014415 0.011353 0.0167
v -0.014349 0.011145 0.015
v -0.014349 0.011145 0.0167
v -0.014266 0.010943 0.015
v -0.014266 0.010943 0.0167
v -0.014165 0.01075 0.015
v -0.014165 0.01075 0.0167
v -0.014048 0.010566 0.015
v -0.014048 0.010566 0.0167
v -0.013915 0.010393 0.015
v -0.013915 0.010393 0.0167
v -0.013768 0.010232 0.015
v -0.013768 0.010232 0.0167
v -0.013607 0.010085 0.015
v -0.013607 0.010085 0.0167
v -0.013434 0.009952 0.015
v -0.013434 0.009952 0.0167
v -0.01325 0.009835 0.015
v -0.01325 0.009835 0.0167
v -0.013057 0.009734 0.015
v -0.013057 0.009734 0.0167
v -0.012855 0.009651 0.015
v -0.012855 0.009651 0.0167
v -0.012647 0.009585 0.015
v -0.012647 0.009585 0.0167
v -0.012434 0.009538 0.015
v -0.012434 0.009538 0.0167
v -0.012218 0.00951 0.015
v -0.012218 0.00951 0.0167
v -0.012 0.0095 0.015
v -0.012 0.0095 0.0167
v -0.011782 0.00951 0.015
v -0.011782 0.00951 0.0167
v -0.011566 0.009538 0.015
v -0.011566 0.009538 0.0167
v -0.011353 0.009585 0.015
v -0.011353 0.009585 0.0167
v -0.011145 0.009651 0.015
v -0.011145 0.009651 0.0167
v -0.010943 0.009734 0.015
v -0.010943 0.009734 0.0167
v -0.01075 0.009835 0.015
v -0.01075 0.009835 0.0167
v -0.010566 0.009952 0.015
v -0.010566 0.009952 0.0167
v -0.010393 0.010085 0.015
v -0.010393 0.010085 0.0167
v -0.010232 0.010232 0.015
v -0.010232 0.010232 0.0167
v -0.010085 0.010393 0.015
v -0.010085 0.010393 0.0167
v -0.009952 0.010566 0.015
v -0.009952 0.010566 0.0167
v -0.009835 0.01075 0.015
v -0.009835 0.01075 0.0167
v -0.009734 0.010943 0.015
v -0.009734 0.010943 0.0167
v -0.009651 0.011145 0.015
v -0.009651 0.011145 0.0167
v -0.009585 0.011353 0.015
v -0.009585 0.011353 0.0167
v -0.009538 0.011566 0.015
v -0.009538 0.011566 0.0167
v -0.00951 0.011782 0.015
v -0.00951 0.011782 0.0167
v -0.0095 0.012 0.015
v -0.0095 0.012 0.0167
v -0.00951 0.012218 0.015
v -0.00951 0.012218 0.0167
v -0.009538 0.012434 0.015
v -0.009538 0.012434 0.0167
v -0.009585 0.012647 0.015
v -0.009585 0.012647 0.0167
v -0.009651 0.012855 0.015
v -0.009651 0.012855 0.0167
v -0.009734 0.013057 0.015
v -0.009734 0.013057 0.0167
v -0.009835 0.01325 0.015
v -0.009835 0.01325 0.0167
v -0.009952 0.013434 0.015
v -0.009952 0.013434 0.0167
v -0.010085 0.013607 0.015
v -0.010085 0.013607 0.0167
v -0.010232 0.013768 0.015
v -0.010232 0.013768 0.0167
v -0.010393 0.013915 0.015
v -0.010393 0.013915 0.0167
v -0.010566 0.014048 0.015
v -0.010566 0.014048 0.0167
v -0.01075 0.014165 0.015
v -0.01075 0.014165 0.0167
v -0.010943 0.014266 0.015
v -0.010943 0.014266 0.0167
v -0.011145 0.014349 0.015
v -0.011145 0.014349 0.0167
v -0.011353 0.014415 0.015
v -0.011353 0.014415 0.0167
v -0.011566 0.014462 0.015
v -0.011566 0.014462 0.0167
v -0.011782 0.01449 0.015
v -0.011782 0.01449 0.0167
v -0.012 0.0145 0.015
v -0.012 0.0145 0.0167
v -0.012218 0.01449 0.015
v -0.012218 0.01449 0.0167
v -0.012434 0.014462 0.015
v -0.012434 0.014462 0.0167
v -0.012647 0.014415 0.015
v -0.012647 0.014415 0.0167
v -0.012855 0.014349 0.015
v -0.012855 0.014349 0.0167
v -0.013057 0.014266 0.015
v -0.013057 0.014266 0.0167
v -0.01325 0.014165 0.015
v -0.01325 0.014165 0.0167
v -0.013434 0.014048 0.015
v -0.013434 0.014048 0.0167
v -0.013607 0.013915 0.015
v -0.013607 0.013915 0.0167
v -0.013768 0.013768 0.015
v -0.013768 0.013768 0.0167
v -0.013915 0.013607 0.015
v -0.013915 0.013607 0.0167
v -0.014048 0.013434 0.015
v -0.014048 0.013434 0.0167
v -0.014165 0.01325 0.015
v -0.014165 0.01325 0.0167
v -0.014266 0.013057 0.015
v -0.014266 0.013057 0.0167
v -0.014349 0.012855 0.015
v -0.014349 0.012855 0.0167
v -0.014415 0.012647 0.015
v -0.014415 0.012647 0.0167
v -0.014462 0.012434 0.015
v -0.014462 0.012434 0.0167
v -0.01449 0.012218 0.015
v -0.01449 0.012218 0.0167
v -0.0145 0.012 0.015
v -0.012 0.012 0.0167
v -0.0145 -0.02 0.0167
v -0.01449 -0.020218 0.015
v -0.01449 -0.020218 0.0167
v -0.014462 -0.020434 0.015
v -0.014462 -0.020434 0.0167
v -0.014415 -0.020647 0.015
v -0.014415 -0.020647 0.0167
v -0.014349 -0.020855 0.015
v -0.014349 -0.020855 0.0167
v -0.014266 -0.021057 0.015
v -0.014266 -0.021057 0.0167
v -0.014165 -0.02125 0.015
v -0.014165 -0.02125 0.0167
v -0.014048 -0.021434 0.015
v -0.014048 -0.021434 0.0167
v -0.013915 -0.021607 0.015
v -0.013915 -0.021607 0.0167
v -0.013768 -0.021768 0.015
v -0.013768 -0.021768 0.0167
v -0.013607 -0.021915 0.015
v -0.013607 -0.021915 0.0167
v -0.013434 -0.022048 0.015
v -0.013434 -0.022048 0.0167
v -0.01325 -0.022165 0.015
v -0.01325 -0.022165 0.0167
v -0.013057 -0.022266 0.015
v -0.013057 -0.022266 0.0167
v -0.012855 -0.022349 0.015
v -0.012855 -0.022349 0.0167
v -0.012647 -0.022415 0.015
v -0.012647 -0.022415 0.0167
v -0.012434 -0.022462 0.015
v -0.012434 -0.022462 0.0167
v -0.012218 -0.02249 0.015
v -0.012218 -0.02249 0.0167
v -0.012 -0.0225 0.015
v -0.012 -0.0225 0.0167
v -0.011782 -0.02249 0.015
v -0.011782 -0.02249 0.0167
v -0.011566 -0.022462 0.015
v -0.011566 -0.022462 0.0167
v -0.011353 -0.022415 0.015
v -0.011353 -0.022415 0.0167
v -0.011145 -0.022349 0.015
v -0.011145 -0.022349 0.0167
v -0.010943 -0.022266 0.015
v -0.010943 -0.022266 0.0167
v -0.01075 -0.022165 0.015
v -0.01075 -0.022165 0.0167
v -0.010566 -0.022048 0.015
v -0.010566 -0.022048 0.0167
v -0.010393 -0.021915 0.015
v -0.010393 -0.021915 0.0167
v -0.010232 -0.021768 0.015
v -0.010232 -0.021768 0.0167
v -0.010085 -0.021607 0.015
v -0.010085 -0.021607 0.0167
v -0.009952 -0.021434 0.015
v -0.009952 -0.021434 0.0167
v -0.009835 -0.02125 0.015
v -0.009835 -0.02125 0.0167
v -0.009734 -0.021057 0.015
v -0.009734 -0.021057 0.0167
v -0.009651 -0.020855 0.015
v -0.009651 -0.020855 0.0167
v -0.009585 -0.020647 0.015
v -0.009585 -0.020647 0.0167
v -0.009538 -0.020434 0.015
v -0.009538 -0.020434 0.0167
v -0.00951 -0.020218 0.015
v -0.00951 -0.020218 0.0167
v -0.0095 -0.02 0.015
v -0.0095 -0.02 0.0167
v -0.00951 -0.019782 0.015
v -0.00951 -0.019782 0.0167
v -0.009538 -0.019566 0.015
v -0.009538 -0.019566 0.0167
v -0.009585 -0.019353 0.015
v -0.009585 -0.019353 0.0167
v -0.009651 -0.019145 0.015
v -0.009651 -0.019145 0.0167
v -0.009734 -0.018943 0.015
v -0.009734 -0.018943 0.0167
v -0.009835 -0.01875 0.015
v -0.009835 -0.01875 0.0167
v -0.009952 -0.018566 0.015
v -0.009952 -0.018566 0.0167
v -0.010085 -0.018393 0.015
v -0.010085 -0.018393 0.0167
v -0.010232 -0.018232 0.015
v -0.010232 -0.018232 0.0167
v -0.010393 -0.018085 0.015
v -0.010393 -0.018085 0.0167
v -0.010566 -0.017952 0.015
v -0.010566 -0.017952 0.0167
v -0.01075 -0.017835 0.015
v -0.01075 -0.017835 0.0167
v -0.010943 -0.017734 0.015
v -0.010943 -0.017734 0.0167
v -0.011145 -0.017651 0.015
v -0.011145 -0.017651 0.0167
v -0.011353 -0.017585 0.015
v -0.011353 -0.017585 0.0167
v -0.011566 -0.017538 0.015
v -0.011566 -0.017538 0.0167
v -0.011782 -0.01751 0.015
v -0.011782 -0.01751 0.0167
v -0.012 -0.0175 0.015
v -0.012 -0.0175 0.0167
v -0.012218 -0.01751 0.015
v -0.012218 -0.01751 0.0167
v -0.012434 -0.017538 0.015
v -0.012434 -0.017538 0.0167
v -0.012647 -0.017585 0.015
v -0.012647 -0.017585 0.0167
v -0.012855 -0.017651 0.015
v -0.012855 -0.017651 0.0167
v -0.013057 -0.017734 0.015
v -0.013057 -0.017734 0.0167
v -0.01325 -0.017835 0.015
v -0.01325 -0.017835 0.0167
v -0.013434 -0.017952 0.015
v -0.013434 -0.017952 0.0167
v -0.013607 -0.018085 0.015
v -0.013607 -0.018085 0.0167
v -0.013768 -0.018232 0.015
v -0.013768 -0.018232 0.0167
v -0.013915 -0.018393 0.015
v -0.013915 -0.018393 0.0167
v -0.014048 -0.018566 0.015
v -0.014048 -0.018566 0.0167
v -0.014165 -0.01875 0.015
v -0.014165 -0.01875 0.0167
v -0.014266 -0.018943 0.015
v -0.014266 -0.018943 0.0167
v -0.014349 -0.019145 0.015
v -0.014349 -0.019145 0.0167
v -0.014415 -0.019353 0.015
v -0.014415 -0.019353 0.0167
v -0.014462 -0.019566 0.015
v -0.014462 -0.019566 0.0167
v -0.01449 -0.019782 0.015
v -0.01449 -0.019782 0.0167
v -0.0145 -0.02 0.015
v -0.012 -0.02 0.0167
v -0.0065 0.012 0.0167
v -0.00649 0.011782 0.015
v -0.00649 0.011782 0.0167
v -0.006462 0.011566 0.015
v -0.006462 0.011566 0.0167
v -0.006415 0.011353 0.015
v -0.006415 0.011353 0.0167
v -0.006349 0.011145 0.015
v -0.006349 0.011145 0.0167
v -0.006266 0.010943 0.015
v -0.006266 0.010943 0.0167
v -0.006165 0.01075 0.015
v -0.006165 0.01075 0.0167
v -0.006048 0.010566 0.015
v -0.006048 0.010566 0.0167
v -0.005915 0.010393 0.015
v -0.005915 0.010393 0.0167
v -0.005768 0.010232 0.015
v -0.005768 0.010232 0.0167
v -0.005607 0.010085 0.015
v -0.005607 0.010085 0.0167
v -0.005434 0.009952 0.015
v -0.005434 0.009952 0.0167
v -0.00525 0.009835 0.015
v -0.00525 0.009835 0.0167
v -0.005057 0.009734 0.015
v -0.005057 0.009734 0.0167
v -0.004855 0.009651 0.015
v -0.004855 0.009651 0.0167
v -0.004647 0.009585 0.015
v -0.004647 0.009585 0.0167
v -0.004434 0.009538 0.015
v -0.004434 0.009538 0.0167
v -0.004218 0.00951 0.015
v -0.004218 0.00951 0.0167
v -0.004 0.0095 0.015
v -0.004 0.0095 0.0167
v -0.003782 0.00951 0.015
v -0.003782 0.00951 0.0167
v -0.003566 0.009538 0.015
v -0.003566 0.009538 0.0167
v -0.003353 0.009585 0.015
v -0.003353 0.009585 0.0167
v -0.003145 0.009651 0.015
v -0.003145 0.009651 0.0167
v -0.002943 0.009734 0.015
v -0.002943 0.009734 0.0167
v -0.00275 0.009835 0.015
v -0.00275 0.009835 0.0167
v -0.002566 0.009952 0.015
v -0.002566 0.009952 0.0167
v -0.002393 0.010085 0.015
v -0.002393 0.010085 0.0167
v -0.002232 0.010232 0.015
v -0.002232 0.010232 0.0167
v -0.002085 0.010393 0.015
v -0.002085 0.010393 0.0167
v -0.001952 0.010566 0.015
v -0.001952 0.010566 0.0167
v -0.001835 0.01075 0.015
v -0.001835 0.01075 0.0167
v -0.001734 0.010943 0.015
v -0.001734 0.010943 0.0167
v -0.001651 0.011145 0.015
v -0.001651 0.011145 0.0167
v -0.001585 0.011353 0.015
v -0.001585 0.011353 0.0167
v -0.001538 0.011566 0.015
v -0.001538 0.011566 0.0167
v -0.00151 0.011782 0.015
v -0.00151 0.011782 0.0167
v -0.0015 0.012 0.015
v -0.0015 0.012 0.0167
v -0.00151 0.012218 0.015
v -0.00151 0.012218 0.0167
v -0.001538 0.012434 0.015
v -0.001538 0.012434 0.0167
v -0.001585 0.012647 0.015
v -0.001585 0.012647 0.0167
v -0.001651 0.012855 0.015
v -0.001651 0.012855 0.0167
v -0.001734 0.013057 0.015
v -0.001734 0.013057 0.0167
v -0.001835 0.01325 0.015
v -0.001835 0.01325 0.0167
v -0.001952 0.013434 0.015
v -0.001952 0.013434 0.0167
v -0.002085 0.013607 0.015
v -0.002085 0.013607 0.0167
v -0.002232 0.013768 0.015
v -0.002232 0.013768 0.0167
v -0.002393 0.013915 0.015
v -0.002393 0.013915 0.0167
v -0.002566 0.014048 0.015
v -0.002566 0.014048 0.0167
v -0.00275 0.014165 0.015
v -0.00275 0.014165 0.0167
v -0.002943 0.014266 0.015
v -0.002943 0.014266 0.0167
v -0.003145 0.014349 0.015
v -0.003145 0.014349 0.0167
v -0.003353 0.014415 0.015
v -0.003353 0.014415 0.0167
v -0.003566 0.014462 0.015
v -0.003566 0.014462 0.0167
v -0.003782 0.01449 0.015
v -0.003782 0.01449 0.0167
v -0.004 0.0145 0.015
v -0.004 0.0145 0.0167
v -0.004218 0.01449 0.015
v -0.004218 0.01449 0.0167
v -0.004434 0.014462 0.015
v -0.004434 0.014462 0.0167
v -0.004647 0.014415 0.015
v -0.004647 0.014415 0.0167
v -0.004855 0.014349 0.015
v -0.004855 0.014349 0.0167
v -0.005057 0.014266 0.015
v -0.005057 0.014266 0.0167
v -0.00525 0.014165 0.015
v -0.00525 0.014165 0.0167
v -0.005434 0.014048 0.015
v -0.005434 0.014048 0.0167
v -0.005607 0.013915 0.015
v -0.005607 0.013915 0.0167
v -0.005768 0.013768 0.015
v -0.005768 0.013768 0.0167
v -0.005915 0.013607 0.015
v -0.005915 0.013607 0.0167
v -0.006048 0.013434 0.015
v -0.006048 0.013434 0.0167
v -0.006165 0.01325 0.015
v -0.006165 0.01325 0.0167
v -0.006266 0.013057 0.015
v -0.006266 0.013057 0.0167
v -0.006349 0.012855 0.015
v -0.006349 0.012855 0.0167
v -0.006415 0.012647 0.015
v -0.006415 0.012647 0.0167
v -0.006462 0.012434 0.015
v -0.006462 0.012434 0.0167
v -0.00649 0.012218 0.015
v -0.00649 0.012218 0.0167
v -0.0065 0.012 0.015
v -0.004 0.012 0.0167
v -0.0065 -0.02 0.0167
v -0.00649 -0.020218 0.015
v -0.00649 -0.020218 0.0167
v -0.006462 -0.020434 0.015
v -0.006462 -0.020434 0.0167
v -0.006415 -0.020647 0.015
v -0.006415 -0.020647 0.0167
v -0.006349 -0.020855 0.015
v -0.006349 -0.020855 0.0167
v -0.006266 -0.021057 0.015
v -0.006266 -0.021057 0.0167
v -0.006165 -0.02125 0.015
v -0.006165 -0.02125 0.0167
v -0.006048 -0.021434 0.015
v -0.006048 -0.021434 0.0167
v -0.005915 -0.021607 0.015
v -0.005915 -0.021607 0.0167
v -0.005768 -0.021768 0.015
v -0.005768 -0.021768 0.0167
v -0.005607 -0.021915 0.015
v -0.005607 -0.021915 0.0167
v -0.005434 -0.022048 0.015
v -0.005434 -0.022048 0.0167
v -0.00525 -0.022165 0.015
v -0.00525 -0.022165 0.0167
v -0.005057 -0.022266 0.015
v -0.005057 -0.022266 0.0167
v -0.004855 -0.022349 0.015
v -0.004855 -0.022349 0.0167
v -0.004647 -0.022415 0.015
v -0.004647 -0.022415 0.0167
v -0.004434 -0.022462 0.015
v -0.004434 -0.022462 0.0167
v -0.004218 -0.02249 0.015
v -0.004218 -0.02249 0.0167
v -0.004 -0.0225 0.015
v -0.004 -0.0225 0.0167
v -0.003782 -0.02249 0.015
v -0.003782 -0.02249 0.0167
v -0.003566 -0.022462 0.015
v -0.003566 -0.022462 0.0167
v -0.003353 -0.022415 0.015
v -0.003353 -0.022415 0.0167
v -0.003145 -0.022349 0.015
v -0.003145 -0.022349 0.0167
v -0.002943 -0.022266 0.015
v -0.002943 -0.022266 0.0167
v -0.00275 -0.022165 0.015
v -0.00275 -0.022165 0.0167
v -0.002566 -0.022048 0.015
v -0.002566 -0.022048 0.0167
v -0.002393 -0.021915 0.015
v -0.002393 -0.021915 0.0167
v -0.002232 -0.021768 0.015
v -0.002232 -0.021768 0.0167
v -0.002085 -0.021607 0.015
v -0.002085 -0.021607 0.0167
v -0.001952 -0.021434 0.015
v -0.001952 -0.021434 0.0167
v -0.001835 -0.02125 0.015
v -0.001835 -0.02125 0.0167
v -0.001734 -0.021057 0.015
v -0.001734 -0.021057 0.0167
v -0.001651 -0.020855 0.015
v -0.001651 -0.020855 0.0167
v -0.001585 -0.020647 0.015
v -0.001585 -0.020647 0.0167
v -0.001538 -0.020434 0.015
v -0.001538 -0.020434 0.0167
v -0.00151 -0.020218 0.015
v -0.00151 -0.020218 0.0167
v -0.0015 -0.02 0.015
v -0.0015 -0.02 0.0167
v -0.00151 -0.019782 0.015
v -0.00151 -0.019782 0.0167
v -0.001538 -0.019566 0.015
v -0.001538 -0.019566 0.0167
v -0.001585 -0.019353 0.015
v -0.001585 -0.019353 0.0167
v -0.001651 -0.019145 0.015
v -0.001651 -0.019145 0.0167
v -0.001734 -0.018943 0.015
v -0.001734 -0.018943 0.0167
v -0.001835 -0.01875 0.015
v -0.001835 -0.01875 0.0167
v -0.001952 -0.018566 0.015
v -0.001952 -0.018566 0.0167
v -0.002085 -0.018393 0.015
v -0.002085 -0.018393 0.0167
v -0.002232 -0.018232 0.015
v -0.002232 -0.018232 0.0167
v -0.002393 -0.018085 0.015
v -0.002393 -0.018085 0.0167
v -0.002566 -0.017952 0.015
v -0.002566 -0.017952 0.0167
v -0.00275 -0.017835 0.015
v -0.00275 -0.017835 0.0167
v -0.002943 -0.017734 0.015
v -0.002943 -0.017734 0.0167
v -0.003145 -0.017651 0.015
v -0.003145 -0.017651 0.0167
v -0.003353 -0.017585 0.015
v -0.003353 -0.017585 0.0167
v -0.003566 -0.017538 0.015
v -0.003566 -0.017538 0.0167
v -0.003782 -0.01751 0.015
v -0.003782 -0.01751 0.0167
v -0.004 -0.0175 0.015
v -0.004 -0.0175 0.0167
v -0.004218 -0.01751 0.015
v -0.004218 -0.01751 0.0167
v -0.004434 -0.017538 0.015
v -0.004434 -0.017538 0.0167
v -0.004647 -0.017585 0.015
v -0.004647 -0.017585 0.0167
v -0.004855 -0.017651 0.015
v -0.004855 -0.017651 0.0167
v -0.005057 -0.017734 0.015
v -0.005057 -0.017734 0.0167
v -0.00525 -0.017835 0.015
v -0.00525 -0.017835 0.0167
v -0.005434 -0.017952 0.015
v -0.005434 -0.017952 0.0167
v -0.005607 -0.018085 0.015
v -0.005607 -0.018085 0.0167
v -0.005768 -0.018232 0.015
v -0.005768 -0.018232 0.0167
v -0.005915 -0.018393 0.015
v -0.005915 -0.018393 0.0167
v -0.006048 -0.018566 0.015
v -0.006048 -0.018566 0.0167
v -0.006165 -0.01875 0.015
v -0.006165 -0.01875 0.0167
v -0.006266 -0.018943 0.015
v -0.006266 -0.018943 0.0167
v -0.006349 -0.019145 0.015
v -0.006349 -0.019145 0.0167
v -0.006415 -0.019353 0.015
v -0.006415 -0.019353 0.0167
v -0.006462 -0.019566 0.015
v -0.006462 -0.019566 0.0167
v -0.00649 -0.019782 0.015
v -0.00649 -0.019782 0.0167
v -0.0065 -0.02 0.015
v -0.004 -0.02 0.0167
v 0.0015 -0.028 0.0167
v 0.00151 -0.028218 0.015
v 0.00151 -0.028218 0.0167
v 0.001538 -0.028434 0.015
v 0.001538 -0.028434 0.0167
v 0.001585 -0.028647 0.015
v 0.001585 -0.028647 0.0167
v 0.001651 -0.028855 0.015
v 0.001651 -0.028855 0.0167
v 0.001734 -0.029057 0.015
v 0.001734 -0.029057 0.0167
v 0.001835 -0.02925 0.015
v 0.001835 -0.02925 0.0167
v 0.001952 -0.029434 0.015
v 0.001952 -0.029434 0.0167
v 0.002085 -0.029607 0.015
v 0.002085 -0.029607 0.0167
v 0.002232 -0.029768 0.015
v 0.002232 -0.029768 0.0167
v 0.002393 -0.029915 0.015
v 0.002393 -0.029915 0.0167
v 0.002566 -0.030048 0.015
v 0.002566 -0.030048 0.0167
v 0.00275 -0.030165 0.015
v 0.00275 -0.030165 0.0167
v 0.002943 -0.030266 0.015
v 0.002943 -0.030266 0.0167
v 0.003145 -0.030349 0.015
v 0.003145 -0.030349 0.0167
v 0.003353 -0.030415 0.015
v 0.003353 -0.030415 0.0167
v 0.003566 -0.030462 0.015
v 0.003566 -0.030462 0.0167
v 0.003782 -0.03049 0.015
v 0.003782 -0.03049 0.0167
v 0.004 -0.0305 0.015
v 0.004 -0.0305 0.0167
v 0.004218 -0.03049 0.015
v 0.004218 -0.03049 0.0167
v 0.004434 -0.030462 0.015
v 0.004434 -0.030462 0.0167
v 0.004647 -0.030415 0.015
v 0.004647 -0.030415 0.0167
v 0.004855 -0.030349 0.015
v 0.004855 -0.030349 0.0167
v 0.005057 -0.030266 0.015
v 0.005057 -0.030266 0.0167
v 0.00525 -0.030165 0.015
v 0.00525 -0.030165 0.0167
v 0.005434 -0.030048 0.015
v 0.005434 -0.030048 0.0167
v 0.005607 -0.029915 0.015
v 0.005607 -0.029915 0.0167
v 0.005768 -0.029768 0.015
v 0.005768 -0.029768 0.0167
v 0.005915 -0.029607 0.015
v 0.005915 -0.029607 0.0167
v 0.006048 -0.029434 0.015
v 0.006048 -0.029434 0.0167
v 0.006165 -0.02925 0.015
v 0.006165 -0.02925 0.0167
v 0.006266 -0.029057 0.015
v 0.006266 -0.029057 0.0167
v 0.006349 -0.028855 0.015
v 0.006349 -0.028855 0.0167
v 0.006415 -0.028647 0.015
v 0.006415 -0.028647 0.0167
v 0.006462 -0.028434 0.015
v 0.006462 -0.028434 0.0167
v 0.00649 -0.028218 0.015
v 0.00649 -0.028218 0.0167
v 0.0065 -0.028 0.015
v 0.0065 -0.028 0.0167
v 0.00649 -0.027782 0.015
v 0.00649 -0.027782 0.0167
v 0.006462 -0.027566 0.015
v 0.006462 -0.027566 0.0167
v 0.006415 -0.027353 0.015
v 0.006415 -0.027353 0.0167
v 0.006349 -0.027145 0.015
v 0.006349 -0.027145 0.0167
v 0.006266 -0.026943 0.015
v 0.006266 -0.026943 0.0167
v 0.006165 -0.02675 0.015
v 0.006165 -0.02675 0.0167
v 0.006048 -0.026566 0.015
v 0.006048 -0.026566 0.0167
v 0.005915 -0.026393 0.015
v 0.005915 -0.026393 0.0167
v 0.005768 -0.026232 0.015
v 0.005768 -0.026232 0.0167
v 0.005607 -0.026085 0.015
v 0.005607 -0.026085 0.0167
v 0.005434 -0.025952 0.015
v 0.005434 -0.025952 0.0167
v 0.00525 -0.025835 0.015
v 0.00525 -0.025835 0.0167
v 0.005057 -0.025734 0.015
v 0.005057 -0.025734 0.0167
v 0.004855 -0.025651 0.015
v 0.004855 -0.025651 0.0167
v 0.004647 -0.025585 0.015
v 0.004647 -0.025585 0.0167
v 0.004434 -0.025538 0.015
v 0.004434 -0.025538 0.0167
v 0.004218 -0.02551 0.015
v 0.004218 -0.02551 0.0167
v 0.004 -0.0255 0.015
v 0.004 -0.0255 0.0167
v 0.003782 -0.02551 0.015
v 0.003782 -0.02551 0.0167
v 0.003566 -0.025538 0.015
v 0.003566 -0.025538 0.0167
v 0.003353 -0.025585 0.015
v 0.003353 -0.025585 0.0167
v 0.003145 -0.025651 0.015
v 0.003145 -0.025651 0.0167
v 0.002943 -0.025734 0.015
v 0.002943 -0.025734 0.0167
v 0.00275 -0.025835 0.015
v 0.00275 -0.025835 0.0167
v 0.002566 -0.025952 0.015
v 0.002566 -0.025952 0.0167
v 0.002393 -0.026085 0.015
v 0.002393 -0.026085 0.0167
v 0.002232 -0.026232 0.015
v 0.002232 -0.026232 0.0167
v 0.002085 -0.026393 0.015
v 0.002085 -0.026393 0.0167
v 0.001952 -0.026566 0.015
v 0.001952 -0.026566 0.0167
v 0.001835 -0.02675 0.015
v 0.001835 -0.02675 0.0167
v 0.001734 -0.026943 0.015
v 0.001734 -0.026943 0.0167
v 0.001651 -0.027145 0.015
v 0.001651 -0.027145 0.0167
v 0.001585 -0.027353 0.015
v 0.001585 -0.027353 0.0167
v 0.001538 -0.027566 0.015
v 0.001538 -0.027566 0.0167
v 0.00151 -0.027782 0.015
v 0.00151 -0.027782 0.0167
v 0.0015 -0.028 0.015
v 0.004 -0.028 0.0167
v 0.0015 -0.012 0.0167
v 0.00151 -0.012218 0.015
v 0.00151 -0.012218 0.0167
v 0.001538 -0.012434 0.015
v 0.001538 -0.012434 0.0167
v 0.001585 -0.012647 0.015
v 0.001585 -0.012647 0.0167
v 0.001651 -0.012855 0.015
v 0.001651 -0.012855 0.0167
v 0.001734 -0.013057 0.015
v 0.001734 -0.013057 0.0167
v 0.001835 -0.01325 0.015
v 0.001835 -0.01325 0.0167
v 0.001952 -0.013434 0.015
v 0.001952 -0.013434 0.0167
v 0.002085 -0.013607 0.015
v 0.002085 -0.013607 0.0167
v 0.002232 -0.013768 0.015
v 0.002232 -0.013768 0.0167
v 0.002393 -0.013915 0.015
v 0.002393 -0.013915 0.0167
v 0.002566 -0.014048 0.015
v 0.002566 -0.014048 0.0167
v 0.00275 -0.014165 0.015
v 0.00275 -0.014165 0.0167
v 0.002943 -0.014266 0.015
v 0.002943 -0.014266 0.0167
v 0.003145 -0.014349 0.015
v 0.003145 -0.014349 0.0167
v 0.003353 -0.014415 0.015
v 0.003353 -0.014415 0.0167
v 0.003566 -0.014462 0.015
v 0.003566 -0.014462 0.0167
v 0.003782 -0.01449 0.015
v 0.003782 -0.01449 0.0167
v 0.004 -0.0145 0.015
v 0.004 -0.0145 0.0167
v 0.004218 -0.01449 0.015
v 0.004218 -0.01449 0.0167
v 0.004434 -0.014462 0.015
v 0.004434 -0.014462 0.0167
v 0.004647 -0.014415 0.015
v 0.004647 -0.014415 0.0167
v 0.004855 -0.014349 0.015
v 0.004855 -0.014349 0.0167
v 0.005057 -0.014266 0.015
v 0.005057 -0.014266 0.0167
v 0.00525 -0.014165 0.015
v 0.00525 -0.014165 0.0167
v 0.005434 -0.014048 0.015
v 0.005434 -0.014048 0.0167
v 0.005607 -0.013915 0.015
v 0.005607 -0.013915 0.0167
v 0.005768 -0.013768 0.015
v 0.005768 -0.013768 0.0167
v 0.005915 -0.013607 0.015
v 0.005915 -0.013607 0.0167
v 0.006048 -0.013434 0.015
v 0.006048 -0.013434 0.0167
v 0.006165 -0.01325 0.015
v 0.006165 -0.01325 0.0167
v 0.006266 -0.013057 0.015
v 0.006266 -0.013057 0.0167
v 0.006349 -0.012855 0.015
v 0.006349 -0.012855 0.0167
v 0.006415 -0.012647 0.015
v 0.006415 -0.012647 0.0167
v 0.006462 -0.012434 0.015
v 0.006462 -0.012434 0.0167
v 0.00649 -0.012218 0.015
v 0.00649 -0.012218 0.0167
v 0.0065 -0.012 0.015
v 0.0065 -0.012 0.0167
v 0.00649 -0.011782 0.015
v 0.00649 -0.011782 0.0167
v 0.006462 -0.011566 0.015
v 0.006462 -0.011566 0.0167
v 0.006415 -0.011353 0.015
v 0.006415 -0.011353 0.0167
v 0.006349 -0.011145 0.015
v 0.006349 -0.011145 0.0167
v 0.006266 -0.010943 0.015
v 0.006266 -0.010943 0.0167
v 0.006165 -0.01075 0.015
v 0.006165 -0.01075 0.0167
v 0.006048 -0.010566 0.015
v 0.006048 -0.010566 0.0167
v 0.005915 -0.010393 0.015
v 0.005915 -0.010393 0.0167
v 0.005768 -0.010232 0.015
v 0.005768 -0.010232 0.0167
v 0.005607 -0.010085 0.015
v 0.005607 -0.010085 0.0167
v 0.005434 -0.009952 0.015
v 0.005434 -0.009952 0.0167
v 0.00525 -0.009835 0.015
v 0.00525 -0.009835 0.0167
v 0.005057 -0.009734 0.015
v 0.005057 -0.009734 0.0167
v 0.004855 -0.009651 0.015
v 0.004855 -0.009651 0.0167
v 0.004647 -0.009585 0.015
v 0.004647 -0.009585 0.0167
v 0.004434 -0.009538 0.015
v 0.004434 -0.009538 0.0167
v 0.004218 -0.00951 0.015
v 0.004218 -0.00951 0.0167
v 0.004 -0.0095 0.015
v 0.004 -0.0095 0.0167
v 0.003782 -0.00951 0.015
v 0.003782 -0.00951 0.0167
v 0.003566 -0.009538 0.015
v 0.003566 -0.009538 0.0167
v 0.003353 -0.009585 0.015
v 0.003353 -0.009585 0.0167
v 0.003145 -0.009651 0.015
v 0.003145 -0.009651 0.0167
v 0.002943 -0.009734 0.015
v 0.002943 -0.009734 0.0167
v 0.00275 -0.009835 0.015
v 0.00275 -0.009835 0.0167
v 0.002566 -0.009952 0.015
v 0.002566 -0.009952 0.0167
v 0.002393 -0.010085 0.015
v 0.002393 -0.010085 0.0167
v 0.002232 -0.010232 0.015
v 0.002232 -0.010232 0.0167
v 0.002085 -0.010393 0.015
v 0.002085 -0.010393 0.0167
v 0.001952 -0.010566 0.015
v 0.001952 -0.010566 0.0167
v 0.001835 -0.01075 0.015
v 0.001835 -0.01075 0.0167
v 0.001734 -0.010943 0.015
v 0.001734 -0.010943 0.0167
v 0.001651 -0.011145 0.015
v 0.001651 -0.011145 0.0167
v 0.001585 -0.011353 0.015
v 0.001585 -0.011353 0.0167
v 0.001538 -0.011566 0.015
v 0.001538 -0.011566 0.0167
v 0.00151 -0.011782 0.015
v 0.00151 -0.011782 0.0167
v 0.0015 -0.012 0.015
v 0.004 -0.012 0.0167
v 0.0095 0.012 0.0167
v 0.00951 0.011782 0.015
v 0.00951 0.011782 0.0167
v 0.009538 0.011566 0.015
v 0.009538 0.011566 0.0167
v 0.009585 0.011353 0.015
v 0.009585 0.011353 0.0167
v 0.009651 0.011145 0.015
v 0.009651 0.011145 0.0167
v 0.009734 0.010943 0.015
v 0.009734 0.010943 0.0167
v 0.009835 0.01075 0.015
v 0.009835 0.01075 0.0167
v 0.009952 0.010566 0.015
v 0.009952 0.010566 0.0167
v 0.010085 0.010393 0.015
v 0.010085 0.010393 0.0167
v 0.010232 0.010232 0.015
v 0.010232 0.010232 0.0167
v 0.010393 0.010085 0.015
v 0.010393 0.010085 0.0167
v 0.010566 0.009952 0.015
v 0.010566 0.009952 0.0167
v 0.01075 0.009835 0.015
v 0.01075 0.009835 0.0167
v 0.010943 0.009734 0.015
v 0.010943 0.009734 0.0167
v 0.011145 0.009651 0.015
v 0.011145 0.009651 0.0167
v 0.011353 0.009585 0.015
v 0.011353 0.009585 0.0167
v 0.011566 0.009538 0.015
v 0.011566 0.009538 0.0167
v 0.011782 0.00951 0.015
v 0.011782 0.00951 0.0167
v 0.012 0.0095 0.015
v 0.012 0.0095 0.0167
v 0.012218 0.00951 0.015
v 0.012218 0.00951 0.0167
v 0.012434 0.009538 0.015
v 0.012434 0.009538 0.0167
v 0.012647 0.009585 0.015
v 0.012647 0.009585 0.0167
v 0.012855 0.009651 0.015
v 0.012855 0.009651 0.0167
v 0.013057 0.009734 0.015
v 0.013057 0.009734 0.0167
v 0.01325 0.009835 0.015
v 0.01325 0.009835 0.0167
v 0.013434 0.009952 0.015
v 0.013434 0.009952 0.0167
v 0.013607 0.010085 0.015
v 0.013607 0.010085 0.0167
v 0.013768 0.010232 0.015
v 0.013768 0.010232 0.0167
v 0.013915 0.010393 0.015
v 0.013915 0.010393 0.0167
v 0.014048 0.010566 0.015
v 0.014048 0.010566 0.0167
v 0.014165 0.01075 0.015
v 0.014165 0.01075 0.0167
v 0.014266 0.010943 0.015
v 0.014266 0.010943 0.0167
v 0.014349 0.011145 0.015
v 0.014349 0.011145 0.0167
v 0.014415 0.011353 0.015
v 0.014415 0.011353 0.0167
v 0.014462 0.011566 0.015
v 0.014462 0.011566 0.0167
v 0.01449 0.011782 0.015
v 0.01449 0.011782 0.0167
v 0.0145 0.012 0.015
v 0.0145 0.012 0.0167
v 0.01449 0.012218 0.015
v 0.01449 0.012218 0.0167
v 0.014462 0.012434 0.015
v 0.014462 0.012434 0.0167
v 0.014415 0.012647 0.015
v 0.014415 0.012647 0.0167
v 0.014349 0.012855 0.015
v 0.014349 0.012855 0.0167
v 0.014266 0.013057 0.015
v 0.014266 0.013057 0.0167
v 0.014165 0.01325 0.015
v 0.014165 0.01325 0.0167
v 0.014048 0.013434 0.015
v 0.014048 0.013434 0.0167
v 0.013915 0.013607 0.015
v 0.013915 0.013607 0.0167
v 0.013768 0.013768 0.015
v 0.013768 0.013768 0.0167
v 0.013607 0.013915 0.015
v 0.013607 0.013915 0.0167
v 0.013434 0.014048 0.015
v 0.013434 0.014048 0.0167
v 0.01325 0.014165 0.015
v 0.01325 0.014165 0.0167
v 0.013057 0.014266 0.015
v 0.013057 0.014266 0.0167
v 0.012855 0.014349 0.015
v 0.012855 0.014349 0.0167
v 0.012647 0.014415 0.015
v 0.012647 0.014415 0.0167
v 0.012434 0.014462 0.015
v 0.012434 0.014462 0.0167
v 0.012218 0.01449 0.015
v 0.012218 0.01449 0.0167
v 0.012 0.0145 0.015
v 0.012 0.0145 0.0167
v 0.011782 0.01449 0.015
v 0.011782 0.01449 0.0167
v 0.011566 0.014462 0.015
v 0.011566 0.014462 0.0167
v 0.011353 0.014415 0.015
v 0.011353 0.014415 0.0167
v 0.011145 0.014349 0.015
v 0.011145 0.014349 0.0167
v 0.010943 0.014266 0.015
v 0.010943 0.014266 0.0167
v 0.01075 0.014165 0.015
v 0.01075 0.014165 0.0167
v 0.010566 0.014048 0.015
v 0.010566 0.014048 0.0167
v 0.010393 0.013915 0.015
v 0.010393 0.013915 0.0167
v 0.010232 0.013768 0.015
v 0.010232 0.013768 0.0167
v 0.010085 0.013607 0.015
v 0.010085 0.013607 0.0167
v 0.009952 0.013434 0.015
v 0.009952 0.013434 0.0167
v 0.009835 0.01325 0.015
v 0.009835 0.01325 0.0167
v 0.009734 0.013057 0.015
v 0.009734 0.013057 0.0167
v 0.009651 0.012855 0.015
v 0.009651 0.012855 0.0167
v 0.009585 0.012647 0.015
v 0.009585 0.012647 0.0167
v 0.009538 0.012434 0.015
v 0.009538 0.012434 0.0167
v 0.00951 0.012218 0.015
v 0.00951 0.012218 0.0167
v 0.0095 0.012 0.015
v 0.012 0.012 0.0167
v 0.0095 -0.02 0.0167
v 0.00951 -0.020218 0.015
v 0.00951 -0.020218 0.0167
v 0.009538 -0.020434 0.015
v 0.009538 -0.020434 0.0167
v 0.009585 -0.020647 0.015
v 0.009585 -0.020647 0.0167
v 0.009651 -0.020855 0.015
v 0.009651 -0.020855 0.0167
v 0.009734 -0.021057 0.015
v 0.009734 -0.021057 0.0167
v 0.009835 -0.02125 0.015
v 0.009835 -0.02125 0.0167
v 0.009952 -0.021434 0.015
v 0.009952 -0.021434 0.0167
v 0.010085 -0.021607 0.015
v 0.010085 -0.021607 0.0167
v 0.010232 -0.021768 0.015
v 0.010232 -0.021768 0.0167
v 0.010393 -0.021915 0.015
v 0.010393 -0.021915 0.0167
v 0.010566 -0.022048 0.015
v 0.010566 -0.022048 0.0167
v 0.01075 -0.022165 0.015
v 0.01075 -0.022165 0.0167
v 0.010943 -0.022266 0.015
v 0.010943 -0.022266 0.0167
v 0.011145 -0.022349 0.015
v 0.011145 -0.022349 0.0167
v 0.011353 -0.022415 0.015
v 0.011353 -0.022415 0.0167
v 0.011566 -0.022462 0.015
v 0.011566 -0.022462 0.0167
v 0.011782 -0.02249 0.015
v 0.011782 -0.02249 0.0167
v 0.012 -0.0225 0.015
v 0.012 -0.0225 0.0167
v 0.012218 -0.02249 0.015
v 0.012218 -0.02249 0.0167
v 0.012434 -0.022462 0.015
v 0.012434 -0.022462 0.0167
v 0.012647 -0.022415 0.015
v 0.012647 -0.022415 0.0167
v 0.012855 -0.022349 0.015
v 0.012855 -0.022349 0.0167
v 0.013057 -0.022266 0.015
v 0.013057 -0.022266 0.0167
v 0.01325 -0.022165 0.015
v 0.01325 -0.022165 0.0167
v 0.013434 -0.022048 0.015
v 0.013434 -0.022048 0.0167
v 0.013607 -0.021915 0.015
v 0.013607 -0.021915 0.0167
v 0.013768 -0.021768 0.015
v 0.013768 -0.021768 0.0167
v 0.013915 -0.021607 0.015
v 0.013915 -0.021607 0.0167
v 0.014048 -0.021434 0.015
v 0.014048 -0.021434 0.0167
v 0.014165 -0.02125 0.015
v 0.014165 -0.02125 0.0167
v 0.014266 -0.021057 0.015
v 0.014266 -0.021057 0.0167
v 0.014349 -0.020855 0.015
v 0.014349 -0.020855 0.0167
v 0.014415 -0.020647 0.015
v 0.014415 -0.020647 0.0167
v 0.014462 -0.020434 0.015
v 0.014462 -0.020434 0.0167
v 0.01449 -0.020218 0.015
v 0.01449 -0.020218 0.0167
v 0.0145 -0.02 0.015
v 0.0145 -0.02 0.0167
v 0.01449 -0.019782 0.015
v 0.01449 -0.019782 0.0167
v 0.014462 -0.019566 0.015
v 0.014462 -0.019566 0.0167
v 0.014415 -0.019353 0.015
v 0.014415 -0.019353 0.0167
v 0.014349 -0.019145 0.015
v 0.014349 -0.019145 0.0167
v 0.014266 -0.018943 0.015
v 0.014266 -0.018943 0.0167
v 0.014165 -0.01875 0.015
v 0.014165 -0.01875 0.0167
v 0.014048 -0.018566 0.015
v 0.014048 -0.018566 0.0167
v 0.013915 -0.018393 0.015
v 0.013915 -0.018393 0.0167
v 0.013768 -0.018232 0.015
v 0.013768 -0.018232 0.0167
v 0.013607 -0.018085 0.015
v 0.013607 -0.018085 0.0167
v 0.013434 -0.017952 0.015
v 0.013434 -0.017952 0.0167
v 0.01325 -0.017835 0.015
v 0.01325 -0.017835 0.0167
v 0.013057 -0.017734 0.015
v 0.013057 -0.017734 0.0167
v 0.012855 -0.017651 0.015
v 0.012855 -0.017651 0.0167
v 0.012647 -0.017585 0.015
v 0.012647 -0.017585 0.0167
v 0.012434 -0.017538 0.015
v 0.012434 -0.017538 0.0167
v 0.012218 -0.01751 0.015
v 0.012218 -0.01751 0.0167
v 0.012 -0.0175 0.015
v 0.012 -0.0175 0.0167
v 0.011782 -0.01751 0.015
v 0.011782 -0.01751 0.0167
v 0.011566 -0.017538 0.015
v 0.011566 -0.017538 0.0167
v 0.011353 -0.017585 0.015
v 0.011353 -0.017585 0.0167
v 0.011145 -0.017651 0.015
v 0.011145 -0.017651 0.0167
v 0.010943 -0.017734 0.015
v 0.010943 -0.017734 0.0167
v 0.01075 -0.017835 0.015
v 0.01075 -0.017835 0.0167
v 0.010566 -0.017952 0.015
v 0.010566 -0.017952 0.0167
v 0.010393 -0.018085 0.015
v 0.010393 -0.018085 0.0167
v 0.010232 -0.018232 0.015
v 0.010232 -0.018232 0.0167
v 0.010085 -0.018393 0.015
v 0.010085 -0.018393 0.0167
v 0.009952 -0.018566 0.015
v 0.009952 -0.018566 0.0167
v 0.009835 -0.01875 0.015
v 0.009835 -0.01875 0.0167
v 0.009734 -0.018943 0.015
v 0.009734 -0.018943 0.0167
v 0.009651 -0.019145 0.015
v 0.009651 -0.019145 0.0167
v 0.009585 -0.019353 0.015
v 0.009585 -0.019353 0.0167
v 0.009538 -0.019566 0.015
v 0.009538 -0.019566 0.0167
v 0.00951 -0.019782 0.015
v 0.00951 -0.019782 0.0167
v 0.0095 -0.02 0.015
v 0.012 -0.02 0.0167
v 0.0095 -0.044 0.0167
v 0.00951 -0.044218 0.015
v 0.00951 -0.044218 0.0167
v 0.009538 -0.044434 0.015
v 0.009538 -0.044434 0.0167
v 0.009585 -0.044647 0.015
v 0.009585 -0.044647 0.0167
v 0.009651 -0.044855 0.015
v 0.009651 -0.044855 0.0167
v 0.009734 -0.045057 0.015
v 0.009734 -0.045057 0.0167
v 0.009835 -0.04525 0.015
v 0.009835 -0.04525 0.0167
v 0.009952 -0.045434 0.015
v 0.009952 -0.045434 0.0167
v 0.010085 -0.045607 0.015
v 0.010085 -0.045607 0.0167
v 0.010232 -0.045768 0.015
v 0.010232 -0.045768 0.0167
v 0.010393 -0.045915 0.015
v 0.010393 -0.045915 0.0167
v 0.010566 -0.046048 0.015
v 0.010566 -0.046048 0.0167
v 0.01075 -0.046165 0.015
v 0.01075 -0.046165 0.0167
v 0.010943 -0.046266 0.015
v 0.010943 -0.046266 0.0167
v 0.011145 -0.046349 0.015
v 0.011145 -0.046349 0.0167
v 0.011353 -0.046415 0.015
v 0.011353 -0.046415 0.0167
v 0.011566 -0.046462 0.015
v 0.011566 -0.046462 0.0167
v 0.011782 -0.04649 0.015
v 0.011782 -0.04649 0.0167
v 0.012 -0.0465 0.015
v 0.012 -0.0465 0.0167
v 0.012218 -0.04649 0.015
v 0.012218 -0.04649 0.0167
v 0.012434 -0.046462 0.015
v 0.012434 -0.046462 0.0167
v 0.012647 -0.046415 0.015
v 0.012647 -0.046415 0.0167
v 0.012855 -0.046349 0.015
v 0.012855 -0.046349 0.0167
v 0.013057 -0.046266 0.015
v 0.013057 -0.046266 0.0167
v 0.01325 -0.046165 0.015
v 0.01325 -0.046165 0.0167
v 0.013434 -0.046048 0.015
v 0.013434 -0.046048 0.0167
v 0.013607 -0.045915 0.015
v 0.013607 -0.045915 0.0167
v 0.013768 -0.045768 0.015
v 0.013768 -0.045768 0.0167
v 0.013915 -0.045607 0.015
v 0.013915 -0.045607 0.0167
v 0.014048 -0.045434 0.015
v 0.014048 -0.045434 0.0167
v 0.014165 -0.04525 0.015
v 0.014165 -0.04525 0.0167
v 0.014266 -0.045057 0.015
v 0.014266 -0.045057 0.0167
v 0.014349 -0.044855 0.015
v 0.014349 -0.044855 0.0167
v 0.014415 -0.044647 0.015
v 0.014415 -0.044647 0.0167
v 0.014462 -0.044434 0.015
v 0.014462 -0.044434 0.0167
v 0.01449 -0.044218 0.015
v 0.01449 -0.044218 0.0167
v 0.0145 -0.044 0.015
v 0.0145 -0.044 0.0167
v 0.01449 -0.043782 0.015
v 0.01449 -0.043782 0.0167
v 0.014462 -0.043566 0.015
v 0.014462 -0.043566 0.0167
v 0.014415 -0.043353 0.015
v 0.014415 -0.043353 0.0167
v 0.014349 -0.043145 0.015
v 0.014349 -0.043145 0.0167
v 0.014266 -0.042943 0.015
v 0.014266 -0.042943 0.0167
v 0.014165 -0.04275 0.015
v 0.014165 -0.04275 0.0167
v 0.014048 -0.042566 0.015
v 0.014048 -0.042566 0.0167
v 0.013915 -0.042393 0.015
v 0.013915 -0.042393 0.0167
v 0.013768 -0.042232 0.015
v 0.013768 -0.042232 0.0167
v 0.013607 -0.042085 0.015
v 0.013607 -0.042085 0.0167
v 0.013434 -0.041952 0.015
v 0.013434 -0.041952 0.0167
v 0.01325 -0.041835 0.015
v 0.01325 -0.041835 0.0167
v 0.013057 -0.041734 0.015
v 0.013057 -0.041734 0.0167
v 0.012855 -0.041651 0.015
v 0.012855 -0.041651 0.0167
v 0.012647 -0.041585 0.015
v 0.012647 -0.041585 0.0167
v 0.012434 -0.041538 0.015
v 0.012434 -0.041538 0.0167
v 0.012218 -0.04151 0.015
v 0.012218 -0.04151 0.0167
v 0.012 -0.0415 0.015
v 0.012 -0.0415 0.0167
v 0.011782 -0.04151 0.015
v 0.011782 -0.04151 0.0167
v 0.011566 -0.041538 0.015
v 0.011566 -0.041538 0.0167
v 0.011353 -0.041585 0.015
v 0.011353 -0.041585 0.0167
v 0.011145 -0.041651 0.015
v 0.011145 -0.041651 0.0167
v 0.010943 -0.041734 0.015
v 0.010943 -0.041734 0.0167
v 0.01075 -0.041835 0.015
v 0.01075 -0.041835 0.0167
v 0.010566 -0.041952 0.015
v 0.010566 -0.041952 0.0167
v 0.010393 -0.042085 0.015
v 0.010393 -0.042085 0.0167
v 0.010232 -0.042232 0.015
v 0.010232 -0.042232 0.0167
v 0.010085 -0.042393 0.015
v 0.010085 -0.042393 0.0167
v 0.009952 -0.042566 0.015
v 0.009952 -0.042566 0.0167
v 0.009835 -0.04275 0.015
v 0.009835 -0.04275 0.0167
v 0.009734 -0.042943 0.015
v 0.009734 -0.042943 0.0167
v 0.009651 -0.043145 0.015
v 0.009651 -0.043145 0.0167
v 0.009585 -0.043353 0.015
v 0.009585 -0.043353 0.0167
v 0.009538 -0.043566 0.015
v 0.009538 -0.043566 0.0167
v 0.00951 -0.043782 0.015
v 0.00951 -0.043782 0.0167
v 0.0095 -0.044 0.015
v 0.012 -0.044 0.0167
v 0.0095 -0.012 0.0167
v 0.00951 -0.012218 0.015
v 0.00951 -0.012218 0.0167
v 0.009538 -0.012434 0.015
v 0.009538 -0.012434 0.0167
v 0.009585 -0.012647 0.015
v 0.009585 -0.012647 0.0167
v 0.009651 -0.012855 0.015
v 0.009651 -0.012855 0.0167
v 0.009734 -0.013057 0.015
v 0.009734 -0.013057 0.0167
v 0.009835 -0.01325 0.015
v 0.009835 -0.01325 0.0167
v 0.009952 -0.013434 0.015
v 0.009952 -0.013434 0.0167
v 0.010085 -0.013607 0.015
v 0.010085 -0.013607 0.0167
v 0.010232 -0.013768 0.015
v 0.010232 -0.013768 0.0167
v 0.010393 -0.013915 0.015
v 0.010393 -0.013915 0.0167
v 0.010566 -0.014048 0.015
v 0.010566 -0.014048 0.0167
v 0.01075 -0.014165 0.015
v 0.01075 -0.014165 0.0167
v 0.010943 -0.014266 0.015
v 0.010943 -0.014266 0.0167
v 0.011145 -0.014349 0.015
v 0.011145 -0.014349 0.0167
v 0.011353 -0.014415 0.015
v 0.011353 -0.014415 0.0167
v 0.011566 -0.014462 0.015
v 0.011566 -0.014462 0.0167
v 0.011782 -0.01449 0.015
v 0.011782 -0.01449 0.0167
v 0.012 -0.0145 0.015
v 0.012 -0.0145 0.0167
v 0.012218 -0.01449 0.015
v 0.012218 -0.01449 0.0167
v 0.012434 -0.014462 0.015
v 0.012434 -0.014462 0.0167
v 0.012647 -0.014415 0.015
v 0.012647 -0.014415 0.0167
v 0.012855 -0.014349 0.015
v 0.012855 -0.014349 0.0167
v 0.013057 -0.014266 0.015
v 0.013057 -0.014266 0.0167
v 0.01325 -0.014165 0.015
v 0.01325 -0.014165 0.0167
v 0.013434 -0.014048 0.015
v 0.013434 -0.014048 0.0167
v 0.013607 -0.013915 0.015
v 0.013607 -0.013915 0.0167
v 0.013768 -0.013768 0.015
v 0.013768 -0.013768 0.0167
v 0.013915 -0.013607 0.015
v 0.013915 -0.013607 0.0167
v 0.014048 -0.013434 0.015
v 0.014048 -0.013434 0.0167
v 0.014165 -0.01325 0.015
v 0.014165 -0.01325 0.0167
v 0.014266 -0.013057 0.015
v 0.014266 -0.013057 0.0167
v 0.014349 -0.012855 0.015
v 0.014349 -0.012855 0.0167
v 0.014415 -0.012647 0.015
v 0.014415 -0.012647 0.0167
v 0.014462 -0.012434 0.015
v 0.014462 -0.012434 0.0167
v 0.01449 -0.012218 0.015
v 0.01449 -0.012218 0.0167
v 0.0145 -0.012 0.015
v 0.0145 -0.012 0.0167
v 0.01449 -0.011782 0.015
v 0.01449 -0.011782 0.0167
v 0.014462 -0.011566 0.015
v 0.014462 -0.011566 0.0167
v 0.014415 -0.011353 0.015
v 0.014415 -0.011353 0.0167
v 0.014349 -0.011145 0.015
v 0.014349 -0.011145 0.0167
v 0.014266 -0.010943 0.015
v 0.014266 -0.010943 0.0167
v 0.014165 -0.01075 0.015
v 0.014165 -0.01075 0.0167
v 0.014048 -0.010566 0.015
v 0.014048 -0.010566 0.0167
v 0.013915 -0.010393 0.015
v 0.013915 -0.010393 0.0167
v 0.013768 -0.010232 0.015
v 0.013768 -0.010232 0.0167
v 0.013607 -0.010085 0.015
v 0.013607 -0.010085 0.0167
v 0.013434 -0.009952 0.015
v 0.013434 -0.009952 0.0167
v 0.01325 -0.009835 0.015
v 0.01325 -0.009835 0.0167
v 0.013057 -0.009734 0.015
v 0.013057 -0.009734 0.0167
v 0.012855 -0.009651 0.015
v 0.012855 -0.009651 0.0167
v 0.012647 -0.009585 0.015
v 0.012647 -0.009585 0.0167
v 0.012434 -0.009538 0.015
v 0.012434 -0.009538 0.0167
v 0.012218 -0.00951 0.015
v 0.012218 -0.00951 0.0167
v 0.012 -0.0095 0.015
v 0.012 -0.0095 0.0167
v 0.011782 -0.00951 0.015
v 0.011782 -0.00951 0.0167
v 0.011566 -0.009538 0.015
v 0.011566 -0.009538 0.0167
v 0.011353 -0.009585 0.015
v 0.011353 -0.009585 0.0167
v 0.011145 -0.009651 0.015
v 0.011145 -0.009651 0.0167
v 0.010943 -0.009734 0.015
v 0.010943 -0.009734 0.0167
v 0.01075 -0.009835 0.015
v 0.01075 -0.009835 0.0167
v 0.010566 -0.009952 0.015
v 0.010566 -0.009952 0.0167
v 0.010393 -0.010085 0.015
v 0.010393 -0.010085 0.0167
v 0.010232 -0.010232 0.015
v 0.010232 -0.010232 0.0167
v 0.010085 -0.010393 0.015
v 0.010085 -0.010393 0.0167
v 0.009952 -0.010566 0.015
v 0.009952 -0.010566 0.0167
v 0.009835 -0.01075 0.015
v 0.009835 -0.01075 0.0167
v 0.009734 -0.010943 0.015
v 0.009734 -0.010943 0.0167
v 0.009651 -0.011145 0.015
v 0.009651 -0.011145 0.0167
v 0.009585 -0.011353 0.015
v 0.009585 -0.011353 0.0167
v 0.009538 -0.011566 0.015
v 0.009538 -0.011566 0.0167
v 0.00951 -0.011782 0.015
v 0.00951 -0.011782 0.0167
v 0.0095 -0.012 0.015
v 0.012 -0.012 0.0167
v 0.0015 0.012 0.0167
v 0.00151 0.011782 0.015
v 0.00151 0.011782 0.0167
v 0.001538 0.011566 0.015
v 0.001538 0.011566 0.0167
v 0.001585 0.011353 0.015
v 0.001585 0.011353 0.0167
v 0.001651 0.011145 0.015
v 0.001651 0.011145 0.0167
v 0.001734 0.010943 0.015
v 0.001734 0.010943 0.0167
v 0.001835 0.01075 0.015
v 0.001835 0.01075 0.0167
v 0.001952 0.010566 0.015
v 0.001952 0.010566 0.0167
v 0.002085 0.010393 0.015
v 0.002085 0.010393 0.0167
v 0.002232 0.010232 0.015
v 0.002232 0.010232 0.0167
v 0.002393 0.010085 0.015
v 0.002393 0.010085 0.0167
v 0.002566 0.009952 0.015
v 0.002566 0.009952 0.0167
v 0.00275 0.009835 0.015
v 0.00275 0.009835 0.0167
v 0.002943 0.009734 0.015
v 0.002943 0.009734 0.0167
v 0.003145 0.009651 0.015
v 0.003145 0.009651 0.0167
v 0.003353 0.009585 0.015
v 0.003353 0.009585 0.0167
v 0.003566 0.009538 0.015
v 0.003566 0.009538 0.0167
v 0.003782 0.00951 0.015
v 0.003782 0.00951 0.0167
v 0.004 0.0095 0.015
v 0.004 0.0095 0.0167
v 0.004218 0.00951 0.015
v 0.004218 0.00951 0.0167
v 0.004434 0.009538 0.015
v 0.004434 0.009538 0.0167
v 0.004647 0.009585 0.015
v 0.004647 0.009585 0.0167
v 0.004855 0.009651 0.015
v 0.004855 0.009651 0.0167
v 0.005057 0.009734 0.015
v 0.005057 0.009734 0.0167
v 0.00525 0.009835 0.015
v 0.00525 0.009835 0.0167
v 0.005434 0.009952 0.015
v 0.005434 0.009952 0.0167
v 0.005607 0.010085 0.015
v 0.005607 0.010085 0.0167
v 0.005768 0.010232 0.015
v 0.005768 0.010232 0.0167
v 0.005915 0.010393 0.015
v 0.005915 0.010393 0.0167
v 0.006048 0.010566 0.015
v 0.006048 0.010566 0.0167
v 0.006165 0.01075 0.015
v 0.006165 0.01075 0.0167
v 0.006266 0.010943 0.015
v 0.006266 0.010943 0.0167
v 0.006349 0.011145 0.015
v 0.006349 0.011145 0.0167
v 0.006415 0.011353 0.015
v 0.006415 0.011353 0.0167
v 0.006462 0.011566 0.015
v 0.006462 0.011566 0.0167
v 0.00649 0.011782 0.015
v 0.00649 0.011782 0.0167
v 0.0065 0.012 0.015
v 0.0065 0.012 0.0167
v 0.00649 0.012218 0.015
v 0.00649 0.012218 0.0167
v 0.006462 0.012434 0.015
v 0.006462 0.012434 0.0167
v 0.006415 0.012647 0.015
v 0.006415 0.012647 0.0167
v 0.006349 0.012855 0.015
v 0.006349 0.012855 0.0167
v 0.006266 0.013057 0.015
v 0.006266 0.013057 0.0167
v 0.006165 0.01325 0.015
v 0.006165 0.01325 0.0167
v 0.006048 0.013434 0.015
v 0.006048 0.013434 0.0167
v 0.005915 0.013607 0.015
v 0.005915 0.013607 0.0167
v 0.005768 0.013768 0.015
v 0.005768 0.013768 0.0167
v 0.005607 0.013915 0.015
v 0.005607 0.013915 0.0167
v 0.005434 0.014048 0.015
v 0.005434 0.014048 0.0167
v 0.00525 0.014165 0.015
v 0.00525 0.014165 0.0167
v 0.005057 0.014266 0.015
v 0.005057 0.014266 0.0167
v 0.004855 0.014349 0.015
v 0.004855 0.014349 0.0167
v 0.004647 0.014415 0.015
v 0.004647 0.014415 0.0167
v 0.004434 0.014462 0.015
v 0.004434 0.014462 0.0167
v 0.004218 0.01449 0.015
v 0.004218 0.01449 0.0167
v 0.004 0.0145 0.015
v 0.004 0.0145 0.0167
v 0.003782 0.01449 0.015
v 0.003782 0.01449 0.0167
v 0.003566 0.014462 0.015
v 0.003566 0.014462 0.0167
v 0.003353 0.014415 0.015
v 0.003353 0.014415 0.0167
v 0.003145 0.014349 0.015
v 0.003145 0.014349 0.0167
v 0.002943 0.014266 0.015
v 0.002943 0.014266 0.0167
v 0.00275 0.014165 0.015
v 0.00275 0.014165 0.0167
v 0.002566 0.014048 0.015
v 0.002566 0.014048 0.0167
v 0.002393 0.013915 0.015
v 0.002393 0.013915 0.0167
v 0.002232 0.013768 0.015
v 0.002232 0.013768 0.0167
v 0.002085 0.013607 0.015
v 0.002085 0.013607 0.0167
v 0.001952 0.013434 0.015
v 0.001952 0.013434 0.0167
v 0.001835 0.01325 0.015
v 0.001835 0.01325 0.0167
v 0.001734 0.013057 0.015
v 0.001734 0.013057 0.0167
v 0.001651 0.012855 0.015
v 0.001651 0.012855 0.0167
v 0.001585 0.012647 0.015
v 0.001585 0.012647 0.0167
v 0.001538 0.012434 0.015
v 0.001538 0.012434 0.0167
v 0.00151 0.012218 0.015
v 0.00151 0.012218 0.0167
v 0.0015 0.012 0.015
v 0.004 0.012 0.0167
v 0.0015 -0.02 0.0167
v 0.00151 -0.020218 0.015
v 0.00151 -0.020218 0.0167
v 0.001538 -0.020434 0.015
v 0.001538 -0.020434 0.0167
v 0.001585 -0.020647 0.015
v 0.001585 -0.020647 0.0167
v 0.001651 -0.020855 0.015
v 0.001651 -0.020855 0.0167
v 0.001734 -0.021057 0.015
v 0.001734 -0.021057 0.0167
v 0.001835 -0.02125 0.015
v 0.001835 -0.02125 0.0167
v 0.001952 -0.021434 0.015
v 0.001952 -0.021434 0.0167
v 0.002085 -0.021607 0.015
v 0.002085 -0.021607 0.0167
v 0.002232 -0.021768 0.015
v 0.002232 -0.021768 0.0167
v 0.002393 -0.021915 0.015
v 0.002393 -0.021915 0.0167
v 0.002566 -0.022048 0.015
v 0.002566 -0.022048 0.0167
v 0.00275 -0.022165 0.015
v 0.00275 -0.022165 0.0167
v 0.002943 -0.022266 0.015
v 0.002943 -0.022266 0.0167
v 0.003145 -0.022349 0.015
v 0.003145 -0.022349 0.0167
v 0.003353 -0.022415 0.015
v 0.003353 -0.022415 0.0167
v 0.003566 -0.022462 0.015
v 0.003566 -0.022462 0.0167
v 0.003782 -0.02249 0.015
v 0.003782 -0.02249 0.0167
v 0.004 -0.0225 0.015
v 0.004 -0.0225 0.0167
v 0.004218 -0.02249 0.015
v 0.004218 -0.02249 0.0167
v 0.004434 -0.022462 0.015
v 0.004434 -0.022462 0.0167
v 0.004647 -0.022415 0.015
v 0.004647 -0.022415 0.0167
v 0.004855 -0.022349 0.015
v 0.004855 -0.022349 0.0167
v 0.005057 -0.022266 0.015
v 0.005057 -0.022266 0.0167
v 0.00525 -0.022165 0.015
v 0.00525 -0.022165 0.0167
v 0.005434 -0.022048 0.015
v 0.005434 -0.022048 0.0167
v 0.005607 -0.021915 0.015
v 0.005607 -0.021915 0.0167
v 0.005768 -0.021768 0.015
v 0.005768 -0.021768 0.0167
v 0.005915 -0.021607 0.015
v 0.005915 -0.021607 0.0167
v 0.006048 -0.021434 0.015
v 0.006048 -0.021434 0.0167
v 0.006165 -0.02125 0.015
v 0.006165 -0.02125 0.0167
v 0.006266 -0.021057 0.015
v 0.006266 -0.021057 0.0167
v 0.006349 -0.020855 0.015
v 0.006349 -0.020855 0.0167
v 0.006415 -0.020647 0.015
v 0.006415 -0.020647 0.0167
v 0.006462 -0.020434 0.015
v 0.006462 -0.020434 0.0167
v 0.00649 -0.020218 0.015
v 0.00649 -0.020218 0.0167
v 0.0065 -0.02 0.015
v 0.0065 -0.02 0.0167
v 0.00649 -0.019782 0.015
v 0.00649 -0.019782 0.0167
v 0.006462 -0.019566 0.015
v 0.006462 -0.019566 0.0167
v 0.006415 -0.019353 0.015
v 0.006415 -0.019353 0.0167
v 0.006349 -0.019145 0.015
v 0.006349 -0.019145 0.0167
v 0.006266 -0.018943 0.015
v 0.006266 -0.018943 0.0167
v 0.006165 -0.01875 0.015
v 0.006165 -0.01875 0.0167
v 0.006048 -0.018566 0.015
v 0.006048 -0.018566 0.0167
v 0.005915 -0.018393 0.015
v 0.005915 -0.018393 0.0167
v 0.005768 -0.018232 0.015
v 0.005768 -0.018232 0.0167
v 0.005607 -0.018085 0.015
v 0.005607 -0.018085 0.0167
v 0.005434 -0.017952 0.015
v 0.005434 -0.017952 0.0167
v 0.00525 -0.017835 0.015
v 0.00525 -0.017835 0.0167
v 0.005057 -0.017734 0.015
v 0.005057 -0.017734 0.0167
v 0.004855 -0.017651 0.015
v 0.004855 -0.017651 0.0167
v 0.004647 -0.017585 0.015
v 0.004647 -0.017585 0.0167
v 0.004434 -0.017538 0.015
v 0.004434 -0.017538 0.0167
v 0.004218 -0.01751 0.015
v 0.004218 -0.01751 0.0167
v 0.004 -0.0175 0.015
v 0.004 -0.0175 0.0167
v 0.003782 -0.01751 0.015
v 0.003782 -0.01751 0.0167
v 0.003566 -0.017538 0.015
v 0.003566 -0.017538 0.0167
v 0.003353 -0.017585 0.015
v 0.003353 -0.017585 0.0167
v 0.003145 -0.017651 0.015
v 0.003145 -0.017651 0.0167
v 0.002943 -0.017734 0.015
v 0.002943 -0.017734 0.0167
v 0.00275 -0.017835 0.015
v 0.00275 -0.017835 0.0167
v 0.002566 -0.017952 0.015
v 0.002566 -0.017952 0.0167
v 0.002393 -0.018085 0.015
v 0.002393 -0.018085 0.0167
v 0.002232 -0.018232 0.015
v 0.002232 -0.018232 0.0167
v 0.002085 -0.018393 0.015
v 0.002085 -0.018393 0.0167
v 0.001952 -0.018566 0.015
v 0.001952 -0.018566 0.0167
v 0.001835 -0.01875 0.015
v 0.001835 -0.01875 0.0167
v 0.001734 -0.018943 0.015
v 0.001734 -0.018943 0.0167
v 0.001651 -0.019145 0.015
v 0.001651 -0.019145 0.0167
v 0.001585 -0.019353 0.015
v 0.001585 -0.019353 0.0167
v 0.001538 -0.019566 0.015
v 0.001538 -0.019566 0.0167
v 0.00151 -0.019782 0.015
v 0.00151 -0.019782 0.0167
v 0.0015 -0.02 0.015
v 0.004 -0.02 0.0167
v -0.0065 -0.044 0.0167
v -0.00649 -0.044218 0.015
v -0.00649 -0.044218 0.0167
v -0.006462 -0.044434 0.015
v -0.006462 -0.044434 0.0167
v -0.006415 -0.044647 0.015
v -0.006415 -0.044647 0.0167
v -0.006349 -0.044855 0.015
v -0.006349 -0.044855 0.0167
v -0.006266 -0.045057 0.015
v -0.006266 -0.045057 0.0167
v -0.006165 -0.04525 0.015
v -0.006165 -0.04525 0.0167
v -0.006048 -0.045434 0.015
v -0.006048 -0.045434 0.0167
v -0.005915 -0.045607 0.015
v -0.005915 -0.045607 0.0167
v -0.005768 -0.045768 0.015
v -0.005768 -0.045768 0.0167
v -0.005607 -0.045915 0.015
v -0.005607 -0.045915 0.0167
v -0.005434 -0.046048 0.015
v -0.005434 -0.046048 0.0167
v -0.00525 -0.046165 0.015
v -0.00525 -0.046165 0.0167
v -0.005057 -0.046266 0.015
v -0.005057 -0.046266 0.0167
v -0.004855 -0.046349 0.015
v -0.004855 -0.046349 0.0167
v -0.004647 -0.046415 0.015
v -0.004647 -0.046415 0.0167
v -0.004434 -0.046462 0.015
v -0.004434 -0.046462 0.0167
v -0.004218 -0.04649 0.015
v -0.004218 -0.04649 0.0167
v -0.004 -0.0465 0.015
v -0.004 -0.0465 0.0167
v -0.003782 -0.04649 0.015
v -0.003782 -0.04649 0.0167
v -0.003566 -0.046462 0.015
v -0.003566 -0.046462 0.0167
v -0.003353 -0.046415 0.015
v -0.003353 -0.046415 0.0167
v -0.003145 -0.046349 0.015
v -0.003145 -0.046349 0.0167
v -0.002943 -0.046266 0.015
v -0.002943 -0.046266 0.0167
v -0.00275 -0.046165 0.015
v -0.00275 -0.046165 0.0167
v -0.002566 -0.046048 0.015
v -0.002566 -0.046048 0.0167
v -0.002393 -0.045915 0.015
v -0.002393 -0.045915 0.0167
v -0.002232 -0.045768 0.015
v -0.002232 -0.045768 0.0167
v -0.002085 -0.045607 0.015
v -0.002085 -0.045607 0.0167
v -0.001952 -0.045434 0.015
v -0.001952 -0.045434 0.0167
v -0.001835 -0.04525 0.015
v -0.001835 -0.04525 0.0167
v -0.001734 -0.045057 0.015
v -0.001734 -0.045057 0.0167
v -0.001651 -0.044855 0.015
v -0.001651 -0.044855 0.0167
v -0.001585 -0.044647 0.015
v -0.001585 -0.044647 0.0167
v -0.001538 -0.044434 0.015
v -0.001538 -0.044434 0.0167
v -0.00151 -0.044218 0.015
v -0.00151 -0.044218 0.0167
v -0.0015 -0.044 0.015
v -0.0015 -0.044 0.0167
v -0.00151 -0.043782 0.015
v -0.00151 -0.043782 0.0167
v -0.001538 -0.043566 0.015
v -0.001538 -0.043566 0.0167
v -0.001585 -0.043353 0.015
v -0.001585 -0.043353 0.0167
v -0.001651 -0.043145 0.015
v -0.001651 -0.043145 0.0167
v -0.001734 -0.042943 0.015
v -0.001734 -0.042943 0.0167
v -0.001835 -0.04275 0.015
v -0.001835 -0.04275 0.0167
v -0.001952 -0.042566 0.015
v -0.001952 -0.042566 0.0167
v -0.002085 -0.042393 0.015
v -0.002085 -0.042393 0.0167
v -0.002232 -0.042232 0.015
v -0.002232 -0.042232 0.0167
v -0.002393 -0.042085 0.015
v -0.002393 -0.042085 0.0167
v -0.002566 -0.041952 0.015
v -0.002566 -0.041952 0.0167
v -0.00275 -0.041835 0.015
v -0.00275 -0.041835 0.0167
v -0.002943 -0.041734 0.015
v -0.002943 -0.041734 0.0167
v -0.003145 -0.041651 0.015
v -0.003145 -0.041651 0.0167
v -0.003353 -0.041585 0.015
v -0.003353 -0.041585 0.0167
v -0.003566 -0.041538 0.015
v -0.003566 -0.041538 0.0167
v -0.003782 -0.04151 0.015
v -0.003782 -0.04151 0.0167
v -0.004 -0.0415 0.015
v -0.004 -0.0415 0.0167
v -0.004218 -0.04151 0.015
v -0.004218 -0.04151 0.0167
v -0.004434 -0.041538 0.015
v -0.004434 -0.041538 0.0167
v -0.004647 -0.041585 0.015
v -0.004647 -0.041585 0.0167
v -0.004855 -0.041651 0.015
v -0.004855 -0.041651 0.0167
v -0.005057 -0.041734 0.015
v -0.005057 -0.041734 0.0167
v -0.00525 -0.041835 0.015
v -0.00525 -0.041835 0.0167
v -0.005434 -0.041952 0.015
v -0.005434 -0.041952 0.0167
v -0.005607 -0.042085 0.015
v -0.005607 -0.042085 0.0167
v -0.005768 -0.042232 0.015
v -0.005768 -0.042232 0.0167
v -0.005915 -0.042393 0.015
v -0.005915 -0.042393 0.0167
v -0.006048 -0.042566 0.015
v -0.006048 -0.042566 0.0167
v -0.006165 -0.04275 0.015
v -0.006165 -0.04275 0.0167
v -0.006266 -0.042943 0.015
v -0.006266 -0.042943 0.0167
v -0.006349 -0.043145 0.015
v -0.006349 -0.043145 0.0167
v -0.006415 -0.043353 0.015
v -0.006415 -0.043353 0.0167
v -0.006462 -0.043566 0.015
v -0.006462 -0.043566 0.0167
v -0.00649 -0.043782 0.015
v -0.00649 -0.043782 0.0167
v -0.0065 -0.044 0.015
v -0.004 -0.044 0.0167
v -0.0065 -0.012 0.0167
v -0.00649 -0.012218 0.015
v -0.00649 -0.012218 0.0167
v -0.006462 -0.012434 0.015
v -0.006462 -0.012434 0.0167
v -0.006415 -0.012647 0.015
v -0.006415 -0.012647 0.0167
v -0.006349 -0.012855 0.015
v -0.006349 -0.012855 0.0167
v -0.006266 -0.013057 0.015
v -0.006266 -0.013057 0.0167
v -0.006165 -0.01325 0.015
v -0.006165 -0.01325 0.0167
v -0.006048 -0.013434 0.015
v -0.006048 -0.013434 0.0167
v -0.005915 -0.013607 0.015
v -0.005915 -0.013607 0.0167
v -0.005768 -0.013768 0.015
v -0.005768 -0.013768 0.0167
v -0.005607 -0.013915 0.015
v -0.005607 -0.013915 0.0167
v -0.005434 -0.014048 0.015
v -0.005434 -0.014048 0.0167
v -0.00525 -0.014165 0.015
v -0.00525 -0.014165 0.0167
v -0.005057 -0.014266 0.015
v -0.005057 -0.014266 0.0167
v -0.004855 -0.014349 0.015
v -0.004855 -0.014349 0.0167
v -0.004647 -0.014415 0.015
v -0.004647 -0.014415 0.0167
v -0.004434 -0.014462 0.015
v -0.004434 -0.014462 0.0167
v -0.004218 -0.01449 0.015
v -0.004218 -0.01449 0.0167
v -0.004 -0.0145 0.015
v -0.004 -0.0145 0.0167
v -0.003782 -0.01449 0.015
v -0.003782 -0.01449 0.0167
v -0.003566 -0.014462 0.015
v -0.003566 -0.014462 0.0167
v -0.003353 -0.014415 0.015
v -0.003353 -0.014415 0.0167
v -0.003145 -0.014349 0.015
v -0.003145 -0.014349 0.0167
v -0.002943 -0.014266 0.015
v -0.002943 -0.014266 0.0167
v -0.00275 -0.014165 0.015
v -0.00275 -0.014165 0.0167
v -0.002566 -0.014048 0.015
v -0.002566 -0.014048 0.0167
v -0.002393 -0.013915 0.015
v -0.002393 -0.013915 0.0167
v -0.002232 -0.013768 0.015
v -0.002232 -0.013768 0.0167
v -0.002085 -0.013607 0.015
v -0.002085 -0.013607 0.0167
v -0.001952 -0.013434 0.015
v -0.001952 -0.013434 0.0167
v -0.001835 -0.01325 0.015
v -0.001835 -0.01325 0.0167
v -0.001734 -0.013057 0.015
v -0.001734 -0.013057 0.0167
v -0.001651 -0.012855 0.015
v -0.001651 -0.012855 0.0167
v -0.001585 -0.012647 0.015
v -0.001585 -0.012647 0.0167
v -0.001538 -0.012434 0.015
v -0.001538 -0.012434 0.0167
v -0.00151 -0.012218 0.015
v -0.00151 -0.012218 0.0167
v -0.0015 -0.012 0.015
v -0.0015 -0.012 0.0167
v -0.00151 -0.011782 0.015
v -0.00151 -0.011782 0.0167
v -0.001538 -0.011566 0.015
v -0.001538 -0.011566 0.0167
v -0.001585 -0.011353 0.015
v -0.001585 -0.011353 0.0167
v -0.001651 -0.011145 0.015
v -0.001651 -0.011145 0.0167
v -0.001734 -0.010943 0.015
v -0.001734 -0.010943 0.0167
v -0.001835 -0.01075 0.015
v -0.001835 -0.01075 0.0167
v -0.001952 -0.010566 0.015
v -0.001952 -0.010566 0.0167
v -0.002085 -0.010393 0.015
v -0.002085 -0.010393 0.0167
v -0.002232 -0.010232 0.015
v -0.002232 -0.010232 0.0167
v -0.002393 -0.010085 0.015
v -0.002393 -0.010085 0.0167
v -0.002566 -0.009952 0.015
v -0.002566 -0.009952 0.0167
v -0.00275 -0.009835 0.015
v -0.00275 -0.009835 0.0167
v -0.002943 -0.009734 0.015
v -0.002943 -0.009734 0.0167
v -0.003145 -0.009651 0.015
v -0.003145 -0.009651 0.0167
v -0.003353 -0.009585 0.015
v -0.003353 -0.009585 0.0167
v -0.003566 -0.009538 0.015
v -0.003566 -0.009538 0.0167
v -0.003782 -0.00951 0.015
v -0.003782 -0.00951 0.0167
v -0.004 -0.0095 0.015
v -0.004 -0.0095 0.0167
v -0.004218 -0.00951 0.015
v -0.004218 -0.00951 0.0167
v -0.004434 -0.009538 0.015
v -0.004434 -0.009538 0.0167
v -0.004647 -0.009585 0.015
v -0.004647 -0.009585 0.0167
v -0.004855 -0.009651 0.015
v -0.004855 -0.009651 0.0167
v -0.005057 -0.009734 0.015
v -0.005057 -0.009734 0.0167
v -0.00525 -0.009835 0.015
v -0.00525 -0.009835 0.0167
v -0.005434 -0.009952 0.015
v -0.005434 -0.009952 0.0167
v -0.005607 -0.010085 0.015
v -0.005607 -0.010085 0.0167
v -0.005768 -0.010232 0.015
v -0.005768 -0.010232 0.0167
v -0.005915 -0.010393 0.015
v -0.005915 -0.010393 0.0167
v -0.006048 -0.010566 0.015
v -0.006048 -0.010566 0.0167
v -0.006165 -0.01075 0.015
v -0.006165 -0.01075 0.0167
v -0.006266 -0.010943 0.015
v -0.006266 -0.010943 0.0167
v -0.006349 -0.011145 0.015
v -0.006349 -0.011145 0.0167
v -0.006415 -0.011353 0.015
v -0.006415 -0.011353 0.0167
v -0.006462 -0.011566 0.015
v -0.006462 -0.011566 0.0167
v -0.00649 -0.011782 0.015
v -0.00649 -0.011782 0.0167
v -0.0065 -0.012 0.015
v -0.004 -0.012 0.0167
v -0.0145 -0.044 0.0167
v -0.01449 -0.044218 0.015
v -0.01449 -0.044218 0.0167
v -0.014462 -0.044434 0.015
v -0.014462 -0.044434 0.0167
v -0.014415 -0.044647 0.015
v -0.014415 -0.044647 0.0167
v -0.014349 -0.044855 0.015
v -0.014349 -0.044855 0.0167
v -0.014266 -0.045057 0.015
v -0.014266 -0.045057 0.0167
v -0.014165 -0.04525 0.015
v -0.014165 -0.04525 0.0167
v -0.014048 -0.045434 0.015
v -0.014048 -0.045434 0.0167
v -0.013915 -0.045607 0.015
v -0.013915 -0.045607 0.0167
v -0.013768 -0.045768 0.015
v -0.013768 -0.045768 0.0167
v -0.013607 -0.045915 0.015
v -0.013607 -0.045915 0.0167
v -0.013434 -0.046048 0.015
v -0.013434 -0.046048 0.0167
v -0.01325 -0.046165 0.015
v -0.01325 -0.046165 0.0167
v -0.013057 -0.046266 0.015
v -0.013057 -0.046266 0.0167
v -0.012855 -0.046349 0.015
v -0.012855 -0.046349 0.0167
v -0.012647 -0.046415 0.015
v -0.012647 -0.046415 0.0167
v -0.012434 -0.046462 0.015
v -0.012434 -0.046462 0.0167
v -0.012218 -0.04649 0.015
v -0.012218 -0.04649 0.0167
v -0.012 -0.0465 0.015
v -0.012 -0.0465 0.0167
v -0.011782 -0.04649 0.015
v -0.011782 -0.04649 0.0167
v -0.011566 -0.046462 0.015
v -0.011566 -0.046462 0.0167
v -0.011353 -0.046415 0.015
v -0.011353 -0.046415 0.0167
v -0.011145 -0.046349 0.015
v -0.011145 -0.046349 0.0167
v -0.010943 -0.046266 0.015
v -0.010943 -0.046266 0.0167
v -0.01075 -0.046165 0.015
v -0.01075 -0.046165 0.0167
v -0.010566 -0.046048 0.015
v -0.010566 -0.046048 0.0167
v -0.010393 -0.045915 0.015
v -0.010393 -0.045915 0.0167
v -0.010232 -0.045768 0.015
v -0.010232 -0.045768 0.0167
v -0.010085 -0.045607 0.015
v -0.010085 -0.045607 0.0167
v -0.009952 -0.045434 0.015
v -0.009952 -0.045434 0.0167
v -0.009835 -0.04525 0.015
v -0.009835 -0.04525 0.0167
v -0.009734 -0.045057 0.015
v -0.009734 -0.045057 0.0167
v -0.009651 -0.044855 0.015
v -0.009651 -0.044855 0.0167
v -0.009585 -0.044647 0.015
v -0.009585 -0.044647 0.0167
v -0.009538 -0.044434 0.015
v -0.009538 -0.044434 0.0167
v -0.00951 -0.044218 0.015
v -0.00951 -0.044218 0.0167
v -0.0095 -0.044 0.015
v -0.0095 -0.044 0.0167
v -0.00951 -0.043782 0.015
v -0.00951 -0.043782 0.0167
v -0.009538 -0.043566 0.015
v -0.009538 -0.043566 0.0167
v -0.009585 -0.043353 0.015
v -0.009585 -0.043353 0.0167
v -0.009651 -0.043145 0.015
v -0.009651 -0.043145 0.0167
v -0.009734 -0.042943 0.015
v -0.009734 -0.042943 0.0167
v -0.009835 -0.04275 0.015
v -0.009835 -0.04275 0.0167
v -0.009952 -0.042566 0.015
v -0.009952 -0.042566 0.0167
v -0.010085 -0.042393 0.015
v -0.010085 -0.042393 0.0167
v -0.010232 -0.042232 0.015
v -0.010232 -0.042232 0.0167
v -0.010393 -0.042085 0.015
v -0.010393 -0.042085 0.0167
v -0.010566 -0.041952 0.015
v -0.010566 -0.041952 0.0167
v -0.01075 -0.041835 0.015
v -0.01075 -0.041835 0.0167
v -0.010943 -0.041734 0.015
v -0.010943 -0.041734 0.0167
v -0.011145 -0.041651 0.015
v -0.011145 -0.041651 0.0167
v -0.011353 -0.041585 0.015
v -0.011353 -0.041585 0.0167
v -0.011566 -0.041538 0.015
v -0.011566 -0.041538 0.0167
v -0.011782 -0.04151 0.015
v -0.011782 -0.04151 0.0167
v -0.012 -0.0415 0.015
v -0.012 -0.0415 0.0167
v -0.012218 -0.04151 0.015
v -0.012218 -0.04151 0.0167
v -0.012434 -0.041538 0.015
v -0.012434 -0.041538 0.0167
v -0.012647 -0.041585 0.015
v -0.012647 -0.041585 0.0167
v -0.012855 -0.041651 0.015
v -0.012855 -0.041651 0.0167
v -0.013057 -0.041734 0.015
v -0.013057 -0.041734 0.0167
v -0.01325 -0.041835 0.015
v -0.01325 -0.041835 0.0167
v -0.013434 -0.041952 0.015
v -0.013434 -0.041952 0.0167
v -0.013607 -0.042085 0.015
v -0.013607 -0.042085 0.0167
v -0.013768 -0.042232 0.015
v -0.013768 -0.042232 0.0167
v -0.013915 -0.042393 0.015
v -0.013915 -0.042393 0.0167
v -0.014048 -0.042566 0.015
v -0.014048 -0.042566 0.0167
v -0.014165 -0.04275 0.015
v -0.014165 -0.04275 0.0167
v -0.014266 -0.042943 0.015
v -0.014266 -0.042943 0.0167
v -0.014349 -0.043145 0.015
v -0.014349 -0.043145 0.0167
v -0.014415 -0.043353 0.015
v -0.014415 -0.043353 0.0167
v -0.014462 -0.043566 0.015
v -0.014462 -0.043566 0.0167
v -0.01449 -0.043782 0.015
v -0.01449 -0.043782 0.0167
v -0.0145 -0.044 0.015
v -0.012 -0.044 0.0167
v -0.0145 -0.012 0.0167
v -0.01449 -0.012218 0.015
v -0.01449 -0.012218 0.0167
v -0.014462 -0.012434 0.015
v -0.014462 -0.012434 0.0167
v -0.014415 -0.012647 0.015
v -0.014415 -0.012647 0.0167
v -0.014349 -0.012855 0.015
v -0.014349 -0.012855 0.0167
v -0.014266 -0.013057 0.015
v -0.014266 -0.013057 0.0167
v -0.014165 -0.01325 0.015
v -0.014165 -0.01325 0.0167
v -0.014048 -0.013434 0.015
v -0.014048 -0.013434 0.0167
v -0.013915 -0.013607 0.015
v -0.013915 -0.013607 0.0167
v -0.013768 -0.013768 0.015
v -0.013768 -0.013768 0.0167
v -0.013607 -0.013915 0.015
v -0.013607 -0.013915 0.0167
v -0.013434 -0.014048 0.015
v -0.013434 -0.014048 0.0167
v -0.01325 -0.014165 0.015
v -0.01325 -0.014165 0.0167
v -0.013057 -0.014266 0.015
v -0.013057 -0.014266 0.0167
v -0.012855 -0.014349 0.015
v -0.012855 -0.014349 0.0167
v -0.012647 -0.014415 0.015
v -0.012647 -0.014415 0.0167
v -0.012434 -0.014462 0.015
v -0.012434 -0.014462 0.0167
v -0.012218 -0.01449 0.015
v -0.012218 -0.01449 0.0167
v -0.012 -0.0145 0.015
v -0.012 -0.0145 0.0167
v -0.011782 -0.01449 0.015
v -0.011782 -0.01449 0.0167
v -0.011566 -0.014462 0.015
v -0.011566 -0.014462 0.0167
v -0.011353 -0.014415 0.015
v -0.011353 -0.014415 0.0167
v -0.011145 -0.014349 0.015
v -0.011145 -0.014349 0.0167
v -0.010943 -0.014266 0.015
v -0.010943 -0.014266 0.0167
v -0.01075 -0.014165 0.015
v -0.01075 -0.014165 0.0167
v -0.010566 -0.014048 0.015
v -0.010566 -0.014048 0.0167
v -0.010393 -0.013915 0.015
v -0.010393 -0.013915 0.0167
v -0.010232 -0.013768 0.015
v -0.010232 -0.013768 0.0167
v -0.010085 -0.013607 0.015
v -0.010085 -0.013607 0.0167
v -0.009952 -0.013434 0.015
v -0.009952 -0.013434 0.0167
v -0.009835 -0.01325 0.015
v -0.009835 -0.01325 0.0167
v -0.009734 -0.013057 0.015
v -0.009734 -0.013057 0.0167
v -0.009651 -0.012855 0.015
v -0.009651 -0.012855 0.0167
v -0.009585 -0.012647 0.015
v -0.009585 -0.012647 0.0167
v -0.009538 -0.012434 0.015
v -0.009538 -0.012434 0.0167
v -0.00951 -0.012218 0.015
v -0.00951 -0.012218 0.0167
v -0.0095 -0.012 0.015
v -0.0095 -0.012 0.0167
v -0.00951 -0.011782 0.015
v -0.00951 -0.011782 0.0167
v -0.009538 -0.011566 0.015
v -0.009538 -0.011566 0.0167
v -0.009585 -0.011353 0.015
v -0.009585 -0.011353 0.0167
v -0.009651 -0.011145 0.015
v -0.009651 -0.011145 0.0167
v -0.009734 -0.010943 0.015
v -0.009734 -0.010943 0.0167
v -0.009835 -0.01075 0.015
v -0.009835 -0.01075 0.0167
v -0.009952 -0.010566 0.015
v -0.009952 -0.010566 0.0167
v -0.010085 -0.010393 0.015
v -0.010085 -0.010393 0.0167
v -0.010232 -0.010232 0.015
v -0.010232 -0.010232 0.0167
v -0.010393 -0.010085 0.015
v -0.010393 -0.010085 0.0167
v -0.010566 -0.009952 0.015
v -0.010566 -0.009952 0.0167
v -0.01075 -0.009835 0.015
v -0.01075 -0.009835 0.0167
v -0.010943 -0.009734 0.015
v -0.010943 -0.009734 0.0167
v -0.011145 -0.009651 0.015
v -0.011145 -0.009651 0.0167
v -0.011353 -0.009585 0.015
v -0.011353 -0.009585 0.0167
v -0.011566 -0.009538 0.015
v -0.011566 -0.009538 0.0167
v -0.011782 -0.00951 0.015
v -0.011782 -0.00951 0.0167
v -0.012 -0.0095 0.015
v -0.012 -0.0095 0.0167
v -0.012218 -0.00951 0.015
v -0.012218 -0.00951 0.0167
v -0.012434 -0.009538 0.015
v -0.012434 -0.009538 0.0167
v -0.012647 -0.009585 0.015
v -0.012647 -0.009585 0.0167
v -0.012855 -0.009651 0.015
v -0.012855 -0.009651 0.0167
v -0.013057 -0.009734 0.015
v -0.013057 -0.009734 0.0167
v -0.01325 -0.009835 0.015
v -0.01325 -0.009835 0.0167
v -0.013434 -0.009952 0.015
v -0.013434 -0.009952 0.0167
v -0.013607 -0.010085 0.015
v -0.013607 -0.010085 0.0167
v -0.013768 -0.010232 0.015
v -0.013768 -0.010232 0.0167
v -0.013915 -0.010393 0.015
v -0.013915 -0.010393 0.0167
v -0.014048 -0.010566 0.015
v -0.014048 -0.010566 0.0167
v -0.014165 -0.01075 0.015
v -0.014165 -0.01075 0.0167
v -0.014266 -0.010943 0.015
v -0.014266 -0.010943 0.0167
v -0.014349 -0.011145 0.015
v -0.014349 -0.011145 0.0167
v -0.014415 -0.011353 0.015
v -0.014415 -0.011353 0.0167
v -0.014462 -0.011566 0.015
v -0.014462 -0.011566 0.0167
v -0.01449 -0.011782 0.015
v -0.01449 -0.011782 0.0167
v -0.0145 -0.012 0.015
v -0.012 -0.012 0.0167
v 0.0095 0.02 0.0167
v 0.00951 0.019782 0.015
v 0.00951 0.019782 0.0167
v 0.009538 0.019566 0.015
v 0.009538 0.019566 0.0167
v 0.009585 0.019353 0.015
v 0.009585 0.019353 0.0167
v 0.009651 0.019145 0.015
v 0.009651 0.019145 0.0167
v 0.009734 0.018943 0.015
v 0.009734 0.018943 0.0167
v 0.009835 0.01875 0.015
v 0.009835 0.01875 0.0167
v 0.009952 0.018566 0.015
v 0.009952 0.018566 0.0167
v 0.010085 0.018393 0.015
v 0.010085 0.018393 0.0167
v 0.010232 0.018232 0.015
v 0.010232 0.018232 0.0167
v 0.010393 0.018085 0.015
v 0.010393 0.018085 0.0167
v 0.010566 0.017952 0.015
v 0.010566 0.017952 0.0167
v 0.01075 0.017835 0.015
v 0.01075 0.017835 0.0167
v 0.010943 0.017734 0.015
v 0.010943 0.017734 0.0167
v 0.011145 0.017651 0.015
v 0.011145 0.017651 0.0167
v 0.011353 0.017585 0.015
v 0.011353 0.017585 0.0167
v 0.011566 0.017538 0.015
v 0.011566 0.017538 0.0167
v 0.011782 0.01751 0.015
v 0.011782 0.01751 0.0167
v 0.012 0.0175 0.015
v 0.012 0.0175 0.0167
v 0.012218 0.01751 0.015
v 0.012218 0.01751 0.0167
v 0.012434 0.017538 0.015
v 0.012434 0.017538 0.0167
v 0.012647 0.017585 0.015
v 0.012647 0.017585 0.0167
v 0.012855 0.017651 0.015
v 0.012855 0.017651 0.0167
v 0.013057 0.017734 0.015
v 0.013057 0.017734 0.0167
v 0.01325 0.017835 0.015
v 0.01325 0.017835 0.0167
v 0.013434 0.017952 0.015
v 0.013434 0.017952 0.0167
v 0.013607 0.018085 0.015
v 0.013607 0.018085 0.0167
v 0.013768 0.018232 0.015
v 0.013768 0.018232 0.0167
v 0.013915 0.018393 0.015
v 0.013915 0.018393 0.0167
v 0.014048 0.018566 0.015
v 0.014048 0.018566 0.0167
v 0.014165 0.01875 0.015
v 0.014165 0.01875 0.0167
v 0.014266 0.018943 0.015
v 0.014266 0.018943 0.0167
v 0.014349 0.019145 0.015
v 0.014349 0.019145 0.0167
v 0.014415 0.019353 0.015
v 0.014415 0.019353 0.0167
v 0.014462 0.019566 0.015
v 0.014462 0.019566 0.0167
v 0.01449 0.019782 0.015
v 0.01449 0.019782 0.0167
v 0.0145 0.02 0.015
v 0.0145 0.02 0.0167
v 0.01449 0.020218 0.015
v 0.01449 0.020218 0.0167
v 0.014462 0.020434 0.015
v 0.014462 0.020434 0.0167
v 0.014415 0.020647 0.015
v 0.014415 0.020647 0.0167
v 0.014349 0.020855 0.015
v 0.014349 0.020855 0.0167
v 0.014266 0.021057 0.015
v 0.014266 0.021057 0.0167
v 0.014165 0.02125 0.015
v 0.014165 0.02125 0.0167
v 0.014048 0.021434 0.015
v 0.014048 0.021434 0.0167
v 0.013915 0.021607 0.015
v 0.013915 0.021607 0.0167
v 0.013768 0.021768 0.015
v 0.013768 0.021768 0.0167
v 0.013607 0.021915 0.015
v 0.013607 0.021915 0.0167
v 0.013434 0.022048 0.015
v 0.013434 0.022048 0.0167
v 0.01325 0.022165 0.015
v 0.01325 0.022165 0.0167
v 0.013057 0.022266 0.015
v 0.013057 0.022266 0.0167
v 0.012855 0.022349 0.015
v 0.012855 0.022349 0.0167
v 0.012647 0.022415 0.015
v 0.012647 0.022415 0.0167
v 0.012434 0.022462 0.015
v 0.012434 0.022462 0.0167
v 0.012218 0.02249 0.015
v 0.012218 0.02249 0.0167
v 0.012 0.0225 0.015
v 0.012 0.0225 0.0167
v 0.011782 0.02249 0.015
v 0.011782 0.02249 0.0167
v 0.011566 0.022462 0.015
v 0.011566 0.022462 0.0167
v 0.011353 0.022415 0.015
v 0.011353 0.022415 0.0167
v 0.011145 0.022349 0.015
v 0.011145 0.022349 0.0167
v 0.010943 0.022266 0.015
v 0.010943 0.022266 0.0167
v 0.01075 0.022165 0.015
v 0.01075 0.022165 0.0167
v 0.010566 0.022048 0.015
v 0.010566 0.022048 0.0167
v 0.010393 0.021915 0.015
v 0.010393 0.021915 0.0167
v 0.010232 0.021768 0.015
v 0.010232 0.021768 0.0167
v 0.010085 0.021607 0.015
v 0.010085 0.021607 0.0167
v 0.009952 0.021434 0.015
v 0.009952 0.021434 0.0167
v 0.009835 0.02125 0.015
v 0.009835 0.02125 0.0167
v 0.009734 0.021057 0.015
v 0.009734 0.021057 0.0167
v 0.009651 0.020855 0.015
v 0.009651 0.020855 0.0167
v 0.009585 0.020647 0.015
v 0.009585 0.020647 0.0167
v 0.009538 0.020434 0.015
v 0.009538 0.020434 0.0167
v 0.00951 0.020218 0.015
v 0.00951 0.020218 0.0167
v 0.0095 0.02 0.015
v 0.012 0.02 0.0167
v 0.0095 0.028 0.0167
v 0.00951 0.027782 0.015
v 0.00951 0.027782 0.0167
v 0.009538 0.027566 0.015
v 0.009538 0.027566 0.0167
v 0.009585 0.027353 0.015
v 0.009585 0.027353 0.0167
v 0.009651 0.027145 0.015
v 0.009651 0.027145 0.0167
v 0.009734 0.026943 0.015
v 0.009734 0.026943 0.0167
v 0.009835 0.02675 0.015
v 0.009835 0.02675 0.0167
v 0.009952 0.026566 0.015
v 0.009952 0.026566 0.0167
v 0.010085 0.026393 0.015
v 0.010085 0.026393 0.0167
v 0.010232 0.026232 0.015
v 0.010232 0.026232 0.0167
v 0.010393 0.026085 0.015
v 0.010393 0.026085 0.0167
v 0.010566 0.025952 0.015
v 0.010566 0.025952 0.0167
v 0.01075 0.025835 0.015
v 0.01075 0.025835 0.0167
v 0.010943 0.025734 0.015
v 0.010943 0.025734 0.0167
v 0.011145 0.025651 0.015
v 0.011145 0.025651 0.0167
v 0.011353 0.025585 0.015
v 0.011353 0.025585 0.0167
v 0.011566 0.025538 0.015
v 0.011566 0.025538 0.0167
v 0.011782 0.02551 0.015
v 0.011782 0.02551 0.0167
v 0.012 0.0255 0.015
v 0.012 0.0255 0.0167
v 0.012218 0.02551 0.015
v 0.012218 0.02551 0.0167
v 0.012434 0.025538 0.015
v 0.012434 0.025538 0.0167
v 0.012647 0.025585 0.015
v 0.012647 0.025585 0.0167
v 0.012855 0.025651 0.015
v 0.012855 0.025651 0.0167
v 0.013057 0.025734 0.015
v 0.013057 0.025734 0.0167
v 0.01325 0.025835 0.015
v 0.01325 0.025835 0.0167
v 0.013434 0.025952 0.015
v 0.013434 0.025952 0.0167
v 0.013607 0.026085 0.015
v 0.013607 0.026085 0.0167
v 0.013768 0.026232 0.015
v 0.013768 0.026232 0.0167
v 0.013915 0.026393 0.015
v 0.013915 0.026393 0.0167
v 0.014048 0.026566 0.015
v 0.014048 0.026566 0.0167
v 0.014165 0.02675 0.015
v 0.014165 0.02675 0.0167
v 0.014266 0.026943 0.015
v 0.014266 0.026943 0.0167
v 0.014349 0.027145 0.015
v 0.014349 0.027145 0.0167
v 0.014415 0.027353 0.015
v 0.014415 0.027353 0.0167
v 0.014462 0.027566 0.015
v 0.014462 0.027566 0.0167
v 0.01449 0.027782 0.015
v 0.01449 0.027782 0.0167
v 0.0145 0.028 0.015
v 0.0145 0.028 0.0167
v 0.01449 0.028218 0.015
v 0.01449 0.028218 0.0167
v 0.014462 0.028434 0.015
v 0.014462 0.028434 0.0167
v 0.014415 0.028647 0.015
v 0.014415 0.028647 0.0167
v 0.014349 0.028855 0.015
v 0.014349 0.028855 0.0167
v 0.014266 0.029057 0.015
v 0.014266 0.029057 0.0167
v 0.014165 0.02925 0.015
v 0.014165 0.02925 0.0167
v 0.014048 0.029434 0.015
v 0.014048 0.029434 0.0167
v 0.013915 0.029607 0.015
v 0.013915 0.029607 0.0167
v 0.013768 0.029768 0.015
v 0.013768 0.029768 0.0167
v 0.013607 0.029915 0.015
v 0.013607 0.029915 0.0167
v 0.013434 0.030048 0.015
v 0.013434 0.030048 0.0167
v 0.01325 0.030165 0.015
v 0.01325 0.030165 0.0167
v 0.013057 0.030266 0.015
v 0.013057 0.030266 0.0167
v 0.012855 0.030349 0.015
v 0.012855 0.030349 0.0167
v 0.012647 0.030415 0.015
v 0.012647 0.030415 0.0167
v 0.012434 0.030462 0.015
v 0.012434 0.030462 0.0167
v 0.012218 0.03049 0.015
v 0.012218 0.03049 0.0167
v 0.012 0.0305 0.015
v 0.012 0.0305 0.0167
v 0.011782 0.03049 0.015
v 0.011782 0.03049 0.0167
v 0.011566 0.030462 0.015
v 0.011566 0.030462 0.0167
v 0.011353 0.030415 0.015
v 0.011353 0.030415 0.0167
v 0.011145 0.030349 0.015
v 0.011145 0.030349 0.0167
v 0.010943 0.030266 0.015
v 0.010943 0.030266 0.0167
v 0.01075 0.030165 0.015
v 0.01075 0.030165 0.0167
v 0.010566 0.030048 0.015
v 0.010566 0.030048 0.0167
v 0.010393 0.029915 0.015
v 0.010393 0.029915 0.0167
v 0.010232 0.029768 0.015
v 0.010232 0.029768 0.0167
v 0.010085 0.029607 0.015
v 0.010085 0.029607 0.0167
v 0.009952 0.029434 0.015
v 0.009952 0.029434 0.0167
v 0.009835 0.02925 0.015
v 0.009835 0.02925 0.0167
v 0.009734 0.029057 0.015
v 0.009734 0.029057 0.0167
v 0.009651 0.028855 0.015
v 0.009651 0.028855 0.0167
v 0.009585 0.028647 0.015
v 0.009585 0.028647 0.0167
v 0.009538 0.028434 0.015
v 0.009538 0.028434 0.0167
v 0.00951 0.028218 0.015
v 0.00951 0.028218 0.0167
v 0.0095 0.028 0.015
v 0.012 0.028 0.0167
v 0.0095 0.036 0.0167
v 0.00951 0.035782 0.015
v 0.00951 0.035782 0.0167
v 0.009538 0.035566 0.015
v 0.009538 0.035566 0.0167
v 0.009585 0.035353 0.015
v 0.009585 0.035353 0.0167
v 0.009651 0.035145 0.015
v 0.009651 0.035145 0.0167
v 0.009734 0.034943 0.015
v 0.009734 0.034943 0.0167
v 0.009835 0.03475 0.015
v 0.009835 0.03475 0.0167
v 0.009952 0.034566 0.015
v 0.009952 0.034566 0.0167
v 0.010085 0.034393 0.015
v 0.010085 0.034393 0.0167
v 0.010232 0.034232 0.015
v 0.010232 0.034232 0.0167
v 0.010393 0.034085 0.015
v 0.010393 0.034085 0.0167
v 0.010566 0.033952 0.015
v 0.010566 0.033952 0.0167
v 0.01075 0.033835 0.015
v 0.01075 0.033835 0.0167
v 0.010943 0.033734 0.015
v 0.010943 0.033734 0.0167
v 0.011145 0.033651 0.015
v 0.011145 0.033651 0.0167
v 0.011353 0.033585 0.015
v 0.011353 0.033585 0.0167
v 0.011566 0.033538 0.015
v 0.011566 0.033538 0.0167
v 0.011782 0.03351 0.015
v 0.011782 0.03351 0.0167
v 0.012 0.0335 0.015
v 0.012 0.0335 0.0167
v 0.012218 0.03351 0.015
v 0.012218 0.03351 0.0167
v 0.012434 0.033538 0.015
v 0.012434 0.033538 0.0167
v 0.012647 0.033585 0.015
v 0.012647 0.033585 0.0167
v 0.012855 0.033651 0.015
v 0.012855 0.033651 0.0167
v 0.013057 0.033734 0.015
v 0.013057 0.033734 0.0167
v 0.01325 0.033835 0.015
v 0.01325 0.033835 0.0167
v 0.013434 0.033952 0.015
v 0.013434 0.033952 0.0167
v 0.013607 0.034085 0.015
v 0.013607 0.034085 0.0167
v 0.013768 0.034232 0.015
v 0.013768 0.034232 0.0167
v 0.013915 0.034393 0.015
v 0.013915 0.034393 0.0167
v 0.014048 0.034566 0.015
v 0.014048 0.034566 0.0167
v 0.014165 0.03475 0.015
v 0.014165 0.03475 0.0167
v 0.014266 0.034943 0.015
v 0.014266 0.034943 0.0167
v 0.014349 0.035145 0.015
v 0.014349 0.035145 0.0167
v 0.014415 0.035353 0.015
v 0.014415 0.035353 0.0167
v 0.014462 0.035566 0.015
v 0.014462 0.035566 0.0167
v 0.01449 0.035782 0.015
v 0.01449 0.035782 0.0167
v 0.0145 0.036 0.015
v 0.0145 0.036 0.0167
v 0.01449 0.036218 0.015
v 0.01449 0.036218 0.0167
v 0.014462 0.036434 0.015
v 0.014462 0.036434 0.0167
v 0.014415 0.036647 0.015
v 0.014415 0.036647 0.0167
v 0.014349 0.036855 0.015
v 0.014349 0.036855 0.0167
v 0.014266 0.037057 0.015
v 0.014266 0.037057 0.0167
v 0.014165 0.03725 0.015
v 0.014165 0.03725 0.0167
v 0.014048 0.037434 0.015
v 0.014048 0.037434 0.0167
v 0.013915 0.037607 0.015
v 0.013915 0.037607 0.0167
v 0.013768 0.037768 0.015
v 0.013768 0.037768 0.0167
v 0.013607 0.037915 0.015
v 0.013607 0.037915 0.0167
v 0.013434 0.038048 0.015
v 0.013434 0.038048 0.0167
v 0.01325 0.038165 0.015
v 0.01325 0.038165 0.0167
v 0.013057 0.038266 0.015
v 0.013057 0.038266 0.0167
v 0.012855 0.038349 0.015
v 0.012855 0.038349 0.0167
v 0.012647 0.038415 0.015
v 0.012647 0.038415 0.0167
v 0.012434 0.038462 0.015
v 0.012434 0.038462 0.0167
v 0.012218 0.03849 0.015
v 0.012218 0.03849 0.0167
v 0.012 0.0385 0.015
v 0.012 0.0385 0.0167
v 0.011782 0.03849 0.015
v 0.011782 0.03849 0.0167
v 0.011566 0.038462 0.015
v 0.011566 0.038462 0.0167
v 0.011353 0.038415 0.015
v 0.011353 0.038415 0.0167
v 0.011145 0.038349 0.015
v 0.011145 0.038349 0.0167
v 0.010943 0.038266 0.015
v 0.010943 0.038266 0.0167
v 0.01075 0.038165 0.015
v 0.01075 0.038165 0.0167
v 0.010566 0.038048 0.015
v 0.010566 0.038048 0.0167
v 0.010393 0.037915 0.015
v 0.010393 0.037915 0.0167
v 0.010232 0.037768 0.015
v 0.010232 0.037768 0.0167
v 0.010085 0.037607 0.015
v 0.010085 0.037607 0.0167
v 0.009952 0.037434 0.015
v 0.009952 0.037434 0.0167
v 0.009835 0.03725 0.015
v 0.009835 0.03725 0.0167
v 0.009734 0.037057 0.015
v 0.009734 0.037057 0.0167
v 0.009651 0.036855 0.015
v 0.009651 0.036855 0.0167
v 0.009585 0.036647 0.015
v 0.009585 0.036647 0.0167
v 0.009538 0.036434 0.015
v 0.009538 0.036434 0.0167
v 0.00951 0.036218 0.015
v 0.00951 0.036218 0.0167
v 0.0095 0.036 0.015
v 0.012 0.036 0.0167
v 0.0095 0.044 0.0167
v 0.00951 0.043782 0.015
v 0.00951 0.043782 0.0167
v 0.009538 0.043566 0.015
v 0.009538 0.043566 0.0167
v 0.009585 0.043353 0.015
v 0.009585 0.043353 0.0167
v 0.009651 0.043145 0.015
v 0.009651 0.043145 0.0167
v 0.009734 0.042943 0.015
v 0.009734 0.042943 0.0167
v 0.009835 0.04275 0.015
v 0.009835 0.04275 0.0167
v 0.009952 0.042566 0.015
v 0.009952 0.042566 0.0167
v 0.010085 0.042393 0.015
v 0.010085 0.042393 0.0167
v 0.010232 0.042232 0.015
v 0.010232 0.042232 0.0167
v 0.010393 0.042085 0.015
v 0.010393 0.042085 0.0167
v 0.010566 0.041952 0.015
v 0.010566 0.041952 0.0167
v 0.01075 0.041835 0.015
v 0.01075 0.041835 0.0167
v 0.010943 0.041734 0.015
v 0.010943 0.041734 0.0167
v 0.011145 0.041651 0.015
v 0.011145 0.041651 0.0167
v 0.011353 0.041585 0.015
v 0.011353 0.041585 0.0167
v 0.011566 0.041538 0.015
v 0.011566 0.041538 0.0167
v 0.011782 0.04151 0.015
v 0.011782 0.04151 0.0167
v 0.012 0.0415 0.015
v 0.012 0.0415 0.0167
v 0.012218 0.04151 0.015
v 0.012218 0.04151 0.0167
v 0.012434 0.041538 0.015
v 0.012434 0.041538 0.0167
v 0.012647 0.041585 0.015
v 0.012647 0.041585 0.0167
v 0.012855 0.041651 0.015
v 0.012855 0.041651 0.0167
v 0.013057 0.041734 0.015
v 0.013057 0.041734 0.0167
v 0.01325 0.041835 0.015
v 0.01325 0.041835 0.0167
v 0.013434 0.041952 0.015
v 0.013434 0.041952 0.0167
v 0.013607 0.042085 0.015
v 0.013607 0.042085 0.0167
v 0.013768 0.042232 0.015
v 0.013768 0.042232 0.0167
v 0.013915 0.042393 0.015
v 0.013915 0.042393 0.0167
v 0.014048 0.042566 0.015
v 0.014048 0.042566 0.0167
v 0.014165 0.04275 0.015
v 0.014165 0.04275 0.0167
v 0.014266 0.042943 0.015
v 0.014266 0.042943 0.0167
v 0.014349 0.043145 0.015
v 0.014349 0.043145 0.0167
v 0.014415 0.043353 0.015
v 0.014415 0.043353 0.0167
v 0.014462 0.043566 0.015
v 0.014462 0.043566 0.0167
v 0.01449 0.043782 0.015
v 0.01449 0.043782 0.0167
v 0.0145 0.044 0.015
v 0.0145 0.044 0.0167
v 0.01449 0.044218 0.015
v 0.01449 0.044218 0.0167
v 0.014462 0.044434 0.015
v 0.014462 0.044434 0.0167
v 0.014415 0.044647 0.015
v 0.014415 0.044647 0.0167
v 0.014349 0.044855 0.015
v 0.014349 0.044855 0.0167
v 0.014266 0.045057 0.015
v 0.014266 0.045057 0.0167
v 0.014165 0.04525 0.015
v 0.014165 0.04525 0.0167
v 0.014048 0.045434 0.015
v 0.014048 0.045434 0.0167
v 0.013915 0.045607 0.015
v 0.013915 0.045607 0.0167
v 0.013768 0.045768 0.015
v 0.013768 0.045768 0.0167
v 0.013607 0.045915 0.015
v 0.013607 0.045915 0.0167
v 0.013434 0.046048 0.015
v 0.013434 0.046048 0.0167
v 0.01325 0.046165 0.015
v 0.01325 0.046165 0.0167
v 0.013057 0.046266 0.015
v 0.013057 0.046266 0.0167
v 0.012855 0.046349 0.015
v 0.012855 0.046349 0.0167
v 0.012647 0.046415 0.015
v 0.012647 0.046415 0.0167
v 0.012434 0.046462 0.015
v 0.012434 0.046462 0.0167
v 0.012218 0.04649 0.015
v 0.012218 0.04649 0.0167
v 0.012 0.0465 0.015
v 0.012 0.0465 0.0167
v 0.011782 0.04649 0.015
v 0.011782 0.04649 0.0167
v 0.011566 0.046462 0.015
v 0.011566 0.046462 0.0167
v 0.011353 0.046415 0.015
v 0.011353 0.046415 0.0167
v 0.011145 0.046349 0.015
v 0.011145 0.046349 0.0167
v 0.010943 0.046266 0.015
v 0.010943 0.046266 0.0167
v 0.01075 0.046165 0.015
v 0.01075 0.046165 0.0167
v 0.010566 0.046048 0.015
v 0.010566 0.046048 0.0167
v 0.010393 0.045915 0.015
v 0.010393 0.045915 0.0167
v 0.010232 0.045768 0.015
v 0.010232 0.045768 0.0167
v 0.010085 0.045607 0.015
v 0.010085 0.045607 0.0167
v 0.009952 0.045434 0.015
v 0.009952 0.045434 0.0167
v 0.009835 0.04525 0.015
v 0.009835 0.04525 0.0167
v 0.009734 0.045057 0.015
v 0.009734 0.045057 0.0167
v 0.009651 0.044855 0.015
v 0.009651 0.044855 0.0167
v 0.009585 0.044647 0.015
v 0.009585 0.044647 0.0167
v 0.009538 0.044434 0.015
v 0.009538 0.044434 0.0167
v 0.00951 0.044218 0.015
v 0.00951 0.044218 0.0167
v 0.0095 0.044 0.015
v 0.012 0.044 0.0167
v 0.0015 0.028 0.0167
v 0.00151 0.027782 0.015
v 0.00151 0.027782 0.0167
v 0.001538 0.027566 0.015
v 0.001538 0.027566 0.0167
v 0.001585 0.027353 0.015
v 0.001585 0.027353 0.0167
v 0.001651 0.027145 0.015
v 0.001651 0.027145 0.0167
v 0.001734 0.026943 0.015
v 0.001734 0.026943 0.0167
v 0.001835 0.02675 0.015
v 0.001835 0.02675 0.0167
v 0.001952 0.026566 0.015
v 0.001952 0.026566 0.0167
v 0.002085 0.026393 0.015
v 0.002085 0.026393 0.0167
v 0.002232 0.026232 0.015
v 0.002232 0.026232 0.0167
v 0.002393 0.026085 0.015
v 0.002393 0.026085 0.0167
v 0.002566 0.025952 0.015
v 0.002566 0.025952 0.0167
v 0.00275 0.025835 0.015
v 0.00275 0.025835 0.0167
v 0.002943 0.025734 0.015
v 0.002943 0.025734 0.0167
v 0.003145 0.025651 0.015
v 0.003145 0.025651 0.0167
v 0.003353 0.025585 0.015
v 0.003353 0.025585 0.0167
v 0.003566 0.025538 0.015
v 0.003566 0.025538 0.0167
v 0.003782 0.02551 0.015
v 0.003782 0.02551 0.0167
v 0.004 0.0255 0.015
v 0.004 0.0255 0.0167
v 0.004218 0.02551 0.015
v 0.004218 0.02551 0.0167
v 0.004434 0.025538 0.015
v 0.004434 0.025538 0.0167
v 0.004647 0.025585 0.015
v 0.004647 0.025585 0.0167
v 0.004855 0.025651 0.015
v 0.004855 0.025651 0.0167
v 0.005057 0.025734 0.015
v 0.005057 0.025734 0.0167
v 0.00525 0.025835 0.015
v 0.00525 0.025835 0.0167
v 0.005434 0.025952 0.015
v 0.005434 0.025952 0.0167
v 0.005607 0.026085 0.015
v 0.005607 0.026085 0.0167
v 0.005768 0.026232 0.015
v 0.005768 0.026232 0.0167
v 0.005915 0.026393 0.015
v 0.005915 0.026393 0.0167
v 0.006048 0.026566 0.015
v 0.006048 0.026566 0.0167
v 0.006165 0.02675 0.015
v 0.006165 0.02675 0.0167
v 0.006266 0.026943 0.015
v 0.006266 0.026943 0.0167
v 0.006349 0.027145 0.015
v 0.006349 0.027145 0.0167
v 0.006415 0.027353 0.015
v 0.006415 0.027353 0.0167
v 0.006462 0.027566 0.015
v 0.006462 0.027566 0.0167
v 0.00649 0.027782 0.015
v 0.00649 0.027782 0.0167
v 0.0065 0.028 0.015
v 0.0065 0.028 0.0167
v 0.00649 0.028218 0.015
v 0.00649 0.028218 0.0167
v 0.006462 0.028434 0.015
v 0.006462 0.028434 0.0167
v 0.006415 0.028647 0.015
v 0.006415 0.028647 0.0167
v 0.006349 0.028855 0.015
v 0.006349 0.028855 0.0167
v 0.006266 0.029057 0.015
v 0.006266 0.029057 0.0167
v 0.006165 0.02925 0.015
v 0.006165 0.02925 0.0167
v 0.006048 0.029434 0.015
v 0.006048 0.029434 0.0167
v 0.005915 0.029607 0.015
v 0.005915 0.029607 0.0167
v 0.005768 0.029768 0.015
v 0.005768 0.029768 0.0167
v 0.005607 0.029915 0.015
v 0.005607 0.029915 0.0167
v 0.005434 0.030048 0.015
v 0.005434 0.030048 0.0167
v 0.00525 0.030165 0.015
v 0.00525 0.030165 0.0167
v 0.005057 0.030266 0.015
v 0.005057 0.030266 0.0167
v 0.004855 0.030349 0.015
v 0.004855 0.030349 0.0167
v 0.004647 0.030415 0.015
v 0.004647 0.030415 0.0167
v 0.004434 0.030462 0.015
v 0.004434 0.030462 0.0167
v 0.004218 0.03049 0.015
v 0.004218 0.03049 0.0167
v 0.004 0.0305 0.015
v 0.004 0.0305 0.0167
v 0.003782 0.03049 0.015
v 0.003782 0.03049 0.0167
v 0.003566 0.030462 0.015
v 0.003566 0.030462 0.0167
v 0.003353 0.030415 0.015
v 0.003353 0.030415 0.0167
v 0.003145 0.030349 0.015
v 0.003145 0.030349 0.0167
v 0.002943 0.030266 0.015
v 0.002943 0.030266 0.0167
v 0.00275 0.030165 0.015
v 0.00275 0.030165 0.0167
v 0.002566 0.030048 0.015
v 0.002566 0.030048 0.0167
v 0.002393 0.029915 0.015
v 0.002393 0.029915 0.0167
v 0.002232 0.029768 0.015
v 0.002232 0.029768 0.0167
v 0.002085 0.029607 0.015
v 0.002085 0.029607 0.0167
v 0.001952 0.029434 0.015
v 0.001952 0.029434 0.0167
v 0.001835 0.02925 0.015
v 0.001835 0.02925 0.0167
v 0.001734 0.029057 0.015
v 0.001734 0.029057 0.0167
v 0.001651 0.028855 0.015
v 0.001651 0.028855 0.0167
v 0.001585 0.028647 0.015
v 0.001585 0.028647 0.0167
v 0.001538 0.028434 0.015
v 0.001538 0.028434 0.0167
v 0.00151 0.028218 0.015
v 0.00151 0.028218 0.0167
v 0.0015 0.028 0.015
v 0.004 0.028 0.0167
v 0.0015 0.036 0.0167
v 0.00151 0.035782 0.015
v 0.00151 0.035782 0.0167
v 0.001538 0.035566 0.015
v 0.001538 0.035566 0.0167
v 0.001585 0.035353 0.015
v 0.001585 0.035353 0.0167
v 0.001651 0.035145 0.015
v 0.001651 0.035145 0.0167
v 0.001734 0.034943 0.015
v 0.001734 0.034943 0.0167
v 0.001835 0.03475 0.015
v 0.001835 0.03475 0.0167
v 0.001952 0.034566 0.015
v 0.001952 0.034566 0.0167
v 0.002085 0.034393 0.015
v 0.002085 0.034393 0.0167
v 0.002232 0.034232 0.015
v 0.002232 0.034232 0.0167
v 0.002393 0.034085 0.015
v 0.002393 0.034085 0.0167
v 0.002566 0.033952 0.015
v 0.002566 0.033952 0.0167
v 0.00275 0.033835 0.015
v 0.00275 0.033835 0.0167
v 0.002943 0.033734 0.015
v 0.002943 0.033734 0.0167
v 0.003145 0.033651 0.015
v 0.003145 0.033651 0.0167
v 0.003353 0.033585 0.015
v 0.003353 0.033585 0.0167
v 0.003566 0.033538 0.015
v 0.003566 0.033538 0.0167
v 0.003782 0.03351 0.015
v 0.003782 0.03351 0.0167
v 0.004 0.0335 0.015
v 0.004 0.0335 0.0167
v 0.004218 0.03351 0.015
v 0.004218 0.03351 0.0167
v 0.004434 0.033538 0.015
v 0.004434 0.033538 0.0167
v 0.004647 0.033585 0.015
v 0.004647 0.033585 0.0167
v 0.004855 0.033651 0.015
v 0.004855 0.033651 0.0167
v 0.005057 0.033734 0.015
v 0.005057 0.033734 0.0167
v 0.00525 0.033835 0.015
v 0.00525 0.033835 0.0167
v 0.005434 0.033952 0.015
v 0.005434 0.033952 0.0167
v 0.005607 0.034085 0.015
v 0.005607 0.034085 0.0167
v 0.005768 0.034232 0.015
v 0.005768 0.034232 0.0167
v 0.005915 0.034393 0.015
v 0.005915 0.034393 0.0167
v 0.006048 0.034566 0.015
v 0.006048 0.034566 0.0167
v 0.006165 0.03475 0.015
v 0.006165 0.03475 0.0167
v 0.006266 0.034943 0.015
v 0.006266 0.034943 0.0167
v 0.006349 0.035145 0.015
v 0.006349 0.035145 0.0167
v 0.006415 0.035353 0.015
v 0.006415 0.035353 0.0167
v 0.006462 0.035566 0.015
v 0.006462 0.035566 0.0167
v 0.00649 0.035782 0.015
v 0.00649 0.035782 0.0167
v 0.0065 0.036 0.015
v 0.0065 0.036 0.0167
v 0.00649 0.036218 0.015
v 0.00649 0.036218 0.0167
v 0.006462 0.036434 0.015
v 0.006462 0.036434 0.0167
v 0.006415 0.036647 0.015
v 0.006415 0.036647 0.0167
v 0.006349 0.036855 0.015
v 0.006349 0.036855 0.0167
v 0.006266 0.037057 0.015
v 0.006266 0.037057 0.0167
v 0.006165 0.03725 0.015
v 0.006165 0.03725 0.0167
v 0.006048 0.037434 0.015
v 0.006048 0.037434 0.0167
v 0.005915 0.037607 0.015
v 0.005915 0.037607 0.0167
v 0.005768 0.037768 0.015
v 0.005768 0.037768 0.0167
v 0.005607 0.037915 0.015
v 0.005607 0.037915 0.0167
v 0.005434 0.038048 0.015
v 0.005434 0.038048 0.0167
v 0.00525 0.038165 0.015
v 0.00525 0.038165 0.0167
v 0.005057 0.038266 0.015
v 0.005057 0.038266 0.0167
v 0.004855 0.038349 0.015
v 0.004855 0.038349 0.0167
v 0.004647 0.038415 0.015
v 0.004647 0.038415 0.0167
v 0.004434 0.038462 0.015
v 0.004434 0.038462 0.0167
v 0.004218 0.03849 0.015
v 0.004218 0.03849 0.0167
v 0.004 0.0385 0.015
v 0.004 0.0385 0.0167
v 0.003782 0.03849 0.015
v 0.003782 0.03849 0.0167
v 0.003566 0.038462 0.015
v 0.003566 0.038462 0.0167
v 0.003353 0.038415 0.015
v 0.003353 0.038415 0.0167
v 0.003145 0.038349 0.015
v 0.003145 0.038349 0.0167
v 0.002943 0.038266 0.015
v 0.002943 0.038266 0.0167
v 0.00275 0.038165 0.015
v 0.00275 0.038165 0.0167
v 0.002566 0.038048 0.015
v 0.002566 0.038048 0.0167
v 0.002393 0.037915 0.015
v 0.002393 0.037915 0.0167
v 0.002232 0.037768 0.015
v 0.002232 0.037768 0.0167
v 0.002085 0.037607 0.015
v 0.002085 0.037607 0.0167
v 0.001952 0.037434 0.015
v 0.001952 0.037434 0.0167
v 0.001835 0.03725 0.015
v 0.001835 0.03725 0.0167
v 0.001734 0.037057 0.015
v 0.001734 0.037057 0.0167
v 0.001651 0.036855 0.015
v 0.001651 0.036855 0.0167
v 0.001585 0.036647 0.015
v 0.001585 0.036647 0.0167
v 0.001538 0.036434 0.015
v 0.001538 0.036434 0.0167
v 0.00151 0.036218 0.015
v 0.00151 0.036218 0.0167
v 0.0015 0.036 0.015
v 0.004 0.036 0.0167
v 0.0015 0.044 0.0167
v 0.00151 0.043782 0.015
v 0.00151 0.043782 0.0167
v 0.001538 0.043566 0.015
v 0.001538 0.043566 0.0167
v 0.001585 0.043353 0.015
v 0.001585 0.043353 0.0167
v 0.001651 0.043145 0.015
v 0.001651 0.043145 0.0167
v 0.001734 0.042943 0.015
v 0.001734 0.042943 0.0167
v 0.001835 0.04275 0.015
v 0.001835 0.04275 0.0167
v 0.001952 0.042566 0.015
v 0.001952 0.042566 0.0167
v 0.002085 0.042393 0.015
v 0.002085 0.042393 0.0167
v 0.002232 0.042232 0.015
v 0.002232 0.042232 0.0167
v 0.002393 0.042085 0.015
v 0.002393 0.042085 0.0167
v 0.002566 0.041952 0.015
v 0.002566 0.041952 0.0167
v 0.00275 0.041835 0.015
v 0.00275 0.041835 0.0167
v 0.002943 0.041734 0.015
v 0.002943 0.041734 0.0167
v 0.003145 0.041651 0.015
v 0.003145 0.041651 0.0167
v 0.003353 0.041585 0.015
v 0.003353 0.041585 0.0167
v 0.003566 0.041538 0.015
v 0.003566 0.041538 0.0167
v 0.003782 0.04151 0.015
v 0.003782 0.04151 0.0167
v 0.004 0.0415 0.015
v 0.004 0.0415 0.0167
v 0.004218 0.04151 0.015
v 0.004218 0.04151 0.0167
v 0.004434 0.041538 0.015
v 0.004434 0.041538 0.0167
v 0.004647 0.041585 0.015
v 0.004647 0.041585 0.0167
v 0.004855 0.041651 0.015
v 0.004855 0.041651 0.0167
v 0.005057 0.041734 0.015
v 0.005057 0.041734 0.0167
v 0.00525 0.041835 0.015
v 0.00525 0.041835 0.0167
v 0.005434 0.041952 0.015
v 0.005434 0.041952 0.0167
v 0.005607 0.042085 0.015
v 0.005607 0.042085 0.0167
v 0.005768 0.042232 0.015
v 0.005768 0.042232 0.0167
v 0.005915 0.042393 0.015
v 0.005915 0.042393 0.0167
v 0.006048 0.042566 0.015
v 0.006048 0.042566 0.0167
v 0.006165 0.04275 0.015
v 0.006165 0.04275 0.0167
v 0.006266 0.042943 0.015
v 0.006266 0.042943 0.0167
v 0.006349 0.043145 0.015
v 0.006349 0.043145 0.0167
v 0.006415 0.043353 0.015
v 0.006415 0.043353 0.0167
v 0.006462 0.043566 0.015
v 0.006462 0.043566 0.0167
v 0.00649 0.043782 0.015
v 0.00649 0.043782 0.0167
v 0.0065 0.044 0.015
v 0.0065 0.044 0.0167
v 0.00649 0.044218 0.015
v 0.00649 0.044218 0.0167
v 0.006462 0.044434 0.015
v 0.006462 0.044434 0.0167
v 0.006415 0.044647 0.015
v 0.006415 0.044647 0.0167
v 0.006349 0.044855 0.015
v 0.006349 0.044855 0.0167
v 0.006266 0.045057 0.015
v 0.006266 0.045057 0.0167
v 0.006165 0.04525 0.015
v 0.006165 0.04525 0.0167
v 0.006048 0.045434 0.015
v 0.006048 0.045434 0.0167
v 0.005915 0.045607 0.015
v 0.005915 0.045607 0.0167
v 0.005768 0.045768 0.015
v 0.005768 0.045768 0.0167
v 0.005607 0.045915 0.015
v 0.005607 0.045915 0.0167
v 0.005434 0.046048 0.015
v 0.005434 0.046048 0.0167
v 0.00525 0.046165 0.015
v 0.00525 0.046165 0.0167
v 0.005057 0.046266 0.015
v 0.005057 0.046266 0.0167
v 0.004855 0.046349 0.015
v 0.004855 0.046349 0.0167
v 0.004647 0.046415 0.015
v 0.004647 0.046415 0.0167
v 0.004434 0.046462 0.015
v 0.004434 0.046462 0.0167
v 0.004218 0.04649 0.015
v 0.004218 0.04649 0.0167
v 0.004 0.0465 0.015
v 0.004 0.0465 0.0167
v 0.003782 0.04649 0.015
v 0.003782 0.04649 0.0167
v 0.003566 0.046462 0.015
v 0.003566 0.046462 0.0167
v 0.003353 0.046415 0.015
v 0.003353 0.046415 0.0167
v 0.003145 0.046349 0.015
v 0.003145 0.046349 0.0167
v 0.002943 0.046266 0.015
v 0.002943 0.046266 0.0167
v 0.00275 0.046165 0.015
v 0.00275 0.046165 0.0167
v 0.002566 0.046048 0.015
v 0.002566 0.046048 0.0167
v 0.002393 0.045915 0.015
v 0.002393 0.045915 0.0167
v 0.002232 0.045768 0.015
v 0.002232 0.045768 0.0167
v 0.002085 0.045607 0.015
v 0.002085 0.045607 0.0167
v 0.001952 0.045434 0.015
v 0.001952 0.045434 0.0167
v 0.001835 0.04525 0.015
v 0.001835 0.04525 0.0167
v 0.001734 0.045057 0.015
v 0.001734 0.045057 0.0167
v 0.001651 0.044855 0.015
v 0.001651 0.044855 0.0167
v 0.001585 0.044647 0.015
v 0.001585 0.044647 0.0167
v 0.001538 0.044434 0.015
v 0.001538 0.044434 0.0167
v 0.00151 0.044218 0.015
v 0.00151 0.044218 0.0167
v 0.0015 0.044 0.015
v 0.004 0.044 0.0167
v 0.0229 -0.046 0.0134
v 0.0229 -0.046 0.015
v 0.022885 -0.046349 0.015
v 0.022885 -0.046349 0.0134
v 0.022839 -0.046695 0.015
v 0.022839 -0.046695 0.0134
v 0.022764 -0.047035 0.015
v 0.022764 -0.047035 0.0134
v 0.022659 -0.047368 0.015
v 0.022659 -0.047368 0.0134
v 0.022525 -0.04769 0.015
v 0.022525 -0.04769 0.0134
v 0.022364 -0.048 0.015
v 0.022364 -0.048 0.0134
v 0.022177 -0.048294 0.015
v 0.022177 -0.048294 0.0134
v 0.021964 -0.048571 0.015
v 0.021964 -0.048571 0.0134
v 0.021728 -0.048828 0.015
v 0.021728 -0.048828 0.0134
v 0.021471 -0.049064 0.015
v 0.021471 -0.049064 0.0134
v 0.021194 -0.049277 0.015
v 0.021194 -0.049277 0.0134
v 0.0209 -0.049464 0.015
v 0.0209 -0.049464 0.0134
v 0.02059 -0.049625 0.015
v 0.02059 -0.049625 0.0134
v 0.020268 -0.049759 0.015
v 0.020268 -0.049759 0.0134
v 0.019935 -0.049864 0.015
v 0.019935 -0.049864 0.0134
v 0.019595 -0.049939 0.015
v 0.019595 -0.049939 0.0134
v 0.019249 -0.049985 0.015
v 0.019249 -0.049985 0.0134
v 0.0189 -0.05 0.015
v 0.0189 -0.05 0.0134
v 0.0229 -0.032 0.015
v 0.0229 -0.03225 0.0134
v 0.0229 -0.024 0.015
v 0.0229 -0.017986 0.0134
v 0.0229 -0.017986 0.015
v 0.0214 -0.012719 0.0134
v 0.0214 -0.012719 0.015
v 0.02179 -0.013408 0.015
v 0.02179 -0.013408 0.0134
v 0.022125 -0.014126 0.015
v 0.022125 -0.014126 0.0134
v 0.022402 -0.014869 0.015
v 0.022402 -0.014869 0.0134
v 0.022619 -0.015631 0.015
v 0.022619 -0.015631 0.0134
v 0.022775 -0.016408 0.015
v 0.022775 -0.016408 0.0134
v 0.022869 -0.017195 0.015
v 0.022869 -0.017195 0.0134
v 0.0199 -0.007451 0.0134
v 0.0199 -0.007451 0.015
v 0.019931 -0.008243 0.0134
v 0.019931 -0.008243 0.015
v 0.020025 -0.009029 0.0134
v 0.020025 -0.009029 0.015
v 0.020181 -0.009806 0.0134
v 0.020181 -0.009806 0.015
v 0.020398 -0.010568 0.0134
v 0.020398 -0.010568 0.015
v 0.020675 -0.011311 0.0134
v 0.020675 -0.011311 0.015
v 0.02101 -0.012029 0.0134
v 0.02101 -0.012029 0.015
v 0.01905 -0.0467 0.0134
v 0.01905 -0.0467 0.015
v 0.019041 -0.046504 0.0134
v 0.019041 -0.046504 0.015
v 0.019016 -0.046309 0.0134
v 0.019016 -0.046309 0.015
v 0.018973 -0.046118 0.0134
v 0.018973 -0.046118 0.015
v 0.018914 -0.04593 0.0134
v 0.018914 -0.04593 0.015
v 0.018839 -0.045749 0.0134
v 0.018839 -0.045749 0.015
v 0.018749 -0.045575 0.0134
v 0.018749 -0.045575 0.015
v 0.018643 -0.045409 0.0134
v 0.018643 -0.045409 0.015
v 0.018524 -0.045254 0.0134
v 0.018524 -0.045254 0.015
v 0.018391 -0.045109 0.0134
v 0.018391 -0.045109 0.015
v 0.018246 -0.044976 0.0134
v 0.018246 -0.044976 0.015
v 0.018091 -0.044857 0.0134
v 0.018091 -0.044857 0.015
v 0.017925 -0.044751 0.0134
v 0.017925 -0.044751 0.015
v 0.017751 -0.044661 0.0134
v 0.017751 -0.044661 0.015
v 0.01757 -0.044586 0.0134
v 0.01757 -0.044586 0.015
v 0.017382 -0.044527 0.0134
v 0.017382 -0.044527 0.015
v 0.017191 -0.044484 0.0134
v 0.017191 -0.044484 0.015
v 0.016996 -0.044459 0.0134
v 0.016996 -0.044459 0.015
v 0.0168 -0.04445 0.0134
v 0.0168 -0.04445 0.015
v 0.016604 -0.044459 0.0134
v 0.016604 -0.044459 0.015
v 0.016409 -0.044484 0.0134
v 0.016409 -0.044484 0.015
v 0.016218 -0.044527 0.0134
v 0.016218 -0.044527 0.015
v 0.01603 -0.044586 0.0134
v 0.01603 -0.044586 0.015
v 0.015849 -0.044661 0.0134
v 0.015849 -0.044661 0.015
v 0.015675 -0.044751 0.0134
v 0.015675 -0.044751 0.015
v 0.015509 -0.044857 0.0134
v 0.015509 -0.044857 0.015
v 0.015354 -0.044976 0.0134
v 0.015354 -0.044976 0.015
v 0.015209 -0.045109 0.0134
v 0.015209 -0.045109 0.015
v 0.015076 -0.045254 0.0134
v 0.015076 -0.045254 0.015
v 0.014957 -0.045409 0.0134
v 0.014957 -0.045409 0.015
v 0.014851 -0.045575 0.0134
v 0.014851 -0.045575 0.015
v 0.014761 -0.045749 0.0134
v 0.014761 -0.045749 0.015
v 0.014686 -0.04593 0.0134
v 0.014686 -0.04593 0.015
v 0.014627 -0.046118 0.0134
v 0.014627 -0.046118 0.015
v 0.014584 -0.046309 0.0134
v 0.014584 -0.046309 0.015
v 0.014559 -0.046504 0.0134
v 0.014559 -0.046504 0.015
v 0.01455 -0.0467 0.0134
v 0.01455 -0.0467 0.015
v 0.014559 -0.046896 0.0134
v 0.014559 -0.046896 0.015
v 0.014584 -0.047091 0.0134
v 0.014584 -0.047091 0.015
v 0.014627 -0.047282 0.0134
v 0.014627 -0.047282 0.015
v 0.014686 -0.04747 0.0134
v 0.014686 -0.04747 0.015
v 0.014761 -0.047651 0.0134
v 0.014761 -0.047651 0.015
v 0.014851 -0.047825 0.0134
v 0.014851 -0.047825 0.015
v 0.014957 -0.047991 0.0134
v 0.014957 -0.047991 0.015
v 0.015076 -0.048146 0.0134
v 0.015076 -0.048146 0.015
v 0.015209 -0.048291 0.0134
v 0.015209 -0.048291 0.015
v 0.015354 -0.048424 0.0134
v 0.015354 -0.048424 0.015
v 0.015509 -0.048543 0.0134
v 0.015509 -0.048543 0.015
v 0.015675 -0.048649 0.0134
v 0.015675 -0.048649 0.015
v 0.015849 -0.048739 0.0134
v 0.015849 -0.048739 0.015
v 0.01603 -0.048814 0.0134
v 0.01603 -0.048814 0.015
v 0.016218 -0.048873 0.0134
v 0.016218 -0.048873 0.015
v 0.016409 -0.048916 0.0134
v 0.016409 -0.048916 0.015
v 0.016604 -0.048941 0.0134
v 0.016604 -0.048941 0.015
v 0.0168 -0.04895 0.0134
v 0.0168 -0.04895 0.015
v 0.016996 -0.048941 0.0134
v 0.016996 -0.048941 0.015
v 0.017191 -0.048916 0.0134
v 0.017191 -0.048916 0.015
v 0.017382 -0.048873 0.0134
v 0.017382 -0.048873 0.015
v 0.01757 -0.048814 0.0134
v 0.01757 -0.048814 0.015
v 0.017751 -0.048739 0.0134
v 0.017751 -0.048739 0.015
v 0.017925 -0.048649 0.0134
v 0.017925 -0.048649 0.015
v 0.018091 -0.048543 0.0134
v 0.018091 -0.048543 0.015
v 0.018246 -0.048424 0.0134
v 0.018246 -0.048424 0.015
v 0.018391 -0.048291 0.0134
v 0.018391 -0.048291 0.015
v 0.018524 -0.048146 0.0134
v 0.018524 -0.048146 0.015
v 0.018643 -0.047991 0.0134
v 0.018643 -0.047991 0.015
v 0.018749 -0.047825 0.0134
v 0.018749 -0.047825 0.015
v 0.018839 -0.047651 0.0134
v 0.018839 -0.047651 0.015
v 0.018914 -0.04747 0.0134
v 0.018914 -0.04747 0.015
v 0.018973 -0.047282 0.0134
v 0.018973 -0.047282 0.015
v 0.019016 -0.047091 0.0134
v 0.019016 -0.047091 0.015
v 0.019041 -0.046896 0.0134
v 0.019041 -0.046896 0.015
v 0.01905 -0.0178 0.0134
v 0.01905 -0.0178 0.015
v 0.019041 -0.017604 0.0134
v 0.019041 -0.017604 0.015
v 0.019016 -0.017409 0.0134
v 0.019016 -0.017409 0.015
v 0.018973 -0.017218 0.0134
v 0.018973 -0.017218 0.015
v 0.018914 -0.01703 0.0134
v 0.018914 -0.01703 0.015
v 0.018839 -0.016849 0.0134
v 0.018839 -0.016849 0.015
v 0.018749 -0.016675 0.0134
v 0.018749 -0.016675 0.015
v 0.018643 -0.016509 0.0134
v 0.018643 -0.016509 0.015
v 0.018524 -0.016354 0.0134
v 0.018524 -0.016354 0.015
v 0.018391 -0.016209 0.0134
v 0.018391 -0.016209 0.015
v 0.018246 -0.016076 0.0134
v 0.018246 -0.016076 0.015
v 0.018091 -0.015957 0.0134
v 0.018091 -0.015957 0.015
v 0.017925 -0.015851 0.0134
v 0.017925 -0.015851 0.015
v 0.017751 -0.015761 0.0134
v 0.017751 -0.015761 0.015
v 0.01757 -0.015686 0.0134
v 0.01757 -0.015686 0.015
v 0.017382 -0.015627 0.0134
v 0.017382 -0.015627 0.015
v 0.017191 -0.015584 0.0134
v 0.017191 -0.015584 0.015
v 0.016996 -0.015559 0.0134
v 0.016996 -0.015559 0.015
v 0.0168 -0.01555 0.0134
v 0.0168 -0.01555 0.015
v 0.016604 -0.015559 0.0134
v 0.016604 -0.015559 0.015
v 0.016409 -0.015584 0.0134
v 0.016409 -0.015584 0.015
v 0.016218 -0.015627 0.0134
v 0.016218 -0.015627 0.015
v 0.01603 -0.015686 0.0134
v 0.01603 -0.015686 0.015
v 0.015849 -0.015761 0.0134
v 0.015849 -0.015761 0.015
v 0.015675 -0.015851 0.0134
v 0.015675 -0.015851 0.015
v 0.015509 -0.015957 0.0134
v 0.015509 -0.015957 0.015
v 0.015354 -0.016076 0.0134
v 0.015354 -0.016076 0.015
v 0.015209 -0.016209 0.0134
v 0.015209 -0.016209 0.015
v 0.015076 -0.016354 0.0134
v 0.015076 -0.016354 0.015
v 0.014957 -0.016509 0.0134
v 0.014957 -0.016509 0.015
v 0.014851 -0.016675 0.0134
v 0.014851 -0.016675 0.015
v 0.014761 -0.016849 0.0134
v 0.014761 -0.016849 0.015
v 0.014686 -0.01703 0.0134
v 0.014686 -0.01703 0.015
v 0.014627 -0.017218 0.0134
v 0.014627 -0.017218 0.015
v 0.014584 -0.017409 0.0134
v 0.014584 -0.017409 0.015
v 0.014559 -0.017604 0.0134
v 0.014559 -0.017604 0.015
v 0.01455 -0.0178 0.0134
v 0.01455 -0.0178 0.015
v 0.014559 -0.017996 0.0134
v 0.014559 -0.017996 0.015
v 0.014584 -0.018191 0.0134
v 0.014584 -0.018191 0.015
v 0.014627 -0.018382 0.0134
v 0.014627 -0.018382 0.015
v 0.014686 -0.01857 0.0134
v 0.014686 -0.01857 0.015
v 0.014761 -0.018751 0.0134
v 0.014761 -0.018751 0.015
v 0.014851 -0.018925 0.0134
v 0.014851 -0.018925 0.015
v 0.014957 -0.019091 0.0134
v 0.014957 -0.019091 0.015
v 0.015076 -0.019246 0.0134
v 0.015076 -0.019246 0.015
v 0.015209 -0.019391 0.0134
v 0.015209 -0.019391 0.015
v 0.015354 -0.019524 0.0134
v 0.015354 -0.019524 0.015
v 0.015509 -0.019643 0.0134
v 0.015509 -0.019643 0.015
v 0.015675 -0.019749 0.0134
v 0.015675 -0.019749 0.015
v 0.015849 -0.019839 0.0134
v 0.015849 -0.019839 0.015
v 0.01603 -0.019914 0.0134
v 0.01603 -0.019914 0.015
v 0.016218 -0.019973 0.0134
v 0.016218 -0.019973 0.015
v 0.016409 -0.020016 0.0134
v 0.016409 -0.020016 0.015
v 0.016604 -0.020041 0.0134
v 0.016604 -0.020041 0.015
v 0.0168 -0.02005 0.0134
v 0.0168 -0.02005 0.015
v 0.016996 -0.020041 0.0134
v 0.016996 -0.020041 0.015
v 0.017191 -0.020016 0.0134
v 0.017191 -0.020016 0.015
v 0.017382 -0.019973 0.0134
v 0.017382 -0.019973 0.015
v 0.01757 -0.019914 0.0134
v 0.01757 -0.019914 0.015
v 0.017751 -0.019839 0.0134
v 0.017751 -0.019839 0.015
v 0.017925 -0.019749 0.0134
v 0.017925 -0.019749 0.015
v 0.018091 -0.019643 0.0134
v 0.018091 -0.019643 0.015
v 0.018246 -0.019524 0.0134
v 0.018246 -0.019524 0.015
v 0.018391 -0.019391 0.0134
v 0.018391 -0.019391 0.015
v 0.018524 -0.019246 0.0134
v 0.018524 -0.019246 0.015
v 0.018643 -0.019091 0.0134
v 0.018643 -0.019091 0.015
v 0.018749 -0.018925 0.0134
v 0.018749 -0.018925 0.015
v 0.018839 -0.018751 0.0134
v 0.018839 -0.018751 0.015
v 0.018914 -0.01857 0.0134
v 0.018914 -0.01857 0.015
v 0.018973 -0.018382 0.0134
v 0.018973 -0.018382 0.015
v 0.019016 -0.018191 0.0134
v 0.019016 -0.018191 0.015
v 0.019041 -0.017996 0.0134
v 0.019041 -0.017996 0.015
v -0.0229 -0.046 0.015
v -0.0229 -0.046 0.0134
v -0.022885 -0.046349 0.0134
v -0.022885 -0.046349 0.015
v -0.022839 -0.046695 0.0134
v -0.022839 -0.046695 0.015
v -0.022764 -0.047035 0.0134
v -0.022764 -0.047035 0.015
v -0.022659 -0.047368 0.0134
v -0.022659 -0.047368 0.015
v -0.022525 -0.04769 0.0134
v -0.022525 -0.04769 0.015
v -0.022364 -0.048 0.0134
v -0.022364 -0.048 0.015
v -0.022177 -0.048294 0.0134
v -0.022177 -0.048294 0.015
v -0.021964 -0.048571 0.0134
v -0.021964 -0.048571 0.015
v -0.021728 -0.048828 0.0134
v -0.021728 -0.048828 0.015
v -0.021471 -0.049064 0.0134
v -0.021471 -0.049064 0.015
v -0.021194 -0.049277 0.0134
v -0.021194 -0.049277 0.015
v -0.0209 -0.049464 0.0134
v -0.0209 -0.049464 0.015
v -0.02059 -0.049625 0.0134
v -0.02059 -0.049625 0.015
v -0.020268 -0.049759 0.0134
v -0.020268 -0.049759 0.015
v -0.019935 -0.049864 0.0134
v -0.019935 -0.049864 0.015
v -0.019595 -0.049939 0.0134
v -0.019595 -0.049939 0.015
v -0.019249 -0.049985 0.0134
v -0.019249 -0.049985 0.015
v -0.0189 -0.05 0.0134
v -0.0189 -0.05 0.015
v 0.0 -0.05 0.0134
v -0.008 -0.05 0.015
v -0.014525 -0.05 0.015
v 0.014525 -0.05 0.015
v 0.008 -0.05 0.015
v 0.0 -0.05 0.015
v -0.0229 -0.03225 0.0134
v -0.0229 -0.032 0.015
v -0.0229 -0.024 0.015
v -0.0229 -0.017986 0.0134
v -0.0229 -0.017986 0.015
v -0.0214 -0.012719 0.015
v -0.0214 -0.012719 0.0134
v -0.02179 -0.013408 0.0134
v -0.02179 -0.013408 0.015
v -0.022125 -0.014126 0.0134
v -0.022125 -0.014126 0.015
v -0.022402 -0.014869 0.0134
v -0.022402 -0.014869 0.015
v -0.022619 -0.015631 0.0134
v -0.022619 -0.015631 0.015
v -0.022775 -0.016408 0.0134
v -0.022775 -0.016408 0.015
v -0.022869 -0.017195 0.0134
v -0.022869 -0.017195 0.015
v -0.0199 -0.007451 0.015
v -0.0199 -0.007451 0.0134
v -0.019931 -0.008243 0.015
v -0.019931 -0.008243 0.0134
v -0.020025 -0.009029 0.015
v -0.020025 -0.009029 0.0134
v -0.020181 -0.009806 0.015
v -0.020181 -0.009806 0.0134
v -0.020398 -0.010568 0.015
v -0.020398 -0.010568 0.0134
v -0.020675 -0.011311 0.015
v -0.020675 -0.011311 0.0134
v -0.02101 -0.012029 0.015
v -0.02101 -0.012029 0.0134
v -0.01905 -0.0467 0.015
v -0.01905 -0.0467 0.0134
v -0.019041 -0.046504 0.015
v -0.019041 -0.046504 0.0134
v -0.019016 -0.046309 0.015
v -0.019016 -0.046309 0.0134
v -0.018973 -0.046118 0.015
v -0.018973 -0.046118 0.0134
v -0.018914 -0.04593 0.015
v -0.018914 -0.04593 0.0134
v -0.018839 -0.045749 0.015
v -0.018839 -0.045749 0.0134
v -0.018749 -0.045575 0.015
v -0.018749 -0.045575 0.0134
v -0.018643 -0.045409 0.015
v -0.018643 -0.045409 0.0134
v -0.018524 -0.045254 0.015
v -0.018524 -0.045254 0.0134
v -0.018391 -0.045109 0.015
v -0.018391 -0.045109 0.0134
v -0.018246 -0.044976 0.015
v -0.018246 -0.044976 0.0134
v -0.018091 -0.044857 0.015
v -0.018091 -0.044857 0.0134
v -0.017925 -0.044751 0.015
v -0.017925 -0.044751 0.0134
v -0.017751 -0.044661 0.015
v -0.017751 -0.044661 0.0134
v -0.01757 -0.044586 0.015
v -0.01757 -0.044586 0.0134
v -0.017382 -0.044527 0.015
v -0.017382 -0.044527 0.0134
v -0.017191 -0.044484 0.015
v -0.017191 -0.044484 0.0134
v -0.016996 -0.044459 0.015
v -0.016996 -0.044459 0.0134
v -0.0168 -0.04445 0.015
v -0.0168 -0.04445 0.0134
v -0.016604 -0.044459 0.015
v -0.016604 -0.044459 0.0134
v -0.016409 -0.044484 0.015
v -0.016409 -0.044484 0.0134
v -0.016218 -0.044527 0.015
v -0.016218 -0.044527 0.0134
v -0.01603 -0.044586 0.015
v -0.01603 -0.044586 0.0134
v -0.015849 -0.044661 0.015
v -0.015849 -0.044661 0.0134
v -0.015675 -0.044751 0.015
v -0.015675 -0.044751 0.0134
v -0.015509 -0.044857 0.015
v -0.015509 -0.044857 0.0134
v -0.015354 -0.044976 0.015
v -0.015354 -0.044976 0.0134
v -0.015209 -0.045109 0.015
v -0.015209 -0.045109 0.0134
v -0.015076 -0.045254 0.015
v -0.015076 -0.045254 0.0134
v -0.014957 -0.045409 0.015
v -0.014957 -0.045409 0.0134
v -0.014851 -0.045575 0.015
v -0.014851 -0.045575 0.0134
v -0.014761 -0.045749 0.015
v -0.014761 -0.045749 0.0134
v -0.014686 -0.04593 0.015
v -0.014686 -0.04593 0.0134
v -0.014627 -0.046118 0.015
v -0.014627 -0.046118 0.0134
v -0.014584 -0.046309 0.015
v -0.014584 -0.046309 0.0134
v -0.014559 -0.046504 0.015
v -0.014559 -0.046504 0.0134
v -0.01455 -0.0467 0.015
v -0.01455 -0.0467 0.0134
v -0.014559 -0.046896 0.015
v -0.014559 -0.046896 0.0134
v -0.014584 -0.047091 0.015
v -0.014584 -0.047091 0.0134
v -0.014627 -0.047282 0.015
v -0.014627 -0.047282 0.0134
v -0.014686 -0.04747 0.015
v -0.014686 -0.04747 0.0134
v -0.014761 -0.047651 0.015
v -0.014761 -0.047651 0.0134
v -0.014851 -0.047825 0.015
v -0.014851 -0.047825 0.0134
v -0.014957 -0.047991 0.015
v -0.014957 -0.047991 0.0134
v -0.015076 -0.048146 0.015
v -0.015076 -0.048146 0.0134
v -0.015209 -0.048291 0.015
v -0.015209 -0.048291 0.0134
v -0.015354 -0.048424 0.015
v -0.015354 -0.048424 0.0134
v -0.015509 -0.048543 0.015
v -0.015509 -0.048543 0.0134
v -0.015675 -0.048649 0.015
v -0.015675 -0.048649 0.0134
v -0.015849 -0.048739 0.015
v -0.015849 -0.048739 0.0134
v -0.01603 -0.048814 0.015
v -0.01603 -0.048814 0.0134
v -0.016218 -0.048873 0.015
v -0.016218 -0.048873 0.0134
v -0.016409 -0.048916 0.015
v -0.016409 -0.048916 0.0134
v -0.016604 -0.048941 0.015
v -0.016604 -0.048941 0.0134
v -0.0168 -0.04895 0.015
v -0.0168 -0.04895 0.0134
v -0.016996 -0.048941 0.015
v -0.016996 -0.048941 0.0134
v -0.017191 -0.048916 0.015
v -0.017191 -0.048916 0.0134
v -0.017382 -0.048873 0.015
v -0.017382 -0.048873 0.0134
v -0.01757 -0.048814 0.015
v -0.01757 -0.048814 0.0134
v -0.017751 -0.048739 0.015
v -0.017751 -0.048739 0.0134
v -0.017925 -0.048649 0.015
v -0.017925 -0.048649 0.0134
v -0.018091 -0.048543 0.015
v -0.018091 -0.048543 0.0134
v -0.018246 -0.048424 0.015
v -0.018246 -0.048424 0.0134
v -0.018391 -0.048291 0.015
v -0.018391 -0.048291 0.0134
v -0.018524 -0.048146 0.015
v -0.018524 -0.048146 0.0134
v -0.018643 -0.047991 0.015
v -0.018643 -0.047991 0.0134
v -0.018749 -0.047825 0.015
v -0.018749 -0.047825 0.0134
v -0.018839 -0.047651 0.015
v -0.018839 -0.047651 0.0134
v -0.018914 -0.04747 0.015
v -0.018914 -0.04747 0.0134
v -0.018973 -0.047282 0.015
v -0.018973 -0.047282 0.0134
v -0.019016 -0.047091 0.015
v -0.019016 -0.047091 0.0134
v -0.019041 -0.046896 0.015
v -0.019041 -0.046896 0.0134
v -0.01905 -0.0178 0.015
v -0.01905 -0.0178 0.0134
v -0.019041 -0.017604 0.015
v -0.019041 -0.017604 0.0134
v -0.019016 -0.017409 0.015
v -0.019016 -0.017409 0.0134
v -0.018973 -0.017218 0.015
v -0.018973 -0.017218 0.0134
v -0.018914 -0.01703 0.015
v -0.018914 -0.01703 0.0134
v -0.018839 -0.016849 0.015
v -0.018839 -0.016849 0.0134
v -0.018749 -0.016675 0.015
v -0.018749 -0.016675 0.0134
v -0.018643 -0.016509 0.015
v -0.018643 -0.016509 0.0134
v -0.018524 -0.016354 0.015
v -0.018524 -0.016354 0.0134
v -0.018391 -0.016209 0.015
v -0.018391 -0.016209 0.0134
v -0.018246 -0.016076 0.015
v -0.018246 -0.016076 0.0134
v -0.018091 -0.015957 0.015
v -0.018091 -0.015957 0.0134
v -0.017925 -0.015851 0.015
v -0.017925 -0.015851 0.0134
v -0.017751 -0.015761 0.015
v -0.017751 -0.015761 0.0134
v -0.01757 -0.015686 0.015
v -0.01757 -0.015686 0.0134
v -0.017382 -0.015627 0.015
v -0.017382 -0.015627 0.0134
v -0.017191 -0.015584 0.015
v -0.017191 -0.015584 0.0134
v -0.016996 -0.015559 0.015
v -0.016996 -0.015559 0.0134
v -0.0168 -0.01555 0.015
v -0.0168 -0.01555 0.0134
v -0.016604 -0.015559 0.015
v -0.016604 -0.015559 0.0134
v -0.016409 -0.015584 0.015
v -0.016409 -0.015584 0.0134
v -0.016218 -0.015627 0.015
v -0.016218 -0.015627 0.0134
v -0.01603 -0.015686 0.015
v -0.01603 -0.015686 0.0134
v -0.015849 -0.015761 0.015
v -0.015849 -0.015761 0.0134
v -0.015675 -0.015851 0.015
v -0.015675 -0.015851 0.0134
v -0.015509 -0.015957 0.015
v -0.015509 -0.015957 0.0134
v -0.015354 -0.016076 0.015
v -0.015354 -0.016076 0.0134
v -0.015209 -0.016209 0.015
v -0.015209 -0.016209 0.0134
v -0.015076 -0.016354 0.015
v -0.015076 -0.016354 0.0134
v -0.014957 -0.016509 0.015
v -0.014957 -0.016509 0.0134
v -0.014851 -0.016675 0.015
v -0.014851 -0.016675 0.0134
v -0.014761 -0.016849 0.015
v -0.014761 -0.016849 0.0134
v -0.014686 -0.01703 0.015
v -0.014686 -0.01703 0.0134
v -0.014627 -0.017218 0.015
v -0.014627 -0.017218 0.0134
v -0.014584 -0.017409 0.015
v -0.014584 -0.017409 0.0134
v -0.014559 -0.017604 0.015
v -0.014559 -0.017604 0.0134
v -0.01455 -0.0178 0.015
v -0.01455 -0.0178 0.0134
v -0.014559 -0.017996 0.015
v -0.014559 -0.017996 0.0134
v -0.014584 -0.018191 0.015
v -0.014584 -0.018191 0.0134
v -0.014627 -0.018382 0.015
v -0.014627 -0.018382 0.0134
v -0.014686 -0.01857 0.015
v -0.014686 -0.01857 0.0134
v -0.014761 -0.018751 0.015
v -0.014761 -0.018751 0.0134
v -0.014851 -0.018925 0.015
v -0.014851 -0.018925 0.0134
v -0.014957 -0.019091 0.015
v -0.014957 -0.019091 0.0134
v -0.015076 -0.019246 0.015
v -0.015076 -0.019246 0.0134
v -0.015209 -0.019391 0.015
v -0.015209 -0.019391 0.0134
v -0.015354 -0.019524 0.015
v -0.015354 -0.019524 0.0134
v -0.015509 -0.019643 0.015
v -0.015509 -0.019643 0.0134
v -0.015675 -0.019749 0.015
v -0.015675 -0.019749 0.0134
v -0.015849 -0.019839 0.015
v -0.015849 -0.019839 0.0134
v -0.01603 -0.019914 0.015
v -0.01603 -0.019914 0.0134
v -0.016218 -0.019973 0.015
v -0.016218 -0.019973 0.0134
v -0.016409 -0.020016 0.015
v -0.016409 -0.020016 0.0134
v -0.016604 -0.020041 0.015
v -0.016604 -0.020041 0.0134
v -0.0168 -0.02005 0.015
v -0.0168 -0.02005 0.0134
v -0.016996 -0.020041 0.015
v -0.016996 -0.020041 0.0134
v -0.017191 -0.020016 0.015
v -0.017191 -0.020016 0.0134
v -0.017382 -0.019973 0.015
v -0.017382 -0.019973 0.0134
v -0.01757 -0.019914 0.015
v -0.01757 -0.019914 0.0134
v -0.017751 -0.019839 0.015
v -0.017751 -0.019839 0.0134
v -0.017925 -0.019749 0.015
v -0.017925 -0.019749 0.0134
v -0.018091 -0.019643 0.015
v -0.018091 -0.019643 0.0134
v -0.018246 -0.019524 0.015
v -0.018246 -0.019524 0.0134
v -0.018391 -0.019391 0.015
v -0.018391 -0.019391 0.0134
v -0.018524 -0.019246 0.015
v -0.018524 -0.019246 0.0134
v -0.018643 -0.019091 0.015
v -0.018643 -0.019091 0.0134
v -0.018749 -0.018925 0.015
v -0.018749 -0.018925 0.0134
v -0.018839 -0.018751 0.015
v -0.018839 -0.018751 0.0134
v -0.018914 -0.01857 0.015
v -0.018914 -0.01857 0.0134
v -0.018973 -0.018382 0.015
v -0.018973 -0.018382 0.0134
v -0.019016 -0.018191 0.015
v -0.019016 -0.018191 0.0134
v -0.019041 -0.017996 0.015
v -0.019041 -0.017996 0.0134
v 0.0229 0.046 0.015
v 0.0229 0.046 0.0134
v 0.022885 0.046349 0.0134
v 0.022885 0.046349 0.015
v 0.022839 0.046695 0.0134
v 0.022839 0.046695 0.015
v 0.022764 0.047035 0.0134
v 0.022764 0.047035 0.015
v 0.022659 0.047368 0.0134
v 0.022659 0.047368 0.015
v 0.022525 0.04769 0.0134
v 0.022525 0.04769 0.015
v 0.022364 0.048 0.0134
v 0.022364 0.048 0.015
v 0.022177 0.048294 0.0134
v 0.022177 0.048294 0.015
v 0.021964 0.048571 0.0134
v 0.021964 0.048571 0.015
v 0.021728 0.048828 0.0134
v 0.021728 0.048828 0.015
v 0.021471 0.049064 0.0134
v 0.021471 0.049064 0.015
v 0.021194 0.049277 0.0134
v 0.021194 0.049277 0.015
v 0.0209 0.049464 0.0134
v 0.0209 0.049464 0.015
v 0.02059 0.049625 0.0134
v 0.02059 0.049625 0.015
v 0.020268 0.049759 0.0134
v 0.020268 0.049759 0.015
v 0.019935 0.049864 0.0134
v 0.019935 0.049864 0.015
v 0.019595 0.049939 0.0134
v 0.019595 0.049939 0.015
v 0.019249 0.049985 0.0134
v 0.019249 0.049985 0.015
v 0.0189 0.05 0.0134
v 0.0189 0.05 0.015
v -0.0214 0.012719 0.0134
v -0.0214 0.012719 0.015
v -0.02179 0.013408 0.015
v -0.02179 0.013408 0.0134
v -0.022125 0.014126 0.015
v -0.022125 0.014126 0.0134
v -0.022402 0.014869 0.015
v -0.022402 0.014869 0.0134
v -0.022619 0.015631 0.015
v -0.022619 0.015631 0.0134
v -0.022775 0.016408 0.015
v -0.022775 0.016408 0.0134
v -0.022869 0.017195 0.015
v -0.022869 0.017195 0.0134
v -0.0229 0.017986 0.015
v -0.0229 0.017986 0.0134
v -0.0199 0.007451 0.0134
v -0.0199 0.007451 0.015
v -0.019931 0.008243 0.0134
v -0.019931 0.008243 0.015
v -0.020025 0.009029 0.0134
v -0.020025 0.009029 0.015
v -0.020181 0.009806 0.0134
v -0.020181 0.009806 0.015
v -0.020398 0.010568 0.0134
v -0.020398 0.010568 0.015
v -0.020675 0.011311 0.0134
v -0.020675 0.011311 0.015
v -0.02101 0.012029 0.0134
v -0.02101 0.012029 0.015
v -0.0199 0.0 0.0134
v -0.0199 0.0 0.015
v -0.01905 0.0467 0.0134
v -0.01905 0.0467 0.015
v -0.019041 0.046504 0.0134
v -0.019041 0.046504 0.015
v -0.019016 0.046309 0.0134
v -0.019016 0.046309 0.015
v -0.018973 0.046118 0.0134
v -0.018973 0.046118 0.015
v -0.018914 0.04593 0.0134
v -0.018914 0.04593 0.015
v -0.018839 0.045749 0.0134
v -0.018839 0.045749 0.015
v -0.018749 0.045575 0.0134
v -0.018749 0.045575 0.015
v -0.018643 0.045409 0.0134
v -0.018643 0.045409 0.015
v -0.018524 0.045254 0.0134
v -0.018524 0.045254 0.015
v -0.018391 0.045109 0.0134
v -0.018391 0.045109 0.015
v -0.018246 0.044976 0.0134
v -0.018246 0.044976 0.015
v -0.018091 0.044857 0.0134
v -0.018091 0.044857 0.015
v -0.017925 0.044751 0.0134
v -0.017925 0.044751 0.015
v -0.017751 0.044661 0.0134
v -0.017751 0.044661 0.015
v -0.01757 0.044586 0.0134
v -0.01757 0.044586 0.015
v -0.017382 0.044527 0.0134
v -0.017382 0.044527 0.015
v -0.017191 0.044484 0.0134
v -0.017191 0.044484 0.015
v -0.016996 0.044459 0.0134
v -0.016996 0.044459 0.015
v -0.0168 0.04445 0.0134
v -0.0168 0.04445 0.015
v -0.016604 0.044459 0.0134
v -0.016604 0.044459 0.015
v -0.016409 0.044484 0.0134
v -0.016409 0.044484 0.015
v -0.016218 0.044527 0.0134
v -0.016218 0.044527 0.015
v -0.01603 0.044586 0.0134
v -0.01603 0.044586 0.015
v -0.015849 0.044661 0.0134
v -0.015849 0.044661 0.015
v -0.015675 0.044751 0.0134
v -0.015675 0.044751 0.015
v -0.015509 0.044857 0.0134
v -0.015509 0.044857 0.015
v -0.015354 0.044976 0.0134
v -0.015354 0.044976 0.015
v -0.015209 0.045109 0.0134
v -0.015209 0.045109 0.015
v -0.015076 0.045254 0.0134
v -0.015076 0.045254 0.015
v -0.014957 0.045409 0.0134
v -0.014957 0.045409 0.015
v -0.014851 0.045575 0.0134
v -0.014851 0.045575 0.015
v -0.014761 0.045749 0.0134
v -0.014761 0.045749 0.015
v -0.014686 0.04593 0.0134
v -0.014686 0.04593 0.015
v -0.014627 0.046118 0.0134
v -0.014627 0.046118 0.015
v -0.014584 0.046309 0.0134
v -0.014584 0.046309 0.015
v -0.014559 0.046504 0.0134
v -0.014559 0.046504 0.015
v -0.01455 0.0467 0.0134
v -0.01455 0.0467 0.015
v -0.014559 0.046896 0.0134
v -0.014559 0.046896 0.015
v -0.014584 0.047091 0.0134
v -0.014584 0.047091 0.015
v -0.014627 0.047282 0.0134
v -0.014627 0.047282 0.015
v -0.014686 0.04747 0.0134
v -0.014686 0.04747 0.015
v -0.014761 0.047651 0.0134
v -0.014761 0.047651 0.015
v -0.014851 0.047825 0.0134
v -0.014851 0.047825 0.015
v -0.014957 0.047991 0.0134
v -0.014957 0.047991 0.015
v -0.015076 0.048146 0.0134
v -0.015076 0.048146 0.015
v -0.015209 0.048291 0.0134
v -0.015209 0.048291 0.015
v -0.015354 0.048424 0.0134
v -0.015354 0.048424 0.015
v -0.015509 0.048543 0.0134
v -0.015509 0.048543 0.015
v -0.015675 0.048649 0.0134
v -0.015675 0.048649 0.015
v -0.015849 0.048739 0.0134
v -0.015849 0.048739 0.015
v -0.01603 0.048814 0.0134
v -0.01603 0.048814 0.015
v -0.016218 0.048873 0.0134
v -0.016218 0.048873 0.015
v -0.016409 0.048916 0.0134
v -0.016409 0.048916 0.015
v -0.016604 0.048941 0.0134
v -0.016604 0.048941 0.015
v -0.0168 0.04895 0.0134
v -0.0168 0.04895 0.015
v -0.016996 0.048941 0.0134
v -0.016996 0.048941 0.015
v -0.017191 0.048916 0.0134
v -0.017191 0.048916 0.015
v -0.017382 0.048873 0.0134
v -0.017382 0.048873 0.015
v -0.01757 0.048814 0.0134
v -0.01757 0.048814 0.015
v -0.017751 0.048739 0.0134
v -0.017751 0.048739 0.015
v -0.017925 0.048649 0.0134
v -0.017925 0.048649 0.015
v -0.018091 0.048543 0.0134
v -0.018091 0.048543 0.015
v -0.018246 0.048424 0.0134
v -0.018246 0.048424 0.015
v -0.018391 0.048291 0.0134
v -0.018391 0.048291 0.015
v -0.018524 0.048146 0.0134
v -0.018524 0.048146 0.015
v -0.018643 0.047991 0.0134
v -0.018643 0.047991 0.015
v -0.018749 0.047825 0.0134
v -0.018749 0.047825 0.015
v -0.018839 0.047651 0.0134
v -0.018839 0.047651 0.015
v -0.018914 0.04747 0.0134
v -0.018914 0.04747 0.015
v -0.018973 0.047282 0.0134
v -0.018973 0.047282 0.015
v -0.019016 0.047091 0.0134
v -0.019016 0.047091 0.015
v -0.019041 0.046896 0.0134
v -0.019041 0.046896 0.015
v 0.00649 0.020218 0.015
v 0.0065 0.02 0.015
v 0.008 0.024 0.015
v 0.008 0.015025 0.015
v -0.00151 0.004218 0.015
v -0.0015 0.004 0.015
v 0.0 0.0 0.015
v 0.00649 -0.003782 0.015
v 0.0065 -0.004 0.015
v 0.008 0.0 0.015
v -0.014525 -0.032 0.015
v 0.020975 -0.016525 0.015
v 0.017191 0.044484 0.015
v 0.016996 0.044459 0.015
v 0.014525 0.04 0.015
v 0.0168 0.04445 0.015
v 0.016604 0.044459 0.015
v 0.016409 0.044484 0.015
v 0.01603 0.048814 0.015
v 0.016218 0.048873 0.015
v 0.014525 0.05 0.015
v 0.018973 0.046118 0.015
v 0.018914 0.04593 0.015
v 0.020975 0.04 0.015
v 0.018839 0.045749 0.015
v 0.018749 0.045575 0.015
v 0.018391 0.045109 0.015
v 0.018246 0.044976 0.015
v 0.017751 0.044661 0.015
v 0.01757 0.044586 0.015
v 0.017382 0.044527 0.015
v 0.016218 0.044527 0.015
v 0.01603 0.044586 0.015
v 0.015849 0.044661 0.015
v 0.018839 0.047651 0.015
v 0.018914 0.04747 0.015
v 0.019041 0.046896 0.015
v 0.01905 0.0467 0.015
v 0.019041 0.046504 0.015
v 0.019016 0.046309 0.015
v 0.018643 0.045409 0.015
v 0.018524 0.045254 0.015
v 0.018091 0.044857 0.015
v 0.017925 0.044751 0.015
v 0.014957 0.047991 0.015
v 0.015076 0.048146 0.015
v 0.015209 0.048291 0.015
v 0.015354 0.048424 0.015
v 0.015509 0.048543 0.015
v 0.015675 0.048649 0.015
v 0.015849 0.048739 0.015
v 0.016409 0.048916 0.015
v 0.016604 0.048941 0.015
v 0.0168 0.04895 0.015
v 0.016996 0.048941 0.015
v 0.018973 0.047282 0.015
v 0.019016 0.047091 0.015
v 0.015675 0.044751 0.015
v 0.015509 0.044857 0.015
v 0.015354 0.044976 0.015
v 0.017191 0.048916 0.015
v 0.017382 0.048873 0.015
v 0.01757 0.048814 0.015
v 0.017751 0.048739 0.015
v 0.017925 0.048649 0.015
v 0.018091 0.048543 0.015
v 0.018246 0.048424 0.015
v 0.018391 0.048291 0.015
v 0.018524 0.048146 0.015
v 0.018643 0.047991 0.015
v 0.018749 0.047825 0.015
v 0.015209 0.045109 0.015
v 0.015076 0.045254 0.015
v 0.014957 0.045409 0.015
v 0.014686 0.04593 0.015
v 0.014627 0.046118 0.015
v 0.014584 0.046309 0.015
v 0.014559 0.046504 0.015
v 0.014851 0.045575 0.015
v 0.014761 0.045749 0.015
v 0.014627 0.047282 0.015
v 0.014686 0.04747 0.015
v 0.01455 0.0467 0.015
v 0.014559 0.046896 0.015
v 0.014584 0.047091 0.015
v 0.014761 0.047651 0.015
v 0.014851 0.047825 0.015
v 0.022775 0.016408 0.015
v 0.020975 0.015025 0.015
v 0.022619 0.015631 0.015
v 0.022402 0.014869 0.015
v 0.0214 0.012719 0.015
v 0.02179 0.013408 0.015
v 0.022125 0.014126 0.015
v 0.020025 0.009029 0.015
v 0.020181 0.009806 0.015
v 0.014525 0.015025 0.015
v 0.020398 0.010568 0.015
v 0.020675 0.011311 0.015
v 0.02101 0.012029 0.015
v 0.0199 0.0 0.015
v 0.0199 0.007451 0.015
v 0.019931 0.008243 0.015
v 0.014525 -0.008 0.015
v 0.014525 -0.032 0.015
v 0.020975 -0.032 0.015
v -0.014525 -0.024 0.015
v -0.014525 -0.016525 0.015
v -0.014525 -0.008 0.015
v -0.014525 0.015025 0.015
v -0.014525 0.0 0.015
v -0.0168 0.02005 0.015
v -0.016604 0.020041 0.015
v -0.014525 0.024 0.015
v -0.018749 0.018925 0.015
v -0.018643 0.019091 0.015
v -0.0229 0.024 0.015
v -0.018524 0.019246 0.015
v -0.019041 0.017996 0.015
v -0.019016 0.018191 0.015
v -0.016409 0.020016 0.015
v -0.016218 0.019973 0.015
v -0.01603 0.019914 0.015
v -0.015849 0.019839 0.015
v -0.015675 0.019749 0.015
v -0.015509 0.019643 0.015
v -0.015354 0.019524 0.015
v -0.015209 0.019391 0.015
v -0.015076 0.019246 0.015
v -0.014584 0.017409 0.015
v -0.014627 0.017218 0.015
v -0.017382 0.019973 0.015
v -0.017191 0.020016 0.015
v -0.016996 0.020041 0.015
v -0.014957 0.019091 0.015
v -0.014851 0.018925 0.015
v -0.014761 0.018751 0.015
v -0.015509 0.015957 0.015
v -0.015354 0.016076 0.015
v -0.015209 0.016209 0.015
v -0.018643 0.016509 0.015
v -0.018524 0.016354 0.015
v -0.018391 0.016209 0.015
v -0.018749 0.016675 0.015
v -0.018839 0.016849 0.015
v -0.018914 0.01703 0.015
v -0.018973 0.017218 0.015
v -0.019016 0.017409 0.015
v -0.019041 0.017604 0.015
v -0.01905 0.0178 0.015
v -0.018973 0.018382 0.015
v -0.018914 0.01857 0.015
v -0.018839 0.018751 0.015
v -0.018391 0.019391 0.015
v -0.018246 0.019524 0.015
v -0.018091 0.019643 0.015
v -0.017925 0.019749 0.015
v -0.017751 0.019839 0.015
v -0.01757 0.019914 0.015
v -0.014686 0.01857 0.015
v -0.014627 0.018382 0.015
v -0.014584 0.018191 0.015
v -0.014559 0.017996 0.015
v -0.01455 0.0178 0.015
v -0.014559 0.017604 0.015
v -0.014686 0.01703 0.015
v -0.014761 0.016849 0.015
v -0.014851 0.016675 0.015
v -0.015675 0.015851 0.015
v -0.015849 0.015761 0.015
v -0.01603 0.015686 0.015
v -0.014957 0.016509 0.015
v -0.015076 0.016354 0.015
v -0.016218 0.015627 0.015
v -0.016409 0.015584 0.015
v -0.016604 0.015559 0.015
v -0.0168 0.01555 0.015
v -0.016996 0.015559 0.015
v -0.017191 0.015584 0.015
v -0.017382 0.015627 0.015
v -0.01757 0.015686 0.015
v -0.017751 0.015761 0.015
v -0.017925 0.015851 0.015
v -0.018091 0.015957 0.015
v -0.018246 0.016076 0.015
v -0.014525 0.04 0.015
v -0.014525 0.05 0.015
v -0.0189 0.05 0.015
v -0.0229 0.04 0.015
v -0.0229 0.046 0.015
v -0.022885 0.046349 0.015
v -0.022764 0.047035 0.015
v -0.022839 0.046695 0.015
v -0.022364 0.048 0.015
v -0.022525 0.04769 0.015
v -0.022659 0.047368 0.015
v -0.021471 0.049064 0.015
v -0.021728 0.048828 0.015
v -0.021964 0.048571 0.015
v -0.022177 0.048294 0.015
v -0.02059 0.049625 0.015
v -0.0209 0.049464 0.015
v -0.021194 0.049277 0.015
v -0.019249 0.049985 0.015
v -0.019595 0.049939 0.015
v -0.019935 0.049864 0.015
v -0.020268 0.049759 0.015
v 0.014525 -0.024 0.015
v 0.020975 -0.024 0.015
v 0.014525 -0.016525 0.015
v -0.011566 -0.033538 0.015
v -0.011353 -0.033585 0.015
v -0.008 -0.032 0.015
v -0.011145 -0.033651 0.015
v -0.010943 -0.033734 0.015
v -0.010393 -0.034085 0.015
v -0.010232 -0.034232 0.015
v -0.010085 -0.034393 0.015
v -0.009952 -0.034566 0.015
v -0.01075 -0.033835 0.015
v -0.010566 -0.033952 0.015
v -0.009835 -0.03475 0.015
v -0.009734 -0.034943 0.015
v -0.009651 -0.035145 0.015
v -0.012218 -0.03351 0.015
v -0.012 -0.0335 0.015
v -0.010232 -0.037768 0.015
v -0.010393 -0.037915 0.015
v -0.009585 -0.035353 0.015
v -0.009538 -0.035566 0.015
v -0.00951 -0.035782 0.015
v -0.011782 -0.03351 0.015
v -0.010566 -0.038048 0.015
v -0.01075 -0.038165 0.015
v -0.010943 -0.038266 0.015
v -0.012855 -0.038349 0.015
v -0.013057 -0.038266 0.015
v -0.01325 -0.038165 0.015
v -0.013434 -0.038048 0.015
v -0.0095 -0.036 0.015
v -0.00951 -0.036218 0.015
v -0.009538 -0.036434 0.015
v -0.009835 -0.03725 0.015
v -0.009952 -0.037434 0.015
v -0.010085 -0.037607 0.015
v -0.011782 -0.03849 0.015
v -0.012 -0.0385 0.015
v -0.013915 -0.037607 0.015
v -0.014048 -0.037434 0.015
v -0.014165 -0.03725 0.015
v -0.014266 -0.037057 0.015
v -0.014462 -0.036434 0.015
v -0.01449 -0.036218 0.015
v -0.012855 -0.033651 0.015
v -0.012647 -0.033585 0.015
v -0.012434 -0.033538 0.015
v -0.009585 -0.036647 0.015
v -0.009651 -0.036855 0.015
v -0.009734 -0.037057 0.015
v -0.012218 -0.03849 0.015
v -0.011145 -0.038349 0.015
v -0.011353 -0.038415 0.015
v -0.011566 -0.038462 0.015
v -0.013607 -0.037915 0.015
v -0.013768 -0.037768 0.015
v -0.014349 -0.036855 0.015
v -0.014415 -0.036647 0.015
v -0.012434 -0.038462 0.015
v -0.012647 -0.038415 0.015
v -0.013915 -0.034393 0.015
v -0.013768 -0.034232 0.015
v -0.013607 -0.034085 0.015
v -0.013434 -0.033952 0.015
v -0.01325 -0.033835 0.015
v -0.013057 -0.033734 0.015
v -0.014266 -0.034943 0.015
v -0.014165 -0.03475 0.015
v -0.014048 -0.034566 0.015
v -0.0145 -0.036 0.015
v -0.01449 -0.035782 0.015
v -0.014462 -0.035566 0.015
v -0.014415 -0.035353 0.015
v -0.014349 -0.035145 0.015
v -0.003145 -0.033651 0.015
v -0.002943 -0.033734 0.015
v 0.0 -0.032 0.015
v -0.002393 -0.034085 0.015
v -0.002232 -0.034232 0.015
v -0.002085 -0.034393 0.015
v -0.001952 -0.034566 0.015
v -0.00275 -0.033835 0.015
v -0.002566 -0.033952 0.015
v -0.002232 -0.037768 0.015
v -0.002393 -0.037915 0.015
v -0.002566 -0.038048 0.015
v -0.00275 -0.038165 0.015
v -0.001835 -0.03475 0.015
v -0.001734 -0.034943 0.015
v -0.001651 -0.035145 0.015
v -0.001585 -0.035353 0.015
v -0.001538 -0.035566 0.015
v -0.00151 -0.035782 0.015
v -0.0015 -0.036 0.015
v -0.00151 -0.036218 0.015
v -0.001538 -0.036434 0.015
v -0.001585 -0.036647 0.015
v -0.001835 -0.03725 0.015
v -0.001952 -0.037434 0.015
v -0.002085 -0.037607 0.015
v -0.001651 -0.036855 0.015
v -0.001734 -0.037057 0.015
v -0.004218 -0.03351 0.015
v -0.004 -0.0335 0.015
v -0.003782 -0.03351 0.015
v -0.003566 -0.038462 0.015
v -0.003782 -0.03849 0.015
v -0.002943 -0.038266 0.015
v -0.003145 -0.038349 0.015
v -0.006165 -0.03725 0.015
v -0.006048 -0.037434 0.015
v -0.005915 -0.037607 0.015
v -0.003566 -0.033538 0.015
v -0.003353 -0.033585 0.015
v -0.004 -0.0385 0.015
v -0.004218 -0.03849 0.015
v -0.004855 -0.038349 0.015
v -0.005057 -0.038266 0.015
v -0.00525 -0.038165 0.015
v -0.005434 -0.038048 0.015
v -0.005607 -0.037915 0.015
v -0.005768 -0.037768 0.015
v -0.003353 -0.038415 0.015
v -0.004434 -0.038462 0.015
v -0.004647 -0.038415 0.015
v -0.005607 -0.034085 0.015
v -0.005434 -0.033952 0.015
v -0.00525 -0.033835 0.015
v -0.005057 -0.033734 0.015
v -0.004855 -0.033651 0.015
v -0.004647 -0.033585 0.015
v -0.004434 -0.033538 0.015
v -0.006266 -0.037057 0.015
v -0.006349 -0.036855 0.015
v -0.006415 -0.036647 0.015
v -0.006462 -0.036434 0.015
v -0.006349 -0.035145 0.015
v -0.006266 -0.034943 0.015
v -0.006165 -0.03475 0.015
v -0.006048 -0.034566 0.015
v -0.005915 -0.034393 0.015
v -0.005768 -0.034232 0.015
v -0.00649 -0.036218 0.015
v -0.0065 -0.036 0.015
v -0.00649 -0.035782 0.015
v -0.006462 -0.035566 0.015
v -0.006415 -0.035353 0.015
v 0.005607 -0.034085 0.015
v 0.005768 -0.034232 0.015
v 0.008 -0.032 0.015
v 0.005915 -0.045607 0.015
v 0.005768 -0.045768 0.015
v 0.003145 -0.046349 0.015
v 0.002943 -0.046266 0.015
v 0.004 -0.0465 0.015
v 0.003782 -0.04649 0.015
v 0.004434 -0.033538 0.015
v 0.004647 -0.033585 0.015
v 0.004855 -0.033651 0.015
v 0.005057 -0.033734 0.015
v 0.006415 -0.035353 0.015
v 0.006462 -0.035566 0.015
v 0.00649 -0.035782 0.015
v 0.0065 -0.036 0.015
v 0.006462 -0.044434 0.015
v 0.00649 -0.044218 0.015
v 0.0065 -0.044 0.015
v 0.00525 -0.046165 0.015
v 0.005057 -0.046266 0.015
v 0.004218 -0.04649 0.015
v 0.004434 -0.046462 0.015
v 0.003566 -0.046462 0.015
v 0.003353 -0.046415 0.015
v 0.00525 -0.033835 0.015
v 0.005434 -0.033952 0.015
v 0.005607 -0.045915 0.015
v 0.005434 -0.046048 0.015
v 0.004855 -0.046349 0.015
v 0.004647 -0.046415 0.015
v 0.001952 -0.042566 0.015
v 0.002085 -0.042393 0.015
v 0.002566 -0.041952 0.015
v 0.00275 -0.041835 0.015
v 0.002943 -0.041734 0.015
v 0.003145 -0.041651 0.015
v 0.005915 -0.034393 0.015
v 0.006048 -0.034566 0.015
v 0.006165 -0.03475 0.015
v 0.006415 -0.044647 0.015
v 0.006349 -0.044855 0.015
v 0.006266 -0.045057 0.015
v 0.002232 -0.042232 0.015
v 0.002393 -0.042085 0.015
v 0.00649 -0.036218 0.015
v 0.006462 -0.036434 0.015
v 0.006415 -0.036647 0.015
v 0.006349 -0.036855 0.015
v 0.006048 -0.037434 0.015
v 0.005915 -0.037607 0.015
v 0.005768 -0.037768 0.015
v 0.005607 -0.037915 0.015
v 0.006415 -0.043353 0.015
v 0.006462 -0.043566 0.015
v 0.00649 -0.043782 0.015
v 0.001952 -0.037434 0.015
v 0.001835 -0.03725 0.015
v 0.005607 -0.042085 0.015
v 0.005768 -0.042232 0.015
v 0.004855 -0.038349 0.015
v 0.005915 -0.042393 0.015
v 0.006048 -0.042566 0.015
v 0.006165 -0.04275 0.015
v 0.006266 -0.034943 0.015
v 0.006349 -0.035145 0.015
v 0.006165 -0.04525 0.015
v 0.006048 -0.045434 0.015
v 0.006266 -0.037057 0.015
v 0.006165 -0.03725 0.015
v 0.001651 -0.035145 0.015
v 0.001734 -0.034943 0.015
v 0.003566 -0.033538 0.015
v 0.003782 -0.03351 0.015
v 0.004 -0.0335 0.015
v 0.004218 -0.03351 0.015
v 0.006266 -0.042943 0.015
v 0.006349 -0.043145 0.015
v 0.00275 -0.046165 0.015
v 0.002566 -0.046048 0.015
v 0.002393 -0.045915 0.015
v 0.002232 -0.045768 0.015
v 0.002085 -0.045607 0.015
v 0.001952 -0.045434 0.015
v 0.005434 -0.038048 0.015
v 0.00525 -0.038165 0.015
v 0.005057 -0.038266 0.015
v 0.002393 -0.037915 0.015
v 0.002232 -0.037768 0.015
v 0.002085 -0.037607 0.015
v 0.003782 -0.04151 0.015
v 0.004 -0.0415 0.015
v 0.003145 -0.038349 0.015
v 0.004218 -0.04151 0.015
v 0.004434 -0.041538 0.015
v 0.004218 -0.03849 0.015
v 0.004 -0.0385 0.015
v 0.004855 -0.041651 0.015
v 0.003782 -0.03849 0.015
v 0.003566 -0.038462 0.015
v 0.001835 -0.04525 0.015
v 0.001734 -0.045057 0.015
v 0.001651 -0.044855 0.015
v 0.00275 -0.033835 0.015
v 0.002943 -0.033734 0.015
v 0.004647 -0.041585 0.015
v 0.003353 -0.038415 0.015
v 0.001585 -0.043353 0.015
v 0.001651 -0.043145 0.015
v 0.002085 -0.034393 0.015
v 0.002232 -0.034232 0.015
v 0.001734 -0.042943 0.015
v 0.001835 -0.04275 0.015
v 0.001734 -0.037057 0.015
v 0.001651 -0.036855 0.015
v 0.001585 -0.036647 0.015
v 0.001538 -0.036434 0.015
v 0.002393 -0.034085 0.015
v 0.002566 -0.033952 0.015
v 0.003145 -0.033651 0.015
v 0.003353 -0.033585 0.015
v 0.004434 -0.038462 0.015
v 0.005057 -0.041734 0.015
v 0.004647 -0.038415 0.015
v 0.00525 -0.041835 0.015
v 0.005434 -0.041952 0.015
v 0.001585 -0.044647 0.015
v 0.001538 -0.044434 0.015
v 0.00151 -0.044218 0.015
v 0.003566 -0.041538 0.015
v 0.002943 -0.038266 0.015
v 0.003353 -0.041585 0.015
v 0.00275 -0.038165 0.015
v 0.002566 -0.038048 0.015
v 0.00151 -0.036218 0.015
v 0.0015 -0.036 0.015
v 0.00151 -0.035782 0.015
v 0.0015 -0.044 0.015
v 0.00151 -0.043782 0.015
v 0.001538 -0.043566 0.015
v 0.001538 -0.035566 0.015
v 0.001585 -0.035353 0.015
v 0.001835 -0.03475 0.015
v 0.001952 -0.034566 0.015
v 0.012855 -0.033651 0.015
v 0.013057 -0.033734 0.015
v 0.013607 -0.034085 0.015
v 0.013768 -0.034232 0.015
v 0.011145 -0.038349 0.015
v 0.01325 -0.033835 0.015
v 0.013434 -0.033952 0.015
v 0.012 -0.0335 0.015
v 0.012218 -0.03351 0.015
v 0.014415 -0.036647 0.015
v 0.014462 -0.036434 0.015
v 0.01449 -0.036218 0.015
v 0.014165 -0.03475 0.015
v 0.014266 -0.034943 0.015
v 0.014349 -0.035145 0.015
v 0.014415 -0.035353 0.015
v 0.0145 -0.036 0.015
v 0.013768 -0.037768 0.015
v 0.013607 -0.037915 0.015
v 0.013434 -0.038048 0.015
v 0.01325 -0.038165 0.015
v 0.013057 -0.038266 0.015
v 0.012855 -0.038349 0.015
v 0.011782 -0.03351 0.015
v 0.011566 -0.033538 0.015
v 0.012434 -0.033538 0.015
v 0.012647 -0.033585 0.015
v 0.013915 -0.034393 0.015
v 0.014048 -0.034566 0.015
v 0.014462 -0.035566 0.015
v 0.01449 -0.035782 0.015
v 0.014349 -0.036855 0.015
v 0.014266 -0.037057 0.015
v 0.014165 -0.03725 0.015
v 0.014048 -0.037434 0.015
v 0.013915 -0.037607 0.015
v 0.012 -0.0385 0.015
v 0.009835 -0.03725 0.015
v 0.009734 -0.037057 0.015
v 0.012218 -0.03849 0.015
v 0.012434 -0.038462 0.015
v 0.009952 -0.037434 0.015
v 0.009651 -0.036855 0.015
v 0.009585 -0.036647 0.015
v 0.009538 -0.036434 0.015
v 0.00951 -0.036218 0.015
v 0.01075 -0.033835 0.015
v 0.010943 -0.033734 0.015
v 0.012647 -0.038415 0.015
v 0.011782 -0.03849 0.015
v 0.011566 -0.038462 0.015
v 0.011353 -0.038415 0.015
v 0.010085 -0.034393 0.015
v 0.010232 -0.034232 0.015
v 0.011145 -0.033651 0.015
v 0.011353 -0.033585 0.015
v 0.010393 -0.037915 0.015
v 0.010232 -0.037768 0.015
v 0.010085 -0.037607 0.015
v 0.010393 -0.034085 0.015
v 0.010566 -0.033952 0.015
v 0.010943 -0.038266 0.015
v 0.01075 -0.038165 0.015
v 0.010566 -0.038048 0.015
v 0.0095 -0.036 0.015
v 0.00951 -0.035782 0.015
v 0.009538 -0.035566 0.015
v 0.009585 -0.035353 0.015
v 0.009651 -0.035145 0.015
v 0.009734 -0.034943 0.015
v 0.009835 -0.03475 0.015
v 0.009952 -0.034566 0.015
v -0.014266 -0.026943 0.015
v -0.014165 -0.02675 0.015
v -0.011782 -0.02551 0.015
v -0.011566 -0.025538 0.015
v -0.008 -0.024 0.015
v -0.011353 -0.025585 0.015
v -0.011145 -0.025651 0.015
v -0.010943 -0.025734 0.015
v -0.01075 -0.025835 0.015
v -0.010566 -0.025952 0.015
v -0.010085 -0.026393 0.015
v -0.009952 -0.026566 0.015
v -0.009835 -0.02675 0.015
v -0.012218 -0.03049 0.015
v -0.012434 -0.030462 0.015
v -0.012647 -0.030415 0.015
v -0.01325 -0.030165 0.015
v -0.013434 -0.030048 0.015
v -0.013607 -0.029915 0.015
v -0.013768 -0.029768 0.015
v -0.014349 -0.027145 0.015
v -0.010393 -0.026085 0.015
v -0.010232 -0.026232 0.015
v -0.009734 -0.026943 0.015
v -0.009651 -0.027145 0.015
v -0.009585 -0.027353 0.015
v -0.012855 -0.030349 0.015
v -0.013057 -0.030266 0.015
v -0.014165 -0.02925 0.015
v -0.014266 -0.029057 0.015
v -0.014349 -0.028855 0.015
v -0.0145 -0.028 0.015
v -0.01449 -0.027782 0.015
v -0.012 -0.0255 0.015
v -0.012218 -0.02551 0.015
v -0.009538 -0.027566 0.015
v -0.00951 -0.027782 0.015
v -0.0095 -0.028 0.015
v -0.00951 -0.028218 0.015
v -0.009952 -0.029434 0.015
v -0.010085 -0.029607 0.015
v -0.010232 -0.029768 0.015
v -0.01075 -0.030165 0.015
v -0.010943 -0.030266 0.015
v -0.011145 -0.030349 0.015
v -0.011353 -0.030415 0.015
v -0.011566 -0.030462 0.015
v -0.011782 -0.03049 0.015
v -0.012 -0.0305 0.015
v -0.013915 -0.029607 0.015
v -0.014048 -0.029434 0.015
v -0.014462 -0.027566 0.015
v -0.014415 -0.027353 0.015
v -0.012855 -0.025651 0.015
v -0.013057 -0.025734 0.015
v -0.01325 -0.025835 0.015
v -0.012647 -0.025585 0.015
v -0.012434 -0.025538 0.015
v -0.009538 -0.028434 0.015
v -0.009585 -0.028647 0.015
v -0.009651 -0.028855 0.015
v -0.009734 -0.029057 0.015
v -0.009835 -0.02925 0.015
v -0.010393 -0.029915 0.015
v -0.010566 -0.030048 0.015
v -0.014415 -0.028647 0.015
v -0.014462 -0.028434 0.015
v -0.01449 -0.028218 0.015
v -0.014048 -0.026566 0.015
v -0.013915 -0.026393 0.015
v -0.013768 -0.026232 0.015
v -0.013607 -0.026085 0.015
v -0.013434 -0.025952 0.015
v -0.002085 -0.026393 0.015
v -0.001952 -0.026566 0.015
v 0.0 -0.024 0.015
v -0.001835 -0.02675 0.015
v -0.003145 -0.030349 0.015
v -0.002943 -0.030266 0.015
v -0.00275 -0.030165 0.015
v -0.003353 -0.030415 0.015
v -0.003566 -0.030462 0.015
v -0.003782 -0.03049 0.015
v -0.001734 -0.026943 0.015
v -0.001651 -0.027145 0.015
v -0.001585 -0.027353 0.015
v -0.002232 -0.029768 0.015
v -0.002393 -0.029915 0.015
v -0.002566 -0.030048 0.015
v -0.0015 -0.028 0.015
v -0.00151 -0.027782 0.015
v -0.001538 -0.027566 0.015
v -0.00525 -0.030165 0.015
v -0.005434 -0.030048 0.015
v -0.005607 -0.029915 0.015
v -0.005768 -0.029768 0.015
v -0.006266 -0.026943 0.015
v -0.006165 -0.02675 0.015
v -0.003782 -0.02551 0.015
v -0.003566 -0.025538 0.015
v -0.003353 -0.025585 0.015
v -0.003145 -0.025651 0.015
v -0.002943 -0.025734 0.015
v -0.00275 -0.025835 0.015
v -0.002566 -0.025952 0.015
v -0.004 -0.0305 0.015
v -0.00525 -0.025835 0.015
v -0.005057 -0.025734 0.015
v -0.004855 -0.025651 0.015
v -0.004647 -0.025585 0.015
v -0.004434 -0.025538 0.015
v -0.004218 -0.02551 0.015
v -0.004 -0.0255 0.015
v -0.002393 -0.026085 0.015
v -0.002232 -0.026232 0.015
v -0.001835 -0.02925 0.015
v -0.001952 -0.029434 0.015
v -0.002085 -0.029607 0.015
v -0.004218 -0.03049 0.015
v -0.004434 -0.030462 0.015
v -0.004647 -0.030415 0.015
v -0.006349 -0.027145 0.015
v -0.00151 -0.028218 0.015
v -0.001538 -0.028434 0.015
v -0.001585 -0.028647 0.015
v -0.004855 -0.030349 0.015
v -0.005057 -0.030266 0.015
v -0.006048 -0.026566 0.015
v -0.005915 -0.026393 0.015
v -0.005768 -0.026232 0.015
v -0.005607 -0.026085 0.015
v -0.005434 -0.025952 0.015
v -0.001651 -0.028855 0.015
v -0.001734 -0.029057 0.015
v -0.006165 -0.02925 0.015
v -0.006266 -0.029057 0.015
v -0.006349 -0.028855 0.015
v -0.006415 -0.028647 0.015
v -0.005915 -0.029607 0.015
v -0.006048 -0.029434 0.015
v -0.006462 -0.028434 0.015
v -0.00649 -0.028218 0.015
v -0.0065 -0.028 0.015
v -0.00649 -0.027782 0.015
v -0.006462 -0.027566 0.015
v -0.006415 -0.027353 0.015
v 0.008 -0.024 0.015
v 0.009538 -0.027566 0.015
v 0.009585 -0.027353 0.015
v 0.01449 -0.028218 0.015
v 0.014462 -0.028434 0.015
v 0.014266 -0.029057 0.015
v 0.014165 -0.02925 0.015
v 0.012647 -0.030415 0.015
v 0.012434 -0.030462 0.015
v 0.01075 -0.030165 0.015
v 0.010566 -0.030048 0.015
v 0.010085 -0.029607 0.015
v 0.009952 -0.029434 0.015
v 0.009835 -0.02925 0.015
v 0.009734 -0.029057 0.015
v 0.009651 -0.027145 0.015
v 0.009734 -0.026943 0.015
v 0.009835 -0.02675 0.015
v 0.013915 -0.026393 0.015
v 0.014048 -0.026566 0.015
v 0.0145 -0.028 0.015
v 0.01449 -0.027782 0.015
v 0.010393 -0.029915 0.015
v 0.010232 -0.029768 0.015
v 0.014165 -0.02675 0.015
v 0.014266 -0.026943 0.015
v 0.014349 -0.027145 0.015
v 0.014415 -0.027353 0.015
v 0.014462 -0.027566 0.015
v 0.011566 -0.030462 0.015
v 0.011353 -0.030415 0.015
v 0.009651 -0.028855 0.015
v 0.009585 -0.028647 0.015
v 0.009538 -0.028434 0.015
v 0.010232 -0.026232 0.015
v 0.010393 -0.026085 0.015
v 0.010566 -0.025952 0.015
v 0.01075 -0.025835 0.015
v 0.011353 -0.025585 0.015
v 0.011566 -0.025538 0.015
v 0.011782 -0.02551 0.015
v 0.012 -0.0255 0.015
v 0.012218 -0.02551 0.015
v 0.012434 -0.025538 0.015
v 0.012647 -0.025585 0.015
v 0.01325 -0.025835 0.015
v 0.013434 -0.025952 0.015
v 0.014415 -0.028647 0.015
v 0.014349 -0.028855 0.015
v 0.014048 -0.029434 0.015
v 0.013915 -0.029607 0.015
v 0.013768 -0.029768 0.015
v 0.013607 -0.029915 0.015
v 0.013434 -0.030048 0.015
v 0.01325 -0.030165 0.015
v 0.00951 -0.028218 0.015
v 0.0095 -0.028 0.015
v 0.00951 -0.027782 0.015
v 0.009952 -0.026566 0.015
v 0.010085 -0.026393 0.015
v 0.010943 -0.025734 0.015
v 0.011145 -0.025651 0.015
v 0.013607 -0.026085 0.015
v 0.013768 -0.026232 0.015
v 0.013057 -0.030266 0.015
v 0.012855 -0.030349 0.015
v 0.011145 -0.030349 0.015
v 0.010943 -0.030266 0.015
v 0.012855 -0.025651 0.015
v 0.013057 -0.025734 0.015
v 0.012218 -0.03049 0.015
v 0.012 -0.0305 0.015
v 0.011782 -0.03049 0.015
v -0.008 -0.016525 0.015
v 0.0 -0.016525 0.015
v 0.008 -0.016525 0.015
v -0.008 -0.008 0.015
v 0.0 -0.008 0.015
v 0.008 -0.008 0.015
v -0.011566 -0.001538 0.015
v -0.011353 -0.001585 0.015
v -0.008 0.0 0.015
v -0.011566 -0.006462 0.015
v -0.011782 -0.00649 0.015
v -0.010232 -0.005768 0.015
v -0.010393 -0.005915 0.015
v -0.012 -0.0065 0.015
v -0.011145 -0.001651 0.015
v -0.010943 -0.001734 0.015
v -0.01075 -0.001835 0.015
v -0.010566 -0.001952 0.015
v -0.010393 -0.002085 0.015
v -0.010232 -0.002232 0.015
v -0.009585 -0.003353 0.015
v -0.009538 -0.003566 0.015
v -0.010566 -0.006048 0.015
v -0.01075 -0.006165 0.015
v -0.010943 -0.006266 0.015
v -0.011145 -0.006349 0.015
v -0.011353 -0.006415 0.015
v -0.012218 -0.00649 0.015
v -0.012434 -0.006462 0.015
v -0.012647 -0.006415 0.015
v -0.013915 -0.002393 0.015
v -0.013768 -0.002232 0.015
v -0.013607 -0.002085 0.015
v -0.013434 -0.001952 0.015
v -0.010085 -0.002393 0.015
v -0.009952 -0.002566 0.015
v -0.009835 -0.00275 0.015
v -0.012434 -0.001538 0.015
v -0.012647 -0.001585 0.015
v -0.012855 -0.001651 0.015
v -0.012218 -0.00151 0.015
v -0.012 -0.0015 0.015
v -0.011782 -0.00151 0.015
v -0.009734 -0.002943 0.015
v -0.009651 -0.003145 0.015
v -0.013768 -0.005768 0.015
v -0.013915 -0.005607 0.015
v -0.01325 -0.001835 0.015
v -0.013057 -0.001734 0.015
v -0.009538 -0.004434 0.015
v -0.009585 -0.004647 0.015
v -0.009651 -0.004855 0.015
v -0.009734 -0.005057 0.015
v -0.009835 -0.00525 0.015
v -0.009952 -0.005434 0.015
v -0.010085 -0.005607 0.015
v -0.012855 -0.006349 0.015
v -0.013057 -0.006266 0.015
v -0.01325 -0.006165 0.015
v -0.013434 -0.006048 0.015
v -0.013607 -0.005915 0.015
v -0.00951 -0.003782 0.015
v -0.0095 -0.004 0.015
v -0.00951 -0.004218 0.015
v -0.014048 -0.005434 0.015
v -0.014165 -0.00525 0.015
v -0.014266 -0.005057 0.015
v -0.014462 -0.003566 0.015
v -0.014415 -0.003353 0.015
v -0.014349 -0.003145 0.015
v -0.014266 -0.002943 0.015
v -0.014165 -0.00275 0.015
v -0.014048 -0.002566 0.015
v -0.014349 -0.004855 0.015
v -0.014415 -0.004647 0.015
v -0.014462 -0.004434 0.015
v -0.01449 -0.004218 0.015
v -0.0145 -0.004 0.015
v -0.01449 -0.003782 0.015
v -0.004647 -0.006415 0.015
v -0.004434 -0.006462 0.015
v -0.004218 -0.00649 0.015
v -0.00649 -0.003782 0.015
v -0.006462 -0.003566 0.015
v -0.003145 -0.001651 0.015
v -0.002943 -0.001734 0.015
v -0.00275 -0.001835 0.015
v -0.002566 -0.001952 0.015
v -0.002393 -0.002085 0.015
v -0.002232 -0.002232 0.015
v -0.002085 -0.002393 0.015
v -0.0015 -0.004 0.015
v -0.00151 -0.004218 0.015
v -0.001538 -0.004434 0.015
v -0.001585 -0.004647 0.015
v -0.00275 -0.006165 0.015
v -0.002943 -0.006266 0.015
v -0.003145 -0.006349 0.015
v -0.003353 -0.006415 0.015
v -0.003782 -0.00151 0.015
v -0.003566 -0.001538 0.015
v -0.003353 -0.001585 0.015
v -0.005768 -0.005768 0.015
v -0.005915 -0.005607 0.015
v -0.006048 -0.005434 0.015
v -0.006165 -0.00525 0.015
v -0.004855 -0.001651 0.015
v -0.004647 -0.001585 0.015
v -0.004434 -0.001538 0.015
v -0.004218 -0.00151 0.015
v -0.004 -0.0015 0.015
v -0.00151 -0.003782 0.015
v -0.001538 -0.003566 0.015
v -0.001651 -0.004855 0.015
v -0.001734 -0.005057 0.015
v -0.001835 -0.00525 0.015
v -0.001952 -0.005434 0.015
v -0.002085 -0.005607 0.015
v -0.002232 -0.005768 0.015
v -0.003566 -0.006462 0.015
v -0.003782 -0.00649 0.015
v -0.004 -0.0065 0.015
v -0.004855 -0.006349 0.015
v -0.005057 -0.006266 0.015
v -0.00525 -0.006165 0.015
v -0.006266 -0.002943 0.015
v -0.006165 -0.00275 0.015
v -0.006048 -0.002566 0.015
v -0.005915 -0.002393 0.015
v -0.005768 -0.002232 0.015
v -0.005607 -0.002085 0.015
v -0.005434 -0.001952 0.015
v -0.00525 -0.001835 0.015
v -0.005057 -0.001734 0.015
v -0.001952 -0.002566 0.015
v -0.001835 -0.00275 0.015
v -0.001734 -0.002943 0.015
v -0.002393 -0.005915 0.015
v -0.002566 -0.006048 0.015
v -0.005434 -0.006048 0.015
v -0.005607 -0.005915 0.015
v -0.006415 -0.003353 0.015
v -0.006349 -0.003145 0.015
v -0.001651 -0.003145 0.015
v -0.001585 -0.003353 0.015
v -0.006266 -0.005057 0.015
v -0.006349 -0.004855 0.015
v -0.006415 -0.004647 0.015
v -0.006462 -0.004434 0.015
v -0.00649 -0.004218 0.015
v -0.0065 -0.004 0.015
v 0.00649 -0.004218 0.015
v 0.006462 -0.004434 0.015
v 0.006266 -0.002943 0.015
v 0.006349 -0.003145 0.015
v 0.006415 -0.003353 0.015
v 0.006462 -0.003566 0.015
v 0.005607 -0.002085 0.015
v 0.005768 -0.002232 0.015
v 0.005915 -0.002393 0.015
v 0.004434 -0.001538 0.015
v 0.004647 -0.001585 0.015
v 0.004855 -0.001651 0.015
v 0.005057 -0.001734 0.015
v 0.00525 -0.001835 0.015
v 0.005434 -0.001952 0.015
v 0.006048 -0.002566 0.015
v 0.006165 -0.00275 0.015
v 0.004855 -0.006349 0.015
v 0.004647 -0.006415 0.015
v 0.003353 -0.006415 0.015
v 0.003566 -0.006462 0.015
v 0.003782 -0.00649 0.015
v 0.006415 -0.004647 0.015
v 0.006349 -0.004855 0.015
v 0.006266 -0.005057 0.015
v 0.006165 -0.00525 0.015
v 0.006048 -0.005434 0.015
v 0.005915 -0.005607 0.015
v 0.005434 -0.006048 0.015
v 0.00525 -0.006165 0.015
v 0.005057 -0.006266 0.015
v 0.004434 -0.006462 0.015
v 0.004218 -0.00649 0.015
v 0.004 -0.0065 0.015
v 0.002232 -0.005768 0.015
v 0.002085 -0.005607 0.015
v 0.001952 -0.005434 0.015
v 0.001835 -0.00525 0.015
v 0.001835 -0.00275 0.015
v 0.001952 -0.002566 0.015
v 0.002085 -0.002393 0.015
v 0.002232 -0.002232 0.015
v 0.005768 -0.005768 0.015
v 0.005607 -0.005915 0.015
v 0.003145 -0.006349 0.015
v 0.002943 -0.006266 0.015
v 0.00275 -0.006165 0.015
v 0.001734 -0.005057 0.015
v 0.001651 -0.004855 0.015
v 0.001585 -0.004647 0.015
v 0.004 -0.0015 0.015
v 0.004218 -0.00151 0.015
v 0.002566 -0.006048 0.015
v 0.002393 -0.005915 0.015
v 0.002393 -0.002085 0.015
v 0.002566 -0.001952 0.015
v 0.00275 -0.001835 0.015
v 0.002943 -0.001734 0.015
v 0.003145 -0.001651 0.015
v 0.003353 -0.001585 0.015
v 0.003566 -0.001538 0.015
v 0.003782 -0.00151 0.015
v 0.001538 -0.004434 0.015
v 0.00151 -0.004218 0.015
v 0.0015 -0.004 0.015
v 0.00151 -0.003782 0.015
v 0.001538 -0.003566 0.015
v 0.001585 -0.003353 0.015
v 0.001651 -0.003145 0.015
v 0.001734 -0.002943 0.015
v 0.01449 -0.003782 0.015
v 0.0145 -0.004 0.015
v 0.014525 0.0 0.015
v 0.010566 -0.006048 0.015
v 0.010393 -0.005915 0.015
v 0.010232 -0.005768 0.015
v 0.010085 -0.005607 0.015
v 0.014266 -0.002943 0.015
v 0.014349 -0.003145 0.015
v 0.009952 -0.005434 0.015
v 0.009835 -0.00525 0.015
v 0.009734 -0.005057 0.015
v 0.009651 -0.004855 0.015
v 0.009585 -0.004647 0.015
v 0.009538 -0.004434 0.015
v 0.00951 -0.003782 0.015
v 0.0095 -0.004 0.015
v 0.00951 -0.004218 0.015
v 0.014415 -0.003353 0.015
v 0.014462 -0.003566 0.015
v 0.01449 -0.004218 0.015
v 0.014462 -0.004434 0.015
v 0.014415 -0.004647 0.015
v 0.012855 -0.001651 0.015
v 0.013057 -0.001734 0.015
v 0.013607 -0.002085 0.015
v 0.013768 -0.002232 0.015
v 0.013915 -0.002393 0.015
v 0.014349 -0.004855 0.015
v 0.014266 -0.005057 0.015
v 0.014165 -0.00525 0.015
v 0.014048 -0.005434 0.015
v 0.013915 -0.005607 0.015
v 0.013768 -0.005768 0.015
v 0.011145 -0.006349 0.015
v 0.010943 -0.006266 0.015
v 0.01075 -0.006165 0.015
v 0.01325 -0.001835 0.015
v 0.013434 -0.001952 0.015
v 0.014048 -0.002566 0.015
v 0.014165 -0.00275 0.015
v 0.009952 -0.002566 0.015
v 0.010085 -0.002393 0.015
v 0.012218 -0.00151 0.015
v 0.012434 -0.001538 0.015
v 0.012647 -0.001585 0.015
v 0.012 -0.0065 0.015
v 0.011782 -0.00649 0.015
v 0.011566 -0.006462 0.015
v 0.011353 -0.006415 0.015
v 0.010232 -0.002232 0.015
v 0.010393 -0.002085 0.015
v 0.010566 -0.001952 0.015
v 0.01075 -0.001835 0.015
v 0.010943 -0.001734 0.015
v 0.011145 -0.001651 0.015
v 0.013607 -0.005915 0.015
v 0.013434 -0.006048 0.015
v 0.01325 -0.006165 0.015
v 0.013057 -0.006266 0.015
v 0.012855 -0.006349 0.015
v 0.012647 -0.006415 0.015
v 0.012434 -0.006462 0.015
v 0.012218 -0.00649 0.015
v 0.009538 -0.003566 0.015
v 0.009585 -0.003353 0.015
v 0.009651 -0.003145 0.015
v 0.011782 -0.00151 0.015
v 0.012 -0.0015 0.015
v 0.009734 -0.002943 0.015
v 0.009835 -0.00275 0.015
v 0.011353 -0.001585 0.015
v 0.011566 -0.001538 0.015
v -0.009952 0.002566 0.015
v -0.010085 0.002393 0.015
v -0.010232 0.002232 0.015
v -0.00951 0.004218 0.015
v -0.0095 0.004 0.015
v -0.00951 0.003782 0.015
v -0.009651 0.003145 0.015
v -0.009734 0.002943 0.015
v -0.009835 0.00275 0.015
v -0.014048 0.005434 0.015
v -0.013915 0.005607 0.015
v -0.013768 0.005768 0.015
v -0.013607 0.005915 0.015
v -0.009538 0.003566 0.015
v -0.009585 0.003353 0.015
v -0.010393 0.002085 0.015
v -0.010566 0.001952 0.015
v -0.01075 0.001835 0.015
v -0.013057 0.006266 0.015
v -0.012855 0.006349 0.015
v -0.010943 0.001734 0.015
v -0.011145 0.001651 0.015
v -0.011353 0.001585 0.015
v -0.012218 0.00151 0.015
v -0.012434 0.001538 0.015
v -0.008 0.015025 0.015
v -0.011353 0.006415 0.015
v -0.011145 0.006349 0.015
v -0.010943 0.006266 0.015
v -0.01075 0.006165 0.015
v -0.010566 0.006048 0.015
v -0.011566 0.001538 0.015
v -0.011782 0.00151 0.015
v -0.012 0.0015 0.015
v -0.01325 0.006165 0.015
v -0.010393 0.005915 0.015
v -0.010232 0.005768 0.015
v -0.010085 0.005607 0.015
v -0.013434 0.006048 0.015
v -0.011566 0.006462 0.015
v -0.011782 0.00649 0.015
v -0.009952 0.005434 0.015
v -0.009835 0.00525 0.015
v -0.009734 0.005057 0.015
v -0.012647 0.001585 0.015
v -0.012855 0.001651 0.015
v -0.013057 0.001734 0.015
v -0.01325 0.001835 0.015
v -0.013434 0.001952 0.015
v -0.013607 0.002085 0.015
v -0.013768 0.002232 0.015
v -0.013915 0.002393 0.015
v -0.014048 0.002566 0.015
v -0.014165 0.00275 0.015
v -0.014266 0.002943 0.015
v -0.014349 0.003145 0.015
v -0.012 0.0065 0.015
v -0.012218 0.00649 0.015
v -0.012434 0.006462 0.015
v -0.009651 0.004855 0.015
v -0.009585 0.004647 0.015
v -0.009538 0.004434 0.015
v -0.012647 0.006415 0.015
v -0.0145 0.004 0.015
v -0.01449 0.004218 0.015
v -0.014462 0.004434 0.015
v -0.014415 0.004647 0.015
v -0.014415 0.003353 0.015
v -0.014462 0.003566 0.015
v -0.01449 0.003782 0.015
v -0.014349 0.004855 0.015
v -0.014266 0.005057 0.015
v -0.014165 0.00525 0.015
v 0.0 0.015025 0.015
v -0.00151 0.003782 0.015
v -0.001538 0.003566 0.015
v -0.001585 0.003353 0.015
v -0.001651 0.003145 0.015
v -0.001734 0.002943 0.015
v -0.001835 0.00275 0.015
v -0.004647 0.006415 0.015
v -0.004434 0.006462 0.015
v -0.001952 0.002566 0.015
v -0.002085 0.002393 0.015
v -0.002232 0.002232 0.015
v -0.005434 0.006048 0.015
v -0.00525 0.006165 0.015
v -0.005057 0.006266 0.015
v -0.004855 0.006349 0.015
v -0.004218 0.00649 0.015
v -0.004 0.0065 0.015
v -0.003353 0.006415 0.015
v -0.003145 0.006349 0.015
v -0.002943 0.006266 0.015
v -0.00275 0.006165 0.015
v -0.002566 0.006048 0.015
v -0.002393 0.002085 0.015
v -0.002566 0.001952 0.015
v -0.00275 0.001835 0.015
v -0.002943 0.001734 0.015
v -0.003145 0.001651 0.015
v -0.003353 0.001585 0.015
v -0.003566 0.001538 0.015
v -0.003782 0.00151 0.015
v -0.004 0.0015 0.015
v -0.002393 0.005915 0.015
v -0.002232 0.005768 0.015
v -0.002085 0.005607 0.015
v -0.004218 0.00151 0.015
v -0.004434 0.001538 0.015
v -0.004647 0.001585 0.015
v -0.006349 0.004855 0.015
v -0.006266 0.005057 0.015
v -0.001952 0.005434 0.015
v -0.001835 0.00525 0.015
v -0.001734 0.005057 0.015
v -0.004855 0.001651 0.015
v -0.005057 0.001734 0.015
v -0.00525 0.001835 0.015
v -0.006048 0.002566 0.015
v -0.005915 0.002393 0.015
v -0.005768 0.002232 0.015
v -0.006165 0.00275 0.015
v -0.006266 0.002943 0.015
v -0.006349 0.003145 0.015
v -0.006415 0.004647 0.015
v -0.006165 0.00525 0.015
v -0.006048 0.005434 0.015
v -0.005915 0.005607 0.015
v -0.005768 0.005768 0.015
v -0.005607 0.005915 0.015
v -0.001651 0.004855 0.015
v -0.001585 0.004647 0.015
v -0.001538 0.004434 0.015
v -0.005434 0.001952 0.015
v -0.005607 0.002085 0.015
v -0.006415 0.003353 0.015
v -0.006462 0.003566 0.015
v -0.00649 0.003782 0.015
v -0.0065 0.004 0.015
v -0.00649 0.004218 0.015
v -0.006462 0.004434 0.015
v -0.003566 0.006462 0.015
v -0.003782 0.00649 0.015
v 0.006462 0.003566 0.015
v 0.00649 0.003782 0.015
v 0.0065 0.004 0.015
v 0.006415 0.003353 0.015
v 0.006349 0.003145 0.015
v 0.006266 0.002943 0.015
v 0.006266 0.005057 0.015
v 0.006349 0.004855 0.015
v 0.004855 0.006349 0.015
v 0.005057 0.006266 0.015
v 0.006415 0.004647 0.015
v 0.006462 0.004434 0.015
v 0.00649 0.004218 0.015
v 0.005915 0.005607 0.015
v 0.006048 0.005434 0.015
v 0.006165 0.00525 0.015
v 0.004434 0.006462 0.015
v 0.004647 0.006415 0.015
v 0.005768 0.005768 0.015
v 0.00525 0.006165 0.015
v 0.005434 0.006048 0.015
v 0.004 0.0065 0.015
v 0.004218 0.00649 0.015
v 0.005607 0.005915 0.015
v 0.006165 0.00275 0.015
v 0.006048 0.002566 0.015
v 0.005915 0.002393 0.015
v 0.005434 0.001952 0.015
v 0.00525 0.001835 0.015
v 0.001952 0.005434 0.015
v 0.002085 0.005607 0.015
v 0.005768 0.002232 0.015
v 0.005607 0.002085 0.015
v 0.005057 0.001734 0.015
v 0.004855 0.001651 0.015
v 0.004647 0.001585 0.015
v 0.004434 0.001538 0.015
v 0.004218 0.00151 0.015
v 0.004 0.0015 0.015
v 0.001952 0.002566 0.015
v 0.002085 0.002393 0.015
v 0.002232 0.002232 0.015
v 0.001835 0.00525 0.015
v 0.002232 0.005768 0.015
v 0.002393 0.005915 0.015
v 0.002566 0.006048 0.015
v 0.003782 0.00151 0.015
v 0.003566 0.001538 0.015
v 0.003353 0.001585 0.015
v 0.003145 0.001651 0.015
v 0.002943 0.001734 0.015
v 0.00275 0.001835 0.015
v 0.001585 0.004647 0.015
v 0.001651 0.004855 0.015
v 0.001734 0.005057 0.015
v 0.00275 0.006165 0.015
v 0.002943 0.006266 0.015
v 0.003145 0.006349 0.015
v 0.002566 0.001952 0.015
v 0.002393 0.002085 0.015
v 0.001835 0.00275 0.015
v 0.001734 0.002943 0.015
v 0.001651 0.003145 0.015
v 0.003353 0.006415 0.015
v 0.003566 0.006462 0.015
v 0.001585 0.003353 0.015
v 0.001538 0.003566 0.015
v 0.00151 0.003782 0.015
v 0.003782 0.00649 0.015
v 0.0015 0.004 0.015
v 0.00151 0.004218 0.015
v 0.001538 0.004434 0.015
v 0.0145 0.004 0.015
v 0.01449 0.003782 0.015
v 0.01449 0.004218 0.015
v 0.009651 0.003145 0.015
v 0.009585 0.003353 0.015
v 0.009538 0.003566 0.015
v 0.00951 0.003782 0.015
v 0.0095 0.004 0.015
v 0.00951 0.004218 0.015
v 0.009538 0.004434 0.015
v 0.009585 0.004647 0.015
v 0.014462 0.003566 0.015
v 0.014415 0.003353 0.015
v 0.014349 0.003145 0.015
v 0.014266 0.002943 0.015
v 0.014165 0.00275 0.015
v 0.014048 0.002566 0.015
v 0.013915 0.002393 0.015
v 0.013768 0.002232 0.015
v 0.013607 0.002085 0.015
v 0.010943 0.001734 0.015
v 0.01075 0.001835 0.015
v 0.009952 0.002566 0.015
v 0.010085 0.002393 0.015
v 0.010232 0.002232 0.015
v 0.009835 0.00275 0.015
v 0.009734 0.002943 0.015
v 0.014349 0.004855 0.015
v 0.014266 0.005057 0.015
v 0.014165 0.00525 0.015
v 0.014415 0.004647 0.015
v 0.014462 0.004434 0.015
v 0.010566 0.001952 0.015
v 0.010393 0.002085 0.015
v 0.013434 0.001952 0.015
v 0.01325 0.001835 0.015
v 0.013057 0.001734 0.015
v 0.013607 0.005915 0.015
v 0.013768 0.005768 0.015
v 0.013915 0.005607 0.015
v 0.013057 0.006266 0.015
v 0.01325 0.006165 0.015
v 0.013434 0.006048 0.015
v 0.011566 0.001538 0.015
v 0.011353 0.001585 0.015
v 0.011145 0.001651 0.015
v 0.012647 0.006415 0.015
v 0.012855 0.006349 0.015
v 0.012855 0.001651 0.015
v 0.012647 0.001585 0.015
v 0.012434 0.001538 0.015
v 0.012218 0.00151 0.015
v 0.012 0.0015 0.015
v 0.011782 0.00151 0.015
v 0.014048 0.005434 0.015
v 0.010232 0.005768 0.015
v 0.010393 0.005915 0.015
v 0.010566 0.006048 0.015
v 0.01075 0.006165 0.015
v 0.009734 0.005057 0.015
v 0.009835 0.00525 0.015
v 0.012434 0.006462 0.015
v 0.012218 0.00649 0.015
v 0.009952 0.005434 0.015
v 0.010085 0.005607 0.015
v 0.009651 0.004855 0.015
v 0.010943 0.006266 0.015
v 0.011145 0.006349 0.015
v 0.012 0.0065 0.015
v 0.011782 0.00649 0.015
v 0.011566 0.006462 0.015
v 0.011353 0.006415 0.015
v -0.008 0.024 0.015
v 0.0 0.024 0.015
v -0.0015 0.02 0.015
v -0.00151 0.019782 0.015
v -0.001538 0.019566 0.015
v -0.002566 0.022048 0.015
v -0.002393 0.021915 0.015
v -0.002232 0.021768 0.015
v -0.001585 0.019353 0.015
v -0.001651 0.019145 0.015
v -0.001734 0.018943 0.015
v -0.002085 0.018393 0.015
v -0.002232 0.018232 0.015
v -0.002085 0.021607 0.015
v -0.001952 0.021434 0.015
v -0.001835 0.02125 0.015
v -0.001835 0.01875 0.015
v -0.001952 0.018566 0.015
v -0.002393 0.018085 0.015
v -0.002566 0.017952 0.015
v -0.00275 0.017835 0.015
v -0.004647 0.017585 0.015
v -0.004434 0.017538 0.015
v -0.004218 0.01751 0.015
v -0.003782 0.02249 0.015
v -0.003566 0.022462 0.015
v -0.003353 0.022415 0.015
v -0.003145 0.022349 0.015
v -0.002943 0.022266 0.015
v -0.00275 0.022165 0.015
v -0.001734 0.021057 0.015
v -0.001651 0.020855 0.015
v -0.001585 0.020647 0.015
v -0.001538 0.020434 0.015
v -0.00151 0.020218 0.015
v -0.002943 0.017734 0.015
v -0.003145 0.017651 0.015
v -0.003353 0.017585 0.015
v -0.003566 0.017538 0.015
v -0.003782 0.01751 0.015
v -0.004 0.0175 0.015
v -0.00525 0.022165 0.015
v -0.005057 0.022266 0.015
v -0.004855 0.022349 0.015
v -0.004647 0.022415 0.015
v -0.004434 0.022462 0.015
v -0.004218 0.02249 0.015
v -0.004 0.0225 0.015
v -0.004855 0.017651 0.015
v -0.005057 0.017734 0.015
v -0.00525 0.017835 0.015
v -0.005434 0.017952 0.015
v -0.005607 0.018085 0.015
v -0.005768 0.018232 0.015
v -0.006462 0.020434 0.015
v -0.006415 0.020647 0.015
v -0.005915 0.018393 0.015
v -0.006048 0.018566 0.015
v -0.006165 0.01875 0.015
v -0.006165 0.02125 0.015
v -0.006048 0.021434 0.015
v -0.005915 0.021607 0.015
v -0.005768 0.021768 0.015
v -0.005607 0.021915 0.015
v -0.005434 0.022048 0.015
v -0.00649 0.020218 0.015
v -0.006349 0.020855 0.015
v -0.006266 0.021057 0.015
v -0.006266 0.018943 0.015
v -0.006349 0.019145 0.015
v -0.006415 0.019353 0.015
v -0.006462 0.019566 0.015
v -0.00649 0.019782 0.015
v -0.0065 0.02 0.015
v 0.005434 0.022048 0.015
v 0.005607 0.021915 0.015
v 0.005768 0.021768 0.015
v 0.005915 0.021607 0.015
v 0.006048 0.021434 0.015
v 0.00649 0.019782 0.015
v 0.006462 0.019566 0.015
v 0.006415 0.019353 0.015
v 0.006349 0.019145 0.015
v 0.006266 0.018943 0.015
v 0.006165 0.01875 0.015
v 0.006048 0.018566 0.015
v 0.005915 0.018393 0.015
v 0.005768 0.018232 0.015
v 0.006165 0.02125 0.015
v 0.006266 0.021057 0.015
v 0.006349 0.020855 0.015
v 0.006415 0.020647 0.015
v 0.006462 0.020434 0.015
v 0.004855 0.022349 0.015
v 0.004647 0.022415 0.015
v 0.004434 0.022462 0.015
v 0.005057 0.022266 0.015
v 0.00525 0.022165 0.015
v 0.005607 0.018085 0.015
v 0.005434 0.017952 0.015
v 0.00525 0.017835 0.015
v 0.003353 0.017585 0.015
v 0.003566 0.017538 0.015
v 0.003782 0.01751 0.015
v 0.004 0.0225 0.015
v 0.004218 0.02249 0.015
v 0.005057 0.017734 0.015
v 0.004855 0.017651 0.015
v 0.004647 0.017585 0.015
v 0.004434 0.017538 0.015
v 0.004218 0.01751 0.015
v 0.004 0.0175 0.015
v 0.001835 0.02125 0.015
v 0.001952 0.021434 0.015
v 0.002393 0.021915 0.015
v 0.002566 0.022048 0.015
v 0.00275 0.022165 0.015
v 0.003145 0.017651 0.015
v 0.002943 0.017734 0.015
v 0.00275 0.017835 0.015
v 0.002232 0.018232 0.015
v 0.002085 0.018393 0.015
v 0.001734 0.018943 0.015
v 0.001651 0.019145 0.015
v 0.001585 0.019353 0.015
v 0.002085 0.021607 0.015
v 0.002232 0.021768 0.015
v 0.002943 0.022266 0.015
v 0.003145 0.022349 0.015
v 0.003353 0.022415 0.015
v 0.003566 0.022462 0.015
v 0.003782 0.02249 0.015
v 0.001952 0.018566 0.015
v 0.001835 0.01875 0.015
v 0.002566 0.017952 0.015
v 0.002393 0.018085 0.015
v 0.001538 0.019566 0.015
v 0.00151 0.019782 0.015
v 0.0015 0.02 0.015
v 0.00151 0.020218 0.015
v 0.001538 0.020434 0.015
v 0.001585 0.020647 0.015
v 0.001651 0.020855 0.015
v 0.001734 0.021057 0.015
v 0.014525 0.024 0.015
v 0.018246 0.019524 0.015
v 0.018391 0.019391 0.015
v 0.020975 0.024 0.015
v 0.018524 0.019246 0.015
v 0.018643 0.019091 0.015
v 0.01757 0.019914 0.015
v 0.017751 0.019839 0.015
v 0.01905 0.0178 0.015
v 0.019041 0.017604 0.015
v 0.019016 0.017409 0.015
v 0.018973 0.017218 0.015
v 0.018914 0.01703 0.015
v 0.018839 0.016849 0.015
v 0.018749 0.016675 0.015
v 0.018643 0.016509 0.015
v 0.018524 0.016354 0.015
v 0.018391 0.016209 0.015
v 0.017925 0.019749 0.015
v 0.018091 0.019643 0.015
v 0.018749 0.018925 0.015
v 0.018839 0.018751 0.015
v 0.018914 0.01857 0.015
v 0.018973 0.018382 0.015
v 0.019016 0.018191 0.015
v 0.019041 0.017996 0.015
v 0.016996 0.020041 0.015
v 0.017191 0.020016 0.015
v 0.017382 0.019973 0.015
v 0.015076 0.016354 0.015
v 0.014957 0.016509 0.015
v 0.014851 0.016675 0.015
v 0.014761 0.016849 0.015
v 0.014851 0.018925 0.015
v 0.014957 0.019091 0.015
v 0.015076 0.019246 0.015
v 0.015209 0.019391 0.015
v 0.014584 0.018191 0.015
v 0.014627 0.018382 0.015
v 0.015675 0.019749 0.015
v 0.015849 0.019839 0.015
v 0.01603 0.019914 0.015
v 0.016218 0.019973 0.015
v 0.018246 0.016076 0.015
v 0.018091 0.015957 0.015
v 0.017925 0.015851 0.015
v 0.014686 0.01703 0.015
v 0.014627 0.017218 0.015
v 0.014584 0.017409 0.015
v 0.014686 0.01857 0.015
v 0.014761 0.018751 0.015
v 0.015354 0.019524 0.015
v 0.015509 0.019643 0.015
v 0.016409 0.020016 0.015
v 0.016604 0.020041 0.015
v 0.0168 0.02005 0.015
v 0.017751 0.015761 0.015
v 0.01757 0.015686 0.015
v 0.017382 0.015627 0.015
v 0.014559 0.017604 0.015
v 0.01455 0.0178 0.015
v 0.014559 0.017996 0.015
v 0.016604 0.015559 0.015
v 0.016409 0.015584 0.015
v 0.016218 0.015627 0.015
v 0.01603 0.015686 0.015
v 0.015509 0.015957 0.015
v 0.015354 0.016076 0.015
v 0.015209 0.016209 0.015
v 0.017191 0.015584 0.015
v 0.016996 0.015559 0.015
v 0.0168 0.01555 0.015
v 0.015849 0.015761 0.015
v 0.015675 0.015851 0.015
v -0.0229 0.032 0.015
v -0.014525 0.032 0.015
v -0.008 0.032 0.015
v -0.00151 0.027782 0.015
v -0.001538 0.027566 0.015
v -0.002566 0.030048 0.015
v -0.002393 0.029915 0.015
v 0.0 0.032 0.015
v -0.002232 0.029768 0.015
v -0.001585 0.027353 0.015
v -0.001651 0.027145 0.015
v -0.001734 0.026943 0.015
v -0.002085 0.026393 0.015
v -0.002232 0.026232 0.015
v -0.002085 0.029607 0.015
v -0.001952 0.029434 0.015
v -0.001835 0.02925 0.015
v -0.001835 0.02675 0.015
v -0.001952 0.026566 0.015
v -0.002393 0.026085 0.015
v -0.002566 0.025952 0.015
v -0.00275 0.025835 0.015
v -0.004647 0.025585 0.015
v -0.004434 0.025538 0.015
v -0.004218 0.02551 0.015
v -0.003782 0.03049 0.015
v -0.003566 0.030462 0.015
v -0.003353 0.030415 0.015
v -0.003145 0.030349 0.015
v -0.002943 0.030266 0.015
v -0.00275 0.030165 0.015
v -0.001734 0.029057 0.015
v -0.001651 0.028855 0.015
v -0.001585 0.028647 0.015
v -0.001538 0.028434 0.015
v -0.00151 0.028218 0.015
v -0.0015 0.028 0.015
v -0.002943 0.025734 0.015
v -0.003145 0.025651 0.015
v -0.003353 0.025585 0.015
v -0.003566 0.025538 0.015
v -0.003782 0.02551 0.015
v -0.004 0.0255 0.015
v -0.00525 0.030165 0.015
v -0.005057 0.030266 0.015
v -0.004855 0.030349 0.015
v -0.004647 0.030415 0.015
v -0.004434 0.030462 0.015
v -0.004218 0.03049 0.015
v -0.004 0.0305 0.015
v -0.004855 0.025651 0.015
v -0.005057 0.025734 0.015
v -0.00525 0.025835 0.015
v -0.005434 0.025952 0.015
v -0.005607 0.026085 0.015
v -0.005768 0.026232 0.015
v -0.006462 0.028434 0.015
v -0.006415 0.028647 0.015
v -0.005915 0.026393 0.015
v -0.006048 0.026566 0.015
v -0.006165 0.02675 0.015
v -0.006165 0.02925 0.015
v -0.006048 0.029434 0.015
v -0.005915 0.029607 0.015
v -0.005768 0.029768 0.015
v -0.005607 0.029915 0.015
v -0.005434 0.030048 0.015
v -0.00649 0.028218 0.015
v -0.006349 0.028855 0.015
v -0.006266 0.029057 0.015
v -0.006266 0.026943 0.015
v -0.006349 0.027145 0.015
v -0.006415 0.027353 0.015
v -0.006462 0.027566 0.015
v -0.00649 0.027782 0.015
v -0.0065 0.028 0.015
v 0.008 0.032 0.015
v 0.014525 0.032 0.015
v -0.008 0.04 0.015
v -0.002566 0.033952 0.015
v -0.00275 0.033835 0.015
v -0.002085 0.037607 0.015
v -0.001952 0.037434 0.015
v 0.0 0.04 0.015
v -0.001835 0.03725 0.015
v -0.002943 0.033734 0.015
v -0.003145 0.033651 0.015
v -0.003353 0.033585 0.015
v -0.005434 0.038048 0.015
v -0.00525 0.038165 0.015
v -0.001734 0.037057 0.015
v -0.001651 0.036855 0.015
v -0.001585 0.036647 0.015
v -0.003145 0.038349 0.015
v -0.002943 0.038266 0.015
v -0.00275 0.038165 0.015
v -0.002566 0.038048 0.015
v -0.002393 0.037915 0.015
v -0.002232 0.037768 0.015
v -0.001538 0.036434 0.015
v -0.00151 0.036218 0.015
v -0.006048 0.037434 0.015
v -0.005915 0.037607 0.015
v -0.005057 0.038266 0.015
v -0.004855 0.038349 0.015
v -0.004647 0.038415 0.015
v -0.004434 0.038462 0.015
v -0.004218 0.03849 0.015
v -0.004 0.0385 0.015
v -0.003782 0.03849 0.015
v -0.0015 0.036 0.015
v -0.00151 0.035782 0.015
v -0.001538 0.035566 0.015
v -0.002085 0.034393 0.015
v -0.002232 0.034232 0.015
v -0.002393 0.034085 0.015
v -0.004 0.0335 0.015
v -0.003782 0.03351 0.015
v -0.003566 0.033538 0.015
v -0.004218 0.03351 0.015
v -0.004434 0.033538 0.015
v -0.004647 0.033585 0.015
v -0.005768 0.037768 0.015
v -0.005607 0.037915 0.015
v -0.003566 0.038462 0.015
v -0.003353 0.038415 0.015
v -0.001585 0.035353 0.015
v -0.001651 0.035145 0.015
v -0.001734 0.034943 0.015
v -0.001835 0.03475 0.015
v -0.001952 0.034566 0.015
v -0.004855 0.033651 0.015
v -0.005057 0.033734 0.015
v -0.00525 0.033835 0.015
v -0.005434 0.033952 0.015
v -0.005607 0.034085 0.015
v -0.005768 0.034232 0.015
v -0.005915 0.034393 0.015
v -0.006048 0.034566 0.015
v -0.006165 0.03475 0.015
v -0.006266 0.034943 0.015
v -0.006349 0.035145 0.015
v -0.006415 0.035353 0.015
v -0.006462 0.035566 0.015
v -0.00649 0.035782 0.015
v -0.0065 0.036 0.015
v -0.00649 0.036218 0.015
v -0.006462 0.036434 0.015
v -0.006415 0.036647 0.015
v -0.006349 0.036855 0.015
v -0.006266 0.037057 0.015
v -0.006165 0.03725 0.015
v 0.008 0.04 0.015
v 0.020975 0.032 0.015
v 0.022869 0.017195 0.015
v 0.0229 0.017986 0.015
v 0.0229 0.024 0.015
v 0.0229 0.032 0.015
v 0.0229 0.04 0.015
v -0.008 0.05 0.015
v -0.004855 0.041651 0.015
v -0.005057 0.041734 0.015
v -0.006048 0.045434 0.015
v -0.005915 0.045607 0.015
v -0.005768 0.045768 0.015
v -0.002566 0.041952 0.015
v -0.00275 0.041835 0.015
v -0.004218 0.04151 0.015
v -0.004434 0.041538 0.015
v -0.004647 0.041585 0.015
v -0.00525 0.041835 0.015
v -0.005434 0.041952 0.015
v -0.005607 0.042085 0.015
v -0.002943 0.041734 0.015
v -0.003145 0.041651 0.015
v -0.003353 0.041585 0.015
v -0.005607 0.045915 0.015
v -0.005434 0.046048 0.015
v -0.00525 0.046165 0.015
v -0.003145 0.046349 0.015
v -0.002943 0.046266 0.015
v 0.0 0.05 0.015
v -0.00275 0.046165 0.015
v -0.002566 0.046048 0.015
v -0.002393 0.045915 0.015
v -0.002232 0.045768 0.015
v -0.003566 0.041538 0.015
v -0.003782 0.04151 0.015
v -0.004 0.0415 0.015
v -0.005768 0.042232 0.015
v -0.005915 0.042393 0.015
v -0.006048 0.042566 0.015
v -0.005057 0.046266 0.015
v -0.004855 0.046349 0.015
v -0.004647 0.046415 0.015
v -0.004434 0.046462 0.015
v -0.004218 0.04649 0.015
v -0.004 0.0465 0.015
v -0.003782 0.04649 0.015
v -0.006165 0.04275 0.015
v -0.006266 0.042943 0.015
v -0.006349 0.043145 0.015
v -0.003566 0.046462 0.015
v -0.003353 0.046415 0.015
v -0.002085 0.045607 0.015
v -0.001952 0.045434 0.015
v -0.001835 0.04525 0.015
v -0.001734 0.045057 0.015
v -0.001651 0.044855 0.015
v -0.001585 0.044647 0.015
v -0.00151 0.043782 0.015
v -0.001538 0.043566 0.015
v -0.002085 0.042393 0.015
v -0.002232 0.042232 0.015
v -0.002393 0.042085 0.015
v -0.006415 0.043353 0.015
v -0.006462 0.043566 0.015
v -0.00649 0.043782 0.015
v -0.001538 0.044434 0.015
v -0.00151 0.044218 0.015
v -0.0015 0.044 0.015
v -0.001585 0.043353 0.015
v -0.001651 0.043145 0.015
v -0.001734 0.042943 0.015
v -0.001835 0.04275 0.015
v -0.001952 0.042566 0.015
v -0.006415 0.044647 0.015
v -0.006349 0.044855 0.015
v -0.0065 0.044 0.015
v -0.00649 0.044218 0.015
v -0.006462 0.044434 0.015
v -0.006266 0.045057 0.015
v -0.006165 0.04525 0.015
v 0.008 0.05 0.015
v -0.01905 0.0178 0.0134
v -0.019041 0.017604 0.0134
v -0.019016 0.017409 0.0134
v -0.018973 0.017218 0.0134
v -0.018914 0.01703 0.0134
v -0.018839 0.016849 0.0134
v -0.018749 0.016675 0.0134
v -0.018643 0.016509 0.0134
v -0.018524 0.016354 0.0134
v -0.018391 0.016209 0.0134
v -0.018246 0.016076 0.0134
v -0.018091 0.015957 0.0134
v -0.017925 0.015851 0.0134
v -0.017751 0.015761 0.0134
v -0.01757 0.015686 0.0134
v -0.017382 0.015627 0.0134
v -0.017191 0.015584 0.0134
v -0.016996 0.015559 0.0134
v -0.0168 0.01555 0.0134
v -0.016604 0.015559 0.0134
v -0.016409 0.015584 0.0134
v -0.016218 0.015627 0.0134
v -0.01603 0.015686 0.0134
v -0.015849 0.015761 0.0134
v -0.015675 0.015851 0.0134
v -0.015509 0.015957 0.0134
v -0.015354 0.016076 0.0134
v -0.015209 0.016209 0.0134
v -0.015076 0.016354 0.0134
v -0.014957 0.016509 0.0134
v -0.014851 0.016675 0.0134
v -0.014761 0.016849 0.0134
v -0.014686 0.01703 0.0134
v -0.014627 0.017218 0.0134
v -0.014584 0.017409 0.0134
v -0.014559 0.017604 0.0134
v -0.01455 0.0178 0.0134
v -0.014559 0.017996 0.0134
v -0.014584 0.018191 0.0134
v -0.014627 0.018382 0.0134
v -0.014686 0.01857 0.0134
v -0.014761 0.018751 0.0134
v -0.014851 0.018925 0.0134
v -0.014957 0.019091 0.0134
v -0.015076 0.019246 0.0134
v -0.015209 0.019391 0.0134
v -0.015354 0.019524 0.0134
v -0.015509 0.019643 0.0134
v -0.015675 0.019749 0.0134
v -0.015849 0.019839 0.0134
v -0.01603 0.019914 0.0134
v -0.016218 0.019973 0.0134
v -0.016409 0.020016 0.0134
v -0.016604 0.020041 0.0134
v -0.0168 0.02005 0.0134
v -0.016996 0.020041 0.0134
v -0.017191 0.020016 0.0134
v -0.017382 0.019973 0.0134
v -0.01757 0.019914 0.0134
v -0.017751 0.019839 0.0134
v -0.017925 0.019749 0.0134
v -0.018091 0.019643 0.0134
v -0.018246 0.019524 0.0134
v -0.018391 0.019391 0.0134
v -0.018524 0.019246 0.0134
v -0.018643 0.019091 0.0134
v -0.018749 0.018925 0.0134
v -0.018839 0.018751 0.0134
v -0.018914 0.01857 0.0134
v -0.018973 0.018382 0.0134
v -0.019016 0.018191 0.0134
v -0.019041 0.017996 0.0134
v -0.0229 0.046 0.0134
v -0.0229 0.03225 0.0134
v -0.0189 0.05 0.0134
v 0.0 0.05 0.0134
v 0.0214 0.012719 0.0134
v 0.02101 0.012029 0.0134
v 0.020975 0.03225 0.0134
v 0.020975 -0.03225 0.0134
v 0.0 0.0 0.0134
v 0.0 0.03225 0.0134
v 0.0 -0.03225 0.0134
v 0.0199 0.0 0.0134
v 0.018091 0.015957 0.0134
v 0.018246 0.016076 0.0134
v 0.0168 0.02005 0.0134
v 0.016604 0.020041 0.0134
v 0.014584 0.017409 0.0134
v 0.014627 0.017218 0.0134
v 0.018391 0.016209 0.0134
v 0.018524 0.016354 0.0134
v 0.018643 0.016509 0.0134
v 0.018391 0.019391 0.0134
v 0.018524 0.019246 0.0134
v 0.018643 0.019091 0.0134
v 0.018246 0.019524 0.0134
v 0.018091 0.019643 0.0134
v 0.017925 0.019749 0.0134
v 0.018973 0.018382 0.0134
v 0.018914 0.01857 0.0134
v 0.017751 0.019839 0.0134
v 0.01757 0.019914 0.0134
v 0.017382 0.019973 0.0134
v 0.017191 0.020016 0.0134
v 0.016996 0.020041 0.0134
v 0.014686 0.01703 0.0134
v 0.014761 0.016849 0.0134
v 0.014851 0.016675 0.0134
v 0.019041 0.017604 0.0134
v 0.01905 0.0178 0.0134
v 0.019041 0.017996 0.0134
v 0.019016 0.018191 0.0134
v 0.018839 0.018751 0.0134
v 0.018749 0.018925 0.0134
v 0.015849 0.019839 0.0134
v 0.015675 0.019749 0.0134
v 0.015509 0.019643 0.0134
v 0.015076 0.019246 0.0134
v 0.014957 0.019091 0.0134
v 0.014851 0.018925 0.0134
v 0.014761 0.018751 0.0134
v 0.014686 0.01857 0.0134
v 0.014627 0.018382 0.0134
v 0.014584 0.018191 0.0134
v 0.018749 0.016675 0.0134
v 0.018839 0.016849 0.0134
v 0.018914 0.01703 0.0134
v 0.018973 0.017218 0.0134
v 0.019016 0.017409 0.0134
v 0.016409 0.020016 0.0134
v 0.016218 0.019973 0.0134
v 0.01603 0.019914 0.0134
v 0.015354 0.019524 0.0134
v 0.015209 0.019391 0.0134
v 0.014559 0.017996 0.0134
v 0.01455 0.0178 0.0134
v 0.014559 0.017604 0.0134
v 0.014957 0.016509 0.0134
v 0.015076 0.016354 0.0134
v 0.015209 0.016209 0.0134
v 0.015354 0.016076 0.0134
v 0.015509 0.015957 0.0134
v 0.015675 0.015851 0.0134
v 0.017382 0.015627 0.0134
v 0.01757 0.015686 0.0134
v 0.020025 0.009029 0.0134
v 0.016218 0.015627 0.0134
v 0.01603 0.015686 0.0134
v 0.015849 0.015761 0.0134
v 0.016409 0.015584 0.0134
v 0.016604 0.015559 0.0134
v 0.0168 0.01555 0.0134
v 0.016996 0.015559 0.0134
v 0.017191 0.015584 0.0134
v 0.0199 0.007451 0.0134
v 0.019931 0.008243 0.0134
v 0.017925 0.015851 0.0134
v 0.020675 0.011311 0.0134
v 0.017751 0.015761 0.0134
v 0.020398 0.010568 0.0134
v 0.020181 0.009806 0.0134
v 0.022125 0.014126 0.0134
v 0.02179 0.013408 0.0134
v 0.0229 0.03225 0.0134
v 0.0229 0.017986 0.0134
v 0.022869 0.017195 0.0134
v 0.022775 0.016408 0.0134
v 0.022619 0.015631 0.0134
v 0.022402 0.014869 0.0134
v 0.015509 0.044857 0.0134
v 0.015675 0.044751 0.0134
v 0.016996 0.048941 0.0134
v 0.0168 0.04895 0.0134
v 0.0168 0.04445 0.0134
v 0.016604 0.044459 0.0134
v 0.016409 0.044484 0.0134
v 0.015849 0.044661 0.0134
v 0.01603 0.044586 0.0134
v 0.016218 0.044527 0.0134
v 0.016218 0.048873 0.0134
v 0.0 0.049475 0.0134
v 0.016409 0.048916 0.0134
v 0.016604 0.048941 0.0134
v 0.01603 0.048814 0.0134
v 0.015849 0.048739 0.0134
v 0.015675 0.048649 0.0134
v 0.015509 0.048543 0.0134
v 0.015354 0.048424 0.0134
v 0.015209 0.048291 0.0134
v 0.014559 0.046504 0.0134
v 0.014584 0.046309 0.0134
v 0.014627 0.046118 0.0134
v 0.014686 0.04593 0.0134
v 0.014761 0.045749 0.0134
v 0.015076 0.045254 0.0134
v 0.015209 0.045109 0.0134
v 0.015354 0.044976 0.0134
v 0.016996 0.044459 0.0134
v 0.017191 0.044484 0.0134
v 0.017382 0.044527 0.0134
v 0.01757 0.044586 0.0134
v 0.017751 0.044661 0.0134
v 0.017925 0.044751 0.0134
v 0.018391 0.045109 0.0134
v 0.018524 0.045254 0.0134
v 0.015076 0.048146 0.0134
v 0.014957 0.047991 0.0134
v 0.014851 0.047825 0.0134
v 0.014851 0.045575 0.0134
v 0.014957 0.045409 0.0134
v 0.018091 0.044857 0.0134
v 0.018246 0.044976 0.0134
v 0.018643 0.045409 0.0134
v 0.018749 0.045575 0.0134
v 0.018839 0.045749 0.0134
v 0.019041 0.046896 0.0134
v 0.01905 0.0467 0.0134
v 0.019041 0.046504 0.0134
v 0.014627 0.047282 0.0134
v 0.014584 0.047091 0.0134
v 0.018091 0.048543 0.0134
v 0.018246 0.048424 0.0134
v 0.018391 0.048291 0.0134
v 0.014761 0.047651 0.0134
v 0.014686 0.04747 0.0134
v 0.014559 0.046896 0.0134
v 0.01455 0.0467 0.0134
v 0.018914 0.04593 0.0134
v 0.018973 0.046118 0.0134
v 0.019016 0.046309 0.0134
v 0.019016 0.047091 0.0134
v 0.018973 0.047282 0.0134
v 0.018914 0.04747 0.0134
v 0.017925 0.048649 0.0134
v 0.017751 0.048739 0.0134
v 0.01757 0.048814 0.0134
v 0.017382 0.048873 0.0134
v 0.017191 0.048916 0.0134
v 0.018839 0.047651 0.0134
v 0.018749 0.047825 0.0134
v 0.018643 0.047991 0.0134
v 0.018524 0.048146 0.0134
v -0.019935 0.049864 0.0134
v -0.019595 0.049939 0.0134
v -0.020268 0.049759 0.0134
v -0.02059 0.049625 0.0134
v -0.019249 0.049985 0.0134
v -0.022885 0.046349 0.0134
v -0.022839 0.046695 0.0134
v -0.022764 0.047035 0.0134
v -0.022659 0.047368 0.0134
v -0.022525 0.04769 0.0134
v -0.022364 0.048 0.0134
v -0.022177 0.048294 0.0134
v -0.021964 0.048571 0.0134
v -0.0209 0.049464 0.0134
v -0.021194 0.049277 0.0134
v -0.021471 0.049064 0.0134
v -0.021728 0.048828 0.0134
v 0.001538 0.020434 0.0167
v 0.00151 0.020218 0.0167
v 0.004 0.02 0.0167
v 0.0015 0.02 0.0167
v 0.00151 0.019782 0.0167
v 0.001734 0.021057 0.0167
v 0.001651 0.020855 0.0167
v 0.001585 0.020647 0.0167
v 0.002085 0.021607 0.0167
v 0.001952 0.021434 0.0167
v 0.001835 0.02125 0.0167
v 0.002566 0.022048 0.0167
v 0.002393 0.021915 0.0167
v 0.002232 0.021768 0.0167
v 0.003145 0.022349 0.0167
v 0.002943 0.022266 0.0167
v 0.00275 0.022165 0.0167
v 0.003782 0.02249 0.0167
v 0.003566 0.022462 0.0167
v 0.003353 0.022415 0.0167
v 0.004434 0.022462 0.0167
v 0.004218 0.02249 0.0167
v 0.004 0.0225 0.0167
v 0.005057 0.022266 0.0167
v 0.004855 0.022349 0.0167
v 0.004647 0.022415 0.0167
v 0.005607 0.021915 0.0167
v 0.005434 0.022048 0.0167
v 0.00525 0.022165 0.0167
v 0.006048 0.021434 0.0167
v 0.005915 0.021607 0.0167
v 0.005768 0.021768 0.0167
v 0.006349 0.020855 0.0167
v 0.006266 0.021057 0.0167
v 0.006165 0.02125 0.0167
v 0.00649 0.020218 0.0167
v 0.006462 0.020434 0.0167
v 0.006415 0.020647 0.0167
v 0.006462 0.019566 0.0167
v 0.00649 0.019782 0.0167
v 0.0065 0.02 0.0167
v 0.006266 0.018943 0.0167
v 0.006349 0.019145 0.0167
v 0.006415 0.019353 0.0167
v 0.005915 0.018393 0.0167
v 0.006048 0.018566 0.0167
v 0.006165 0.01875 0.0167
v 0.005434 0.017952 0.0167
v 0.005607 0.018085 0.0167
v 0.005768 0.018232 0.0167
v 0.004855 0.017651 0.0167
v 0.005057 0.017734 0.0167
v 0.00525 0.017835 0.0167
v 0.004218 0.01751 0.0167
v 0.004434 0.017538 0.0167
v 0.004647 0.017585 0.0167
v 0.003566 0.017538 0.0167
v 0.003782 0.01751 0.0167
v 0.004 0.0175 0.0167
v 0.002943 0.017734 0.0167
v 0.003145 0.017651 0.0167
v 0.003353 0.017585 0.0167
v 0.002393 0.018085 0.0167
v 0.002566 0.017952 0.0167
v 0.00275 0.017835 0.0167
v 0.001952 0.018566 0.0167
v 0.002085 0.018393 0.0167
v 0.002232 0.018232 0.0167
v 0.001651 0.019145 0.0167
v 0.001734 0.018943 0.0167
v 0.001835 0.01875 0.0167
v 0.001538 0.019566 0.0167
v 0.001585 0.019353 0.0167
v -0.014462 -0.003566 0.0167
v -0.01449 -0.003782 0.0167
v -0.012 -0.004 0.0167
v -0.0145 -0.004 0.0167
v -0.01449 -0.004218 0.0167
v -0.014266 -0.002943 0.0167
v -0.014349 -0.003145 0.0167
v -0.014415 -0.003353 0.0167
v -0.013915 -0.002393 0.0167
v -0.014048 -0.002566 0.0167
v -0.014165 -0.00275 0.0167
v -0.013434 -0.001952 0.0167
v -0.013607 -0.002085 0.0167
v -0.013768 -0.002232 0.0167
v -0.012855 -0.001651 0.0167
v -0.013057 -0.001734 0.0167
v -0.01325 -0.001835 0.0167
v -0.012218 -0.00151 0.0167
v -0.012434 -0.001538 0.0167
v -0.012647 -0.001585 0.0167
v -0.011566 -0.001538 0.0167
v -0.011782 -0.00151 0.0167
v -0.012 -0.0015 0.0167
v -0.010943 -0.001734 0.0167
v -0.011145 -0.001651 0.0167
v -0.011353 -0.001585 0.0167
v -0.010393 -0.002085 0.0167
v -0.010566 -0.001952 0.0167
v -0.01075 -0.001835 0.0167
v -0.009952 -0.002566 0.0167
v -0.010085 -0.002393 0.0167
v -0.010232 -0.002232 0.0167
v -0.009651 -0.003145 0.0167
v -0.009734 -0.002943 0.0167
v -0.009835 -0.00275 0.0167
v -0.00951 -0.003782 0.0167
v -0.009538 -0.003566 0.0167
v -0.009585 -0.003353 0.0167
v -0.009538 -0.004434 0.0167
v -0.00951 -0.004218 0.0167
v -0.0095 -0.004 0.0167
v -0.009734 -0.005057 0.0167
v -0.009651 -0.004855 0.0167
v -0.009585 -0.004647 0.0167
v -0.010085 -0.005607 0.0167
v -0.009952 -0.005434 0.0167
v -0.009835 -0.00525 0.0167
v -0.010566 -0.006048 0.0167
v -0.010393 -0.005915 0.0167
v -0.010232 -0.005768 0.0167
v -0.011145 -0.006349 0.0167
v -0.010943 -0.006266 0.0167
v -0.01075 -0.006165 0.0167
v -0.011782 -0.00649 0.0167
v -0.011566 -0.006462 0.0167
v -0.011353 -0.006415 0.0167
v -0.012434 -0.006462 0.0167
v -0.012218 -0.00649 0.0167
v -0.012 -0.0065 0.0167
v -0.013057 -0.006266 0.0167
v -0.012855 -0.006349 0.0167
v -0.012647 -0.006415 0.0167
v -0.013607 -0.005915 0.0167
v -0.013434 -0.006048 0.0167
v -0.01325 -0.006165 0.0167
v -0.014048 -0.005434 0.0167
v -0.013915 -0.005607 0.0167
v -0.013768 -0.005768 0.0167
v -0.014349 -0.004855 0.0167
v -0.014266 -0.005057 0.0167
v -0.014165 -0.00525 0.0167
v -0.014462 -0.004434 0.0167
v -0.014415 -0.004647 0.0167
v -0.014462 -0.035566 0.0167
v -0.01449 -0.035782 0.0167
v -0.012 -0.036 0.0167
v -0.0145 -0.036 0.0167
v -0.01449 -0.036218 0.0167
v -0.014266 -0.034943 0.0167
v -0.014349 -0.035145 0.0167
v -0.014415 -0.035353 0.0167
v -0.013915 -0.034393 0.0167
v -0.014048 -0.034566 0.0167
v -0.014165 -0.03475 0.0167
v -0.013434 -0.033952 0.0167
v -0.013607 -0.034085 0.0167
v -0.013768 -0.034232 0.0167
v -0.012855 -0.033651 0.0167
v -0.013057 -0.033734 0.0167
v -0.01325 -0.033835 0.0167
v -0.012218 -0.03351 0.0167
v -0.012434 -0.033538 0.0167
v -0.012647 -0.033585 0.0167
v -0.011566 -0.033538 0.0167
v -0.011782 -0.03351 0.0167
v -0.012 -0.0335 0.0167
v -0.010943 -0.033734 0.0167
v -0.011145 -0.033651 0.0167
v -0.011353 -0.033585 0.0167
v -0.010393 -0.034085 0.0167
v -0.010566 -0.033952 0.0167
v -0.01075 -0.033835 0.0167
v -0.009952 -0.034566 0.0167
v -0.010085 -0.034393 0.0167
v -0.010232 -0.034232 0.0167
v -0.009651 -0.035145 0.0167
v -0.009734 -0.034943 0.0167
v -0.009835 -0.03475 0.0167
v -0.00951 -0.035782 0.0167
v -0.009538 -0.035566 0.0167
v -0.009585 -0.035353 0.0167
v -0.009538 -0.036434 0.0167
v -0.00951 -0.036218 0.0167
v -0.0095 -0.036 0.0167
v -0.009734 -0.037057 0.0167
v -0.009651 -0.036855 0.0167
v -0.009585 -0.036647 0.0167
v -0.010085 -0.037607 0.0167
v -0.009952 -0.037434 0.0167
v -0.009835 -0.03725 0.0167
v -0.010566 -0.038048 0.0167
v -0.010393 -0.037915 0.0167
v -0.010232 -0.037768 0.0167
v -0.011145 -0.038349 0.0167
v -0.010943 -0.038266 0.0167
v -0.01075 -0.038165 0.0167
v -0.011782 -0.03849 0.0167
v -0.011566 -0.038462 0.0167
v -0.011353 -0.038415 0.0167
v -0.012434 -0.038462 0.0167
v -0.012218 -0.03849 0.0167
v -0.012 -0.0385 0.0167
v -0.013057 -0.038266 0.0167
v -0.012855 -0.038349 0.0167
v -0.012647 -0.038415 0.0167
v -0.013607 -0.037915 0.0167
v -0.013434 -0.038048 0.0167
v -0.01325 -0.038165 0.0167
v -0.014048 -0.037434 0.0167
v -0.013915 -0.037607 0.0167
v -0.013768 -0.037768 0.0167
v -0.014349 -0.036855 0.0167
v -0.014266 -0.037057 0.0167
v -0.014165 -0.03725 0.0167
v -0.014462 -0.036434 0.0167
v -0.014415 -0.036647 0.0167
v -0.006462 -0.003566 0.0167
v -0.00649 -0.003782 0.0167
v -0.004 -0.004 0.0167
v -0.0065 -0.004 0.0167
v -0.00649 -0.004218 0.0167
v -0.006266 -0.002943 0.0167
v -0.006349 -0.003145 0.0167
v -0.006415 -0.003353 0.0167
v -0.005915 -0.002393 0.0167
v -0.006048 -0.002566 0.0167
v -0.006165 -0.00275 0.0167
v -0.005434 -0.001952 0.0167
v -0.005607 -0.002085 0.0167
v -0.005768 -0.002232 0.0167
v -0.004855 -0.001651 0.0167
v -0.005057 -0.001734 0.0167
v -0.00525 -0.001835 0.0167
v -0.004218 -0.00151 0.0167
v -0.004434 -0.001538 0.0167
v -0.004647 -0.001585 0.0167
v -0.003566 -0.001538 0.0167
v -0.003782 -0.00151 0.0167
v -0.004 -0.0015 0.0167
v -0.002943 -0.001734 0.0167
v -0.003145 -0.001651 0.0167
v -0.003353 -0.001585 0.0167
v -0.002393 -0.002085 0.0167
v -0.002566 -0.001952 0.0167
v -0.00275 -0.001835 0.0167
v -0.001952 -0.002566 0.0167
v -0.002085 -0.002393 0.0167
v -0.002232 -0.002232 0.0167
v -0.001651 -0.003145 0.0167
v -0.001734 -0.002943 0.0167
v -0.001835 -0.00275 0.0167
v -0.00151 -0.003782 0.0167
v -0.001538 -0.003566 0.0167
v -0.001585 -0.003353 0.0167
v -0.001538 -0.004434 0.0167
v -0.00151 -0.004218 0.0167
v -0.0015 -0.004 0.0167
v -0.001734 -0.005057 0.0167
v -0.001651 -0.004855 0.0167
v -0.001585 -0.004647 0.0167
v -0.002085 -0.005607 0.0167
v -0.001952 -0.005434 0.0167
v -0.001835 -0.00525 0.0167
v -0.002566 -0.006048 0.0167
v -0.002393 -0.005915 0.0167
v -0.002232 -0.005768 0.0167
v -0.003145 -0.006349 0.0167
v -0.002943 -0.006266 0.0167
v -0.00275 -0.006165 0.0167
v -0.003782 -0.00649 0.0167
v -0.003566 -0.006462 0.0167
v -0.003353 -0.006415 0.0167
v -0.004434 -0.006462 0.0167
v -0.004218 -0.00649 0.0167
v -0.004 -0.0065 0.0167
v -0.005057 -0.006266 0.0167
v -0.004855 -0.006349 0.0167
v -0.004647 -0.006415 0.0167
v -0.005607 -0.005915 0.0167
v -0.005434 -0.006048 0.0167
v -0.00525 -0.006165 0.0167
v -0.006048 -0.005434 0.0167
v -0.005915 -0.005607 0.0167
v -0.005768 -0.005768 0.0167
v -0.006349 -0.004855 0.0167
v -0.006266 -0.005057 0.0167
v -0.006165 -0.00525 0.0167
v -0.006462 -0.004434 0.0167
v -0.006415 -0.004647 0.0167
v -0.006462 -0.035566 0.0167
v -0.00649 -0.035782 0.0167
v -0.004 -0.036 0.0167
v -0.0065 -0.036 0.0167
v -0.00649 -0.036218 0.0167
v -0.006266 -0.034943 0.0167
v -0.006349 -0.035145 0.0167
v -0.006415 -0.035353 0.0167
v -0.005915 -0.034393 0.0167
v -0.006048 -0.034566 0.0167
v -0.006165 -0.03475 0.0167
v -0.005434 -0.033952 0.0167
v -0.005607 -0.034085 0.0167
v -0.005768 -0.034232 0.0167
v -0.004855 -0.033651 0.0167
v -0.005057 -0.033734 0.0167
v -0.00525 -0.033835 0.0167
v -0.004218 -0.03351 0.0167
v -0.004434 -0.033538 0.0167
v -0.004647 -0.033585 0.0167
v -0.003566 -0.033538 0.0167
v -0.003782 -0.03351 0.0167
v -0.004 -0.0335 0.0167
v -0.002943 -0.033734 0.0167
v -0.003145 -0.033651 0.0167
v -0.003353 -0.033585 0.0167
v -0.002393 -0.034085 0.0167
v -0.002566 -0.033952 0.0167
v -0.00275 -0.033835 0.0167
v -0.001952 -0.034566 0.0167
v -0.002085 -0.034393 0.0167
v -0.002232 -0.034232 0.0167
v -0.001651 -0.035145 0.0167
v -0.001734 -0.034943 0.0167
v -0.001835 -0.03475 0.0167
v -0.00151 -0.035782 0.0167
v -0.001538 -0.035566 0.0167
v -0.001585 -0.035353 0.0167
v -0.001538 -0.036434 0.0167
v -0.00151 -0.036218 0.0167
v -0.0015 -0.036 0.0167
v -0.001734 -0.037057 0.0167
v -0.001651 -0.036855 0.0167
v -0.001585 -0.036647 0.0167
v -0.002085 -0.037607 0.0167
v -0.001952 -0.037434 0.0167
v -0.001835 -0.03725 0.0167
v -0.002566 -0.038048 0.0167
v -0.002393 -0.037915 0.0167
v -0.002232 -0.037768 0.0167
v -0.003145 -0.038349 0.0167
v -0.002943 -0.038266 0.0167
v -0.00275 -0.038165 0.0167
v -0.003782 -0.03849 0.0167
v -0.003566 -0.038462 0.0167
v -0.003353 -0.038415 0.0167
v -0.004434 -0.038462 0.0167
v -0.004218 -0.03849 0.0167
v -0.004 -0.0385 0.0167
v -0.005057 -0.038266 0.0167
v -0.004855 -0.038349 0.0167
v -0.004647 -0.038415 0.0167
v -0.005607 -0.037915 0.0167
v -0.005434 -0.038048 0.0167
v -0.00525 -0.038165 0.0167
v -0.006048 -0.037434 0.0167
v -0.005915 -0.037607 0.0167
v -0.005768 -0.037768 0.0167
v -0.006349 -0.036855 0.0167
v -0.006266 -0.037057 0.0167
v -0.006165 -0.03725 0.0167
v -0.006462 -0.036434 0.0167
v -0.006415 -0.036647 0.0167
v 0.001538 -0.043566 0.0167
v 0.00151 -0.043782 0.0167
v 0.004 -0.044 0.0167
v 0.0015 -0.044 0.0167
v 0.00151 -0.044218 0.0167
v 0.001734 -0.042943 0.0167
v 0.001651 -0.043145 0.0167
v 0.001585 -0.043353 0.0167
v 0.002085 -0.042393 0.0167
v 0.001952 -0.042566 0.0167
v 0.001835 -0.04275 0.0167
v 0.002566 -0.041952 0.0167
v 0.002393 -0.042085 0.0167
v 0.002232 -0.042232 0.0167
v 0.003145 -0.041651 0.0167
v 0.002943 -0.041734 0.0167
v 0.00275 -0.041835 0.0167
v 0.003782 -0.04151 0.0167
v 0.003566 -0.041538 0.0167
v 0.003353 -0.041585 0.0167
v 0.004434 -0.041538 0.0167
v 0.004218 -0.04151 0.0167
v 0.004 -0.0415 0.0167
v 0.005057 -0.041734 0.0167
v 0.004855 -0.041651 0.0167
v 0.004647 -0.041585 0.0167
v 0.005607 -0.042085 0.0167
v 0.005434 -0.041952 0.0167
v 0.00525 -0.041835 0.0167
v 0.006048 -0.042566 0.0167
v 0.005915 -0.042393 0.0167
v 0.005768 -0.042232 0.0167
v 0.006349 -0.043145 0.0167
v 0.006266 -0.042943 0.0167
v 0.006165 -0.04275 0.0167
v 0.00649 -0.043782 0.0167
v 0.006462 -0.043566 0.0167
v 0.006415 -0.043353 0.0167
v 0.006462 -0.044434 0.0167
v 0.00649 -0.044218 0.0167
v 0.0065 -0.044 0.0167
v 0.006266 -0.045057 0.0167
v 0.006349 -0.044855 0.0167
v 0.006415 -0.044647 0.0167
v 0.005915 -0.045607 0.0167
v 0.006048 -0.045434 0.0167
v 0.006165 -0.04525 0.0167
v 0.005434 -0.046048 0.0167
v 0.005607 -0.045915 0.0167
v 0.005768 -0.045768 0.0167
v 0.004855 -0.046349 0.0167
v 0.005057 -0.046266 0.0167
v 0.00525 -0.046165 0.0167
v 0.004218 -0.04649 0.0167
v 0.004434 -0.046462 0.0167
v 0.004647 -0.046415 0.0167
v 0.003566 -0.046462 0.0167
v 0.003782 -0.04649 0.0167
v 0.004 -0.0465 0.0167
v 0.002943 -0.046266 0.0167
v 0.003145 -0.046349 0.0167
v 0.003353 -0.046415 0.0167
v 0.002393 -0.045915 0.0167
v 0.002566 -0.046048 0.0167
v 0.00275 -0.046165 0.0167
v 0.001952 -0.045434 0.0167
v 0.002085 -0.045607 0.0167
v 0.002232 -0.045768 0.0167
v 0.001651 -0.044855 0.0167
v 0.001734 -0.045057 0.0167
v 0.001835 -0.04525 0.0167
v 0.001538 -0.044434 0.0167
v 0.001585 -0.044647 0.0167
v 0.001538 0.004434 0.0167
v 0.00151 0.004218 0.0167
v 0.004 0.004 0.0167
v 0.0015 0.004 0.0167
v 0.00151 0.003782 0.0167
v 0.001734 0.005057 0.0167
v 0.001651 0.004855 0.0167
v 0.001585 0.004647 0.0167
v 0.002085 0.005607 0.0167
v 0.001952 0.005434 0.0167
v 0.001835 0.00525 0.0167
v 0.002566 0.006048 0.0167
v 0.002393 0.005915 0.0167
v 0.002232 0.005768 0.0167
v 0.003145 0.006349 0.0167
v 0.002943 0.006266 0.0167
v 0.00275 0.006165 0.0167
v 0.003782 0.00649 0.0167
v 0.003566 0.006462 0.0167
v 0.003353 0.006415 0.0167
v 0.004434 0.006462 0.0167
v 0.004218 0.00649 0.0167
v 0.004 0.0065 0.0167
v 0.005057 0.006266 0.0167
v 0.004855 0.006349 0.0167
v 0.004647 0.006415 0.0167
v 0.005607 0.005915 0.0167
v 0.005434 0.006048 0.0167
v 0.00525 0.006165 0.0167
v 0.006048 0.005434 0.0167
v 0.005915 0.005607 0.0167
v 0.005768 0.005768 0.0167
v 0.006349 0.004855 0.0167
v 0.006266 0.005057 0.0167
v 0.006165 0.00525 0.0167
v 0.00649 0.004218 0.0167
v 0.006462 0.004434 0.0167
v 0.006415 0.004647 0.0167
v 0.006462 0.003566 0.0167
v 0.00649 0.003782 0.0167
v 0.0065 0.004 0.0167
v 0.006266 0.002943 0.0167
v 0.006349 0.003145 0.0167
v 0.006415 0.003353 0.0167
v 0.005915 0.002393 0.0167
v 0.006048 0.002566 0.0167
v 0.006165 0.00275 0.0167
v 0.005434 0.001952 0.0167
v 0.005607 0.002085 0.0167
v 0.005768 0.002232 0.0167
v 0.004855 0.001651 0.0167
v 0.005057 0.001734 0.0167
v 0.00525 0.001835 0.0167
v 0.004218 0.00151 0.0167
v 0.004434 0.001538 0.0167
v 0.004647 0.001585 0.0167
v 0.003566 0.001538 0.0167
v 0.003782 0.00151 0.0167
v 0.004 0.0015 0.0167
v 0.002943 0.001734 0.0167
v 0.003145 0.001651 0.0167
v 0.003353 0.001585 0.0167
v 0.002393 0.002085 0.0167
v 0.002566 0.001952 0.0167
v 0.00275 0.001835 0.0167
v 0.001952 0.002566 0.0167
v 0.002085 0.002393 0.0167
v 0.002232 0.002232 0.0167
v 0.001651 0.003145 0.0167
v 0.001734 0.002943 0.0167
v 0.001835 0.00275 0.0167
v 0.001538 0.003566 0.0167
v 0.001585 0.003353 0.0167
v 0.009538 -0.003566 0.0167
v 0.00951 -0.003782 0.0167
v 0.012 -0.004 0.0167
v 0.0095 -0.004 0.0167
v 0.00951 -0.004218 0.0167
v 0.009734 -0.002943 0.0167
v 0.009651 -0.003145 0.0167
v 0.009585 -0.003353 0.0167
v 0.010085 -0.002393 0.0167
v 0.009952 -0.002566 0.0167
v 0.009835 -0.00275 0.0167
v 0.010566 -0.001952 0.0167
v 0.010393 -0.002085 0.0167
v 0.010232 -0.002232 0.0167
v 0.011145 -0.001651 0.0167
v 0.010943 -0.001734 0.0167
v 0.01075 -0.001835 0.0167
v 0.011782 -0.00151 0.0167
v 0.011566 -0.001538 0.0167
v 0.011353 -0.001585 0.0167
v 0.012434 -0.001538 0.0167
v 0.012218 -0.00151 0.0167
v 0.012 -0.0015 0.0167
v 0.013057 -0.001734 0.0167
v 0.012855 -0.001651 0.0167
v 0.012647 -0.001585 0.0167
v 0.013607 -0.002085 0.0167
v 0.013434 -0.001952 0.0167
v 0.01325 -0.001835 0.0167
v 0.014048 -0.002566 0.0167
v 0.013915 -0.002393 0.0167
v 0.013768 -0.002232 0.0167
v 0.014349 -0.003145 0.0167
v 0.014266 -0.002943 0.0167
v 0.014165 -0.00275 0.0167
v 0.01449 -0.003782 0.0167
v 0.014462 -0.003566 0.0167
v 0.014415 -0.003353 0.0167
v 0.014462 -0.004434 0.0167
v 0.01449 -0.004218 0.0167
v 0.0145 -0.004 0.0167
v 0.014266 -0.005057 0.0167
v 0.014349 -0.004855 0.0167
v 0.014415 -0.004647 0.0167
v 0.013915 -0.005607 0.0167
v 0.014048 -0.005434 0.0167
v 0.014165 -0.00525 0.0167
v 0.013434 -0.006048 0.0167
v 0.013607 -0.005915 0.0167
v 0.013768 -0.005768 0.0167
v 0.012855 -0.006349 0.0167
v 0.013057 -0.006266 0.0167
v 0.01325 -0.006165 0.0167
v 0.012218 -0.00649 0.0167
v 0.012434 -0.006462 0.0167
v 0.012647 -0.006415 0.0167
v 0.011566 -0.006462 0.0167
v 0.011782 -0.00649 0.0167
v 0.012 -0.0065 0.0167
v 0.010943 -0.006266 0.0167
v 0.011145 -0.006349 0.0167
v 0.011353 -0.006415 0.0167
v 0.010393 -0.005915 0.0167
v 0.010566 -0.006048 0.0167
v 0.01075 -0.006165 0.0167
v 0.009952 -0.005434 0.0167
v 0.010085 -0.005607 0.0167
v 0.010232 -0.005768 0.0167
v 0.009651 -0.004855 0.0167
v 0.009734 -0.005057 0.0167
v 0.009835 -0.00525 0.0167
v 0.009538 -0.004434 0.0167
v 0.009585 -0.004647 0.0167
v 0.009538 -0.035566 0.0167
v 0.00951 -0.035782 0.0167
v 0.012 -0.036 0.0167
v 0.0095 -0.036 0.0167
v 0.00951 -0.036218 0.0167
v 0.009734 -0.034943 0.0167
v 0.009651 -0.035145 0.0167
v 0.009585 -0.035353 0.0167
v 0.010085 -0.034393 0.0167
v 0.009952 -0.034566 0.0167
v 0.009835 -0.03475 0.0167
v 0.010566 -0.033952 0.0167
v 0.010393 -0.034085 0.0167
v 0.010232 -0.034232 0.0167
v 0.011145 -0.033651 0.0167
v 0.010943 -0.033734 0.0167
v 0.01075 -0.033835 0.0167
v 0.011782 -0.03351 0.0167
v 0.011566 -0.033538 0.0167
v 0.011353 -0.033585 0.0167
v 0.012434 -0.033538 0.0167
v 0.012218 -0.03351 0.0167
v 0.012 -0.0335 0.0167
v 0.013057 -0.033734 0.0167
v 0.012855 -0.033651 0.0167
v 0.012647 -0.033585 0.0167
v 0.013607 -0.034085 0.0167
v 0.013434 -0.033952 0.0167
v 0.01325 -0.033835 0.0167
v 0.014048 -0.034566 0.0167
v 0.013915 -0.034393 0.0167
v 0.013768 -0.034232 0.0167
v 0.014349 -0.035145 0.0167
v 0.014266 -0.034943 0.0167
v 0.014165 -0.03475 0.0167
v 0.01449 -0.035782 0.0167
v 0.014462 -0.035566 0.0167
v 0.014415 -0.035353 0.0167
v 0.014462 -0.036434 0.0167
v 0.01449 -0.036218 0.0167
v 0.0145 -0.036 0.0167
v 0.014266 -0.037057 0.0167
v 0.014349 -0.036855 0.0167
v 0.014415 -0.036647 0.0167
v 0.013915 -0.037607 0.0167
v 0.014048 -0.037434 0.0167
v 0.014165 -0.03725 0.0167
v 0.013434 -0.038048 0.0167
v 0.013607 -0.037915 0.0167
v 0.013768 -0.037768 0.0167
v 0.012855 -0.038349 0.0167
v 0.013057 -0.038266 0.0167
v 0.01325 -0.038165 0.0167
v 0.012218 -0.03849 0.0167
v 0.012434 -0.038462 0.0167
v 0.012647 -0.038415 0.0167
v 0.011566 -0.038462 0.0167
v 0.011782 -0.03849 0.0167
v 0.012 -0.0385 0.0167
v 0.010943 -0.038266 0.0167
v 0.011145 -0.038349 0.0167
v 0.011353 -0.038415 0.0167
v 0.010393 -0.037915 0.0167
v 0.010566 -0.038048 0.0167
v 0.01075 -0.038165 0.0167
v 0.009952 -0.037434 0.0167
v 0.010085 -0.037607 0.0167
v 0.010232 -0.037768 0.0167
v 0.009651 -0.036855 0.0167
v 0.009734 -0.037057 0.0167
v 0.009835 -0.03725 0.0167
v 0.009538 -0.036434 0.0167
v 0.009585 -0.036647 0.0167
v 0.009538 -0.027566 0.0167
v 0.00951 -0.027782 0.0167
v 0.012 -0.028 0.0167
v 0.0095 -0.028 0.0167
v 0.00951 -0.028218 0.0167
v 0.009734 -0.026943 0.0167
v 0.009651 -0.027145 0.0167
v 0.009585 -0.027353 0.0167
v 0.010085 -0.026393 0.0167
v 0.009952 -0.026566 0.0167
v 0.009835 -0.02675 0.0167
v 0.010566 -0.025952 0.0167
v 0.010393 -0.026085 0.0167
v 0.010232 -0.026232 0.0167
v 0.011145 -0.025651 0.0167
v 0.010943 -0.025734 0.0167
v 0.01075 -0.025835 0.0167
v 0.011782 -0.02551 0.0167
v 0.011566 -0.025538 0.0167
v 0.011353 -0.025585 0.0167
v 0.012434 -0.025538 0.0167
v 0.012218 -0.02551 0.0167
v 0.012 -0.0255 0.0167
v 0.013057 -0.025734 0.0167
v 0.012855 -0.025651 0.0167
v 0.012647 -0.025585 0.0167
v 0.013607 -0.026085 0.0167
v 0.013434 -0.025952 0.0167
v 0.01325 -0.025835 0.0167
v 0.014048 -0.026566 0.0167
v 0.013915 -0.026393 0.0167
v 0.013768 -0.026232 0.0167
v 0.014349 -0.027145 0.0167
v 0.014266 -0.026943 0.0167
v 0.014165 -0.02675 0.0167
v 0.01449 -0.027782 0.0167
v 0.014462 -0.027566 0.0167
v 0.014415 -0.027353 0.0167
v 0.014462 -0.028434 0.0167
v 0.01449 -0.028218 0.0167
v 0.0145 -0.028 0.0167
v 0.014266 -0.029057 0.0167
v 0.014349 -0.028855 0.0167
v 0.014415 -0.028647 0.0167
v 0.013915 -0.029607 0.0167
v 0.014048 -0.029434 0.0167
v 0.014165 -0.02925 0.0167
v 0.013434 -0.030048 0.0167
v 0.013607 -0.029915 0.0167
v 0.013768 -0.029768 0.0167
v 0.012855 -0.030349 0.0167
v 0.013057 -0.030266 0.0167
v 0.01325 -0.030165 0.0167
v 0.012218 -0.03049 0.0167
v 0.012434 -0.030462 0.0167
v 0.012647 -0.030415 0.0167
v 0.011566 -0.030462 0.0167
v 0.011782 -0.03049 0.0167
v 0.012 -0.0305 0.0167
v 0.010943 -0.030266 0.0167
v 0.011145 -0.030349 0.0167
v 0.011353 -0.030415 0.0167
v 0.010393 -0.029915 0.0167
v 0.010566 -0.030048 0.0167
v 0.01075 -0.030165 0.0167
v 0.009952 -0.029434 0.0167
v 0.010085 -0.029607 0.0167
v 0.010232 -0.029768 0.0167
v 0.009651 -0.028855 0.0167
v 0.009734 -0.029057 0.0167
v 0.009835 -0.02925 0.0167
v 0.009538 -0.028434 0.0167
v 0.009585 -0.028647 0.0167
v 0.009538 0.004434 0.0167
v 0.00951 0.004218 0.0167
v 0.012 0.004 0.0167
v 0.0095 0.004 0.0167
v 0.00951 0.003782 0.0167
v 0.009734 0.005057 0.0167
v 0.009651 0.004855 0.0167
v 0.009585 0.004647 0.0167
v 0.010085 0.005607 0.0167
v 0.009952 0.005434 0.0167
v 0.009835 0.00525 0.0167
v 0.010566 0.006048 0.0167
v 0.010393 0.005915 0.0167
v 0.010232 0.005768 0.0167
v 0.011145 0.006349 0.0167
v 0.010943 0.006266 0.0167
v 0.01075 0.006165 0.0167
v 0.011782 0.00649 0.0167
v 0.011566 0.006462 0.0167
v 0.011353 0.006415 0.0167
v 0.012434 0.006462 0.0167
v 0.012218 0.00649 0.0167
v 0.012 0.0065 0.0167
v 0.013057 0.006266 0.0167
v 0.012855 0.006349 0.0167
v 0.012647 0.006415 0.0167
v 0.013607 0.005915 0.0167
v 0.013434 0.006048 0.0167
v 0.01325 0.006165 0.0167
v 0.014048 0.005434 0.0167
v 0.013915 0.005607 0.0167
v 0.013768 0.005768 0.0167
v 0.014349 0.004855 0.0167
v 0.014266 0.005057 0.0167
v 0.014165 0.00525 0.0167
v 0.01449 0.004218 0.0167
v 0.014462 0.004434 0.0167
v 0.014415 0.004647 0.0167
v 0.014462 0.003566 0.0167
v 0.01449 0.003782 0.0167
v 0.0145 0.004 0.0167
v 0.014266 0.002943 0.0167
v 0.014349 0.003145 0.0167
v 0.014415 0.003353 0.0167
v 0.013915 0.002393 0.0167
v 0.014048 0.002566 0.0167
v 0.014165 0.00275 0.0167
v 0.013434 0.001952 0.0167
v 0.013607 0.002085 0.0167
v 0.013768 0.002232 0.0167
v 0.012855 0.001651 0.0167
v 0.013057 0.001734 0.0167
v 0.01325 0.001835 0.0167
v 0.012218 0.00151 0.0167
v 0.012434 0.001538 0.0167
v 0.012647 0.001585 0.0167
v 0.011566 0.001538 0.0167
v 0.011782 0.00151 0.0167
v 0.012 0.0015 0.0167
v 0.010943 0.001734 0.0167
v 0.011145 0.001651 0.0167
v 0.011353 0.001585 0.0167
v 0.010393 0.002085 0.0167
v 0.010566 0.001952 0.0167
v 0.01075 0.001835 0.0167
v 0.009952 0.002566 0.0167
v 0.010085 0.002393 0.0167
v 0.010232 0.002232 0.0167
v 0.009651 0.003145 0.0167
v 0.009734 0.002943 0.0167
v 0.009835 0.00275 0.0167
v 0.009538 0.003566 0.0167
v 0.009585 0.003353 0.0167
v 0.001538 -0.003566 0.0167
v 0.00151 -0.003782 0.0167
v 0.004 -0.004 0.0167
v 0.0015 -0.004 0.0167
v 0.00151 -0.004218 0.0167
v 0.001734 -0.002943 0.0167
v 0.001651 -0.003145 0.0167
v 0.001585 -0.003353 0.0167
v 0.002085 -0.002393 0.0167
v 0.001952 -0.002566 0.0167
v 0.001835 -0.00275 0.0167
v 0.002566 -0.001952 0.0167
v 0.002393 -0.002085 0.0167
v 0.002232 -0.002232 0.0167
v 0.003145 -0.001651 0.0167
v 0.002943 -0.001734 0.0167
v 0.00275 -0.001835 0.0167
v 0.003782 -0.00151 0.0167
v 0.003566 -0.001538 0.0167
v 0.003353 -0.001585 0.0167
v 0.004434 -0.001538 0.0167
v 0.004218 -0.00151 0.0167
v 0.004 -0.0015 0.0167
v 0.005057 -0.001734 0.0167
v 0.004855 -0.001651 0.0167
v 0.004647 -0.001585 0.0167
v 0.005607 -0.002085 0.0167
v 0.005434 -0.001952 0.0167
v 0.00525 -0.001835 0.0167
v 0.006048 -0.002566 0.0167
v 0.005915 -0.002393 0.0167
v 0.005768 -0.002232 0.0167
v 0.006349 -0.003145 0.0167
v 0.006266 -0.002943 0.0167
v 0.006165 -0.00275 0.0167
v 0.00649 -0.003782 0.0167
v 0.006462 -0.003566 0.0167
v 0.006415 -0.003353 0.0167
v 0.006462 -0.004434 0.0167
v 0.00649 -0.004218 0.0167
v 0.0065 -0.004 0.0167
v 0.006266 -0.005057 0.0167
v 0.006349 -0.004855 0.0167
v 0.006415 -0.004647 0.0167
v 0.005915 -0.005607 0.0167
v 0.006048 -0.005434 0.0167
v 0.006165 -0.00525 0.0167
v 0.005434 -0.006048 0.0167
v 0.005607 -0.005915 0.0167
v 0.005768 -0.005768 0.0167
v 0.004855 -0.006349 0.0167
v 0.005057 -0.006266 0.0167
v 0.00525 -0.006165 0.0167
v 0.004218 -0.00649 0.0167
v 0.004434 -0.006462 0.0167
v 0.004647 -0.006415 0.0167
v 0.003566 -0.006462 0.0167
v 0.003782 -0.00649 0.0167
v 0.004 -0.0065 0.0167
v 0.002943 -0.006266 0.0167
v 0.003145 -0.006349 0.0167
v 0.003353 -0.006415 0.0167
v 0.002393 -0.005915 0.0167
v 0.002566 -0.006048 0.0167
v 0.00275 -0.006165 0.0167
v 0.001952 -0.005434 0.0167
v 0.002085 -0.005607 0.0167
v 0.002232 -0.005768 0.0167
v 0.001651 -0.004855 0.0167
v 0.001734 -0.005057 0.0167
v 0.001835 -0.00525 0.0167
v 0.001538 -0.004434 0.0167
v 0.001585 -0.004647 0.0167
v 0.001538 -0.035566 0.0167
v 0.00151 -0.035782 0.0167
v 0.004 -0.036 0.0167
v 0.0015 -0.036 0.0167
v 0.00151 -0.036218 0.0167
v 0.001734 -0.034943 0.0167
v 0.001651 -0.035145 0.0167
v 0.001585 -0.035353 0.0167
v 0.002085 -0.034393 0.0167
v 0.001952 -0.034566 0.0167
v 0.001835 -0.03475 0.0167
v 0.002566 -0.033952 0.0167
v 0.002393 -0.034085 0.0167
v 0.002232 -0.034232 0.0167
v 0.003145 -0.033651 0.0167
v 0.002943 -0.033734 0.0167
v 0.00275 -0.033835 0.0167
v 0.003782 -0.03351 0.0167
v 0.003566 -0.033538 0.0167
v 0.003353 -0.033585 0.0167
v 0.004434 -0.033538 0.0167
v 0.004218 -0.03351 0.0167
v 0.004 -0.0335 0.0167
v 0.005057 -0.033734 0.0167
v 0.004855 -0.033651 0.0167
v 0.004647 -0.033585 0.0167
v 0.005607 -0.034085 0.0167
v 0.005434 -0.033952 0.0167
v 0.00525 -0.033835 0.0167
v 0.006048 -0.034566 0.0167
v 0.005915 -0.034393 0.0167
v 0.005768 -0.034232 0.0167
v 0.006349 -0.035145 0.0167
v 0.006266 -0.034943 0.0167
v 0.006165 -0.03475 0.0167
v 0.00649 -0.035782 0.0167
v 0.006462 -0.035566 0.0167
v 0.006415 -0.035353 0.0167
v 0.006462 -0.036434 0.0167
v 0.00649 -0.036218 0.0167
v 0.0065 -0.036 0.0167
v 0.006266 -0.037057 0.0167
v 0.006349 -0.036855 0.0167
v 0.006415 -0.036647 0.0167
v 0.005915 -0.037607 0.0167
v 0.006048 -0.037434 0.0167
v 0.006165 -0.03725 0.0167
v 0.005434 -0.038048 0.0167
v 0.005607 -0.037915 0.0167
v 0.005768 -0.037768 0.0167
v 0.004855 -0.038349 0.0167
v 0.005057 -0.038266 0.0167
v 0.00525 -0.038165 0.0167
v 0.004218 -0.03849 0.0167
v 0.004434 -0.038462 0.0167
v 0.004647 -0.038415 0.0167
v 0.003566 -0.038462 0.0167
v 0.003782 -0.03849 0.0167
v 0.004 -0.0385 0.0167
v 0.002943 -0.038266 0.0167
v 0.003145 -0.038349 0.0167
v 0.003353 -0.038415 0.0167
v 0.002393 -0.037915 0.0167
v 0.002566 -0.038048 0.0167
v 0.00275 -0.038165 0.0167
v 0.001952 -0.037434 0.0167
v 0.002085 -0.037607 0.0167
v 0.002232 -0.037768 0.0167
v 0.001651 -0.036855 0.0167
v 0.001734 -0.037057 0.0167
v 0.001835 -0.03725 0.0167
v 0.001538 -0.036434 0.0167
v 0.001585 -0.036647 0.0167
v -0.006462 -0.027566 0.0167
v -0.00649 -0.027782 0.0167
v -0.004 -0.028 0.0167
v -0.0065 -0.028 0.0167
v -0.00649 -0.028218 0.0167
v -0.006266 -0.026943 0.0167
v -0.006349 -0.027145 0.0167
v -0.006415 -0.027353 0.0167
v -0.005915 -0.026393 0.0167
v -0.006048 -0.026566 0.0167
v -0.006165 -0.02675 0.0167
v -0.005434 -0.025952 0.0167
v -0.005607 -0.026085 0.0167
v -0.005768 -0.026232 0.0167
v -0.004855 -0.025651 0.0167
v -0.005057 -0.025734 0.0167
v -0.00525 -0.025835 0.0167
v -0.004218 -0.02551 0.0167
v -0.004434 -0.025538 0.0167
v -0.004647 -0.025585 0.0167
v -0.003566 -0.025538 0.0167
v -0.003782 -0.02551 0.0167
v -0.004 -0.0255 0.0167
v -0.002943 -0.025734 0.0167
v -0.003145 -0.025651 0.0167
v -0.003353 -0.025585 0.0167
v -0.002393 -0.026085 0.0167
v -0.002566 -0.025952 0.0167
v -0.00275 -0.025835 0.0167
v -0.001952 -0.026566 0.0167
v -0.002085 -0.026393 0.0167
v -0.002232 -0.026232 0.0167
v -0.001651 -0.027145 0.0167
v -0.001734 -0.026943 0.0167
v -0.001835 -0.02675 0.0167
v -0.00151 -0.027782 0.0167
v -0.001538 -0.027566 0.0167
v -0.001585 -0.027353 0.0167
v -0.001538 -0.028434 0.0167
v -0.00151 -0.028218 0.0167
v -0.0015 -0.028 0.0167
v -0.001734 -0.029057 0.0167
v -0.001651 -0.028855 0.0167
v -0.001585 -0.028647 0.0167
v -0.002085 -0.029607 0.0167
v -0.001952 -0.029434 0.0167
v -0.001835 -0.02925 0.0167
v -0.002566 -0.030048 0.0167
v -0.002393 -0.029915 0.0167
v -0.002232 -0.029768 0.0167
v -0.003145 -0.030349 0.0167
v -0.002943 -0.030266 0.0167
v -0.00275 -0.030165 0.0167
v -0.003782 -0.03049 0.0167
v -0.003566 -0.030462 0.0167
v -0.003353 -0.030415 0.0167
v -0.004434 -0.030462 0.0167
v -0.004218 -0.03049 0.0167
v -0.004 -0.0305 0.0167
v -0.005057 -0.030266 0.0167
v -0.004855 -0.030349 0.0167
v -0.004647 -0.030415 0.0167
v -0.005607 -0.029915 0.0167
v -0.005434 -0.030048 0.0167
v -0.00525 -0.030165 0.0167
v -0.006048 -0.029434 0.0167
v -0.005915 -0.029607 0.0167
v -0.005768 -0.029768 0.0167
v -0.006349 -0.028855 0.0167
v -0.006266 -0.029057 0.0167
v -0.006165 -0.02925 0.0167
v -0.006462 -0.028434 0.0167
v -0.006415 -0.028647 0.0167
v -0.006462 0.004434 0.0167
v -0.00649 0.004218 0.0167
v -0.004 0.004 0.0167
v -0.0065 0.004 0.0167
v -0.00649 0.003782 0.0167
v -0.006266 0.005057 0.0167
v -0.006349 0.004855 0.0167
v -0.006415 0.004647 0.0167
v -0.005915 0.005607 0.0167
v -0.006048 0.005434 0.0167
v -0.006165 0.00525 0.0167
v -0.005434 0.006048 0.0167
v -0.005607 0.005915 0.0167
v -0.005768 0.005768 0.0167
v -0.004855 0.006349 0.0167
v -0.005057 0.006266 0.0167
v -0.00525 0.006165 0.0167
v -0.004218 0.00649 0.0167
v -0.004434 0.006462 0.0167
v -0.004647 0.006415 0.0167
v -0.003566 0.006462 0.0167
v -0.003782 0.00649 0.0167
v -0.004 0.0065 0.0167
v -0.002943 0.006266 0.0167
v -0.003145 0.006349 0.0167
v -0.003353 0.006415 0.0167
v -0.002393 0.005915 0.0167
v -0.002566 0.006048 0.0167
v -0.00275 0.006165 0.0167
v -0.001952 0.005434 0.0167
v -0.002085 0.005607 0.0167
v -0.002232 0.005768 0.0167
v -0.001651 0.004855 0.0167
v -0.001734 0.005057 0.0167
v -0.001835 0.00525 0.0167
v -0.00151 0.004218 0.0167
v -0.001538 0.004434 0.0167
v -0.001585 0.004647 0.0167
v -0.001538 0.003566 0.0167
v -0.00151 0.003782 0.0167
v -0.0015 0.004 0.0167
v -0.001734 0.002943 0.0167
v -0.001651 0.003145 0.0167
v -0.001585 0.003353 0.0167
v -0.002085 0.002393 0.0167
v -0.001952 0.002566 0.0167
v -0.001835 0.00275 0.0167
v -0.002566 0.001952 0.0167
v -0.002393 0.002085 0.0167
v -0.002232 0.002232 0.0167
v -0.003145 0.001651 0.0167
v -0.002943 0.001734 0.0167
v -0.00275 0.001835 0.0167
v -0.003782 0.00151 0.0167
v -0.003566 0.001538 0.0167
v -0.003353 0.001585 0.0167
v -0.004434 0.001538 0.0167
v -0.004218 0.00151 0.0167
v -0.004 0.0015 0.0167
v -0.005057 0.001734 0.0167
v -0.004855 0.001651 0.0167
v -0.004647 0.001585 0.0167
v -0.005607 0.002085 0.0167
v -0.005434 0.001952 0.0167
v -0.00525 0.001835 0.0167
v -0.006048 0.002566 0.0167
v -0.005915 0.002393 0.0167
v -0.005768 0.002232 0.0167
v -0.006349 0.003145 0.0167
v -0.006266 0.002943 0.0167
v -0.006165 0.00275 0.0167
v -0.006462 0.003566 0.0167
v -0.006415 0.003353 0.0167
v -0.014462 -0.027566 0.0167
v -0.01449 -0.027782 0.0167
v -0.012 -0.028 0.0167
v -0.0145 -0.028 0.0167
v -0.01449 -0.028218 0.0167
v -0.014266 -0.026943 0.0167
v -0.014349 -0.027145 0.0167
v -0.014415 -0.027353 0.0167
v -0.013915 -0.026393 0.0167
v -0.014048 -0.026566 0.0167
v -0.014165 -0.02675 0.0167
v -0.013434 -0.025952 0.0167
v -0.013607 -0.026085 0.0167
v -0.013768 -0.026232 0.0167
v -0.012855 -0.025651 0.0167
v -0.013057 -0.025734 0.0167
v -0.01325 -0.025835 0.0167
v -0.012218 -0.02551 0.0167
v -0.012434 -0.025538 0.0167
v -0.012647 -0.025585 0.0167
v -0.011566 -0.025538 0.0167
v -0.011782 -0.02551 0.0167
v -0.012 -0.0255 0.0167
v -0.010943 -0.025734 0.0167
v -0.011145 -0.025651 0.0167
v -0.011353 -0.025585 0.0167
v -0.010393 -0.026085 0.0167
v -0.010566 -0.025952 0.0167
v -0.01075 -0.025835 0.0167
v -0.009952 -0.026566 0.0167
v -0.010085 -0.026393 0.0167
v -0.010232 -0.026232 0.0167
v -0.009651 -0.027145 0.0167
v -0.009734 -0.026943 0.0167
v -0.009835 -0.02675 0.0167
v -0.00951 -0.027782 0.0167
v -0.009538 -0.027566 0.0167
v -0.009585 -0.027353 0.0167
v -0.009538 -0.028434 0.0167
v -0.00951 -0.028218 0.0167
v -0.0095 -0.028 0.0167
v -0.009734 -0.029057 0.0167
v -0.009651 -0.028855 0.0167
v -0.009585 -0.028647 0.0167
v -0.010085 -0.029607 0.0167
v -0.009952 -0.029434 0.0167
v -0.009835 -0.02925 0.0167
v -0.010566 -0.030048 0.0167
v -0.010393 -0.029915 0.0167
v -0.010232 -0.029768 0.0167
v -0.011145 -0.030349 0.0167
v -0.010943 -0.030266 0.0167
v -0.01075 -0.030165 0.0167
v -0.011782 -0.03049 0.0167
v -0.011566 -0.030462 0.0167
v -0.011353 -0.030415 0.0167
v -0.012434 -0.030462 0.0167
v -0.012218 -0.03049 0.0167
v -0.012 -0.0305 0.0167
v -0.013057 -0.030266 0.0167
v -0.012855 -0.030349 0.0167
v -0.012647 -0.030415 0.0167
v -0.013607 -0.029915 0.0167
v -0.013434 -0.030048 0.0167
v -0.01325 -0.030165 0.0167
v -0.014048 -0.029434 0.0167
v -0.013915 -0.029607 0.0167
v -0.013768 -0.029768 0.0167
v -0.014349 -0.028855 0.0167
v -0.014266 -0.029057 0.0167
v -0.014165 -0.02925 0.0167
v -0.014462 -0.028434 0.0167
v -0.014415 -0.028647 0.0167
v -0.014462 0.004434 0.0167
v -0.01449 0.004218 0.0167
v -0.012 0.004 0.0167
v -0.0145 0.004 0.0167
v -0.01449 0.003782 0.0167
v -0.014266 0.005057 0.0167
v -0.014349 0.004855 0.0167
v -0.014415 0.004647 0.0167
v -0.013915 0.005607 0.0167
v -0.014048 0.005434 0.0167
v -0.014165 0.00525 0.0167
v -0.013434 0.006048 0.0167
v -0.013607 0.005915 0.0167
v -0.013768 0.005768 0.0167
v -0.012855 0.006349 0.0167
v -0.013057 0.006266 0.0167
v -0.01325 0.006165 0.0167
v -0.012218 0.00649 0.0167
v -0.012434 0.006462 0.0167
v -0.012647 0.006415 0.0167
v -0.011566 0.006462 0.0167
v -0.011782 0.00649 0.0167
v -0.012 0.0065 0.0167
v -0.010943 0.006266 0.0167
v -0.011145 0.006349 0.0167
v -0.011353 0.006415 0.0167
v -0.010393 0.005915 0.0167
v -0.010566 0.006048 0.0167
v -0.01075 0.006165 0.0167
v -0.009952 0.005434 0.0167
v -0.010085 0.005607 0.0167
v -0.010232 0.005768 0.0167
v -0.009651 0.004855 0.0167
v -0.009734 0.005057 0.0167
v -0.009835 0.00525 0.0167
v -0.00951 0.004218 0.0167
v -0.009538 0.004434 0.0167
v -0.009585 0.004647 0.0167
v -0.009538 0.003566 0.0167
v -0.00951 0.003782 0.0167
v -0.0095 0.004 0.0167
v -0.009734 0.002943 0.0167
v -0.009651 0.003145 0.0167
v -0.009585 0.003353 0.0167
v -0.010085 0.002393 0.0167
v -0.009952 0.002566 0.0167
v -0.009835 0.00275 0.0167
v -0.010566 0.001952 0.0167
v -0.010393 0.002085 0.0167
v -0.010232 0.002232 0.0167
v -0.011145 0.001651 0.0167
v -0.010943 0.001734 0.0167
v -0.01075 0.001835 0.0167
v -0.011782 0.00151 0.0167
v -0.011566 0.001538 0.0167
v -0.011353 0.001585 0.0167
v -0.012434 0.001538 0.0167
v -0.012218 0.00151 0.0167
v -0.012 0.0015 0.0167
v -0.013057 0.001734 0.0167
v -0.012855 0.001651 0.0167
v -0.012647 0.001585 0.0167
v -0.013607 0.002085 0.0167
v -0.013434 0.001952 0.0167
v -0.01325 0.001835 0.0167
v -0.014048 0.002566 0.0167
v -0.013915 0.002393 0.0167
v -0.013768 0.002232 0.0167
v -0.014349 0.003145 0.0167
v -0.014266 0.002943 0.0167
v -0.014165 0.00275 0.0167
v -0.014462 0.003566 0.0167
v -0.014415 0.003353 0.0167
v -0.006462 0.020434 0.0167
v -0.00649 0.020218 0.0167
v -0.004 0.02 0.0167
v -0.0065 0.02 0.0167
v -0.00649 0.019782 0.0167
v -0.006266 0.021057 0.0167
v -0.006349 0.020855 0.0167
v -0.006415 0.020647 0.0167
v -0.005915 0.021607 0.0167
v -0.006048 0.021434 0.0167
v -0.006165 0.02125 0.0167
v -0.005434 0.022048 0.0167
v -0.005607 0.021915 0.0167
v -0.005768 0.021768 0.0167
v -0.004855 0.022349 0.0167
v -0.005057 0.022266 0.0167
v -0.00525 0.022165 0.0167
v -0.004218 0.02249 0.0167
v -0.004434 0.022462 0.0167
v -0.004647 0.022415 0.0167
v -0.003566 0.022462 0.0167
v -0.003782 0.02249 0.0167
v -0.004 0.0225 0.0167
v -0.002943 0.022266 0.0167
v -0.003145 0.022349 0.0167
v -0.003353 0.022415 0.0167
v -0.002393 0.021915 0.0167
v -0.002566 0.022048 0.0167
v -0.00275 0.022165 0.0167
v -0.001952 0.021434 0.0167
v -0.002085 0.021607 0.0167
v -0.002232 0.021768 0.0167
v -0.001651 0.020855 0.0167
v -0.001734 0.021057 0.0167
v -0.001835 0.02125 0.0167
v -0.00151 0.020218 0.0167
v -0.001538 0.020434 0.0167
v -0.001585 0.020647 0.0167
v -0.001538 0.019566 0.0167
v -0.00151 0.019782 0.0167
v -0.0015 0.02 0.0167
v -0.001734 0.018943 0.0167
v -0.001651 0.019145 0.0167
v -0.001585 0.019353 0.0167
v -0.002085 0.018393 0.0167
v -0.001952 0.018566 0.0167
v -0.001835 0.01875 0.0167
v -0.002566 0.017952 0.0167
v -0.002393 0.018085 0.0167
v -0.002232 0.018232 0.0167
v -0.003145 0.017651 0.0167
v -0.002943 0.017734 0.0167
v -0.00275 0.017835 0.0167
v -0.003782 0.01751 0.0167
v -0.003566 0.017538 0.0167
v -0.003353 0.017585 0.0167
v -0.004434 0.017538 0.0167
v -0.004218 0.01751 0.0167
v -0.004 0.0175 0.0167
v -0.005057 0.017734 0.0167
v -0.004855 0.017651 0.0167
v -0.004647 0.017585 0.0167
v -0.005607 0.018085 0.0167
v -0.005434 0.017952 0.0167
v -0.00525 0.017835 0.0167
v -0.006048 0.018566 0.0167
v -0.005915 0.018393 0.0167
v -0.005768 0.018232 0.0167
v -0.006349 0.019145 0.0167
v -0.006266 0.018943 0.0167
v -0.006165 0.01875 0.0167
v -0.006462 0.019566 0.0167
v -0.006415 0.019353 0.0167
v -0.006462 0.028434 0.0167
v -0.00649 0.028218 0.0167
v -0.004 0.028 0.0167
v -0.0065 0.028 0.0167
v -0.00649 0.027782 0.0167
v -0.006266 0.029057 0.0167
v -0.006349 0.028855 0.0167
v -0.006415 0.028647 0.0167
v -0.005915 0.029607 0.0167
v -0.006048 0.029434 0.0167
v -0.006165 0.02925 0.0167
v -0.005434 0.030048 0.0167
v -0.005607 0.029915 0.0167
v -0.005768 0.029768 0.0167
v -0.004855 0.030349 0.0167
v -0.005057 0.030266 0.0167
v -0.00525 0.030165 0.0167
v -0.004218 0.03049 0.0167
v -0.004434 0.030462 0.0167
v -0.004647 0.030415 0.0167
v -0.003566 0.030462 0.0167
v -0.003782 0.03049 0.0167
v -0.004 0.0305 0.0167
v -0.002943 0.030266 0.0167
v -0.003145 0.030349 0.0167
v -0.003353 0.030415 0.0167
v -0.002393 0.029915 0.0167
v -0.002566 0.030048 0.0167
v -0.00275 0.030165 0.0167
v -0.001952 0.029434 0.0167
v -0.002085 0.029607 0.0167
v -0.002232 0.029768 0.0167
v -0.001651 0.028855 0.0167
v -0.001734 0.029057 0.0167
v -0.001835 0.02925 0.0167
v -0.00151 0.028218 0.0167
v -0.001538 0.028434 0.0167
v -0.001585 0.028647 0.0167
v -0.001538 0.027566 0.0167
v -0.00151 0.027782 0.0167
v -0.0015 0.028 0.0167
v -0.001734 0.026943 0.0167
v -0.001651 0.027145 0.0167
v -0.001585 0.027353 0.0167
v -0.002085 0.026393 0.0167
v -0.001952 0.026566 0.0167
v -0.001835 0.02675 0.0167
v -0.002566 0.025952 0.0167
v -0.002393 0.026085 0.0167
v -0.002232 0.026232 0.0167
v -0.003145 0.025651 0.0167
v -0.002943 0.025734 0.0167
v -0.00275 0.025835 0.0167
v -0.003782 0.02551 0.0167
v -0.003566 0.025538 0.0167
v -0.003353 0.025585 0.0167
v -0.004434 0.025538 0.0167
v -0.004218 0.02551 0.0167
v -0.004 0.0255 0.0167
v -0.005057 0.025734 0.0167
v -0.004855 0.025651 0.0167
v -0.004647 0.025585 0.0167
v -0.005607 0.026085 0.0167
v -0.005434 0.025952 0.0167
v -0.00525 0.025835 0.0167
v -0.006048 0.026566 0.0167
v -0.005915 0.026393 0.0167
v -0.005768 0.026232 0.0167
v -0.006349 0.027145 0.0167
v -0.006266 0.026943 0.0167
v -0.006165 0.02675 0.0167
v -0.006462 0.027566 0.0167
v -0.006415 0.027353 0.0167
v -0.006462 0.036434 0.0167
v -0.00649 0.036218 0.0167
v -0.004 0.036 0.0167
v -0.0065 0.036 0.0167
v -0.00649 0.035782 0.0167
v -0.006266 0.037057 0.0167
v -0.006349 0.036855 0.0167
v -0.006415 0.036647 0.0167
v -0.005915 0.037607 0.0167
v -0.006048 0.037434 0.0167
v -0.006165 0.03725 0.0167
v -0.005434 0.038048 0.0167
v -0.005607 0.037915 0.0167
v -0.005768 0.037768 0.0167
v -0.004855 0.038349 0.0167
v -0.005057 0.038266 0.0167
v -0.00525 0.038165 0.0167
v -0.004218 0.03849 0.0167
v -0.004434 0.038462 0.0167
v -0.004647 0.038415 0.0167
v -0.003566 0.038462 0.0167
v -0.003782 0.03849 0.0167
v -0.004 0.0385 0.0167
v -0.002943 0.038266 0.0167
v -0.003145 0.038349 0.0167
v -0.003353 0.038415 0.0167
v -0.002393 0.037915 0.0167
v -0.002566 0.038048 0.0167
v -0.00275 0.038165 0.0167
v -0.001952 0.037434 0.0167
v -0.002085 0.037607 0.0167
v -0.002232 0.037768 0.0167
v -0.001651 0.036855 0.0167
v -0.001734 0.037057 0.0167
v -0.001835 0.03725 0.0167
v -0.00151 0.036218 0.0167
v -0.001538 0.036434 0.0167
v -0.001585 0.036647 0.0167
v -0.001538 0.035566 0.0167
v -0.00151 0.035782 0.0167
v -0.0015 0.036 0.0167
v -0.001734 0.034943 0.0167
v -0.001651 0.035145 0.0167
v -0.001585 0.035353 0.0167
v -0.002085 0.034393 0.0167
v -0.001952 0.034566 0.0167
v -0.001835 0.03475 0.0167
v -0.002566 0.033952 0.0167
v -0.002393 0.034085 0.0167
v -0.002232 0.034232 0.0167
v -0.003145 0.033651 0.0167
v -0.002943 0.033734 0.0167
v -0.00275 0.033835 0.0167
v -0.003782 0.03351 0.0167
v -0.003566 0.033538 0.0167
v -0.003353 0.033585 0.0167
v -0.004434 0.033538 0.0167
v -0.004218 0.03351 0.0167
v -0.004 0.0335 0.0167
v -0.005057 0.033734 0.0167
v -0.004855 0.033651 0.0167
v -0.004647 0.033585 0.0167
v -0.005607 0.034085 0.0167
v -0.005434 0.033952 0.0167
v -0.00525 0.033835 0.0167
v -0.006048 0.034566 0.0167
v -0.005915 0.034393 0.0167
v -0.005768 0.034232 0.0167
v -0.006349 0.035145 0.0167
v -0.006266 0.034943 0.0167
v -0.006165 0.03475 0.0167
v -0.006462 0.035566 0.0167
v -0.006415 0.035353 0.0167
v -0.006462 0.044434 0.0167
v -0.00649 0.044218 0.0167
v -0.004 0.044 0.0167
v -0.0065 0.044 0.0167
v -0.00649 0.043782 0.0167
v -0.006266 0.045057 0.0167
v -0.006349 0.044855 0.0167
v -0.006415 0.044647 0.0167
v -0.005915 0.045607 0.0167
v -0.006048 0.045434 0.0167
v -0.006165 0.04525 0.0167
v -0.005434 0.046048 0.0167
v -0.005607 0.045915 0.0167
v -0.005768 0.045768 0.0167
v -0.004855 0.046349 0.0167
v -0.005057 0.046266 0.0167
v -0.00525 0.046165 0.0167
v -0.004218 0.04649 0.0167
v -0.004434 0.046462 0.0167
v -0.004647 0.046415 0.0167
v -0.003566 0.046462 0.0167
v -0.003782 0.04649 0.0167
v -0.004 0.0465 0.0167
v -0.002943 0.046266 0.0167
v -0.003145 0.046349 0.0167
v -0.003353 0.046415 0.0167
v -0.002393 0.045915 0.0167
v -0.002566 0.046048 0.0167
v -0.00275 0.046165 0.0167
v -0.001952 0.045434 0.0167
v -0.002085 0.045607 0.0167
v -0.002232 0.045768 0.0167
v -0.001651 0.044855 0.0167
v -0.001734 0.045057 0.0167
v -0.001835 0.04525 0.0167
v -0.00151 0.044218 0.0167
v -0.001538 0.044434 0.0167
v -0.001585 0.044647 0.0167
v -0.001538 0.043566 0.0167
v -0.00151 0.043782 0.0167
v -0.0015 0.044 0.0167
v -0.001734 0.042943 0.0167
v -0.001651 0.043145 0.0167
v -0.001585 0.043353 0.0167
v -0.002085 0.042393 0.0167
v -0.001952 0.042566 0.0167
v -0.001835 0.04275 0.0167
v -0.002566 0.041952 0.0167
v -0.002393 0.042085 0.0167
v -0.002232 0.042232 0.0167
v -0.003145 0.041651 0.0167
v -0.002943 0.041734 0.0167
v -0.00275 0.041835 0.0167
v -0.003782 0.04151 0.0167
v -0.003566 0.041538 0.0167
v -0.003353 0.041585 0.0167
v -0.004434 0.041538 0.0167
v -0.004218 0.04151 0.0167
v -0.004 0.0415 0.0167
v -0.005057 0.041734 0.0167
v -0.004855 0.041651 0.0167
v -0.004647 0.041585 0.0167
v -0.005607 0.042085 0.0167
v -0.005434 0.041952 0.0167
v -0.00525 0.041835 0.0167
v -0.006048 0.042566 0.0167
v -0.005915 0.042393 0.0167
v -0.005768 0.042232 0.0167
v -0.006349 0.043145 0.0167
v -0.006266 0.042943 0.0167
v -0.006165 0.04275 0.0167
v -0.006462 0.043566 0.0167
v -0.006415 0.043353 0.0167
f 1 2 3
f 2 4 3
f 3 4 5
f 4 6 5
f 5 6 7
f 6 8 7
f 7 8 9
f 8 10 9
f 9 10 11
f 10 12 11
f 11 12 13
f 12 14 13
f 13 14 15
f 14 16 15
f 15 16 17
f 16 18 17
f 17 18 19
f 18 20 19
f 19 20 21
f 20 22 21
f 21 22 23
f 22 24 23
f 23 24 25
f 24 26 25
f 25 26 27
f 26 28 27
f 27 28 29
f 28 30 29
f 29 30 31
f 30 32 31
f 31 32 33
f 32 34 33
f 33 34 35
f 34 36 35
f 35 36 37
f 36 38 37
f 37 38 39
f 38 40 39
f 39 40 41
f 40 42 41
f 41 42 43
f 42 44 43
f 43 44 45
f 44 46 45
f 45 46 47
f 46 48 47
f 47 48 49
f 48 50 49
f 49 50 51
f 50 52 51
f 51 52 53
f 52 54 53
f 53 54 55
f 54 56 55
f 55 56 57
f 56 58 57
f 57 58 59
f 58 60 59
f 59 60 61
f 60 62 61
f 61 62 63
f 62 64 63
f 63 64 65
f 64 66 65
f 65 66 67
f 66 68 67
f 67 68 69
f 68 70 69
f 69 70 71
f 70 72 71
f 71 72 73
f 72 74 73
f 73 74 75
f 74 76 75
f 75 76 77
f 76 78 77
f 77 78 79
f 78 80 79
f 79 80 81
f 80 82 81
f 81 82 83
f 82 84 83
f 83 84 85
f 84 86 85
f 85 86 87
f 86 88 87
f 87 88 89
f 88 90 89
f 89 90 91
f 90 92 91
f 91 92 93
f 92 94 93
f 93 94 95
f 94 96 95
f 95 96 97
f 96 98 97
f 97 98 99
f 98 100 99
f 99 100 101
f 100 102 101
f 101 102 103
f 102 104 103
f 103 104 105
f 104 106 105
f 105 106 107
f 106 108 107
f 107 108 109
f 108 110 109
f 109 110 111
f 110 112 111
f 111 112 113
f 112 114 113
f 113 114 115
f 114 116 115
f 115 116 117
f 116 118 117
f 117 118 119
f 118 120 119
f 119 120 121
f 120 122 121
f 121 122 123
f 122 124 123
f 123 124 125
f 124 126 125
f 125 126 127
f 126 128 127
f 127 128 129
f 128 130 129
f 129 130 131
f 130 132 131
f 131 132 133
f 132 134 133
f 133 134 135
f 134 136 135
f 135 136 137
f 136 138 137
f 137 138 139
f 138 140 139
f 139 140 141
f 140 142 141
f 141 142 143
f 142 144 143
f 143 144 1
f 144 2 1
f 141 143 145
f 143 1 145
f 145 1 3
f 135 137 145
f 137 139 145
f 145 139 141
f 129 131 145
f 131 133 145
f 145 133 135
f 123 125 145
f 125 127 145
f 145 127 129
f 117 119 145
f 119 121 145
f 145 121 123
f 111 113 145
f 113 115 145
f 145 115 117
f 105 107 145
f 107 109 145
f 145 109 111
f 99 101 145
f 101 103 145
f 145 103 105
f 93 95 145
f 95 97 145
f 145 97 99
f 87 89 145
f 89 91 145
f 145 91 93
f 81 83 145
f 83 85 145
f 145 85 87
f 75 77 145
f 77 79 145
f 145 79 81
f 69 71 145
f 71 73 145
f 145 73 75
f 63 65 145
f 65 67 145
f 145 67 69
f 57 59 145
f 59 61 145
f 145 61 63
f 51 53 145
f 53 55 145
f 145 55 57
f 45 47 145
f 47 49 145
f 145 49 51
f 39 41 145
f 41 43 145
f 145 43 45
f 33 35 145
f 35 37 145
f 145 37 39
f 27 29 145
f 29 31 145
f 145 31 33
f 21 23 145
f 23 25 145
f 145 25 27
f 15 17 145
f 17 19 145
f 145 19 21
f 9 11 145
f 11 13 145
f 145 13 15
f 3 5 145
f 5 7 145
f 145 7 9
f 146 147 148
f 147 149 148
f 148 149 150
f 149 151 150
f 150 151 152
f 151 153 152
f 152 153 154
f 153 155 154
f 154 155 156
f 155 157 156
f 156 157 158
f 157 159 158
f 158 159 160
f 159 161 160
f 160 161 162
f 161 163 162
f 162 163 164
f 163 165 164
f 164 165 166
f 165 167 166
f 166 167 168
f 167 169 168
f 168 169 170
f 169 171 170
f 170 171 172
f 171 173 172
f 172 173 174
f 173 175 174
f 174 175 176
f 175 177 176
f 176 177 178
f 177 179 178
f 178 179 180
f 179 181 180
f 180 181 182
f 181 183 182
f 182 183 184
f 183 185 184
f 184 185 186
f 185 187 186
f 186 187 188
f 187 189 188
f 188 189 190
f 189 191 190
f 190 191 192
f 191 193 192
f 192 193 194
f 193 195 194
f 194 195 196
f 195 197 196
f 196 197 198
f 197 199 198
f 198 199 200
f 199 201 200
f 200 201 202
f 201 203 202
f 202 203 204
f 203 205 204
f 204 205 206
f 205 207 206
f 206 207 208
f 207 209 208
f 208 209 210
f 209 211 210
f 210 211 212
f 211 213 212
f 212 213 214
f 213 215 214
f 214 215 216
f 215 217 216
f 216 217 218
f 217 219 218
f 218 219 220
f 219 221 220
f 220 221 222
f 221 223 222
f 222 223 224
f 223 225 224
f 224 225 226
f 225 227 226
f 226 227 228
f 227 229 228
f 228 229 230
f 229 231 230
f 230 231 232
f 231 233 232
f 232 233 234
f 233 235 234
f 234 235 236
f 235 237 236
f 236 237 238
f 237 239 238
f 238 239 240
f 239 241 240
f 240 241 242
f 241 243 242
f 242 243 244
f 243 245 244
f 244 245 246
f 245 247 246
f 246 247 248
f 247 249 248
f 248 249 250
f 249 251 250
f 250 251 252
f 251 253 252
f 252 253 254
f 253 255 254
f 254 255 256
f 255 257 256
f 256 257 258
f 257 259 258
f 258 259 260
f 259 261 260
f 260 261 262
f 261 263 262
f 262 263 264
f 263 265 264
f 264 265 266
f 265 267 266
f 266 267 268
f 267 269 268
f 268 269 270
f 269 271 270
f 270 271 272
f 271 273 272
f 272 273 274
f 273 275 274
f 274 275 276
f 275 277 276
f 276 277 278
f 277 279 278
f 278 279 280
f 279 281 280
f 280 281 282
f 281 283 282
f 282 283 284
f 283 285 284
f 284 285 286
f 285 287 286
f 286 287 288
f 287 289 288
f 288 289 146
f 289 147 146
f 286 288 290
f 288 146 290
f 290 146 148
f 280 282 290
f 282 284 290
f 290 284 286
f 274 276 290
f 276 278 290
f 290 278 280
f 268 270 290
f 270 272 290
f 290 272 274
f 262 264 290
f 264 266 290
f 290 266 268
f 256 258 290
f 258 260 290
f 290 260 262
f 250 252 290
f 252 254 290
f 290 254 256
f 244 246 290
f 246 248 290
f 290 248 250
f 238 240 290
f 240 242 290
f 290 242 244
f 232 234 290
f 234 236 290
f 290 236 238
f 226 228 290
f 228 230 290
f 290 230 232
f 220 222 290
f 222 224 290
f 290 224 226
f 214 216 290
f 216 218 290
f 290 218 220
f 208 210 290
f 210 212 290
f 290 212 214
f 202 204 290
f 204 206 290
f 290 206 208
f 196 198 290
f 198 200 290
f 290 200 202
f 190 192 290
f 192 194 290
f 290 194 196
f 184 186 290
f 186 188 290
f 290 188 190
f 178 180 290
f 180 182 290
f 290 182 184
f 172 174 290
f 174 176 290
f 290 176 178
f 166 168 290
f 168 170 290
f 290 170 172
f 160 162 290
f 162 164 290
f 290 164 166
f 154 156 290
f 156 158 290
f 290 158 160
f 148 150 290
f 150 152 290
f 290 152 154
f 291 292 293
f 292 294 293
f 293 294 295
f 294 296 295
f 295 296 297
f 296 298 297
f 297 298 299
f 298 300 299
f 299 300 301
f 300 302 301
f 301 302 303
f 302 304 303
f 303 304 305
f 304 306 305
f 305 306 307
f 306 308 307
f 307 308 309
f 308 310 309
f 309 310 311
f 310 312 311
f 311 312 313
f 312 314 313
f 313 314 315
f 314 316 315
f 315 316 317
f 316 318 317
f 317 318 319
f 318 320 319
f 319 320 321
f 320 322 321
f 321 322 323
f 322 324 323
f 323 324 325
f 324 326 325
f 325 326 327
f 326 328 327
f 327 328 329
f 328 330 329
f 329 330 331
f 330 332 331
f 331 332 333
f 332 334 333
f 333 334 335
f 334 336 335
f 335 336 337
f 336 338 337
f 337 338 339
f 338 340 339
f 339 340 341
f 340 342 341
f 341 342 343
f 342 344 343
f 343 344 345
f 344 346 345
f 345 346 347
f 346 348 347
f 347 348 349
f 348 350 349
f 349 350 351
f 350 352 351
f 351 352 353
f 352 354 353
f 353 354 355
f 354 356 355
f 355 356 357
f 356 358 357
f 357 358 359
f 358 360 359
f 359 360 361
f 360 362 361
f 361 362 363
f 362 364 363
f 363 364 365
f 364 366 365
f 365 366 367
f 366 368 367
f 367 368 369
f 368 370 369
f 369 370 371
f 370 372 371
f 371 372 373
f 372 374 373
f 373 374 375
f 374 376 375
f 375 376 377
f 376 378 377
f 377 378 379
f 378 380 379
f 379 380 381
f 380 382 381
f 381 382 383
f 382 384 383
f 383 384 385
f 384 386 385
f 385 386 387
f 386 388 387
f 387 388 389
f 388 390 389
f 389 390 391
f 390 392 391
f 391 392 393
f 392 394 393
f 393 394 395
f 394 396 395
f 395 396 397
f 396 398 397
f 397 398 399
f 398 400 399
f 399 400 401
f 400 402 401
f 401 402 403
f 402 404 403
f 403 404 405
f 404 406 405
f 405 406 407
f 406 408 407
f 407 408 409
f 408 410 409
f 409 410 411
f 410 412 411
f 411 412 413
f 412 414 413
f 413 414 415
f 414 416 415
f 415 416 417
f 416 418 417
f 417 418 419
f 418 420 419
f 419 420 421
f 420 422 421
f 421 422 423
f 422 424 423
f 423 424 425
f 424 426 425
f 425 426 427
f 426 428 427
f 427 428 429
f 428 430 429
f 429 430 431
f 430 432 431
f 431 432 433
f 432 434 433
f 433 434 291
f 434 292 291
f 431 433 435
f 433 291 435
f 435 291 293
f 425 427 435
f 427 429 435
f 435 429 431
f 419 421 435
f 421 423 435
f 435 423 425
f 413 415 435
f 415 417 435
f 435 417 419
f 407 409 435
f 409 411 435
f 435 411 413
f 401 403 435
f 403 405 435
f 435 405 407
f 395 397 435
f 397 399 435
f 435 399 401
f 389 391 435
f 391 393 435
f 435 393 395
f 383 385 435
f 385 387 435
f 435 387 389
f 377 379 435
f 379 381 435
f 435 381 383
f 371 373 435
f 373 375 435
f 435 375 377
f 365 367 435
f 367 369 435
f 435 369 371
f 359 361 435
f 361 363 435
f 435 363 365
f 353 355 435
f 355 357 435
f 435 357 359
f 347 349 435
f 349 351 435
f 435 351 353
f 341 343 435
f 343 345 435
f 435 345 347
f 335 337 435
f 337 339 435
f 435 339 341
f 329 331 435
f 331 333 435
f 435 333 335
f 323 325 435
f 325 327 435
f 435 327 329
f 317 319 435
f 319 321 435
f 435 321 323
f 311 313 435
f 313 315 435
f 435 315 317
f 305 307 435
f 307 309 435
f 435 309 311
f 299 301 435
f 301 303 435
f 435 303 305
f 293 295 435
f 295 297 435
f 435 297 299
f 436 437 438
f 437 439 438
f 438 439 440
f 439 441 440
f 440 441 442
f 441 443 442
f 442 443 444
f 443 445 444
f 444 445 446
f 445 447 446
f 446 447 448
f 447 449 448
f 448 449 450
f 449 451 450
f 450 451 452
f 451 453 452
f 452 453 454
f 453 455 454
f 454 455 456
f 455 457 456
f 456 457 458
f 457 459 458
f 458 459 460
f 459 461 460
f 460 461 462
f 461 463 462
f 462 463 464
f 463 465 464
f 464 465 466
f 465 467 466
f 466 467 468
f 467 469 468
f 468 469 470
f 469 471 470
f 470 471 472
f 471 473 472
f 472 473 474
f 473 475 474
f 474 475 476
f 475 477 476
f 476 477 478
f 477 479 478
f 478 479 480
f 479 481 480
f 480 481 482
f 481 483 482
f 482 483 484
f 483 485 484
f 484 485 486
f 485 487 486
f 486 487 488
f 487 489 488
f 488 489 490
f 489 491 490
f 490 491 492
f 491 493 492
f 492 493 494
f 493 495 494
f 494 495 496
f 495 497 496
f 496 497 498
f 497 499 498
f 498 499 500
f 499 501 500
f 500 501 502
f 501 503 502
f 502 503 504
f 503 505 504
f 504 505 506
f 505 507 506
f 506 507 508
f 507 509 508
f 508 509 510
f 509 511 510
f 510 511 512
f 511 513 512
f 512 513 514
f 513 515 514
f 514 515 516
f 515 517 516
f 516 517 518
f 517 519 518
f 518 519 520
f 519 521 520
f 520 521 522
f 521 523 522
f 522 523 524
f 523 525 524
f 524 525 526
f 525 527 526
f 526 527 528
f 527 529 528
f 528 529 530
f 529 531 530
f 530 531 532
f 531 533 532
f 532 533 534
f 533 535 534
f 534 535 536
f 535 537 536
f 536 537 538
f 537 539 538
f 538 539 540
f 539 541 540
f 540 541 542
f 541 543 542
f 542 543 544
f 543 545 544
f 544 545 546
f 545 547 546
f 546 547 548
f 547 549 548
f 548 549 550
f 549 551 550
f 550 551 552
f 551 553 552
f 552 553 554
f 553 555 554
f 554 555 556
f 555 557 556
f 556 557 558
f 557 559 558
f 558 559 560
f 559 561 560
f 560 561 562
f 561 563 562
f 562 563 564
f 563 565 564
f 564 565 566
f 565 567 566
f 566 567 568
f 567 569 568
f 568 569 570
f 569 571 570
f 570 571 572
f 571 573 572
f 572 573 574
f 573 575 574
f 574 575 576
f 575 577 576
f 576 577 578
f 577 579 578
f 578 579 436
f 579 437 436
f 576 578 580
f 578 436 580
f 580 436 438
f 570 572 580
f 572 574 580
f 580 574 576
f 564 566 580
f 566 568 580
f 580 568 570
f 558 560 580
f 560 562 580
f 580 562 564
f 552 554 580
f 554 556 580
f 580 556 558
f 546 548 580
f 548 550 580
f 580 550 552
f 540 542 580
f 542 544 580
f 580 544 546
f 534 536 580
f 536 538 580
f 580 538 540
f 528 530 580
f 530 532 580
f 580 532 534
f 522 524 580
f 524 526 580
f 580 526 528
f 516 518 580
f 518 520 580
f 580 520 522
f 510 512 580
f 512 514 580
f 580 514 516
f 504 506 580
f 506 508 580
f 580 508 510
f 498 500 580
f 500 502 580
f 580 502 504
f 492 494 580
f 494 496 580
f 580 496 498
f 486 488 580
f 488 490 580
f 580 490 492
f 480 482 580
f 482 484 580
f 580 484 486
f 474 476 580
f 476 478 580
f 580 478 480
f 468 470 580
f 470 472 580
f 580 472 474
f 462 464 580
f 464 466 580
f 580 466 468
f 456 458 580
f 458 460 580
f 580 460 462
f 450 452 580
f 452 454 580
f 580 454 456
f 444 446 580
f 446 448 580
f 580 448 450
f 438 440 580
f 440 442 580
f 580 442 444
f 581 582 583
f 582 584 583
f 583 584 585
f 584 586 585
f 585 586 587
f 586 588 587
f 587 588 589
f 588 590 589
f 589 590 591
f 590 592 591
f 591 592 593
f 592 594 593
f 593 594 595
f 594 596 595
f 595 596 597
f 596 598 597
f 597 598 599
f 598 600 599
f 599 600 601
f 600 602 601
f 601 602 603
f 602 604 603
f 603 604 605
f 604 606 605
f 605 606 607
f 606 608 607
f 607 608 609
f 608 610 609
f 609 610 611
f 610 612 611
f 611 612 613
f 612 614 613
f 613 614 615
f 614 616 615
f 615 616 617
f 616 618 617
f 617 618 619
f 618 620 619
f 619 620 621
f 620 622 621
f 621 622 623
f 622 624 623
f 623 624 625
f 624 626 625
f 625 626 627
f 626 628 627
f 627 628 629
f 628 630 629
f 629 630 631
f 630 632 631
f 631 632 633
f 632 634 633
f 633 634 635
f 634 636 635
f 635 636 637
f 636 638 637
f 637 638 639
f 638 640 639
f 639 640 641
f 640 642 641
f 641 642 643
f 642 644 643
f 643 644 645
f 644 646 645
f 645 646 647
f 646 648 647
f 647 648 649
f 648 650 649
f 649 650 651
f 650 652 651
f 651 652 653
f 652 654 653
f 653 654 655
f 654 656 655
f 655 656 657
f 656 658 657
f 657 658 659
f 658 660 659
f 659 660 661
f 660 662 661
f 661 662 663
f 662 664 663
f 663 664 665
f 664 666 665
f 665 666 667
f 666 668 667
f 667 668 669
f 668 670 669
f 669 670 671
f 670 672 671
f 671 672 673
f 672 674 673
f 673 674 675
f 674 676 675
f 675 676 677
f 676 678 677
f 677 678 679
f 678 680 679
f 679 680 681
f 680 682 681
f 681 682 683
f 682 684 683
f 683 684 685
f 684 686 685
f 685 686 687
f 686 688 687
f 687 688 689
f 688 690 689
f 689 690 691
f 690 692 691
f 691 692 693
f 692 694 693
f 693 694 695
f 694 696 695
f 695 696 697
f 696 698 697
f 697 698 699
f 698 700 699
f 699 700 701
f 700 702 701
f 701 702 703
f 702 704 703
f 703 704 705
f 704 706 705
f 705 706 707
f 706 708 707
f 707 708 709
f 708 710 709
f 709 710 711
f 710 712 711
f 711 712 713
f 712 714 713
f 713 714 715
f 714 716 715
f 715 716 717
f 716 718 717
f 717 718 719
f 718 720 719
f 719 720 721
f 720 722 721
f 721 722 723
f 722 724 723
f 723 724 581
f 724 582 581
f 721 723 725
f 723 581 725
f 725 581 583
f 715 717 725
f 717 719 725
f 725 719 721
f 709 711 725
f 711 713 725
f 725 713 715
f 703 705 725
f 705 707 725
f 725 707 709
f 697 699 725
f 699 701 725
f 725 701 703
f 691 693 725
f 693 695 725
f 725 695 697
f 685 687 725
f 687 689 725
f 725 689 691
f 679 681 725
f 681 683 725
f 725 683 685
f 673 675 725
f 675 677 725
f 725 677 679
f 667 669 725
f 669 671 725
f 725 671 673
f 661 663 725
f 663 665 725
f 725 665 667
f 655 657 725
f 657 659 725
f 725 659 661
f 649 651 725
f 651 653 725
f 725 653 655
f 643 645 725
f 645 647 725
f 725 647 649
f 637 639 725
f 639 641 725
f 725 641 643
f 631 633 725
f 633 635 725
f 725 635 637
f 625 627 725
f 627 629 725
f 725 629 631
f 619 621 725
f 621 623 725
f 725 623 625
f 613 615 725
f 615 617 725
f 725 617 619
f 607 609 725
f 609 611 725
f 725 611 613
f 601 603 725
f 603 605 725
f 725 605 607
f 595 597 725
f 597 599 725
f 725 599 601
f 589 591 725
f 591 593 725
f 725 593 595
f 583 585 725
f 585 587 725
f 725 587 589
f 726 727 728
f 727 729 728
f 728 729 730
f 729 731 730
f 730 731 732
f 731 733 732
f 732 733 734
f 733 735 734
f 734 735 736
f 735 737 736
f 736 737 738
f 737 739 738
f 738 739 740
f 739 741 740
f 740 741 742
f 741 743 742
f 742 743 744
f 743 745 744
f 744 745 746
f 745 747 746
f 746 747 748
f 747 749 748
f 748 749 750
f 749 751 750
f 750 751 752
f 751 753 752
f 752 753 754
f 753 755 754
f 754 755 756
f 755 757 756
f 756 757 758
f 757 759 758
f 758 759 760
f 759 761 760
f 760 761 762
f 761 763 762
f 762 763 764
f 763 765 764
f 764 765 766
f 765 767 766
f 766 767 768
f 767 769 768
f 768 769 770
f 769 771 770
f 770 771 772
f 771 773 772
f 772 773 774
f 773 775 774
f 774 775 776
f 775 777 776
f 776 777 778
f 777 779 778
f 778 779 780
f 779 781 780
f 780 781 782
f 781 783 782
f 782 783 784
f 783 785 784
f 784 785 786
f 785 787 786
f 786 787 788
f 787 789 788
f 788 789 790
f 789 791 790
f 790 791 792
f 791 793 792
f 792 793 794
f 793 795 794
f 794 795 796
f 795 797 796
f 796 797 798
f 797 799 798
f 798 799 800
f 799 801 800
f 800 801 802
f 801 803 802
f 802 803 804
f 803 805 804
f 804 805 806
f 805 807 806
f 806 807 808
f 807 809 808
f 808 809 810
f 809 811 810
f 810 811 812
f 811 813 812
f 812 813 814
f 813 815 814
f 814 815 816
f 815 817 816
f 816 817 818
f 817 819 818
f 818 819 820
f 819 821 820
f 820 821 822
f 821 823 822
f 822 823 824
f 823 825 824
f 824 825 826
f 825 827 826
f 826 827 828
f 827 829 828
f 828 829 830
f 829 831 830
f 830 831 832
f 831 833 832
f 832 833 834
f 833 835 834
f 834 835 836
f 835 837 836
f 836 837 838
f 837 839 838
f 838 839 840
f 839 841 840
f 840 841 842
f 841 843 842
f 842 843 844
f 843 845 844
f 844 845 846
f 845 847 846
f 846 847 848
f 847 849 848
f 848 849 850
f 849 851 850
f 850 851 852
f 851 853 852
f 852 853 854
f 853 855 854
f 854 855 856
f 855 857 856
f 856 857 858
f 857 859 858
f 858 859 860
f 859 861 860
f 860 861 862
f 861 863 862
f 862 863 864
f 863 865 864
f 864 865 866
f 865 867 866
f 866 867 868
f 867 869 868
f 868 869 726
f 869 727 726
f 866 868 870
f 868 726 870
f 870 726 728
f 860 862 870
f 862 864 870
f 870 864 866
f 854 856 870
f 856 858 870
f 870 858 860
f 848 850 870
f 850 852 870
f 870 852 854
f 842 844 870
f 844 846 870
f 870 846 848
f 836 838 870
f 838 840 870
f 870 840 842
f 830 832 870
f 832 834 870
f 870 834 836
f 824 826 870
f 826 828 870
f 870 828 830
f 818 820 870
f 820 822 870
f 870 822 824
f 812 814 870
f 814 816 870
f 870 816 818
f 806 808 870
f 808 810 870
f 870 810 812
f 800 802 870
f 802 804 870
f 870 804 806
f 794 796 870
f 796 798 870
f 870 798 800
f 788 790 870
f 790 792 870
f 870 792 794
f 782 784 870
f 784 786 870
f 870 786 788
f 776 778 870
f 778 780 870
f 870 780 782
f 770 772 870
f 772 774 870
f 870 774 776
f 764 766 870
f 766 768 870
f 870 768 770
f 758 760 870
f 760 762 870
f 870 762 764
f 752 754 870
f 754 756 870
f 870 756 758
f 746 748 870
f 748 750 870
f 870 750 752
f 740 742 870
f 742 744 870
f 870 744 746
f 734 736 870
f 736 738 870
f 870 738 740
f 728 730 870
f 730 732 870
f 870 732 734
f 871 872 873
f 872 874 873
f 873 874 875
f 874 876 875
f 875 876 877
f 876 878 877
f 877 878 879
f 878 880 879
f 879 880 881
f 880 882 881
f 881 882 883
f 882 884 883
f 883 884 885
f 884 886 885
f 885 886 887
f 886 888 887
f 887 888 889
f 888 890 889
f 889 890 891
f 890 892 891
f 891 892 893
f 892 894 893
f 893 894 895
f 894 896 895
f 895 896 897
f 896 898 897
f 897 898 899
f 898 900 899
f 899 900 901
f 900 902 901
f 901 902 903
f 902 904 903
f 903 904 905
f 904 906 905
f 905 906 907
f 906 908 907
f 907 908 909
f 908 910 909
f 909 910 911
f 910 912 911
f 911 912 913
f 912 914 913
f 913 914 915
f 914 916 915
f 915 916 917
f 916 918 917
f 917 918 919
f 918 920 919
f 919 920 921
f 920 922 921
f 921 922 923
f 922 924 923
f 923 924 925
f 924 926 925
f 925 926 927
f 926 928 927
f 927 928 929
f 928 930 929
f 929 930 931
f 930 932 931
f 931 932 933
f 932 934 933
f 933 934 935
f 934 936 935
f 935 936 937
f 936 938 937
f 937 938 939
f 938 940 939
f 939 940 941
f 940 942 941
f 941 942 943
f 942 944 943
f 943 944 945
f 944 946 945
f 945 946 947
f 946 948 947
f 947 948 949
f 948 950 949
f 949 950 951
f 950 952 951
f 951 952 953
f 952 954 953
f 953 954 955
f 954 956 955
f 955 956 957
f 956 958 957
f 957 958 959
f 958 960 959
f 959 960 961
f 960 962 961
f 961 962 963
f 962 964 963
f 963 964 965
f 964 966 965
f 965 966 967
f 966 968 967
f 967 968 969
f 968 970 969
f 969 970 971
f 970 972 971
f 971 972 973
f 972 974 973
f 973 974 975
f 974 976 975
f 975 976 977
f 976 978 977
f 977 978 979
f 978 980 979
f 979 980 981
f 980 982 981
f 981 982 983
f 982 984 983
f 983 984 985
f 984 986 985
f 985 986 987
f 986 988 987
f 987 988 989
f 988 990 989
f 989 990 991
f 990 992 991
f 991 992 993
f 992 994 993
f 993 994 995
f 994 996 995
f 995 996 997
f 996 998 997
f 997 998 999
f 998 1000 999
f 999 1000 1001
f 1000 1002 1001
f 1001 1002 1003
f 1002 1004 1003
f 1003 1004 1005
f 1004 1006 1005
f 1005 1006 1007
f 1006 1008 1007
f 1007 1008 1009
f 1008 1010 1009
f 1009 1010 1011
f 1010 1012 1011
f 1011 1012 1013
f 1012 1014 1013
f 1013 1014 871
f 1014 872 871
f 1011 1013 1015
f 1013 871 1015
f 1015 871 873
f 1005 1007 1015
f 1007 1009 1015
f 1015 1009 1011
f 999 1001 1015
f 1001 1003 1015
f 1015 1003 1005
f 993 995 1015
f 995 997 1015
f 1015 997 999
f 987 989 1015
f 989 991 1015
f 1015 991 993
f 981 983 1015
f 983 985 1015
f 1015 985 987
f 975 977 1015
f 977 979 1015
f 1015 979 981
f 969 971 1015
f 971 973 1015
f 1015 973 975
f 963 965 1015
f 965 967 1015
f 1015 967 969
f 957 959 1015
f 959 961 1015
f 1015 961 963
f 951 953 1015
f 953 955 1015
f 1015 955 957
f 945 947 1015
f 947 949 1015
f 1015 949 951
f 939 941 1015
f 941 943 1015
f 1015 943 945
f 933 935 1015
f 935 937 1015
f 1015 937 939
f 927 929 1015
f 929 931 1015
f 1015 931 933
f 921 923 1015
f 923 925 1015
f 1015 925 927
f 915 917 1015
f 917 919 1015
f 1015 919 921
f 909 911 1015
f 911 913 1015
f 1015 913 915
f 903 905 1015
f 905 907 1015
f 1015 907 909
f 897 899 1015
f 899 901 1015
f 1015 901 903
f 891 893 1015
f 893 895 1015
f 1015 895 897
f 885 887 1015
f 887 889 1015
f 1015 889 891
f 879 881 1015
f 881 883 1015
f 1015 883 885
f 873 875 1015
f 875 877 1015
f 1015 877 879
f 1016 1017 1018
f 1017 1019 1018
f 1018 1019 1020
f 1019 1021 1020
f 1020 1021 1022
f 1021 1023 1022
f 1022 1023 1024
f 1023 1025 1024
f 1024 1025 1026
f 1025 1027 1026
f 1026 1027 1028
f 1027 1029 1028
f 1028 1029 1030
f 1029 1031 1030
f 1030 1031 1032
f 1031 1033 1032
f 1032 1033 1034
f 1033 1035 1034
f 1034 1035 1036
f 1035 1037 1036
f 1036 1037 1038
f 1037 1039 1038
f 1038 1039 1040
f 1039 1041 1040
f 1040 1041 1042
f 1041 1043 1042
f 1042 1043 1044
f 1043 1045 1044
f 1044 1045 1046
f 1045 1047 1046
f 1046 1047 1048
f 1047 1049 1048
f 1048 1049 1050
f 1049 1051 1050
f 1050 1051 1052
f 1051 1053 1052
f 1052 1053 1054
f 1053 1055 1054
f 1054 1055 1056
f 1055 1057 1056
f 1056 1057 1058
f 1057 1059 1058
f 1058 1059 1060
f 1059 1061 1060
f 1060 1061 1062
f 1061 1063 1062
f 1062 1063 1064
f 1063 1065 1064
f 1064 1065 1066
f 1065 1067 1066
f 1066 1067 1068
f 1067 1069 1068
f 1068 1069 1070
f 1069 1071 1070
f 1070 1071 1072
f 1071 1073 1072
f 1072 1073 1074
f 1073 1075 1074
f 1074 1075 1076
f 1075 1077 1076
f 1076 1077 1078
f 1077 1079 1078
f 1078 1079 1080
f 1079 1081 1080
f 1080 1081 1082
f 1081 1083 1082
f 1082 1083 1084
f 1083 1085 1084
f 1084 1085 1086
f 1085 1087 1086
f 1086 1087 1088
f 1087 1089 1088
f 1088 1089 1090
f 1089 1091 1090
f 1090 1091 1092
f 1091 1093 1092
f 1092 1093 1094
f 1093 1095 1094
f 1094 1095 1096
f 1095 1097 1096
f 1096 1097 1098
f 1097 1099 1098
f 1098 1099 1100
f 1099 1101 1100
f 1100 1101 1102
f 1101 1103 1102
f 1102 1103 1104
f 1103 1105 1104
f 1104 1105 1106
f 1105 1107 1106
f 1106 1107 1108
f 1107 1109 1108
f 1108 1109 1110
f 1109 1111 1110
f 1110 1111 1112
f 1111 1113 1112
f 1112 1113 1114
f 1113 1115 1114
f 1114 1115 1116
f 1115 1117 1116
f 1116 1117 1118
f 1117 1119 1118
f 1118 1119 1120
f 1119 1121 1120
f 1120 1121 1122
f 1121 1123 1122
f 1122 1123 1124
f 1123 1125 1124
f 1124 1125 1126
f 1125 1127 1126
f 1126 1127 1128
f 1127 1129 1128
f 1128 1129 1130
f 1129 1131 1130
f 1130 1131 1132
f 1131 1133 1132
f 1132 1133 1134
f 1133 1135 1134
f 1134 1135 1136
f 1135 1137 1136
f 1136 1137 1138
f 1137 1139 1138
f 1138 1139 1140
f 1139 1141 1140
f 1140 1141 1142
f 1141 1143 1142
f 1142 1143 1144
f 1143 1145 1144
f 1144 1145 1146
f 1145 1147 1146
f 1146 1147 1148
f 1147 1149 1148
f 1148 1149 1150
f 1149 1151 1150
f 1150 1151 1152
f 1151 1153 1152
f 1152 1153 1154
f 1153 1155 1154
f 1154 1155 1156
f 1155 1157 1156
f 1156 1157 1158
f 1157 1159 1158
f 1158 1159 1016
f 1159 1017 1016
f 1156 1158 1160
f 1158 1016 1160
f 1160 1016 1018
f 1150 1152 1160
f 1152 1154 1160
f 1160 1154 1156
f 1144 1146 1160
f 1146 1148 1160
f 1160 1148 1150
f 1138 1140 1160
f 1140 1142 1160
f 1160 1142 1144
f 1132 1134 1160
f 1134 1136 1160
f 1160 1136 1138
f 1126 1128 1160
f 1128 1130 1160
f 1160 1130 1132
f 1120 1122 1160
f 1122 1124 1160
f 1160 1124 1126
f 1114 1116 1160
f 1116 1118 1160
f 1160 1118 1120
f 1108 1110 1160
f 1110 1112 1160
f 1160 1112 1114
f 1102 1104 1160
f 1104 1106 1160
f 1160 1106 1108
f 1096 1098 1160
f 1098 1100 1160
f 1160 1100 1102
f 1090 1092 1160
f 1092 1094 1160
f 1160 1094 1096
f 1084 1086 1160
f 1086 1088 1160
f 1160 1088 1090
f 1078 1080 1160
f 1080 1082 1160
f 1160 1082 1084
f 1072 1074 1160
f 1074 1076 1160
f 1160 1076 1078
f 1066 1068 1160
f 1068 1070 1160
f 1160 1070 1072
f 1060 1062 1160
f 1062 1064 1160
f 1160 1064 1066
f 1054 1056 1160
f 1056 1058 1160
f 1160 1058 1060
f 1048 1050 1160
f 1050 1052 1160
f 1160 1052 1054
f 1042 1044 1160
f 1044 1046 1160
f 1160 1046 1048
f 1036 1038 1160
f 1038 1040 1160
f 1160 1040 1042
f 1030 1032 1160
f 1032 1034 1160
f 1160 1034 1036
f 1024 1026 1160
f 1026 1028 1160
f 1160 1028 1030
f 1018 1020 1160
f 1020 1022 1160
f 1160 1022 1024
f 1161 1162 1163
f 1162 1164 1163
f 1163 1164 1165
f 1164 1166 1165
f 1165 1166 1167
f 1166 1168 1167
f 1167 1168 1169
f 1168 1170 1169
f 1169 1170 1171
f 1170 1172 1171
f 1171 1172 1173
f 1172 1174 1173
f 1173 1174 1175
f 1174 1176 1175
f 1175 1176 1177
f 1176 1178 1177
f 1177 1178 1179
f 1178 1180 1179
f 1179 1180 1181
f 1180 1182 1181
f 1181 1182 1183
f 1182 1184 1183
f 1183 1184 1185
f 1184 1186 1185
f 1185 1186 1187
f 1186 1188 1187
f 1187 1188 1189
f 1188 1190 1189
f 1189 1190 1191
f 1190 1192 1191
f 1191 1192 1193
f 1192 1194 1193
f 1193 1194 1195
f 1194 1196 1195
f 1195 1196 1197
f 1196 1198 1197
f 1197 1198 1199
f 1198 1200 1199
f 1199 1200 1201
f 1200 1202 1201
f 1201 1202 1203
f 1202 1204 1203
f 1203 1204 1205
f 1204 1206 1205
f 1205 1206 1207
f 1206 1208 1207
f 1207 1208 1209
f 1208 1210 1209
f 1209 1210 1211
f 1210 1212 1211
f 1211 1212 1213
f 1212 1214 1213
f 1213 1214 1215
f 1214 1216 1215
f 1215 1216 1217
f 1216 1218 1217
f 1217 1218 1219
f 1218 1220 1219
f 1219 1220 1221
f 1220 1222 1221
f 1221 1222 1223
f 1222 1224 1223
f 1223 1224 1225
f 1224 1226 1225
f 1225 1226 1227
f 1226 1228 1227
f 1227 1228 1229
f 1228 1230 1229
f 1229 1230 1231
f 1230 1232 1231
f 1231 1232 1233
f 1232 1234 1233
f 1233 1234 1235
f 1234 1236 1235
f 1235 1236 1237
f 1236 1238 1237
f 1237 1238 1239
f 1238 1240 1239
f 1239 1240 1241
f 1240 1242 1241
f 1241 1242 1243
f 1242 1244 1243
f 1243 1244 1245
f 1244 1246 1245
f 1245 1246 1247
f 1246 1248 1247
f 1247 1248 1249
f 1248 1250 1249
f 1249 1250 1251
f 1250 1252 1251
f 1251 1252 1253
f 1252 1254 1253
f 1253 1254 1255
f 1254 1256 1255
f 1255 1256 1257
f 1256 1258 1257
f 1257 1258 1259
f 1258 1260 1259
f 1259 1260 1261
f 1260 1262 1261
f 1261 1262 1263
f 1262 1264 1263
f 1263 1264 1265
f 1264 1266 1265
f 1265 1266 1267
f 1266 1268 1267
f 1267 1268 1269
f 1268 1270 1269
f 1269 1270 1271
f 1270 1272 1271
f 1271 1272 1273
f 1272 1274 1273
f 1273 1274 1275
f 1274 1276 1275
f 1275 1276 1277
f 1276 1278 1277
f 1277 1278 1279
f 1278 1280 1279
f 1279 1280 1281
f 1280 1282 1281
f 1281 1282 1283
f 1282 1284 1283
f 1283 1284 1285
f 1284 1286 1285
f 1285 1286 1287
f 1286 1288 1287
f 1287 1288 1289
f 1288 1290 1289
f 1289 1290 1291
f 1290 1292 1291
f 1291 1292 1293
f 1292 1294 1293
f 1293 1294 1295
f 1294 1296 1295
f 1295 1296 1297
f 1296 1298 1297
f 1297 1298 1299
f 1298 1300 1299
f 1299 1300 1301
f 1300 1302 1301
f 1301 1302 1303
f 1302 1304 1303
f 1303 1304 1161
f 1304 1162 1161
f 1301 1303 1305
f 1303 1161 1305
f 1305 1161 1163
f 1295 1297 1305
f 1297 1299 1305
f 1305 1299 1301
f 1289 1291 1305
f 1291 1293 1305
f 1305 1293 1295
f 1283 1285 1305
f 1285 1287 1305
f 1305 1287 1289
f 1277 1279 1305
f 1279 1281 1305
f 1305 1281 1283
f 1271 1273 1305
f 1273 1275 1305
f 1305 1275 1277
f 1265 1267 1305
f 1267 1269 1305
f 1305 1269 1271
f 1259 1261 1305
f 1261 1263 1305
f 1305 1263 1265
f 1253 1255 1305
f 1255 1257 1305
f 1305 1257 1259
f 1247 1249 1305
f 1249 1251 1305
f 1305 1251 1253
f 1241 1243 1305
f 1243 1245 1305
f 1305 1245 1247
f 1235 1237 1305
f 1237 1239 1305
f 1305 1239 1241
f 1229 1231 1305
f 1231 1233 1305
f 1305 1233 1235
f 1223 1225 1305
f 1225 1227 1305
f 1305 1227 1229
f 1217 1219 1305
f 1219 1221 1305
f 1305 1221 1223
f 1211 1213 1305
f 1213 1215 1305
f 1305 1215 1217
f 1205 1207 1305
f 1207 1209 1305
f 1305 1209 1211
f 1199 1201 1305
f 1201 1203 1305
f 1305 1203 1205
f 1193 1195 1305
f 1195 1197 1305
f 1305 1197 1199
f 1187 1189 1305
f 1189 1191 1305
f 1305 1191 1193
f 1181 1183 1305
f 1183 1185 1305
f 1305 1185 1187
f 1175 1177 1305
f 1177 1179 1305
f 1305 1179 1181
f 1169 1171 1305
f 1171 1173 1305
f 1305 1173 1175
f 1163 1165 1305
f 1165 1167 1305
f 1305 1167 1169
f 1306 1307 1308
f 1307 1309 1308
f 1308 1309 1310
f 1309 1311 1310
f 1310 1311 1312
f 1311 1313 1312
f 1312 1313 1314
f 1313 1315 1314
f 1314 1315 1316
f 1315 1317 1316
f 1316 1317 1318
f 1317 1319 1318
f 1318 1319 1320
f 1319 1321 1320
f 1320 1321 1322
f 1321 1323 1322
f 1322 1323 1324
f 1323 1325 1324
f 1324 1325 1326
f 1325 1327 1326
f 1326 1327 1328
f 1327 1329 1328
f 1328 1329 1330
f 1329 1331 1330
f 1330 1331 1332
f 1331 1333 1332
f 1332 1333 1334
f 1333 1335 1334
f 1334 1335 1336
f 1335 1337 1336
f 1336 1337 1338
f 1337 1339 1338
f 1338 1339 1340
f 1339 1341 1340
f 1340 1341 1342
f 1341 1343 1342
f 1342 1343 1344
f 1343 1345 1344
f 1344 1345 1346
f 1345 1347 1346
f 1346 1347 1348
f 1347 1349 1348
f 1348 1349 1350
f 1349 1351 1350
f 1350 1351 1352
f 1351 1353 1352
f 1352 1353 1354
f 1353 1355 1354
f 1354 1355 1356
f 1355 1357 1356
f 1356 1357 1358
f 1357 1359 1358
f 1358 1359 1360
f 1359 1361 1360
f 1360 1361 1362
f 1361 1363 1362
f 1362 1363 1364
f 1363 1365 1364
f 1364 1365 1366
f 1365 1367 1366
f 1366 1367 1368
f 1367 1369 1368
f 1368 1369 1370
f 1369 1371 1370
f 1370 1371 1372
f 1371 1373 1372
f 1372 1373 1374
f 1373 1375 1374
f 1374 1375 1376
f 1375 1377 1376
f 1376 1377 1378
f 1377 1379 1378
f 1378 1379 1380
f 1379 1381 1380
f 1380 1381 1382
f 1381 1383 1382
f 1382 1383 1384
f 1383 1385 1384
f 1384 1385 1386
f 1385 1387 1386
f 1386 1387 1388
f 1387 1389 1388
f 1388 1389 1390
f 1389 1391 1390
f 1390 1391 1392
f 1391 1393 1392
f 1392 1393 1394
f 1393 1395 1394
f 1394 1395 1396
f 1395 1397 1396
f 1396 1397 1398
f 1397 1399 1398
f 1398 1399 1400
f 1399 1401 1400
f 1400 1401 1402
f 1401 1403 1402
f 1402 1403 1404
f 1403 1405 1404
f 1404 1405 1406
f 1405 1407 1406
f 1406 1407 1408
f 1407 1409 1408
f 1408 1409 1410
f 1409 1411 1410
f 1410 1411 1412
f 1411 1413 1412
f 1412 1413 1414
f 1413 1415 1414
f 1414 1415 1416
f 1415 1417 1416
f 1416 1417 1418
f 1417 1419 1418
f 1418 1419 1420
f 1419 1421 1420
f 1420 1421 1422
f 1421 1423 1422
f 1422 1423 1424
f 1423 1425 1424
f 1424 1425 1426
f 1425 1427 1426
f 1426 1427 1428
f 1427 1429 1428
f 1428 1429 1430
f 1429 1431 1430
f 1430 1431 1432
f 1431 1433 1432
f 1432 1433 1434
f 1433 1435 1434
f 1434 1435 1436
f 1435 1437 1436
f 1436 1437 1438
f 1437 1439 1438
f 1438 1439 1440
f 1439 1441 1440
f 1440 1441 1442
f 1441 1443 1442
f 1442 1443 1444
f 1443 1445 1444
f 1444 1445 1446
f 1445 1447 1446
f 1446 1447 1448
f 1447 1449 1448
f 1448 1449 1306
f 1449 1307 1306
f 1446 1448 1450
f 1448 1306 1450
f 1450 1306 1308
f 1440 1442 1450
f 1442 1444 1450
f 1450 1444 1446
f 1434 1436 1450
f 1436 1438 1450
f 1450 1438 1440
f 1428 1430 1450
f 1430 1432 1450
f 1450 1432 1434
f 1422 1424 1450
f 1424 1426 1450
f 1450 1426 1428
f 1416 1418 1450
f 1418 1420 1450
f 1450 1420 1422
f 1410 1412 1450
f 1412 1414 1450
f 1450 1414 1416
f 1404 1406 1450
f 1406 1408 1450
f 1450 1408 1410
f 1398 1400 1450
f 1400 1402 1450
f 1450 1402 1404
f 1392 1394 1450
f 1394 1396 1450
f 1450 1396 1398
f 1386 1388 1450
f 1388 1390 1450
f 1450 1390 1392
f 1380 1382 1450
f 1382 1384 1450
f 1450 1384 1386
f 1374 1376 1450
f 1376 1378 1450
f 1450 1378 1380
f 1368 1370 1450
f 1370 1372 1450
f 1450 1372 1374
f 1362 1364 1450
f 1364 1366 1450
f 1450 1366 1368
f 1356 1358 1450
f 1358 1360 1450
f 1450 1360 1362
f 1350 1352 1450
f 1352 1354 1450
f 1450 1354 1356
f 1344 1346 1450
f 1346 1348 1450
f 1450 1348 1350
f 1338 1340 1450
f 1340 1342 1450
f 1450 1342 1344
f 1332 1334 1450
f 1334 1336 1450
f 1450 1336 1338
f 1326 1328 1450
f 1328 1330 1450
f 1450 1330 1332
f 1320 1322 1450
f 1322 1324 1450
f 1450 1324 1326
f 1314 1316 1450
f 1316 1318 1450
f 1450 1318 1320
f 1308 1310 1450
f 1310 1312 1450
f 1450 1312 1314
f 1451 1452 1453
f 1452 1454 1453
f 1453 1454 1455
f 1454 1456 1455
f 1455 1456 1457
f 1456 1458 1457
f 1457 1458 1459
f 1458 1460 1459
f 1459 1460 1461
f 1460 1462 1461
f 1461 1462 1463
f 1462 1464 1463
f 1463 1464 1465
f 1464 1466 1465
f 1465 1466 1467
f 1466 1468 1467
f 1467 1468 1469
f 1468 1470 1469
f 1469 1470 1471
f 1470 1472 1471
f 1471 1472 1473
f 1472 1474 1473
f 1473 1474 1475
f 1474 1476 1475
f 1475 1476 1477
f 1476 1478 1477
f 1477 1478 1479
f 1478 1480 1479
f 1479 1480 1481
f 1480 1482 1481
f 1481 1482 1483
f 1482 1484 1483
f 1483 1484 1485
f 1484 1486 1485
f 1485 1486 1487
f 1486 1488 1487
f 1487 1488 1489
f 1488 1490 1489
f 1489 1490 1491
f 1490 1492 1491
f 1491 1492 1493
f 1492 1494 1493
f 1493 1494 1495
f 1494 1496 1495
f 1495 1496 1497
f 1496 1498 1497
f 1497 1498 1499
f 1498 1500 1499
f 1499 1500 1501
f 1500 1502 1501
f 1501 1502 1503
f 1502 1504 1503
f 1503 1504 1505
f 1504 1506 1505
f 1505 1506 1507
f 1506 1508 1507
f 1507 1508 1509
f 1508 1510 1509
f 1509 1510 1511
f 1510 1512 1511
f 1511 1512 1513
f 1512 1514 1513
f 1513 1514 1515
f 1514 1516 1515
f 1515 1516 1517
f 1516 1518 1517
f 1517 1518 1519
f 1518 1520 1519
f 1519 1520 1521
f 1520 1522 1521
f 1521 1522 1523
f 1522 1524 1523
f 1523 1524 1525
f 1524 1526 1525
f 1525 1526 1527
f 1526 1528 1527
f 1527 1528 1529
f 1528 1530 1529
f 1529 1530 1531
f 1530 1532 1531
f 1531 1532 1533
f 1532 1534 1533
f 1533 1534 1535
f 1534 1536 1535
f 1535 1536 1537
f 1536 1538 1537
f 1537 1538 1539
f 1538 1540 1539
f 1539 1540 1541
f 1540 1542 1541
f 1541 1542 1543
f 1542 1544 1543
f 1543 1544 1545
f 1544 1546 1545
f 1545 1546 1547
f 1546 1548 1547
f 1547 1548 1549
f 1548 1550 1549
f 1549 1550 1551
f 1550 1552 1551
f 1551 1552 1553
f 1552 1554 1553
f 1553 1554 1555
f 1554 1556 1555
f 1555 1556 1557
f 1556 1558 1557
f 1557 1558 1559
f 1558 1560 1559
f 1559 1560 1561
f 1560 1562 1561
f 1561 1562 1563
f 1562 1564 1563
f 1563 1564 1565
f 1564 1566 1565
f 1565 1566 1567
f 1566 1568 1567
f 1567 1568 1569
f 1568 1570 1569
f 1569 1570 1571
f 1570 1572 1571
f 1571 1572 1573
f 1572 1574 1573
f 1573 1574 1575
f 1574 1576 1575
f 1575 1576 1577
f 1576 1578 1577
f 1577 1578 1579
f 1578 1580 1579
f 1579 1580 1581
f 1580 1582 1581
f 1581 1582 1583
f 1582 1584 1583
f 1583 1584 1585
f 1584 1586 1585
f 1585 1586 1587
f 1586 1588 1587
f 1587 1588 1589
f 1588 1590 1589
f 1589 1590 1591
f 1590 1592 1591
f 1591 1592 1593
f 1592 1594 1593
f 1593 1594 1451
f 1594 1452 1451
f 1591 1593 1595
f 1593 1451 1595
f 1595 1451 1453
f 1585 1587 1595
f 1587 1589 1595
f 1595 1589 1591
f 1579 1581 1595
f 1581 1583 1595
f 1595 1583 1585
f 1573 1575 1595
f 1575 1577 1595
f 1595 1577 1579
f 1567 1569 1595
f 1569 1571 1595
f 1595 1571 1573
f 1561 1563 1595
f 1563 1565 1595
f 1595 1565 1567
f 1555 1557 1595
f 1557 1559 1595
f 1595 1559 1561
f 1549 1551 1595
f 1551 1553 1595
f 1595 1553 1555
f 1543 1545 1595
f 1545 1547 1595
f 1595 1547 1549
f 1537 1539 1595
f 1539 1541 1595
f 1595 1541 1543
f 1531 1533 1595
f 1533 1535 1595
f 1595 1535 1537
f 1525 1527 1595
f 1527 1529 1595
f 1595 1529 1531
f 1519 1521 1595
f 1521 1523 1595
f 1595 1523 1525
f 1513 1515 1595
f 1515 1517 1595
f 1595 1517 1519
f 1507 1509 1595
f 1509 1511 1595
f 1595 1511 1513
f 1501 1503 1595
f 1503 1505 1595
f 1595 1505 1507
f 1495 1497 1595
f 1497 1499 1595
f 1595 1499 1501
f 1489 1491 1595
f 1491 1493 1595
f 1595 1493 1495
f 1483 1485 1595
f 1485 1487 1595
f 1595 1487 1489
f 1477 1479 1595
f 1479 1481 1595
f 1595 1481 1483
f 1471 1473 1595
f 1473 1475 1595
f 1595 1475 1477
f 1465 1467 1595
f 1467 1469 1595
f 1595 1469 1471
f 1459 1461 1595
f 1461 1463 1595
f 1595 1463 1465
f 1453 1455 1595
f 1455 1457 1595
f 1595 1457 1459
f 1596 1597 1598
f 1597 1599 1598
f 1598 1599 1600
f 1599 1601 1600
f 1600 1601 1602
f 1601 1603 1602
f 1602 1603 1604
f 1603 1605 1604
f 1604 1605 1606
f 1605 1607 1606
f 1606 1607 1608
f 1607 1609 1608
f 1608 1609 1610
f 1609 1611 1610
f 1610 1611 1612
f 1611 1613 1612
f 1612 1613 1614
f 1613 1615 1614
f 1614 1615 1616
f 1615 1617 1616
f 1616 1617 1618
f 1617 1619 1618
f 1618 1619 1620
f 1619 1621 1620
f 1620 1621 1622
f 1621 1623 1622
f 1622 1623 1624
f 1623 1625 1624
f 1624 1625 1626
f 1625 1627 1626
f 1626 1627 1628
f 1627 1629 1628
f 1628 1629 1630
f 1629 1631 1630
f 1630 1631 1632
f 1631 1633 1632
f 1632 1633 1634
f 1633 1635 1634
f 1634 1635 1636
f 1635 1637 1636
f 1636 1637 1638
f 1637 1639 1638
f 1638 1639 1640
f 1639 1641 1640
f 1640 1641 1642
f 1641 1643 1642
f 1642 1643 1644
f 1643 1645 1644
f 1644 1645 1646
f 1645 1647 1646
f 1646 1647 1648
f 1647 1649 1648
f 1648 1649 1650
f 1649 1651 1650
f 1650 1651 1652
f 1651 1653 1652
f 1652 1653 1654
f 1653 1655 1654
f 1654 1655 1656
f 1655 1657 1656
f 1656 1657 1658
f 1657 1659 1658
f 1658 1659 1660
f 1659 1661 1660
f 1660 1661 1662
f 1661 1663 1662
f 1662 1663 1664
f 1663 1665 1664
f 1664 1665 1666
f 1665 1667 1666
f 1666 1667 1668
f 1667 1669 1668
f 1668 1669 1670
f 1669 1671 1670
f 1670 1671 1672
f 1671 1673 1672
f 1672 1673 1674
f 1673 1675 1674
f 1674 1675 1676
f 1675 1677 1676
f 1676 1677 1678
f 1677 1679 1678
f 1678 1679 1680
f 1679 1681 1680
f 1680 1681 1682
f 1681 1683 1682
f 1682 1683 1684
f 1683 1685 1684
f 1684 1685 1686
f 1685 1687 1686
f 1686 1687 1688
f 1687 1689 1688
f 1688 1689 1690
f 1689 1691 1690
f 1690 1691 1692
f 1691 1693 1692
f 1692 1693 1694
f 1693 1695 1694
f 1694 1695 1696
f 1695 1697 1696
f 1696 1697 1698
f 1697 1699 1698
f 1698 1699 1700
f 1699 1701 1700
f 1700 1701 1702
f 1701 1703 1702
f 1702 1703 1704
f 1703 1705 1704
f 1704 1705 1706
f 1705 1707 1706
f 1706 1707 1708
f 1707 1709 1708
f 1708 1709 1710
f 1709 1711 1710
f 1710 1711 1712
f 1711 1713 1712
f 1712 1713 1714
f 1713 1715 1714
f 1714 1715 1716
f 1715 1717 1716
f 1716 1717 1718
f 1717 1719 1718
f 1718 1719 1720
f 1719 1721 1720
f 1720 1721 1722
f 1721 1723 1722
f 1722 1723 1724
f 1723 1725 1724
f 1724 1725 1726
f 1725 1727 1726
f 1726 1727 1728
f 1727 1729 1728
f 1728 1729 1730
f 1729 1731 1730
f 1730 1731 1732
f 1731 1733 1732
f 1732 1733 1734
f 1733 1735 1734
f 1734 1735 1736
f 1735 1737 1736
f 1736 1737 1738
f 1737 1739 1738
f 1738 1739 1596
f 1739 1597 1596
f 1736 1738 1740
f 1738 1596 1740
f 1740 1596 1598
f 1730 1732 1740
f 1732 1734 1740
f 1740 1734 1736
f 1724 1726 1740
f 1726 1728 1740
f 1740 1728 1730
f 1718 1720 1740
f 1720 1722 1740
f 1740 1722 1724
f 1712 1714 1740
f 1714 1716 1740
f 1740 1716 1718
f 1706 1708 1740
f 1708 1710 1740
f 1740 1710 1712
f 1700 1702 1740
f 1702 1704 1740
f 1740 1704 1706
f 1694 1696 1740
f 1696 1698 1740
f 1740 1698 1700
f 1688 1690 1740
f 1690 1692 1740
f 1740 1692 1694
f 1682 1684 1740
f 1684 1686 1740
f 1740 1686 1688
f 1676 1678 1740
f 1678 1680 1740
f 1740 1680 1682
f 1670 1672 1740
f 1672 1674 1740
f 1740 1674 1676
f 1664 1666 1740
f 1666 1668 1740
f 1740 1668 1670
f 1658 1660 1740
f 1660 1662 1740
f 1740 1662 1664
f 1652 1654 1740
f 1654 1656 1740
f 1740 1656 1658
f 1646 1648 1740
f 1648 1650 1740
f 1740 1650 1652
f 1640 1642 1740
f 1642 1644 1740
f 1740 1644 1646
f 1634 1636 1740
f 1636 1638 1740
f 1740 1638 1640
f 1628 1630 1740
f 1630 1632 1740
f 1740 1632 1634
f 1622 1624 1740
f 1624 1626 1740
f 1740 1626 1628
f 1616 1618 1740
f 1618 1620 1740
f 1740 1620 1622
f 1610 1612 1740
f 1612 1614 1740
f 1740 1614 1616
f 1604 1606 1740
f 1606 1608 1740
f 1740 1608 1610
f 1598 1600 1740
f 1600 1602 1740
f 1740 1602 1604
f 1741 1742 1743
f 1742 1744 1743
f 1743 1744 1745
f 1744 1746 1745
f 1745 1746 1747
f 1746 1748 1747
f 1747 1748 1749
f 1748 1750 1749
f 1749 1750 1751
f 1750 1752 1751
f 1751 1752 1753
f 1752 1754 1753
f 1753 1754 1755
f 1754 1756 1755
f 1755 1756 1757
f 1756 1758 1757
f 1757 1758 1759
f 1758 1760 1759
f 1759 1760 1761
f 1760 1762 1761
f 1761 1762 1763
f 1762 1764 1763
f 1763 1764 1765
f 1764 1766 1765
f 1765 1766 1767
f 1766 1768 1767
f 1767 1768 1769
f 1768 1770 1769
f 1769 1770 1771
f 1770 1772 1771
f 1771 1772 1773
f 1772 1774 1773
f 1773 1774 1775
f 1774 1776 1775
f 1775 1776 1777
f 1776 1778 1777
f 1777 1778 1779
f 1778 1780 1779
f 1779 1780 1781
f 1780 1782 1781
f 1781 1782 1783
f 1782 1784 1783
f 1783 1784 1785
f 1784 1786 1785
f 1785 1786 1787
f 1786 1788 1787
f 1787 1788 1789
f 1788 1790 1789
f 1789 1790 1791
f 1790 1792 1791
f 1791 1792 1793
f 1792 1794 1793
f 1793 1794 1795
f 1794 1796 1795
f 1795 1796 1797
f 1796 1798 1797
f 1797 1798 1799
f 1798 1800 1799
f 1799 1800 1801
f 1800 1802 1801
f 1801 1802 1803
f 1802 1804 1803
f 1803 1804 1805
f 1804 1806 1805
f 1805 1806 1807
f 1806 1808 1807
f 1807 1808 1809
f 1808 1810 1809
f 1809 1810 1811
f 1810 1812 1811
f 1811 1812 1813
f 1812 1814 1813
f 1813 1814 1815
f 1814 1816 1815
f 1815 1816 1817
f 1816 1818 1817
f 1817 1818 1819
f 1818 1820 1819
f 1819 1820 1821
f 1820 1822 1821
f 1821 1822 1823
f 1822 1824 1823
f 1823 1824 1825
f 1824 1826 1825
f 1825 1826 1827
f 1826 1828 1827
f 1827 1828 1829
f 1828 1830 1829
f 1829 1830 1831
f 1830 1832 1831
f 1831 1832 1833
f 1832 1834 1833
f 1833 1834 1835
f 1834 1836 1835
f 1835 1836 1837
f 1836 1838 1837
f 1837 1838 1839
f 1838 1840 1839
f 1839 1840 1841
f 1840 1842 1841
f 1841 1842 1843
f 1842 1844 1843
f 1843 1844 1845
f 1844 1846 1845
f 1845 1846 1847
f 1846 1848 1847
f 1847 1848 1849
f 1848 1850 1849
f 1849 1850 1851
f 1850 1852 1851
f 1851 1852 1853
f 1852 1854 1853
f 1853 1854 1855
f 1854 1856 1855
f 1855 1856 1857
f 1856 1858 1857
f 1857 1858 1859
f 1858 1860 1859
f 1859 1860 1861
f 1860 1862 1861
f 1861 1862 1863
f 1862 1864 1863
f 1863 1864 1865
f 1864 1866 1865
f 1865 1866 1867
f 1866 1868 1867
f 1867 1868 1869
f 1868 1870 1869
f 1869 1870 1871
f 1870 1872 1871
f 1871 1872 1873
f 1872 1874 1873
f 1873 1874 1875
f 1874 1876 1875
f 1875 1876 1877
f 1876 1878 1877
f 1877 1878 1879
f 1878 1880 1879
f 1879 1880 1881
f 1880 1882 1881
f 1881 1882 1883
f 1882 1884 1883
f 1883 1884 1741
f 1884 1742 1741
f 1881 1883 1885
f 1883 1741 1885
f 1885 1741 1743
f 1875 1877 1885
f 1877 1879 1885
f 1885 1879 1881
f 1869 1871 1885
f 1871 1873 1885
f 1885 1873 1875
f 1863 1865 1885
f 1865 1867 1885
f 1885 1867 1869
f 1857 1859 1885
f 1859 1861 1885
f 1885 1861 1863
f 1851 1853 1885
f 1853 1855 1885
f 1885 1855 1857
f 1845 1847 1885
f 1847 1849 1885
f 1885 1849 1851
f 1839 1841 1885
f 1841 1843 1885
f 1885 1843 1845
f 1833 1835 1885
f 1835 1837 1885
f 1885 1837 1839
f 1827 1829 1885
f 1829 1831 1885
f 1885 1831 1833
f 1821 1823 1885
f 1823 1825 1885
f 1885 1825 1827
f 1815 1817 1885
f 1817 1819 1885
f 1885 1819 1821
f 1809 1811 1885
f 1811 1813 1885
f 1885 1813 1815
f 1803 1805 1885
f 1805 1807 1885
f 1885 1807 1809
f 1797 1799 1885
f 1799 1801 1885
f 1885 1801 1803
f 1791 1793 1885
f 1793 1795 1885
f 1885 1795 1797
f 1785 1787 1885
f 1787 1789 1885
f 1885 1789 1791
f 1779 1781 1885
f 1781 1783 1885
f 1885 1783 1785
f 1773 1775 1885
f 1775 1777 1885
f 1885 1777 1779
f 1767 1769 1885
f 1769 1771 1885
f 1885 1771 1773
f 1761 1763 1885
f 1763 1765 1885
f 1885 1765 1767
f 1755 1757 1885
f 1757 1759 1885
f 1885 1759 1761
f 1749 1751 1885
f 1751 1753 1885
f 1885 1753 1755
f 1743 1745 1885
f 1745 1747 1885
f 1885 1747 1749
f 1886 1887 1888
f 1887 1889 1888
f 1888 1889 1890
f 1889 1891 1890
f 1890 1891 1892
f 1891 1893 1892
f 1892 1893 1894
f 1893 1895 1894
f 1894 1895 1896
f 1895 1897 1896
f 1896 1897 1898
f 1897 1899 1898
f 1898 1899 1900
f 1899 1901 1900
f 1900 1901 1902
f 1901 1903 1902
f 1902 1903 1904
f 1903 1905 1904
f 1904 1905 1906
f 1905 1907 1906
f 1906 1907 1908
f 1907 1909 1908
f 1908 1909 1910
f 1909 1911 1910
f 1910 1911 1912
f 1911 1913 1912
f 1912 1913 1914
f 1913 1915 1914
f 1914 1915 1916
f 1915 1917 1916
f 1916 1917 1918
f 1917 1919 1918
f 1918 1919 1920
f 1919 1921 1920
f 1920 1921 1922
f 1921 1923 1922
f 1922 1923 1924
f 1923 1925 1924
f 1924 1925 1926
f 1925 1927 1926
f 1926 1927 1928
f 1927 1929 1928
f 1928 1929 1930
f 1929 1931 1930
f 1930 1931 1932
f 1931 1933 1932
f 1932 1933 1934
f 1933 1935 1934
f 1934 1935 1936
f 1935 1937 1936
f 1936 1937 1938
f 1937 1939 1938
f 1938 1939 1940
f 1939 1941 1940
f 1940 1941 1942
f 1941 1943 1942
f 1942 1943 1944
f 1943 1945 1944
f 1944 1945 1946
f 1945 1947 1946
f 1946 1947 1948
f 1947 1949 1948
f 1948 1949 1950
f 1949 1951 1950
f 1950 1951 1952
f 1951 1953 1952
f 1952 1953 1954
f 1953 1955 1954
f 1954 1955 1956
f 1955 1957 1956
f 1956 1957 1958
f 1957 1959 1958
f 1958 1959 1960
f 1959 1961 1960
f 1960 1961 1962
f 1961 1963 1962
f 1962 1963 1964
f 1963 1965 1964
f 1964 1965 1966
f 1965 1967 1966
f 1966 1967 1968
f 1967 1969 1968
f 1968 1969 1970
f 1969 1971 1970
f 1970 1971 1972
f 1971 1973 1972
f 1972 1973 1974
f 1973 1975 1974
f 1974 1975 1976
f 1975 1977 1976
f 1976 1977 1978
f 1977 1979 1978
f 1978 1979 1980
f 1979 1981 1980
f 1980 1981 1982
f 1981 1983 1982
f 1982 1983 1984
f 1983 1985 1984
f 1984 1985 1986
f 1985 1987 1986
f 1986 1987 1988
f 1987 1989 1988
f 1988 1989 1990
f 1989 1991 1990
f 1990 1991 1992
f 1991 1993 1992
f 1992 1993 1994
f 1993 1995 1994
f 1994 1995 1996
f 1995 1997 1996
f 1996 1997 1998
f 1997 1999 1998
f 1998 1999 2000
f 1999 2001 2000
f 2000 2001 2002
f 2001 2003 2002
f 2002 2003 2004
f 2003 2005 2004
f 2004 2005 2006
f 2005 2007 2006
f 2006 2007 2008
f 2007 2009 2008
f 2008 2009 2010
f 2009 2011 2010
f 2010 2011 2012
f 2011 2013 2012
f 2012 2013 2014
f 2013 2015 2014
f 2014 2015 2016
f 2015 2017 2016
f 2016 2017 2018
f 2017 2019 2018
f 2018 2019 2020
f 2019 2021 2020
f 2020 2021 2022
f 2021 2023 2022
f 2022 2023 2024
f 2023 2025 2024
f 2024 2025 2026
f 2025 2027 2026
f 2026 2027 2028
f 2027 2029 2028
f 2028 2029 1886
f 2029 1887 1886
f 2026 2028 2030
f 2028 1886 2030
f 2030 1886 1888
f 2020 2022 2030
f 2022 2024 2030
f 2030 2024 2026
f 2014 2016 2030
f 2016 2018 2030
f 2030 2018 2020
f 2008 2010 2030
f 2010 2012 2030
f 2030 2012 2014
f 2002 2004 2030
f 2004 2006 2030
f 2030 2006 2008
f 1996 1998 2030
f 1998 2000 2030
f 2030 2000 2002
f 1990 1992 2030
f 1992 1994 2030
f 2030 1994 1996
f 1984 1986 2030
f 1986 1988 2030
f 2030 1988 1990
f 1978 1980 2030
f 1980 1982 2030
f 2030 1982 1984
f 1972 1974 2030
f 1974 1976 2030
f 2030 1976 1978
f 1966 1968 2030
f 1968 1970 2030
f 2030 1970 1972
f 1960 1962 2030
f 1962 1964 2030
f 2030 1964 1966
f 1954 1956 2030
f 1956 1958 2030
f 2030 1958 1960
f 1948 1950 2030
f 1950 1952 2030
f 2030 1952 1954
f 1942 1944 2030
f 1944 1946 2030
f 2030 1946 1948
f 1936 1938 2030
f 1938 1940 2030
f 2030 1940 1942
f 1930 1932 2030
f 1932 1934 2030
f 2030 1934 1936
f 1924 1926 2030
f 1926 1928 2030
f 2030 1928 1930
f 1918 1920 2030
f 1920 1922 2030
f 2030 1922 1924
f 1912 1914 2030
f 1914 1916 2030
f 2030 1916 1918
f 1906 1908 2030
f 1908 1910 2030
f 2030 1910 1912
f 1900 1902 2030
f 1902 1904 2030
f 2030 1904 1906
f 1894 1896 2030
f 1896 1898 2030
f 2030 1898 1900
f 1888 1890 2030
f 1890 1892 2030
f 2030 1892 1894
f 2031 2032 2033
f 2032 2034 2033
f 2033 2034 2035
f 2034 2036 2035
f 2035 2036 2037
f 2036 2038 2037
f 2037 2038 2039
f 2038 2040 2039
f 2039 2040 2041
f 2040 2042 2041
f 2041 2042 2043
f 2042 2044 2043
f 2043 2044 2045
f 2044 2046 2045
f 2045 2046 2047
f 2046 2048 2047
f 2047 2048 2049
f 2048 2050 2049
f 2049 2050 2051
f 2050 2052 2051
f 2051 2052 2053
f 2052 2054 2053
f 2053 2054 2055
f 2054 2056 2055
f 2055 2056 2057
f 2056 2058 2057
f 2057 2058 2059
f 2058 2060 2059
f 2059 2060 2061
f 2060 2062 2061
f 2061 2062 2063
f 2062 2064 2063
f 2063 2064 2065
f 2064 2066 2065
f 2065 2066 2067
f 2066 2068 2067
f 2067 2068 2069
f 2068 2070 2069
f 2069 2070 2071
f 2070 2072 2071
f 2071 2072 2073
f 2072 2074 2073
f 2073 2074 2075
f 2074 2076 2075
f 2075 2076 2077
f 2076 2078 2077
f 2077 2078 2079
f 2078 2080 2079
f 2079 2080 2081
f 2080 2082 2081
f 2081 2082 2083
f 2082 2084 2083
f 2083 2084 2085
f 2084 2086 2085
f 2085 2086 2087
f 2086 2088 2087
f 2087 2088 2089
f 2088 2090 2089
f 2089 2090 2091
f 2090 2092 2091
f 2091 2092 2093
f 2092 2094 2093
f 2093 2094 2095
f 2094 2096 2095
f 2095 2096 2097
f 2096 2098 2097
f 2097 2098 2099
f 2098 2100 2099
f 2099 2100 2101
f 2100 2102 2101
f 2101 2102 2103
f 2102 2104 2103
f 2103 2104 2105
f 2104 2106 2105
f 2105 2106 2107
f 2106 2108 2107
f 2107 2108 2109
f 2108 2110 2109
f 2109 2110 2111
f 2110 2112 2111
f 2111 2112 2113
f 2112 2114 2113
f 2113 2114 2115
f 2114 2116 2115
f 2115 2116 2117
f 2116 2118 2117
f 2117 2118 2119
f 2118 2120 2119
f 2119 2120 2121
f 2120 2122 2121
f 2121 2122 2123
f 2122 2124 2123
f 2123 2124 2125
f 2124 2126 2125
f 2125 2126 2127
f 2126 2128 2127
f 2127 2128 2129
f 2128 2130 2129
f 2129 2130 2131
f 2130 2132 2131
f 2131 2132 2133
f 2132 2134 2133
f 2133 2134 2135
f 2134 2136 2135
f 2135 2136 2137
f 2136 2138 2137
f 2137 2138 2139
f 2138 2140 2139
f 2139 2140 2141
f 2140 2142 2141
f 2141 2142 2143
f 2142 2144 2143
f 2143 2144 2145
f 2144 2146 2145
f 2145 2146 2147
f 2146 2148 2147
f 2147 2148 2149
f 2148 2150 2149
f 2149 2150 2151
f 2150 2152 2151
f 2151 2152 2153
f 2152 2154 2153
f 2153 2154 2155
f 2154 2156 2155
f 2155 2156 2157
f 2156 2158 2157
f 2157 2158 2159
f 2158 2160 2159
f 2159 2160 2161
f 2160 2162 2161
f 2161 2162 2163
f 2162 2164 2163
f 2163 2164 2165
f 2164 2166 2165
f 2165 2166 2167
f 2166 2168 2167
f 2167 2168 2169
f 2168 2170 2169
f 2169 2170 2171
f 2170 2172 2171
f 2171 2172 2173
f 2172 2174 2173
f 2173 2174 2031
f 2174 2032 2031
f 2171 2173 2175
f 2173 2031 2175
f 2175 2031 2033
f 2165 2167 2175
f 2167 2169 2175
f 2175 2169 2171
f 2159 2161 2175
f 2161 2163 2175
f 2175 2163 2165
f 2153 2155 2175
f 2155 2157 2175
f 2175 2157 2159
f 2147 2149 2175
f 2149 2151 2175
f 2175 2151 2153
f 2141 2143 2175
f 2143 2145 2175
f 2175 2145 2147
f 2135 2137 2175
f 2137 2139 2175
f 2175 2139 2141
f 2129 2131 2175
f 2131 2133 2175
f 2175 2133 2135
f 2123 2125 2175
f 2125 2127 2175
f 2175 2127 2129
f 2117 2119 2175
f 2119 2121 2175
f 2175 2121 2123
f 2111 2113 2175
f 2113 2115 2175
f 2175 2115 2117
f 2105 2107 2175
f 2107 2109 2175
f 2175 2109 2111
f 2099 2101 2175
f 2101 2103 2175
f 2175 2103 2105
f 2093 2095 2175
f 2095 2097 2175
f 2175 2097 2099
f 2087 2089 2175
f 2089 2091 2175
f 2175 2091 2093
f 2081 2083 2175
f 2083 2085 2175
f 2175 2085 2087
f 2075 2077 2175
f 2077 2079 2175
f 2175 2079 2081
f 2069 2071 2175
f 2071 2073 2175
f 2175 2073 2075
f 2063 2065 2175
f 2065 2067 2175
f 2175 2067 2069
f 2057 2059 2175
f 2059 2061 2175
f 2175 2061 2063
f 2051 2053 2175
f 2053 2055 2175
f 2175 2055 2057
f 2045 2047 2175
f 2047 2049 2175
f 2175 2049 2051
f 2039 2041 2175
f 2041 2043 2175
f 2175 2043 2045
f 2033 2035 2175
f 2035 2037 2175
f 2175 2037 2039
f 2176 2177 2178
f 2177 2179 2178
f 2178 2179 2180
f 2179 2181 2180
f 2180 2181 2182
f 2181 2183 2182
f 2182 2183 2184
f 2183 2185 2184
f 2184 2185 2186
f 2185 2187 2186
f 2186 2187 2188
f 2187 2189 2188
f 2188 2189 2190
f 2189 2191 2190
f 2190 2191 2192
f 2191 2193 2192
f 2192 2193 2194
f 2193 2195 2194
f 2194 2195 2196
f 2195 2197 2196
f 2196 2197 2198
f 2197 2199 2198
f 2198 2199 2200
f 2199 2201 2200
f 2200 2201 2202
f 2201 2203 2202
f 2202 2203 2204
f 2203 2205 2204
f 2204 2205 2206
f 2205 2207 2206
f 2206 2207 2208
f 2207 2209 2208
f 2208 2209 2210
f 2209 2211 2210
f 2210 2211 2212
f 2211 2213 2212
f 2212 2213 2214
f 2213 2215 2214
f 2214 2215 2216
f 2215 2217 2216
f 2216 2217 2218
f 2217 2219 2218
f 2218 2219 2220
f 2219 2221 2220
f 2220 2221 2222
f 2221 2223 2222
f 2222 2223 2224
f 2223 2225 2224
f 2224 2225 2226
f 2225 2227 2226
f 2226 2227 2228
f 2227 2229 2228
f 2228 2229 2230
f 2229 2231 2230
f 2230 2231 2232
f 2231 2233 2232
f 2232 2233 2234
f 2233 2235 2234
f 2234 2235 2236
f 2235 2237 2236
f 2236 2237 2238
f 2237 2239 2238
f 2238 2239 2240
f 2239 2241 2240
f 2240 2241 2242
f 2241 2243 2242
f 2242 2243 2244
f 2243 2245 2244
f 2244 2245 2246
f 2245 2247 2246
f 2246 2247 2248
f 2247 2249 2248
f 2248 2249 2250
f 2249 2251 2250
f 2250 2251 2252
f 2251 2253 2252
f 2252 2253 2254
f 2253 2255 2254
f 2254 2255 2256
f 2255 2257 2256
f 2256 2257 2258
f 2257 2259 2258
f 2258 2259 2260
f 2259 2261 2260
f 2260 2261 2262
f 2261 2263 2262
f 2262 2263 2264
f 2263 2265 2264
f 2264 2265 2266
f 2265 2267 2266
f 2266 2267 2268
f 2267 2269 2268
f 2268 2269 2270
f 2269 2271 2270
f 2270 2271 2272
f 2271 2273 2272
f 2272 2273 2274
f 2273 2275 2274
f 2274 2275 2276
f 2275 2277 2276
f 2276 2277 2278
f 2277 2279 2278
f 2278 2279 2280
f 2279 2281 2280
f 2280 2281 2282
f 2281 2283 2282
f 2282 2283 2284
f 2283 2285 2284
f 2284 2285 2286
f 2285 2287 2286
f 2286 2287 2288
f 2287 2289 2288
f 2288 2289 2290
f 2289 2291 2290
f 2290 2291 2292
f 2291 2293 2292
f 2292 2293 2294
f 2293 2295 2294
f 2294 2295 2296
f 2295 2297 2296
f 2296 2297 2298
f 2297 2299 2298
f 2298 2299 2300
f 2299 2301 2300
f 2300 2301 2302
f 2301 2303 2302
f 2302 2303 2304
f 2303 2305 2304
f 2304 2305 2306
f 2305 2307 2306
f 2306 2307 2308
f 2307 2309 2308
f 2308 2309 2310
f 2309 2311 2310
f 2310 2311 2312
f 2311 2313 2312
f 2312 2313 2314
f 2313 2315 2314
f 2314 2315 2316
f 2315 2317 2316
f 2316 2317 2318
f 2317 2319 2318
f 2318 2319 2176
f 2319 2177 2176
f 2316 2318 2320
f 2318 2176 2320
f 2320 2176 2178
f 2310 2312 2320
f 2312 2314 2320
f 2320 2314 2316
f 2304 2306 2320
f 2306 2308 2320
f 2320 2308 2310
f 2298 2300 2320
f 2300 2302 2320
f 2320 2302 2304
f 2292 2294 2320
f 2294 2296 2320
f 2320 2296 2298
f 2286 2288 2320
f 2288 2290 2320
f 2320 2290 2292
f 2280 2282 2320
f 2282 2284 2320
f 2320 2284 2286
f 2274 2276 2320
f 2276 2278 2320
f 2320 2278 2280
f 2268 2270 2320
f 2270 2272 2320
f 2320 2272 2274
f 2262 2264 2320
f 2264 2266 2320
f 2320 2266 2268
f 2256 2258 2320
f 2258 2260 2320
f 2320 2260 2262
f 2250 2252 2320
f 2252 2254 2320
f 2320 2254 2256
f 2244 2246 2320
f 2246 2248 2320
f 2320 2248 2250
f 2238 2240 2320
f 2240 2242 2320
f 2320 2242 2244
f 2232 2234 2320
f 2234 2236 2320
f 2320 2236 2238
f 2226 2228 2320
f 2228 2230 2320
f 2320 2230 2232
f 2220 2222 2320
f 2222 2224 2320
f 2320 2224 2226
f 2214 2216 2320
f 2216 2218 2320
f 2320 2218 2220
f 2208 2210 2320
f 2210 2212 2320
f 2320 2212 2214
f 2202 2204 2320
f 2204 2206 2320
f 2320 2206 2208
f 2196 2198 2320
f 2198 2200 2320
f 2320 2200 2202
f 2190 2192 2320
f 2192 2194 2320
f 2320 2194 2196
f 2184 2186 2320
f 2186 2188 2320
f 2320 2188 2190
f 2178 2180 2320
f 2180 2182 2320
f 2320 2182 2184
f 2321 2322 2323
f 2322 2324 2323
f 2323 2324 2325
f 2324 2326 2325
f 2325 2326 2327
f 2326 2328 2327
f 2327 2328 2329
f 2328 2330 2329
f 2329 2330 2331
f 2330 2332 2331
f 2331 2332 2333
f 2332 2334 2333
f 2333 2334 2335
f 2334 2336 2335
f 2335 2336 2337
f 2336 2338 2337
f 2337 2338 2339
f 2338 2340 2339
f 2339 2340 2341
f 2340 2342 2341
f 2341 2342 2343
f 2342 2344 2343
f 2343 2344 2345
f 2344 2346 2345
f 2345 2346 2347
f 2346 2348 2347
f 2347 2348 2349
f 2348 2350 2349
f 2349 2350 2351
f 2350 2352 2351
f 2351 2352 2353
f 2352 2354 2353
f 2353 2354 2355
f 2354 2356 2355
f 2355 2356 2357
f 2356 2358 2357
f 2357 2358 2359
f 2358 2360 2359
f 2359 2360 2361
f 2360 2362 2361
f 2361 2362 2363
f 2362 2364 2363
f 2363 2364 2365
f 2364 2366 2365
f 2365 2366 2367
f 2366 2368 2367
f 2367 2368 2369
f 2368 2370 2369
f 2369 2370 2371
f 2370 2372 2371
f 2371 2372 2373
f 2372 2374 2373
f 2373 2374 2375
f 2374 2376 2375
f 2375 2376 2377
f 2376 2378 2377
f 2377 2378 2379
f 2378 2380 2379
f 2379 2380 2381
f 2380 2382 2381
f 2381 2382 2383
f 2382 2384 2383
f 2383 2384 2385
f 2384 2386 2385
f 2385 2386 2387
f 2386 2388 2387
f 2387 2388 2389
f 2388 2390 2389
f 2389 2390 2391
f 2390 2392 2391
f 2391 2392 2393
f 2392 2394 2393
f 2393 2394 2395
f 2394 2396 2395
f 2395 2396 2397
f 2396 2398 2397
f 2397 2398 2399
f 2398 2400 2399
f 2399 2400 2401
f 2400 2402 2401
f 2401 2402 2403
f 2402 2404 2403
f 2403 2404 2405
f 2404 2406 2405
f 2405 2406 2407
f 2406 2408 2407
f 2407 2408 2409
f 2408 2410 2409
f 2409 2410 2411
f 2410 2412 2411
f 2411 2412 2413
f 2412 2414 2413
f 2413 2414 2415
f 2414 2416 2415
f 2415 2416 2417
f 2416 2418 2417
f 2417 2418 2419
f 2418 2420 2419
f 2419 2420 2421
f 2420 2422 2421
f 2421 2422 2423
f 2422 2424 2423
f 2423 2424 2425
f 2424 2426 2425
f 2425 2426 2427
f 2426 2428 2427
f 2427 2428 2429
f 2428 2430 2429
f 2429 2430 2431
f 2430 2432 2431
f 2431 2432 2433
f 2432 2434 2433
f 2433 2434 2435
f 2434 2436 2435
f 2435 2436 2437
f 2436 2438 2437
f 2437 2438 2439
f 2438 2440 2439
f 2439 2440 2441
f 2440 2442 2441
f 2441 2442 2443
f 2442 2444 2443
f 2443 2444 2445
f 2444 2446 2445
f 2445 2446 2447
f 2446 2448 2447
f 2447 2448 2449
f 2448 2450 2449
f 2449 2450 2451
f 2450 2452 2451
f 2451 2452 2453
f 2452 2454 2453
f 2453 2454 2455
f 2454 2456 2455
f 2455 2456 2457
f 2456 2458 2457
f 2457 2458 2459
f 2458 2460 2459
f 2459 2460 2461
f 2460 2462 2461
f 2461 2462 2463
f 2462 2464 2463
f 2463 2464 2321
f 2464 2322 2321
f 2461 2463 2465
f 2463 2321 2465
f 2465 2321 2323
f 2455 2457 2465
f 2457 2459 2465
f 2465 2459 2461
f 2449 2451 2465
f 2451 2453 2465
f 2465 2453 2455
f 2443 2445 2465
f 2445 2447 2465
f 2465 2447 2449
f 2437 2439 2465
f 2439 2441 2465
f 2465 2441 2443
f 2431 2433 2465
f 2433 2435 2465
f 2465 2435 2437
f 2425 2427 2465
f 2427 2429 2465
f 2465 2429 2431
f 2419 2421 2465
f 2421 2423 2465
f 2465 2423 2425
f 2413 2415 2465
f 2415 2417 2465
f 2465 2417 2419
f 2407 2409 2465
f 2409 2411 2465
f 2465 2411 2413
f 2401 2403 2465
f 2403 2405 2465
f 2465 2405 2407
f 2395 2397 2465
f 2397 2399 2465
f 2465 2399 2401
f 2389 2391 2465
f 2391 2393 2465
f 2465 2393 2395
f 2383 2385 2465
f 2385 2387 2465
f 2465 2387 2389
f 2377 2379 2465
f 2379 2381 2465
f 2465 2381 2383
f 2371 2373 2465
f 2373 2375 2465
f 2465 2375 2377
f 2365 2367 2465
f 2367 2369 2465
f 2465 2369 2371
f 2359 2361 2465
f 2361 2363 2465
f 2465 2363 2365
f 2353 2355 2465
f 2355 2357 2465
f 2465 2357 2359
f 2347 2349 2465
f 2349 2351 2465
f 2465 2351 2353
f 2341 2343 2465
f 2343 2345 2465
f 2465 2345 2347
f 2335 2337 2465
f 2337 2339 2465
f 2465 2339 2341
f 2329 2331 2465
f 2331 2333 2465
f 2465 2333 2335
f 2323 2325 2465
f 2325 2327 2465
f 2465 2327 2329
f 2466 2467 2468
f 2467 2469 2468
f 2468 2469 2470
f 2469 2471 2470
f 2470 2471 2472
f 2471 2473 2472
f 2472 2473 2474
f 2473 2475 2474
f 2474 2475 2476
f 2475 2477 2476
f 2476 2477 2478
f 2477 2479 2478
f 2478 2479 2480
f 2479 2481 2480
f 2480 2481 2482
f 2481 2483 2482
f 2482 2483 2484
f 2483 2485 2484
f 2484 2485 2486
f 2485 2487 2486
f 2486 2487 2488
f 2487 2489 2488
f 2488 2489 2490
f 2489 2491 2490
f 2490 2491 2492
f 2491 2493 2492
f 2492 2493 2494
f 2493 2495 2494
f 2494 2495 2496
f 2495 2497 2496
f 2496 2497 2498
f 2497 2499 2498
f 2498 2499 2500
f 2499 2501 2500
f 2500 2501 2502
f 2501 2503 2502
f 2502 2503 2504
f 2503 2505 2504
f 2504 2505 2506
f 2505 2507 2506
f 2506 2507 2508
f 2507 2509 2508
f 2508 2509 2510
f 2509 2511 2510
f 2510 2511 2512
f 2511 2513 2512
f 2512 2513 2514
f 2513 2515 2514
f 2514 2515 2516
f 2515 2517 2516
f 2516 2517 2518
f 2517 2519 2518
f 2518 2519 2520
f 2519 2521 2520
f 2520 2521 2522
f 2521 2523 2522
f 2522 2523 2524
f 2523 2525 2524
f 2524 2525 2526
f 2525 2527 2526
f 2526 2527 2528
f 2527 2529 2528
f 2528 2529 2530
f 2529 2531 2530
f 2530 2531 2532
f 2531 2533 2532
f 2532 2533 2534
f 2533 2535 2534
f 2534 2535 2536
f 2535 2537 2536
f 2536 2537 2538
f 2537 2539 2538
f 2538 2539 2540
f 2539 2541 2540
f 2540 2541 2542
f 2541 2543 2542
f 2542 2543 2544
f 2543 2545 2544
f 2544 2545 2546
f 2545 2547 2546
f 2546 2547 2548
f 2547 2549 2548
f 2548 2549 2550
f 2549 2551 2550
f 2550 2551 2552
f 2551 2553 2552
f 2552 2553 2554
f 2553 2555 2554
f 2554 2555 2556
f 2555 2557 2556
f 2556 2557 2558
f 2557 2559 2558
f 2558 2559 2560
f 2559 2561 2560
f 2560 2561 2562
f 2561 2563 2562
f 2562 2563 2564
f 2563 2565 2564
f 2564 2565 2566
f 2565 2567 2566
f 2566 2567 2568
f 2567 2569 2568
f 2568 2569 2570
f 2569 2571 2570
f 2570 2571 2572
f 2571 2573 2572
f 2572 2573 2574
f 2573 2575 2574
f 2574 2575 2576
f 2575 2577 2576
f 2576 2577 2578
f 2577 2579 2578
f 2578 2579 2580
f 2579 2581 2580
f 2580 2581 2582
f 2581 2583 2582
f 2582 2583 2584
f 2583 2585 2584
f 2584 2585 2586
f 2585 2587 2586
f 2586 2587 2588
f 2587 2589 2588
f 2588 2589 2590
f 2589 2591 2590
f 2590 2591 2592
f 2591 2593 2592
f 2592 2593 2594
f 2593 2595 2594
f 2594 2595 2596
f 2595 2597 2596
f 2596 2597 2598
f 2597 2599 2598
f 2598 2599 2600
f 2599 2601 2600
f 2600 2601 2602
f 2601 2603 2602
f 2602 2603 2604
f 2603 2605 2604
f 2604 2605 2606
f 2605 2607 2606
f 2606 2607 2608
f 2607 2609 2608
f 2608 2609 2466
f 2609 2467 2466
f 2606 2608 2610
f 2608 2466 2610
f 2610 2466 2468
f 2600 2602 2610
f 2602 2604 2610
f 2610 2604 2606
f 2594 2596 2610
f 2596 2598 2610
f 2610 2598 2600
f 2588 2590 2610
f 2590 2592 2610
f 2610 2592 2594
f 2582 2584 2610
f 2584 2586 2610
f 2610 2586 2588
f 2576 2578 2610
f 2578 2580 2610
f 2610 2580 2582
f 2570 2572 2610
f 2572 2574 2610
f 2610 2574 2576
f 2564 2566 2610
f 2566 2568 2610
f 2610 2568 2570
f 2558 2560 2610
f 2560 2562 2610
f 2610 2562 2564
f 2552 2554 2610
f 2554 2556 2610
f 2610 2556 2558
f 2546 2548 2610
f 2548 2550 2610
f 2610 2550 2552
f 2540 2542 2610
f 2542 2544 2610
f 2610 2544 2546
f 2534 2536 2610
f 2536 2538 2610
f 2610 2538 2540
f 2528 2530 2610
f 2530 2532 2610
f 2610 2532 2534
f 2522 2524 2610
f 2524 2526 2610
f 2610 2526 2528
f 2516 2518 2610
f 2518 2520 2610
f 2610 2520 2522
f 2510 2512 2610
f 2512 2514 2610
f 2610 2514 2516
f 2504 2506 2610
f 2506 2508 2610
f 2610 2508 2510
f 2498 2500 2610
f 2500 2502 2610
f 2610 2502 2504
f 2492 2494 2610
f 2494 2496 2610
f 2610 2496 2498
f 2486 2488 2610
f 2488 2490 2610
f 2610 2490 2492
f 2480 2482 2610
f 2482 2484 2610
f 2610 2484 2486
f 2474 2476 2610
f 2476 2478 2610
f 2610 2478 2480
f 2468 2470 2610
f 2470 2472 2610
f 2610 2472 2474
f 2611 2612 2613
f 2612 2614 2613
f 2613 2614 2615
f 2614 2616 2615
f 2615 2616 2617
f 2616 2618 2617
f 2617 2618 2619
f 2618 2620 2619
f 2619 2620 2621
f 2620 2622 2621
f 2621 2622 2623
f 2622 2624 2623
f 2623 2624 2625
f 2624 2626 2625
f 2625 2626 2627
f 2626 2628 2627
f 2627 2628 2629
f 2628 2630 2629
f 2629 2630 2631
f 2630 2632 2631
f 2631 2632 2633
f 2632 2634 2633
f 2633 2634 2635
f 2634 2636 2635
f 2635 2636 2637
f 2636 2638 2637
f 2637 2638 2639
f 2638 2640 2639
f 2639 2640 2641
f 2640 2642 2641
f 2641 2642 2643
f 2642 2644 2643
f 2643 2644 2645
f 2644 2646 2645
f 2645 2646 2647
f 2646 2648 2647
f 2647 2648 2649
f 2648 2650 2649
f 2649 2650 2651
f 2650 2652 2651
f 2651 2652 2653
f 2652 2654 2653
f 2653 2654 2655
f 2654 2656 2655
f 2655 2656 2657
f 2656 2658 2657
f 2657 2658 2659
f 2658 2660 2659
f 2659 2660 2661
f 2660 2662 2661
f 2661 2662 2663
f 2662 2664 2663
f 2663 2664 2665
f 2664 2666 2665
f 2665 2666 2667
f 2666 2668 2667
f 2667 2668 2669
f 2668 2670 2669
f 2669 2670 2671
f 2670 2672 2671
f 2671 2672 2673
f 2672 2674 2673
f 2673 2674 2675
f 2674 2676 2675
f 2675 2676 2677
f 2676 2678 2677
f 2677 2678 2679
f 2678 2680 2679
f 2679 2680 2681
f 2680 2682 2681
f 2681 2682 2683
f 2682 2684 2683
f 2683 2684 2685
f 2684 2686 2685
f 2685 2686 2687
f 2686 2688 2687
f 2687 2688 2689
f 2688 2690 2689
f 2689 2690 2691
f 2690 2692 2691
f 2691 2692 2693
f 2692 2694 2693
f 2693 2694 2695
f 2694 2696 2695
f 2695 2696 2697
f 2696 2698 2697
f 2697 2698 2699
f 2698 2700 2699
f 2699 2700 2701
f 2700 2702 2701
f 2701 2702 2703
f 2702 2704 2703
f 2703 2704 2705
f 2704 2706 2705
f 2705 2706 2707
f 2706 2708 2707
f 2707 2708 2709
f 2708 2710 2709
f 2709 2710 2711
f 2710 2712 2711
f 2711 2712 2713
f 2712 2714 2713
f 2713 2714 2715
f 2714 2716 2715
f 2715 2716 2717
f 2716 2718 2717
f 2717 2718 2719
f 2718 2720 2719
f 2719 2720 2721
f 2720 2722 2721
f 2721 2722 2723
f 2722 2724 2723
f 2723 2724 2725
f 2724 2726 2725
f 2725 2726 2727
f 2726 2728 2727
f 2727 2728 2729
f 2728 2730 2729
f 2729 2730 2731
f 2730 2732 2731
f 2731 2732 2733
f 2732 2734 2733
f 2733 2734 2735
f 2734 2736 2735
f 2735 2736 2737
f 2736 2738 2737
f 2737 2738 2739
f 2738 2740 2739
f 2739 2740 2741
f 2740 2742 2741
f 2741 2742 2743
f 2742 2744 2743
f 2743 2744 2745
f 2744 2746 2745
f 2745 2746 2747
f 2746 2748 2747
f 2747 2748 2749
f 2748 2750 2749
f 2749 2750 2751
f 2750 2752 2751
f 2751 2752 2753
f 2752 2754 2753
f 2753 2754 2611
f 2754 2612 2611
f 2751 2753 2755
f 2753 2611 2755
f 2755 2611 2613
f 2745 2747 2755
f 2747 2749 2755
f 2755 2749 2751
f 2739 2741 2755
f 2741 2743 2755
f 2755 2743 2745
f 2733 2735 2755
f 2735 2737 2755
f 2755 2737 2739
f 2727 2729 2755
f 2729 2731 2755
f 2755 2731 2733
f 2721 2723 2755
f 2723 2725 2755
f 2755 2725 2727
f 2715 2717 2755
f 2717 2719 2755
f 2755 2719 2721
f 2709 2711 2755
f 2711 2713 2755
f 2755 2713 2715
f 2703 2705 2755
f 2705 2707 2755
f 2755 2707 2709
f 2697 2699 2755
f 2699 2701 2755
f 2755 2701 2703
f 2691 2693 2755
f 2693 2695 2755
f 2755 2695 2697
f 2685 2687 2755
f 2687 2689 2755
f 2755 2689 2691
f 2679 2681 2755
f 2681 2683 2755
f 2755 2683 2685
f 2673 2675 2755
f 2675 2677 2755
f 2755 2677 2679
f 2667 2669 2755
f 2669 2671 2755
f 2755 2671 2673
f 2661 2663 2755
f 2663 2665 2755
f 2755 2665 2667
f 2655 2657 2755
f 2657 2659 2755
f 2755 2659 2661
f 2649 2651 2755
f 2651 2653 2755
f 2755 2653 2655
f 2643 2645 2755
f 2645 2647 2755
f 2755 2647 2649
f 2637 2639 2755
f 2639 2641 2755
f 2755 2641 2643
f 2631 2633 2755
f 2633 2635 2755
f 2755 2635 2637
f 2625 2627 2755
f 2627 2629 2755
f 2755 2629 2631
f 2619 2621 2755
f 2621 2623 2755
f 2755 2623 2625
f 2613 2615 2755
f 2615 2617 2755
f 2755 2617 2619
f 2756 2757 2758
f 2757 2759 2758
f 2758 2759 2760
f 2759 2761 2760
f 2760 2761 2762
f 2761 2763 2762
f 2762 2763 2764
f 2763 2765 2764
f 2764 2765 2766
f 2765 2767 2766
f 2766 2767 2768
f 2767 2769 2768
f 2768 2769 2770
f 2769 2771 2770
f 2770 2771 2772
f 2771 2773 2772
f 2772 2773 2774
f 2773 2775 2774
f 2774 2775 2776
f 2775 2777 2776
f 2776 2777 2778
f 2777 2779 2778
f 2778 2779 2780
f 2779 2781 2780
f 2780 2781 2782
f 2781 2783 2782
f 2782 2783 2784
f 2783 2785 2784
f 2784 2785 2786
f 2785 2787 2786
f 2786 2787 2788
f 2787 2789 2788
f 2788 2789 2790
f 2789 2791 2790
f 2790 2791 2792
f 2791 2793 2792
f 2792 2793 2794
f 2793 2795 2794
f 2794 2795 2796
f 2795 2797 2796
f 2796 2797 2798
f 2797 2799 2798
f 2798 2799 2800
f 2799 2801 2800
f 2800 2801 2802
f 2801 2803 2802
f 2802 2803 2804
f 2803 2805 2804
f 2804 2805 2806
f 2805 2807 2806
f 2806 2807 2808
f 2807 2809 2808
f 2808 2809 2810
f 2809 2811 2810
f 2810 2811 2812
f 2811 2813 2812
f 2812 2813 2814
f 2813 2815 2814
f 2814 2815 2816
f 2815 2817 2816
f 2816 2817 2818
f 2817 2819 2818
f 2818 2819 2820
f 2819 2821 2820
f 2820 2821 2822
f 2821 2823 2822
f 2822 2823 2824
f 2823 2825 2824
f 2824 2825 2826
f 2825 2827 2826
f 2826 2827 2828
f 2827 2829 2828
f 2828 2829 2830
f 2829 2831 2830
f 2830 2831 2832
f 2831 2833 2832
f 2832 2833 2834
f 2833 2835 2834
f 2834 2835 2836
f 2835 2837 2836
f 2836 2837 2838
f 2837 2839 2838
f 2838 2839 2840
f 2839 2841 2840
f 2840 2841 2842
f 2841 2843 2842
f 2842 2843 2844
f 2843 2845 2844
f 2844 2845 2846
f 2845 2847 2846
f 2846 2847 2848
f 2847 2849 2848
f 2848 2849 2850
f 2849 2851 2850
f 2850 2851 2852
f 2851 2853 2852
f 2852 2853 2854
f 2853 2855 2854
f 2854 2855 2856
f 2855 2857 2856
f 2856 2857 2858
f 2857 2859 2858
f 2858 2859 2860
f 2859 2861 2860
f 2860 2861 2862
f 2861 2863 2862
f 2862 2863 2864
f 2863 2865 2864
f 2864 2865 2866
f 2865 2867 2866
f 2866 2867 2868
f 2867 2869 2868
f 2868 2869 2870
f 2869 2871 2870
f 2870 2871 2872
f 2871 2873 2872
f 2872 2873 2874
f 2873 2875 2874
f 2874 2875 2876
f 2875 2877 2876
f 2876 2877 2878
f 2877 2879 2878
f 2878 2879 2880
f 2879 2881 2880
f 2880 2881 2882
f 2881 2883 2882
f 2882 2883 2884
f 2883 2885 2884
f 2884 2885 2886
f 2885 2887 2886
f 2886 2887 2888
f 2887 2889 2888
f 2888 2889 2890
f 2889 2891 2890
f 2890 2891 2892
f 2891 2893 2892
f 2892 2893 2894
f 2893 2895 2894
f 2894 2895 2896
f 2895 2897 2896
f 2896 2897 2898
f 2897 2899 2898
f 2898 2899 2756
f 2899 2757 2756
f 2896 2898 2900
f 2898 2756 2900
f 2900 2756 2758
f 2890 2892 2900
f 2892 2894 2900
f 2900 2894 2896
f 2884 2886 2900
f 2886 2888 2900
f 2900 2888 2890
f 2878 2880 2900
f 2880 2882 2900
f 2900 2882 2884
f 2872 2874 2900
f 2874 2876 2900
f 2900 2876 2878
f 2866 2868 2900
f 2868 2870 2900
f 2900 2870 2872
f 2860 2862 2900
f 2862 2864 2900
f 2900 2864 2866
f 2854 2856 2900
f 2856 2858 2900
f 2900 2858 2860
f 2848 2850 2900
f 2850 2852 2900
f 2900 2852 2854
f 2842 2844 2900
f 2844 2846 2900
f 2900 2846 2848
f 2836 2838 2900
f 2838 2840 2900
f 2900 2840 2842
f 2830 2832 2900
f 2832 2834 2900
f 2900 2834 2836
f 2824 2826 2900
f 2826 2828 2900
f 2900 2828 2830
f 2818 2820 2900
f 2820 2822 2900
f 2900 2822 2824
f 2812 2814 2900
f 2814 2816 2900
f 2900 2816 2818
f 2806 2808 2900
f 2808 2810 2900
f 2900 2810 2812
f 2800 2802 2900
f 2802 2804 2900
f 2900 2804 2806
f 2794 2796 2900
f 2796 2798 2900
f 2900 2798 2800
f 2788 2790 2900
f 2790 2792 2900
f 2900 2792 2794
f 2782 2784 2900
f 2784 2786 2900
f 2900 2786 2788
f 2776 2778 2900
f 2778 2780 2900
f 2900 2780 2782
f 2770 2772 2900
f 2772 2774 2900
f 2900 2774 2776
f 2764 2766 2900
f 2766 2768 2900
f 2900 2768 2770
f 2758 2760 2900
f 2760 2762 2900
f 2900 2762 2764
f 2901 2902 2903
f 2902 2904 2903
f 2903 2904 2905
f 2904 2906 2905
f 2905 2906 2907
f 2906 2908 2907
f 2907 2908 2909
f 2908 2910 2909
f 2909 2910 2911
f 2910 2912 2911
f 2911 2912 2913
f 2912 2914 2913
f 2913 2914 2915
f 2914 2916 2915
f 2915 2916 2917
f 2916 2918 2917
f 2917 2918 2919
f 2918 2920 2919
f 2919 2920 2921
f 2920 2922 2921
f 2921 2922 2923
f 2922 2924 2923
f 2923 2924 2925
f 2924 2926 2925
f 2925 2926 2927
f 2926 2928 2927
f 2927 2928 2929
f 2928 2930 2929
f 2929 2930 2931
f 2930 2932 2931
f 2931 2932 2933
f 2932 2934 2933
f 2933 2934 2935
f 2934 2936 2935
f 2935 2936 2937
f 2936 2938 2937
f 2937 2938 2939
f 2938 2940 2939
f 2939 2940 2941
f 2940 2942 2941
f 2941 2942 2943
f 2942 2944 2943
f 2943 2944 2945
f 2944 2946 2945
f 2945 2946 2947
f 2946 2948 2947
f 2947 2948 2949
f 2948 2950 2949
f 2949 2950 2951
f 2950 2952 2951
f 2951 2952 2953
f 2952 2954 2953
f 2953 2954 2955
f 2954 2956 2955
f 2955 2956 2957
f 2956 2958 2957
f 2957 2958 2959
f 2958 2960 2959
f 2959 2960 2961
f 2960 2962 2961
f 2961 2962 2963
f 2962 2964 2963
f 2963 2964 2965
f 2964 2966 2965
f 2965 2966 2967
f 2966 2968 2967
f 2967 2968 2969
f 2968 2970 2969
f 2969 2970 2971
f 2970 2972 2971
f 2971 2972 2973
f 2972 2974 2973
f 2973 2974 2975
f 2974 2976 2975
f 2975 2976 2977
f 2976 2978 2977
f 2977 2978 2979
f 2978 2980 2979
f 2979 2980 2981
f 2980 2982 2981
f 2981 2982 2983
f 2982 2984 2983
f 2983 2984 2985
f 2984 2986 2985
f 2985 2986 2987
f 2986 2988 2987
f 2987 2988 2989
f 2988 2990 2989
f 2989 2990 2991
f 2990 2992 2991
f 2991 2992 2993
f 2992 2994 2993
f 2993 2994 2995
f 2994 2996 2995
f 2995 2996 2997
f 2996 2998 2997
f 2997 2998 2999
f 2998 3000 2999
f 2999 3000 3001
f 3000 3002 3001
f 3001 3002 3003
f 3002 3004 3003
f 3003 3004 3005
f 3004 3006 3005
f 3005 3006 3007
f 3006 3008 3007
f 3007 3008 3009
f 3008 3010 3009
f 3009 3010 3011
f 3010 3012 3011
f 3011 3012 3013
f 3012 3014 3013
f 3013 3014 3015
f 3014 3016 3015
f 3015 3016 3017
f 3016 3018 3017
f 3017 3018 3019
f 3018 3020 3019
f 3019 3020 3021
f 3020 3022 3021
f 3021 3022 3023
f 3022 3024 3023
f 3023 3024 3025
f 3024 3026 3025
f 3025 3026 3027
f 3026 3028 3027
f 3027 3028 3029
f 3028 3030 3029
f 3029 3030 3031
f 3030 3032 3031
f 3031 3032 3033
f 3032 3034 3033
f 3033 3034 3035
f 3034 3036 3035
f 3035 3036 3037
f 3036 3038 3037
f 3037 3038 3039
f 3038 3040 3039
f 3039 3040 3041
f 3040 3042 3041
f 3041 3042 3043
f 3042 3044 3043
f 3043 3044 2901
f 3044 2902 2901
f 3041 3043 3045
f 3043 2901 3045
f 3045 2901 2903
f 3035 3037 3045
f 3037 3039 3045
f 3045 3039 3041
f 3029 3031 3045
f 3031 3033 3045
f 3045 3033 3035
f 3023 3025 3045
f 3025 3027 3045
f 3045 3027 3029
f 3017 3019 3045
f 3019 3021 3045
f 3045 3021 3023
f 3011 3013 3045
f 3013 3015 3045
f 3045 3015 3017
f 3005 3007 3045
f 3007 3009 3045
f 3045 3009 3011
f 2999 3001 3045
f 3001 3003 3045
f 3045 3003 3005
f 2993 2995 3045
f 2995 2997 3045
f 3045 2997 2999
f 2987 2989 3045
f 2989 2991 3045
f 3045 2991 2993
f 2981 2983 3045
f 2983 2985 3045
f 3045 2985 2987
f 2975 2977 3045
f 2977 2979 3045
f 3045 2979 2981
f 2969 2971 3045
f 2971 2973 3045
f 3045 2973 2975
f 2963 2965 3045
f 2965 2967 3045
f 3045 2967 2969
f 2957 2959 3045
f 2959 2961 3045
f 3045 2961 2963
f 2951 2953 3045
f 2953 2955 3045
f 3045 2955 2957
f 2945 2947 3045
f 2947 2949 3045
f 3045 2949 2951
f 2939 2941 3045
f 2941 2943 3045
f 3045 2943 2945
f 2933 2935 3045
f 2935 2937 3045
f 3045 2937 2939
f 2927 2929 3045
f 2929 2931 3045
f 3045 2931 2933
f 2921 2923 3045
f 2923 2925 3045
f 3045 2925 2927
f 2915 2917 3045
f 2917 2919 3045
f 3045 2919 2921
f 2909 2911 3045
f 2911 2913 3045
f 3045 2913 2915
f 2903 2905 3045
f 2905 2907 3045
f 3045 2907 2909
f 3046 3047 3048
f 3047 3049 3048
f 3048 3049 3050
f 3049 3051 3050
f 3050 3051 3052
f 3051 3053 3052
f 3052 3053 3054
f 3053 3055 3054
f 3054 3055 3056
f 3055 3057 3056
f 3056 3057 3058
f 3057 3059 3058
f 3058 3059 3060
f 3059 3061 3060
f 3060 3061 3062
f 3061 3063 3062
f 3062 3063 3064
f 3063 3065 3064
f 3064 3065 3066
f 3065 3067 3066
f 3066 3067 3068
f 3067 3069 3068
f 3068 3069 3070
f 3069 3071 3070
f 3070 3071 3072
f 3071 3073 3072
f 3072 3073 3074
f 3073 3075 3074
f 3074 3075 3076
f 3075 3077 3076
f 3076 3077 3078
f 3077 3079 3078
f 3078 3079 3080
f 3079 3081 3080
f 3080 3081 3082
f 3081 3083 3082
f 3082 3083 3084
f 3083 3085 3084
f 3084 3085 3086
f 3085 3087 3086
f 3086 3087 3088
f 3087 3089 3088
f 3088 3089 3090
f 3089 3091 3090
f 3090 3091 3092
f 3091 3093 3092
f 3092 3093 3094
f 3093 3095 3094
f 3094 3095 3096
f 3095 3097 3096
f 3096 3097 3098
f 3097 3099 3098
f 3098 3099 3100
f 3099 3101 3100
f 3100 3101 3102
f 3101 3103 3102
f 3102 3103 3104
f 3103 3105 3104
f 3104 3105 3106
f 3105 3107 3106
f 3106 3107 3108
f 3107 3109 3108
f 3108 3109 3110
f 3109 3111 3110
f 3110 3111 3112
f 3111 3113 3112
f 3112 3113 3114
f 3113 3115 3114
f 3114 3115 3116
f 3115 3117 3116
f 3116 3117 3118
f 3117 3119 3118
f 3118 3119 3120
f 3119 3121 3120
f 3120 3121 3122
f 3121 3123 3122
f 3122 3123 3124
f 3123 3125 3124
f 3124 3125 3126
f 3125 3127 3126
f 3126 3127 3128
f 3127 3129 3128
f 3128 3129 3130
f 3129 3131 3130
f 3130 3131 3132
f 3131 3133 3132
f 3132 3133 3134
f 3133 3135 3134
f 3134 3135 3136
f 3135 3137 3136
f 3136 3137 3138
f 3137 3139 3138
f 3138 3139 3140
f 3139 3141 3140
f 3140 3141 3142
f 3141 3143 3142
f 3142 3143 3144
f 3143 3145 3144
f 3144 3145 3146
f 3145 3147 3146
f 3146 3147 3148
f 3147 3149 3148
f 3148 3149 3150
f 3149 3151 3150
f 3150 3151 3152
f 3151 3153 3152
f 3152 3153 3154
f 3153 3155 3154
f 3154 3155 3156
f 3155 3157 3156
f 3156 3157 3158
f 3157 3159 3158
f 3158 3159 3160
f 3159 3161 3160
f 3160 3161 3162
f 3161 3163 3162
f 3162 3163 3164
f 3163 3165 3164
f 3164 3165 3166
f 3165 3167 3166
f 3166 3167 3168
f 3167 3169 3168
f 3168 3169 3170
f 3169 3171 3170
f 3170 3171 3172
f 3171 3173 3172
f 3172 3173 3174
f 3173 3175 3174
f 3174 3175 3176
f 3175 3177 3176
f 3176 3177 3178
f 3177 3179 3178
f 3178 3179 3180
f 3179 3181 3180
f 3180 3181 3182
f 3181 3183 3182
f 3182 3183 3184
f 3183 3185 3184
f 3184 3185 3186
f 3185 3187 3186
f 3186 3187 3188
f 3187 3189 3188
f 3188 3189 3046
f 3189 3047 3046
f 3186 3188 3190
f 3188 3046 3190
f 3190 3046 3048
f 3180 3182 3190
f 3182 3184 3190
f 3190 3184 3186
f 3174 3176 3190
f 3176 3178 3190
f 3190 3178 3180
f 3168 3170 3190
f 3170 3172 3190
f 3190 3172 3174
f 3162 3164 3190
f 3164 3166 3190
f 3190 3166 3168
f 3156 3158 3190
f 3158 3160 3190
f 3190 3160 3162
f 3150 3152 3190
f 3152 3154 3190
f 3190 3154 3156
f 3144 3146 3190
f 3146 3148 3190
f 3190 3148 3150
f 3138 3140 3190
f 3140 3142 3190
f 3190 3142 3144
f 3132 3134 3190
f 3134 3136 3190
f 3190 3136 3138
f 3126 3128 3190
f 3128 3130 3190
f 3190 3130 3132
f 3120 3122 3190
f 3122 3124 3190
f 3190 3124 3126
f 3114 3116 3190
f 3116 3118 3190
f 3190 3118 3120
f 3108 3110 3190
f 3110 3112 3190
f 3190 3112 3114
f 3102 3104 3190
f 3104 3106 3190
f 3190 3106 3108
f 3096 3098 3190
f 3098 3100 3190
f 3190 3100 3102
f 3090 3092 3190
f 3092 3094 3190
f 3190 3094 3096
f 3084 3086 3190
f 3086 3088 3190
f 3190 3088 3090
f 3078 3080 3190
f 3080 3082 3190
f 3190 3082 3084
f 3072 3074 3190
f 3074 3076 3190
f 3190 3076 3078
f 3066 3068 3190
f 3068 3070 3190
f 3190 3070 3072
f 3060 3062 3190
f 3062 3064 3190
f 3190 3064 3066
f 3054 3056 3190
f 3056 3058 3190
f 3190 3058 3060
f 3048 3050 3190
f 3050 3052 3190
f 3190 3052 3054
f 3191 3192 3193
f 3192 3194 3193
f 3193 3194 3195
f 3194 3196 3195
f 3195 3196 3197
f 3196 3198 3197
f 3197 3198 3199
f 3198 3200 3199
f 3199 3200 3201
f 3200 3202 3201
f 3201 3202 3203
f 3202 3204 3203
f 3203 3204 3205
f 3204 3206 3205
f 3205 3206 3207
f 3206 3208 3207
f 3207 3208 3209
f 3208 3210 3209
f 3209 3210 3211
f 3210 3212 3211
f 3211 3212 3213
f 3212 3214 3213
f 3213 3214 3215
f 3214 3216 3215
f 3215 3216 3217
f 3216 3218 3217
f 3217 3218 3219
f 3218 3220 3219
f 3219 3220 3221
f 3220 3222 3221
f 3221 3222 3223
f 3222 3224 3223
f 3223 3224 3225
f 3224 3226 3225
f 3225 3226 3227
f 3226 3228 3227
f 3227 3228 3229
f 3228 3230 3229
f 3229 3230 3231
f 3230 3232 3231
f 3231 3232 3233
f 3232 3234 3233
f 3233 3234 3235
f 3234 3236 3235
f 3235 3236 3237
f 3236 3238 3237
f 3237 3238 3239
f 3238 3240 3239
f 3239 3240 3241
f 3240 3242 3241
f 3241 3242 3243
f 3242 3244 3243
f 3243 3244 3245
f 3244 3246 3245
f 3245 3246 3247
f 3246 3248 3247
f 3247 3248 3249
f 3248 3250 3249
f 3249 3250 3251
f 3250 3252 3251
f 3251 3252 3253
f 3252 3254 3253
f 3253 3254 3255
f 3254 3256 3255
f 3255 3256 3257
f 3256 3258 3257
f 3257 3258 3259
f 3258 3260 3259
f 3259 3260 3261
f 3260 3262 3261
f 3261 3262 3263
f 3262 3264 3263
f 3263 3264 3265
f 3264 3266 3265
f 3265 3266 3267
f 3266 3268 3267
f 3267 3268 3269
f 3268 3270 3269
f 3269 3270 3271
f 3270 3272 3271
f 3271 3272 3273
f 3272 3274 3273
f 3273 3274 3275
f 3274 3276 3275
f 3275 3276 3277
f 3276 3278 3277
f 3277 3278 3279
f 3278 3280 3279
f 3279 3280 3281
f 3280 3282 3281
f 3281 3282 3283
f 3282 3284 3283
f 3283 3284 3285
f 3284 3286 3285
f 3285 3286 3287
f 3286 3288 3287
f 3287 3288 3289
f 3288 3290 3289
f 3289 3290 3291
f 3290 3292 3291
f 3291 3292 3293
f 3292 3294 3293
f 3293 3294 3295
f 3294 3296 3295
f 3295 3296 3297
f 3296 3298 3297
f 3297 3298 3299
f 3298 3300 3299
f 3299 3300 3301
f 3300 3302 3301
f 3301 3302 3303
f 3302 3304 3303
f 3303 3304 3305
f 3304 3306 3305
f 3305 3306 3307
f 3306 3308 3307
f 3307 3308 3309
f 3308 3310 3309
f 3309 3310 3311
f 3310 3312 3311
f 3311 3312 3313
f 3312 3314 3313
f 3313 3314 3315
f 3314 3316 3315
f 3315 3316 3317
f 3316 3318 3317
f 3317 3318 3319
f 3318 3320 3319
f 3319 3320 3321
f 3320 3322 3321
f 3321 3322 3323
f 3322 3324 3323
f 3323 3324 3325
f 3324 3326 3325
f 3325 3326 3327
f 3326 3328 3327
f 3327 3328 3329
f 3328 3330 3329
f 3329 3330 3331
f 3330 3332 3331
f 3331 3332 3333
f 3332 3334 3333
f 3333 3334 3191
f 3334 3192 3191
f 3331 3333 3335
f 3333 3191 3335
f 3335 3191 3193
f 3325 3327 3335
f 3327 3329 3335
f 3335 3329 3331
f 3319 3321 3335
f 3321 3323 3335
f 3335 3323 3325
f 3313 3315 3335
f 3315 3317 3335
f 3335 3317 3319
f 3307 3309 3335
f 3309 3311 3335
f 3335 3311 3313
f 3301 3303 3335
f 3303 3305 3335
f 3335 3305 3307
f 3295 3297 3335
f 3297 3299 3335
f 3335 3299 3301
f 3289 3291 3335
f 3291 3293 3335
f 3335 3293 3295
f 3283 3285 3335
f 3285 3287 3335
f 3335 3287 3289
f 3277 3279 3335
f 3279 3281 3335
f 3335 3281 3283
f 3271 3273 3335
f 3273 3275 3335
f 3335 3275 3277
f 3265 3267 3335
f 3267 3269 3335
f 3335 3269 3271
f 3259 3261 3335
f 3261 3263 3335
f 3335 3263 3265
f 3253 3255 3335
f 3255 3257 3335
f 3335 3257 3259
f 3247 3249 3335
f 3249 3251 3335
f 3335 3251 3253
f 3241 3243 3335
f 3243 3245 3335
f 3335 3245 3247
f 3235 3237 3335
f 3237 3239 3335
f 3335 3239 3241
f 3229 3231 3335
f 3231 3233 3335
f 3335 3233 3235
f 3223 3225 3335
f 3225 3227 3335
f 3335 3227 3229
f 3217 3219 3335
f 3219 3221 3335
f 3335 3221 3223
f 3211 3213 3335
f 3213 3215 3335
f 3335 3215 3217
f 3205 3207 3335
f 3207 3209 3335
f 3335 3209 3211
f 3199 3201 3335
f 3201 3203 3335
f 3335 3203 3205
f 3193 3195 3335
f 3195 3197 3335
f 3335 3197 3199
f 3336 3337 3338
f 3337 3339 3338
f 3338 3339 3340
f 3339 3341 3340
f 3340 3341 3342
f 3341 3343 3342
f 3342 3343 3344
f 3343 3345 3344
f 3344 3345 3346
f 3345 3347 3346
f 3346 3347 3348
f 3347 3349 3348
f 3348 3349 3350
f 3349 3351 3350
f 3350 3351 3352
f 3351 3353 3352
f 3352 3353 3354
f 3353 3355 3354
f 3354 3355 3356
f 3355 3357 3356
f 3356 3357 3358
f 3357 3359 3358
f 3358 3359 3360
f 3359 3361 3360
f 3360 3361 3362
f 3361 3363 3362
f 3362 3363 3364
f 3363 3365 3364
f 3364 3365 3366
f 3365 3367 3366
f 3366 3367 3368
f 3367 3369 3368
f 3368 3369 3370
f 3369 3371 3370
f 3370 3371 3372
f 3371 3373 3372
f 3372 3373 3374
f 3373 3375 3374
f 3374 3375 3376
f 3375 3377 3376
f 3376 3377 3378
f 3377 3379 3378
f 3378 3379 3380
f 3379 3381 3380
f 3380 3381 3382
f 3381 3383 3382
f 3382 3383 3384
f 3383 3385 3384
f 3384 3385 3386
f 3385 3387 3386
f 3386 3387 3388
f 3387 3389 3388
f 3388 3389 3390
f 3389 3391 3390
f 3390 3391 3392
f 3391 3393 3392
f 3392 3393 3394
f 3393 3395 3394
f 3394 3395 3396
f 3395 3397 3396
f 3396 3397 3398
f 3397 3399 3398
f 3398 3399 3400
f 3399 3401 3400
f 3400 3401 3402
f 3401 3403 3402
f 3402 3403 3404
f 3403 3405 3404
f 3404 3405 3406
f 3405 3407 3406
f 3406 3407 3408
f 3407 3409 3408
f 3408 3409 3410
f 3409 3411 3410
f 3410 3411 3412
f 3411 3413 3412
f 3412 3413 3414
f 3413 3415 3414
f 3414 3415 3416
f 3415 3417 3416
f 3416 3417 3418
f 3417 3419 3418
f 3418 3419 3420
f 3419 3421 3420
f 3420 3421 3422
f 3421 3423 3422
f 3422 3423 3424
f 3423 3425 3424
f 3424 3425 3426
f 3425 3427 3426
f 3426 3427 3428
f 3427 3429 3428
f 3428 3429 3430
f 3429 3431 3430
f 3430 3431 3432
f 3431 3433 3432
f 3432 3433 3434
f 3433 3435 3434
f 3434 3435 3436
f 3435 3437 3436
f 3436 3437 3438
f 3437 3439 3438
f 3438 3439 3440
f 3439 3441 3440
f 3440 3441 3442
f 3441 3443 3442
f 3442 3443 3444
f 3443 3445 3444
f 3444 3445 3446
f 3445 3447 3446
f 3446 3447 3448
f 3447 3449 3448
f 3448 3449 3450
f 3449 3451 3450
f 3450 3451 3452
f 3451 3453 3452
f 3452 3453 3454
f 3453 3455 3454
f 3454 3455 3456
f 3455 3457 3456
f 3456 3457 3458
f 3457 3459 3458
f 3458 3459 3460
f 3459 3461 3460
f 3460 3461 3462
f 3461 3463 3462
f 3462 3463 3464
f 3463 3465 3464
f 3464 3465 3466
f 3465 3467 3466
f 3466 3467 3468
f 3467 3469 3468
f 3468 3469 3470
f 3469 3471 3470
f 3470 3471 3472
f 3471 3473 3472
f 3472 3473 3474
f 3473 3475 3474
f 3474 3475 3476
f 3475 3477 3476
f 3476 3477 3478
f 3477 3479 3478
f 3478 3479 3336
f 3479 3337 3336
f 3476 3478 3480
f 3478 3336 3480
f 3480 3336 3338
f 3470 3472 3480
f 3472 3474 3480
f 3480 3474 3476
f 3464 3466 3480
f 3466 3468 3480
f 3480 3468 3470
f 3458 3460 3480
f 3460 3462 3480
f 3480 3462 3464
f 3452 3454 3480
f 3454 3456 3480
f 3480 3456 3458
f 3446 3448 3480
f 3448 3450 3480
f 3480 3450 3452
f 3440 3442 3480
f 3442 3444 3480
f 3480 3444 3446
f 3434 3436 3480
f 3436 3438 3480
f 3480 3438 3440
f 3428 3430 3480
f 3430 3432 3480
f 3480 3432 3434
f 3422 3424 3480
f 3424 3426 3480
f 3480 3426 3428
f 3416 3418 3480
f 3418 3420 3480
f 3480 3420 3422
f 3410 3412 3480
f 3412 3414 3480
f 3480 3414 3416
f 3404 3406 3480
f 3406 3408 3480
f 3480 3408 3410
f 3398 3400 3480
f 3400 3402 3480
f 3480 3402 3404
f 3392 3394 3480
f 3394 3396 3480
f 3480 3396 3398
f 3386 3388 3480
f 3388 3390 3480
f 3480 3390 3392
f 3380 3382 3480
f 3382 3384 3480
f 3480 3384 3386
f 3374 3376 3480
f 3376 3378 3480
f 3480 3378 3380
f 3368 3370 3480
f 3370 3372 3480
f 3480 3372 3374
f 3362 3364 3480
f 3364 3366 3480
f 3480 3366 3368
f 3356 3358 3480
f 3358 3360 3480
f 3480 3360 3362
f 3350 3352 3480
f 3352 3354 3480
f 3480 3354 3356
f 3344 3346 3480
f 3346 3348 3480
f 3480 3348 3350
f 3338 3340 3480
f 3340 3342 3480
f 3480 3342 3344
f 3481 3482 3483
f 3482 3484 3483
f 3483 3484 3485
f 3484 3486 3485
f 3485 3486 3487
f 3486 3488 3487
f 3487 3488 3489
f 3488 3490 3489
f 3489 3490 3491
f 3490 3492 3491
f 3491 3492 3493
f 3492 3494 3493
f 3493 3494 3495
f 3494 3496 3495
f 3495 3496 3497
f 3496 3498 3497
f 3497 3498 3499
f 3498 3500 3499
f 3499 3500 3501
f 3500 3502 3501
f 3501 3502 3503
f 3502 3504 3503
f 3503 3504 3505
f 3504 3506 3505
f 3505 3506 3507
f 3506 3508 3507
f 3507 3508 3509
f 3508 3510 3509
f 3509 3510 3511
f 3510 3512 3511
f 3511 3512 3513
f 3512 3514 3513
f 3513 3514 3515
f 3514 3516 3515
f 3515 3516 3517
f 3516 3518 3517
f 3517 3518 3519
f 3518 3520 3519
f 3519 3520 3521
f 3520 3522 3521
f 3521 3522 3523
f 3522 3524 3523
f 3523 3524 3525
f 3524 3526 3525
f 3525 3526 3527
f 3526 3528 3527
f 3527 3528 3529
f 3528 3530 3529
f 3529 3530 3531
f 3530 3532 3531
f 3531 3532 3533
f 3532 3534 3533
f 3533 3534 3535
f 3534 3536 3535
f 3535 3536 3537
f 3536 3538 3537
f 3537 3538 3539
f 3538 3540 3539
f 3539 3540 3541
f 3540 3542 3541
f 3541 3542 3543
f 3542 3544 3543
f 3543 3544 3545
f 3544 3546 3545
f 3545 3546 3547
f 3546 3548 3547
f 3547 3548 3549
f 3548 3550 3549
f 3549 3550 3551
f 3550 3552 3551
f 3551 3552 3553
f 3552 3554 3553
f 3553 3554 3555
f 3554 3556 3555
f 3555 3556 3557
f 3556 3558 3557
f 3557 3558 3559
f 3558 3560 3559
f 3559 3560 3561
f 3560 3562 3561
f 3561 3562 3563
f 3562 3564 3563
f 3563 3564 3565
f 3564 3566 3565
f 3565 3566 3567
f 3566 3568 3567
f 3567 3568 3569
f 3568 3570 3569
f 3569 3570 3571
f 3570 3572 3571
f 3571 3572 3573
f 3572 3574 3573
f 3573 3574 3575
f 3574 3576 3575
f 3575 3576 3577
f 3576 3578 3577
f 3577 3578 3579
f 3578 3580 3579
f 3579 3580 3581
f 3580 3582 3581
f 3581 3582 3583
f 3582 3584 3583
f 3583 3584 3585
f 3584 3586 3585
f 3585 3586 3587
f 3586 3588 3587
f 3587 3588 3589
f 3588 3590 3589
f 3589 3590 3591
f 3590 3592 3591
f 3591 3592 3593
f 3592 3594 3593
f 3593 3594 3595
f 3594 3596 3595
f 3595 3596 3597
f 3596 3598 3597
f 3597 3598 3599
f 3598 3600 3599
f 3599 3600 3601
f 3600 3602 3601
f 3601 3602 3603
f 3602 3604 3603
f 3603 3604 3605
f 3604 3606 3605
f 3605 3606 3607
f 3606 3608 3607
f 3607 3608 3609
f 3608 3610 3609
f 3609 3610 3611
f 3610 3612 3611
f 3611 3612 3613
f 3612 3614 3613
f 3613 3614 3615
f 3614 3616 3615
f 3615 3616 3617
f 3616 3618 3617
f 3617 3618 3619
f 3618 3620 3619
f 3619 3620 3621
f 3620 3622 3621
f 3621 3622 3623
f 3622 3624 3623
f 3623 3624 3481
f 3624 3482 3481
f 3621 3623 3625
f 3623 3481 3625
f 3625 3481 3483
f 3615 3617 3625
f 3617 3619 3625
f 3625 3619 3621
f 3609 3611 3625
f 3611 3613 3625
f 3625 3613 3615
f 3603 3605 3625
f 3605 3607 3625
f 3625 3607 3609
f 3597 3599 3625
f 3599 3601 3625
f 3625 3601 3603
f 3591 3593 3625
f 3593 3595 3625
f 3625 3595 3597
f 3585 3587 3625
f 3587 3589 3625
f 3625 3589 3591
f 3579 3581 3625
f 3581 3583 3625
f 3625 3583 3585
f 3573 3575 3625
f 3575 3577 3625
f 3625 3577 3579
f 3567 3569 3625
f 3569 3571 3625
f 3625 3571 3573
f 3561 3563 3625
f 3563 3565 3625
f 3625 3565 3567
f 3555 3557 3625
f 3557 3559 3625
f 3625 3559 3561
f 3549 3551 3625
f 3551 3553 3625
f 3625 3553 3555
f 3543 3545 3625
f 3545 3547 3625
f 3625 3547 3549
f 3537 3539 3625
f 3539 3541 3625
f 3625 3541 3543
f 3531 3533 3625
f 3533 3535 3625
f 3625 3535 3537
f 3525 3527 3625
f 3527 3529 3625
f 3625 3529 3531
f 3519 3521 3625
f 3521 3523 3625
f 3625 3523 3525
f 3513 3515 3625
f 3515 3517 3625
f 3625 3517 3519
f 3507 3509 3625
f 3509 3511 3625
f 3625 3511 3513
f 3501 3503 3625
f 3503 3505 3625
f 3625 3505 3507
f 3495 3497 3625
f 3497 3499 3625
f 3625 3499 3501
f 3489 3491 3625
f 3491 3493 3625
f 3625 3493 3495
f 3483 3485 3625
f 3485 3487 3625
f 3625 3487 3489
f 3626 3627 3628
f 3627 3629 3628
f 3628 3629 3630
f 3629 3631 3630
f 3630 3631 3632
f 3631 3633 3632
f 3632 3633 3634
f 3633 3635 3634
f 3634 3635 3636
f 3635 3637 3636
f 3636 3637 3638
f 3637 3639 3638
f 3638 3639 3640
f 3639 3641 3640
f 3640 3641 3642
f 3641 3643 3642
f 3642 3643 3644
f 3643 3645 3644
f 3644 3645 3646
f 3645 3647 3646
f 3646 3647 3648
f 3647 3649 3648
f 3648 3649 3650
f 3649 3651 3650
f 3650 3651 3652
f 3651 3653 3652
f 3652 3653 3654
f 3653 3655 3654
f 3654 3655 3656
f 3655 3657 3656
f 3656 3657 3658
f 3657 3659 3658
f 3658 3659 3660
f 3659 3661 3660
f 3660 3661 3662
f 3661 3663 3662
f 3662 3663 3664
f 3663 3665 3664
f 3664 3665 3666
f 3665 3667 3666
f 3666 3667 3668
f 3667 3669 3668
f 3668 3669 3670
f 3669 3671 3670
f 3670 3671 3672
f 3671 3673 3672
f 3672 3673 3674
f 3673 3675 3674
f 3674 3675 3676
f 3675 3677 3676
f 3676 3677 3678
f 3677 3679 3678
f 3678 3679 3680
f 3679 3681 3680
f 3680 3681 3682
f 3681 3683 3682
f 3682 3683 3684
f 3683 3685 3684
f 3684 3685 3686
f 3685 3687 3686
f 3686 3687 3688
f 3687 3689 3688
f 3688 3689 3690
f 3689 3691 3690
f 3690 3691 3692
f 3691 3693 3692
f 3692 3693 3694
f 3693 3695 3694
f 3694 3695 3696
f 3695 3697 3696
f 3696 3697 3698
f 3697 3699 3698
f 3698 3699 3700
f 3699 3701 3700
f 3700 3701 3702
f 3701 3703 3702
f 3702 3703 3704
f 3703 3705 3704
f 3704 3705 3706
f 3705 3707 3706
f 3706 3707 3708
f 3707 3709 3708
f 3708 3709 3710
f 3709 3711 3710
f 3710 3711 3712
f 3711 3713 3712
f 3712 3713 3714
f 3713 3715 3714
f 3714 3715 3716
f 3715 3717 3716
f 3716 3717 3718
f 3717 3719 3718
f 3718 3719 3720
f 3719 3721 3720
f 3720 3721 3722
f 3721 3723 3722
f 3722 3723 3724
f 3723 3725 3724
f 3724 3725 3726
f 3725 3727 3726
f 3726 3727 3728
f 3727 3729 3728
f 3728 3729 3730
f 3729 3731 3730
f 3730 3731 3732
f 3731 3733 3732
f 3732 3733 3734
f 3733 3735 3734
f 3734 3735 3736
f 3735 3737 3736
f 3736 3737 3738
f 3737 3739 3738
f 3738 3739 3740
f 3739 3741 3740
f 3740 3741 3742
f 3741 3743 3742
f 3742 3743 3744
f 3743 3745 3744
f 3744 3745 3746
f 3745 3747 3746
f 3746 3747 3748
f 3747 3749 3748
f 3748 3749 3750
f 3749 3751 3750
f 3750 3751 3752
f 3751 3753 3752
f 3752 3753 3754
f 3753 3755 3754
f 3754 3755 3756
f 3755 3757 3756
f 3756 3757 3758
f 3757 3759 3758
f 3758 3759 3760
f 3759 3761 3760
f 3760 3761 3762
f 3761 3763 3762
f 3762 3763 3764
f 3763 3765 3764
f 3764 3765 3766
f 3765 3767 3766
f 3766 3767 3768
f 3767 3769 3768
f 3768 3769 3626
f 3769 3627 3626
f 3766 3768 3770
f 3768 3626 3770
f 3770 3626 3628
f 3760 3762 3770
f 3762 3764 3770
f 3770 3764 3766
f 3754 3756 3770
f 3756 3758 3770
f 3770 3758 3760
f 3748 3750 3770
f 3750 3752 3770
f 3770 3752 3754
f 3742 3744 3770
f 3744 3746 3770
f 3770 3746 3748
f 3736 3738 3770
f 3738 3740 3770
f 3770 3740 3742
f 3730 3732 3770
f 3732 3734 3770
f 3770 3734 3736
f 3724 3726 3770
f 3726 3728 3770
f 3770 3728 3730
f 3718 3720 3770
f 3720 3722 3770
f 3770 3722 3724
f 3712 3714 3770
f 3714 3716 3770
f 3770 3716 3718
f 3706 3708 3770
f 3708 3710 3770
f 3770 3710 3712
f 3700 3702 3770
f 3702 3704 3770
f 3770 3704 3706
f 3694 3696 3770
f 3696 3698 3770
f 3770 3698 3700
f 3688 3690 3770
f 3690 3692 3770
f 3770 3692 3694
f 3682 3684 3770
f 3684 3686 3770
f 3770 3686 3688
f 3676 3678 3770
f 3678 3680 3770
f 3770 3680 3682
f 3670 3672 3770
f 3672 3674 3770
f 3770 3674 3676
f 3664 3666 3770
f 3666 3668 3770
f 3770 3668 3670
f 3658 3660 3770
f 3660 3662 3770
f 3770 3662 3664
f 3652 3654 3770
f 3654 3656 3770
f 3770 3656 3658
f 3646 3648 3770
f 3648 3650 3770
f 3770 3650 3652
f 3640 3642 3770
f 3642 3644 3770
f 3770 3644 3646
f 3634 3636 3770
f 3636 3638 3770
f 3770 3638 3640
f 3628 3630 3770
f 3630 3632 3770
f 3770 3632 3634
f 3771 3772 3773
f 3772 3774 3773
f 3773 3774 3775
f 3774 3776 3775
f 3775 3776 3777
f 3776 3778 3777
f 3777 3778 3779
f 3778 3780 3779
f 3779 3780 3781
f 3780 3782 3781
f 3781 3782 3783
f 3782 3784 3783
f 3783 3784 3785
f 3784 3786 3785
f 3785 3786 3787
f 3786 3788 3787
f 3787 3788 3789
f 3788 3790 3789
f 3789 3790 3791
f 3790 3792 3791
f 3791 3792 3793
f 3792 3794 3793
f 3793 3794 3795
f 3794 3796 3795
f 3795 3796 3797
f 3796 3798 3797
f 3797 3798 3799
f 3798 3800 3799
f 3799 3800 3801
f 3800 3802 3801
f 3801 3802 3803
f 3802 3804 3803
f 3803 3804 3805
f 3804 3806 3805
f 3805 3806 3807
f 3806 3808 3807
f 3807 3808 3809
f 3808 3810 3809
f 3809 3810 3811
f 3810 3812 3811
f 3811 3812 3813
f 3812 3814 3813
f 3813 3814 3815
f 3814 3816 3815
f 3815 3816 3817
f 3816 3818 3817
f 3817 3818 3819
f 3818 3820 3819
f 3819 3820 3821
f 3820 3822 3821
f 3821 3822 3823
f 3822 3824 3823
f 3823 3824 3825
f 3824 3826 3825
f 3825 3826 3827
f 3826 3828 3827
f 3827 3828 3829
f 3828 3830 3829
f 3829 3830 3831
f 3830 3832 3831
f 3831 3832 3833
f 3832 3834 3833
f 3833 3834 3835
f 3834 3836 3835
f 3835 3836 3837
f 3836 3838 3837
f 3837 3838 3839
f 3838 3840 3839
f 3839 3840 3841
f 3840 3842 3841
f 3841 3842 3843
f 3842 3844 3843
f 3843 3844 3845
f 3844 3846 3845
f 3845 3846 3847
f 3846 3848 3847
f 3847 3848 3849
f 3848 3850 3849
f 3849 3850 3851
f 3850 3852 3851
f 3851 3852 3853
f 3852 3854 3853
f 3853 3854 3855
f 3854 3856 3855
f 3855 3856 3857
f 3856 3858 3857
f 3857 3858 3859
f 3858 3860 3859
f 3859 3860 3861
f 3860 3862 3861
f 3861 3862 3863
f 3862 3864 3863
f 3863 3864 3865
f 3864 3866 3865
f 3865 3866 3867
f 3866 3868 3867
f 3867 3868 3869
f 3868 3870 3869
f 3869 3870 3871
f 3870 3872 3871
f 3871 3872 3873
f 3872 3874 3873
f 3873 3874 3875
f 3874 3876 3875
f 3875 3876 3877
f 3876 3878 3877
f 3877 3878 3879
f 3878 3880 3879
f 3879 3880 3881
f 3880 3882 3881
f 3881 3882 3883
f 3882 3884 3883
f 3883 3884 3885
f 3884 3886 3885
f 3885 3886 3887
f 3886 3888 3887
f 3887 3888 3889
f 3888 3890 3889
f 3889 3890 3891
f 3890 3892 3891
f 3891 3892 3893
f 3892 3894 3893
f 3893 3894 3895
f 3894 3896 3895
f 3895 3896 3897
f 3896 3898 3897
f 3897 3898 3899
f 3898 3900 3899
f 3899 3900 3901
f 3900 3902 3901
f 3901 3902 3903
f 3902 3904 3903
f 3903 3904 3905
f 3904 3906 3905
f 3905 3906 3907
f 3906 3908 3907
f 3907 3908 3909
f 3908 3910 3909
f 3909 3910 3911
f 3910 3912 3911
f 3911 3912 3913
f 3912 3914 3913
f 3913 3914 3771
f 3914 3772 3771
f 3911 3913 3915
f 3913 3771 3915
f 3915 3771 3773
f 3905 3907 3915
f 3907 3909 3915
f 3915 3909 3911
f 3899 3901 3915
f 3901 3903 3915
f 3915 3903 3905
f 3893 3895 3915
f 3895 3897 3915
f 3915 3897 3899
f 3887 3889 3915
f 3889 3891 3915
f 3915 3891 3893
f 3881 3883 3915
f 3883 3885 3915
f 3915 3885 3887
f 3875 3877 3915
f 3877 3879 3915
f 3915 3879 3881
f 3869 3871 3915
f 3871 3873 3915
f 3915 3873 3875
f 3863 3865 3915
f 3865 3867 3915
f 3915 3867 3869
f 3857 3859 3915
f 3859 3861 3915
f 3915 3861 3863
f 3851 3853 3915
f 3853 3855 3915
f 3915 3855 3857
f 3845 3847 3915
f 3847 3849 3915
f 3915 3849 3851
f 3839 3841 3915
f 3841 3843 3915
f 3915 3843 3845
f 3833 3835 3915
f 3835 3837 3915
f 3915 3837 3839
f 3827 3829 3915
f 3829 3831 3915
f 3915 3831 3833
f 3821 3823 3915
f 3823 3825 3915
f 3915 3825 3827
f 3815 3817 3915
f 3817 3819 3915
f 3915 3819 3821
f 3809 3811 3915
f 3811 3813 3915
f 3915 3813 3815
f 3803 3805 3915
f 3805 3807 3915
f 3915 3807 3809
f 3797 3799 3915
f 3799 3801 3915
f 3915 3801 3803
f 3791 3793 3915
f 3793 3795 3915
f 3915 3795 3797
f 3785 3787 3915
f 3787 3789 3915
f 3915 3789 3791
f 3779 3781 3915
f 3781 3783 3915
f 3915 3783 3785
f 3773 3775 3915
f 3775 3777 3915
f 3915 3777 3779
f 3916 3917 3918
f 3916 3918 3919
f 3918 3920 3919
f 3919 3920 3921
f 3920 3922 3921
f 3921 3922 3923
f 3922 3924 3923
f 3923 3924 3925
f 3924 3926 3925
f 3925 3926 3927
f 3926 3928 3927
f 3927 3928 3929
f 3928 3930 3929
f 3929 3930 3931
f 3930 3932 3931
f 3931 3932 3933
f 3932 3934 3933
f 3933 3934 3935
f 3934 3936 3935
f 3935 3936 3937
f 3936 3938 3937
f 3937 3938 3939
f 3938 3940 3939
f 3939 3940 3941
f 3940 3942 3941
f 3941 3942 3943
f 3942 3944 3943
f 3943 3944 3945
f 3944 3946 3945
f 3945 3946 3947
f 3946 3948 3947
f 3947 3948 3949
f 3948 3950 3949
f 3949 3950 3951
f 3950 3952 3951
f 3951 3952 3953
f 3917 3916 3954
f 3916 3955 3954
f 3954 3955 3956
f 3955 3957 3956
f 3956 3957 3958
f 3959 3960 3961
f 3959 3961 3962
f 3961 3963 3962
f 3962 3963 3964
f 3963 3965 3964
f 3964 3965 3966
f 3965 3967 3966
f 3966 3967 3968
f 3967 3969 3968
f 3968 3969 3970
f 3969 3971 3970
f 3970 3971 3972
f 3971 3958 3972
f 3972 3958 3957
f 3973 3974 3975
f 3974 3976 3975
f 3975 3976 3977
f 3976 3978 3977
f 3977 3978 3979
f 3978 3980 3979
f 3979 3980 3981
f 3980 3982 3981
f 3981 3982 3983
f 3982 3984 3983
f 3983 3984 3985
f 3984 3986 3985
f 3985 3986 3959
f 3986 3960 3959
f 3987 3988 3989
f 3988 3990 3989
f 3989 3990 3991
f 3990 3992 3991
f 3991 3992 3993
f 3992 3994 3993
f 3993 3994 3995
f 3994 3996 3995
f 3995 3996 3997
f 3996 3998 3997
f 3997 3998 3999
f 3998 4000 3999
f 3999 4000 4001
f 4000 4002 4001
f 4001 4002 4003
f 4002 4004 4003
f 4003 4004 4005
f 4004 4006 4005
f 4005 4006 4007
f 4006 4008 4007
f 4007 4008 4009
f 4008 4010 4009
f 4009 4010 4011
f 4010 4012 4011
f 4011 4012 4013
f 4012 4014 4013
f 4013 4014 4015
f 4014 4016 4015
f 4015 4016 4017
f 4016 4018 4017
f 4017 4018 4019
f 4018 4020 4019
f 4019 4020 4021
f 4020 4022 4021
f 4021 4022 4023
f 4022 4024 4023
f 4023 4024 4025
f 4024 4026 4025
f 4025 4026 4027
f 4026 4028 4027
f 4027 4028 4029
f 4028 4030 4029
f 4029 4030 4031
f 4030 4032 4031
f 4031 4032 4033
f 4032 4034 4033
f 4033 4034 4035
f 4034 4036 4035
f 4035 4036 4037
f 4036 4038 4037
f 4037 4038 4039
f 4038 4040 4039
f 4039 4040 4041
f 4040 4042 4041
f 4041 4042 4043
f 4042 4044 4043
f 4043 4044 4045
f 4044 4046 4045
f 4045 4046 4047
f 4046 4048 4047
f 4047 4048 4049
f 4048 4050 4049
f 4049 4050 4051
f 4050 4052 4051
f 4051 4052 4053
f 4052 4054 4053
f 4053 4054 4055
f 4054 4056 4055
f 4055 4056 4057
f 4056 4058 4057
f 4057 4058 4059
f 4058 4060 4059
f 4059 4060 4061
f 4060 4062 4061
f 4061 4062 4063
f 4062 4064 4063
f 4063 4064 4065
f 4064 4066 4065
f 4065 4066 4067
f 4066 4068 4067
f 4067 4068 4069
f 4068 4070 4069
f 4069 4070 4071
f 4070 4072 4071
f 4071 4072 4073
f 4072 4074 4073
f 4073 4074 4075
f 4074 4076 4075
f 4075 4076 4077
f 4076 4078 4077
f 4077 4078 4079
f 4078 4080 4079
f 4079 4080 4081
f 4080 4082 4081
f 4081 4082 4083
f 4082 4084 4083
f 4083 4084 4085
f 4084 4086 4085
f 4085 4086 4087
f 4086 4088 4087
f 4087 4088 4089
f 4088 4090 4089
f 4089 4090 4091
f 4090 4092 4091
f 4091 4092 4093
f 4092 4094 4093
f 4093 4094 4095
f 4094 4096 4095
f 4095 4096 4097
f 4096 4098 4097
f 4097 4098 4099
f 4098 4100 4099
f 4099 4100 4101
f 4100 4102 4101
f 4101 4102 4103
f 4102 4104 4103
f 4103 4104 4105
f 4104 4106 4105
f 4105 4106 4107
f 4106 4108 4107
f 4107 4108 4109
f 4108 4110 4109
f 4109 4110 4111
f 4110 4112 4111
f 4111 4112 4113
f 4112 4114 4113
f 4113 4114 4115
f 4114 4116 4115
f 4115 4116 4117
f 4116 4118 4117
f 4117 4118 4119
f 4118 4120 4119
f 4119 4120 4121
f 4120 4122 4121
f 4121 4122 4123
f 4122 4124 4123
f 4123 4124 4125
f 4124 4126 4125
f 4125 4126 4127
f 4126 4128 4127
f 4127 4128 4129
f 4128 4130 4129
f 4129 4130 3987
f 4130 3988 3987
f 4131 4132 4133
f 4132 4134 4133
f 4133 4134 4135
f 4134 4136 4135
f 4135 4136 4137
f 4136 4138 4137
f 4137 4138 4139
f 4138 4140 4139
f 4139 4140 4141
f 4140 4142 4141
f 4141 4142 4143
f 4142 4144 4143
f 4143 4144 4145
f 4144 4146 4145
f 4145 4146 4147
f 4146 4148 4147
f 4147 4148 4149
f 4148 4150 4149
f 4149 4150 4151
f 4150 4152 4151
f 4151 4152 4153
f 4152 4154 4153
f 4153 4154 4155
f 4154 4156 4155
f 4155 4156 4157
f 4156 4158 4157
f 4157 4158 4159
f 4158 4160 4159
f 4159 4160 4161
f 4160 4162 4161
f 4161 4162 4163
f 4162 4164 4163
f 4163 4164 4165
f 4164 4166 4165
f 4165 4166 4167
f 4166 4168 4167
f 4167 4168 4169
f 4168 4170 4169
f 4169 4170 4171
f 4170 4172 4171
f 4171 4172 4173
f 4172 4174 4173
f 4173 4174 4175
f 4174 4176 4175
f 4175 4176 4177
f 4176 4178 4177
f 4177 4178 4179
f 4178 4180 4179
f 4179 4180 4181
f 4180 4182 4181
f 4181 4182 4183
f 4182 4184 4183
f 4183 4184 4185
f 4184 4186 4185
f 4185 4186 4187
f 4186 4188 4187
f 4187 4188 4189
f 4188 4190 4189
f 4189 4190 4191
f 4190 4192 4191
f 4191 4192 4193
f 4192 4194 4193
f 4193 4194 4195
f 4194 4196 4195
f 4195 4196 4197
f 4196 4198 4197
f 4197 4198 4199
f 4198 4200 4199
f 4199 4200 4201
f 4200 4202 4201
f 4201 4202 4203
f 4202 4204 4203
f 4203 4204 4205
f 4204 4206 4205
f 4205 4206 4207
f 4206 4208 4207
f 4207 4208 4209
f 4208 4210 4209
f 4209 4210 4211
f 4210 4212 4211
f 4211 4212 4213
f 4212 4214 4213
f 4213 4214 4215
f 4214 4216 4215
f 4215 4216 4217
f 4216 4218 4217
f 4217 4218 4219
f 4218 4220 4219
f 4219 4220 4221
f 4220 4222 4221
f 4221 4222 4223
f 4222 4224 4223
f 4223 4224 4225
f 4224 4226 4225
f 4225 4226 4227
f 4226 4228 4227
f 4227 4228 4229
f 4228 4230 4229
f 4229 4230 4231
f 4230 4232 4231
f 4231 4232 4233
f 4232 4234 4233
f 4233 4234 4235
f 4234 4236 4235
f 4235 4236 4237
f 4236 4238 4237
f 4237 4238 4239
f 4238 4240 4239
f 4239 4240 4241
f 4240 4242 4241
f 4241 4242 4243
f 4242 4244 4243
f 4243 4244 4245
f 4244 4246 4245
f 4245 4246 4247
f 4246 4248 4247
f 4247 4248 4249
f 4248 4250 4249
f 4249 4250 4251
f 4250 4252 4251
f 4251 4252 4253
f 4252 4254 4253
f 4253 4254 4255
f 4254 4256 4255
f 4255 4256 4257
f 4256 4258 4257
f 4257 4258 4259
f 4258 4260 4259
f 4259 4260 4261
f 4260 4262 4261
f 4261 4262 4263
f 4262 4264 4263
f 4263 4264 4265
f 4264 4266 4265
f 4265 4266 4267
f 4266 4268 4267
f 4267 4268 4269
f 4268 4270 4269
f 4269 4270 4271
f 4270 4272 4271
f 4271 4272 4273
f 4272 4274 4273
f 4273 4274 4131
f 4274 4132 4131
f 4275 4276 4277
f 4275 4277 4278
f 4277 4279 4278
f 4278 4279 4280
f 4279 4281 4280
f 4280 4281 4282
f 4281 4283 4282
f 4282 4283 4284
f 4283 4285 4284
f 4284 4285 4286
f 4285 4287 4286
f 4286 4287 4288
f 4287 4289 4288
f 4288 4289 4290
f 4289 4291 4290
f 4290 4291 4292
f 4291 4293 4292
f 4292 4293 4294
f 4293 4295 4294
f 4294 4295 4296
f 4295 4297 4296
f 4296 4297 4298
f 4297 4299 4298
f 4298 4299 4300
f 4299 4301 4300
f 4300 4301 4302
f 4301 4303 4302
f 4302 4303 4304
f 4303 4305 4304
f 4304 4305 4306
f 4305 4307 4306
f 4306 4307 4308
f 4307 4309 4308
f 4308 4309 4310
f 4309 4311 4310
f 4310 4311 4312
f 4313 4314 4311
f 4314 4315 4311
f 4311 4315 4312
f 3952 4316 3953
f 4316 4317 3953
f 3953 4317 4313
f 4317 4318 4313
f 4313 4318 4314
f 4319 4276 4275
f 4275 4320 4319
f 4320 4321 4319
f 4319 4321 4322
f 4321 4323 4322
f 4324 4325 4326
f 4324 4326 4327
f 4326 4328 4327
f 4327 4328 4329
f 4328 4330 4329
f 4329 4330 4331
f 4330 4332 4331
f 4331 4332 4333
f 4332 4334 4333
f 4333 4334 4335
f 4334 4336 4335
f 4335 4336 4337
f 4336 4322 4337
f 4337 4322 4323
f 4338 4339 4340
f 4339 4341 4340
f 4340 4341 4342
f 4341 4343 4342
f 4342 4343 4344
f 4343 4345 4344
f 4344 4345 4346
f 4345 4347 4346
f 4346 4347 4348
f 4347 4349 4348
f 4348 4349 4350
f 4349 4351 4350
f 4350 4351 4324
f 4351 4325 4324
f 4352 4353 4354
f 4353 4355 4354
f 4354 4355 4356
f 4355 4357 4356
f 4356 4357 4358
f 4357 4359 4358
f 4358 4359 4360
f 4359 4361 4360
f 4360 4361 4362
f 4361 4363 4362
f 4362 4363 4364
f 4363 4365 4364
f 4364 4365 4366
f 4365 4367 4366
f 4366 4367 4368
f 4367 4369 4368
f 4368 4369 4370
f 4369 4371 4370
f 4370 4371 4372
f 4371 4373 4372
f 4372 4373 4374
f 4373 4375 4374
f 4374 4375 4376
f 4375 4377 4376
f 4376 4377 4378
f 4377 4379 4378
f 4378 4379 4380
f 4379 4381 4380
f 4380 4381 4382
f 4381 4383 4382
f 4382 4383 4384
f 4383 4385 4384
f 4384 4385 4386
f 4385 4387 4386
f 4386 4387 4388
f 4387 4389 4388
f 4388 4389 4390
f 4389 4391 4390
f 4390 4391 4392
f 4391 4393 4392
f 4392 4393 4394
f 4393 4395 4394
f 4394 4395 4396
f 4395 4397 4396
f 4396 4397 4398
f 4397 4399 4398
f 4398 4399 4400
f 4399 4401 4400
f 4400 4401 4402
f 4401 4403 4402
f 4402 4403 4404
f 4403 4405 4404
f 4404 4405 4406
f 4405 4407 4406
f 4406 4407 4408
f 4407 4409 4408
f 4408 4409 4410
f 4409 4411 4410
f 4410 4411 4412
f 4411 4413 4412
f 4412 4413 4414
f 4413 4415 4414
f 4414 4415 4416
f 4415 4417 4416
f 4416 4417 4418
f 4417 4419 4418
f 4418 4419 4420
f 4419 4421 4420
f 4420 4421 4422
f 4421 4423 4422
f 4422 4423 4424
f 4423 4425 4424
f 4424 4425 4426
f 4425 4427 4426
f 4426 4427 4428
f 4427 4429 4428
f 4428 4429 4430
f 4429 4431 4430
f 4430 4431 4432
f 4431 4433 4432
f 4432 4433 4434
f 4433 4435 4434
f 4434 4435 4436
f 4435 4437 4436
f 4436 4437 4438
f 4437 4439 4438
f 4438 4439 4440
f 4439 4441 4440
f 4440 4441 4442
f 4441 4443 4442
f 4442 4443 4444
f 4443 4445 4444
f 4444 4445 4446
f 4445 4447 4446
f 4446 4447 4448
f 4447 4449 4448
f 4448 4449 4450
f 4449 4451 4450
f 4450 4451 4452
f 4451 4453 4452
f 4452 4453 4454
f 4453 4455 4454
f 4454 4455 4456
f 4455 4457 4456
f 4456 4457 4458
f 4457 4459 4458
f 4458 4459 4460
f 4459 4461 4460
f 4460 4461 4462
f 4461 4463 4462
f 4462 4463 4464
f 4463 4465 4464
f 4464 4465 4466
f 4465 4467 4466
f 4466 4467 4468
f 4467 4469 4468
f 4468 4469 4470
f 4469 4471 4470
f 4470 4471 4472
f 4471 4473 4472
f 4472 4473 4474
f 4473 4475 4474
f 4474 4475 4476
f 4475 4477 4476
f 4476 4477 4478
f 4477 4479 4478
f 4478 4479 4480
f 4479 4481 4480
f 4480 4481 4482
f 4481 4483 4482
f 4482 4483 4484
f 4483 4485 4484
f 4484 4485 4486
f 4485 4487 4486
f 4486 4487 4488
f 4487 4489 4488
f 4488 4489 4490
f 4489 4491 4490
f 4490 4491 4492
f 4491 4493 4492
f 4492 4493 4494
f 4493 4495 4494
f 4494 4495 4352
f 4495 4353 4352
f 4496 4497 4498
f 4497 4499 4498
f 4498 4499 4500
f 4499 4501 4500
f 4500 4501 4502
f 4501 4503 4502
f 4502 4503 4504
f 4503 4505 4504
f 4504 4505 4506
f 4505 4507 4506
f 4506 4507 4508
f 4507 4509 4508
f 4508 4509 4510
f 4509 4511 4510
f 4510 4511 4512
f 4511 4513 4512
f 4512 4513 4514
f 4513 4515 4514
f 4514 4515 4516
f 4515 4517 4516
f 4516 4517 4518
f 4517 4519 4518
f 4518 4519 4520
f 4519 4521 4520
f 4520 4521 4522
f 4521 4523 4522
f 4522 4523 4524
f 4523 4525 4524
f 4524 4525 4526
f 4525 4527 4526
f 4526 4527 4528
f 4527 4529 4528
f 4528 4529 4530
f 4529 4531 4530
f 4530 4531 4532
f 4531 4533 4532
f 4532 4533 4534
f 4533 4535 4534
f 4534 4535 4536
f 4535 4537 4536
f 4536 4537 4538
f 4537 4539 4538
f 4538 4539 4540
f 4539 4541 4540
f 4540 4541 4542
f 4541 4543 4542
f 4542 4543 4544
f 4543 4545 4544
f 4544 4545 4546
f 4545 4547 4546
f 4546 4547 4548
f 4547 4549 4548
f 4548 4549 4550
f 4549 4551 4550
f 4550 4551 4552
f 4551 4553 4552
f 4552 4553 4554
f 4553 4555 4554
f 4554 4555 4556
f 4555 4557 4556
f 4556 4557 4558
f 4557 4559 4558
f 4558 4559 4560
f 4559 4561 4560
f 4560 4561 4562
f 4561 4563 4562
f 4562 4563 4564
f 4563 4565 4564
f 4564 4565 4566
f 4565 4567 4566
f 4566 4567 4568
f 4567 4569 4568
f 4568 4569 4570
f 4569 4571 4570
f 4570 4571 4572
f 4571 4573 4572
f 4572 4573 4574
f 4573 4575 4574
f 4574 4575 4576
f 4575 4577 4576
f 4576 4577 4578
f 4577 4579 4578
f 4578 4579 4580
f 4579 4581 4580
f 4580 4581 4582
f 4581 4583 4582
f 4582 4583 4584
f 4583 4585 4584
f 4584 4585 4586
f 4585 4587 4586
f 4586 4587 4588
f 4587 4589 4588
f 4588 4589 4590
f 4589 4591 4590
f 4590 4591 4592
f 4591 4593 4592
f 4592 4593 4594
f 4593 4595 4594
f 4594 4595 4596
f 4595 4597 4596
f 4596 4597 4598
f 4597 4599 4598
f 4598 4599 4600
f 4599 4601 4600
f 4600 4601 4602
f 4601 4603 4602
f 4602 4603 4604
f 4603 4605 4604
f 4604 4605 4606
f 4605 4607 4606
f 4606 4607 4608
f 4607 4609 4608
f 4608 4609 4610
f 4609 4611 4610
f 4610 4611 4612
f 4611 4613 4612
f 4612 4613 4614
f 4613 4615 4614
f 4614 4615 4616
f 4615 4617 4616
f 4616 4617 4618
f 4617 4619 4618
f 4618 4619 4620
f 4619 4621 4620
f 4620 4621 4622
f 4621 4623 4622
f 4622 4623 4624
f 4623 4625 4624
f 4624 4625 4626
f 4625 4627 4626
f 4626 4627 4628
f 4627 4629 4628
f 4628 4629 4630
f 4629 4631 4630
f 4630 4631 4632
f 4631 4633 4632
f 4632 4633 4634
f 4633 4635 4634
f 4634 4635 4636
f 4635 4637 4636
f 4636 4637 4638
f 4637 4639 4638
f 4638 4639 4496
f 4639 4497 4496
f 4640 4641 4642
f 4640 4642 4643
f 4642 4644 4643
f 4643 4644 4645
f 4644 4646 4645
f 4645 4646 4647
f 4646 4648 4647
f 4647 4648 4649
f 4648 4650 4649
f 4649 4650 4651
f 4650 4652 4651
f 4651 4652 4653
f 4652 4654 4653
f 4653 4654 4655
f 4654 4656 4655
f 4655 4656 4657
f 4656 4658 4657
f 4657 4658 4659
f 4658 4660 4659
f 4659 4660 4661
f 4660 4662 4661
f 4661 4662 4663
f 4662 4664 4663
f 4663 4664 4665
f 4664 4666 4665
f 4665 4666 4667
f 4666 4668 4667
f 4667 4668 4669
f 4668 4670 4669
f 4669 4670 4671
f 4670 4672 4671
f 4671 4672 4673
f 4672 4674 4673
f 4673 4674 4675
f 4674 4676 4675
f 4675 4676 4677
f 4678 4679 4680
f 4678 4680 4681
f 4680 4682 4681
f 4681 4682 4683
f 4682 4684 4683
f 4683 4684 4685
f 4684 4686 4685
f 4685 4686 4687
f 4686 4688 4687
f 4687 4688 4689
f 4688 4690 4689
f 4689 4690 4691
f 4690 4692 4691
f 4691 4692 4693
f 4694 4695 4696
f 4695 4697 4696
f 4696 4697 4698
f 4697 4699 4698
f 4698 4699 4700
f 4699 4701 4700
f 4700 4701 4702
f 4701 4703 4702
f 4702 4703 4704
f 4703 4705 4704
f 4704 4705 4706
f 4705 4707 4706
f 4706 4707 4678
f 4707 4679 4678
f 4339 4338 4708
f 4338 4709 4708
f 4708 4709 4694
f 4709 4695 4694
f 4710 4711 4712
f 4711 4713 4712
f 4712 4713 4714
f 4713 4715 4714
f 4714 4715 4716
f 4715 4717 4716
f 4716 4717 4718
f 4717 4719 4718
f 4718 4719 4720
f 4719 4721 4720
f 4720 4721 4722
f 4721 4723 4722
f 4722 4723 4724
f 4723 4725 4724
f 4724 4725 4726
f 4725 4727 4726
f 4726 4727 4728
f 4727 4729 4728
f 4728 4729 4730
f 4729 4731 4730
f 4730 4731 4732
f 4731 4733 4732
f 4732 4733 4734
f 4733 4735 4734
f 4734 4735 4736
f 4735 4737 4736
f 4736 4737 4738
f 4737 4739 4738
f 4738 4739 4740
f 4739 4741 4740
f 4740 4741 4742
f 4741 4743 4742
f 4742 4743 4744
f 4743 4745 4744
f 4744 4745 4746
f 4745 4747 4746
f 4746 4747 4748
f 4747 4749 4748
f 4748 4749 4750
f 4749 4751 4750
f 4750 4751 4752
f 4751 4753 4752
f 4752 4753 4754
f 4753 4755 4754
f 4754 4755 4756
f 4755 4757 4756
f 4756 4757 4758
f 4757 4759 4758
f 4758 4759 4760
f 4759 4761 4760
f 4760 4761 4762
f 4761 4763 4762
f 4762 4763 4764
f 4763 4765 4764
f 4764 4765 4766
f 4765 4767 4766
f 4766 4767 4768
f 4767 4769 4768
f 4768 4769 4770
f 4769 4771 4770
f 4770 4771 4772
f 4771 4773 4772
f 4772 4773 4774
f 4773 4775 4774
f 4774 4775 4776
f 4775 4777 4776
f 4776 4777 4778
f 4777 4779 4778
f 4778 4779 4780
f 4779 4781 4780
f 4780 4781 4782
f 4781 4783 4782
f 4782 4783 4784
f 4783 4785 4784
f 4784 4785 4786
f 4785 4787 4786
f 4786 4787 4788
f 4787 4789 4788
f 4788 4789 4790
f 4789 4791 4790
f 4790 4791 4792
f 4791 4793 4792
f 4792 4793 4794
f 4793 4795 4794
f 4794 4795 4796
f 4795 4797 4796
f 4796 4797 4798
f 4797 4799 4798
f 4798 4799 4800
f 4799 4801 4800
f 4800 4801 4802
f 4801 4803 4802
f 4802 4803 4804
f 4803 4805 4804
f 4804 4805 4806
f 4805 4807 4806
f 4806 4807 4808
f 4807 4809 4808
f 4808 4809 4810
f 4809 4811 4810
f 4810 4811 4812
f 4811 4813 4812
f 4812 4813 4814
f 4813 4815 4814
f 4814 4815 4816
f 4815 4817 4816
f 4816 4817 4818
f 4817 4819 4818
f 4818 4819 4820
f 4819 4821 4820
f 4820 4821 4822
f 4821 4823 4822
f 4822 4823 4824
f 4823 4825 4824
f 4824 4825 4826
f 4825 4827 4826
f 4826 4827 4828
f 4827 4829 4828
f 4828 4829 4830
f 4829 4831 4830
f 4830 4831 4832
f 4831 4833 4832
f 4832 4833 4834
f 4833 4835 4834
f 4834 4835 4836
f 4835 4837 4836
f 4836 4837 4838
f 4837 4839 4838
f 4838 4839 4840
f 4839 4841 4840
f 4840 4841 4842
f 4841 4843 4842
f 4842 4843 4844
f 4843 4845 4844
f 4844 4845 4846
f 4845 4847 4846
f 4846 4847 4848
f 4847 4849 4848
f 4848 4849 4850
f 4849 4851 4850
f 4850 4851 4852
f 4851 4853 4852
f 4852 4853 4710
f 4853 4711 4710
f 4854 4855 4856
f 2104 2102 4857
f 4858 4859 4860
f 4861 4862 4863
f 4321 4320 4864
f 3971 3969 4865
f 4866 4867 4868
f 4867 4869 4868
f 4869 4870 4868
f 4868 4870 4871
f 4872 4873 4874
f 4875 4876 4877
f 4876 4878 4877
f 4877 4878 4879
f 4877 4880 4881
f 4882 4883 4877
f 4883 4884 4877
f 4871 4885 4868
f 4885 4886 4868
f 4868 4886 4887
f 4888 4889 4663
f 4890 4891 4663
f 4891 4892 4663
f 4663 4892 4877
f 4892 4893 4877
f 4877 4893 4875
f 4879 4894 4877
f 4894 4895 4877
f 4877 4895 4880
f 4881 4896 4877
f 4896 4897 4877
f 4877 4897 4882
f 4898 4899 4874
f 4899 4900 4874
f 4900 4901 4874
f 4874 4901 4902
f 4902 4903 4874
f 4903 4904 4874
f 4874 4904 4872
f 4873 4905 4874
f 4905 4906 4874
f 4874 4906 4677
f 4906 4907 4677
f 4677 4907 4908
f 4889 4909 4663
f 4909 4910 4663
f 4663 4910 4890
f 4887 4911 4868
f 4911 4912 4868
f 4868 4912 4913
f 4908 4914 4677
f 4914 4915 4677
f 4677 4915 4916
f 4916 4917 4677
f 4917 4918 4677
f 4677 4918 4675
f 4918 4919 4675
f 4675 4919 4673
f 4919 4920 4673
f 4673 4920 4671
f 4920 4921 4671
f 4671 4921 4669
f 4921 4922 4669
f 4669 4922 4667
f 4922 4923 4667
f 4667 4923 4665
f 4665 4923 4663
f 4923 4924 4663
f 4663 4924 4888
f 4913 4925 4868
f 4925 4926 4868
f 4868 4926 4927
f 4928 4929 4868
f 4929 4930 4868
f 4868 4930 4931
f 4927 4932 4868
f 4932 4933 4868
f 4868 4933 4928
f 4874 4934 4935
f 4936 4937 4874
f 4937 4938 4874
f 4874 4938 4934
f 4935 4939 4874
f 4939 4940 4874
f 4874 4940 4898
f 4645 4647 4655
f 4657 4659 4640
f 4657 4640 4655
f 4640 4643 4655
f 4655 4643 4645
f 4647 4649 4655
f 4649 4651 4655
f 4655 4651 4653
f 4941 4942 4943
f 4942 4944 4943
f 4945 4946 4942
f 4946 4947 4942
f 4942 4947 4944
f 4948 4949 4950
f 4949 4951 4950
f 4951 4952 4950
f 4950 4952 4942
f 4952 4953 4942
f 4942 4953 4945
f 4954 4955 4950
f 4955 4956 4950
f 4950 4956 4948
f 4154 4152 3986
f 4186 4184 4957
f 4146 4865 4148
f 4865 3986 4148
f 4148 3986 4150
f 3986 4152 4150
f 4184 4182 4957
f 4182 4180 4957
f 4957 4180 4178
f 4178 4176 4957
f 4176 4174 4957
f 4957 4174 4172
f 4172 4170 4957
f 4170 4168 4957
f 4957 4168 3976
f 4168 4166 3976
f 4166 4164 3976
f 4164 4162 3976
f 3976 4162 3978
f 4162 4160 3978
f 4154 3986 4156
f 3986 3984 4156
f 4156 3984 4158
f 3984 3982 4158
f 4158 3982 4160
f 3982 3980 4160
f 4160 3980 3978
f 3963 3961 4865
f 3961 3960 4865
f 4865 3960 3986
f 3969 3967 4865
f 3967 3965 4865
f 4865 3965 3963
f 3936 3934 3924
f 3934 3932 3924
f 3936 3924 3938
f 3924 3922 3938
f 3938 3922 3920
f 3932 3930 3924
f 3930 3928 3924
f 3924 3928 3926
f 4116 4114 3946
f 3990 3988 3938
f 3988 4130 3938
f 4106 4104 3952
f 4104 4102 3952
f 3952 4102 4100
f 4316 4092 4090
f 3946 4114 3948
f 4114 4112 3948
f 3948 4112 3950
f 4112 4110 3950
f 3950 4110 3952
f 4110 4108 3952
f 3952 4108 4106
f 4100 4098 3952
f 4098 4096 3952
f 3952 4096 4316
f 4096 4094 4316
f 4316 4094 4092
f 4052 4050 4958
f 4130 4128 3938
f 4128 4126 3938
f 3938 4126 4124
f 3946 3944 4116
f 3944 3942 4116
f 4116 3942 4118
f 3942 3940 4118
f 4118 3940 4120
f 3940 3938 4120
f 4120 3938 4122
f 3938 4124 4122
f 4050 4048 4958
f 4048 4046 4958
f 4958 4046 4044
f 4090 4088 4316
f 4088 4086 4316
f 4316 4086 4084
f 4044 4042 4958
f 4042 4040 4958
f 4958 4040 4038
f 4959 4018 4016
f 4084 4082 4316
f 4082 4080 4316
f 4316 4080 4078
f 4078 4076 4316
f 4076 4074 4316
f 4316 4074 4072
f 4038 4036 4958
f 4036 4034 4958
f 4958 4034 4032
f 4032 4030 4958
f 4030 4028 4958
f 4958 4028 4026
f 4060 4058 4958
f 4024 4022 4959
f 4022 4020 4959
f 4959 4020 4018
f 4058 4056 4958
f 4056 4054 4958
f 4958 4054 4052
f 4072 4070 4316
f 4070 4068 4316
f 4316 4068 4066
f 4066 4064 4316
f 4064 4062 4316
f 4316 4062 4060
f 4016 4014 4959
f 4014 4012 4959
f 4959 4012 4010
f 4010 4008 4959
f 4008 4006 4959
f 4959 4006 4004
f 4004 4002 4959
f 4002 4000 4959
f 4959 4000 3998
f 3998 3996 4959
f 3996 3994 4959
f 4959 3994 3938
f 3994 3992 3938
f 3938 3992 3990
f 4462 4464 4312
f 4464 4466 4312
f 4312 4466 4468
f 4492 4494 4284
f 4454 4456 4315
f 4456 4458 4315
f 4315 4458 4312
f 4458 4460 4312
f 4312 4460 4462
f 4388 4390 4864
f 4390 4392 4864
f 4864 4392 4394
f 4404 4864 4402
f 4864 4400 4402
f 4424 4426 4315
f 4426 4428 4315
f 4315 4428 4430
f 4430 4432 4315
f 4432 4434 4315
f 4315 4434 4436
f 4436 4438 4315
f 4438 4440 4315
f 4315 4440 4442
f 4448 4450 4315
f 4450 4452 4315
f 4315 4452 4454
f 4368 4370 4320
f 4370 4372 4320
f 4320 4372 4374
f 4374 4376 4320
f 4376 4378 4320
f 4320 4378 4380
f 4380 4382 4320
f 4382 4384 4320
f 4320 4384 4864
f 4384 4386 4864
f 4864 4386 4388
f 4394 4396 4864
f 4396 4398 4864
f 4864 4398 4400
f 4404 4406 4864
f 4406 4408 4864
f 4864 4408 4410
f 4442 4444 4315
f 4444 4446 4315
f 4315 4446 4448
f 4410 4412 4864
f 4412 4414 4864
f 4864 4414 4416
f 4284 4494 4282
f 4494 4352 4282
f 4282 4352 4280
f 4280 4352 4278
f 4352 4354 4278
f 4278 4354 4275
f 4354 4356 4275
f 4356 4358 4275
f 4275 4358 4360
f 4360 4362 4275
f 4362 4364 4275
f 4275 4364 4320
f 4364 4366 4320
f 4320 4366 4368
f 4416 4418 4864
f 4418 4420 4864
f 4864 4420 4422
f 4486 4296 4484
f 4296 4298 4484
f 4484 4298 4482
f 4284 4286 4492
f 4286 4288 4492
f 4492 4288 4490
f 4288 4290 4490
f 4490 4290 4488
f 4290 4292 4488
f 4488 4292 4486
f 4292 4294 4486
f 4486 4294 4296
f 4468 4470 4312
f 4470 4472 4312
f 4312 4472 4310
f 4472 4474 4310
f 4310 4474 4308
f 4474 4476 4308
f 4308 4476 4306
f 4476 4478 4306
f 4306 4478 4304
f 4478 4480 4304
f 4304 4480 4302
f 4480 4482 4302
f 4302 4482 4300
f 4482 4298 4300
f 4590 4592 4960
f 4618 4620 4321
f 4602 4960 4600
f 4960 4598 4600
f 4620 4622 4321
f 4622 4624 4321
f 4321 4624 4626
f 4592 4594 4960
f 4594 4596 4960
f 4960 4596 4598
f 4626 4628 4321
f 4628 4630 4321
f 4321 4630 4323
f 4630 4632 4323
f 4632 4634 4323
f 4323 4634 4636
f 4960 4582 4584
f 4602 4604 4960
f 4604 4606 4960
f 4960 4606 4608
f 4321 4610 4612
f 4572 4574 4960
f 4574 4576 4960
f 4584 4586 4960
f 4586 4588 4960
f 4960 4588 4590
f 4612 4614 4321
f 4614 4616 4321
f 4321 4616 4618
f 4636 4638 4323
f 4638 4496 4323
f 4323 4496 4337
f 4496 4498 4337
f 4337 4498 4335
f 4498 4500 4335
f 4500 4502 4335
f 4502 4504 4335
f 4335 4504 4506
f 4961 4556 4558
f 4558 4560 4961
f 4560 4562 4961
f 4961 4562 4564
f 4564 4566 4961
f 4566 4568 4961
f 4961 4568 4960
f 4568 4570 4960
f 4960 4570 4572
f 4576 4578 4960
f 4578 4580 4960
f 4960 4580 4582
f 4524 4526 4340
f 4962 4534 4536
f 4536 4538 4962
f 4538 4540 4962
f 4962 4540 4542
f 4542 4544 4962
f 4544 4546 4962
f 4962 4546 4548
f 4548 4550 4962
f 4550 4552 4962
f 4962 4552 4961
f 4552 4554 4961
f 4961 4554 4556
f 4324 4327 4512
f 4327 4329 4512
f 4506 4508 4335
f 4508 4510 4335
f 4335 4510 4333
f 4510 4512 4333
f 4333 4512 4331
f 4512 4329 4331
f 4526 4528 4340
f 4528 4530 4340
f 4340 4530 4962
f 4530 4532 4962
f 4962 4532 4534
f 4512 4514 4324
f 4514 4516 4324
f 4324 4516 4350
f 4516 4518 4350
f 4350 4518 4348
f 4518 4520 4348
f 4348 4520 4346
f 4520 4522 4346
f 4346 4522 4344
f 4522 4524 4344
f 4344 4524 4342
f 4524 4340 4342
f 4707 4705 4963
f 4963 4684 4682
f 4705 4703 4963
f 4703 4701 4963
f 4963 4701 4699
f 4699 4697 4963
f 4697 4695 4963
f 4963 4695 4964
f 4695 4709 4964
f 4964 4709 4962
f 4709 4338 4962
f 4962 4338 4340
f 4682 4680 4963
f 4680 4679 4963
f 4963 4679 4707
f 4965 4966 4967
f 4968 4969 4970
f 4969 4971 4970
f 4692 4972 4973
f 4966 4974 4967
f 4974 4975 4967
f 4967 4975 4976
f 4976 4977 4967
f 4977 4978 4967
f 4967 4978 4979
f 4979 4980 4967
f 4980 4981 4967
f 4967 4981 4982
f 4983 4984 4963
f 4985 4986 4967
f 4986 4987 4967
f 4967 4987 4965
f 4982 4988 4967
f 4988 4989 4967
f 4967 4989 4990
f 4991 4963 4992
f 4963 4993 4992
f 4994 4684 4995
f 4684 4996 4995
f 4994 4997 4684
f 4997 4998 4684
f 4684 4998 4686
f 4998 4999 4686
f 4686 4999 4688
f 4999 5000 4688
f 5000 5001 4688
f 4688 5001 4690
f 5001 5002 4690
f 4690 5002 4692
f 5002 5003 4692
f 4692 5003 4972
f 4973 5004 4692
f 5004 5005 4692
f 4692 5005 4970
f 5005 5006 4970
f 4970 5006 4968
f 4971 5007 4970
f 5007 5008 4970
f 4970 5008 5009
f 5009 5010 4970
f 5010 5011 4970
f 4970 5011 5012
f 4990 5013 4967
f 5013 5014 4967
f 4967 5014 5015
f 5015 5016 4967
f 5016 5017 4967
f 4967 5017 4963
f 5017 5018 4963
f 4963 5018 4983
f 4984 5019 4963
f 5019 5020 4963
f 4963 5020 5021
f 4991 5022 4963
f 5022 5023 4963
f 4963 5023 5024
f 5021 5025 4963
f 5025 5026 4963
f 4963 5026 4993
f 5024 5027 4963
f 5027 5028 4963
f 4963 5028 5029
f 5029 5030 4963
f 5030 5031 4963
f 4963 5031 4684
f 5031 5032 4684
f 4684 5032 5033
f 5033 5034 4684
f 5034 5035 4684
f 4684 5035 5036
f 5036 5037 4684
f 5037 5038 4684
f 4684 5038 4996
f 4749 4747 5039
f 4747 4745 5039
f 5039 4745 4743
f 4815 4813 5040
f 4813 4811 5040
f 4825 4823 5041
f 4811 4809 5040
f 4809 4807 5040
f 5040 4807 4805
f 4765 4763 5039
f 4763 4761 5039
f 4761 4759 5039
f 4759 4757 5039
f 5039 4757 4755
f 4741 4739 5042
f 4823 4821 5041
f 4821 4819 5041
f 5041 4819 5040
f 4819 4817 5040
f 5040 4817 4815
f 4805 4803 5040
f 4803 4801 5040
f 5040 4801 4799
f 4755 4753 5039
f 4753 4751 5039
f 5039 4751 4749
f 4739 4737 5042
f 4737 4735 5042
f 5042 4735 4733
f 4799 4797 5040
f 4797 4795 5040
f 5040 4795 4793
f 5039 4773 4771
f 4719 4717 5043
f 4793 4791 5040
f 4791 4789 5040
f 5040 4789 4787
f 4771 4769 5039
f 4769 4767 5039
f 5039 4767 4765
f 4733 4731 5042
f 4731 4729 5042
f 5042 4729 4727
f 4717 4715 5043
f 4715 4713 5043
f 5043 4713 5044
f 4713 4711 5044
f 4853 5045 4711
f 5045 5046 4711
f 4711 5046 5044
f 4787 4785 5040
f 4785 4783 5040
f 5040 4783 5039
f 4783 4781 5039
f 5039 4781 4779
f 4779 4777 5039
f 4777 4775 5039
f 5039 4775 4773
f 4849 5047 4851
f 5047 5048 4851
f 4851 5048 4853
f 5048 5049 4853
f 4853 5049 5045
f 4727 4725 5042
f 4725 4723 5042
f 5042 4723 5043
f 4723 4721 5043
f 5043 4721 4719
f 4843 5050 4845
f 5050 5051 4845
f 4845 5051 4847
f 5051 5052 4847
f 4847 5052 4849
f 5052 5053 4849
f 4849 5053 5047
f 4839 5054 4841
f 5054 5055 4841
f 4841 5055 4843
f 5055 5056 4843
f 4843 5056 5050
f 4831 4829 5041
f 4829 4827 5041
f 5041 4827 4825
f 4831 5041 4833
f 5041 5057 4833
f 4833 5057 4835
f 5057 5058 4835
f 4835 5058 4837
f 5058 5059 4837
f 4837 5059 4839
f 5059 5060 4839
f 4839 5060 5054
f 4244 4242 5061
f 4266 4264 5062
f 4242 4240 5061
f 4240 4238 5061
f 5061 4238 4236
f 4865 4134 4132
f 4266 5062 4268
f 4264 4262 5062
f 4262 4260 5062
f 5062 4260 4258
f 4258 4256 5062
f 4256 4254 5062
f 5062 4254 4252
f 4236 4234 5061
f 4234 4232 5061
f 5061 4232 4230
f 4230 4228 5061
f 4228 4226 5061
f 5061 4226 4224
f 4252 4250 5062
f 4250 4248 5062
f 5062 4248 4246
f 4204 4202 5063
f 4202 4200 5063
f 4200 4198 5063
f 4198 4196 5063
f 5063 4196 4194
f 4194 4192 5063
f 4192 4190 5063
f 5063 4190 4957
f 4190 4188 4957
f 4957 4188 4186
f 4146 4144 4865
f 4144 4142 4865
f 4865 4142 4140
f 4140 4138 4865
f 4138 4136 4865
f 4865 4136 4134
f 4224 4222 5061
f 4222 4220 5061
f 5061 4220 4218
f 4218 4216 5061
f 4216 4214 5061
f 5061 4214 4212
f 4132 4274 4865
f 4274 4272 4865
f 4865 4272 5062
f 4272 4270 5062
f 5062 4270 4268
f 4212 4210 5061
f 4210 4208 5061
f 5061 4208 4206
f 5064 5065 5066
f 5065 5067 5066
f 5066 5067 5068
f 5069 5070 5066
f 5070 5071 5066
f 5066 5071 5072
f 2650 2648 4314
f 5068 5073 5066
f 5073 5074 5066
f 5066 5074 5069
f 4314 2648 4315
f 2648 2646 4315
f 2646 2644 4315
f 4315 2644 2642
f 2642 2640 4315
f 2640 2638 4315
f 4315 2638 2636
f 5072 5075 5066
f 5075 5076 5066
f 5066 5076 5077
f 2680 2678 4314
f 2678 2676 4314
f 4314 2676 2674
f 2662 2660 4314
f 2660 2658 4314
f 4314 2658 2656
f 2656 2654 4314
f 2654 2652 4314
f 4314 2652 2650
f 5078 5079 4864
f 5080 5081 2710
f 5077 5082 5066
f 5082 5083 5066
f 5066 5083 5084
f 2674 2672 4314
f 2672 2670 4314
f 4314 2670 2668
f 2668 2666 4314
f 2666 2664 4314
f 4314 2664 2662
f 4864 5079 5066
f 5079 5085 5066
f 5066 5085 5064
f 5081 5086 2710
f 5086 5087 2710
f 2710 5087 5088
f 2706 5066 2708
f 5066 2710 2708
f 2706 2704 5066
f 2704 2702 5066
f 5066 2702 2700
f 2700 2698 5066
f 2698 2696 5066
f 5066 2696 2694
f 2694 2692 5066
f 2692 2690 5066
f 5066 2690 2688
f 2636 2634 4315
f 2634 2632 4315
f 4315 2632 2630
f 2630 2628 4315
f 2628 2626 4315
f 4315 2626 2624
f 5089 2734 2732
f 2732 2730 5089
f 2730 2728 5089
f 5089 2728 2726
f 5089 5090 2734
f 5090 5091 2734
f 2734 5091 5092
f 2688 2686 5066
f 2686 2684 5066
f 5066 2684 4314
f 2684 2682 4314
f 4314 2682 2680
f 5084 5093 5066
f 5093 5094 5066
f 5066 5094 5095
f 5096 5097 2710
f 5097 5098 2710
f 2710 5098 5080
f 5099 5100 2718
f 5101 5102 2734
f 5102 5103 2734
f 2734 5103 5104
f 2624 2622 4315
f 2622 2620 4315
f 4315 2620 2618
f 2734 5105 2736
f 5105 5106 2736
f 2736 5106 2738
f 5106 2740 2738
f 5107 5108 4864
f 5108 5109 4864
f 4864 5109 5078
f 5095 5110 5066
f 5110 5111 5066
f 5066 5111 2710
f 5111 5112 2710
f 2710 5112 5096
f 2718 5100 2720
f 5100 5113 2720
f 2720 5113 2722
f 5088 5114 2710
f 5114 5115 2710
f 2710 5115 5116
f 5092 5117 2734
f 5117 5118 2734
f 2734 5118 5101
f 5104 5119 2734
f 5119 5120 2734
f 2734 5120 5105
f 2722 5113 2724
f 5113 5121 2724
f 2724 5121 2726
f 5121 5122 2726
f 2726 5122 5089
f 2718 2716 5099
f 2716 2714 5099
f 5099 2714 5116
f 2714 2712 5116
f 5116 2712 2710
f 5123 5124 4864
f 5124 5125 4864
f 4864 5125 5126
f 5126 5127 4864
f 5127 5128 4864
f 4864 5128 5107
f 5129 5130 4864
f 5130 5131 4864
f 4864 5131 5123
f 5132 2746 2744
f 2618 2616 4315
f 2616 2614 4315
f 4315 2614 2612
f 5133 5134 4864
f 5132 2744 5106
f 2744 2742 5106
f 5106 2742 2740
f 2612 2754 4315
f 2754 4864 4315
f 4315 4864 4424
f 4864 4422 4424
f 5133 4864 5132
f 5134 5135 4864
f 5135 5136 4864
f 4864 5136 5129
f 2754 2752 4864
f 2752 2750 4864
f 4864 2750 5132
f 2750 2748 5132
f 5132 2748 2746
f 5137 5138 5139
f 2360 2358 4318
f 4318 2358 4314
f 2358 2356 4314
f 2356 2354 4314
f 4314 2354 2352
f 5140 5141 5139
f 5141 5142 5139
f 5139 5142 5143
f 2378 4318 2380
f 4318 2382 2380
f 2378 2376 4318
f 2376 2374 4318
f 4318 2374 2372
f 2372 2370 4318
f 2370 2368 4318
f 4318 2368 2366
f 2366 2364 4318
f 2364 2362 4318
f 4318 2362 2360
f 2352 2350 4314
f 2350 2348 4314
f 4314 2348 2346
f 5138 5144 5139
f 5144 5145 5139
f 5139 5145 5140
f 2394 2392 4318
f 2392 2390 4318
f 4318 2390 2388
f 2388 2386 4318
f 2386 2384 4318
f 4318 2384 2382
f 5146 5147 4318
f 5147 5148 4318
f 4318 5148 5149
f 5143 5150 5139
f 5150 5151 5139
f 5139 5151 5152
f 2450 2448 5066
f 5152 5153 5139
f 5153 5154 5139
f 5139 5154 5155
f 5155 5156 5139
f 5156 5157 5139
f 5139 5157 4318
f 5157 5158 4318
f 4318 5158 5159
f 5160 5161 4318
f 5161 5162 4318
f 4318 5162 5146
f 2448 2446 5066
f 2446 2444 5066
f 5066 2444 2442
f 2442 2440 5066
f 2440 2438 5066
f 5066 2438 2436
f 5159 5163 4318
f 5163 5164 4318
f 4318 5164 5160
f 5149 2398 4318
f 2398 2396 4318
f 4318 2396 2394
f 2346 2344 4314
f 2344 2342 4314
f 4314 2342 2340
f 2340 2338 4314
f 2338 2336 4314
f 4314 2336 2334
f 5165 5166 5139
f 5166 5167 5139
f 2334 2332 4314
f 2332 2330 4314
f 4314 2330 2328
f 2426 5168 5169
f 5149 5170 2398
f 5170 5171 2398
f 2398 5171 2400
f 5171 2402 2400
f 5172 2436 5173
f 2436 5174 5173
f 5167 5175 5139
f 5175 5176 5139
f 5139 5176 5137
f 2426 5169 2428
f 5169 5177 2428
f 2428 5177 2430
f 5177 5178 2430
f 2430 5178 2432
f 2420 2418 5171
f 2418 2416 5171
f 5171 2416 2414
f 2414 2412 5171
f 2412 2410 5171
f 5171 2410 2408
f 2408 2406 5171
f 2406 2404 5171
f 5171 2404 2402
f 5179 5180 2436
f 5180 5181 2436
f 2436 5181 5182
f 5182 5183 2436
f 5183 5184 2436
f 2436 5184 5174
f 5066 2458 2456
f 5168 2426 5185
f 2426 2424 5185
f 5185 2424 5171
f 2424 2422 5171
f 5171 2422 2420
f 2432 5178 2434
f 5178 5186 2434
f 2434 5186 2436
f 5186 5187 2436
f 2436 5187 5179
f 5188 5189 5066
f 5189 5190 5066
f 5066 5190 5191
f 2328 2326 4314
f 2326 2324 4314
f 4314 2324 2322
f 2456 2454 5066
f 2454 2452 5066
f 5066 2452 2450
f 5191 5192 5066
f 5192 5193 5066
f 5066 5193 5194
f 2322 2464 4314
f 2464 2462 4314
f 4314 2462 5066
f 2462 2460 5066
f 5066 2460 2458
f 5172 5195 2436
f 5195 5196 2436
f 2436 5196 5066
f 5196 5197 5066
f 5066 5197 5198
f 5199 5200 5066
f 5200 5201 5066
f 5066 5201 5202
f 5202 5203 5066
f 5203 5204 5066
f 5066 5204 5188
f 5198 5205 5066
f 5205 5206 5066
f 5066 5206 5207
f 5207 5208 5066
f 5208 5209 5066
f 5066 5209 5199
f 5210 5211 5212
f 5213 5214 4317
f 5215 5216 4318
f 4318 5217 5218
f 5219 5220 5212
f 5220 5221 5212
f 5212 5221 5222
f 5223 5224 5212
f 5224 5225 5212
f 5212 5225 5226
f 5227 4317 5228
f 4317 5229 5228
f 4317 5230 5231
f 5217 4318 5232
f 4318 4317 5232
f 5232 4317 5233
f 5218 5234 4318
f 5234 5235 4318
f 4318 5235 5215
f 5222 5236 5212
f 5236 5237 5212
f 5212 5237 5210
f 5214 5238 4317
f 5238 5239 4317
f 4317 5239 5230
f 5231 5240 4317
f 5240 5241 4317
f 4317 5241 5233
f 5242 5243 5139
f 5244 5245 5139
f 5245 5246 5139
f 5139 5246 5247
f 5211 5248 5212
f 5248 5249 5212
f 5212 5249 5250
f 5227 5251 4317
f 5251 5252 4317
f 4317 5252 5253
f 5243 5254 5139
f 5254 5255 5139
f 5139 5255 5244
f 5256 5257 4317
f 5257 5258 4317
f 4317 5258 5259
f 5260 5261 4317
f 5261 5262 4317
f 4317 5262 5263
f 5264 5265 4317
f 5265 5266 4317
f 4317 5266 5229
f 5267 5268 5247
f 5269 5270 5271
f 5270 5272 5271
f 5272 5273 5271
f 5271 5273 5274
f 5250 5275 5212
f 5275 5276 5212
f 5212 5276 5223
f 5253 5277 4317
f 5277 5278 4317
f 4317 5278 5213
f 5259 5279 4317
f 5279 5280 4317
f 4317 5280 5260
f 5281 5282 5139
f 5283 5284 5139
f 5284 5285 5139
f 5139 5285 5212
f 5285 5286 5212
f 5212 5286 5219
f 5274 5287 5271
f 5287 5288 5271
f 5271 5288 5264
f 5216 5289 4318
f 5289 5290 4318
f 4318 5290 5291
f 5291 5292 4318
f 5292 5293 4318
f 4318 5293 5294
f 5263 5295 4317
f 5295 5296 4317
f 4317 5296 5264
f 5296 5297 5264
f 5264 5297 5271
f 5298 5299 5247
f 5299 5300 5247
f 5247 5300 5267
f 5301 5302 5303
f 5302 5304 5303
f 5303 5304 5305
f 5306 5307 5308
f 5307 5309 5308
f 5308 5309 5310
f 5294 5311 4318
f 5311 5312 4318
f 4318 5312 5313
f 5139 5314 5315
f 5305 5316 5303
f 5316 5308 5303
f 5303 5308 5317
f 5308 5310 5317
f 5139 5318 5319
f 5320 5321 5139
f 5319 5322 5139
f 5322 5323 5139
f 5139 5323 5242
f 5268 5324 5247
f 5324 5325 5247
f 5247 5325 5139
f 5325 5326 5139
f 5139 5326 5327
f 5321 5328 5139
f 5328 5329 5139
f 5139 5329 5314
f 5315 5330 5139
f 5330 5331 5139
f 5139 5331 5283
f 5306 5308 5332
f 5308 5333 5332
f 5332 5333 5334
f 5333 5335 5334
f 5334 5335 5271
f 5335 5336 5271
f 5271 5336 5269
f 5313 5337 4318
f 5337 5338 4318
f 4318 5338 5339
f 5301 5303 5340
f 5303 5341 5340
f 5340 5341 5342
f 5341 5343 5342
f 5342 5343 5247
f 5343 5344 5247
f 5247 5344 5298
f 5327 5345 5139
f 5345 5346 5139
f 5139 5346 5347
f 5339 5348 4318
f 5348 5349 4318
f 4318 5349 5139
f 5349 5350 5139
f 5139 5350 5318
f 5347 5351 5139
f 5351 5352 5139
f 5139 5352 5281
f 5282 5353 5139
f 5353 5354 5139
f 5139 5354 5320
f 5355 5356 4958
f 5357 5358 4958
f 1792 1790 4316
f 1790 1788 4316
f 4316 1788 1786
f 1786 1784 4316
f 1784 1782 4316
f 4316 1782 1780
f 1780 1778 4316
f 1778 1776 4316
f 4316 1776 4317
f 1776 1774 4317
f 4317 1774 1772
f 1866 1864 5359
f 1772 1770 4317
f 1770 1768 4317
f 4317 1768 1766
f 4060 4958 4316
f 4958 1812 4316
f 4316 1812 1810
f 1810 1808 4316
f 1808 1806 4316
f 4316 1806 1804
f 1874 1872 5359
f 5356 5360 4958
f 5360 5361 4958
f 4958 5361 5357
f 1872 1870 5359
f 1870 1868 5359
f 5359 1868 1866
f 4958 5362 5363
f 1836 1834 5364
f 1834 5365 5364
f 1834 1832 5365
f 1832 1830 5365
f 5365 1830 5366
f 1830 1828 5366
f 5366 1828 1826
f 5367 5368 4958
f 5368 5369 4958
f 4958 5369 5370
f 1826 1824 5366
f 1824 1822 5366
f 5366 1822 5371
f 1822 1820 5371
f 1804 1802 4316
f 1802 1800 4316
f 4316 1800 1798
f 1798 1796 4316
f 1796 1794 4316
f 4316 1794 1792
f 5372 5373 1840
f 5373 5374 1840
f 5374 5375 1840
f 5375 5376 1840
f 1840 5376 5377
f 1864 1862 5359
f 1862 1860 5359
f 5359 1860 1858
f 5362 4958 5378
f 4958 5212 5378
f 5378 5212 5379
f 5363 5380 4958
f 5380 5381 4958
f 4958 5381 5355
f 5358 5382 4958
f 5382 5383 4958
f 4958 5383 5367
f 5370 5384 4958
f 5384 5385 4958
f 4958 5385 5371
f 1836 5364 1838
f 5364 5386 1838
f 1838 5386 1840
f 5386 5387 1840
f 1840 5387 5388
f 5388 5389 1840
f 5389 5390 1840
f 1840 5390 5372
f 1850 1848 5391
f 1766 1764 4317
f 1764 1762 4317
f 4317 1762 1760
f 1760 1758 4317
f 1758 1756 4317
f 4317 1756 1754
f 5392 5393 4317
f 1820 1818 5371
f 1818 1816 5371
f 5371 1816 4958
f 1816 1814 4958
f 4958 1814 1812
f 5391 1848 5394
f 1848 1846 5394
f 5394 1846 5395
f 1858 1856 5359
f 1856 1854 5359
f 5359 1854 1852
f 1748 1746 4317
f 5392 4317 5396
f 5393 5397 4317
f 5397 5398 4317
f 4317 5398 5399
f 5226 5256 5212
f 5256 4317 5212
f 5212 4317 5400
f 4317 5399 5400
f 5401 5402 5212
f 5395 1846 5403
f 1846 1844 5403
f 5403 1844 5377
f 1844 1842 5377
f 5377 1842 1840
f 5391 5404 1850
f 5404 5405 1850
f 1850 5405 1852
f 5405 5406 1852
f 1852 5406 5359
f 1746 1744 4317
f 1744 1742 4317
f 4317 1742 1884
f 5407 5408 5212
f 5402 5409 5212
f 5409 5410 5212
f 5212 5410 5379
f 1754 1752 4317
f 1752 1750 4317
f 4317 1750 1748
f 5411 5412 4317
f 5412 5413 4317
f 4317 5413 5396
f 5408 5414 5212
f 5414 5415 5212
f 5212 5415 5401
f 1884 1882 4317
f 1882 1880 4317
f 4317 1880 1878
f 1874 5359 1876
f 5359 5416 1876
f 1876 5416 1878
f 5416 5417 1878
f 1878 5417 4317
f 5417 5418 4317
f 4317 5418 5411
f 5400 5419 5212
f 5419 5420 5212
f 5212 5420 5421
f 5421 5422 5212
f 5422 5423 5212
f 5212 5423 5424
f 5424 5425 5212
f 5425 5426 5212
f 5212 5426 5407
f 5427 5428 4960
f 5429 5430 5431
f 5430 5432 5431
f 5431 5432 5433
f 5433 5434 5431
f 5434 5435 5431
f 5431 5435 5436
f 5437 5438 5431
f 5438 5439 5431
f 5440 5441 4864
f 5441 5442 4864
f 5443 5444 4864
f 5444 5445 4864
f 4864 5445 5446
f 5427 4960 5447
f 5436 5448 5431
f 5448 5449 5431
f 5431 5449 5437
f 5439 5450 5431
f 5450 5451 5431
f 5431 5451 5452
f 5442 5453 4864
f 5453 5454 4864
f 4864 5454 5443
f 5455 5456 4864
f 5456 5457 4864
f 5458 5459 4960
f 5429 5431 5460
f 5431 4960 5460
f 5460 4960 5461
f 5452 5462 5431
f 5462 5463 5431
f 5431 5463 5066
f 5463 5464 5066
f 5066 5464 5465
f 5466 5467 5066
f 5467 5468 5066
f 5469 5470 5066
f 5470 5471 5066
f 5066 5471 5472
f 5472 5473 5066
f 5473 5474 5066
f 5066 5474 4864
f 5474 5475 4864
f 4864 5475 5440
f 5446 5476 4864
f 5476 5477 4864
f 4864 5477 5455
f 5459 5478 4960
f 5478 5479 4960
f 4960 5479 5447
f 5480 4960 5481
f 4960 5482 5481
f 5480 5483 4960
f 5483 5484 4960
f 4960 5484 5461
f 5465 5485 5066
f 5485 5486 5066
f 5066 5486 5487
f 5487 5488 5066
f 5488 5489 5066
f 5066 5489 5466
f 5468 5490 5066
f 5490 5491 5066
f 5066 5491 5469
f 5457 5492 4864
f 5492 5493 4864
f 4864 5493 5494
f 5428 5495 4960
f 5495 5496 4960
f 4960 5496 5497
f 5497 5498 4960
f 5498 5499 4960
f 4960 5499 5482
f 5494 5458 4864
f 5458 4960 4864
f 4864 4960 4321
f 4960 4608 4321
f 4321 4608 4610
f 5500 5501 5502
f 5501 5503 5502
f 5504 5139 5505
f 5139 5506 5505
f 5504 5507 5139
f 5507 5508 5139
f 5139 5508 5509
f 5503 5510 5502
f 5510 5511 5502
f 5502 5511 5512
f 5513 5514 5139
f 5514 5515 5139
f 5139 5515 5506
f 5516 5139 5517
f 5139 5502 5517
f 5517 5502 5518
f 5502 5512 5518
f 5519 5520 5066
f 5520 5521 5066
f 5066 5521 5522
f 5523 5524 5431
f 5525 5526 5502
f 5526 5527 5502
f 5502 5527 5528
f 5528 5529 5502
f 5529 5530 5502
f 5502 5530 5531
f 5509 5532 5139
f 5532 5066 5139
f 5139 5066 5165
f 5066 5194 5165
f 5533 5534 5431
f 5534 5535 5431
f 5431 5535 5536
f 5536 5537 5431
f 5537 5538 5431
f 5431 5538 5502
f 5538 5539 5502
f 5502 5539 5525
f 5531 5540 5502
f 5540 5541 5502
f 5502 5541 5500
f 5542 5543 5139
f 5543 5544 5139
f 5139 5544 5513
f 5532 5545 5066
f 5545 5546 5066
f 5066 5546 5547
f 5523 5431 5548
f 5516 5549 5139
f 5549 5550 5139
f 5139 5550 5551
f 5547 5552 5066
f 5552 5553 5066
f 5066 5553 5519
f 5524 5554 5431
f 5554 5555 5431
f 5431 5555 5556
f 5556 5557 5431
f 5557 5558 5431
f 5431 5558 5533
f 5551 5559 5139
f 5559 5560 5139
f 5139 5560 5542
f 5561 5562 5066
f 5562 5563 5066
f 5066 5563 5564
f 5522 5565 5066
f 5565 5566 5066
f 5066 5566 5561
f 5564 5567 5066
f 5567 5568 5066
f 5066 5568 5431
f 5568 5569 5431
f 5431 5569 5570
f 5570 5571 5431
f 5571 5572 5431
f 5431 5572 5548
f 1230 1228 5212
f 1222 1220 5212
f 1248 1246 5573
f 5573 1234 5212
f 1234 1232 5212
f 5212 1232 1230
f 1246 1244 5573
f 1244 1242 5573
f 5573 1242 1240
f 1240 1238 5573
f 1238 1236 5573
f 5573 1236 1234
f 1228 1226 5212
f 1226 1224 5212
f 5212 1224 1222
f 1208 1206 5212
f 1206 1204 5212
f 5212 1204 1202
f 1202 1200 5212
f 1200 1198 5212
f 5212 1198 5139
f 1198 1196 5139
f 1294 1292 5502
f 5502 1280 1278
f 1278 1276 5502
f 1276 1274 5502
f 5502 1274 1272
f 5573 1264 1262
f 5573 1256 1254
f 1214 1212 5212
f 1212 1210 5212
f 5212 1210 1208
f 1184 1182 5139
f 1182 1180 5139
f 5139 1180 1178
f 1254 1252 5573
f 1252 1250 5573
f 5573 1250 1248
f 1220 1218 5212
f 1218 1216 5212
f 5212 1216 1214
f 1196 1194 5139
f 1194 1192 5139
f 5139 1192 1190
f 1294 5502 1296
f 1272 1270 5502
f 1270 1268 5502
f 5502 1268 5573
f 1268 1266 5573
f 5573 1266 1264
f 1262 1260 5573
f 1260 1258 5573
f 5573 1258 1256
f 1190 1188 5139
f 1188 1186 5139
f 5139 1186 1184
f 1292 1290 5502
f 1290 1288 5502
f 5502 1288 1286
f 1286 1284 5502
f 1284 1282 5502
f 5502 1282 1280
f 1178 1176 5139
f 1176 1174 5139
f 5139 1174 1172
f 1172 1170 5139
f 1170 1168 5139
f 5139 1168 1166
f 1166 1164 5139
f 1164 1162 5139
f 5139 1162 5502
f 1162 1304 5502
f 5502 1304 1302
f 1302 1300 5502
f 1300 1298 5502
f 5502 1298 1296
f 5574 5575 5573
f 5576 5577 4958
f 5578 5579 4958
f 5580 5581 4958
f 5212 5582 5583
f 5584 5585 5212
f 5585 5586 5212
f 5212 5586 5587
f 5575 5588 5573
f 5588 5589 5573
f 5573 5589 5590
f 5591 5592 5061
f 5576 4958 5593
f 4958 5061 5593
f 5593 5061 5594
f 5583 5595 5212
f 5595 5596 5212
f 5212 5596 5584
f 5592 5597 5061
f 5597 5598 5061
f 5061 5598 5599
f 5599 5600 5061
f 5600 5601 5061
f 5061 5601 5594
f 5212 5602 5603
f 5587 5604 5212
f 5604 5605 5212
f 5212 5605 5606
f 5607 5608 5573
f 5608 5609 5573
f 5573 5609 5610
f 5611 5612 5573
f 5612 5613 5573
f 5614 5615 5061
f 5615 5616 5061
f 5061 5616 5617
f 5061 5618 5619
f 5577 5620 4958
f 5620 5621 4958
f 4958 5621 5578
f 5579 5622 4958
f 5622 5623 4958
f 4958 5623 5624
f 5624 5625 4958
f 5625 5626 4958
f 4958 5626 5627
f 5606 5628 5212
f 5628 5629 5212
f 5212 5629 5573
f 5629 5630 5573
f 5573 5630 5574
f 5590 5631 5573
f 5631 5632 5573
f 5573 5632 5607
f 5610 5633 5573
f 5633 5634 5573
f 5573 5634 5611
f 5619 5635 5061
f 5635 5636 5061
f 5061 5636 5591
f 5627 5637 4958
f 5637 5638 4958
f 4958 5638 5580
f 5603 5639 5212
f 5639 5640 5212
f 5212 5640 5582
f 5617 5641 5061
f 5641 5642 5061
f 5061 5642 5618
f 5581 5643 4958
f 5643 5644 4958
f 4958 5644 5212
f 5644 5645 5212
f 5212 5645 5602
f 4026 4024 4958
f 4024 4959 4958
f 4958 4959 5061
f 4959 5062 5061
f 5061 5062 4244
f 5062 4246 4244
f 3920 3918 3938
f 3918 3917 3938
f 3938 3917 4959
f 3917 3954 4959
f 4959 3954 5062
f 3954 3956 5062
f 5062 3956 4865
f 3956 3958 4865
f 4865 3958 3971
f 827 825 5646
f 825 823 5646
f 823 821 5646
f 5646 821 819
f 819 817 5646
f 817 815 5646
f 5646 815 813
f 853 851 4961
f 851 849 4961
f 4961 849 847
f 783 781 5431
f 781 779 5431
f 779 777 5431
f 777 775 5431
f 5431 775 773
f 789 5431 791
f 5431 793 791
f 789 787 5431
f 787 785 5431
f 5431 785 783
f 773 771 5431
f 771 769 5431
f 5431 769 767
f 847 845 4961
f 845 843 4961
f 4961 843 841
f 813 811 5646
f 811 809 5646
f 5646 809 807
f 807 805 5646
f 805 803 5646
f 5646 803 801
f 801 799 5646
f 799 797 5646
f 5646 797 5431
f 797 795 5431
f 5431 795 793
f 761 4960 763
f 4960 5431 763
f 763 5431 765
f 5431 767 765
f 761 759 4960
f 759 757 4960
f 4960 757 755
f 755 753 4960
f 753 751 4960
f 4960 751 749
f 865 863 4961
f 863 861 4961
f 4961 861 859
f 859 857 4961
f 857 855 4961
f 4961 855 853
f 841 839 4961
f 839 837 4961
f 4961 837 835
f 835 833 4961
f 833 831 4961
f 4961 831 5646
f 831 829 5646
f 5646 829 827
f 749 747 4960
f 747 745 4960
f 4960 745 743
f 743 741 4960
f 741 739 4960
f 4960 739 737
f 4960 731 729
f 737 735 4960
f 735 733 4960
f 4960 733 731
f 729 727 4960
f 727 869 4960
f 4960 869 4961
f 869 867 4961
f 4961 867 865
f 1113 1111 5647
f 1111 1109 5647
f 1109 1107 5647
f 5647 1107 1105
f 5502 5647 1087
f 1105 1103 5647
f 1103 1101 5647
f 5647 1101 1099
f 1087 1085 5502
f 1085 1083 5502
f 5502 1083 1081
f 5646 1143 1141
f 5646 1123 5647
f 1123 1121 5647
f 5647 1121 1119
f 1081 1079 5502
f 1079 1077 5502
f 5502 1077 1075
f 1075 1073 5502
f 1073 1071 5502
f 5502 1071 1069
f 1069 1067 5502
f 1067 1065 5502
f 5502 1065 1063
f 1149 1147 5646
f 1147 1145 5646
f 5646 1145 1143
f 1141 1139 5646
f 1139 1137 5646
f 5646 1137 1135
f 1135 1133 5646
f 1133 1131 5646
f 5646 1131 1129
f 1119 1117 5647
f 1117 1115 5647
f 5647 1115 1113
f 1099 1097 5647
f 1097 1095 5647
f 5647 1095 1093
f 1093 1091 5647
f 1091 1089 5647
f 5647 1089 1087
f 1063 1061 5502
f 1061 1059 5502
f 5502 1059 1057
f 1045 5431 1047
f 5431 1049 1047
f 1045 1043 5431
f 1043 1041 5431
f 5431 1041 1039
f 1033 1031 5431
f 1031 1029 5431
f 5431 1029 1027
f 1157 1155 5646
f 1129 1127 5646
f 1127 1125 5646
f 5646 1125 1123
f 1039 1037 5431
f 1037 1035 5431
f 5431 1035 1033
f 1027 1025 5431
f 1025 1023 5431
f 5431 1023 1021
f 1155 1153 5646
f 1153 1151 5646
f 5646 1151 1149
f 1057 1055 5502
f 1055 1053 5502
f 5502 1053 5431
f 1053 1051 5431
f 5431 1051 1049
f 1021 1019 5431
f 1019 1017 5431
f 5431 1017 5646
f 1017 1159 5646
f 5646 1159 1157
f 2291 2289 5647
f 2273 2271 5648
f 2271 2269 5648
f 5648 2269 2267
f 2245 5573 2247
f 5573 5648 2247
f 2247 5648 2249
f 5647 2283 5648
f 2283 2281 5648
f 5648 2281 2279
f 2267 2265 5648
f 2265 2263 5648
f 5648 2263 2261
f 2289 2287 5647
f 2287 2285 5647
f 5647 2285 2283
f 2279 2277 5648
f 2277 2275 5648
f 5648 2275 2273
f 2245 2243 5573
f 2243 2241 5573
f 5573 2241 2239
f 5573 2233 2231
f 5573 2225 2223
f 2261 2259 5648
f 2259 2257 5648
f 5648 2257 2255
f 2255 2253 5648
f 2253 2251 5648
f 5648 2251 2249
f 2239 2237 5573
f 2237 2235 5573
f 5573 2235 2233
f 2231 2229 5573
f 2229 2227 5573
f 5573 2227 2225
f 2223 2221 5573
f 2221 2219 5573
f 5573 2219 2217
f 2205 5502 2207
f 5502 2209 2207
f 2205 2203 5502
f 2203 2201 5502
f 5502 2201 2199
f 5647 2299 2297
f 2199 2197 5502
f 2197 2195 5502
f 5502 2195 2193
f 2193 2191 5502
f 2191 2189 5502
f 5502 2189 2187
f 2317 2315 5647
f 2315 2313 5647
f 5647 2313 2311
f 2311 2309 5647
f 2309 2307 5647
f 5647 2307 2305
f 2305 2303 5647
f 2303 2301 5647
f 5647 2301 2299
f 2297 2295 5647
f 2295 2293 5647
f 5647 2293 2291
f 2217 2215 5573
f 2215 2213 5573
f 5573 2213 5502
f 2213 2211 5502
f 5502 2211 2209
f 2187 2185 5502
f 2185 2183 5502
f 5502 2183 2181
f 2181 2179 5502
f 2179 2177 5502
f 5502 2177 5647
f 2177 2319 5647
f 5647 2319 2317
f 1693 1691 5063
f 1691 1689 5063
f 5063 1689 1687
f 1669 1667 5063
f 1667 5061 5063
f 5063 5061 4204
f 5061 4206 4204
f 1687 1685 5063
f 1685 1683 5063
f 5063 1683 1681
f 1613 1611 5573
f 1611 1609 5573
f 5573 1609 1607
f 1607 1605 5573
f 1605 1603 5573
f 5573 1603 1601
f 5648 1717 1715
f 1649 1647 5061
f 1647 1645 5061
f 5061 1645 1643
f 1631 5573 5061
f 5573 5613 5061
f 5061 5613 5614
f 1725 1723 5648
f 1681 1679 5063
f 1679 1677 5063
f 5063 1677 1675
f 1675 1673 5063
f 1673 1671 5063
f 5063 1671 1669
f 1667 1665 5061
f 1665 1663 5061
f 5061 1663 1661
f 1643 1641 5061
f 1641 1639 5061
f 5061 1639 1637
f 1631 1629 5573
f 1629 1627 5573
f 5573 1627 1625
f 1625 1623 5573
f 1623 1621 5573
f 5573 1621 1619
f 1619 1617 5573
f 1617 1615 5573
f 5573 1615 1613
f 1723 1721 5648
f 1721 1719 5648
f 5648 1719 1717
f 1715 1713 5648
f 1713 1711 5648
f 5648 1711 1709
f 5063 1701 1699
f 1661 1659 5061
f 1659 1657 5061
f 5061 1657 1655
f 1655 1653 5061
f 1653 1651 5061
f 5061 1651 1649
f 1637 1635 5061
f 1635 1633 5061
f 5061 1633 1631
f 1601 1599 5573
f 1599 1597 5573
f 5573 1597 5648
f 1597 1739 5648
f 5648 1739 1737
f 1737 1735 5648
f 1735 1733 5648
f 5648 1733 1731
f 1709 1707 5648
f 1707 1705 5648
f 5648 1705 5063
f 1705 1703 5063
f 5063 1703 1701
f 1699 1697 5063
f 1697 1695 5063
f 5063 1695 1693
f 1731 1729 5648
f 1729 1727 5648
f 5648 1727 1725
f 2851 2849 5649
f 2857 2855 5649
f 2855 2853 5649
f 5649 2853 2851
f 2767 2765 4961
f 2865 2863 4962
f 2849 2847 5649
f 2847 2845 5649
f 5649 2845 2843
f 2789 2787 4961
f 2787 2785 4961
f 2785 2783 4961
f 2783 2781 4961
f 4961 2781 2779
f 2779 2777 4961
f 2777 2775 4961
f 4961 2775 2773
f 2863 2861 5649
f 2861 2859 5649
f 5649 2859 2857
f 2843 2841 5649
f 2841 2839 5649
f 5649 2839 2837
f 2837 2835 5649
f 2835 2833 5649
f 5649 2833 2831
f 2797 2795 5646
f 2795 2793 5646
f 5646 2793 4961
f 2793 2791 4961
f 4961 2791 2789
f 2773 2771 4961
f 2771 2769 4961
f 4961 2769 2767
f 2823 2821 5646
f 2821 2819 5646
f 5646 2819 2817
f 5646 2811 2809
f 2809 2807 5646
f 2807 2805 5646
f 5646 2805 2803
f 2803 2801 5646
f 2801 2799 5646
f 5646 2799 2797
f 2883 2881 4962
f 2881 2879 4962
f 4962 2879 2877
f 2877 2875 4962
f 2875 2873 4962
f 4962 2873 2871
f 2871 2869 4962
f 2869 2867 4962
f 4962 2867 2865
f 2831 2829 5649
f 2829 2827 5649
f 5649 2827 5646
f 2827 2825 5646
f 5646 2825 2823
f 2817 2815 5646
f 2815 2813 5646
f 5646 2813 2811
f 2895 2893 4962
f 2893 2891 4962
f 4962 2891 2889
f 2889 2887 4962
f 2887 2885 4962
f 4962 2885 2883
f 2765 2763 4961
f 2763 2761 4961
f 4961 2761 2759
f 2759 2757 4961
f 2757 2899 4961
f 4961 2899 4962
f 2899 2897 4962
f 4962 2897 2895
f 2571 2569 5650
f 2569 2567 5650
f 2567 2565 5650
f 5650 2565 2563
f 2563 2561 5650
f 2561 2559 5650
f 5650 2559 2557
f 2513 2511 5647
f 2511 2509 5647
f 5647 2509 2507
f 2557 2555 5650
f 2555 2553 5650
f 5650 2553 2551
f 2541 5650 2543
f 5650 2545 2543
f 2541 2539 5650
f 2539 2537 5650
f 5650 2537 5647
f 2537 2535 5647
f 5647 2535 2533
f 5649 2575 5650
f 2575 2573 5650
f 5650 2573 2571
f 2551 2549 5650
f 2549 2547 5650
f 5650 2547 2545
f 5647 2527 2525
f 2507 2505 5647
f 2505 2503 5647
f 5647 2503 5646
f 2503 2501 5646
f 5646 2501 2499
f 2483 5646 2485
f 5646 2487 2485
f 2533 2531 5647
f 2531 2529 5647
f 5647 2529 2527
f 2525 2523 5647
f 2523 2521 5647
f 5647 2521 2519
f 2519 2517 5647
f 2517 2515 5647
f 5647 2515 2513
f 2587 2585 5649
f 2585 2583 5649
f 5649 2583 2581
f 2581 2579 5649
f 2579 2577 5649
f 5649 2577 2575
f 2499 2497 5646
f 2497 2495 5646
f 5646 2495 2493
f 2493 2491 5646
f 2491 2489 5646
f 5646 2489 2487
f 2483 2481 5646
f 2481 2479 5646
f 5646 2479 2477
f 2607 2605 5649
f 2605 2603 5649
f 2597 2595 5649
f 2595 2593 5649
f 2477 2475 5646
f 2475 2473 5646
f 5646 2473 2471
f 2603 2601 5649
f 2601 2599 5649
f 5649 2599 2597
f 2593 2591 5649
f 2591 2589 5649
f 5649 2589 2587
f 2471 2469 5646
f 2469 2467 5646
f 5646 2467 5649
f 2467 2609 5649
f 5649 2609 2607
f 1401 1399 5651
f 1399 1397 5651
f 5651 1397 1395
f 1383 1381 5651
f 1381 1379 5651
f 1379 1377 5651
f 5651 1377 5648
f 1377 1375 5648
f 5648 1375 1373
f 1389 1387 5651
f 1387 1385 5651
f 5651 1385 1383
f 5648 1367 1365
f 1395 1393 5651
f 1393 1391 5651
f 5651 1391 1389
f 1373 1371 5648
f 1371 1369 5648
f 5648 1369 1367
f 1353 1351 5648
f 1351 1349 5648
f 5648 1349 1347
f 1347 1345 5648
f 1345 1343 5648
f 5648 1343 5647
f 1343 1341 5647
f 5647 1341 1339
f 5651 1409 1407
f 1365 1363 5648
f 1363 1361 5648
f 5648 1361 1359
f 1359 1357 5648
f 1357 1355 5648
f 5648 1355 1353
f 1323 5647 1325
f 5647 1327 1325
f 1407 1405 5651
f 1405 1403 5651
f 5651 1403 1401
f 1427 1425 5650
f 1425 1423 5650
f 1423 1421 5650
f 1421 1419 5650
f 5650 1419 1417
f 1417 1415 5650
f 1415 1413 5650
f 5650 1413 5651
f 1413 1411 5651
f 5651 1411 1409
f 1339 1337 5647
f 1337 1335 5647
f 5647 1335 1333
f 1333 1331 5647
f 1331 1329 5647
f 5647 1329 1327
f 1435 1433 5650
f 1323 1321 5647
f 1321 1319 5647
f 5647 1319 1317
f 1435 5650 1437
f 1433 1431 5650
f 1431 1429 5650
f 5650 1429 1427
f 1317 1315 5647
f 1315 1313 5647
f 5647 1313 1311
f 1311 1309 5647
f 1309 1307 5647
f 5647 1307 5650
f 1307 1449 5650
f 1449 1447 5650
f 1447 1445 5650
f 5650 1445 1443
f 1443 1441 5650
f 1441 1439 5650
f 5650 1439 1437
f 1927 1925 5063
f 1903 5648 1905
f 5648 1907 1905
f 1981 1979 4957
f 1979 1977 4957
f 4957 1977 1975
f 1963 1961 4957
f 1961 1959 4957
f 1959 1957 4957
f 4957 1957 5063
f 1903 1901 5648
f 1901 1899 5648
f 5648 1899 1897
f 1957 1955 5063
f 1955 1953 5063
f 5063 1953 1951
f 1913 5648 1915
f 5648 1917 1915
f 1913 1911 5648
f 1911 1909 5648
f 5648 1909 1907
f 1897 1895 5648
f 1895 1893 5648
f 5648 1893 1891
f 1969 1967 4957
f 1967 1965 4957
f 4957 1965 1963
f 1951 1949 5063
f 1949 1947 5063
f 5063 1947 1945
f 1945 1943 5063
f 1943 1941 5063
f 5063 1941 1939
f 1925 1923 5063
f 1923 1921 5063
f 5063 1921 5648
f 1921 1919 5648
f 5648 1919 1917
f 2023 5651 2025
f 5651 2027 2025
f 1995 1993 4957
f 1975 1973 4957
f 1973 1971 4957
f 4957 1971 1969
f 1939 1937 5063
f 1937 1935 5063
f 5063 1935 1933
f 1933 1931 5063
f 1931 1929 5063
f 5063 1929 1927
f 1999 1997 5651
f 1997 1995 5651
f 1993 1991 4957
f 1991 1989 4957
f 4957 1989 1987
f 1987 1985 4957
f 1985 1983 4957
f 4957 1983 1981
f 1891 1889 5648
f 1889 1887 5648
f 5648 1887 5651
f 1887 2029 5651
f 5651 2029 2027
f 2017 2015 5651
f 2015 2013 5651
f 5651 2013 2011
f 2011 2009 5651
f 2009 2007 5651
f 5651 2007 2005
f 2005 2003 5651
f 2003 2001 5651
f 5651 2001 1999
f 2023 2021 5651
f 2021 2019 5651
f 5651 2019 2017
f 5652 5653 5654
f 5655 5656 5649
f 5657 5658 5649
f 2863 5649 4962
f 5649 5656 4962
f 4962 5656 5659
f 5653 5660 5654
f 5660 5661 5654
f 5654 5661 5662
f 5662 5663 5654
f 5663 5664 5654
f 5654 5664 5665
f 5666 5667 5654
f 5658 5668 5649
f 5668 5669 5649
f 5649 5669 5670
f 5670 5671 5649
f 5671 5672 5649
f 5649 5672 5655
f 5659 5673 4962
f 5673 5674 4962
f 4962 5674 5675
f 5676 5677 4964
f 5677 5678 4964
f 4964 5678 5679
f 5665 5680 5654
f 5680 5681 5654
f 5654 5681 5682
f 5683 4964 5684
f 4964 5685 5684
f 5683 5686 4964
f 5686 5687 4964
f 4964 5687 5654
f 5687 5688 5654
f 5654 5688 5652
f 5682 5689 5654
f 5689 5690 5654
f 5654 5690 5666
f 4962 5691 5692
f 5679 5693 4964
f 5693 5694 4964
f 4964 5694 5685
f 5695 5696 5649
f 5696 5697 5649
f 5697 5698 5649
f 5649 5698 5699
f 5699 5700 5649
f 5700 5701 5649
f 5649 5701 5657
f 5675 5702 4962
f 5702 5703 4962
f 4962 5703 5704
f 5704 5705 4962
f 5705 5706 4962
f 4962 5706 5691
f 5667 5707 5654
f 5707 5708 5654
f 5654 5708 5649
f 5708 5709 5649
f 5649 5709 5695
f 5692 5710 4962
f 5710 5711 4962
f 4962 5711 5712
f 5713 5714 4964
f 5714 5715 4964
f 4964 5715 5716
f 5716 5717 4964
f 5717 5718 4964
f 4964 5718 5676
f 5712 5719 4962
f 5719 5720 4962
f 4962 5720 5721
f 5721 5722 4962
f 5722 5723 4962
f 4962 5723 4964
f 5723 5724 4964
f 4964 5724 5713
f 5725 5649 5726
f 5649 5727 5726
f 5728 5729 5654
f 5730 5731 4860
f 5731 5732 4860
f 4860 5732 5733
f 5733 5734 4860
f 5734 5735 4860
f 4860 5735 5736
f 5737 5738 5650
f 5738 5739 5650
f 5650 5739 5740
f 5741 5742 5650
f 5742 5743 5650
f 5650 5743 5744
f 5745 5746 4860
f 5746 5747 4860
f 4860 5747 5730
f 5748 5749 5649
f 5749 5750 5649
f 5649 5750 5751
f 5654 5752 5753
f 5753 5754 5654
f 5754 5755 5654
f 5654 5755 4860
f 5755 5756 4860
f 4860 5756 5745
f 5737 5650 5757
f 5650 4860 5757
f 5757 4860 5758
f 5740 5759 5650
f 5759 5760 5650
f 5650 5760 5761
f 5761 5762 5650
f 5762 5763 5650
f 5650 5763 5764
f 5744 5765 5650
f 5765 5766 5650
f 5650 5766 5649
f 5766 5767 5649
f 5649 5767 5727
f 5725 5768 5649
f 5768 5769 5649
f 5649 5769 5770
f 5771 5772 5654
f 5772 5773 5654
f 5654 5773 5774
f 5774 5775 5654
f 5775 5776 5654
f 5654 5776 5777
f 5777 5778 5654
f 5778 5779 5654
f 5654 5779 5752
f 5736 5780 4860
f 5780 5781 4860
f 4860 5781 5782
f 5764 5783 5650
f 5783 5784 5650
f 5650 5784 5741
f 5770 5785 5649
f 5785 5786 5649
f 5649 5786 5748
f 5729 5787 5654
f 5787 5788 5654
f 5654 5788 5771
f 5782 5789 4860
f 5789 5790 4860
f 4860 5790 5758
f 5751 5791 5649
f 5791 5792 5649
f 5649 5792 5793
f 5793 5794 5649
f 5794 5795 5649
f 5649 5795 5654
f 5795 5796 5654
f 5654 5796 5728
f 4863 4862 5651
f 4862 5797 5651
f 5651 5797 5798
f 5799 5800 4863
f 5800 5801 4863
f 5801 5802 4863
f 4863 5802 4861
f 5803 5804 4863
f 5804 5805 4863
f 5806 5807 4863
f 5807 5808 4863
f 4863 5808 5809
f 5809 5810 4863
f 5810 5811 4863
f 4863 5811 5803
f 5805 5812 4863
f 5812 5813 4863
f 4863 5813 5799
f 5651 5814 5815
f 5816 5650 5817
f 5650 5818 5817
f 5798 5819 5651
f 5819 5820 5651
f 5651 5820 5821
f 5821 5822 5651
f 5822 5823 5651
f 5651 5823 5824
f 5825 5826 5651
f 5826 5827 5651
f 5651 5827 5814
f 5815 5828 5651
f 5828 5829 5651
f 5651 5829 5650
f 5829 5830 5650
f 5650 5830 5818
f 5831 5832 5650
f 5832 5833 5650
f 5650 5833 5834
f 5835 5836 4860
f 5836 5837 4860
f 4860 5837 5838
f 5824 5839 5651
f 5839 5840 5651
f 5651 5840 5825
f 5816 5841 5650
f 5841 5842 5650
f 5650 5842 5843
f 5834 5844 5650
f 5844 5845 5650
f 5650 5845 5846
f 4860 5847 4863
f 5847 5848 4863
f 4863 5848 5806
f 5843 5849 5650
f 5849 5850 5650
f 5650 5850 5831
f 5838 5851 4860
f 5851 5852 4860
f 4860 5852 5853
f 5853 5854 4860
f 5854 5855 4860
f 4860 5855 5856
f 5856 5857 4860
f 5857 5858 4860
f 4860 5858 5847
f 5846 5859 5650
f 5859 5860 5650
f 5650 5860 4860
f 5860 5861 4860
f 5861 5862 4860
f 5862 5863 4860
f 4860 5863 5864
f 5864 5865 4860
f 5865 5866 4860
f 4860 5866 5835
f 5867 5868 5869
f 5868 4957 5869
f 5869 4957 3974
f 4957 3976 3974
f 5870 5871 5651
f 5871 5872 5651
f 5651 5872 5873
f 5874 5875 5869
f 5873 5876 5651
f 5876 5877 5651
f 5651 5877 5878
f 5878 5879 5651
f 5879 5880 5651
f 5651 5880 5881
f 5882 4863 5883
f 4863 5651 5883
f 5883 5651 5884
f 5651 5881 5884
f 5875 5885 5869
f 5885 5886 5869
f 5869 5886 5867
f 5868 5887 4957
f 5887 5888 4957
f 4957 5888 5889
f 5890 5891 5869
f 5892 5893 5869
f 5893 5894 5869
f 5889 5895 4957
f 5895 5896 4957
f 4957 5896 5897
f 5897 5898 4957
f 5898 5899 4957
f 4957 5899 5900
f 5901 5902 5651
f 5902 5903 5651
f 5651 5903 5870
f 5891 5904 5869
f 5904 5905 5869
f 5869 5905 5892
f 5894 5906 5869
f 5906 5907 5869
f 5869 5907 5874
f 5908 5909 4863
f 5910 5911 5869
f 5911 5912 5869
f 5869 5912 5890
f 1995 4957 5651
f 4957 5913 5651
f 5651 5913 5914
f 5914 5915 5651
f 5915 5916 5651
f 5651 5916 5901
f 5909 5917 4863
f 5917 5918 4863
f 4863 5918 5919
f 5919 5920 4863
f 5920 5921 4863
f 4863 5921 5922
f 5900 5923 4957
f 5923 5924 4957
f 4957 5924 5925
f 5925 5926 4957
f 5926 5927 4957
f 4957 5927 5928
f 5928 5929 4957
f 5929 5930 4957
f 4957 5930 5913
f 5882 5931 4863
f 5931 5932 4863
f 4863 5932 5933
f 4863 5934 5869
f 5934 5935 5869
f 5869 5935 5910
f 5933 5936 4863
f 5936 5937 4863
f 4863 5937 5908
f 5922 5938 4863
f 5938 5939 4863
f 4863 5939 5934
f 5940 5941 5654
f 5941 5942 5654
f 5943 5944 5654
f 5944 5945 5654
f 5946 5947 5654
f 5947 5948 5654
f 5654 5948 5940
f 5949 5950 582
f 5950 5951 582
f 582 5951 584
f 5951 5952 584
f 596 594 5952
f 594 592 5952
f 5952 592 590
f 590 588 5952
f 588 586 5952
f 5952 586 584
f 5945 5953 5654
f 5953 5954 5654
f 5654 5954 5946
f 5942 5955 5654
f 5955 5956 5654
f 5654 5956 5957
f 5958 5959 598
f 644 642 5654
f 5957 5960 5654
f 5960 5961 5654
f 5654 5961 5962
f 4964 5963 5964
f 668 666 5965
f 666 664 5965
f 652 650 5965
f 650 648 5965
f 5965 648 5654
f 648 646 5654
f 5654 646 644
f 626 5654 628
f 5654 630 628
f 624 5966 626
f 5966 5967 626
f 5967 5968 626
f 5968 5969 626
f 626 5969 5970
f 5962 5971 5654
f 5971 5972 5654
f 5654 5972 4964
f 5972 5973 4964
f 4964 5973 5963
f 704 702 4963
f 702 700 4963
f 4963 700 698
f 664 662 5965
f 662 660 5965
f 5965 660 658
f 658 656 5965
f 656 654 5965
f 5965 654 652
f 5958 598 5974
f 642 640 5654
f 640 638 5654
f 5654 638 636
f 5970 5975 626
f 5975 5976 626
f 626 5976 5977
f 698 696 4963
f 696 694 4963
f 4963 694 692
f 680 5965 682
f 5965 684 682
f 680 678 5965
f 678 676 5965
f 5965 676 674
f 674 672 5965
f 672 670 5965
f 5965 670 668
f 596 5952 598
f 5952 5978 598
f 598 5978 5974
f 608 606 5959
f 606 604 5959
f 636 634 5654
f 634 632 5654
f 5654 632 630
f 624 622 5966
f 622 620 5966
f 5966 620 5979
f 620 618 5979
f 5979 618 5980
f 5977 5981 626
f 5981 5982 626
f 626 5982 5983
f 5964 5984 4964
f 5984 5985 4964
f 4964 5985 5986
f 5986 5987 4964
f 5987 5988 4964
f 4964 5988 5989
f 692 690 4963
f 690 688 4963
f 4963 688 5965
f 688 686 5965
f 5965 686 684
f 604 602 5959
f 602 600 5959
f 5959 600 598
f 5989 5990 4964
f 5990 5991 4964
f 4964 5991 5992
f 5992 5993 4964
f 5993 5994 4964
f 4964 5994 5995
f 720 718 4963
f 718 716 4963
f 5980 618 5996
f 618 616 5996
f 5996 616 5997
f 616 614 5997
f 5997 614 5998
f 5983 5999 626
f 5999 6000 626
f 626 6000 5654
f 6000 6001 5654
f 5654 6001 5943
f 716 714 4963
f 714 712 4963
f 4963 712 710
f 710 708 4963
f 708 706 4963
f 4963 706 704
f 5998 614 6002
f 614 612 6002
f 6002 612 5959
f 612 610 5959
f 5959 610 608
f 6003 6004 724
f 6004 6005 724
f 724 6005 6006
f 5995 6007 4964
f 6007 6008 4964
f 4964 6008 6009
f 6006 6010 724
f 6010 6011 724
f 724 6011 582
f 6011 6012 582
f 582 6012 5949
f 6009 6003 4964
f 6003 724 4964
f 4964 724 4963
f 724 722 4963
f 4963 722 720
f 990 988 5965
f 4860 6013 938
f 6013 940 938
f 938 936 4860
f 936 934 4860
f 4860 934 932
f 4859 6014 4860
f 6014 6015 4860
f 4860 6015 6016
f 6016 6017 4860
f 6017 6018 4860
f 4860 6018 6019
f 6020 6021 888
f 932 930 4860
f 930 928 4860
f 4860 928 926
f 926 924 4860
f 924 922 4860
f 4860 922 920
f 6019 6022 4860
f 6022 6023 4860
f 4860 6023 6024
f 6025 6026 5965
f 6026 6027 5965
f 5965 6027 6028
f 946 944 6013
f 944 942 6013
f 6013 942 940
f 6021 6029 888
f 6029 6030 888
f 888 6030 890
f 6030 892 890
f 920 6031 6032
f 6032 6033 920
f 6033 6034 920
f 920 6034 6035
f 6024 6036 4860
f 6036 6037 4860
f 4860 6037 6038
f 6038 6039 4860
f 6039 6040 4860
f 4860 6040 6041
f 6041 6042 4860
f 6042 6043 4860
f 4860 6043 5654
f 6043 6044 5654
f 6028 884 882
f 996 994 5965
f 994 992 5965
f 5965 992 990
f 6035 6045 920
f 6045 6046 920
f 920 6046 6047
f 6044 6048 5654
f 6048 6049 5654
f 5654 6049 6050
f 6051 6052 5965
f 6020 888 6028
f 888 886 6028
f 6028 886 884
f 988 986 5965
f 986 984 5965
f 5965 984 982
f 970 6013 972
f 6013 974 972
f 970 968 6013
f 968 966 6013
f 6013 966 964
f 964 962 6013
f 962 960 6013
f 6013 960 958
f 958 956 6013
f 956 954 6013
f 6013 954 952
f 902 900 6030
f 900 898 6030
f 6047 6053 920
f 6053 6054 920
f 920 6054 6055
f 6050 6056 5654
f 6056 6057 5654
f 5654 6057 6058
f 6059 5654 6060
f 5654 6061 6060
f 6059 6062 5654
f 6062 6063 5654
f 5654 6063 6064
f 6051 5965 6065
f 6052 6066 5965
f 6066 6067 5965
f 5965 6067 6068
f 6068 6069 5965
f 6069 6070 5965
f 5965 6070 6025
f 872 1014 5965
f 982 980 5965
f 980 978 5965
f 5965 978 6013
f 978 976 6013
f 6013 976 974
f 952 950 6013
f 950 948 6013
f 6013 948 946
f 920 918 6031
f 918 916 6031
f 6031 916 914
f 898 896 6030
f 896 894 6030
f 6030 894 892
f 6055 6071 920
f 6071 6072 920
f 920 6072 4860
f 6072 6073 4860
f 4860 6073 4858
f 6058 6074 5654
f 6074 6075 5654
f 5654 6075 6061
f 872 5965 874
f 1014 1012 5965
f 1012 1010 5965
f 5965 1010 1008
f 6064 6076 5654
f 6076 6077 5654
f 5654 6077 6078
f 6078 6079 5654
f 6079 6080 5654
f 5654 6080 5965
f 6080 6081 5965
f 5965 6081 6065
f 882 880 6028
f 880 878 6028
f 6028 878 5965
f 878 876 5965
f 5965 876 874
f 1008 1006 5965
f 1006 1004 5965
f 5965 1004 1002
f 1002 1000 5965
f 1000 998 5965
f 5965 998 996
f 908 906 6030
f 906 904 6030
f 6030 904 902
f 914 912 6031
f 912 910 6031
f 6031 910 6082
f 910 908 6082
f 6082 908 6083
f 908 6030 6083
f 6084 4863 6085
f 4863 6086 6085
f 2102 2100 4857
f 2100 2098 4857
f 4857 2098 4863
f 2098 2096 4863
f 4863 2096 2094
f 2094 2092 4863
f 2092 2090 4863
f 4863 2090 2088
f 6084 6087 4863
f 6087 6088 4863
f 4863 6088 6089
f 6090 6091 2088
f 6092 6093 2058
f 6091 6094 2088
f 6094 6095 2088
f 2088 6095 4863
f 6095 6096 4863
f 4863 6096 6086
f 6097 6098 2088
f 6098 6099 2088
f 2088 6099 6090
f 6100 6101 2054
f 2084 2082 6102
f 2082 2080 6102
f 6102 2080 2078
f 6093 6103 2058
f 6103 6104 2058
f 2058 6104 2060
f 6104 2062 2060
f 2118 2116 4857
f 2116 2114 4857
f 2114 2112 4857
f 4857 2112 2110
f 2110 2108 4857
f 2108 2106 4857
f 4857 2106 2104
f 6092 2058 6101
f 2058 2056 6101
f 6101 2056 2054
f 6097 2088 6102
f 2088 2086 6102
f 6102 2086 2084
f 2052 6105 2054
f 6105 6106 2054
f 2054 6106 6100
f 2078 2076 6102
f 2076 2074 6102
f 6102 2074 6107
f 2074 2072 6107
f 6107 2072 6104
f 2072 2070 6104
f 6104 2070 2068
f 2068 2066 6104
f 2066 2064 6104
f 6104 2064 2062
f 6089 6108 4863
f 6108 6109 4863
f 4863 6109 6110
f 4863 6111 6112
f 6113 6114 6013
f 6013 2156 2154
f 2154 2152 6013
f 2152 2150 6013
f 6013 2150 2148
f 2124 2122 4857
f 2122 2120 4857
f 4857 2120 2118
f 6110 6115 4863
f 6115 6116 4863
f 4863 6116 6111
f 6112 6117 4863
f 6117 6118 4863
f 4863 6118 6119
f 6119 6120 4863
f 6120 6121 4863
f 4863 6121 4860
f 6121 6122 4860
f 6123 4860 6124
f 4860 6125 6124
f 6113 6013 6126
f 6114 6127 6013
f 6127 6128 6013
f 6013 6128 6129
f 6013 2164 2162
f 6122 6130 4860
f 6130 6131 4860
f 4860 6131 6132
f 2034 2032 6013
f 2162 2160 6013
f 2160 2158 6013
f 6013 2158 2156
f 6132 6133 4860
f 6133 6134 4860
f 4860 6134 6135
f 6136 6137 6013
f 6137 6138 6013
f 6013 6138 6126
f 6129 6139 6013
f 6139 6140 6013
f 6013 6140 6141
f 2134 2132 4857
f 2132 2130 4857
f 6135 6142 4860
f 6142 6143 4860
f 4860 6143 6125
f 6123 6144 4860
f 6144 6145 4860
f 4860 6145 6146
f 2130 2128 4857
f 2128 2126 4857
f 4857 2126 2124
f 6141 6147 2048
f 6147 6148 2048
f 2048 2046 6141
f 2046 2044 6141
f 6141 2044 2042
f 2042 2040 6141
f 2040 2038 6141
f 6141 2038 6013
f 2038 2036 6013
f 6013 2036 2034
f 2032 2174 6013
f 2174 2172 6013
f 6013 2172 2170
f 2148 2146 6013
f 2146 2144 6013
f 6013 2144 2142
f 2142 2140 6013
f 2140 2138 6013
f 6013 2138 4857
f 2138 2136 4857
f 4857 2136 2134
f 6146 6149 4860
f 6149 6150 4860
f 4860 6150 6151
f 2052 2050 6105
f 2050 2048 6105
f 6105 2048 6152
f 2048 6148 6152
f 2170 2168 6013
f 2168 2166 6013
f 6013 2166 2164
f 6151 6153 4860
f 6153 6154 4860
f 4860 6154 6013
f 6154 6155 6013
f 6013 6155 6136
f 5869 6156 6157
f 1532 1530 4950
f 1530 1528 4950
f 1528 1526 4950
f 4950 1526 1524
f 1524 1522 4950
f 1522 5869 4950
f 4950 5869 4954
f 5869 3974 4954
f 1522 1520 5869
f 1520 1518 5869
f 5869 1518 6156
f 1518 6158 6156
f 1594 1592 4857
f 1592 1590 4857
f 4857 1590 1588
f 1588 1586 4857
f 1586 1584 4857
f 4857 1584 1582
f 4857 1576 1574
f 6159 6160 4863
f 6160 6161 4863
f 4863 6161 6162
f 6162 6163 4863
f 6163 6164 4863
f 4863 6164 4857
f 6164 6165 4857
f 4857 6165 6166
f 1582 1580 4857
f 1580 1578 4857
f 4857 1578 1576
f 1538 1536 4950
f 1536 1534 4950
f 4950 1534 1532
f 6157 6167 5869
f 6167 6168 5869
f 5869 6168 6169
f 6169 6170 5869
f 6170 6171 5869
f 5869 6171 6172
f 1472 1470 6166
f 1470 1468 6166
f 1468 1466 6166
f 6166 1466 1464
f 1464 1462 6166
f 1462 1460 6166
f 6166 1460 1458
f 1458 1456 6166
f 1456 1454 6166
f 6166 1454 4857
f 1454 1452 4857
f 4857 1452 1594
f 1574 1572 4857
f 1572 1570 4857
f 4857 1570 1568
f 6172 6173 5869
f 6173 6174 5869
f 5869 6174 6175
f 6176 6177 4863
f 6178 4863 6179
f 4863 6180 6179
f 6178 6181 4863
f 6181 6182 4863
f 4863 6182 6159
f 6183 1518 6184
f 1518 6185 6184
f 6183 6186 1518
f 6186 6187 1518
f 1518 6187 6158
f 1544 1542 4950
f 1542 1540 4950
f 4950 1540 1538
f 6177 6188 4863
f 6188 6189 4863
f 4863 6189 6180
f 6175 6190 5869
f 6190 6191 5869
f 5869 6191 6192
f 1518 1516 6185
f 1516 1514 6185
f 6185 1514 1512
f 6193 6194 1496
f 6194 6195 1496
f 1512 1510 6185
f 1510 1508 6185
f 6185 1508 1506
f 6196 6197 1496
f 6197 6198 1496
f 1496 6198 6193
f 1554 1552 4950
f 1552 1550 4950
f 6199 6200 4863
f 6200 6201 4863
f 4863 6201 6176
f 1506 1504 6185
f 1504 1502 6185
f 6185 1502 1500
f 1494 6202 1496
f 6202 6203 1496
f 1496 6203 6196
f 1568 1566 4857
f 1566 1564 4857
f 4857 1564 1562
f 1550 1548 4950
f 1548 1546 4950
f 4950 1546 1544
f 6192 6204 5869
f 6204 6205 5869
f 5869 6205 6206
f 6206 6207 5869
f 6207 6208 5869
f 5869 6208 4863
f 6208 6209 4863
f 4863 6209 6199
f 6195 6210 1496
f 6210 6185 1496
f 1496 6185 1498
f 6185 1500 1498
f 6211 6212 1474
f 6212 6213 1474
f 1474 6213 6214
f 6215 6216 1474
f 1494 1492 6202
f 1492 1490 6202
f 6202 1490 6217
f 1490 1488 6217
f 6217 1488 6218
f 1562 1560 4857
f 1560 1558 4857
f 4857 1558 4950
f 1558 1556 4950
f 4950 1556 1554
f 6216 6219 1474
f 6219 6220 1474
f 1474 6220 6211
f 1472 6166 1474
f 6166 6221 1474
f 1474 6221 6215
f 6214 6222 1474
f 6222 6223 1474
f 1474 6223 1476
f 6223 1478 1476
f 6218 1488 6224
f 1488 1486 6224
f 6224 1486 6225
f 1486 1484 6225
f 6225 1484 6226
f 6226 1484 6227
f 1484 1482 6227
f 6227 1482 6223
f 1482 1480 6223
f 6223 1480 1478
f 529 527 6228
f 527 525 6228
f 6228 525 523
f 535 6228 537
f 6228 539 537
f 535 533 6228
f 533 531 6228
f 6228 531 529
f 489 487 5965
f 469 467 4963
f 467 465 4963
f 4963 465 463
f 523 521 6228
f 521 519 6228
f 6228 519 517
f 463 461 4963
f 461 459 4963
f 4963 459 457
f 575 573 4967
f 573 571 4967
f 561 4967 563
f 4967 565 563
f 561 559 4967
f 559 557 4967
f 4967 557 555
f 4967 543 6228
f 543 541 6228
f 6228 541 539
f 517 515 6228
f 515 513 6228
f 6228 513 511
f 5965 503 501
f 501 499 5965
f 499 497 5965
f 5965 497 495
f 495 493 5965
f 493 491 5965
f 5965 491 489
f 481 479 5965
f 479 477 5965
f 457 455 4963
f 455 453 4963
f 4963 453 451
f 451 449 4963
f 449 447 4963
f 4963 447 445
f 571 569 4967
f 569 567 4967
f 4967 567 565
f 555 553 4967
f 553 551 4967
f 4967 551 549
f 511 509 6228
f 509 507 6228
f 6228 507 5965
f 507 505 5965
f 5965 505 503
f 477 475 5965
f 475 473 5965
f 5965 473 4963
f 473 471 4963
f 4963 471 469
f 445 443 4963
f 443 441 4963
f 4963 441 439
f 549 547 4967
f 547 545 4967
f 4967 545 543
f 487 485 5965
f 485 483 5965
f 5965 483 481
f 439 437 4963
f 437 579 4963
f 4963 579 4967
f 579 577 4967
f 4967 577 575
f 6229 6230 6013
f 6230 6231 6013
f 6013 6231 6232
f 6233 6234 6229
f 6234 6235 6229
f 6232 6236 6013
f 6236 6237 6013
f 6013 6237 6238
f 6013 6239 6240
f 6235 6241 6229
f 6241 6242 6229
f 6229 6242 6243
f 6238 6244 6013
f 6244 6245 6013
f 6013 6245 6239
f 6240 6246 6013
f 6246 6247 6013
f 6013 6247 6248
f 6249 5965 6250
f 5965 6251 6250
f 6252 6253 6229
f 6253 6254 6229
f 6229 6254 6255
f 6255 6256 6229
f 6256 6257 6229
f 6229 6257 6233
f 6243 6258 6229
f 6258 6259 6229
f 6229 6259 6260
f 6260 6261 6229
f 6261 6262 6229
f 6229 6262 6230
f 6248 6263 6013
f 6263 6264 6013
f 6013 6264 6265
f 6265 6266 6013
f 6266 6267 6013
f 6013 6267 5965
f 6267 6268 5965
f 5965 6268 6251
f 6269 6270 6228
f 6270 6271 6228
f 6228 6271 6272
f 6272 6273 6228
f 6273 6274 6228
f 6228 6274 6229
f 6274 6275 6229
f 6229 6275 6252
f 6249 6276 5965
f 6276 6277 5965
f 5965 6277 6278
f 6278 6279 5965
f 6279 6280 5965
f 5965 6280 6281
f 6282 6283 6228
f 6281 6284 5965
f 6284 6285 5965
f 5965 6285 6286
f 6287 6288 6228
f 6288 6289 6228
f 6228 6289 6290
f 6290 6291 6228
f 6291 6292 6228
f 6228 6292 6269
f 6282 6228 6293
f 6283 6294 6228
f 6294 6295 6228
f 6228 6295 6287
f 6286 6296 5965
f 6296 6297 5965
f 5965 6297 6298
f 6298 6299 5965
f 6299 6300 5965
f 5965 6300 6228
f 6300 6301 6228
f 6228 6301 6293
f 4856 4855 4857
f 6302 6303 4856
f 6303 6304 4856
f 6304 6305 4856
f 4856 6305 6306
f 4855 6307 4857
f 6307 6308 4857
f 4857 6308 6309
f 6309 6310 4857
f 6310 6311 4857
f 4857 6311 6312
f 6312 6313 4857
f 6313 6314 4857
f 4857 6314 6315
f 6306 6316 4856
f 6316 6317 4856
f 4856 6317 6318
f 6318 6319 4856
f 6319 6320 4856
f 4856 6320 4854
f 6321 4856 6322
f 4856 6323 6322
f 6321 6324 4856
f 6324 6325 4856
f 4856 6325 6302
f 6315 6326 4857
f 6326 6327 4857
f 4857 6327 6328
f 6329 6013 6330
f 6013 6331 6330
f 6229 6332 4856
f 6332 6333 4856
f 4856 6333 6323
f 6328 6334 4857
f 6334 6335 4857
f 4857 6335 6336
f 6336 6337 4857
f 6337 6338 4857
f 4857 6338 6013
f 6338 6339 6013
f 6013 6339 6331
f 6229 6340 6341
f 6342 6343 6229
f 6343 6344 6229
f 6329 6345 6013
f 6345 6346 6013
f 6013 6346 6347
f 6013 6348 6349
f 6350 6351 6013
f 6351 6352 6013
f 6341 6353 6229
f 6353 6354 6229
f 6229 6354 6342
f 6344 6355 6229
f 6355 6356 6229
f 6229 6356 6357
f 6357 6358 6229
f 6358 6359 6229
f 6229 6359 6332
f 6349 6360 6013
f 6360 6361 6013
f 6013 6361 6350
f 6347 6362 6013
f 6362 6363 6013
f 6013 6363 6348
f 6352 6364 6013
f 6364 6365 6013
f 6013 6365 6229
f 6365 6366 6229
f 6366 6367 6229
f 6367 6368 6229
f 6229 6368 6369
f 6369 6370 6229
f 6370 6371 6229
f 6229 6371 6340
f 2908 2906 4857
f 2970 4950 2972
f 4950 6372 2972
f 2972 6372 2974
f 4856 3042 3040
f 2906 2904 4857
f 2904 2902 4857
f 4857 2902 4856
f 2902 3044 4856
f 4856 3044 3042
f 3040 3038 4856
f 3038 3036 4856
f 4856 3036 3034
f 3034 3032 4856
f 3032 3030 4856
f 4856 3030 3028
f 2994 2992 6372
f 2970 2968 4950
f 2968 2966 4950
f 4950 2966 2964
f 2964 2962 4950
f 2962 2960 4950
f 4950 2960 2958
f 3028 3026 4856
f 3026 3024 4856
f 4856 3024 3022
f 2992 2990 6372
f 2990 2988 6372
f 6372 2988 2986
f 2932 2930 4857
f 2914 4857 2916
f 4857 2918 2916
f 2914 2912 4857
f 2912 2910 4857
f 4857 2910 2908
f 3006 3004 6372
f 3004 3002 6372
f 6372 3002 3000
f 3000 2998 6372
f 2998 2996 6372
f 6372 2996 2994
f 2986 2984 6372
f 2984 2982 6372
f 6372 2982 2980
f 2980 2978 6372
f 2978 2976 6372
f 6372 2976 2974
f 2924 2922 4857
f 2922 2920 4857
f 4857 2920 2918
f 3022 3020 4856
f 3020 3018 4856
f 4856 3018 3016
f 2930 2928 4857
f 2928 2926 4857
f 4857 2926 2924
f 4856 3010 6372
f 3010 3008 6372
f 6372 3008 3006
f 2958 2956 4950
f 2956 2954 4950
f 4950 2954 2952
f 3016 3014 4856
f 3014 3012 4856
f 4856 3012 3010
f 2952 2950 4950
f 2950 2948 4950
f 4950 2948 2946
f 2946 2944 4950
f 2944 2942 4950
f 4950 2942 2940
f 2940 2938 4950
f 2938 2936 4950
f 4950 2936 4857
f 2936 2934 4857
f 4857 2934 2932
f 6373 6374 6375
f 6374 6376 6375
f 6375 6376 6377
f 6378 6379 6375
f 6380 6381 4942
f 6381 6382 4942
f 4942 6382 6383
f 6383 6384 4942
f 6384 6385 4942
f 4942 6385 6386
f 6386 6387 4942
f 6387 6388 4942
f 4942 6388 6389
f 6379 6390 6375
f 6390 6391 6375
f 6375 6391 6373
f 6377 6392 6375
f 6392 6393 6375
f 6375 6393 6394
f 6394 6395 6375
f 6395 6396 6375
f 6375 6396 4942
f 6396 6397 4942
f 4942 6397 6380
f 6398 6399 6375
f 6399 6400 6375
f 6375 6400 6378
f 6401 6402 4950
f 6402 6403 4950
f 4950 6403 6404
f 6405 6406 6372
f 6406 6407 6372
f 6372 6407 6408
f 6409 6410 6372
f 6411 6412 6372
f 6412 6413 6372
f 6372 6413 6414
f 6389 6415 4942
f 6415 6416 4942
f 4942 6416 6417
f 6404 6418 4950
f 6418 6419 4950
f 4950 6419 6420
f 6410 6421 6372
f 6421 6422 6372
f 6372 6422 6405
f 6408 6423 6372
f 6423 6424 6372
f 6372 6424 6411
f 6414 6425 6372
f 6425 6426 6372
f 6372 6426 6427
f 6417 6428 4942
f 6428 6429 4942
f 4942 6429 6430
f 6420 6431 4950
f 6431 6432 4950
f 4950 6432 6372
f 6432 6433 6372
f 6372 6433 6409
f 6434 6435 4950
f 6435 6436 4950
f 4950 6436 6437
f 6438 6439 4950
f 6439 6440 4950
f 4950 6440 6401
f 6430 6441 4942
f 6441 6442 4942
f 4942 6442 4950
f 6442 6443 4950
f 4950 6443 6434
f 6437 6444 4950
f 6444 6445 4950
f 4950 6445 6438
f 5012 4985 4970
f 4985 4967 4970
f 4970 4967 6446
f 4967 6447 6446
f 6446 6447 5042
f 384 382 6448
f 382 380 6448
f 398 396 6448
f 396 394 6448
f 394 392 6448
f 6448 392 390
f 390 388 6448
f 388 386 6448
f 6448 386 384
f 344 342 6228
f 324 322 4967
f 322 320 4967
f 4967 320 318
f 380 378 6448
f 378 376 6448
f 6448 376 374
f 318 316 4967
f 316 314 4967
f 4967 314 312
f 430 428 6447
f 428 426 6447
f 6447 420 418
f 418 416 6447
f 416 414 6447
f 6447 414 412
f 412 410 6447
f 410 408 6447
f 6447 408 406
f 374 372 6448
f 372 370 6448
f 6448 370 368
f 362 6228 364
f 6228 6448 364
f 364 6448 366
f 6448 368 366
f 362 360 6228
f 360 358 6228
f 6228 358 356
f 356 354 6228
f 354 352 6228
f 6228 352 350
f 350 348 6228
f 348 346 6228
f 6228 346 344
f 336 334 6228
f 334 332 6228
f 312 310 4967
f 310 308 4967
f 4967 308 306
f 306 304 4967
f 304 302 4967
f 4967 302 300
f 426 424 6447
f 424 422 6447
f 6447 422 420
f 332 330 6228
f 330 328 6228
f 6228 328 4967
f 328 326 4967
f 4967 326 324
f 300 298 4967
f 298 296 4967
f 4967 296 294
f 406 404 6447
f 404 402 6447
f 6447 402 400
f 342 340 6228
f 340 338 6228
f 6228 338 336
f 294 292 4967
f 292 434 4967
f 4967 434 6447
f 434 432 6447
f 6447 432 430
f 6449 6450 6229
f 6451 6452 6453
f 6452 6454 6453
f 6450 6455 6229
f 6455 6456 6229
f 6229 6456 6457
f 6229 6458 6459
f 6454 6460 6453
f 6460 6461 6453
f 6453 6461 6462
f 6457 6463 6229
f 6463 6464 6229
f 6229 6464 6458
f 6459 6465 6229
f 6465 6466 6229
f 6229 6466 6467
f 6468 6228 6469
f 6228 6470 6469
f 6471 6472 6453
f 6472 6473 6453
f 6453 6473 6474
f 6474 6475 6453
f 6475 6476 6453
f 6453 6476 6451
f 6462 6477 6453
f 6477 6478 6453
f 6453 6478 6479
f 6479 6480 6453
f 6480 6481 6453
f 6453 6481 6229
f 6481 6482 6229
f 6229 6482 6449
f 6467 6483 6229
f 6483 6484 6229
f 6229 6484 6485
f 6485 6486 6229
f 6486 6487 6229
f 6229 6487 6228
f 6487 6488 6228
f 6228 6488 6470
f 6489 6490 6448
f 6490 6491 6448
f 6448 6491 6492
f 6492 6493 6448
f 6493 6494 6448
f 6448 6494 6453
f 6494 6495 6453
f 6453 6495 6471
f 6468 6496 6228
f 6496 6497 6228
f 6228 6497 6498
f 6498 6499 6228
f 6499 6500 6228
f 6228 6500 6501
f 6502 6503 6448
f 6501 6504 6228
f 6504 6505 6228
f 6228 6505 6506
f 6507 6508 6448
f 6508 6509 6448
f 6448 6509 6510
f 6510 6511 6448
f 6511 6512 6448
f 6448 6512 6489
f 6502 6448 6513
f 6503 6514 6448
f 6514 6515 6448
f 6448 6515 6507
f 6506 6516 6228
f 6516 6517 6228
f 6228 6517 6518
f 6518 6519 6228
f 6519 6520 6228
f 6228 6520 6448
f 6520 6521 6448
f 6448 6521 6513
f 3552 4856 3554
f 4856 6522 3554
f 3574 3572 6522
f 3572 3570 6522
f 3570 3568 6522
f 6522 3568 3566
f 3552 3550 4856
f 3550 3548 4856
f 4856 3548 3546
f 3546 3544 4856
f 3544 3542 4856
f 4856 3542 3540
f 3540 3538 4856
f 3538 3536 4856
f 4856 3536 3534
f 3566 3564 6522
f 3564 3562 6522
f 6522 3562 3560
f 3560 3558 6522
f 3558 3556 6522
f 6522 3556 3554
f 3580 6522 3582
f 6522 3584 3582
f 3580 3578 6522
f 3578 3576 6522
f 6522 3576 3574
f 3534 3532 4856
f 3532 3530 4856
f 4856 3530 3528
f 3510 6229 3512
f 6229 3514 3512
f 6453 3588 6522
f 3588 3586 6522
f 6522 3586 3584
f 3528 3526 4856
f 3526 3524 4856
f 4856 3524 3522
f 3522 3520 4856
f 3520 3518 4856
f 4856 3518 6229
f 3518 3516 6229
f 6229 3516 3514
f 6453 3612 3610
f 3604 3602 6453
f 3602 3600 6453
f 3510 3508 6229
f 3508 3506 6229
f 6229 3506 3504
f 6229 3498 3496
f 3490 3488 6229
f 3488 3486 6229
f 3610 3608 6453
f 3608 3606 6453
f 6453 3606 3604
f 3600 3598 6453
f 3598 3596 6453
f 6453 3596 3594
f 3594 3592 6453
f 3592 3590 6453
f 6453 3590 3588
f 3496 3494 6229
f 3494 3492 6229
f 6229 3492 3490
f 3504 3502 6229
f 3502 3500 6229
f 6229 3500 3498
f 3486 3484 6229
f 3484 3482 6229
f 6229 3482 6453
f 3482 3624 6453
f 3624 3622 6453
f 3622 3620 6453
f 6453 3620 3618
f 3618 3616 6453
f 3616 3614 6453
f 6453 3614 3612
f 3053 3051 4856
f 3051 3049 4856
f 3115 6372 3117
f 6372 6523 3117
f 3117 6523 3119
f 3049 3047 4856
f 3047 3189 4856
f 4856 3189 6522
f 3189 3187 6522
f 6522 3187 3185
f 3185 3183 6522
f 3183 3181 6522
f 6522 3181 3179
f 3179 3177 6522
f 3177 3175 6522
f 6522 3175 3173
f 3139 3137 6523
f 3115 3113 6372
f 3113 3111 6372
f 6372 3111 3109
f 3109 3107 6372
f 3107 3105 6372
f 6372 3105 3103
f 3173 3171 6522
f 3171 3169 6522
f 6522 3169 3167
f 3137 3135 6523
f 3135 3133 6523
f 6523 3133 3131
f 3077 3075 4856
f 3059 4856 3061
f 4856 3063 3061
f 3059 3057 4856
f 3057 3055 4856
f 4856 3055 3053
f 3151 3149 6523
f 3149 3147 6523
f 6523 3147 3145
f 3145 3143 6523
f 3143 3141 6523
f 6523 3141 3139
f 3131 3129 6523
f 3129 3127 6523
f 6523 3127 3125
f 3125 3123 6523
f 3123 3121 6523
f 6523 3121 3119
f 3069 3067 4856
f 3067 3065 4856
f 4856 3065 3063
f 3167 3165 6522
f 3165 3163 6522
f 6522 3163 3161
f 3075 3073 4856
f 3073 3071 4856
f 4856 3071 3069
f 6522 3155 6523
f 3155 3153 6523
f 6523 3153 3151
f 3103 3101 6372
f 3101 3099 6372
f 6372 3099 3097
f 3161 3159 6522
f 3159 3157 6522
f 6522 3157 3155
f 3097 3095 6372
f 3095 3093 6372
f 6372 3093 3091
f 3091 3089 6372
f 3089 3087 6372
f 6372 3087 3085
f 3085 3083 6372
f 3083 3081 6372
f 6372 3081 4856
f 3081 3079 4856
f 4856 3079 3077
f 187 185 6448
f 233 231 6524
f 231 229 6524
f 6524 229 227
f 241 239 6524
f 213 211 6448
f 249 247 6524
f 239 237 6524
f 237 235 6524
f 6524 235 233
f 227 225 6524
f 225 223 6524
f 6524 223 221
f 221 219 6524
f 219 217 6524
f 6524 217 6448
f 217 215 6448
f 6448 215 213
f 267 265 5039
f 265 263 5039
f 263 261 5039
f 261 259 5039
f 5039 259 257
f 247 245 6524
f 245 243 6524
f 6524 243 241
f 199 197 6448
f 197 195 6448
f 6448 195 193
f 193 191 6448
f 191 189 6448
f 6448 189 187
f 185 183 6448
f 183 6447 6448
f 6448 6447 398
f 6447 400 398
f 183 181 6447
f 181 179 6447
f 6447 179 177
f 177 175 6447
f 175 173 6447
f 6447 173 171
f 257 255 5039
f 255 253 5039
f 5039 253 6524
f 253 251 6524
f 6524 251 249
f 211 209 6448
f 209 207 6448
f 6448 207 205
f 205 203 6448
f 203 201 6448
f 6448 201 199
f 171 169 6447
f 169 167 6447
f 6447 167 165
f 165 163 6447
f 163 161 6447
f 6447 161 159
f 5039 275 273
f 289 287 5039
f 273 271 5039
f 271 269 5039
f 5039 269 267
f 159 157 6447
f 157 155 6447
f 6447 155 153
f 153 151 6447
f 151 149 6447
f 6447 149 147
f 147 289 6447
f 289 5039 6447
f 6447 5039 5042
f 5039 4743 5042
f 5042 4743 4741
f 287 285 5039
f 285 283 5039
f 5039 283 281
f 281 279 5039
f 279 277 5039
f 5039 277 275
f 6525 6526 6453
f 6527 6528 6529
f 6528 6530 6529
f 6526 6531 6453
f 6531 6532 6453
f 6453 6532 6533
f 6534 6535 6524
f 6530 6536 6529
f 6536 6537 6529
f 6529 6537 6538
f 6539 6540 6529
f 6540 6541 6529
f 6529 6541 6542
f 6542 6543 6529
f 6543 6544 6529
f 6529 6544 6527
f 6538 6545 6529
f 6545 6546 6529
f 6529 6546 6453
f 6547 6548 6524
f 6535 6549 6524
f 6549 6550 6524
f 6524 6550 6551
f 6551 6552 6524
f 6552 6553 6524
f 6524 6553 6529
f 6553 6554 6529
f 6529 6554 6555
f 6546 6556 6453
f 6556 6557 6453
f 6453 6557 6558
f 6559 6560 6453
f 6560 6561 6453
f 6453 6561 6525
f 6562 6448 6563
f 6448 6453 6563
f 6563 6453 6564
f 6453 6533 6564
f 6562 6565 6448
f 6565 6566 6448
f 6448 6566 6567
f 6548 6568 6524
f 6568 6569 6524
f 6524 6569 6534
f 6555 6570 6529
f 6570 6571 6529
f 6529 6571 6539
f 6558 6572 6453
f 6572 6573 6453
f 6453 6573 6574
f 6574 6575 6453
f 6575 6576 6453
f 6453 6576 6559
f 6567 6577 6448
f 6577 6578 6448
f 6448 6578 6579
f 6579 6580 6448
f 6580 6581 6448
f 6448 6581 6582
f 6582 6583 6448
f 6583 6584 6448
f 6448 6584 6585
f 6585 6586 6448
f 6586 6587 6448
f 6448 6587 6588
f 6588 6589 6448
f 6589 6590 6448
f 6448 6590 6524
f 6590 6591 6524
f 6524 6591 6592
f 6592 6593 6524
f 6593 6594 6524
f 6524 6594 6595
f 6595 6596 6524
f 6596 6597 6524
f 6524 6597 6547
f 3675 3673 6522
f 3713 3711 6598
f 3673 3671 6522
f 3671 3669 6522
f 6522 3669 3667
f 6598 3699 6522
f 3699 3697 6522
f 6522 3697 3695
f 6522 3683 3681
f 3751 3749 6529
f 3743 3741 6529
f 3741 3739 6529
f 6529 3739 3737
f 3729 3727 6598
f 3727 3725 6598
f 3725 3723 6598
f 3723 3721 6598
f 6598 3721 3719
f 3719 3717 6598
f 3717 3715 6598
f 6598 3715 3713
f 3711 3709 6598
f 3709 3707 6598
f 6598 3707 3705
f 3705 3703 6598
f 3703 3701 6598
f 6598 3701 3699
f 3695 3693 6522
f 3693 3691 6522
f 6522 3691 3689
f 3681 3679 6522
f 3679 3677 6522
f 6522 3677 3675
f 3749 3747 6529
f 3747 3745 6529
f 6529 3745 3743
f 3689 3687 6522
f 3687 3685 6522
f 6522 3685 3683
f 3737 3735 6529
f 3735 3733 6529
f 6529 3733 6598
f 3733 3731 6598
f 6598 3731 3729
f 3667 3665 6522
f 3665 3663 6522
f 6522 3663 6453
f 3663 3661 6453
f 6453 3661 3659
f 3659 3657 6453
f 3657 3655 6453
f 6453 3655 3653
f 3643 6453 3645
f 6453 3647 3645
f 3653 3651 6453
f 3651 3649 6453
f 6453 3649 3647
f 3643 3641 6453
f 3641 3639 6453
f 6453 3639 3637
f 3761 3759 6529
f 3759 3757 6529
f 3637 3635 6453
f 3635 3633 6453
f 6453 3633 3631
f 3757 3755 6529
f 3755 3753 6529
f 6529 3753 3751
f 3631 3629 6453
f 3629 3627 6453
f 6453 3627 6529
f 3627 3769 6529
f 6529 3769 3767
f 3767 3765 6529
f 3765 3763 6529
f 6529 3763 3761
f 3232 3230 6523
f 6523 4868 3262
f 4868 3264 3262
f 4868 3278 3276
f 3276 3274 4868
f 3274 3272 4868
f 4868 3272 3270
f 3270 3268 4868
f 3268 3266 4868
f 4868 3266 3264
f 3222 3220 6522
f 3220 3218 6522
f 3262 3260 6523
f 3260 3258 6523
f 6523 3258 3256
f 3244 3242 6523
f 3242 3240 6523
f 6523 3240 3238
f 3218 3216 6522
f 3216 3214 6522
f 6522 3214 3212
f 3206 3204 6522
f 3204 3202 6522
f 6522 3202 3200
f 3200 3198 6522
f 3198 3196 6522
f 6522 3196 3194
f 3290 3288 4868
f 3288 3286 4868
f 4868 3286 3284
f 3284 3282 4868
f 3282 3280 4868
f 4868 3280 3278
f 3256 3254 6523
f 3254 3252 6523
f 6523 3252 3250
f 3250 3248 6523
f 3248 3246 6523
f 6523 3246 3244
f 3238 3236 6523
f 3236 3234 6523
f 6523 3234 3232
f 3230 3228 6523
f 3228 3226 6523
f 6523 3226 6522
f 3226 3224 6522
f 6522 3224 3222
f 3212 3210 6522
f 3210 3208 6522
f 6522 3208 3206
f 3194 3192 6522
f 3192 3334 6522
f 6522 3334 6598
f 3334 3332 6598
f 6598 3332 3330
f 3330 3328 6598
f 3328 3326 6598
f 6598 3326 3324
f 3324 3322 6598
f 3322 3320 6598
f 6598 3320 3318
f 3318 3316 6598
f 3316 3314 6598
f 6598 3314 3312
f 3300 3298 4868
f 3298 3296 4868
f 3312 3310 6598
f 3310 3308 6598
f 6598 3308 3306
f 3306 3304 6598
f 3304 3302 6598
f 6598 3302 3300
f 3296 3294 4868
f 3294 3292 4868
f 4868 3292 3290
f 6427 6398 6372
f 6398 6375 6372
f 6372 6375 6523
f 6375 6599 6523
f 6523 6599 4868
f 6599 4877 4868
f 4868 4877 4866
f 4877 4884 4866
f 4941 6600 4942
f 6600 6601 4942
f 4942 6601 6375
f 6601 6602 6375
f 6375 6602 6599
f 6602 6603 6599
f 6599 6603 4877
f 6603 6604 4877
f 4877 6604 4663
f 6604 4640 4663
f 4663 4640 4661
f 4640 4659 4661
f 96 94 6605
f 94 92 6605
f 6605 92 90
f 104 102 6605
f 28 26 5039
f 26 24 5039
f 5039 24 22
f 22 20 5039
f 20 18 5039
f 5039 18 16
f 122 120 5040
f 120 118 5040
f 118 116 5040
f 116 114 5040
f 5040 114 112
f 102 100 6605
f 100 98 6605
f 6605 98 96
f 90 88 6605
f 88 86 6605
f 6605 86 84
f 84 82 6605
f 82 80 6605
f 6605 80 78
f 34 32 5039
f 32 30 5039
f 5039 30 28
f 5040 130 128
f 112 110 5040
f 110 108 5040
f 5040 108 6605
f 108 106 6605
f 6605 106 104
f 72 6524 74
f 6524 6605 74
f 74 6605 76
f 6605 78 76
f 42 40 6524
f 40 38 6524
f 6524 38 5039
f 38 36 5039
f 5039 36 34
f 128 126 5040
f 126 124 5040
f 5040 124 122
f 16 14 5039
f 14 12 5039
f 5039 12 10
f 10 8 5039
f 8 6 5039
f 5039 6 4
f 72 70 6524
f 70 68 6524
f 6524 68 66
f 142 5040 144
f 5040 5039 144
f 144 5039 2
f 5039 4 2
f 142 140 5040
f 140 138 5040
f 5040 138 136
f 54 52 6524
f 52 50 6524
f 6524 50 48
f 48 46 6524
f 46 44 6524
f 6524 44 42
f 136 134 5040
f 134 132 5040
f 5040 132 130
f 66 64 6524
f 64 62 6524
f 6524 62 60
f 60 58 6524
f 58 56 6524
f 6524 56 54
f 6606 6607 6524
f 6608 6609 6605
f 6609 6610 6605
f 6611 6612 6529
f 6613 6614 6524
f 6614 6615 6524
f 6524 6615 6606
f 6607 6616 6524
f 6616 6617 6524
f 6524 6617 6618
f 6612 6619 6529
f 6619 6620 6529
f 6529 6620 6621
f 6610 6622 6605
f 6622 6623 6605
f 6605 6623 6624
f 6625 6626 6627
f 6626 6628 6627
f 6628 6629 6627
f 6629 6630 6627
f 6627 6630 6631
f 6621 6632 6529
f 6632 6633 6529
f 6529 6633 6524
f 6633 6634 6524
f 6524 6634 6613
f 6618 6635 6524
f 6635 6636 6524
f 6524 6636 6637
f 6624 6638 6605
f 6638 6639 6605
f 6605 6639 6640
f 6640 6641 6605
f 6641 6642 6605
f 6605 6642 6627
f 6642 6643 6627
f 6627 6643 6644
f 6637 6645 6524
f 6645 6646 6524
f 6524 6646 6647
f 6644 6648 6627
f 6648 6649 6627
f 6627 6649 6625
f 6631 6650 6627
f 6650 6651 6627
f 6627 6651 6652
f 6652 6653 6627
f 6653 6654 6627
f 6627 6654 6655
f 6529 6656 6657
f 6658 6659 6529
f 6659 6660 6529
f 6529 6660 6611
f 6647 6661 6524
f 6661 6662 6524
f 6524 6662 6663
f 6655 6664 6627
f 6664 6665 6627
f 6627 6665 6529
f 6665 6666 6529
f 6529 6666 6656
f 6657 6667 6529
f 6667 6668 6529
f 6529 6668 6669
f 6669 6670 6529
f 6670 6671 6529
f 6529 6671 6658
f 6605 6672 6673
f 6663 6674 6524
f 6674 6675 6524
f 6524 6675 6605
f 6675 6676 6605
f 6605 6676 6672
f 6673 6677 6605
f 6677 6678 6605
f 6605 6678 6608
f 3820 3818 6598
f 3870 3868 6679
f 3798 3796 6529
f 6679 3844 6598
f 3844 3842 6598
f 6598 3842 3840
f 6598 3828 3826
f 3840 3838 6598
f 3838 3836 6598
f 6598 3836 3834
f 3826 3824 6598
f 3824 3822 6598
f 6598 3822 3820
f 3804 3802 6529
f 3802 3800 6529
f 6529 3800 3798
f 3868 3866 6679
f 3866 3864 6679
f 6679 3864 3862
f 3834 3832 6598
f 3832 3830 6598
f 6598 3830 3828
f 3818 3816 6598
f 3816 3814 6598
f 6598 3814 3812
f 3812 3810 6598
f 3810 3808 6598
f 6598 3808 6529
f 3808 3806 6529
f 6529 3806 3804
f 3796 3794 6529
f 3794 3792 6529
f 6529 3792 3790
f 3896 3894 6627
f 3894 3892 6627
f 6627 3892 3890
f 3862 3860 6679
f 3860 3858 6679
f 6679 3858 3856
f 6627 3878 6679
f 3878 3876 6679
f 3876 3874 6679
f 3874 3872 6679
f 6679 3872 3870
f 3856 3854 6679
f 3854 3852 6679
f 6679 3852 3850
f 3850 3848 6679
f 3848 3846 6679
f 6679 3846 3844
f 3790 3788 6529
f 3788 3786 6529
f 6529 3786 3784
f 3890 3888 6627
f 3888 3886 6627
f 6627 3886 3884
f 3884 3882 6627
f 3882 3880 6627
f 6627 3880 3878
f 3908 3906 6627
f 3906 3904 6627
f 6627 3904 3902
f 3784 3782 6529
f 3782 3780 6529
f 6529 3780 3778
f 3778 3776 6529
f 3776 3774 6529
f 6529 3774 3772
f 3902 3900 6627
f 3900 3898 6627
f 6627 3898 3896
f 3772 3914 6529
f 3914 3912 6529
f 6529 3912 6627
f 3912 3910 6627
f 6627 3910 3908
f 3339 3337 6598
f 4931 4936 4868
f 4936 4874 4868
f 4868 4874 3407
f 4874 3409 3407
f 4874 3423 3421
f 3407 3405 4868
f 3405 3403 4868
f 4868 3403 3401
f 3421 3419 4874
f 3419 3417 4874
f 4874 3417 3415
f 3415 3413 4874
f 3413 3411 4874
f 4874 3411 3409
f 3401 3399 4868
f 3399 3397 4868
f 4868 3397 3395
f 3300 4868 6598
f 4868 3371 6598
f 6598 3371 3369
f 3369 3367 6598
f 3367 3365 6598
f 6598 3365 3363
f 3435 3433 4874
f 3433 3431 4874
f 4874 3431 3429
f 3429 3427 4874
f 3427 3425 4874
f 4874 3425 3423
f 3377 3375 4868
f 3375 3373 4868
f 4868 3373 3371
f 3363 3361 6598
f 3361 3359 6598
f 6598 3359 3357
f 3357 3355 6598
f 3355 3353 6598
f 6598 3353 3351
f 3351 3349 6598
f 3349 3347 6598
f 6598 3347 3345
f 3345 3343 6598
f 3343 3341 6598
f 6598 3341 3339
f 3337 3479 6598
f 3479 3477 6598
f 6598 3477 6679
f 3477 3475 6679
f 6679 3475 3473
f 3473 3471 6679
f 3471 3469 6679
f 6679 3469 3467
f 3467 3465 6679
f 3465 3463 6679
f 6679 3463 3461
f 3395 3393 4868
f 3393 3391 4868
f 4868 3391 3389
f 3389 3387 4868
f 3387 3385 4868
f 4868 3385 3383
f 3461 3459 6679
f 3459 3457 6679
f 6679 3457 3455
f 3383 3381 4868
f 3381 3379 4868
f 4868 3379 3377
f 3455 3453 6679
f 3453 3451 6679
f 6679 3451 3449
f 3449 3447 6679
f 3447 3445 6679
f 6679 3445 4874
f 3445 3443 4874
f 4874 3443 3441
f 3441 3439 4874
f 3439 3437 4874
f 4874 3437 3435
f 6680 5003 6681
f 5003 5002 6681
f 6681 5002 6682
f 5002 5001 6682
f 6682 5001 6683
f 5001 5000 6683
f 6683 5000 6684
f 5000 4999 6684
f 6684 4999 6685
f 4999 4998 6685
f 6685 4998 6686
f 4998 4997 6686
f 6686 4997 6687
f 4997 4994 6687
f 6687 4994 6688
f 4994 4995 6688
f 6688 4995 6689
f 4995 4996 6689
f 6689 4996 6690
f 4996 5038 6690
f 6690 5038 6691
f 5038 5037 6691
f 6691 5037 6692
f 5037 5036 6692
f 6692 5036 6693
f 5036 5035 6693
f 6693 5035 6694
f 5035 5034 6694
f 6694 5034 6695
f 5034 5033 6695
f 6695 5033 6696
f 5033 5032 6696
f 6696 5032 6697
f 5032 5031 6697
f 6697 5031 6698
f 5031 5030 6698
f 6698 5030 6699
f 5030 5029 6699
f 6699 5029 6700
f 5029 5028 6700
f 6700 5028 6701
f 5028 5027 6701
f 6701 5027 6702
f 5027 5024 6702
f 6702 5024 6703
f 5024 5023 6703
f 6703 5023 6704
f 5023 5022 6704
f 6704 5022 6705
f 5022 4991 6705
f 6705 4991 6706
f 4991 4992 6706
f 6706 4992 6707
f 4992 4993 6707
f 6707 4993 6708
f 4993 5026 6708
f 6708 5026 6709
f 5026 5025 6709
f 6709 5025 6710
f 5025 5021 6710
f 6710 5021 6711
f 5021 5020 6711
f 6711 5020 6712
f 5020 5019 6712
f 6712 5019 6713
f 5019 4984 6713
f 6713 4984 6714
f 4984 4983 6714
f 6714 4983 6715
f 4983 5018 6715
f 6715 5018 6716
f 5018 5017 6716
f 6716 5017 6717
f 5017 5016 6717
f 6717 5016 6718
f 5016 5015 6718
f 6718 5015 6719
f 5015 5014 6719
f 6719 5014 6720
f 5014 5013 6720
f 6720 5013 6721
f 5013 4990 6721
f 6721 4990 6722
f 4990 4989 6722
f 6722 4989 6723
f 4989 4988 6723
f 6723 4988 6724
f 4988 4982 6724
f 6724 4982 6725
f 4982 4981 6725
f 6725 4981 6726
f 4981 4980 6726
f 6726 4980 6727
f 4980 4979 6727
f 6727 4979 6728
f 4979 4978 6728
f 6728 4978 6729
f 4978 4977 6729
f 6729 4977 6730
f 4977 4976 6730
f 6730 4976 6731
f 4976 4975 6731
f 6731 4975 6732
f 4975 4974 6732
f 6732 4974 6733
f 4974 4966 6733
f 6733 4966 6734
f 4966 4965 6734
f 6734 4965 6735
f 4965 4987 6735
f 6735 4987 6736
f 4987 4986 6736
f 6736 4986 6737
f 4986 4985 6737
f 6737 4985 6738
f 4985 5012 6738
f 6738 5012 6739
f 5012 5011 6739
f 6739 5011 6740
f 5011 5010 6740
f 6740 5010 6741
f 5010 5009 6741
f 6741 5009 6742
f 5009 5008 6742
f 6742 5008 6743
f 5008 5007 6743
f 6743 5007 6744
f 5007 4971 6744
f 6744 4971 6745
f 4971 4969 6745
f 6745 4969 6746
f 4969 4968 6746
f 6746 4968 6747
f 4968 5006 6747
f 6747 5006 6748
f 5006 5005 6748
f 6748 5005 6749
f 5005 5004 6749
f 6749 5004 6750
f 5004 4973 6750
f 6750 4973 6751
f 4973 4972 6751
f 6751 4972 6680
f 4972 5003 6680
f 5043 6752 5042
f 6752 6753 5042
f 5042 6753 6446
f 6446 6753 4970
f 6753 4693 4970
f 4970 4693 4692
f 5041 5040 6754
f 5040 6605 6754
f 6754 6605 6755
f 6605 6627 6755
f 6627 6679 6755
f 6755 6679 4676
f 6679 4874 4676
f 4676 4874 4677
f 6756 6757 6758
f 3957 3955 6759
f 6753 6733 6734
f 6734 6735 6753
f 6735 6736 6753
f 6753 6736 6737
f 6748 6749 4693
f 6749 6750 4693
f 4689 6683 4687
f 6683 6684 4687
f 4687 6684 4685
f 6753 6740 6741
f 6750 6751 4693
f 6751 6680 4693
f 4693 6680 4691
f 6680 6681 4691
f 4691 6681 4689
f 6681 6682 4689
f 4689 6682 6683
f 6705 6760 6704
f 6760 6703 6704
f 6737 6738 6753
f 6738 6739 6753
f 6753 6739 6740
f 6741 6742 6753
f 6742 6743 6753
f 6753 6743 6744
f 6744 6745 6753
f 6745 6746 6753
f 6753 6746 4693
f 6746 6747 4693
f 4693 6747 6748
f 6684 6685 4685
f 6685 6686 4685
f 4685 6686 4683
f 6686 6687 4683
f 4683 6687 4681
f 6687 6688 4681
f 4681 6688 4678
f 6722 6723 6761
f 6723 6724 6761
f 6724 6725 6761
f 6761 6725 6726
f 6726 6727 6761
f 6727 6728 6761
f 6761 6728 6729
f 6729 6730 6761
f 6730 6731 6761
f 6761 6731 6753
f 6731 6732 6753
f 6753 6732 6733
f 6717 6718 6761
f 6718 6719 6761
f 6697 6698 4708
f 6698 6699 4708
f 6699 6700 4708
f 6700 6701 4708
f 4708 6701 6760
f 6701 6702 6760
f 6760 6702 6703
f 6719 6720 6761
f 6720 6721 6761
f 6761 6721 6722
f 6705 6706 6760
f 6706 6707 6760
f 6760 6707 6708
f 6697 4708 6696
f 4708 4694 6696
f 6696 4694 6695
f 4694 4696 6695
f 6695 4696 6694
f 4696 4698 6694
f 4698 4700 6694
f 6694 4700 6693
f 4700 4702 6693
f 6693 4702 6692
f 4702 4704 6692
f 6692 4704 6691
f 4704 4706 6691
f 6691 4706 6690
f 4706 4678 6690
f 6690 4678 6689
f 4678 6688 6689
f 6713 6760 6712
f 6760 6711 6712
f 6713 6714 6760
f 6714 6715 6760
f 6760 6715 6761
f 6715 6716 6761
f 6761 6716 6717
f 6708 6709 6760
f 6709 6710 6760
f 6760 6710 6711
f 4535 4533 4708
f 4627 4625 4319
f 4625 4623 4319
f 4635 4322 4637
f 4322 4639 4637
f 4635 4633 4322
f 4633 4631 4322
f 4322 4631 4319
f 4631 4629 4319
f 4319 4629 4627
f 4623 4621 4319
f 4621 4619 4319
f 4319 4619 4617
f 4611 4609 4319
f 4609 4607 4319
f 4319 4607 4605
f 4599 6762 4601
f 6762 4319 4601
f 4601 4319 4603
f 4319 4605 4603
f 4599 4597 6762
f 4597 4595 6762
f 6762 4595 4593
f 4535 4708 4537
f 4325 4351 4519
f 4617 4615 4319
f 4615 4613 4319
f 4319 4613 4611
f 4555 4553 6760
f 4553 4551 6760
f 4551 4549 6760
f 4549 4547 6760
f 6760 4547 4545
f 4545 4543 6760
f 4543 4541 6760
f 6760 4541 4708
f 4541 4539 4708
f 4708 4539 4537
f 4527 4525 4343
f 4533 4531 4708
f 4531 4529 4708
f 4708 4529 4339
f 4529 4527 4339
f 4339 4527 4341
f 4527 4343 4341
f 4519 4351 4521
f 4351 4349 4521
f 4521 4349 4523
f 4349 4347 4523
f 4523 4347 4525
f 4347 4345 4525
f 4525 4345 4343
f 4519 4517 4325
f 4517 4515 4325
f 4325 4515 4326
f 4515 4513 4326
f 4326 4513 4328
f 4513 4511 4328
f 4328 4511 4330
f 4334 4501 4336
f 4501 4499 4336
f 4336 4499 4322
f 4499 4497 4322
f 4322 4497 4639
f 4593 4591 6762
f 4591 4589 6762
f 6762 4589 4587
f 6762 4575 4573
f 4565 4563 6760
f 4563 4561 6760
f 4511 4509 4330
f 4509 4507 4330
f 4330 4507 4332
f 4507 4505 4332
f 4332 4505 4334
f 4505 4503 4334
f 4334 4503 4501
f 4587 4585 6762
f 4585 4583 6762
f 6762 4583 4581
f 4573 4571 6762
f 4571 4569 6762
f 6762 4569 6760
f 4569 4567 6760
f 6760 4567 4565
f 4561 4559 6760
f 4559 4557 6760
f 6760 4557 4555
f 4581 4579 6762
f 4579 4577 6762
f 6762 4577 4575
f 4281 4353 4495
f 4473 4471 4311
f 4471 4469 4311
f 4311 4469 4467
f 4467 4465 4311
f 4465 4463 4311
f 4311 4463 4461
f 4491 4287 4493
f 4287 4285 4493
f 4493 4285 4495
f 4285 4283 4495
f 4495 4283 4281
f 4461 4459 4311
f 4459 4457 4311
f 4311 4457 4313
f 4457 4455 4313
f 4313 4455 4453
f 4391 4389 4319
f 4485 4295 4487
f 4295 4293 4487
f 4487 4293 4489
f 4293 4291 4489
f 4489 4291 4491
f 4291 4289 4491
f 4491 4289 4287
f 4481 4301 4483
f 4301 4299 4483
f 4483 4299 4485
f 4299 4297 4485
f 4485 4297 4295
f 4473 4311 4475
f 4311 4309 4475
f 4475 4309 4477
f 4309 4307 4477
f 4477 4307 4479
f 4307 4305 4479
f 4479 4305 4481
f 4305 4303 4481
f 4481 4303 4301
f 4403 4401 6762
f 4401 4399 6762
f 4389 4387 4319
f 4387 4385 4319
f 4319 4385 4383
f 4399 4397 6762
f 4397 4395 6762
f 6762 4395 4319
f 4395 4393 4319
f 4319 4393 4391
f 4383 4381 4319
f 4381 4379 4319
f 4319 4379 4377
f 4377 4375 4319
f 4375 4373 4319
f 4319 4373 4371
f 4371 4369 4319
f 4369 4367 4319
f 4319 4367 4276
f 4367 4365 4276
f 4365 4363 4276
f 4363 4361 4276
f 4276 4361 4359
f 4281 4279 4353
f 4279 4277 4353
f 4353 4277 4355
f 4277 4276 4355
f 4355 4276 4357
f 4276 4359 4357
f 4453 4451 4313
f 4451 4449 4313
f 4313 4449 4447
f 4313 4441 4439
f 4427 4425 4313
f 4417 4415 6762
f 4409 4407 6762
f 4407 4405 6762
f 6762 4405 4403
f 4447 4445 4313
f 4445 4443 4313
f 4313 4443 4441
f 4415 4413 6762
f 4413 4411 6762
f 6762 4411 4409
f 4439 4437 4313
f 4437 4435 4313
f 4313 4435 4433
f 4433 4431 4313
f 4431 4429 4313
f 4313 4429 4427
f 4425 4423 4313
f 4423 4421 4313
f 4313 4421 6762
f 4421 4419 6762
f 6762 4419 4417
f 4085 4087 4313
f 4011 4013 6759
f 3953 4095 4097
f 4097 4099 3953
f 4099 4101 3953
f 3953 4101 4103
f 4073 4075 4313
f 4075 4077 4313
f 4313 4077 4079
f 4087 4089 4313
f 4089 4091 4313
f 4313 4091 3953
f 4091 4093 3953
f 3953 4093 4095
f 4013 4015 6759
f 4015 4017 6759
f 6759 4017 4019
f 4079 4081 4313
f 4081 4083 4313
f 4313 4083 4085
f 3939 4129 3987
f 4019 4021 6759
f 4021 4023 6759
f 6759 4023 4025
f 4057 4059 4313
f 4059 4061 4313
f 4033 4035 6762
f 4035 4037 6762
f 4037 4039 6762
f 4039 4041 6762
f 6762 4041 4043
f 4043 4045 6762
f 4045 4047 6762
f 6762 4047 4049
f 4061 4063 4313
f 4063 4065 4313
f 4313 4065 4067
f 4067 4069 4313
f 4069 4071 4313
f 4313 4071 4073
f 4103 4105 3953
f 4105 4107 3953
f 3953 4107 3951
f 4107 4109 3951
f 3951 4109 3949
f 4109 4111 3949
f 3949 4111 3947
f 4111 4113 3947
f 3947 4113 3945
f 4113 4115 3945
f 3945 4115 3943
f 4115 4117 3943
f 3943 4117 3941
f 4121 4123 3939
f 4049 4051 6762
f 4051 4053 6762
f 6762 4053 4313
f 4053 4055 4313
f 4313 4055 4057
f 3941 4117 3939
f 4117 4119 3939
f 3939 4119 4121
f 4123 4125 3939
f 4125 4127 3939
f 3939 4127 4129
f 4005 6759 4003
f 6759 4001 4003
f 4025 4027 6759
f 4027 4029 6759
f 6759 4029 6762
f 4029 4031 6762
f 6762 4031 4033
f 4005 4007 6759
f 4007 4009 6759
f 6759 4009 4011
f 3995 3997 6759
f 3997 3999 6759
f 6759 3999 4001
f 3987 3989 3939
f 3989 3991 3939
f 3939 3991 6759
f 3991 3993 6759
f 6759 3993 3995
f 3933 3935 3925
f 3919 3921 3939
f 3921 3923 3939
f 3923 3925 3939
f 3939 3925 3937
f 3925 3935 3937
f 6759 3955 3939
f 3955 3916 3939
f 3939 3916 3919
f 3927 3929 3925
f 3929 3931 3925
f 3925 3931 3933
f 3959 3962 3972
f 3962 3964 3972
f 3972 3964 3970
f 3964 3966 3970
f 3970 3966 3968
f 4235 4237 6759
f 4237 4239 6759
f 6759 4239 4241
f 4227 6762 4225
f 6762 4223 4225
f 4227 4229 6762
f 4229 4231 6762
f 6762 4231 6759
f 4231 4233 6759
f 6759 4233 4235
f 4253 4255 6759
f 4205 4207 6762
f 4207 4209 6762
f 6762 4209 4211
f 4211 4213 6762
f 4213 4215 6762
f 6762 4215 4217
f 4217 4219 6762
f 4219 4221 6762
f 6762 4221 4223
f 4241 4243 6759
f 4243 4245 6759
f 6759 4245 4247
f 4255 4257 6759
f 4257 4259 6759
f 6759 4259 4261
f 4131 4133 3985
f 4145 4147 3985
f 4147 4149 3985
f 4177 4179 6760
f 4179 4181 6760
f 6760 4181 4183
f 4195 4197 6760
f 4247 4249 6759
f 4249 4251 6759
f 6759 4251 4253
f 3972 3957 3959
f 3957 6759 3959
f 3959 6759 3985
f 6759 4273 3985
f 3985 4273 4131
f 4165 4167 6763
f 4167 4169 6763
f 4261 4263 6759
f 4263 4265 6759
f 6759 4265 4267
f 4169 4171 6763
f 4171 4173 6763
f 6763 4173 6760
f 4173 4175 6760
f 6760 4175 4177
f 4197 4199 6760
f 4199 4201 6760
f 6760 4201 6762
f 4201 4203 6762
f 6762 4203 4205
f 4267 4269 6759
f 4269 4271 6759
f 6759 4271 4273
f 4133 4135 3985
f 4135 4137 3985
f 3985 4137 4139
f 4139 4141 3985
f 4141 4143 3985
f 3985 4143 4145
f 4183 4185 6760
f 4185 4187 6760
f 6760 4187 4189
f 4165 6763 4163
f 6763 3973 4163
f 4163 3973 4161
f 3973 3975 4161
f 4161 3975 4159
f 4189 4191 6760
f 4191 4193 6760
f 6760 4193 4195
f 4149 4151 3985
f 4151 4153 3985
f 3985 4153 3983
f 4153 4155 3983
f 3983 4155 3981
f 4155 4157 3981
f 3981 4157 3979
f 4157 4159 3979
f 3979 4159 3977
f 4159 3975 3977
f 6764 6765 6757
f 6766 6767 6758
f 6768 6769 6760
f 6765 6770 6757
f 6770 6771 6757
f 6757 6771 6772
f 6773 6758 6774
f 6758 6775 6774
f 6773 6776 6758
f 6776 6777 6758
f 6758 6777 6778
f 6779 6780 6758
f 6778 6781 6758
f 6781 6782 6758
f 6758 6782 6783
f 6783 6784 6758
f 6784 6785 6758
f 6758 6785 6766
f 6769 6786 6760
f 6786 6787 6760
f 6760 6787 6788
f 6789 6790 6757
f 6790 6791 6757
f 6757 6791 6758
f 6791 6792 6758
f 6758 6792 6779
f 6780 6793 6758
f 6793 6794 6758
f 6758 6794 6775
f 6795 6796 6761
f 6796 6797 6761
f 6798 6799 6761
f 6799 6800 6761
f 6761 6800 6801
f 6801 6802 6761
f 6802 6803 6761
f 6761 6803 6804
f 6772 6805 6757
f 6805 6806 6757
f 6757 6806 6807
f 6807 6808 6757
f 6808 6809 6757
f 6757 6809 6789
f 6767 6810 6758
f 6810 6811 6758
f 6758 6811 6761
f 6811 6812 6761
f 6761 6812 6795
f 6797 6813 6761
f 6813 6814 6761
f 6761 6814 6798
f 6804 6815 6761
f 6815 6816 6761
f 6761 6816 6760
f 6816 6817 6760
f 6760 6817 6768
f 6788 6818 6760
f 6818 6819 6760
f 6760 6819 6820
f 6820 6821 6760
f 6821 6822 6760
f 6760 6822 6823
f 6824 6825 6826
f 6827 6763 6828
f 6763 6760 6828
f 6828 6760 6829
f 6760 6823 6829
f 6827 6830 6763
f 6830 6831 6763
f 6763 6831 6832
f 6832 6833 6763
f 6833 6834 6763
f 6763 6834 6835
f 6834 6824 6835
f 6835 6824 6836
f 6824 6826 6836
f 6764 6757 6837
f 6757 6838 6837
f 6837 6838 6839
f 6838 6840 6839
f 6839 6840 6825
f 6840 6841 6825
f 6825 6841 6826
f 6842 6843 6756
f 6758 6844 6845
f 6758 6845 6756
f 6845 6846 6756
f 6756 6846 6847
f 6847 6848 6756
f 6848 6849 6756
f 6756 6849 6842
f 4660 4658 4641
f 6844 6758 4641
f 6758 4662 4641
f 4641 4662 4660
f 4654 4646 4644
f 4652 4650 4654
f 4650 4648 4654
f 4654 4648 4646
f 4658 4656 4641
f 4656 4654 4641
f 4641 4654 4642
f 4654 4644 4642
f 6850 6851 6761
f 6852 6853 4666
f 6854 6758 6855
f 6758 6856 6855
f 6851 6857 6761
f 6857 6858 6761
f 6761 6858 6758
f 6858 6859 6758
f 6758 6859 6856
f 6860 6861 6862
f 6861 6863 6862
f 6860 6864 6861
f 6864 6865 6861
f 6861 6865 6866
f 6866 6867 6861
f 6867 6868 6861
f 6861 6868 6869
f 6870 6871 6861
f 6871 6872 6861
f 6861 6872 6761
f 6872 6873 6761
f 6761 6873 6874
f 6875 6876 6761
f 6876 6877 6761
f 6761 6877 6850
f 6854 6878 6758
f 6878 6879 6758
f 6758 6879 6880
f 6880 6881 6758
f 6881 6882 6758
f 6758 6882 6883
f 6758 6884 6885
f 6869 6886 6861
f 6886 6887 6861
f 6861 6887 6888
f 6874 6889 6761
f 6889 6890 6761
f 6761 6890 6875
f 6883 6891 6758
f 6891 6892 6758
f 6758 6892 6884
f 6885 6893 6758
f 6893 6894 6758
f 6758 6894 6895
f 6896 4662 6897
f 4662 6898 6897
f 6861 6899 6900
f 6901 4666 6902
f 4666 6903 6902
f 6888 6904 6861
f 6904 6905 6861
f 6861 6905 6899
f 6900 6906 6861
f 6906 6907 6861
f 6861 6907 6870
f 6895 6908 6758
f 6908 6909 6758
f 6758 6909 4662
f 6909 6910 4662
f 4662 6910 6898
f 6896 6911 4662
f 6911 6912 4662
f 4662 6912 6913
f 6901 6914 4666
f 6914 6915 4666
f 4666 6915 6916
f 6916 6917 4666
f 6917 6918 4666
f 4666 6918 6852
f 6913 6919 4662
f 6919 6920 4662
f 4662 6920 4664
f 6920 6921 4664
f 4664 6921 4666
f 6921 6922 4666
f 4666 6922 6903
f 6853 6863 4666
f 6863 6861 4666
f 4666 6861 4676
f 4676 4674 4666
f 4674 4672 4666
f 4666 4672 4668
f 4672 4670 4668
f 6923 6924 6925
f 6924 6926 6925
f 6924 6927 6926
f 6927 6754 6926
f 6926 6754 6861
f 6754 6755 6861
f 6861 6755 4676
f 4744 4746 6753
f 4756 4758 6761
f 6926 4818 4820
f 4712 6752 6928
f 4756 6761 4754
f 4712 6928 4710
f 4726 4728 6753
f 4728 4730 6753
f 6753 4730 4732
f 4732 4734 6753
f 4734 4736 6753
f 6753 4736 4738
f 4738 4740 6753
f 4740 4742 6753
f 6753 4742 4744
f 6928 6929 4710
f 6929 6930 4710
f 4710 6930 4852
f 6930 6931 4852
f 4852 6931 4850
f 4712 4714 6752
f 4714 4716 6752
f 6752 4716 4718
f 6926 4832 4834
f 4718 4720 6752
f 4720 4722 6752
f 6752 4722 6753
f 4722 4724 6753
f 6753 4724 4726
f 4746 4748 6753
f 4748 4750 6753
f 6753 4750 6761
f 4750 4752 6761
f 6761 4752 4754
f 4804 6861 4802
f 6861 4800 4802
f 4804 4806 6861
f 4806 4808 6861
f 6861 4808 4810
f 4820 4822 6926
f 4822 4824 6926
f 6926 4824 4826
f 4810 4812 6861
f 4812 4814 6861
f 6861 4814 6926
f 4814 4816 6926
f 6926 4816 4818
f 4826 4828 6926
f 4828 4830 6926
f 6926 4830 4832
f 6931 6932 4850
f 6932 6933 4850
f 4850 6933 4848
f 6933 6934 4848
f 4848 6934 4846
f 6934 6935 4846
f 4846 6935 4844
f 4834 4836 6926
f 4836 4838 6926
f 6926 4838 6936
f 4838 4840 6936
f 6936 4840 6937
f 4840 4842 6937
f 6937 4842 6938
f 4842 4844 6938
f 6938 4844 6939
f 4844 6935 6939
f 4758 4760 6761
f 4760 4762 6761
f 6761 4762 4764
f 4784 4786 6861
f 4786 4788 6861
f 4794 4796 6861
f 4796 4798 6861
f 6861 4798 4800
f 4788 4790 6861
f 4790 4792 6861
f 6861 4792 4794
f 4764 4766 6761
f 4766 4768 6761
f 6761 4768 4770
f 4778 4780 6861
f 4780 4782 6861
f 6861 4782 4784
f 4770 4772 6761
f 4772 4774 6761
f 6761 4774 6861
f 4774 4776 6861
f 6861 4776 4778
f 6752 5043 5044
f 6752 5044 6928
f 5044 5046 6928
f 6928 5046 6929
f 5046 5045 6929
f 6929 5045 6930
f 5045 5049 6930
f 6930 5049 6931
f 5049 5048 6931
f 6931 5048 6932
f 5048 5047 6932
f 6932 5047 6933
f 5047 5053 6933
f 6933 5053 6934
f 5053 5052 6934
f 6934 5052 6935
f 5052 5051 6935
f 6935 5051 6939
f 5051 5050 6939
f 6939 5050 6938
f 5050 5056 6938
f 6938 5056 6937
f 5056 5055 6937
f 6937 5055 6936
f 5055 5054 6936
f 6936 5054 6926
f 5054 5060 6926
f 6926 5060 6925
f 5060 5059 6925
f 6925 5059 6923
f 5059 5058 6923
f 6923 5058 6924
f 5058 5057 6924
f 6924 5057 6927
f 5057 5041 6927
f 6927 5041 6754
f 6380 6790 6381
f 6790 6789 6381
f 6381 6789 6382
f 6789 6809 6382
f 6382 6809 6383
f 6809 6808 6383
f 6383 6808 6384
f 6808 6807 6384
f 6384 6807 6385
f 6807 6806 6385
f 6385 6806 6386
f 6806 6805 6386
f 6386 6805 6387
f 6805 6772 6387
f 6387 6772 6388
f 6772 6771 6388
f 6388 6771 6389
f 6771 6770 6389
f 6389 6770 6415
f 6770 6765 6415
f 6415 6765 6416
f 6765 6764 6416
f 6416 6764 6417
f 6764 6837 6417
f 6417 6837 6428
f 6837 6839 6428
f 6428 6839 6429
f 6839 6825 6429
f 6429 6825 6430
f 6825 6824 6430
f 6430 6824 6441
f 6824 6834 6441
f 6441 6834 6442
f 6834 6833 6442
f 6442 6833 6443
f 6833 6832 6443
f 6443 6832 6434
f 6832 6831 6434
f 6434 6831 6435
f 6831 6830 6435
f 6435 6830 6436
f 6830 6827 6436
f 6436 6827 6437
f 6827 6828 6437
f 6437 6828 6444
f 6828 6829 6444
f 6444 6829 6445
f 6829 6823 6445
f 6445 6823 6438
f 6823 6822 6438
f 6438 6822 6439
f 6822 6821 6439
f 6439 6821 6440
f 6821 6820 6440
f 6440 6820 6401
f 6820 6819 6401
f 6401 6819 6402
f 6819 6818 6402
f 6402 6818 6403
f 6818 6788 6403
f 6403 6788 6404
f 6788 6787 6404
f 6404 6787 6418
f 6787 6786 6418
f 6418 6786 6419
f 6786 6769 6419
f 6419 6769 6420
f 6769 6768 6420
f 6420 6768 6431
f 6768 6817 6431
f 6431 6817 6432
f 6817 6816 6432
f 6432 6816 6433
f 6816 6815 6433
f 6433 6815 6409
f 6815 6804 6409
f 6409 6804 6410
f 6804 6803 6410
f 6410 6803 6421
f 6803 6802 6421
f 6421 6802 6422
f 6802 6801 6422
f 6422 6801 6405
f 6801 6800 6405
f 6405 6800 6406
f 6800 6799 6406
f 6406 6799 6407
f 6799 6798 6407
f 6407 6798 6408
f 6798 6814 6408
f 6408 6814 6423
f 6814 6813 6423
f 6423 6813 6424
f 6813 6797 6424
f 6424 6797 6411
f 6797 6796 6411
f 6411 6796 6412
f 6796 6795 6412
f 6412 6795 6413
f 6795 6812 6413
f 6413 6812 6414
f 6812 6811 6414
f 6414 6811 6425
f 6811 6810 6425
f 6425 6810 6426
f 6810 6767 6426
f 6426 6767 6427
f 6767 6766 6427
f 6427 6766 6398
f 6766 6785 6398
f 6398 6785 6399
f 6785 6784 6399
f 6399 6784 6400
f 6784 6783 6400
f 6400 6783 6378
f 6783 6782 6378
f 6378 6782 6379
f 6782 6781 6379
f 6379 6781 6390
f 6781 6778 6390
f 6390 6778 6391
f 6778 6777 6391
f 6391 6777 6373
f 6777 6776 6373
f 6373 6776 6374
f 6776 6773 6374
f 6374 6773 6376
f 6773 6774 6376
f 6376 6774 6377
f 6774 6775 6377
f 6377 6775 6392
f 6775 6794 6392
f 6392 6794 6393
f 6794 6793 6393
f 6393 6793 6394
f 6793 6780 6394
f 6394 6780 6395
f 6780 6779 6395
f 6395 6779 6396
f 6779 6792 6396
f 6396 6792 6397
f 6792 6791 6397
f 6397 6791 6380
f 6791 6790 6380
f 4891 6897 4892
f 6897 6898 4892
f 4892 6898 4893
f 6898 6910 4893
f 4893 6910 4875
f 6910 6909 4875
f 4875 6909 4876
f 6909 6908 4876
f 4876 6908 4878
f 6908 6895 4878
f 4878 6895 4879
f 6895 6894 4879
f 4879 6894 4894
f 6894 6893 4894
f 4894 6893 4895
f 6893 6885 4895
f 4895 6885 4880
f 6885 6884 4880
f 4880 6884 4881
f 6884 6892 4881
f 4881 6892 4896
f 6892 6891 4896
f 4896 6891 4897
f 6891 6883 4897
f 4897 6883 4882
f 6883 6882 4882
f 4882 6882 4883
f 6882 6881 4883
f 4883 6881 4884
f 6881 6880 4884
f 4884 6880 4866
f 6880 6879 4866
f 4866 6879 4867
f 6879 6878 4867
f 4867 6878 4869
f 6878 6854 4869
f 4869 6854 4870
f 6854 6855 4870
f 4870 6855 4871
f 6855 6856 4871
f 4871 6856 4885
f 6856 6859 4885
f 4885 6859 4886
f 6859 6858 4886
f 4886 6858 4887
f 6858 6857 4887
f 4887 6857 4911
f 6857 6851 4911
f 4911 6851 4912
f 6851 6850 4912
f 4912 6850 4913
f 6850 6877 4913
f 4913 6877 4925
f 6877 6876 4925
f 4925 6876 4926
f 6876 6875 4926
f 4926 6875 4927
f 6875 6890 4927
f 4927 6890 4932
f 6890 6889 4932
f 4932 6889 4933
f 6889 6874 4933
f 4933 6874 4928
f 6874 6873 4928
f 4928 6873 4929
f 6873 6872 4929
f 4929 6872 4930
f 6872 6871 4930
f 4930 6871 4931
f 6871 6870 4931
f 4931 6870 4936
f 6870 6907 4936
f 4936 6907 4937
f 6907 6906 4937
f 4937 6906 4938
f 6906 6900 4938
f 4938 6900 4934
f 6900 6899 4934
f 4934 6899 4935
f 6899 6905 4935
f 4935 6905 4939
f 6905 6904 4939
f 4939 6904 4940
f 6904 6888 4940
f 4940 6888 4898
f 6888 6887 4898
f 4898 6887 4899
f 6887 6886 4899
f 4899 6886 4900
f 6886 6869 4900
f 4900 6869 4901
f 6869 6868 4901
f 4901 6868 4902
f 6868 6867 4902
f 4902 6867 4903
f 6867 6866 4903
f 4903 6866 4904
f 6866 6865 4904
f 4904 6865 4872
f 6865 6864 4872
f 4872 6864 4873
f 6864 6860 4873
f 4873 6860 4905
f 6860 6862 4905
f 4905 6862 4906
f 6862 6863 4906
f 4906 6863 4907
f 6863 6853 4907
f 4907 6853 4908
f 6853 6852 4908
f 4908 6852 4914
f 6852 6918 4914
f 4914 6918 4915
f 6918 6917 4915
f 4915 6917 4916
f 6917 6916 4916
f 4916 6916 4917
f 6916 6915 4917
f 4917 6915 4918
f 6915 6914 4918
f 4918 6914 4919
f 6914 6901 4919
f 4919 6901 4920
f 6901 6902 4920
f 4920 6902 4921
f 6902 6903 4921
f 4921 6903 4922
f 6903 6922 4922
f 4922 6922 4923
f 6922 6921 4923
f 4923 6921 4924
f 6921 6920 4924
f 4924 6920 4888
f 6920 6919 4888
f 4888 6919 4889
f 6919 6913 4889
f 4889 6913 4909
f 6913 6912 4909
f 4909 6912 4910
f 6912 6911 4910
f 4910 6911 4890
f 6911 6896 4890
f 4890 6896 4891
f 6896 6897 4891
f 3974 3973 4954
f 3973 6763 4954
f 4954 6763 4955
f 6763 6835 4955
f 4955 6835 4956
f 6835 6836 4956
f 4956 6836 4948
f 6836 6826 4948
f 4948 6826 4949
f 6826 6841 4949
f 4949 6841 4951
f 6841 6840 4951
f 4951 6840 4952
f 6840 6838 4952
f 4952 6838 4953
f 6838 6757 4953
f 4953 6757 4945
f 6757 6756 4945
f 4945 6756 6843
f 4945 6843 4946
f 6843 6842 4946
f 4946 6842 4947
f 6842 6849 4947
f 4947 6849 4944
f 6849 6848 4944
f 4944 6848 4943
f 6848 6847 4943
f 4943 6847 4941
f 6847 6846 4941
f 4941 6846 6600
f 6846 6845 6600
f 6600 6845 6601
f 4641 4640 6604
f 4641 6604 6844
f 6604 6603 6844
f 6603 6602 6844
f 6844 6602 6845
f 6602 6601 6845
f 6940 6941 6942
f 6941 6943 6942
f 6942 6943 6944
f 6945 6946 6942
f 6946 6947 6942
f 6942 6947 6940
f 6948 6949 6942
f 6949 6950 6942
f 6942 6950 6945
f 6951 6952 6942
f 6952 6953 6942
f 6942 6953 6948
f 6954 6955 6942
f 6955 6956 6942
f 6942 6956 6951
f 6957 6958 6942
f 6958 6959 6942
f 6942 6959 6954
f 6960 6961 6942
f 6961 6962 6942
f 6942 6962 6957
f 6963 6964 6942
f 6964 6965 6942
f 6942 6965 6960
f 6966 6967 6942
f 6967 6968 6942
f 6942 6968 6963
f 6969 6970 6942
f 6970 6971 6942
f 6942 6971 6966
f 6972 6973 6942
f 6973 6974 6942
f 6942 6974 6969
f 6975 6976 6942
f 6976 6977 6942
f 6942 6977 6972
f 6978 6979 6942
f 6979 6980 6942
f 6942 6980 6975
f 6981 6982 6942
f 6982 6983 6942
f 6942 6983 6978
f 6984 6985 6942
f 6985 6986 6942
f 6942 6986 6981
f 6987 6988 6942
f 6988 6989 6942
f 6942 6989 6984
f 6990 6991 6942
f 6991 6992 6942
f 6942 6992 6987
f 6993 6994 6942
f 6994 6995 6942
f 6942 6995 6990
f 6996 6997 6942
f 6997 6998 6942
f 6942 6998 6993
f 6999 7000 6942
f 7000 7001 6942
f 6942 7001 6996
f 7002 7003 6942
f 7003 7004 6942
f 6942 7004 6999
f 7005 7006 6942
f 7006 7007 6942
f 6942 7007 7002
f 7008 7009 6942
f 7009 7010 6942
f 6942 7010 7005
f 6944 7011 6942
f 7011 7012 6942
f 6942 7012 7008
f 6943 6365 6944
f 6365 6364 6944
f 6944 6364 7011
f 6364 6352 7011
f 7011 6352 7012
f 6352 6351 7012
f 7012 6351 7008
f 6351 6350 7008
f 7008 6350 7009
f 6350 6361 7009
f 7009 6361 7010
f 6361 6360 7010
f 7010 6360 7005
f 6360 6349 7005
f 7005 6349 7006
f 6349 6348 7006
f 7006 6348 7007
f 6348 6363 7007
f 7007 6363 7002
f 6363 6362 7002
f 7002 6362 7003
f 6362 6347 7003
f 7003 6347 7004
f 6347 6346 7004
f 7004 6346 6999
f 6346 6345 6999
f 6999 6345 7000
f 6345 6329 7000
f 7000 6329 7001
f 6329 6330 7001
f 7001 6330 6996
f 6330 6331 6996
f 6996 6331 6997
f 6331 6339 6997
f 6997 6339 6998
f 6339 6338 6998
f 6998 6338 6993
f 6338 6337 6993
f 6993 6337 6994
f 6337 6336 6994
f 6994 6336 6995
f 6336 6335 6995
f 6995 6335 6990
f 6335 6334 6990
f 6990 6334 6991
f 6334 6328 6991
f 6991 6328 6992
f 6328 6327 6992
f 6992 6327 6987
f 6327 6326 6987
f 6987 6326 6988
f 6326 6315 6988
f 6988 6315 6989
f 6315 6314 6989
f 6989 6314 6984
f 6314 6313 6984
f 6984 6313 6985
f 6313 6312 6985
f 6985 6312 6986
f 6312 6311 6986
f 6986 6311 6981
f 6311 6310 6981
f 6981 6310 6982
f 6310 6309 6982
f 6982 6309 6983
f 6309 6308 6983
f 6983 6308 6978
f 6308 6307 6978
f 6978 6307 6979
f 6307 4855 6979
f 6979 4855 6980
f 4855 4854 6980
f 6980 4854 6975
f 4854 6320 6975
f 6975 6320 6976
f 6320 6319 6976
f 6976 6319 6977
f 6319 6318 6977
f 6977 6318 6972
f 6318 6317 6972
f 6972 6317 6973
f 6317 6316 6973
f 6973 6316 6974
f 6316 6306 6974
f 6974 6306 6969
f 6306 6305 6969
f 6969 6305 6970
f 6305 6304 6970
f 6970 6304 6971
f 6304 6303 6971
f 6971 6303 6966
f 6303 6302 6966
f 6966 6302 6967
f 6302 6325 6967
f 6967 6325 6968
f 6325 6324 6968
f 6968 6324 6963
f 6324 6321 6963
f 6963 6321 6964
f 6321 6322 6964
f 6964 6322 6965
f 6322 6323 6965
f 6965 6323 6960
f 6323 6333 6960
f 6960 6333 6961
f 6333 6332 6961
f 6961 6332 6962
f 6332 6359 6962
f 6962 6359 6957
f 6359 6358 6957
f 6957 6358 6958
f 6358 6357 6958
f 6958 6357 6959
f 6357 6356 6959
f 6959 6356 6954
f 6356 6355 6954
f 6954 6355 6955
f 6355 6344 6955
f 6955 6344 6956
f 6344 6343 6956
f 6956 6343 6951
f 6343 6342 6951
f 6951 6342 6952
f 6342 6354 6952
f 6952 6354 6953
f 6354 6353 6953
f 6953 6353 6948
f 6353 6341 6948
f 6948 6341 6949
f 6341 6340 6949
f 6949 6340 6950
f 6340 6371 6950
f 6950 6371 6945
f 6371 6370 6945
f 6945 6370 6946
f 6370 6369 6946
f 6946 6369 6947
f 6369 6368 6947
f 6947 6368 6940
f 6368 6367 6940
f 6940 6367 6941
f 6367 6366 6941
f 6941 6366 6943
f 6366 6365 6943
f 7013 7014 7015
f 7014 7016 7015
f 7015 7016 7017
f 7018 7019 7015
f 7019 7020 7015
f 7015 7020 7013
f 7021 7022 7015
f 7022 7023 7015
f 7015 7023 7018
f 7024 7025 7015
f 7025 7026 7015
f 7015 7026 7021
f 7027 7028 7015
f 7028 7029 7015
f 7015 7029 7024
f 7030 7031 7015
f 7031 7032 7015
f 7015 7032 7027
f 7033 7034 7015
f 7034 7035 7015
f 7015 7035 7030
f 7036 7037 7015
f 7037 7038 7015
f 7015 7038 7033
f 7039 7040 7015
f 7040 7041 7015
f 7015 7041 7036
f 7042 7043 7015
f 7043 7044 7015
f 7015 7044 7039
f 7045 7046 7015
f 7046 7047 7015
f 7015 7047 7042
f 7048 7049 7015
f 7049 7050 7015
f 7015 7050 7045
f 7051 7052 7015
f 7052 7053 7015
f 7015 7053 7048
f 7054 7055 7015
f 7055 7056 7015
f 7015 7056 7051
f 7057 7058 7015
f 7058 7059 7015
f 7015 7059 7054
f 7060 7061 7015
f 7061 7062 7015
f 7015 7062 7057
f 7063 7064 7015
f 7064 7065 7015
f 7015 7065 7060
f 7066 7067 7015
f 7067 7068 7015
f 7015 7068 7063
f 7069 7070 7015
f 7070 7071 7015
f 7015 7071 7066
f 7072 7073 7015
f 7073 7074 7015
f 7015 7074 7069
f 7075 7076 7015
f 7076 7077 7015
f 7015 7077 7072
f 7078 7079 7015
f 7079 7080 7015
f 7015 7080 7075
f 7081 7082 7015
f 7082 7083 7015
f 7015 7083 7078
f 7017 7084 7015
f 7084 7085 7015
f 7015 7085 7081
f 7016 5722 7017
f 5722 5721 7017
f 7017 5721 7084
f 5721 5720 7084
f 7084 5720 7085
f 5720 5719 7085
f 7085 5719 7081
f 5719 5712 7081
f 7081 5712 7082
f 5712 5711 7082
f 7082 5711 7083
f 5711 5710 7083
f 7083 5710 7078
f 5710 5692 7078
f 7078 5692 7079
f 5692 5691 7079
f 7079 5691 7080
f 5691 5706 7080
f 7080 5706 7075
f 5706 5705 7075
f 7075 5705 7076
f 5705 5704 7076
f 7076 5704 7077
f 5704 5703 7077
f 7077 5703 7072
f 5703 5702 7072
f 7072 5702 7073
f 5702 5675 7073
f 7073 5675 7074
f 5675 5674 7074
f 7074 5674 7069
f 5674 5673 7069
f 7069 5673 7070
f 5673 5659 7070
f 7070 5659 7071
f 5659 5656 7071
f 7071 5656 7066
f 5656 5655 7066
f 7066 5655 7067
f 5655 5672 7067
f 7067 5672 7068
f 5672 5671 7068
f 7068 5671 7063
f 5671 5670 7063
f 7063 5670 7064
f 5670 5669 7064
f 7064 5669 7065
f 5669 5668 7065
f 7065 5668 7060
f 5668 5658 7060
f 7060 5658 7061
f 5658 5657 7061
f 7061 5657 7062
f 5657 5701 7062
f 7062 5701 7057
f 5701 5700 7057
f 7057 5700 7058
f 5700 5699 7058
f 7058 5699 7059
f 5699 5698 7059
f 7059 5698 7054
f 5698 5697 7054
f 7054 5697 7055
f 5697 5696 7055
f 7055 5696 7056
f 5696 5695 7056
f 7056 5695 7051
f 5695 5709 7051
f 7051 5709 7052
f 5709 5708 7052
f 7052 5708 7053
f 5708 5707 7053
f 7053 5707 7048
f 5707 5667 7048
f 7048 5667 7049
f 5667 5666 7049
f 7049 5666 7050
f 5666 5690 7050
f 7050 5690 7045
f 5690 5689 7045
f 7045 5689 7046
f 5689 5682 7046
f 7046 5682 7047
f 5682 5681 7047
f 7047 5681 7042
f 5681 5680 7042
f 7042 5680 7043
f 5680 5665 7043
f 7043 5665 7044
f 5665 5664 7044
f 7044 5664 7039
f 5664 5663 7039
f 7039 5663 7040
f 5663 5662 7040
f 7040 5662 7041
f 5662 5661 7041
f 7041 5661 7036
f 5661 5660 7036
f 7036 5660 7037
f 5660 5653 7037
f 7037 5653 7038
f 5653 5652 7038
f 7038 5652 7033
f 5652 5688 7033
f 7033 5688 7034
f 5688 5687 7034
f 7034 5687 7035
f 5687 5686 7035
f 7035 5686 7030
f 5686 5683 7030
f 7030 5683 7031
f 5683 5684 7031
f 7031 5684 7032
f 5684 5685 7032
f 7032 5685 7027
f 5685 5694 7027
f 7027 5694 7028
f 5694 5693 7028
f 7028 5693 7029
f 5693 5679 7029
f 7029 5679 7024
f 5679 5678 7024
f 7024 5678 7025
f 5678 5677 7025
f 7025 5677 7026
f 5677 5676 7026
f 7026 5676 7021
f 5676 5718 7021
f 7021 5718 7022
f 5718 5717 7022
f 7022 5717 7023
f 5717 5716 7023
f 7023 5716 7018
f 5716 5715 7018
f 7018 5715 7019
f 5715 5714 7019
f 7019 5714 7020
f 5714 5713 7020
f 7020 5713 7013
f 5713 5724 7013
f 7013 5724 7014
f 5724 5723 7014
f 7014 5723 7016
f 5723 5722 7016
f 7086 7087 7088
f 7087 7089 7088
f 7088 7089 7090
f 7091 7092 7088
f 7092 7093 7088
f 7088 7093 7086
f 7094 7095 7088
f 7095 7096 7088
f 7088 7096 7091
f 7097 7098 7088
f 7098 7099 7088
f 7088 7099 7094
f 7100 7101 7088
f 7101 7102 7088
f 7088 7102 7097
f 7103 7104 7088
f 7104 7105 7088
f 7088 7105 7100
f 7106 7107 7088
f 7107 7108 7088
f 7088 7108 7103
f 7109 7110 7088
f 7110 7111 7088
f 7088 7111 7106
f 7112 7113 7088
f 7113 7114 7088
f 7088 7114 7109
f 7115 7116 7088
f 7116 7117 7088
f 7088 7117 7112
f 7118 7119 7088
f 7119 7120 7088
f 7088 7120 7115
f 7121 7122 7088
f 7122 7123 7088
f 7088 7123 7118
f 7124 7125 7088
f 7125 7126 7088
f 7088 7126 7121
f 7127 7128 7088
f 7128 7129 7088
f 7088 7129 7124
f 7130 7131 7088
f 7131 7132 7088
f 7088 7132 7127
f 7133 7134 7088
f 7134 7135 7088
f 7088 7135 7130
f 7136 7137 7088
f 7137 7138 7088
f 7088 7138 7133
f 7139 7140 7088
f 7140 7141 7088
f 7088 7141 7136
f 7142 7143 7088
f 7143 7144 7088
f 7088 7144 7139
f 7145 7146 7088
f 7146 7147 7088
f 7088 7147 7142
f 7148 7149 7088
f 7149 7150 7088
f 7088 7150 7145
f 7151 7152 7088
f 7152 7153 7088
f 7088 7153 7148
f 7154 7155 7088
f 7155 7156 7088
f 7088 7156 7151
f 7090 7157 7088
f 7157 7158 7088
f 7088 7158 7154
f 7089 5106 7090
f 5106 5105 7090
f 7090 5105 7157
f 5105 5120 7157
f 7157 5120 7158
f 5120 5119 7158
f 7158 5119 7154
f 5119 5104 7154
f 7154 5104 7155
f 5104 5103 7155
f 7155 5103 7156
f 5103 5102 7156
f 7156 5102 7151
f 5102 5101 7151
f 7151 5101 7152
f 5101 5118 7152
f 7152 5118 7153
f 5118 5117 7153
f 7153 5117 7148
f 5117 5092 7148
f 7148 5092 7149
f 5092 5091 7149
f 7149 5091 7150
f 5091 5090 7150
f 7150 5090 7145
f 5090 5089 7145
f 7145 5089 7146
f 5089 5122 7146
f 7146 5122 7147
f 5122 5121 7147
f 7147 5121 7142
f 5121 5113 7142
f 7142 5113 7143
f 5113 5100 7143
f 7143 5100 7144
f 5100 5099 7144
f 7144 5099 7139
f 5099 5116 7139
f 7139 5116 7140
f 5116 5115 7140
f 7140 5115 7141
f 5115 5114 7141
f 7141 5114 7136
f 5114 5088 7136
f 7136 5088 7137
f 5088 5087 7137
f 7137 5087 7138
f 5087 5086 7138
f 7138 5086 7133
f 5086 5081 7133
f 7133 5081 7134
f 5081 5080 7134
f 7134 5080 7135
f 5080 5098 7135
f 7135 5098 7130
f 5098 5097 7130
f 7130 5097 7131
f 5097 5096 7131
f 7131 5096 7132
f 5096 5112 7132
f 7132 5112 7127
f 5112 5111 7127
f 7127 5111 7128
f 5111 5110 7128
f 7128 5110 7129
f 5110 5095 7129
f 7129 5095 7124
f 5095 5094 7124
f 7124 5094 7125
f 5094 5093 7125
f 7125 5093 7126
f 5093 5084 7126
f 7126 5084 7121
f 5084 5083 7121
f 7121 5083 7122
f 5083 5082 7122
f 7122 5082 7123
f 5082 5077 7123
f 7123 5077 7118
f 5077 5076 7118
f 7118 5076 7119
f 5076 5075 7119
f 7119 5075 7120
f 5075 5072 7120
f 7120 5072 7115
f 5072 5071 7115
f 7115 5071 7116
f 5071 5070 7116
f 7116 5070 7117
f 5070 5069 7117
f 7117 5069 7112
f 5069 5074 7112
f 7112 5074 7113
f 5074 5073 7113
f 7113 5073 7114
f 5073 5068 7114
f 7114 5068 7109
f 5068 5067 7109
f 7109 5067 7110
f 5067 5065 7110
f 7110 5065 7111
f 5065 5064 7111
f 7111 5064 7106
f 5064 5085 7106
f 7106 5085 7107
f 5085 5079 7107
f 7107 5079 7108
f 5079 5078 7108
f 7108 5078 7103
f 5078 5109 7103
f 7103 5109 7104
f 5109 5108 7104
f 7104 5108 7105
f 5108 5107 7105
f 7105 5107 7100
f 5107 5128 7100
f 7100 5128 7101
f 5128 5127 7101
f 7101 5127 7102
f 5127 5126 7102
f 7102 5126 7097
f 5126 5125 7097
f 7097 5125 7098
f 5125 5124 7098
f 7098 5124 7099
f 5124 5123 7099
f 7099 5123 7094
f 5123 5131 7094
f 7094 5131 7095
f 5131 5130 7095
f 7095 5130 7096
f 5130 5129 7096
f 7096 5129 7091
f 5129 5136 7091
f 7091 5136 7092
f 5136 5135 7092
f 7092 5135 7093
f 5135 5134 7093
f 7093 5134 7086
f 5134 5133 7086
f 7086 5133 7087
f 5133 5132 7087
f 7087 5132 7089
f 5132 5106 7089
f 7159 7160 7161
f 7160 7162 7161
f 7161 7162 7163
f 7164 7165 7161
f 7165 7166 7161
f 7161 7166 7159
f 7167 7168 7161
f 7168 7169 7161
f 7161 7169 7164
f 7170 7171 7161
f 7171 7172 7161
f 7161 7172 7167
f 7173 7174 7161
f 7174 7175 7161
f 7161 7175 7170
f 7176 7177 7161
f 7177 7178 7161
f 7161 7178 7173
f 7179 7180 7161
f 7180 7181 7161
f 7161 7181 7176
f 7182 7183 7161
f 7183 7184 7161
f 7161 7184 7179
f 7185 7186 7161
f 7186 7187 7161
f 7161 7187 7182
f 7188 7189 7161
f 7189 7190 7161
f 7161 7190 7185
f 7191 7192 7161
f 7192 7193 7161
f 7161 7193 7188
f 7194 7195 7161
f 7195 7196 7161
f 7161 7196 7191
f 7197 7198 7161
f 7198 7199 7161
f 7161 7199 7194
f 7200 7201 7161
f 7201 7202 7161
f 7161 7202 7197
f 7203 7204 7161
f 7204 7205 7161
f 7161 7205 7200
f 7206 7207 7161
f 7207 7208 7161
f 7161 7208 7203
f 7209 7210 7161
f 7210 7211 7161
f 7161 7211 7206
f 7212 7213 7161
f 7213 7214 7161
f 7161 7214 7209
f 7215 7216 7161
f 7216 7217 7161
f 7161 7217 7212
f 7218 7219 7161
f 7219 7220 7161
f 7161 7220 7215
f 7221 7222 7161
f 7222 7223 7161
f 7161 7223 7218
f 7224 7225 7161
f 7225 7226 7161
f 7161 7226 7221
f 7227 7228 7161
f 7228 7229 7161
f 7161 7229 7224
f 7163 7230 7161
f 7230 7231 7161
f 7161 7231 7227
f 7162 5795 7163
f 5795 5794 7163
f 7163 5794 7230
f 5794 5793 7230
f 7230 5793 7231
f 5793 5792 7231
f 7231 5792 7227
f 5792 5791 7227
f 7227 5791 7228
f 5791 5751 7228
f 7228 5751 7229
f 5751 5750 7229
f 7229 5750 7224
f 5750 5749 7224
f 7224 5749 7225
f 5749 5748 7225
f 7225 5748 7226
f 5748 5786 7226
f 7226 5786 7221
f 5786 5785 7221
f 7221 5785 7222
f 5785 5770 7222
f 7222 5770 7223
f 5770 5769 7223
f 7223 5769 7218
f 5769 5768 7218
f 7218 5768 7219
f 5768 5725 7219
f 7219 5725 7220
f 5725 5726 7220
f 7220 5726 7215
f 5726 5727 7215
f 7215 5727 7216
f 5727 5767 7216
f 7216 5767 7217
f 5767 5766 7217
f 7217 5766 7212
f 5766 5765 7212
f 7212 5765 7213
f 5765 5744 7213
f 7213 5744 7214
f 5744 5743 7214
f 7214 5743 7209
f 5743 5742 7209
f 7209 5742 7210
f 5742 5741 7210
f 7210 5741 7211
f 5741 5784 7211
f 7211 5784 7206
f 5784 5783 7206
f 7206 5783 7207
f 5783 5764 7207
f 7207 5764 7208
f 5764 5763 7208
f 7208 5763 7203
f 5763 5762 7203
f 7203 5762 7204
f 5762 5761 7204
f 7204 5761 7205
f 5761 5760 7205
f 7205 5760 7200
f 5760 5759 7200
f 7200 5759 7201
f 5759 5740 7201
f 7201 5740 7202
f 5740 5739 7202
f 7202 5739 7197
f 5739 5738 7197
f 7197 5738 7198
f 5738 5737 7198
f 7198 5737 7199
f 5737 5757 7199
f 7199 5757 7194
f 5757 5758 7194
f 7194 5758 7195
f 5758 5790 7195
f 7195 5790 7196
f 5790 5789 7196
f 7196 5789 7191
f 5789 5782 7191
f 7191 5782 7192
f 5782 5781 7192
f 7192 5781 7193
f 5781 5780 7193
f 7193 5780 7188
f 5780 5736 7188
f 7188 5736 7189
f 5736 5735 7189
f 7189 5735 7190
f 5735 5734 7190
f 7190 5734 7185
f 5734 5733 7185
f 7185 5733 7186
f 5733 5732 7186
f 7186 5732 7187
f 5732 5731 7187
f 7187 5731 7182
f 5731 5730 7182
f 7182 5730 7183
f 5730 5747 7183
f 7183 5747 7184
f 5747 5746 7184
f 7184 5746 7179
f 5746 5745 7179
f 7179 5745 7180
f 5745 5756 7180
f 7180 5756 7181
f 5756 5755 7181
f 7181 5755 7176
f 5755 5754 7176
f 7176 5754 7177
f 5754 5753 7177
f 7177 5753 7178
f 5753 5752 7178
f 7178 5752 7173
f 5752 5779 7173
f 7173 5779 7174
f 5779 5778 7174
f 7174 5778 7175
f 5778 5777 7175
f 7175 5777 7170
f 5777 5776 7170
f 7170 5776 7171
f 5776 5775 7171
f 7171 5775 7172
f 5775 5774 7172
f 7172 5774 7167
f 5774 5773 7167
f 7167 5773 7168
f 5773 5772 7168
f 7168 5772 7169
f 5772 5771 7169
f 7169 5771 7164
f 5771 5788 7164
f 7164 5788 7165
f 5788 5787 7165
f 7165 5787 7166
f 5787 5729 7166
f 7166 5729 7159
f 5729 5728 7159
f 7159 5728 7160
f 5728 5796 7160
f 7160 5796 7162
f 5796 5795 7162
f 7232 7233 7234
f 7233 7235 7234
f 7234 7235 7236
f 7237 7238 7234
f 7238 7239 7234
f 7234 7239 7232
f 7240 7241 7234
f 7241 7242 7234
f 7234 7242 7237
f 7243 7244 7234
f 7244 7245 7234
f 7234 7245 7240
f 7246 7247 7234
f 7247 7248 7234
f 7234 7248 7243
f 7249 7250 7234
f 7250 7251 7234
f 7234 7251 7246
f 7252 7253 7234
f 7253 7254 7234
f 7234 7254 7249
f 7255 7256 7234
f 7256 7257 7234
f 7234 7257 7252
f 7258 7259 7234
f 7259 7260 7234
f 7234 7260 7255
f 7261 7262 7234
f 7262 7263 7234
f 7234 7263 7258
f 7264 7265 7234
f 7265 7266 7234
f 7234 7266 7261
f 7267 7268 7234
f 7268 7269 7234
f 7234 7269 7264
f 7270 7271 7234
f 7271 7272 7234
f 7234 7272 7267
f 7273 7274 7234
f 7274 7275 7234
f 7234 7275 7270
f 7276 7277 7234
f 7277 7278 7234
f 7234 7278 7273
f 7279 7280 7234
f 7280 7281 7234
f 7234 7281 7276
f 7282 7283 7234
f 7283 7284 7234
f 7234 7284 7279
f 7285 7286 7234
f 7286 7287 7234
f 7234 7287 7282
f 7288 7289 7234
f 7289 7290 7234
f 7234 7290 7285
f 7291 7292 7234
f 7292 7293 7234
f 7234 7293 7288
f 7294 7295 7234
f 7295 7296 7234
f 7234 7296 7291
f 7297 7298 7234
f 7298 7299 7234
f 7234 7299 7294
f 7300 7301 7234
f 7301 7302 7234
f 7234 7302 7297
f 7236 7303 7234
f 7303 7304 7234
f 7234 7304 7300
f 7235 5205 7236
f 5205 5198 7236
f 7236 5198 7303
f 5198 5197 7303
f 7303 5197 7304
f 5197 5196 7304
f 7304 5196 7300
f 5196 5195 7300
f 7300 5195 7301
f 5195 5172 7301
f 7301 5172 7302
f 5172 5173 7302
f 7302 5173 7297
f 5173 5174 7297
f 7297 5174 7298
f 5174 5184 7298
f 7298 5184 7299
f 5184 5183 7299
f 7299 5183 7294
f 5183 5182 7294
f 7294 5182 7295
f 5182 5181 7295
f 7295 5181 7296
f 5181 5180 7296
f 7296 5180 7291
f 5180 5179 7291
f 7291 5179 7292
f 5179 5187 7292
f 7292 5187 7293
f 5187 5186 7293
f 7293 5186 7288
f 5186 5178 7288
f 7288 5178 7289
f 5178 5177 7289
f 7289 5177 7290
f 5177 5169 7290
f 7290 5169 7285
f 5169 5168 7285
f 7285 5168 7286
f 5168 5185 7286
f 7286 5185 7287
f 5185 5171 7287
f 7287 5171 7282
f 5171 5170 7282
f 7282 5170 7283
f 5170 5149 7283
f 7283 5149 7284
f 5149 5148 7284
f 7284 5148 7279
f 5148 5147 7279
f 7279 5147 7280
f 5147 5146 7280
f 7280 5146 7281
f 5146 5162 7281
f 7281 5162 7276
f 5162 5161 7276
f 7276 5161 7277
f 5161 5160 7277
f 7277 5160 7278
f 5160 5164 7278
f 7278 5164 7273
f 5164 5163 7273
f 7273 5163 7274
f 5163 5159 7274
f 7274 5159 7275
f 5159 5158 7275
f 7275 5158 7270
f 5158 5157 7270
f 7270 5157 7271
f 5157 5156 7271
f 7271 5156 7272
f 5156 5155 7272
f 7272 5155 7267
f 5155 5154 7267
f 7267 5154 7268
f 5154 5153 7268
f 7268 5153 7269
f 5153 5152 7269
f 7269 5152 7264
f 5152 5151 7264
f 7264 5151 7265
f 5151 5150 7265
f 7265 5150 7266
f 5150 5143 7266
f 7266 5143 7261
f 5143 5142 7261
f 7261 5142 7262
f 5142 5141 7262
f 7262 5141 7263
f 5141 5140 7263
f 7263 5140 7258
f 5140 5145 7258
f 7258 5145 7259
f 5145 5144 7259
f 7259 5144 7260
f 5144 5138 7260
f 7260 5138 7255
f 5138 5137 7255
f 7255 5137 7256
f 5137 5176 7256
f 7256 5176 7257
f 5176 5175 7257
f 7257 5175 7252
f 5175 5167 7252
f 7252 5167 7253
f 5167 5166 7253
f 7253 5166 7254
f 5166 5165 7254
f 7254 5165 7249
f 5165 5194 7249
f 7249 5194 7250
f 5194 5193 7250
f 7250 5193 7251
f 5193 5192 7251
f 7251 5192 7246
f 5192 5191 7246
f 7246 5191 7247
f 5191 5190 7247
f 7247 5190 7248
f 5190 5189 7248
f 7248 5189 7243
f 5189 5188 7243
f 7243 5188 7244
f 5188 5204 7244
f 7244 5204 7245
f 5204 5203 7245
f 7245 5203 7240
f 5203 5202 7240
f 7240 5202 7241
f 5202 5201 7241
f 7241 5201 7242
f 5201 5200 7242
f 7242 5200 7237
f 5200 5199 7237
f 7237 5199 7238
f 5199 5209 7238
f 7238 5209 7239
f 5209 5208 7239
f 7239 5208 7232
f 5208 5207 7232
f 7232 5207 7233
f 5207 5206 7233
f 7233 5206 7235
f 5206 5205 7235
f 7305 7306 7307
f 7306 7308 7307
f 7307 7308 7309
f 7310 7311 7307
f 7311 7312 7307
f 7307 7312 7305
f 7313 7314 7307
f 7314 7315 7307
f 7307 7315 7310
f 7316 7317 7307
f 7317 7318 7307
f 7307 7318 7313
f 7319 7320 7307
f 7320 7321 7307
f 7307 7321 7316
f 7322 7323 7307
f 7323 7324 7307
f 7307 7324 7319
f 7325 7326 7307
f 7326 7327 7307
f 7307 7327 7322
f 7328 7329 7307
f 7329 7330 7307
f 7307 7330 7325
f 7331 7332 7307
f 7332 7333 7307
f 7307 7333 7328
f 7334 7335 7307
f 7335 7336 7307
f 7307 7336 7331
f 7337 7338 7307
f 7338 7339 7307
f 7307 7339 7334
f 7340 7341 7307
f 7341 7342 7307
f 7307 7342 7337
f 7343 7344 7307
f 7344 7345 7307
f 7307 7345 7340
f 7346 7347 7307
f 7347 7348 7307
f 7307 7348 7343
f 7349 7350 7307
f 7350 7351 7307
f 7307 7351 7346
f 7352 7353 7307
f 7353 7354 7307
f 7307 7354 7349
f 7355 7356 7307
f 7356 7357 7307
f 7307 7357 7352
f 7358 7359 7307
f 7359 7360 7307
f 7307 7360 7355
f 7361 7362 7307
f 7362 7363 7307
f 7307 7363 7358
f 7364 7365 7307
f 7365 7366 7307
f 7307 7366 7361
f 7367 7368 7307
f 7368 7369 7307
f 7307 7369 7364
f 7370 7371 7307
f 7371 7372 7307
f 7307 7372 7367
f 7373 7374 7307
f 7374 7375 7307
f 7307 7375 7370
f 7309 7376 7307
f 7376 7377 7307
f 7307 7377 7373
f 7308 5339 7309
f 5339 5338 7309
f 7309 5338 7376
f 5338 5337 7376
f 7376 5337 7377
f 5337 5313 7377
f 7377 5313 7373
f 5313 5312 7373
f 7373 5312 7374
f 5312 5311 7374
f 7374 5311 7375
f 5311 5294 7375
f 7375 5294 7370
f 5294 5293 7370
f 7370 5293 7371
f 5293 5292 7371
f 7371 5292 7372
f 5292 5291 7372
f 7372 5291 7367
f 5291 5290 7367
f 7367 5290 7368
f 5290 5289 7368
f 7368 5289 7369
f 5289 5216 7369
f 7369 5216 7364
f 5216 5215 7364
f 7364 5215 7365
f 5215 5235 7365
f 7365 5235 7366
f 5235 5234 7366
f 7366 5234 7361
f 5234 5218 7361
f 7361 5218 7362
f 5218 5217 7362
f 7362 5217 7363
f 5217 5232 7363
f 7363 5232 7358
f 5232 5233 7358
f 7358 5233 7359
f 5233 5241 7359
f 7359 5241 7360
f 5241 5240 7360
f 7360 5240 7355
f 5240 5231 7355
f 7355 5231 7356
f 5231 5230 7356
f 7356 5230 7357
f 5230 5239 7357
f 7357 5239 7352
f 5239 5238 7352
f 7352 5238 7353
f 5238 5214 7353
f 7353 5214 7354
f 5214 5213 7354
f 7354 5213 7349
f 5213 5278 7349
f 7349 5278 7350
f 5278 5277 7350
f 7350 5277 7351
f 5277 5253 7351
f 7351 5253 7346
f 5253 5252 7346
f 7346 5252 7347
f 5252 5251 7347
f 7347 5251 7348
f 5251 5227 7348
f 7348 5227 7343
f 5227 5228 7343
f 7343 5228 7344
f 5228 5229 7344
f 7344 5229 7345
f 5229 5266 7345
f 7345 5266 7340
f 5266 5265 7340
f 7340 5265 7341
f 5265 5264 7341
f 7341 5264 7342
f 5264 5288 7342
f 7342 5288 7337
f 5288 5287 7337
f 7337 5287 7338
f 5287 5274 7338
f 7338 5274 7339
f 5274 5273 7339
f 7339 5273 7334
f 5273 5272 7334
f 7334 5272 7335
f 5272 5270 7335
f 7335 5270 7336
f 5270 5269 7336
f 7336 5269 7331
f 5269 5336 7331
f 7331 5336 7332
f 5336 5335 7332
f 7332 5335 7333
f 5335 5333 7333
f 7333 5333 7328
f 5333 5308 7328
f 7328 5308 7329
f 5308 5316 7329
f 7329 5316 7330
f 5316 5305 7330
f 7330 5305 7325
f 5305 5304 7325
f 7325 5304 7326
f 5304 5302 7326
f 7326 5302 7327
f 5302 5301 7327
f 7327 5301 7322
f 5301 5340 7322
f 7322 5340 7323
f 5340 5342 7323
f 7323 5342 7324
f 5342 5247 7324
f 7324 5247 7319
f 5247 5246 7319
f 7319 5246 7320
f 5246 5245 7320
f 7320 5245 7321
f 5245 5244 7321
f 7321 5244 7316
f 5244 5255 7316
f 7316 5255 7317
f 5255 5254 7317
f 7317 5254 7318
f 5254 5243 7318
f 7318 5243 7313
f 5243 5242 7313
f 7313 5242 7314
f 5242 5323 7314
f 7314 5323 7315
f 5323 5322 7315
f 7315 5322 7310
f 5322 5319 7310
f 7310 5319 7311
f 5319 5318 7311
f 7311 5318 7312
f 5318 5350 7312
f 7312 5350 7305
f 5350 5349 7305
f 7305 5349 7306
f 5349 5348 7306
f 7306 5348 7308
f 5348 5339 7308
f 7378 7379 7380
f 7379 7381 7380
f 7380 7381 7382
f 7383 7384 7380
f 7384 7385 7380
f 7380 7385 7378
f 7386 7387 7380
f 7387 7388 7380
f 7380 7388 7383
f 7389 7390 7380
f 7390 7391 7380
f 7380 7391 7386
f 7392 7393 7380
f 7393 7394 7380
f 7380 7394 7389
f 7395 7396 7380
f 7396 7397 7380
f 7380 7397 7392
f 7398 7399 7380
f 7399 7400 7380
f 7380 7400 7395
f 7401 7402 7380
f 7402 7403 7380
f 7380 7403 7398
f 7404 7405 7380
f 7405 7406 7380
f 7380 7406 7401
f 7407 7408 7380
f 7408 7409 7380
f 7380 7409 7404
f 7410 7411 7380
f 7411 7412 7380
f 7380 7412 7407
f 7413 7414 7380
f 7414 7415 7380
f 7380 7415 7410
f 7416 7417 7380
f 7417 7418 7380
f 7380 7418 7413
f 7419 7420 7380
f 7420 7421 7380
f 7380 7421 7416
f 7422 7423 7380
f 7423 7424 7380
f 7380 7424 7419
f 7425 7426 7380
f 7426 7427 7380
f 7380 7427 7422
f 7428 7429 7380
f 7429 7430 7380
f 7380 7430 7425
f 7431 7432 7380
f 7432 7433 7380
f 7380 7433 7428
f 7434 7435 7380
f 7435 7436 7380
f 7380 7436 7431
f 7437 7438 7380
f 7438 7439 7380
f 7380 7439 7434
f 7440 7441 7380
f 7441 7442 7380
f 7380 7442 7437
f 7443 7444 7380
f 7444 7445 7380
f 7380 7445 7440
f 7446 7447 7380
f 7447 7448 7380
f 7380 7448 7443
f 7382 7449 7380
f 7449 7450 7380
f 7380 7450 7446
f 7381 6151 7382
f 6151 6150 7382
f 7382 6150 7449
f 6150 6149 7449
f 7449 6149 7450
f 6149 6146 7450
f 7450 6146 7446
f 6146 6145 7446
f 7446 6145 7447
f 6145 6144 7447
f 7447 6144 7448
f 6144 6123 7448
f 7448 6123 7443
f 6123 6124 7443
f 7443 6124 7444
f 6124 6125 7444
f 7444 6125 7445
f 6125 6143 7445
f 7445 6143 7440
f 6143 6142 7440
f 7440 6142 7441
f 6142 6135 7441
f 7441 6135 7442
f 6135 6134 7442
f 7442 6134 7437
f 6134 6133 7437
f 7437 6133 7438
f 6133 6132 7438
f 7438 6132 7439
f 6132 6131 7439
f 7439 6131 7434
f 6131 6130 7434
f 7434 6130 7435
f 6130 6122 7435
f 7435 6122 7436
f 6122 6121 7436
f 7436 6121 7431
f 6121 6120 7431
f 7431 6120 7432
f 6120 6119 7432
f 7432 6119 7433
f 6119 6118 7433
f 7433 6118 7428
f 6118 6117 7428
f 7428 6117 7429
f 6117 6112 7429
f 7429 6112 7430
f 6112 6111 7430
f 7430 6111 7425
f 6111 6116 7425
f 7425 6116 7426
f 6116 6115 7426
f 7426 6115 7427
f 6115 6110 7427
f 7427 6110 7422
f 6110 6109 7422
f 7422 6109 7423
f 6109 6108 7423
f 7423 6108 7424
f 6108 6089 7424
f 7424 6089 7419
f 6089 6088 7419
f 7419 6088 7420
f 6088 6087 7420
f 7420 6087 7421
f 6087 6084 7421
f 7421 6084 7416
f 6084 6085 7416
f 7416 6085 7417
f 6085 6086 7417
f 7417 6086 7418
f 6086 6096 7418
f 7418 6096 7413
f 6096 6095 7413
f 7413 6095 7414
f 6095 6094 7414
f 7414 6094 7415
f 6094 6091 7415
f 7415 6091 7410
f 6091 6090 7410
f 7410 6090 7411
f 6090 6099 7411
f 7411 6099 7412
f 6099 6098 7412
f 7412 6098 7407
f 6098 6097 7407
f 7407 6097 7408
f 6097 6102 7408
f 7408 6102 7409
f 6102 6107 7409
f 7409 6107 7404
f 6107 6104 7404
f 7404 6104 7405
f 6104 6103 7405
f 7405 6103 7406
f 6103 6093 7406
f 7406 6093 7401
f 6093 6092 7401
f 7401 6092 7402
f 6092 6101 7402
f 7402 6101 7403
f 6101 6100 7403
f 7403 6100 7398
f 6100 6106 7398
f 7398 6106 7399
f 6106 6105 7399
f 7399 6105 7400
f 6105 6152 7400
f 7400 6152 7395
f 6152 6148 7395
f 7395 6148 7396
f 6148 6147 7396
f 7396 6147 7397
f 6147 6141 7397
f 7397 6141 7392
f 6141 6140 7392
f 7392 6140 7393
f 6140 6139 7393
f 7393 6139 7394
f 6139 6129 7394
f 7394 6129 7389
f 6129 6128 7389
f 7389 6128 7390
f 6128 6127 7390
f 7390 6127 7391
f 6127 6114 7391
f 7391 6114 7386
f 6114 6113 7386
f 7386 6113 7387
f 6113 6126 7387
f 7387 6126 7388
f 6126 6138 7388
f 7388 6138 7383
f 6138 6137 7383
f 7383 6137 7384
f 6137 6136 7384
f 7384 6136 7385
f 6136 6155 7385
f 7385 6155 7378
f 6155 6154 7378
f 7378 6154 7379
f 6154 6153 7379
f 7379 6153 7381
f 6153 6151 7381
f 7451 7452 7453
f 7452 7454 7453
f 7453 7454 7455
f 7456 7457 7453
f 7457 7458 7453
f 7453 7458 7451
f 7459 7460 7453
f 7460 7461 7453
f 7453 7461 7456
f 7462 7463 7453
f 7463 7464 7453
f 7453 7464 7459
f 7465 7466 7453
f 7466 7467 7453
f 7453 7467 7462
f 7468 7469 7453
f 7469 7470 7453
f 7453 7470 7465
f 7471 7472 7453
f 7472 7473 7453
f 7453 7473 7468
f 7474 7475 7453
f 7475 7476 7453
f 7453 7476 7471
f 7477 7478 7453
f 7478 7479 7453
f 7453 7479 7474
f 7480 7481 7453
f 7481 7482 7453
f 7453 7482 7477
f 7483 7484 7453
f 7484 7485 7453
f 7453 7485 7480
f 7486 7487 7453
f 7487 7488 7453
f 7453 7488 7483
f 7489 7490 7453
f 7490 7491 7453
f 7453 7491 7486
f 7492 7493 7453
f 7493 7494 7453
f 7453 7494 7489
f 7495 7496 7453
f 7496 7497 7453
f 7453 7497 7492
f 7498 7499 7453
f 7499 7500 7453
f 7453 7500 7495
f 7501 7502 7453
f 7502 7503 7453
f 7453 7503 7498
f 7504 7505 7453
f 7505 7506 7453
f 7453 7506 7501
f 7507 7508 7453
f 7508 7509 7453
f 7453 7509 7504
f 7510 7511 7453
f 7511 7512 7453
f 7453 7512 7507
f 7513 7514 7453
f 7514 7515 7453
f 7453 7515 7510
f 7516 7517 7453
f 7517 7518 7453
f 7453 7518 7513
f 7519 7520 7453
f 7520 7521 7453
f 7453 7521 7516
f 7455 7522 7453
f 7522 7523 7453
f 7453 7523 7519
f 7454 5884 7455
f 5884 5881 7455
f 7455 5881 7522
f 5881 5880 7522
f 7522 5880 7523
f 5880 5879 7523
f 7523 5879 7519
f 5879 5878 7519
f 7519 5878 7520
f 5878 5877 7520
f 7520 5877 7521
f 5877 5876 7521
f 7521 5876 7516
f 5876 5873 7516
f 7516 5873 7517
f 5873 5872 7517
f 7517 5872 7518
f 5872 5871 7518
f 7518 5871 7513
f 5871 5870 7513
f 7513 5870 7514
f 5870 5903 7514
f 7514 5903 7515
f 5903 5902 7515
f 7515 5902 7510
f 5902 5901 7510
f 7510 5901 7511
f 5901 5916 7511
f 7511 5916 7512
f 5916 5915 7512
f 7512 5915 7507
f 5915 5914 7507
f 7507 5914 7508
f 5914 5913 7508
f 7508 5913 7509
f 5913 5930 7509
f 7509 5930 7504
f 5930 5929 7504
f 7504 5929 7505
f 5929 5928 7505
f 7505 5928 7506
f 5928 5927 7506
f 7506 5927 7501
f 5927 5926 7501
f 7501 5926 7502
f 5926 5925 7502
f 7502 5925 7503
f 5925 5924 7503
f 7503 5924 7498
f 5924 5923 7498
f 7498 5923 7499
f 5923 5900 7499
f 7499 5900 7500
f 5900 5899 7500
f 7500 5899 7495
f 5899 5898 7495
f 7495 5898 7496
f 5898 5897 7496
f 7496 5897 7497
f 5897 5896 7497
f 7497 5896 7492
f 5896 5895 7492
f 7492 5895 7493
f 5895 5889 7493
f 7493 5889 7494
f 5889 5888 7494
f 7494 5888 7489
f 5888 5887 7489
f 7489 5887 7490
f 5887 5868 7490
f 7490 5868 7491
f 5868 5867 7491
f 7491 5867 7486
f 5867 5886 7486
f 7486 5886 7487
f 5886 5885 7487
f 7487 5885 7488
f 5885 5875 7488
f 7488 5875 7483
f 5875 5874 7483
f 7483 5874 7484
f 5874 5907 7484
f 7484 5907 7485
f 5907 5906 7485
f 7485 5906 7480
f 5906 5894 7480
f 7480 5894 7481
f 5894 5893 7481
f 7481 5893 7482
f 5893 5892 7482
f 7482 5892 7477
f 5892 5905 7477
f 7477 5905 7478
f 5905 5904 7478
f 7478 5904 7479
f 5904 5891 7479
f 7479 5891 7474
f 5891 5890 7474
f 7474 5890 7475
f 5890 5912 7475
f 7475 5912 7476
f 5912 5911 7476
f 7476 5911 7471
f 5911 5910 7471
f 7471 5910 7472
f 5910 5935 7472
f 7472 5935 7473
f 5935 5934 7473
f 7473 5934 7468
f 5934 5939 7468
f 7468 5939 7469
f 5939 5938 7469
f 7469 5938 7470
f 5938 5922 7470
f 7470 5922 7465
f 5922 5921 7465
f 7465 5921 7466
f 5921 5920 7466
f 7466 5920 7467
f 5920 5919 7467
f 7467 5919 7462
f 5919 5918 7462
f 7462 5918 7463
f 5918 5917 7463
f 7463 5917 7464
f 5917 5909 7464
f 7464 5909 7459
f 5909 5908 7459
f 7459 5908 7460
f 5908 5937 7460
f 7460 5937 7461
f 5937 5936 7461
f 7461 5936 7456
f 5936 5933 7456
f 7456 5933 7457
f 5933 5932 7457
f 7457 5932 7458
f 5932 5931 7458
f 7458 5931 7451
f 5931 5882 7451
f 7451 5882 7452
f 5882 5883 7452
f 7452 5883 7454
f 5883 5884 7454
f 7524 7525 7526
f 7525 7527 7526
f 7526 7527 7528
f 7529 7530 7526
f 7530 7531 7526
f 7526 7531 7524
f 7532 7533 7526
f 7533 7534 7526
f 7526 7534 7529
f 7535 7536 7526
f 7536 7537 7526
f 7526 7537 7532
f 7538 7539 7526
f 7539 7540 7526
f 7526 7540 7535
f 7541 7542 7526
f 7542 7543 7526
f 7526 7543 7538
f 7544 7545 7526
f 7545 7546 7526
f 7526 7546 7541
f 7547 7548 7526
f 7548 7549 7526
f 7526 7549 7544
f 7550 7551 7526
f 7551 7552 7526
f 7526 7552 7547
f 7553 7554 7526
f 7554 7555 7526
f 7526 7555 7550
f 7556 7557 7526
f 7557 7558 7526
f 7526 7558 7553
f 7559 7560 7526
f 7560 7561 7526
f 7526 7561 7556
f 7562 7563 7526
f 7563 7564 7526
f 7526 7564 7559
f 7565 7566 7526
f 7566 7567 7526
f 7526 7567 7562
f 7568 7569 7526
f 7569 7570 7526
f 7526 7570 7565
f 7571 7572 7526
f 7572 7573 7526
f 7526 7573 7568
f 7574 7575 7526
f 7575 7576 7526
f 7526 7576 7571
f 7577 7578 7526
f 7578 7579 7526
f 7526 7579 7574
f 7580 7581 7526
f 7581 7582 7526
f 7526 7582 7577
f 7583 7584 7526
f 7584 7585 7526
f 7526 7585 7580
f 7586 7587 7526
f 7587 7588 7526
f 7526 7588 7583
f 7589 7590 7526
f 7590 7591 7526
f 7526 7591 7586
f 7592 7593 7526
f 7593 7594 7526
f 7526 7594 7589
f 7528 7595 7526
f 7595 7596 7526
f 7526 7596 7592
f 7527 5400 7528
f 5400 5399 7528
f 7528 5399 7595
f 5399 5398 7595
f 7595 5398 7596
f 5398 5397 7596
f 7596 5397 7592
f 5397 5393 7592
f 7592 5393 7593
f 5393 5392 7593
f 7593 5392 7594
f 5392 5396 7594
f 7594 5396 7589
f 5396 5413 7589
f 7589 5413 7590
f 5413 5412 7590
f 7590 5412 7591
f 5412 5411 7591
f 7591 5411 7586
f 5411 5418 7586
f 7586 5418 7587
f 5418 5417 7587
f 7587 5417 7588
f 5417 5416 7588
f 7588 5416 7583
f 5416 5359 7583
f 7583 5359 7584
f 5359 5406 7584
f 7584 5406 7585
f 5406 5405 7585
f 7585 5405 7580
f 5405 5404 7580
f 7580 5404 7581
f 5404 5391 7581
f 7581 5391 7582
f 5391 5394 7582
f 7582 5394 7577
f 5394 5395 7577
f 7577 5395 7578
f 5395 5403 7578
f 7578 5403 7579
f 5403 5377 7579
f 7579 5377 7574
f 5377 5376 7574
f 7574 5376 7575
f 5376 5375 7575
f 7575 5375 7576
f 5375 5374 7576
f 7576 5374 7571
f 5374 5373 7571
f 7571 5373 7572
f 5373 5372 7572
f 7572 5372 7573
f 5372 5390 7573
f 7573 5390 7568
f 5390 5389 7568
f 7568 5389 7569
f 5389 5388 7569
f 7569 5388 7570
f 5388 5387 7570
f 7570 5387 7565
f 5387 5386 7565
f 7565 5386 7566
f 5386 5364 7566
f 7566 5364 7567
f 5364 5365 7567
f 7567 5365 7562
f 5365 5366 7562
f 7562 5366 7563
f 5366 5371 7563
f 7563 5371 7564
f 5371 5385 7564
f 7564 5385 7559
f 5385 5384 7559
f 7559 5384 7560
f 5384 5370 7560
f 7560 5370 7561
f 5370 5369 7561
f 7561 5369 7556
f 5369 5368 7556
f 7556 5368 7557
f 5368 5367 7557
f 7557 5367 7558
f 5367 5383 7558
f 7558 5383 7553
f 5383 5382 7553
f 7553 5382 7554
f 5382 5358 7554
f 7554 5358 7555
f 5358 5357 7555
f 7555 5357 7550
f 5357 5361 7550
f 7550 5361 7551
f 5361 5360 7551
f 7551 5360 7552
f 5360 5356 7552
f 7552 5356 7547
f 5356 5355 7547
f 7547 5355 7548
f 5355 5381 7548
f 7548 5381 7549
f 5381 5380 7549
f 7549 5380 7544
f 5380 5363 7544
f 7544 5363 7545
f 5363 5362 7545
f 7545 5362 7546
f 5362 5378 7546
f 7546 5378 7541
f 5378 5379 7541
f 7541 5379 7542
f 5379 5410 7542
f 7542 5410 7543
f 5410 5409 7543
f 7543 5409 7538
f 5409 5402 7538
f 7538 5402 7539
f 5402 5401 7539
f 7539 5401 7540
f 5401 5415 7540
f 7540 5415 7535
f 5415 5414 7535
f 7535 5414 7536
f 5414 5408 7536
f 7536 5408 7537
f 5408 5407 7537
f 7537 5407 7532
f 5407 5426 7532
f 7532 5426 7533
f 5426 5425 7533
f 7533 5425 7534
f 5425 5424 7534
f 7534 5424 7529
f 5424 5423 7529
f 7529 5423 7530
f 5423 5422 7530
f 7530 5422 7531
f 5422 5421 7531
f 7531 5421 7524
f 5421 5420 7524
f 7524 5420 7525
f 5420 5419 7525
f 7525 5419 7527
f 5419 5400 7527
f 7597 7598 7599
f 7598 7600 7599
f 7599 7600 7601
f 7602 7603 7599
f 7603 7604 7599
f 7599 7604 7597
f 7605 7606 7599
f 7606 7607 7599
f 7599 7607 7602
f 7608 7609 7599
f 7609 7610 7599
f 7599 7610 7605
f 7611 7612 7599
f 7612 7613 7599
f 7599 7613 7608
f 7614 7615 7599
f 7615 7616 7599
f 7599 7616 7611
f 7617 7618 7599
f 7618 7619 7599
f 7599 7619 7614
f 7620 7621 7599
f 7621 7622 7599
f 7599 7622 7617
f 7623 7624 7599
f 7624 7625 7599
f 7599 7625 7620
f 7626 7627 7599
f 7627 7628 7599
f 7599 7628 7623
f 7629 7630 7599
f 7630 7631 7599
f 7599 7631 7626
f 7632 7633 7599
f 7633 7634 7599
f 7599 7634 7629
f 7635 7636 7599
f 7636 7637 7599
f 7599 7637 7632
f 7638 7639 7599
f 7639 7640 7599
f 7599 7640 7635
f 7641 7642 7599
f 7642 7643 7599
f 7599 7643 7638
f 7644 7645 7599
f 7645 7646 7599
f 7599 7646 7641
f 7647 7648 7599
f 7648 7649 7599
f 7599 7649 7644
f 7650 7651 7599
f 7651 7652 7599
f 7599 7652 7647
f 7653 7654 7599
f 7654 7655 7599
f 7599 7655 7650
f 7656 7657 7599
f 7657 7658 7599
f 7599 7658 7653
f 7659 7660 7599
f 7660 7661 7599
f 7599 7661 7656
f 7662 7663 7599
f 7663 7664 7599
f 7599 7664 7659
f 7665 7666 7599
f 7666 7667 7599
f 7599 7667 7662
f 7601 7668 7599
f 7668 7669 7599
f 7599 7669 7665
f 7600 5628 7601
f 5628 5606 7601
f 7601 5606 7668
f 5606 5605 7668
f 7668 5605 7669
f 5605 5604 7669
f 7669 5604 7665
f 5604 5587 7665
f 7665 5587 7666
f 5587 5586 7666
f 7666 5586 7667
f 5586 5585 7667
f 7667 5585 7662
f 5585 5584 7662
f 7662 5584 7663
f 5584 5596 7663
f 7663 5596 7664
f 5596 5595 7664
f 7664 5595 7659
f 5595 5583 7659
f 7659 5583 7660
f 5583 5582 7660
f 7660 5582 7661
f 5582 5640 7661
f 7661 5640 7656
f 5640 5639 7656
f 7656 5639 7657
f 5639 5603 7657
f 7657 5603 7658
f 5603 5602 7658
f 7658 5602 7653
f 5602 5645 7653
f 7653 5645 7654
f 5645 5644 7654
f 7654 5644 7655
f 5644 5643 7655
f 7655 5643 7650
f 5643 5581 7650
f 7650 5581 7651
f 5581 5580 7651
f 7651 5580 7652
f 5580 5638 7652
f 7652 5638 7647
f 5638 5637 7647
f 7647 5637 7648
f 5637 5627 7648
f 7648 5627 7649
f 5627 5626 7649
f 7649 5626 7644
f 5626 5625 7644
f 7644 5625 7645
f 5625 5624 7645
f 7645 5624 7646
f 5624 5623 7646
f 7646 5623 7641
f 5623 5622 7641
f 7641 5622 7642
f 5622 5579 7642
f 7642 5579 7643
f 5579 5578 7643
f 7643 5578 7638
f 5578 5621 7638
f 7638 5621 7639
f 5621 5620 7639
f 7639 5620 7640
f 5620 5577 7640
f 7640 5577 7635
f 5577 5576 7635
f 7635 5576 7636
f 5576 5593 7636
f 7636 5593 7637
f 5593 5594 7637
f 7637 5594 7632
f 5594 5601 7632
f 7632 5601 7633
f 5601 5600 7633
f 7633 5600 7634
f 5600 5599 7634
f 7634 5599 7629
f 5599 5598 7629
f 7629 5598 7630
f 5598 5597 7630
f 7630 5597 7631
f 5597 5592 7631
f 7631 5592 7626
f 5592 5591 7626
f 7626 5591 7627
f 5591 5636 7627
f 7627 5636 7628
f 5636 5635 7628
f 7628 5635 7623
f 5635 5619 7623
f 7623 5619 7624
f 5619 5618 7624
f 7624 5618 7625
f 5618 5642 7625
f 7625 5642 7620
f 5642 5641 7620
f 7620 5641 7621
f 5641 5617 7621
f 7621 5617 7622
f 5617 5616 7622
f 7622 5616 7617
f 5616 5615 7617
f 7617 5615 7618
f 5615 5614 7618
f 7618 5614 7619
f 5614 5613 7619
f 7619 5613 7614
f 5613 5612 7614
f 7614 5612 7615
f 5612 5611 7615
f 7615 5611 7616
f 5611 5634 7616
f 7616 5634 7611
f 5634 5633 7611
f 7611 5633 7612
f 5633 5610 7612
f 7612 5610 7613
f 5610 5609 7613
f 7613 5609 7608
f 5609 5608 7608
f 7608 5608 7609
f 5608 5607 7609
f 7609 5607 7610
f 5607 5632 7610
f 7610 5632 7605
f 5632 5631 7605
f 7605 5631 7606
f 5631 5590 7606
f 7606 5590 7607
f 5590 5589 7607
f 7607 5589 7602
f 5589 5588 7602
f 7602 5588 7603
f 5588 5575 7603
f 7603 5575 7604
f 5575 5574 7604
f 7604 5574 7597
f 5574 5630 7597
f 7597 5630 7598
f 5630 5629 7598
f 7598 5629 7600
f 5629 5628 7600
f 7670 7671 7672
f 7671 7673 7672
f 7672 7673 7674
f 7675 7676 7672
f 7676 7677 7672
f 7672 7677 7670
f 7678 7679 7672
f 7679 7680 7672
f 7672 7680 7675
f 7681 7682 7672
f 7682 7683 7672
f 7672 7683 7678
f 7684 7685 7672
f 7685 7686 7672
f 7672 7686 7681
f 7687 7688 7672
f 7688 7689 7672
f 7672 7689 7684
f 7690 7691 7672
f 7691 7692 7672
f 7672 7692 7687
f 7693 7694 7672
f 7694 7695 7672
f 7672 7695 7690
f 7696 7697 7672
f 7697 7698 7672
f 7672 7698 7693
f 7699 7700 7672
f 7700 7701 7672
f 7672 7701 7696
f 7702 7703 7672
f 7703 7704 7672
f 7672 7704 7699
f 7705 7706 7672
f 7706 7707 7672
f 7672 7707 7702
f 7708 7709 7672
f 7709 7710 7672
f 7672 7710 7705
f 7711 7712 7672
f 7712 7713 7672
f 7672 7713 7708
f 7714 7715 7672
f 7715 7716 7672
f 7672 7716 7711
f 7717 7718 7672
f 7718 7719 7672
f 7672 7719 7714
f 7720 7721 7672
f 7721 7722 7672
f 7672 7722 7717
f 7723 7724 7672
f 7724 7725 7672
f 7672 7725 7720
f 7726 7727 7672
f 7727 7728 7672
f 7672 7728 7723
f 7729 7730 7672
f 7730 7731 7672
f 7672 7731 7726
f 7732 7733 7672
f 7733 7734 7672
f 7672 7734 7729
f 7735 7736 7672
f 7736 7737 7672
f 7672 7737 7732
f 7738 7739 7672
f 7739 7740 7672
f 7672 7740 7735
f 7674 7741 7672
f 7741 7742 7672
f 7672 7742 7738
f 7673 6162 7674
f 6162 6161 7674
f 7674 6161 7741
f 6161 6160 7741
f 7741 6160 7742
f 6160 6159 7742
f 7742 6159 7738
f 6159 6182 7738
f 7738 6182 7739
f 6182 6181 7739
f 7739 6181 7740
f 6181 6178 7740
f 7740 6178 7735
f 6178 6179 7735
f 7735 6179 7736
f 6179 6180 7736
f 7736 6180 7737
f 6180 6189 7737
f 7737 6189 7732
f 6189 6188 7732
f 7732 6188 7733
f 6188 6177 7733
f 7733 6177 7734
f 6177 6176 7734
f 7734 6176 7729
f 6176 6201 7729
f 7729 6201 7730
f 6201 6200 7730
f 7730 6200 7731
f 6200 6199 7731
f 7731 6199 7726
f 6199 6209 7726
f 7726 6209 7727
f 6209 6208 7727
f 7727 6208 7728
f 6208 6207 7728
f 7728 6207 7723
f 6207 6206 7723
f 7723 6206 7724
f 6206 6205 7724
f 7724 6205 7725
f 6205 6204 7725
f 7725 6204 7720
f 6204 6192 7720
f 7720 6192 7721
f 6192 6191 7721
f 7721 6191 7722
f 6191 6190 7722
f 7722 6190 7717
f 6190 6175 7717
f 7717 6175 7718
f 6175 6174 7718
f 7718 6174 7719
f 6174 6173 7719
f 7719 6173 7714
f 6173 6172 7714
f 7714 6172 7715
f 6172 6171 7715
f 7715 6171 7716
f 6171 6170 7716
f 7716 6170 7711
f 6170 6169 7711
f 7711 6169 7712
f 6169 6168 7712
f 7712 6168 7713
f 6168 6167 7713
f 7713 6167 7708
f 6167 6157 7708
f 7708 6157 7709
f 6157 6156 7709
f 7709 6156 7710
f 6156 6158 7710
f 7710 6158 7705
f 6158 6187 7705
f 7705 6187 7706
f 6187 6186 7706
f 7706 6186 7707
f 6186 6183 7707
f 7707 6183 7702
f 6183 6184 7702
f 7702 6184 7703
f 6184 6185 7703
f 7703 6185 7704
f 6185 6210 7704
f 7704 6210 7699
f 6210 6195 7699
f 7699 6195 7700
f 6195 6194 7700
f 7700 6194 7701
f 6194 6193 7701
f 7701 6193 7696
f 6193 6198 7696
f 7696 6198 7697
f 6198 6197 7697
f 7697 6197 7698
f 6197 6196 7698
f 7698 6196 7693
f 6196 6203 7693
f 7693 6203 7694
f 6203 6202 7694
f 7694 6202 7695
f 6202 6217 7695
f 7695 6217 7690
f 6217 6218 7690
f 7690 6218 7691
f 6218 6224 7691
f 7691 6224 7692
f 6224 6225 7692
f 7692 6225 7687
f 6225 6226 7687
f 7687 6226 7688
f 6226 6227 7688
f 7688 6227 7689
f 6227 6223 7689
f 7689 6223 7684
f 6223 6222 7684
f 7684 6222 7685
f 6222 6214 7685
f 7685 6214 7686
f 6214 6213 7686
f 7686 6213 7681
f 6213 6212 7681
f 7681 6212 7682
f 6212 6211 7682
f 7682 6211 7683
f 6211 6220 7683
f 7683 6220 7678
f 6220 6219 7678
f 7678 6219 7679
f 6219 6216 7679
f 7679 6216 7680
f 6216 6215 7680
f 7680 6215 7675
f 6215 6221 7675
f 7675 6221 7676
f 6221 6166 7676
f 7676 6166 7677
f 6166 6165 7677
f 7677 6165 7670
f 6165 6164 7670
f 7670 6164 7671
f 6164 6163 7671
f 7671 6163 7673
f 6163 6162 7673
f 7743 7744 7745
f 7744 7746 7745
f 7745 7746 7747
f 7748 7749 7745
f 7749 7750 7745
f 7745 7750 7743
f 7751 7752 7745
f 7752 7753 7745
f 7745 7753 7748
f 7754 7755 7745
f 7755 7756 7745
f 7745 7756 7751
f 7757 7758 7745
f 7758 7759 7745
f 7745 7759 7754
f 7760 7761 7745
f 7761 7762 7745
f 7745 7762 7757
f 7763 7764 7745
f 7764 7765 7745
f 7745 7765 7760
f 7766 7767 7745
f 7767 7768 7745
f 7745 7768 7763
f 7769 7770 7745
f 7770 7771 7745
f 7745 7771 7766
f 7772 7773 7745
f 7773 7774 7745
f 7745 7774 7769
f 7775 7776 7745
f 7776 7777 7745
f 7745 7777 7772
f 7778 7779 7745
f 7779 7780 7745
f 7745 7780 7775
f 7781 7782 7745
f 7782 7783 7745
f 7745 7783 7778
f 7784 7785 7745
f 7785 7786 7745
f 7745 7786 7781
f 7787 7788 7745
f 7788 7789 7745
f 7745 7789 7784
f 7790 7791 7745
f 7791 7792 7745
f 7745 7792 7787
f 7793 7794 7745
f 7794 7795 7745
f 7745 7795 7790
f 7796 7797 7745
f 7797 7798 7745
f 7745 7798 7793
f 7799 7800 7745
f 7800 7801 7745
f 7745 7801 7796
f 7802 7803 7745
f 7803 7804 7745
f 7745 7804 7799
f 7805 7806 7745
f 7806 7807 7745
f 7745 7807 7802
f 7808 7809 7745
f 7809 7810 7745
f 7745 7810 7805
f 7811 7812 7745
f 7812 7813 7745
f 7745 7813 7808
f 7747 7814 7745
f 7814 7815 7745
f 7745 7815 7811
f 7746 5860 7747
f 5860 5859 7747
f 7747 5859 7814
f 5859 5846 7814
f 7814 5846 7815
f 5846 5845 7815
f 7815 5845 7811
f 5845 5844 7811
f 7811 5844 7812
f 5844 5834 7812
f 7812 5834 7813
f 5834 5833 7813
f 7813 5833 7808
f 5833 5832 7808
f 7808 5832 7809
f 5832 5831 7809
f 7809 5831 7810
f 5831 5850 7810
f 7810 5850 7805
f 5850 5849 7805
f 7805 5849 7806
f 5849 5843 7806
f 7806 5843 7807
f 5843 5842 7807
f 7807 5842 7802
f 5842 5841 7802
f 7802 5841 7803
f 5841 5816 7803
f 7803 5816 7804
f 5816 5817 7804
f 7804 5817 7799
f 5817 5818 7799
f 7799 5818 7800
f 5818 5830 7800
f 7800 5830 7801
f 5830 5829 7801
f 7801 5829 7796
f 5829 5828 7796
f 7796 5828 7797
f 5828 5815 7797
f 7797 5815 7798
f 5815 5814 7798
f 7798 5814 7793
f 5814 5827 7793
f 7793 5827 7794
f 5827 5826 7794
f 7794 5826 7795
f 5826 5825 7795
f 7795 5825 7790
f 5825 5840 7790
f 7790 5840 7791
f 5840 5839 7791
f 7791 5839 7792
f 5839 5824 7792
f 7792 5824 7787
f 5824 5823 7787
f 7787 5823 7788
f 5823 5822 7788
f 7788 5822 7789
f 5822 5821 7789
f 7789 5821 7784
f 5821 5820 7784
f 7784 5820 7785
f 5820 5819 7785
f 7785 5819 7786
f 5819 5798 7786
f 7786 5798 7781
f 5798 5797 7781
f 7781 5797 7782
f 5797 4862 7782
f 7782 4862 7783
f 4862 4861 7783
f 7783 4861 7778
f 4861 5802 7778
f 7778 5802 7779
f 5802 5801 7779
f 7779 5801 7780
f 5801 5800 7780
f 7780 5800 7775
f 5800 5799 7775
f 7775 5799 7776
f 5799 5813 7776
f 7776 5813 7777
f 5813 5812 7777
f 7777 5812 7772
f 5812 5805 7772
f 7772 5805 7773
f 5805 5804 7773
f 7773 5804 7774
f 5804 5803 7774
f 7774 5803 7769
f 5803 5811 7769
f 7769 5811 7770
f 5811 5810 7770
f 7770 5810 7771
f 5810 5809 7771
f 7771 5809 7766
f 5809 5808 7766
f 7766 5808 7767
f 5808 5807 7767
f 7767 5807 7768
f 5807 5806 7768
f 7768 5806 7763
f 5806 5848 7763
f 7763 5848 7764
f 5848 5847 7764
f 7764 5847 7765
f 5847 5858 7765
f 7765 5858 7760
f 5858 5857 7760
f 7760 5857 7761
f 5857 5856 7761
f 7761 5856 7762
f 5856 5855 7762
f 7762 5855 7757
f 5855 5854 7757
f 7757 5854 7758
f 5854 5853 7758
f 7758 5853 7759
f 5853 5852 7759
f 7759 5852 7754
f 5852 5851 7754
f 7754 5851 7755
f 5851 5838 7755
f 7755 5838 7756
f 5838 5837 7756
f 7756 5837 7751
f 5837 5836 7751
f 7751 5836 7752
f 5836 5835 7752
f 7752 5835 7753
f 5835 5866 7753
f 7753 5866 7748
f 5866 5865 7748
f 7748 5865 7749
f 5865 5864 7749
f 7749 5864 7750
f 5864 5863 7750
f 7750 5863 7743
f 5863 5862 7743
f 7743 5862 7744
f 5862 5861 7744
f 7744 5861 7746
f 5861 5860 7746
f 7816 7817 7818
f 7817 7819 7818
f 7818 7819 7820
f 7821 7822 7818
f 7822 7823 7818
f 7818 7823 7816
f 7824 7825 7818
f 7825 7826 7818
f 7818 7826 7821
f 7827 7828 7818
f 7828 7829 7818
f 7818 7829 7824
f 7830 7831 7818
f 7831 7832 7818
f 7818 7832 7827
f 7833 7834 7818
f 7834 7835 7818
f 7818 7835 7830
f 7836 7837 7818
f 7837 7838 7818
f 7818 7838 7833
f 7839 7840 7818
f 7840 7841 7818
f 7818 7841 7836
f 7842 7843 7818
f 7843 7844 7818
f 7818 7844 7839
f 7845 7846 7818
f 7846 7847 7818
f 7818 7847 7842
f 7848 7849 7818
f 7849 7850 7818
f 7818 7850 7845
f 7851 7852 7818
f 7852 7853 7818
f 7818 7853 7848
f 7854 7855 7818
f 7855 7856 7818
f 7818 7856 7851
f 7857 7858 7818
f 7858 7859 7818
f 7818 7859 7854
f 7860 7861 7818
f 7861 7862 7818
f 7818 7862 7857
f 7863 7864 7818
f 7864 7865 7818
f 7818 7865 7860
f 7866 7867 7818
f 7867 7868 7818
f 7818 7868 7863
f 7869 7870 7818
f 7870 7871 7818
f 7818 7871 7866
f 7872 7873 7818
f 7873 7874 7818
f 7818 7874 7869
f 7875 7876 7818
f 7876 7877 7818
f 7818 7877 7872
f 7878 7879 7818
f 7879 7880 7818
f 7818 7880 7875
f 7881 7882 7818
f 7882 7883 7818
f 7818 7883 7878
f 7884 7885 7818
f 7885 7886 7818
f 7818 7886 7881
f 7820 7887 7818
f 7887 7888 7818
f 7818 7888 7884
f 7819 5345 7820
f 5345 5327 7820
f 7820 5327 7887
f 5327 5326 7887
f 7887 5326 7888
f 5326 5325 7888
f 7888 5325 7884
f 5325 5324 7884
f 7884 5324 7885
f 5324 5268 7885
f 7885 5268 7886
f 5268 5267 7886
f 7886 5267 7881
f 5267 5300 7881
f 7881 5300 7882
f 5300 5299 7882
f 7882 5299 7883
f 5299 5298 7883
f 7883 5298 7878
f 5298 5344 7878
f 7878 5344 7879
f 5344 5343 7879
f 7879 5343 7880
f 5343 5341 7880
f 7880 5341 7875
f 5341 5303 7875
f 7875 5303 7876
f 5303 5317 7876
f 7876 5317 7877
f 5317 5310 7877
f 7877 5310 7872
f 5310 5309 7872
f 7872 5309 7873
f 5309 5307 7873
f 7873 5307 7874
f 5307 5306 7874
f 7874 5306 7869
f 5306 5332 7869
f 7869 5332 7870
f 5332 5334 7870
f 7870 5334 7871
f 5334 5271 7871
f 7871 5271 7866
f 5271 5297 7866
f 7866 5297 7867
f 5297 5296 7867
f 7867 5296 7868
f 5296 5295 7868
f 7868 5295 7863
f 5295 5263 7863
f 7863 5263 7864
f 5263 5262 7864
f 7864 5262 7865
f 5262 5261 7865
f 7865 5261 7860
f 5261 5260 7860
f 7860 5260 7861
f 5260 5280 7861
f 7861 5280 7862
f 5280 5279 7862
f 7862 5279 7857
f 5279 5259 7857
f 7857 5259 7858
f 5259 5258 7858
f 7858 5258 7859
f 5258 5257 7859
f 7859 5257 7854
f 5257 5256 7854
f 7854 5256 7855
f 5256 5226 7855
f 7855 5226 7856
f 5226 5225 7856
f 7856 5225 7851
f 5225 5224 7851
f 7851 5224 7852
f 5224 5223 7852
f 7852 5223 7853
f 5223 5276 7853
f 7853 5276 7848
f 5276 5275 7848
f 7848 5275 7849
f 5275 5250 7849
f 7849 5250 7850
f 5250 5249 7850
f 7850 5249 7845
f 5249 5248 7845
f 7845 5248 7846
f 5248 5211 7846
f 7846 5211 7847
f 5211 5210 7847
f 7847 5210 7842
f 5210 5237 7842
f 7842 5237 7843
f 5237 5236 7843
f 7843 5236 7844
f 5236 5222 7844
f 7844 5222 7839
f 5222 5221 7839
f 7839 5221 7840
f 5221 5220 7840
f 7840 5220 7841
f 5220 5219 7841
f 7841 5219 7836
f 5219 5286 7836
f 7836 5286 7837
f 5286 5285 7837
f 7837 5285 7838
f 5285 5284 7838
f 7838 5284 7833
f 5284 5283 7833
f 7833 5283 7834
f 5283 5331 7834
f 7834 5331 7835
f 5331 5330 7835
f 7835 5330 7830
f 5330 5315 7830
f 7830 5315 7831
f 5315 5314 7831
f 7831 5314 7832
f 5314 5329 7832
f 7832 5329 7827
f 5329 5328 7827
f 7827 5328 7828
f 5328 5321 7828
f 7828 5321 7829
f 5321 5320 7829
f 7829 5320 7824
f 5320 5354 7824
f 7824 5354 7825
f 5354 5353 7825
f 7825 5353 7826
f 5353 5282 7826
f 7826 5282 7821
f 5282 5281 7821
f 7821 5281 7822
f 5281 5352 7822
f 7822 5352 7823
f 5352 5351 7823
f 7823 5351 7816
f 5351 5347 7816
f 7816 5347 7817
f 5347 5346 7817
f 7817 5346 7819
f 5346 5345 7819
f 7889 7890 7891
f 7890 7892 7891
f 7891 7892 7893
f 7894 7895 7891
f 7895 7896 7891
f 7891 7896 7889
f 7897 7898 7891
f 7898 7899 7891
f 7891 7899 7894
f 7900 7901 7891
f 7901 7902 7891
f 7891 7902 7897
f 7903 7904 7891
f 7904 7905 7891
f 7891 7905 7900
f 7906 7907 7891
f 7907 7908 7891
f 7891 7908 7903
f 7909 7910 7891
f 7910 7911 7891
f 7891 7911 7906
f 7912 7913 7891
f 7913 7914 7891
f 7891 7914 7909
f 7915 7916 7891
f 7916 7917 7891
f 7891 7917 7912
f 7918 7919 7891
f 7919 7920 7891
f 7891 7920 7915
f 7921 7922 7891
f 7922 7923 7891
f 7891 7923 7918
f 7924 7925 7891
f 7925 7926 7891
f 7891 7926 7921
f 7927 7928 7891
f 7928 7929 7891
f 7891 7929 7924
f 7930 7931 7891
f 7931 7932 7891
f 7891 7932 7927
f 7933 7934 7891
f 7934 7935 7891
f 7891 7935 7930
f 7936 7937 7891
f 7937 7938 7891
f 7891 7938 7933
f 7939 7940 7891
f 7940 7941 7891
f 7891 7941 7936
f 7942 7943 7891
f 7943 7944 7891
f 7891 7944 7939
f 7945 7946 7891
f 7946 7947 7891
f 7891 7947 7942
f 7948 7949 7891
f 7949 7950 7891
f 7891 7950 7945
f 7951 7952 7891
f 7952 7953 7891
f 7891 7953 7948
f 7954 7955 7891
f 7955 7956 7891
f 7891 7956 7951
f 7957 7958 7891
f 7958 7959 7891
f 7891 7959 7954
f 7893 7960 7891
f 7960 7961 7891
f 7891 7961 7957
f 7892 5568 7893
f 5568 5567 7893
f 7893 5567 7960
f 5567 5564 7960
f 7960 5564 7961
f 5564 5563 7961
f 7961 5563 7957
f 5563 5562 7957
f 7957 5562 7958
f 5562 5561 7958
f 7958 5561 7959
f 5561 5566 7959
f 7959 5566 7954
f 5566 5565 7954
f 7954 5565 7955
f 5565 5522 7955
f 7955 5522 7956
f 5522 5521 7956
f 7956 5521 7951
f 5521 5520 7951
f 7951 5520 7952
f 5520 5519 7952
f 7952 5519 7953
f 5519 5553 7953
f 7953 5553 7948
f 5553 5552 7948
f 7948 5552 7949
f 5552 5547 7949
f 7949 5547 7950
f 5547 5546 7950
f 7950 5546 7945
f 5546 5545 7945
f 7945 5545 7946
f 5545 5532 7946
f 7946 5532 7947
f 5532 5509 7947
f 7947 5509 7942
f 5509 5508 7942
f 7942 5508 7943
f 5508 5507 7943
f 7943 5507 7944
f 5507 5504 7944
f 7944 5504 7939
f 5504 5505 7939
f 7939 5505 7940
f 5505 5506 7940
f 7940 5506 7941
f 5506 5515 7941
f 7941 5515 7936
f 5515 5514 7936
f 7936 5514 7937
f 5514 5513 7937
f 7937 5513 7938
f 5513 5544 7938
f 7938 5544 7933
f 5544 5543 7933
f 7933 5543 7934
f 5543 5542 7934
f 7934 5542 7935
f 5542 5560 7935
f 7935 5560 7930
f 5560 5559 7930
f 7930 5559 7931
f 5559 5551 7931
f 7931 5551 7932
f 5551 5550 7932
f 7932 5550 7927
f 5550 5549 7927
f 7927 5549 7928
f 5549 5516 7928
f 7928 5516 7929
f 5516 5517 7929
f 7929 5517 7924
f 5517 5518 7924
f 7924 5518 7925
f 5518 5512 7925
f 7925 5512 7926
f 5512 5511 7926
f 7926 5511 7921
f 5511 5510 7921
f 7921 5510 7922
f 5510 5503 7922
f 7922 5503 7923
f 5503 5501 7923
f 7923 5501 7918
f 5501 5500 7918
f 7918 5500 7919
f 5500 5541 7919
f 7919 5541 7920
f 5541 5540 7920
f 7920 5540 7915
f 5540 5531 7915
f 7915 5531 7916
f 5531 5530 7916
f 7916 5530 7917
f 5530 5529 7917
f 7917 5529 7912
f 5529 5528 7912
f 7912 5528 7913
f 5528 5527 7913
f 7913 5527 7914
f 5527 5526 7914
f 7914 5526 7909
f 5526 5525 7909
f 7909 5525 7910
f 5525 5539 7910
f 7910 5539 7911
f 5539 5538 7911
f 7911 5538 7906
f 5538 5537 7906
f 7906 5537 7907
f 5537 5536 7907
f 7907 5536 7908
f 5536 5535 7908
f 7908 5535 7903
f 5535 5534 7903
f 7903 5534 7904
f 5534 5533 7904
f 7904 5533 7905
f 5533 5558 7905
f 7905 5558 7900
f 5558 5557 7900
f 7900 5557 7901
f 5557 5556 7901
f 7901 5556 7902
f 5556 5555 7902
f 7902 5555 7897
f 5555 5554 7897
f 7897 5554 7898
f 5554 5524 7898
f 7898 5524 7899
f 5524 5523 7899
f 7899 5523 7894
f 5523 5548 7894
f 7894 5548 7895
f 5548 5572 7895
f 7895 5572 7896
f 5572 5571 7896
f 7896 5571 7889
f 5571 5570 7889
f 7889 5570 7890
f 5570 5569 7890
f 7890 5569 7892
f 5569 5568 7892
f 7962 7963 7964
f 7963 7965 7964
f 7964 7965 7966
f 7967 7968 7964
f 7968 7969 7964
f 7964 7969 7962
f 7970 7971 7964
f 7971 7972 7964
f 7964 7972 7967
f 7973 7974 7964
f 7974 7975 7964
f 7964 7975 7970
f 7976 7977 7964
f 7977 7978 7964
f 7964 7978 7973
f 7979 7980 7964
f 7980 7981 7964
f 7964 7981 7976
f 7982 7983 7964
f 7983 7984 7964
f 7964 7984 7979
f 7985 7986 7964
f 7986 7987 7964
f 7964 7987 7982
f 7988 7989 7964
f 7989 7990 7964
f 7964 7990 7985
f 7991 7992 7964
f 7992 7993 7964
f 7964 7993 7988
f 7994 7995 7964
f 7995 7996 7964
f 7964 7996 7991
f 7997 7998 7964
f 7998 7999 7964
f 7964 7999 7994
f 8000 8001 7964
f 8001 8002 7964
f 7964 8002 7997
f 8003 8004 7964
f 8004 8005 7964
f 7964 8005 8000
f 8006 8007 7964
f 8007 8008 7964
f 7964 8008 8003
f 8009 8010 7964
f 8010 8011 7964
f 7964 8011 8006
f 8012 8013 7964
f 8013 8014 7964
f 7964 8014 8009
f 8015 8016 7964
f 8016 8017 7964
f 7964 8017 8012
f 8018 8019 7964
f 8019 8020 7964
f 7964 8020 8015
f 8021 8022 7964
f 8022 8023 7964
f 7964 8023 8018
f 8024 8025 7964
f 8025 8026 7964
f 7964 8026 8021
f 8027 8028 7964
f 8028 8029 7964
f 7964 8029 8024
f 8030 8031 7964
f 8031 8032 7964
f 7964 8032 8027
f 7966 8033 7964
f 8033 8034 7964
f 7964 8034 8030
f 7965 6078 7966
f 6078 6077 7966
f 7966 6077 8033
f 6077 6076 8033
f 8033 6076 8034
f 6076 6064 8034
f 8034 6064 8030
f 6064 6063 8030
f 8030 6063 8031
f 6063 6062 8031
f 8031 6062 8032
f 6062 6059 8032
f 8032 6059 8027
f 6059 6060 8027
f 8027 6060 8028
f 6060 6061 8028
f 8028 6061 8029
f 6061 6075 8029
f 8029 6075 8024
f 6075 6074 8024
f 8024 6074 8025
f 6074 6058 8025
f 8025 6058 8026
f 6058 6057 8026
f 8026 6057 8021
f 6057 6056 8021
f 8021 6056 8022
f 6056 6050 8022
f 8022 6050 8023
f 6050 6049 8023
f 8023 6049 8018
f 6049 6048 8018
f 8018 6048 8019
f 6048 6044 8019
f 8019 6044 8020
f 6044 6043 8020
f 8020 6043 8015
f 6043 6042 8015
f 8015 6042 8016
f 6042 6041 8016
f 8016 6041 8017
f 6041 6040 8017
f 8017 6040 8012
f 6040 6039 8012
f 8012 6039 8013
f 6039 6038 8013
f 8013 6038 8014
f 6038 6037 8014
f 8014 6037 8009
f 6037 6036 8009
f 8009 6036 8010
f 6036 6024 8010
f 8010 6024 8011
f 6024 6023 8011
f 8011 6023 8006
f 6023 6022 8006
f 8006 6022 8007
f 6022 6019 8007
f 8007 6019 8008
f 6019 6018 8008
f 8008 6018 8003
f 6018 6017 8003
f 8003 6017 8004
f 6017 6016 8004
f 8004 6016 8005
f 6016 6015 8005
f 8005 6015 8000
f 6015 6014 8000
f 8000 6014 8001
f 6014 4859 8001
f 8001 4859 8002
f 4859 4858 8002
f 8002 4858 7997
f 4858 6073 7997
f 7997 6073 7998
f 6073 6072 7998
f 7998 6072 7999
f 6072 6071 7999
f 7999 6071 7994
f 6071 6055 7994
f 7994 6055 7995
f 6055 6054 7995
f 7995 6054 7996
f 6054 6053 7996
f 7996 6053 7991
f 6053 6047 7991
f 7991 6047 7992
f 6047 6046 7992
f 7992 6046 7993
f 6046 6045 7993
f 7993 6045 7988
f 6045 6035 7988
f 7988 6035 7989
f 6035 6034 7989
f 7989 6034 7990
f 6034 6033 7990
f 7990 6033 7985
f 6033 6032 7985
f 7985 6032 7986
f 6032 6031 7986
f 7986 6031 7987
f 6031 6082 7987
f 7987 6082 7982
f 6082 6083 7982
f 7982 6083 7983
f 6083 6030 7983
f 7983 6030 7984
f 6030 6029 7984
f 7984 6029 7979
f 6029 6021 7979
f 7979 6021 7980
f 6021 6020 7980
f 7980 6020 7981
f 6020 6028 7981
f 7981 6028 7976
f 6028 6027 7976
f 7976 6027 7977
f 6027 6026 7977
f 7977 6026 7978
f 6026 6025 7978
f 7978 6025 7973
f 6025 6070 7973
f 7973 6070 7974
f 6070 6069 7974
f 7974 6069 7975
f 6069 6068 7975
f 7975 6068 7970
f 6068 6067 7970
f 7970 6067 7971
f 6067 6066 7971
f 7971 6066 7972
f 6066 6052 7972
f 7972 6052 7967
f 6052 6051 7967
f 7967 6051 7968
f 6051 6065 7968
f 7968 6065 7969
f 6065 6081 7969
f 7969 6081 7962
f 6081 6080 7962
f 7962 6080 7963
f 6080 6079 7963
f 7963 6079 7965
f 6079 6078 7965
f 8035 8036 8037
f 8036 8038 8037
f 8037 8038 8039
f 8040 8041 8037
f 8041 8042 8037
f 8037 8042 8035
f 8043 8044 8037
f 8044 8045 8037
f 8037 8045 8040
f 8046 8047 8037
f 8047 8048 8037
f 8037 8048 8043
f 8049 8050 8037
f 8050 8051 8037
f 8037 8051 8046
f 8052 8053 8037
f 8053 8054 8037
f 8037 8054 8049
f 8055 8056 8037
f 8056 8057 8037
f 8037 8057 8052
f 8058 8059 8037
f 8059 8060 8037
f 8037 8060 8055
f 8061 8062 8037
f 8062 8063 8037
f 8037 8063 8058
f 8064 8065 8037
f 8065 8066 8037
f 8037 8066 8061
f 8067 8068 8037
f 8068 8069 8037
f 8037 8069 8064
f 8070 8071 8037
f 8071 8072 8037
f 8037 8072 8067
f 8073 8074 8037
f 8074 8075 8037
f 8037 8075 8070
f 8076 8077 8037
f 8077 8078 8037
f 8037 8078 8073
f 8079 8080 8037
f 8080 8081 8037
f 8037 8081 8076
f 8082 8083 8037
f 8083 8084 8037
f 8037 8084 8079
f 8085 8086 8037
f 8086 8087 8037
f 8037 8087 8082
f 8088 8089 8037
f 8089 8090 8037
f 8037 8090 8085
f 8091 8092 8037
f 8092 8093 8037
f 8037 8093 8088
f 8094 8095 8037
f 8095 8096 8037
f 8037 8096 8091
f 8097 8098 8037
f 8098 8099 8037
f 8037 8099 8094
f 8100 8101 8037
f 8101 8102 8037
f 8037 8102 8097
f 8103 8104 8037
f 8104 8105 8037
f 8037 8105 8100
f 8039 8106 8037
f 8106 8107 8037
f 8037 8107 8103
f 8038 5494 8039
f 5494 5493 8039
f 8039 5493 8106
f 5493 5492 8106
f 8106 5492 8107
f 5492 5457 8107
f 8107 5457 8103
f 5457 5456 8103
f 8103 5456 8104
f 5456 5455 8104
f 8104 5455 8105
f 5455 5477 8105
f 8105 5477 8100
f 5477 5476 8100
f 8100 5476 8101
f 5476 5446 8101
f 8101 5446 8102
f 5446 5445 8102
f 8102 5445 8097
f 5445 5444 8097
f 8097 5444 8098
f 5444 5443 8098
f 8098 5443 8099
f 5443 5454 8099
f 8099 5454 8094
f 5454 5453 8094
f 8094 5453 8095
f 5453 5442 8095
f 8095 5442 8096
f 5442 5441 8096
f 8096 5441 8091
f 5441 5440 8091
f 8091 5440 8092
f 5440 5475 8092
f 8092 5475 8093
f 5475 5474 8093
f 8093 5474 8088
f 5474 5473 8088
f 8088 5473 8089
f 5473 5472 8089
f 8089 5472 8090
f 5472 5471 8090
f 8090 5471 8085
f 5471 5470 8085
f 8085 5470 8086
f 5470 5469 8086
f 8086 5469 8087
f 5469 5491 8087
f 8087 5491 8082
f 5491 5490 8082
f 8082 5490 8083
f 5490 5468 8083
f 8083 5468 8084
f 5468 5467 8084
f 8084 5467 8079
f 5467 5466 8079
f 8079 5466 8080
f 5466 5489 8080
f 8080 5489 8081
f 5489 5488 8081
f 8081 5488 8076
f 5488 5487 8076
f 8076 5487 8077
f 5487 5486 8077
f 8077 5486 8078
f 5486 5485 8078
f 8078 5485 8073
f 5485 5465 8073
f 8073 5465 8074
f 5465 5464 8074
f 8074 5464 8075
f 5464 5463 8075
f 8075 5463 8070
f 5463 5462 8070
f 8070 5462 8071
f 5462 5452 8071
f 8071 5452 8072
f 5452 5451 8072
f 8072 5451 8067
f 5451 5450 8067
f 8067 5450 8068
f 5450 5439 8068
f 8068 5439 8069
f 5439 5438 8069
f 8069 5438 8064
f 5438 5437 8064
f 8064 5437 8065
f 5437 5449 8065
f 8065 5449 8066
f 5449 5448 8066
f 8066 5448 8061
f 5448 5436 8061
f 8061 5436 8062
f 5436 5435 8062
f 8062 5435 8063
f 5435 5434 8063
f 8063 5434 8058
f 5434 5433 8058
f 8058 5433 8059
f 5433 5432 8059
f 8059 5432 8060
f 5432 5430 8060
f 8060 5430 8055
f 5430 5429 8055
f 8055 5429 8056
f 5429 5460 8056
f 8056 5460 8057
f 5460 5461 8057
f 8057 5461 8052
f 5461 5484 8052
f 8052 5484 8053
f 5484 5483 8053
f 8053 5483 8054
f 5483 5480 8054
f 8054 5480 8049
f 5480 5481 8049
f 8049 5481 8050
f 5481 5482 8050
f 8050 5482 8051
f 5482 5499 8051
f 8051 5499 8046
f 5499 5498 8046
f 8046 5498 8047
f 5498 5497 8047
f 8047 5497 8048
f 5497 5496 8048
f 8048 5496 8043
f 5496 5495 8043
f 8043 5495 8044
f 5495 5428 8044
f 8044 5428 8045
f 5428 5427 8045
f 8045 5427 8040
f 5427 5447 8040
f 8040 5447 8041
f 5447 5479 8041
f 8041 5479 8042
f 5479 5478 8042
f 8042 5478 8035
f 5478 5459 8035
f 8035 5459 8036
f 5459 5458 8036
f 8036 5458 8038
f 5458 5494 8038
f 8108 8109 8110
f 8109 8111 8110
f 8110 8111 8112
f 8113 8114 8110
f 8114 8115 8110
f 8110 8115 8108
f 8116 8117 8110
f 8117 8118 8110
f 8110 8118 8113
f 8119 8120 8110
f 8120 8121 8110
f 8110 8121 8116
f 8122 8123 8110
f 8123 8124 8110
f 8110 8124 8119
f 8125 8126 8110
f 8126 8127 8110
f 8110 8127 8122
f 8128 8129 8110
f 8129 8130 8110
f 8110 8130 8125
f 8131 8132 8110
f 8132 8133 8110
f 8110 8133 8128
f 8134 8135 8110
f 8135 8136 8110
f 8110 8136 8131
f 8137 8138 8110
f 8138 8139 8110
f 8110 8139 8134
f 8140 8141 8110
f 8141 8142 8110
f 8110 8142 8137
f 8143 8144 8110
f 8144 8145 8110
f 8110 8145 8140
f 8146 8147 8110
f 8147 8148 8110
f 8110 8148 8143
f 8149 8150 8110
f 8150 8151 8110
f 8110 8151 8146
f 8152 8153 8110
f 8153 8154 8110
f 8110 8154 8149
f 8155 8156 8110
f 8156 8157 8110
f 8110 8157 8152
f 8158 8159 8110
f 8159 8160 8110
f 8110 8160 8155
f 8161 8162 8110
f 8162 8163 8110
f 8110 8163 8158
f 8164 8165 8110
f 8165 8166 8110
f 8110 8166 8161
f 8167 8168 8110
f 8168 8169 8110
f 8110 8169 8164
f 8170 8171 8110
f 8171 8172 8110
f 8110 8172 8167
f 8173 8174 8110
f 8174 8175 8110
f 8110 8175 8170
f 8176 8177 8110
f 8177 8178 8110
f 8110 8178 8173
f 8112 8179 8110
f 8179 8180 8110
f 8110 8180 8176
f 8111 6009 8112
f 6009 6008 8112
f 8112 6008 8179
f 6008 6007 8179
f 8179 6007 8180
f 6007 5995 8180
f 8180 5995 8176
f 5995 5994 8176
f 8176 5994 8177
f 5994 5993 8177
f 8177 5993 8178
f 5993 5992 8178
f 8178 5992 8173
f 5992 5991 8173
f 8173 5991 8174
f 5991 5990 8174
f 8174 5990 8175
f 5990 5989 8175
f 8175 5989 8170
f 5989 5988 8170
f 8170 5988 8171
f 5988 5987 8171
f 8171 5987 8172
f 5987 5986 8172
f 8172 5986 8167
f 5986 5985 8167
f 8167 5985 8168
f 5985 5984 8168
f 8168 5984 8169
f 5984 5964 8169
f 8169 5964 8164
f 5964 5963 8164
f 8164 5963 8165
f 5963 5973 8165
f 8165 5973 8166
f 5973 5972 8166
f 8166 5972 8161
f 5972 5971 8161
f 8161 5971 8162
f 5971 5962 8162
f 8162 5962 8163
f 5962 5961 8163
f 8163 5961 8158
f 5961 5960 8158
f 8158 5960 8159
f 5960 5957 8159
f 8159 5957 8160
f 5957 5956 8160
f 8160 5956 8155
f 5956 5955 8155
f 8155 5955 8156
f 5955 5942 8156
f 8156 5942 8157
f 5942 5941 8157
f 8157 5941 8152
f 5941 5940 8152
f 8152 5940 8153
f 5940 5948 8153
f 8153 5948 8154
f 5948 5947 8154
f 8154 5947 8149
f 5947 5946 8149
f 8149 5946 8150
f 5946 5954 8150
f 8150 5954 8151
f 5954 5953 8151
f 8151 5953 8146
f 5953 5945 8146
f 8146 5945 8147
f 5945 5944 8147
f 8147 5944 8148
f 5944 5943 8148
f 8148 5943 8143
f 5943 6001 8143
f 8143 6001 8144
f 6001 6000 8144
f 8144 6000 8145
f 6000 5999 8145
f 8145 5999 8140
f 5999 5983 8140
f 8140 5983 8141
f 5983 5982 8141
f 8141 5982 8142
f 5982 5981 8142
f 8142 5981 8137
f 5981 5977 8137
f 8137 5977 8138
f 5977 5976 8138
f 8138 5976 8139
f 5976 5975 8139
f 8139 5975 8134
f 5975 5970 8134
f 8134 5970 8135
f 5970 5969 8135
f 8135 5969 8136
f 5969 5968 8136
f 8136 5968 8131
f 5968 5967 8131
f 8131 5967 8132
f 5967 5966 8132
f 8132 5966 8133
f 5966 5979 8133
f 8133 5979 8128
f 5979 5980 8128
f 8128 5980 8129
f 5980 5996 8129
f 8129 5996 8130
f 5996 5997 8130
f 8130 5997 8125
f 5997 5998 8125
f 8125 5998 8126
f 5998 6002 8126
f 8126 6002 8127
f 6002 5959 8127
f 8127 5959 8122
f 5959 5958 8122
f 8122 5958 8123
f 5958 5974 8123
f 8123 5974 8124
f 5974 5978 8124
f 8124 5978 8119
f 5978 5952 8119
f 8119 5952 8120
f 5952 5951 8120
f 8120 5951 8121
f 5951 5950 8121
f 8121 5950 8116
f 5950 5949 8116
f 8116 5949 8117
f 5949 6012 8117
f 8117 6012 8118
f 6012 6011 8118
f 8118 6011 8113
f 6011 6010 8113
f 8113 6010 8114
f 6010 6006 8114
f 8114 6006 8115
f 6006 6005 8115
f 8115 6005 8108
f 6005 6004 8108
f 8108 6004 8109
f 6004 6003 8109
f 8109 6003 8111
f 6003 6009 8111
f 8181 8182 8183
f 8182 8184 8183
f 8183 8184 8185
f 8186 8187 8183
f 8187 8188 8183
f 8183 8188 8181
f 8189 8190 8183
f 8190 8191 8183
f 8183 8191 8186
f 8192 8193 8183
f 8193 8194 8183
f 8183 8194 8189
f 8195 8196 8183
f 8196 8197 8183
f 8183 8197 8192
f 8198 8199 8183
f 8199 8200 8183
f 8183 8200 8195
f 8201 8202 8183
f 8202 8203 8183
f 8183 8203 8198
f 8204 8205 8183
f 8205 8206 8183
f 8183 8206 8201
f 8207 8208 8183
f 8208 8209 8183
f 8183 8209 8204
f 8210 8211 8183
f 8211 8212 8183
f 8183 8212 8207
f 8213 8214 8183
f 8214 8215 8183
f 8183 8215 8210
f 8216 8217 8183
f 8217 8218 8183
f 8183 8218 8213
f 8219 8220 8183
f 8220 8221 8183
f 8183 8221 8216
f 8222 8223 8183
f 8223 8224 8183
f 8183 8224 8219
f 8225 8226 8183
f 8226 8227 8183
f 8183 8227 8222
f 8228 8229 8183
f 8229 8230 8183
f 8183 8230 8225
f 8231 8232 8183
f 8232 8233 8183
f 8183 8233 8228
f 8234 8235 8183
f 8235 8236 8183
f 8183 8236 8231
f 8237 8238 8183
f 8238 8239 8183
f 8183 8239 8234
f 8240 8241 8183
f 8241 8242 8183
f 8183 8242 8237
f 8243 8244 8183
f 8244 8245 8183
f 8183 8245 8240
f 8246 8247 8183
f 8247 8248 8183
f 8183 8248 8243
f 8249 8250 8183
f 8250 8251 8183
f 8183 8251 8246
f 8185 8252 8183
f 8252 8253 8183
f 8183 8253 8249
f 8184 6300 8185
f 6300 6299 8185
f 8185 6299 8252
f 6299 6298 8252
f 8252 6298 8253
f 6298 6297 8253
f 8253 6297 8249
f 6297 6296 8249
f 8249 6296 8250
f 6296 6286 8250
f 8250 6286 8251
f 6286 6285 8251
f 8251 6285 8246
f 6285 6284 8246
f 8246 6284 8247
f 6284 6281 8247
f 8247 6281 8248
f 6281 6280 8248
f 8248 6280 8243
f 6280 6279 8243
f 8243 6279 8244
f 6279 6278 8244
f 8244 6278 8245
f 6278 6277 8245
f 8245 6277 8240
f 6277 6276 8240
f 8240 6276 8241
f 6276 6249 8241
f 8241 6249 8242
f 6249 6250 8242
f 8242 6250 8237
f 6250 6251 8237
f 8237 6251 8238
f 6251 6268 8238
f 8238 6268 8239
f 6268 6267 8239
f 8239 6267 8234
f 6267 6266 8234
f 8234 6266 8235
f 6266 6265 8235
f 8235 6265 8236
f 6265 6264 8236
f 8236 6264 8231
f 6264 6263 8231
f 8231 6263 8232
f 6263 6248 8232
f 8232 6248 8233
f 6248 6247 8233
f 8233 6247 8228
f 6247 6246 8228
f 8228 6246 8229
f 6246 6240 8229
f 8229 6240 8230
f 6240 6239 8230
f 8230 6239 8225
f 6239 6245 8225
f 8225 6245 8226
f 6245 6244 8226
f 8226 6244 8227
f 6244 6238 8227
f 8227 6238 8222
f 6238 6237 8222
f 8222 6237 8223
f 6237 6236 8223
f 8223 6236 8224
f 6236 6232 8224
f 8224 6232 8219
f 6232 6231 8219
f 8219 6231 8220
f 6231 6230 8220
f 8220 6230 8221
f 6230 6262 8221
f 8221 6262 8216
f 6262 6261 8216
f 8216 6261 8217
f 6261 6260 8217
f 8217 6260 8218
f 6260 6259 8218
f 8218 6259 8213
f 6259 6258 8213
f 8213 6258 8214
f 6258 6243 8214
f 8214 6243 8215
f 6243 6242 8215
f 8215 6242 8210
f 6242 6241 8210
f 8210 6241 8211
f 6241 6235 8211
f 8211 6235 8212
f 6235 6234 8212
f 8212 6234 8207
f 6234 6233 8207
f 8207 6233 8208
f 6233 6257 8208
f 8208 6257 8209
f 6257 6256 8209
f 8209 6256 8204
f 6256 6255 8204
f 8204 6255 8205
f 6255 6254 8205
f 8205 6254 8206
f 6254 6253 8206
f 8206 6253 8201
f 6253 6252 8201
f 8201 6252 8202
f 6252 6275 8202
f 8202 6275 8203
f 6275 6274 8203
f 8203 6274 8198
f 6274 6273 8198
f 8198 6273 8199
f 6273 6272 8199
f 8199 6272 8200
f 6272 6271 8200
f 8200 6271 8195
f 6271 6270 8195
f 8195 6270 8196
f 6270 6269 8196
f 8196 6269 8197
f 6269 6292 8197
f 8197 6292 8192
f 6292 6291 8192
f 8192 6291 8193
f 6291 6290 8193
f 8193 6290 8194
f 6290 6289 8194
f 8194 6289 8189
f 6289 6288 8189
f 8189 6288 8190
f 6288 6287 8190
f 8190 6287 8191
f 6287 6295 8191
f 8191 6295 8186
f 6295 6294 8186
f 8186 6294 8187
f 6294 6283 8187
f 8187 6283 8188
f 6283 6282 8188
f 8188 6282 8181
f 6282 6293 8181
f 8181 6293 8182
f 6293 6301 8182
f 8182 6301 8184
f 6301 6300 8184
f 8254 8255 8256
f 8255 8257 8256
f 8256 8257 8258
f 8259 8260 8256
f 8260 8261 8256
f 8256 8261 8254
f 8262 8263 8256
f 8263 8264 8256
f 8256 8264 8259
f 8265 8266 8256
f 8266 8267 8256
f 8256 8267 8262
f 8268 8269 8256
f 8269 8270 8256
f 8256 8270 8265
f 8271 8272 8256
f 8272 8273 8256
f 8256 8273 8268
f 8274 8275 8256
f 8275 8276 8256
f 8256 8276 8271
f 8277 8278 8256
f 8278 8279 8256
f 8256 8279 8274
f 8280 8281 8256
f 8281 8282 8256
f 8256 8282 8277
f 8283 8284 8256
f 8284 8285 8256
f 8256 8285 8280
f 8286 8287 8256
f 8287 8288 8256
f 8256 8288 8283
f 8289 8290 8256
f 8290 8291 8256
f 8256 8291 8286
f 8292 8293 8256
f 8293 8294 8256
f 8256 8294 8289
f 8295 8296 8256
f 8296 8297 8256
f 8256 8297 8292
f 8298 8299 8256
f 8299 8300 8256
f 8256 8300 8295
f 8301 8302 8256
f 8302 8303 8256
f 8256 8303 8298
f 8304 8305 8256
f 8305 8306 8256
f 8256 8306 8301
f 8307 8308 8256
f 8308 8309 8256
f 8256 8309 8304
f 8310 8311 8256
f 8311 8312 8256
f 8256 8312 8307
f 8313 8314 8256
f 8314 8315 8256
f 8256 8315 8310
f 8316 8317 8256
f 8317 8318 8256
f 8256 8318 8313
f 8319 8320 8256
f 8320 8321 8256
f 8256 8321 8316
f 8322 8323 8256
f 8323 8324 8256
f 8256 8324 8319
f 8258 8325 8256
f 8325 8326 8256
f 8256 8326 8322
f 8257 6520 8258
f 6520 6519 8258
f 8258 6519 8325
f 6519 6518 8325
f 8325 6518 8326
f 6518 6517 8326
f 8326 6517 8322
f 6517 6516 8322
f 8322 6516 8323
f 6516 6506 8323
f 8323 6506 8324
f 6506 6505 8324
f 8324 6505 8319
f 6505 6504 8319
f 8319 6504 8320
f 6504 6501 8320
f 8320 6501 8321
f 6501 6500 8321
f 8321 6500 8316
f 6500 6499 8316
f 8316 6499 8317
f 6499 6498 8317
f 8317 6498 8318
f 6498 6497 8318
f 8318 6497 8313
f 6497 6496 8313
f 8313 6496 8314
f 6496 6468 8314
f 8314 6468 8315
f 6468 6469 8315
f 8315 6469 8310
f 6469 6470 8310
f 8310 6470 8311
f 6470 6488 8311
f 8311 6488 8312
f 6488 6487 8312
f 8312 6487 8307
f 6487 6486 8307
f 8307 6486 8308
f 6486 6485 8308
f 8308 6485 8309
f 6485 6484 8309
f 8309 6484 8304
f 6484 6483 8304
f 8304 6483 8305
f 6483 6467 8305
f 8305 6467 8306
f 6467 6466 8306
f 8306 6466 8301
f 6466 6465 8301
f 8301 6465 8302
f 6465 6459 8302
f 8302 6459 8303
f 6459 6458 8303
f 8303 6458 8298
f 6458 6464 8298
f 8298 6464 8299
f 6464 6463 8299
f 8299 6463 8300
f 6463 6457 8300
f 8300 6457 8295
f 6457 6456 8295
f 8295 6456 8296
f 6456 6455 8296
f 8296 6455 8297
f 6455 6450 8297
f 8297 6450 8292
f 6450 6449 8292
f 8292 6449 8293
f 6449 6482 8293
f 8293 6482 8294
f 6482 6481 8294
f 8294 6481 8289
f 6481 6480 8289
f 8289 6480 8290
f 6480 6479 8290
f 8290 6479 8291
f 6479 6478 8291
f 8291 6478 8286
f 6478 6477 8286
f 8286 6477 8287
f 6477 6462 8287
f 8287 6462 8288
f 6462 6461 8288
f 8288 6461 8283
f 6461 6460 8283
f 8283 6460 8284
f 6460 6454 8284
f 8284 6454 8285
f 6454 6452 8285
f 8285 6452 8280
f 6452 6451 8280
f 8280 6451 8281
f 6451 6476 8281
f 8281 6476 8282
f 6476 6475 8282
f 8282 6475 8277
f 6475 6474 8277
f 8277 6474 8278
f 6474 6473 8278
f 8278 6473 8279
f 6473 6472 8279
f 8279 6472 8274
f 6472 6471 8274
f 8274 6471 8275
f 6471 6495 8275
f 8275 6495 8276
f 6495 6494 8276
f 8276 6494 8271
f 6494 6493 8271
f 8271 6493 8272
f 6493 6492 8272
f 8272 6492 8273
f 6492 6491 8273
f 8273 6491 8268
f 6491 6490 8268
f 8268 6490 8269
f 6490 6489 8269
f 8269 6489 8270
f 6489 6512 8270
f 8270 6512 8265
f 6512 6511 8265
f 8265 6511 8266
f 6511 6510 8266
f 8266 6510 8267
f 6510 6509 8267
f 8267 6509 8262
f 6509 6508 8262
f 8262 6508 8263
f 6508 6507 8263
f 8263 6507 8264
f 6507 6515 8264
f 8264 6515 8259
f 6515 6514 8259
f 8259 6514 8260
f 6514 6503 8260
f 8260 6503 8261
f 6503 6502 8261
f 8261 6502 8254
f 6502 6513 8254
f 8254 6513 8255
f 6513 6521 8255
f 8255 6521 8257
f 6521 6520 8257
f 8327 8328 8329
f 8328 8330 8329
f 8329 8330 8331
f 8332 8333 8329
f 8333 8334 8329
f 8329 8334 8327
f 8335 8336 8329
f 8336 8337 8329
f 8329 8337 8332
f 8338 8339 8329
f 8339 8340 8329
f 8329 8340 8335
f 8341 8342 8329
f 8342 8343 8329
f 8329 8343 8338
f 8344 8345 8329
f 8345 8346 8329
f 8329 8346 8341
f 8347 8348 8329
f 8348 8349 8329
f 8329 8349 8344
f 8350 8351 8329
f 8351 8352 8329
f 8329 8352 8347
f 8353 8354 8329
f 8354 8355 8329
f 8329 8355 8350
f 8356 8357 8329
f 8357 8358 8329
f 8329 8358 8353
f 8359 8360 8329
f 8360 8361 8329
f 8329 8361 8356
f 8362 8363 8329
f 8363 8364 8329
f 8329 8364 8359
f 8365 8366 8329
f 8366 8367 8329
f 8329 8367 8362
f 8368 8369 8329
f 8369 8370 8329
f 8329 8370 8365
f 8371 8372 8329
f 8372 8373 8329
f 8329 8373 8368
f 8374 8375 8329
f 8375 8376 8329
f 8329 8376 8371
f 8377 8378 8329
f 8378 8379 8329
f 8329 8379 8374
f 8380 8381 8329
f 8381 8382 8329
f 8329 8382 8377
f 8383 8384 8329
f 8384 8385 8329
f 8329 8385 8380
f 8386 8387 8329
f 8387 8388 8329
f 8329 8388 8383
f 8389 8390 8329
f 8390 8391 8329
f 8329 8391 8386
f 8392 8393 8329
f 8393 8394 8329
f 8329 8394 8389
f 8395 8396 8329
f 8396 8397 8329
f 8329 8397 8392
f 8331 8398 8329
f 8398 8399 8329
f 8329 8399 8395
f 8330 6590 8331
f 6590 6589 8331
f 8331 6589 8398
f 6589 6588 8398
f 8398 6588 8399
f 6588 6587 8399
f 8399 6587 8395
f 6587 6586 8395
f 8395 6586 8396
f 6586 6585 8396
f 8396 6585 8397
f 6585 6584 8397
f 8397 6584 8392
f 6584 6583 8392
f 8392 6583 8393
f 6583 6582 8393
f 8393 6582 8394
f 6582 6581 8394
f 8394 6581 8389
f 6581 6580 8389
f 8389 6580 8390
f 6580 6579 8390
f 8390 6579 8391
f 6579 6578 8391
f 8391 6578 8386
f 6578 6577 8386
f 8386 6577 8387
f 6577 6567 8387
f 8387 6567 8388
f 6567 6566 8388
f 8388 6566 8383
f 6566 6565 8383
f 8383 6565 8384
f 6565 6562 8384
f 8384 6562 8385
f 6562 6563 8385
f 8385 6563 8380
f 6563 6564 8380
f 8380 6564 8381
f 6564 6533 8381
f 8381 6533 8382
f 6533 6532 8382
f 8382 6532 8377
f 6532 6531 8377
f 8377 6531 8378
f 6531 6526 8378
f 8378 6526 8379
f 6526 6525 8379
f 8379 6525 8374
f 6525 6561 8374
f 8374 6561 8375
f 6561 6560 8375
f 8375 6560 8376
f 6560 6559 8376
f 8376 6559 8371
f 6559 6576 8371
f 8371 6576 8372
f 6576 6575 8372
f 8372 6575 8373
f 6575 6574 8373
f 8373 6574 8368
f 6574 6573 8368
f 8368 6573 8369
f 6573 6572 8369
f 8369 6572 8370
f 6572 6558 8370
f 8370 6558 8365
f 6558 6557 8365
f 8365 6557 8366
f 6557 6556 8366
f 8366 6556 8367
f 6556 6546 8367
f 8367 6546 8362
f 6546 6545 8362
f 8362 6545 8363
f 6545 6538 8363
f 8363 6538 8364
f 6538 6537 8364
f 8364 6537 8359
f 6537 6536 8359
f 8359 6536 8360
f 6536 6530 8360
f 8360 6530 8361
f 6530 6528 8361
f 8361 6528 8356
f 6528 6527 8356
f 8356 6527 8357
f 6527 6544 8357
f 8357 6544 8358
f 6544 6543 8358
f 8358 6543 8353
f 6543 6542 8353
f 8353 6542 8354
f 6542 6541 8354
f 8354 6541 8355
f 6541 6540 8355
f 8355 6540 8350
f 6540 6539 8350
f 8350 6539 8351
f 6539 6571 8351
f 8351 6571 8352
f 6571 6570 8352
f 8352 6570 8347
f 6570 6555 8347
f 8347 6555 8348
f 6555 6554 8348
f 8348 6554 8349
f 6554 6553 8349
f 8349 6553 8344
f 6553 6552 8344
f 8344 6552 8345
f 6552 6551 8345
f 8345 6551 8346
f 6551 6550 8346
f 8346 6550 8341
f 6550 6549 8341
f 8341 6549 8342
f 6549 6535 8342
f 8342 6535 8343
f 6535 6534 8343
f 8343 6534 8338
f 6534 6569 8338
f 8338 6569 8339
f 6569 6568 8339
f 8339 6568 8340
f 6568 6548 8340
f 8340 6548 8335
f 6548 6547 8335
f 8335 6547 8336
f 6547 6597 8336
f 8336 6597 8337
f 6597 6596 8337
f 8337 6596 8332
f 6596 6595 8332
f 8332 6595 8333
f 6595 6594 8333
f 8333 6594 8334
f 6594 6593 8334
f 8334 6593 8327
f 6593 6592 8327
f 8327 6592 8328
f 6592 6591 8328
f 8328 6591 8330
f 6591 6590 8330
f 8400 8401 8402
f 8401 8403 8402
f 8402 8403 8404
f 8405 8406 8402
f 8406 8407 8402
f 8402 8407 8400
f 8408 8409 8402
f 8409 8410 8402
f 8402 8410 8405
f 8411 8412 8402
f 8412 8413 8402
f 8402 8413 8408
f 8414 8415 8402
f 8415 8416 8402
f 8402 8416 8411
f 8417 8418 8402
f 8418 8419 8402
f 8402 8419 8414
f 8420 8421 8402
f 8421 8422 8402
f 8402 8422 8417
f 8423 8424 8402
f 8424 8425 8402
f 8402 8425 8420
f 8426 8427 8402
f 8427 8428 8402
f 8402 8428 8423
f 8429 8430 8402
f 8430 8431 8402
f 8402 8431 8426
f 8432 8433 8402
f 8433 8434 8402
f 8402 8434 8429
f 8435 8436 8402
f 8436 8437 8402
f 8402 8437 8432
f 8438 8439 8402
f 8439 8440 8402
f 8402 8440 8435
f 8441 8442 8402
f 8442 8443 8402
f 8402 8443 8438
f 8444 8445 8402
f 8445 8446 8402
f 8402 8446 8441
f 8447 8448 8402
f 8448 8449 8402
f 8402 8449 8444
f 8450 8451 8402
f 8451 8452 8402
f 8402 8452 8447
f 8453 8454 8402
f 8454 8455 8402
f 8402 8455 8450
f 8456 8457 8402
f 8457 8458 8402
f 8402 8458 8453
f 8459 8460 8402
f 8460 8461 8402
f 8402 8461 8456
f 8462 8463 8402
f 8463 8464 8402
f 8402 8464 8459
f 8465 8466 8402
f 8466 8467 8402
f 8402 8467 8462
f 8468 8469 8402
f 8469 8470 8402
f 8402 8470 8465
f 8404 8471 8402
f 8471 8472 8402
f 8402 8472 8468
f 8403 6663 8404
f 6663 6662 8404
f 8404 6662 8471
f 6662 6661 8471
f 8471 6661 8472
f 6661 6647 8472
f 8472 6647 8468
f 6647 6646 8468
f 8468 6646 8469
f 6646 6645 8469
f 8469 6645 8470
f 6645 6637 8470
f 8470 6637 8465
f 6637 6636 8465
f 8465 6636 8466
f 6636 6635 8466
f 8466 6635 8467
f 6635 6618 8467
f 8467 6618 8462
f 6618 6617 8462
f 8462 6617 8463
f 6617 6616 8463
f 8463 6616 8464
f 6616 6607 8464
f 8464 6607 8459
f 6607 6606 8459
f 8459 6606 8460
f 6606 6615 8460
f 8460 6615 8461
f 6615 6614 8461
f 8461 6614 8456
f 6614 6613 8456
f 8456 6613 8457
f 6613 6634 8457
f 8457 6634 8458
f 6634 6633 8458
f 8458 6633 8453
f 6633 6632 8453
f 8453 6632 8454
f 6632 6621 8454
f 8454 6621 8455
f 6621 6620 8455
f 8455 6620 8450
f 6620 6619 8450
f 8450 6619 8451
f 6619 6612 8451
f 8451 6612 8452
f 6612 6611 8452
f 8452 6611 8447
f 6611 6660 8447
f 8447 6660 8448
f 6660 6659 8448
f 8448 6659 8449
f 6659 6658 8449
f 8449 6658 8444
f 6658 6671 8444
f 8444 6671 8445
f 6671 6670 8445
f 8445 6670 8446
f 6670 6669 8446
f 8446 6669 8441
f 6669 6668 8441
f 8441 6668 8442
f 6668 6667 8442
f 8442 6667 8443
f 6667 6657 8443
f 8443 6657 8438
f 6657 6656 8438
f 8438 6656 8439
f 6656 6666 8439
f 8439 6666 8440
f 6666 6665 8440
f 8440 6665 8435
f 6665 6664 8435
f 8435 6664 8436
f 6664 6655 8436
f 8436 6655 8437
f 6655 6654 8437
f 8437 6654 8432
f 6654 6653 8432
f 8432 6653 8433
f 6653 6652 8433
f 8433 6652 8434
f 6652 6651 8434
f 8434 6651 8429
f 6651 6650 8429
f 8429 6650 8430
f 6650 6631 8430
f 8430 6631 8431
f 6631 6630 8431
f 8431 6630 8426
f 6630 6629 8426
f 8426 6629 8427
f 6629 6628 8427
f 8427 6628 8428
f 6628 6626 8428
f 8428 6626 8423
f 6626 6625 8423
f 8423 6625 8424
f 6625 6649 8424
f 8424 6649 8425
f 6649 6648 8425
f 8425 6648 8420
f 6648 6644 8420
f 8420 6644 8421
f 6644 6643 8421
f 8421 6643 8422
f 6643 6642 8422
f 8422 6642 8417
f 6642 6641 8417
f 8417 6641 8418
f 6641 6640 8418
f 8418 6640 8419
f 6640 6639 8419
f 8419 6639 8414
f 6639 6638 8414
f 8414 6638 8415
f 6638 6624 8415
f 8415 6624 8416
f 6624 6623 8416
f 8416 6623 8411
f 6623 6622 8411
f 8411 6622 8412
f 6622 6610 8412
f 8412 6610 8413
f 6610 6609 8413
f 8413 6609 8408
f 6609 6608 8408
f 8408 6608 8409
f 6608 6678 8409
f 8409 6678 8410
f 6678 6677 8410
f 8410 6677 8405
f 6677 6673 8405
f 8405 6673 8406
f 6673 6672 8406
f 8406 6672 8407
f 6672 6676 8407
f 8407 6676 8400
f 6676 6675 8400
f 8400 6675 8401
f 6675 6674 8401
f 8401 6674 8403
f 6674 6663 8403
