v -0.023425 -0.049925 -0.003004
v -0.023457 -0.049966 -0.003033
v -0.023504 -0.049885 -0.0029
v -0.023591 -0.04994 -0.0029
v -0.02335 -0.049852 -0.002955
v -0.02337 -0.049869 -0.002966
v -0.023413 -0.049838 -0.0029
v -0.02339 -0.049887 -0.002978
v -0.023407 -0.049905 -0.002991
v -0.023264 -0.049795 -0.00292
v -0.023287 -0.049808 -0.002927
v -0.023317 -0.049798 -0.0029
v -0.023309 -0.049822 -0.002936
v -0.02333 -0.049836 -0.002945
v -0.023169 -0.049756 -0.002902
v -0.023219 -0.049767 -0.0029
v -0.023144 -0.04975 -0.002901
v -0.023119 -0.049745 -0.0029
v -0.023193 -0.049764 -0.002905
v -0.023218 -0.049773 -0.002909
v -0.023241 -0.049784 -0.002914
v -0.023042 -0.049738 -0.002905
v -0.023068 -0.049739 -0.002902
v -0.023017 -0.049731 -0.0029
v -0.023093 -0.049741 -0.002901
v -0.022939 -0.049746 -0.002927
v -0.022965 -0.049742 -0.00292
v -0.022914 -0.049727 -0.0029
v -0.022991 -0.049739 -0.002914
v -0.023016 -0.049738 -0.002909
v -0.022811 -0.049731 -0.0029
v -0.022816 -0.049786 -0.002978
v -0.02284 -0.049776 -0.002966
v -0.022864 -0.049766 -0.002955
v -0.022889 -0.049759 -0.002945
v -0.022914 -0.049752 -0.002936
v -0.022793 -0.049797 -0.002991
v -0.022709 -0.049745 -0.0029
v -0.02277 -0.049809 -0.003004
v -0.022608 -0.049767 -0.0029
v -0.022682 -0.049869 -0.003066
v -0.022725 -0.049837 -0.003033
v -0.02251 -0.049798 -0.0029
v -0.02261 -0.049926 -0.003119
v -0.022645 -0.049899 -0.003095
v -0.022415 -0.049838 -0.0029
v -0.022536 -0.049988 -0.003166
v -0.02257 -0.049959 -0.003145
v -0.022324 -0.049885 -0.0029
v -0.022462 -0.050054 -0.003206
v -0.0225 -0.050019 -0.003186
v -0.022079 -0.050073 -0.0029
v -0.022324 -0.050196 -0.003266
v -0.022155 -0.050003 -0.0029
v -0.022376 -0.050139 -0.003246
v -0.022237 -0.04994 -0.0029
v -0.022391 -0.050123 -0.00324
v -0.022436 -0.050078 -0.003219
v -0.02201 -0.050149 -0.0029
v -0.022262 -0.050271 -0.003285
v -0.022269 -0.050262 -0.003283
v -0.021947 -0.05023 -0.0029
v -0.022205 -0.050349 -0.003296
v -0.022221 -0.050326 -0.003294
v -0.023794 -0.050718 -0.0033
v -0.024076 -0.050702 -0.0029
v -0.023784 -0.050674 -0.003299
v -0.024054 -0.050602 -0.0029
v -0.023771 -0.050625 -0.003296
v -0.024023 -0.050503 -0.0029
v -0.023764 -0.050598 -0.003294
v -0.023744 -0.050532 -0.003285
v -0.023983 -0.050408 -0.0029
v -0.02374 -0.050522 -0.003283
v -0.023936 -0.050317 -0.0029
v -0.023711 -0.05044 -0.003266
v -0.023881 -0.05023 -0.0029
v -0.023682 -0.050369 -0.003246
v -0.023673 -0.050349 -0.00324
v -0.023818 -0.050149 -0.0029
v -0.023646 -0.050292 -0.003219
v -0.02363 -0.05026 -0.003206
v -0.023748 -0.050073 -0.0029
v -0.023606 -0.050214 -0.003186
v -0.023672 -0.050003 -0.0029
v -0.023561 -0.050134 -0.003145
v -0.023584 -0.050173 -0.003166
v -0.023487 -0.050011 -0.003066
v -0.023512 -0.050052 -0.003095
v -0.023535 -0.050089 -0.003119
v -0.0238 -0.050751 -0.0033
v -0.02381 -0.050829 -0.0033
v -0.024089 -0.050804 -0.0029
v -0.023814 -0.050907 -0.0033
v -0.024094 -0.050907 -0.0029
v -0.02381 -0.050985 -0.0033
v -0.024089 -0.05101 -0.0029
v -0.0238 -0.051063 -0.0033
v -0.024076 -0.051112 -0.0029
v -0.023783 -0.05114 -0.0033
v -0.024054 -0.051212 -0.0029
v -0.02376 -0.051215 -0.0033
v -0.024023 -0.051311 -0.0029
v -0.02373 -0.051287 -0.0033
v -0.023983 -0.051406 -0.0029
v -0.023693 -0.051357 -0.0033
v -0.023936 -0.051497 -0.0029
v -0.023651 -0.051423 -0.0033
v -0.023881 -0.051584 -0.0029
v -0.023603 -0.051486 -0.0033
v -0.023818 -0.051666 -0.0029
v -0.02355 -0.051543 -0.0033
v -0.023748 -0.051741 -0.0029
v -0.023492 -0.051596 -0.0033
v -0.023672 -0.051811 -0.0029
v -0.02343 -0.051644 -0.0033
v -0.023591 -0.051874 -0.0029
v -0.023364 -0.051686 -0.0033
v -0.023504 -0.051929 -0.0029
v -0.023294 -0.051723 -0.0033
v -0.023413 -0.051977 -0.0029
v -0.023222 -0.051753 -0.0033
v -0.023317 -0.052016 -0.0029
v -0.023147 -0.051776 -0.0033
v -0.023219 -0.052047 -0.0029
v -0.02307 -0.051793 -0.0033
v -0.023119 -0.052069 -0.0029
v -0.022992 -0.051804 -0.0033
v -0.023017 -0.052083 -0.0029
v -0.022914 -0.051807 -0.0033
v -0.022914 -0.052087 -0.0029
v -0.022835 -0.051804 -0.0033
v -0.022811 -0.052083 -0.0029
v -0.022758 -0.051793 -0.0033
v -0.022709 -0.052069 -0.0029
v -0.022681 -0.051776 -0.0033
v -0.022608 -0.052047 -0.0029
v -0.022606 -0.051753 -0.0033
v -0.02251 -0.052016 -0.0029
v -0.022534 -0.051723 -0.0033
v -0.022415 -0.051977 -0.0029
v -0.022464 -0.051686 -0.0033
v -0.022324 -0.051929 -0.0029
v -0.022398 -0.051644 -0.0033
v -0.022237 -0.051874 -0.0029
v -0.022335 -0.051596 -0.0033
v -0.022155 -0.051811 -0.0029
v -0.022277 -0.051543 -0.0033
v -0.022079 -0.051741 -0.0029
v -0.022224 -0.051486 -0.0033
v -0.02201 -0.051666 -0.0029
v -0.022177 -0.051423 -0.0033
v -0.021947 -0.051584 -0.0029
v -0.022134 -0.051357 -0.0033
v -0.021892 -0.051497 -0.0029
v -0.022098 -0.051287 -0.0033
v -0.021844 -0.051406 -0.0029
v -0.022068 -0.051215 -0.0033
v -0.021805 -0.051311 -0.0029
v -0.022045 -0.05114 -0.0033
v -0.021774 -0.051212 -0.0029
v -0.022028 -0.051063 -0.0033
v -0.021752 -0.051112 -0.0029
v -0.022017 -0.050985 -0.0033
v -0.021738 -0.05101 -0.0029
v -0.022014 -0.050907 -0.0033
v -0.021734 -0.050907 -0.0029
v -0.022017 -0.050829 -0.0033
v -0.021738 -0.050804 -0.0029
v -0.022028 -0.050751 -0.0033
v -0.021752 -0.050702 -0.0029
v -0.022045 -0.050674 -0.0033
v -0.021774 -0.050602 -0.0029
v -0.022068 -0.050599 -0.0033
v -0.021805 -0.050503 -0.0029
v -0.022098 -0.050527 -0.0033
v -0.021844 -0.050408 -0.0029
v -0.022134 -0.050457 -0.0033
v -0.021892 -0.050317 -0.0029
v -0.022152 -0.050428 -0.0033
v -0.022176 -0.05039 -0.003299
v -0.02277 -0.049809 -0.004896
v -0.022725 -0.049837 -0.004867
v -0.022709 -0.049745 -0.005
v -0.022152 -0.050428 -0.0046
v -0.021892 -0.050317 -0.005
v -0.022176 -0.05039 -0.004601
v -0.021947 -0.05023 -0.005
v -0.022205 -0.050349 -0.004604
v -0.02201 -0.050149 -0.005
v -0.022221 -0.050326 -0.004606
v -0.022262 -0.050271 -0.004615
v -0.022079 -0.050073 -0.005
v -0.022269 -0.050262 -0.004617
v -0.022155 -0.050003 -0.005
v -0.022324 -0.050196 -0.004634
v -0.022237 -0.04994 -0.005
v -0.022376 -0.050139 -0.004654
v -0.022391 -0.050123 -0.00466
v -0.022324 -0.049885 -0.005
v -0.022436 -0.050078 -0.004681
v -0.022462 -0.050054 -0.004694
v -0.022415 -0.049838 -0.005
v -0.0225 -0.050019 -0.004714
v -0.02251 -0.049798 -0.005
v -0.02257 -0.049959 -0.004755
v -0.022536 -0.049988 -0.004734
v -0.022608 -0.049767 -0.005
v -0.022682 -0.049869 -0.004834
v -0.022645 -0.049899 -0.004805
v -0.02261 -0.049926 -0.004781
v -0.022864 -0.049766 -0.004945
v -0.02284 -0.049776 -0.004934
v -0.022811 -0.049731 -0.005
v -0.022816 -0.049786 -0.004922
v -0.022793 -0.049797 -0.004909
v -0.022965 -0.049742 -0.00498
v -0.022939 -0.049746 -0.004973
v -0.022914 -0.049727 -0.005
v -0.022914 -0.049752 -0.004964
v -0.022889 -0.049759 -0.004955
v -0.023068 -0.049739 -0.004998
v -0.023017 -0.049731 -0.005
v -0.023093 -0.049741 -0.004999
v -0.023119 -0.049745 -0.005
v -0.023042 -0.049738 -0.004995
v -0.023016 -0.049738 -0.004991
v -0.022991 -0.049739 -0.004986
v -0.023193 -0.049764 -0.004995
v -0.023169 -0.049756 -0.004998
v -0.023219 -0.049767 -0.005
v -0.023144 -0.04975 -0.004999
v -0.023287 -0.049808 -0.004973
v -0.023264 -0.049795 -0.00498
v -0.023317 -0.049798 -0.005
v -0.023241 -0.049784 -0.004986
v -0.023218 -0.049773 -0.004991
v -0.023413 -0.049838 -0.005
v -0.02339 -0.049887 -0.004922
v -0.02337 -0.049869 -0.004934
v -0.02335 -0.049852 -0.004945
v -0.02333 -0.049836 -0.004955
v -0.023309 -0.049822 -0.004964
v -0.023407 -0.049905 -0.004909
v -0.023504 -0.049885 -0.005
v -0.023425 -0.049925 -0.004896
v -0.023591 -0.04994 -0.005
v -0.023487 -0.050011 -0.004834
v -0.023457 -0.049966 -0.004867
v -0.023672 -0.050003 -0.005
v -0.023535 -0.050089 -0.004781
v -0.023512 -0.050052 -0.004805
v -0.023748 -0.050073 -0.005
v -0.023584 -0.050173 -0.004734
v -0.023561 -0.050134 -0.004755
v -0.023818 -0.050149 -0.005
v -0.02363 -0.05026 -0.004694
v -0.023606 -0.050214 -0.004714
v -0.023983 -0.050408 -0.005
v -0.023711 -0.05044 -0.004634
v -0.023936 -0.050317 -0.005
v -0.023682 -0.050369 -0.004654
v -0.023881 -0.05023 -0.005
v -0.023673 -0.050349 -0.00466
v -0.023646 -0.050292 -0.004681
v -0.024023 -0.050503 -0.005
v -0.023744 -0.050532 -0.004615
v -0.02374 -0.050522 -0.004617
v -0.024054 -0.050602 -0.005
v -0.023771 -0.050625 -0.004604
v -0.023764 -0.050598 -0.004606
v -0.022134 -0.050457 -0.0046
v -0.022098 -0.050527 -0.0046
v -0.021844 -0.050408 -0.005
v -0.022068 -0.050599 -0.0046
v -0.021805 -0.050503 -0.005
v -0.022045 -0.050674 -0.0046
v -0.021774 -0.050602 -0.005
v -0.022028 -0.050751 -0.0046
v -0.021752 -0.050702 -0.005
v -0.022017 -0.050829 -0.0046
v -0.021738 -0.050804 -0.005
v -0.022014 -0.050907 -0.0046
v -0.021734 -0.050907 -0.005
v -0.022017 -0.050985 -0.0046
v -0.021738 -0.05101 -0.005
v -0.022028 -0.051063 -0.0046
v -0.021752 -0.051112 -0.005
v -0.022045 -0.05114 -0.0046
v -0.021774 -0.051212 -0.005
v -0.022068 -0.051215 -0.0046
v -0.021805 -0.051311 -0.005
v -0.022098 -0.051287 -0.0046
v -0.021844 -0.051406 -0.005
v -0.022134 -0.051357 -0.0046
v -0.021892 -0.051497 -0.005
v -0.022177 -0.051423 -0.0046
v -0.021947 -0.051584 -0.005
v -0.022224 -0.051486 -0.0046
v -0.02201 -0.051666 -0.005
v -0.022277 -0.051543 -0.0046
v -0.022079 -0.051741 -0.005
v -0.022335 -0.051596 -0.0046
v -0.022155 -0.051811 -0.005
v -0.022398 -0.051644 -0.0046
v -0.022237 -0.051874 -0.005
v -0.022464 -0.051686 -0.0046
v -0.022324 -0.051929 -0.005
v -0.022534 -0.051723 -0.0046
v -0.022415 -0.051977 -0.005
v -0.022606 -0.051753 -0.0046
v -0.02251 -0.052016 -0.005
v -0.022681 -0.051776 -0.0046
v -0.022608 -0.052047 -0.005
v -0.022758 -0.051793 -0.0046
v -0.022709 -0.052069 -0.005
v -0.022835 -0.051804 -0.0046
v -0.022811 -0.052083 -0.005
v -0.022914 -0.051807 -0.0046
v -0.022914 -0.052087 -0.005
v -0.022992 -0.051804 -0.0046
v -0.023017 -0.052083 -0.005
v -0.02307 -0.051793 -0.0046
v -0.023119 -0.052069 -0.005
v -0.023147 -0.051776 -0.0046
v -0.023219 -0.052047 -0.005
v -0.023222 -0.051753 -0.0046
v -0.023317 -0.052016 -0.005
v -0.023294 -0.051723 -0.0046
v -0.023413 -0.051977 -0.005
v -0.023364 -0.051686 -0.0046
v -0.023504 -0.051929 -0.005
v -0.02343 -0.051644 -0.0046
v -0.023591 -0.051874 -0.005
v -0.023492 -0.051596 -0.0046
v -0.023672 -0.051811 -0.005
v -0.02355 -0.051543 -0.0046
v -0.023748 -0.051741 -0.005
v -0.023603 -0.051486 -0.0046
v -0.023818 -0.051666 -0.005
v -0.023651 -0.051423 -0.0046
v -0.023881 -0.051584 -0.005
v -0.023693 -0.051357 -0.0046
v -0.023936 -0.051497 -0.005
v -0.02373 -0.051287 -0.0046
v -0.023983 -0.051406 -0.005
v -0.02376 -0.051215 -0.0046
v -0.024023 -0.051311 -0.005
v -0.023783 -0.05114 -0.0046
v -0.024054 -0.051212 -0.005
v -0.0238 -0.051063 -0.0046
v -0.024076 -0.051112 -0.005
v -0.02381 -0.050985 -0.0046
v -0.024089 -0.05101 -0.005
v -0.023814 -0.050907 -0.0046
v -0.024094 -0.050907 -0.005
v -0.02381 -0.050829 -0.0046
v -0.024089 -0.050804 -0.005
v -0.0238 -0.050751 -0.0046
v -0.024076 -0.050702 -0.005
v -0.023794 -0.050718 -0.0046
v -0.023784 -0.050674 -0.004601
v -0.019883 -0.046922 -0.00044
v -0.019872 -0.046937 -0.00045
v -0.019798 -0.04686 -0.000448
v -0.019986 -0.046803 -0.0004
v -0.019983 -0.0468 -0.0004
v -0.020003 -0.046792 -0.0004
v -0.019992 -0.04681 -0.0004
v -0.019995 -0.046813 -0.0004
v -0.019989 -0.046828 -0.000401
v -0.020032 -0.047496 -0.000732
v -0.020036 -0.047505 -0.000744
v -0.019982 -0.04742 -0.000743
v -0.019676 -0.04703 -0.000707
v -0.019674 -0.047034 -0.000726
v -0.01954 -0.0469 -0.000713
v -0.019528 -0.0469 -0.000762
v -0.019529 -0.0469 -0.000758
v -0.019601 -0.046969 -0.000762
v -0.019535 -0.0469 -0.000728
v -0.019685 -0.046886 -0.000517
v -0.019752 -0.046954 -0.000521
v -0.019667 -0.046889 -0.000533
v -0.019741 -0.046963 -0.000535
v -0.019656 -0.046891 -0.000543
v -0.019731 -0.046971 -0.00055
v -0.019698 -0.047001 -0.000617
v -0.019603 -0.046897 -0.000599
v -0.019704 -0.046994 -0.000599
v -0.019614 -0.046896 -0.000586
v -0.019712 -0.046987 -0.000582
v -0.019621 -0.046896 -0.000578
v -0.019628 -0.046895 -0.00057
v -0.019721 -0.046979 -0.000566
v -0.019639 -0.046894 -0.000559
v -0.019652 -0.046892 -0.000546
v -0.019687 -0.047014 -0.000652
v -0.019682 -0.04702 -0.000671
v -0.019562 -0.0469 -0.000662
v -0.019547 -0.0469 -0.000694
v -0.019549 -0.0469 -0.00069
v -0.019679 -0.047025 -0.000689
v -0.019551 -0.0469 -0.000684
v -0.01956 -0.0469 -0.000665
v -0.019532 -0.0469 -0.000741
v -0.019533 -0.0469 -0.000736
v -0.019673 -0.047037 -0.000744
v -0.019575 -0.046899 -0.00064
v -0.019581 -0.046899 -0.00063
v -0.019692 -0.047008 -0.000634
v -0.019582 -0.046899 -0.000629
v -0.019592 -0.046898 -0.000613
v -0.019526 -0.0469 -0.000779
v -0.0196 -0.046969 -0.000781
v -0.019672 -0.047042 -0.000782
v -0.019672 -0.04704 -0.000763
v -0.019741 -0.047116 -0.000782
v -0.019806 -0.04719 -0.000764
v -0.019807 -0.047193 -0.000782
v -0.01987 -0.047272 -0.000782
v -0.019803 -0.047177 -0.000727
v -0.019801 -0.047168 -0.000709
v -0.019799 -0.047158 -0.000691
v -0.019798 -0.047147 -0.000672
v -0.019797 -0.047135 -0.000654
v -0.019796 -0.047122 -0.000636
v -0.019797 -0.047109 -0.000618
v -0.019798 -0.047095 -0.000601
v -0.0198 -0.047081 -0.000584
v -0.019803 -0.047067 -0.000568
v -0.019807 -0.047053 -0.000552
v -0.019812 -0.047038 -0.000537
v -0.019818 -0.047024 -0.000522
v -0.01988 -0.047137 -0.00055
v -0.019881 -0.047116 -0.000535
v -0.019948 -0.047199 -0.000533
v -0.019883 -0.047179 -0.000582
v -0.019963 -0.04728 -0.000578
v -0.019886 -0.0472 -0.000599
v -0.019971 -0.047309 -0.000594
v -0.01989 -0.047221 -0.000617
v -0.01995 -0.047218 -0.000543
v -0.019951 -0.047223 -0.000546
v -0.019881 -0.047158 -0.000566
v -0.019957 -0.047251 -0.000562
v -0.01996 -0.047268 -0.000571
v -0.019805 -0.047184 -0.000745
v -0.019869 -0.047268 -0.000764
v -0.019931 -0.047354 -0.000782
v -0.019866 -0.047261 -0.000745
v -0.019929 -0.047348 -0.000763
v -0.019905 -0.04728 -0.000671
v -0.020005 -0.04742 -0.000665
v -0.019911 -0.047298 -0.000689
v -0.020009 -0.047429 -0.000672
v -0.020018 -0.047457 -0.000694
v -0.019916 -0.047314 -0.000707
v -0.020014 -0.047444 -0.000684
v -0.02001 -0.047434 -0.000676
v -0.019976 -0.047406 -0.000724
v -0.019921 -0.047328 -0.000726
v -0.019925 -0.047339 -0.000744
v -0.019986 -0.047431 -0.000762
v -0.02004 -0.047516 -0.000762
v -0.020041 -0.04752 -0.000769
v -0.019989 -0.047438 -0.000781
v -0.020042 -0.047522 -0.000776
v -0.020038 -0.047511 -0.000753
v -0.020021 -0.047463 -0.0007
v -0.020022 -0.047467 -0.000703
v -0.020027 -0.047482 -0.000718
v -0.020031 -0.047492 -0.000728
v -0.019973 -0.047318 -0.000599
v -0.019979 -0.047338 -0.000611
v -0.019895 -0.047242 -0.000634
v -0.019986 -0.047362 -0.000626
v -0.0199 -0.047262 -0.000652
v -0.019996 -0.047394 -0.000647
v -0.020003 -0.047414 -0.000661
v -0.019961 -0.046921 -0.000418
v -0.01992 -0.046878 -0.000418
v -0.019966 -0.046901 -0.000413
v -0.019933 -0.046864 -0.000413
v -0.019975 -0.04687 -0.000407
v -0.019977 -0.046864 -0.000406
v -0.019947 -0.046849 -0.000408
v -0.01998 -0.046855 -0.000404
v -0.019961 -0.046835 -0.000404
v -0.019975 -0.046821 -0.000402
v -0.019989 -0.046807 -0.0004
v -0.019944 -0.047014 -0.000448
v -0.019943 -0.04703 -0.000454
v -0.019861 -0.046951 -0.00046
v -0.019721 -0.046879 -0.000491
v -0.019841 -0.04698 -0.000482
v -0.019833 -0.046995 -0.000495
v -0.01994 -0.047082 -0.000476
v -0.019941 -0.047123 -0.000495
v -0.019825 -0.047009 -0.000508
v -0.01994 -0.047115 -0.000491
v -0.01994 -0.047095 -0.000482
v -0.019851 -0.046966 -0.000471
v -0.019943 -0.047033 -0.000455
v -0.019941 -0.047064 -0.000468
v -0.01994 -0.047077 -0.000474
v -0.019895 -0.046907 -0.000432
v -0.019907 -0.046893 -0.000425
v -0.019956 -0.04694 -0.000423
v -0.019949 -0.046983 -0.000436
v -0.019951 -0.046967 -0.000431
v -0.019955 -0.046949 -0.000426
v -0.019973 -0.046804 -0.000401
v -0.019964 -0.046807 -0.000402
v -0.019854 -0.046844 -0.000425
v -0.019879 -0.046836 -0.000418
v -0.01989 -0.046833 -0.000415
v -0.019893 -0.046832 -0.000414
v -0.019921 -0.046823 -0.000408
v -0.019927 -0.04682 -0.000407
v -0.019933 -0.046818 -0.000406
v -0.019962 -0.046808 -0.000402
v -0.019783 -0.046864 -0.000455
v -0.019716 -0.04688 -0.000494
v -0.019699 -0.046883 -0.000507
v -0.019733 -0.046876 -0.000483
v -0.019749 -0.046872 -0.000473
v -0.019759 -0.04687 -0.000468
v -0.01977 -0.046867 -0.000461
v -0.01981 -0.046857 -0.000442
v -0.019818 -0.046854 -0.000439
v -0.019838 -0.046849 -0.000431
v -0.019851 -0.046845 -0.000426
v -0.020044 -0.047525 -0.000787
v -0.020044 -0.047526 -0.0008
v -0.019944 -0.047373 -0.0008
v -0.019871 -0.047274 -0.0008
v -0.019807 -0.047194 -0.0008
v -0.019741 -0.047117 -0.0008
v -0.019657 -0.047027 -0.0008
v -0.019525 -0.0469 -0.0008
v -0.019941 -0.047138 -0.000502
v -0.019942 -0.047141 -0.000504
v -0.019882 -0.047095 -0.000521
v -0.019944 -0.047168 -0.000517
v -0.019944 -0.047169 -0.000518
v -0.020044 -0.047526 -0.002818
v -0.020032 -0.047507 -0.002836
v -0.019997 -0.047452 -0.002891
v -0.019525 -0.0469 -0.0071
v -0.019657 -0.047027 -0.0071
v -0.019936 -0.047362 -0.004901
v -0.019948 -0.047379 -0.004925
v -0.019944 -0.047373 -0.0071
v -0.019978 -0.047423 -0.004979
v -0.020044 -0.047526 -0.005082
v -0.020044 -0.047526 -0.0071
v -0.020024 -0.047494 -0.005053
v -0.020003 -0.047461 -0.00502
v -0.019814 -0.047203 -0.004615
v -0.019822 -0.047212 -0.004637
v -0.019807 -0.047194 -0.0071
v -0.019851 -0.047248 -0.004714
v -0.019869 -0.047272 -0.00476
v -0.01989 -0.047299 -0.004807
v -0.019895 -0.047305 -0.004817
v -0.01993 -0.047354 -0.004891
v -0.019871 -0.047274 -0.0071
v -0.019741 -0.047117 -0.003558
v -0.019737 -0.047112 -0.003581
v -0.019723 -0.047097 -0.003668
v -0.01972 -0.047093 -0.003691
v -0.019709 -0.047081 -0.0038
v -0.019704 -0.047076 -0.003911
v -0.019703 -0.047076 -0.003948
v -0.019704 -0.047077 -0.004023
v -0.019706 -0.047078 -0.004053
v -0.019708 -0.047081 -0.00409
v -0.019714 -0.047087 -0.004163
v -0.019722 -0.047096 -0.004231
v -0.019728 -0.047103 -0.004271
v -0.019748 -0.047125 -0.004376
v -0.019773 -0.047154 -0.00448
v -0.019782 -0.047164 -0.00451
v -0.019741 -0.047117 -0.0071
v -0.019845 -0.047241 -0.003199
v -0.019825 -0.047215 -0.003253
v -0.019807 -0.047194 -0.003305
v -0.019792 -0.047176 -0.003351
v -0.019764 -0.047143 -0.003452
v -0.019975 -0.047419 -0.002927
v -0.019952 -0.047385 -0.002969
v -0.019921 -0.047341 -0.003028
v -0.019908 -0.047324 -0.003054
v -0.019895 -0.047306 -0.003083
v -0.01987 -0.047272 -0.00314
v -0.019867 -0.047269 -0.003146
v -0.019862 -0.047262 -0.003157
v -0.019741 -0.046963 -0.007365
v -0.019753 -0.046955 -0.00738
v -0.019685 -0.046886 -0.007383
v -0.019965 -0.047373 -0.007213
v -0.020013 -0.047443 -0.00722
v -0.020006 -0.047424 -0.007235
v -0.019977 -0.047408 -0.007176
v -0.020029 -0.047489 -0.007178
v -0.020023 -0.047471 -0.007196
v -0.019989 -0.047438 -0.007119
v -0.019931 -0.047354 -0.007119
v -0.019732 -0.046877 -0.007416
v -0.019721 -0.046879 -0.007409
v -0.019833 -0.046996 -0.007406
v -0.019717 -0.04688 -0.007406
v -0.019825 -0.04701 -0.007393
v -0.019703 -0.046883 -0.007396
v -0.019697 -0.046884 -0.007392
v -0.019851 -0.046967 -0.00743
v -0.019861 -0.046952 -0.007441
v -0.019769 -0.046868 -0.007438
v -0.019759 -0.046871 -0.007432
v -0.019749 -0.046873 -0.007427
v -0.019842 -0.046982 -0.007418
v -0.01992 -0.046879 -0.007482
v -0.019888 -0.046834 -0.007485
v -0.019908 -0.046894 -0.007476
v -0.019859 -0.046843 -0.007476
v -0.019895 -0.046908 -0.007468
v -0.019975 -0.046821 -0.007498
v -0.019964 -0.046807 -0.007498
v -0.019961 -0.046835 -0.007496
v -0.019942 -0.046815 -0.007496
v -0.019947 -0.04685 -0.007492
v -0.019927 -0.04682 -0.007493
v -0.019934 -0.046864 -0.007488
v -0.0199 -0.04683 -0.007488
v -0.019891 -0.046833 -0.007485
v -0.019854 -0.046844 -0.007475
v -0.019848 -0.046846 -0.007473
v -0.019883 -0.046923 -0.00746
v -0.019818 -0.046855 -0.007461
v -0.019872 -0.046938 -0.007451
v -0.019809 -0.046858 -0.007457
v -0.019783 -0.046865 -0.007445
v -0.01994 -0.047117 -0.007409
v -0.01994 -0.047096 -0.007419
v -0.01994 -0.047123 -0.007406
v -0.019942 -0.047146 -0.007395
v -0.01994 -0.047092 -0.007421
v -0.01994 -0.047078 -0.007427
v -0.01994 -0.047066 -0.007432
v -0.019955 -0.04695 -0.007475
v -0.019956 -0.046944 -0.007476
v -0.019964 -0.046909 -0.007485
v -0.019967 -0.0469 -0.007488
v -0.019975 -0.04687 -0.007493
v -0.019979 -0.046858 -0.007495
v -0.019988 -0.046832 -0.007498
v -0.019989 -0.046807 -0.0075
v -0.019992 -0.04682 -0.007499
v -0.020003 -0.046792 -0.0075
v -0.019942 -0.047043 -0.007442
v -0.019942 -0.047034 -0.007446
v -0.019944 -0.047016 -0.007452
v -0.019947 -0.046992 -0.007461
v -0.019951 -0.046968 -0.007469
v -0.01987 -0.047273 -0.007118
v -0.019929 -0.047349 -0.007137
v -0.019986 -0.047432 -0.007138
v -0.019982 -0.047422 -0.007157
v -0.020043 -0.047523 -0.007124
v -0.020042 -0.04752 -0.00713
v -0.020044 -0.047526 -0.007106
v -0.020044 -0.047525 -0.007111
v -0.020043 -0.047524 -0.007117
v -0.02004 -0.047517 -0.007137
v -0.020034 -0.0475 -0.007164
v -0.020032 -0.047494 -0.007172
v -0.02004 -0.047517 -0.007138
v -0.020039 -0.047513 -0.007145
v -0.020037 -0.047508 -0.007154
v -0.019807 -0.047193 -0.007118
v -0.019869 -0.047268 -0.007137
v -0.019926 -0.047341 -0.007156
v -0.019988 -0.047369 -0.007271
v -0.01995 -0.04733 -0.00725
v -0.019989 -0.04737 -0.007271
v -0.019997 -0.047396 -0.007253
v -0.019907 -0.047283 -0.00723
v -0.019901 -0.047264 -0.007248
v -0.019896 -0.047244 -0.007266
v -0.019892 -0.047223 -0.007284
v -0.019881 -0.047117 -0.007365
v -0.019881 -0.047138 -0.00735
v -0.01995 -0.047216 -0.007358
v -0.019884 -0.04718 -0.007318
v -0.019961 -0.047269 -0.007329
v -0.019882 -0.047159 -0.007334
v -0.019957 -0.047253 -0.007338
v -0.019952 -0.047224 -0.007354
v -0.01998 -0.047341 -0.007288
v -0.019974 -0.047319 -0.007301
v -0.019887 -0.047202 -0.007301
v -0.019971 -0.04731 -0.007306
v -0.019964 -0.047282 -0.007322
v -0.019882 -0.047096 -0.00738
v -0.019818 -0.047025 -0.007379
v -0.019812 -0.047039 -0.007364
v -0.019807 -0.047053 -0.007348
v -0.019803 -0.047068 -0.007333
v -0.0198 -0.047082 -0.007316
v -0.019799 -0.047096 -0.007299
v -0.019798 -0.04711 -0.007282
v -0.019798 -0.047124 -0.007264
v -0.019798 -0.047137 -0.007247
v -0.019799 -0.047149 -0.007228
v -0.019857 -0.047229 -0.007211
v -0.0198 -0.04716 -0.00721
v -0.019802 -0.047169 -0.007192
v -0.019531 -0.0469 -0.007154
v -0.019528 -0.0469 -0.007138
v -0.019602 -0.046969 -0.007138
v -0.019527 -0.0469 -0.007133
v -0.019525 -0.0469 -0.007113
v -0.019555 -0.0469 -0.007223
v -0.01968 -0.047026 -0.007212
v -0.019684 -0.047021 -0.00723
v -0.019535 -0.0469 -0.007172
v -0.019532 -0.0469 -0.007158
v -0.019604 -0.046968 -0.007157
v -0.019552 -0.0469 -0.007216
v -0.019547 -0.0469 -0.007205
v -0.019677 -0.047031 -0.007193
v -0.019544 -0.0469 -0.007199
v -0.019675 -0.047035 -0.007174
v -0.019537 -0.0469 -0.007178
v -0.019536 -0.0469 -0.007176
v -0.019741 -0.047116 -0.007118
v -0.019806 -0.04719 -0.007136
v -0.019867 -0.047262 -0.007155
v -0.019922 -0.04733 -0.007174
v -0.019971 -0.047392 -0.007195
v -0.020019 -0.04746 -0.007206
v -0.0196 -0.046969 -0.007119
v -0.019672 -0.047042 -0.007119
v -0.019672 -0.04704 -0.007137
v -0.019741 -0.047114 -0.007137
v -0.01974 -0.04711 -0.007155
v -0.019805 -0.047185 -0.007155
v -0.019803 -0.047178 -0.007173
v -0.019864 -0.047253 -0.007174
v -0.019861 -0.047242 -0.007192
v -0.019917 -0.047316 -0.007193
v -0.019912 -0.0473 -0.007212
v -0.019958 -0.047353 -0.007232
v -0.020004 -0.047417 -0.007239
v -0.019673 -0.047038 -0.007156
v -0.01974 -0.047105 -0.007174
v -0.019688 -0.047015 -0.007248
v -0.019563 -0.0469 -0.007238
v -0.019561 -0.0469 -0.007235
v -0.019693 -0.047008 -0.007266
v -0.019582 -0.046899 -0.00727
v -0.019569 -0.0469 -0.007249
v -0.019721 -0.046979 -0.007334
v -0.019629 -0.046895 -0.00733
v -0.019713 -0.046987 -0.007318
v -0.019622 -0.046896 -0.007322
v -0.019705 -0.046994 -0.007301
v -0.019608 -0.046897 -0.007306
v -0.019604 -0.046897 -0.007301
v -0.019698 -0.047002 -0.007284
v -0.019594 -0.046898 -0.007288
v -0.019585 -0.046899 -0.007276
v -0.019665 -0.04689 -0.007365
v -0.019656 -0.046891 -0.007357
v -0.019731 -0.046971 -0.00735
v -0.019652 -0.046892 -0.007354
v -0.019635 -0.046894 -0.007336
v -0.02 -0.046794 -0.0075
v -0.019983 -0.0468 -0.0075
v -0.019965 -0.046807 -0.007498
v -0.019944 -0.047169 -0.007383
v -0.019944 -0.04717 -0.007382
v -0.019947 -0.047197 -0.007369
v -0.020061 -0.047554 -0.002794
v -0.020179 -0.047769 -0.00265
v -0.020149 -0.047712 -0.002682
v -0.020096 -0.047616 -0.0008
v -0.020184 -0.047779 -0.002645
v -0.020138 -0.047691 -0.002694
v -0.02012 -0.047657 -0.002716
v -0.020091 -0.047607 -0.002752
v -0.020317 -0.048078 -0.002538
v -0.020291 -0.048014 -0.002554
v -0.020236 -0.047888 -0.0008
v -0.020286 -0.048001 -0.002558
v -0.020264 -0.04795 -0.002573
v -0.020238 -0.047893 -0.002594
v -0.020236 -0.047888 -0.002596
v -0.020145 -0.047703 -0.0008
v -0.020227 -0.047869 -0.002603
v -0.020208 -0.047828 -0.002621
v -0.020352 -0.048171 -0.0008
v -0.020387 -0.048273 -0.002507
v -0.020372 -0.04823 -0.002512
v -0.020365 -0.048208 -0.002515
v -0.020352 -0.04817 -0.00252
v -0.020276 -0.047977 -0.0008
v -0.020342 -0.048143 -0.002525
v -0.020331 -0.048114 -0.00253
v -0.020407 -0.048338 -0.002502
v -0.020383 -0.048262 -0.0008
v -0.020433 -0.048429 -0.0025
v -0.020443 -0.048463 -0.0008
v -0.020443 -0.048463 -0.0025
v -0.020466 -0.048554 -0.0008
v -0.020508 -0.048761 -0.0025
v -0.020508 -0.048761 -0.0008
v -0.020523 -0.048853 -0.0008
v -0.020547 -0.049064 -0.0025
v -0.020546 -0.049045 -0.0008
v -0.020547 -0.049058 -0.0008
v -0.020547 -0.049064 -0.0008
v -0.020554 -0.049151 -0.000804
v -0.020558 -0.049254 -0.000817
v -0.02056 -0.049357 -0.000839
v -0.020561 -0.04937 -0.0025
v -0.02056 -0.04937 -0.000842
v -0.020559 -0.04946 -0.000869
v -0.020555 -0.049562 -0.000907
v -0.020548 -0.049662 -0.000955
v -0.020547 -0.049675 -0.0025
v -0.020547 -0.049675 -0.000962
v -0.020539 -0.049758 -0.00101
v -0.020508 -0.049978 -0.001172
v -0.020508 -0.049978 -0.0025
v -0.020511 -0.049964 -0.001161
v -0.020528 -0.049854 -0.001077
v -0.020505 -0.049998 -0.001187
v -0.020476 -0.050141 -0.001296
v -0.020443 -0.050277 -0.0025
v -0.020443 -0.050277 -0.0014
v -0.020441 -0.050283 -0.001404
v -0.020432 -0.050315 -0.001429
v -0.020401 -0.050424 -0.001512
v -0.020352 -0.050569 -0.0025
v -0.020352 -0.050569 -0.001623
v -0.020323 -0.050648 -0.001683
v -0.020303 -0.050699 -0.001723
v -0.020245 -0.050833 -0.001826
v -0.020237 -0.050852 -0.0025
v -0.020237 -0.050852 -0.00184
v -0.020182 -0.050965 -0.001928
v -0.020182 -0.050965 -0.0025
v -0.020011 -0.047428 -0.000662
v -0.020052 -0.047401 -0.00057
v -0.020069 -0.04739 -0.000543
v -0.019949 -0.047089 -0.000473
v -0.020074 -0.046992 -0.000407
v -0.020047 -0.047013 -0.000414
v -0.020915 -0.048795 -0.0004
v -0.020918 -0.048795 -0.0004
v -0.020944 -0.049009 -0.0004
v -0.020781 -0.048815 -0.000425
v -0.020814 -0.04881 -0.000414
v -0.020839 -0.049018 -0.000414
v -0.020664 -0.048832 -0.000494
v -0.020691 -0.048828 -0.000473
v -0.020715 -0.04903 -0.000473
v -0.020576 -0.048845 -0.000599
v -0.020595 -0.048842 -0.00057
v -0.020618 -0.049039 -0.00057
v -0.020546 -0.049045 -0.00078
v -0.020546 -0.049045 -0.000797
v -0.020523 -0.048853 -0.000797
v -0.020145 -0.047703 -0.000797
v -0.020276 -0.047977 -0.000797
v -0.020383 -0.048262 -0.000797
v -0.020466 -0.048554 -0.000797
v -0.020547 -0.049045 -0.000762
v -0.020524 -0.048853 -0.000762
v -0.02055 -0.049045 -0.000741
v -0.020529 -0.048852 -0.000728
v -0.020537 -0.048851 -0.000694
v -0.020558 -0.049044 -0.000703
v -0.020552 -0.049045 -0.000728
v -0.02056 -0.048848 -0.00063
v -0.020576 -0.049042 -0.000647
v -0.020547 -0.048849 -0.000662
v -0.02057 -0.049043 -0.000662
v -0.02056 -0.049044 -0.000694
v -0.0206 -0.04904 -0.000599
v -0.020593 -0.049041 -0.000611
v -0.020584 -0.049042 -0.00063
v -0.020639 -0.048836 -0.000517
v -0.020649 -0.049036 -0.000531
v -0.020615 -0.048839 -0.000543
v -0.020639 -0.049037 -0.000543
v -0.020624 -0.049038 -0.000562
v -0.020688 -0.049032 -0.000494
v -0.020676 -0.049033 -0.000504
v -0.020662 -0.049034 -0.000517
v -0.02075 -0.04882 -0.000438
v -0.020756 -0.049026 -0.000447
v -0.02072 -0.048824 -0.000454
v -0.020744 -0.049027 -0.000454
v -0.020723 -0.049029 -0.000467
v -0.020806 -0.049021 -0.000425
v -0.020791 -0.049023 -0.00043
v -0.020774 -0.049024 -0.000438
v -0.020847 -0.048805 -0.000407
v -0.020866 -0.049016 -0.000408
v -0.020847 -0.049017 -0.000412
v -0.020881 -0.0488 -0.000402
v -0.020886 -0.049014 -0.000404
v -0.020872 -0.049015 -0.000407
v -0.020941 -0.049009 -0.0004
v -0.020924 -0.04901 -0.0004
v -0.020906 -0.049012 -0.000402
v -0.02013 -0.046948 -0.0004
v -0.020101 -0.046971 -0.000402
v -0.020128 -0.04695 -0.0004
v -0.020021 -0.047033 -0.000425
v -0.019972 -0.047071 -0.000454
v -0.019996 -0.047052 -0.000438
v -0.02011 -0.047363 -0.000494
v -0.020133 -0.047349 -0.000473
v -0.020089 -0.047377 -0.000517
v -0.020036 -0.047412 -0.000599
v -0.020022 -0.04742 -0.00063
v -0.020166 -0.047691 -0.000662
v -0.020157 -0.047696 -0.000694
v -0.02015 -0.0477 -0.000728
v -0.020146 -0.047702 -0.000762
v -0.020326 -0.047224 -0.0004
v -0.020324 -0.047225 -0.0004
v -0.020295 -0.047244 -0.000402
v -0.020266 -0.047263 -0.000407
v -0.020238 -0.047281 -0.000414
v -0.02021 -0.047299 -0.000425
v -0.020183 -0.047316 -0.000438
v -0.020158 -0.047333 -0.000454
v -0.020498 -0.047515 -0.0004
v -0.020495 -0.047517 -0.0004
v -0.020465 -0.047533 -0.000402
v -0.020434 -0.047549 -0.000407
v -0.020405 -0.047565 -0.000414
v -0.020376 -0.04758 -0.000425
v -0.020347 -0.047595 -0.000438
v -0.02032 -0.04761 -0.000454
v -0.020295 -0.047623 -0.000473
v -0.020271 -0.047636 -0.000494
v -0.020248 -0.047648 -0.000517
v -0.020227 -0.047659 -0.000543
v -0.020209 -0.047669 -0.00057
v -0.020192 -0.047678 -0.000599
v -0.020178 -0.047685 -0.00063
v -0.020644 -0.04782 -0.0004
v -0.020763 -0.048137 -0.0004
v -0.020641 -0.047822 -0.0004
v -0.02076 -0.048138 -0.0004
v -0.020609 -0.047835 -0.000402
v -0.020727 -0.048149 -0.000402
v -0.020578 -0.047849 -0.000407
v -0.020695 -0.048159 -0.000407
v -0.020547 -0.047862 -0.000414
v -0.020663 -0.04817 -0.000414
v -0.020516 -0.047875 -0.000425
v -0.020631 -0.04818 -0.000425
v -0.020487 -0.047887 -0.000438
v -0.020601 -0.04819 -0.000438
v -0.020459 -0.047899 -0.000454
v -0.020572 -0.0482 -0.000454
v -0.020432 -0.047911 -0.000473
v -0.020545 -0.048209 -0.000473
v -0.020407 -0.047921 -0.000494
v -0.020519 -0.048217 -0.000494
v -0.020384 -0.047931 -0.000517
v -0.020494 -0.048225 -0.000517
v -0.020362 -0.047941 -0.000543
v -0.020472 -0.048233 -0.000543
v -0.020343 -0.047949 -0.00057
v -0.020452 -0.048239 -0.00057
v -0.020326 -0.047956 -0.000599
v -0.020434 -0.048245 -0.000599
v -0.020311 -0.047962 -0.00063
v -0.020419 -0.04825 -0.00063
v -0.020299 -0.047968 -0.000662
v -0.020407 -0.048254 -0.000662
v -0.020289 -0.047972 -0.000694
v -0.020396 -0.048257 -0.000694
v -0.020282 -0.047975 -0.000728
v -0.020389 -0.04826 -0.000728
v -0.020277 -0.047977 -0.000762
v -0.020385 -0.048261 -0.000762
v -0.020855 -0.048463 -0.0004
v -0.020852 -0.048463 -0.0004
v -0.020818 -0.048471 -0.000402
v -0.020785 -0.048479 -0.000407
v -0.020752 -0.048487 -0.000414
v -0.02072 -0.048494 -0.000425
v -0.020689 -0.048502 -0.000438
v -0.020659 -0.048509 -0.000454
v -0.020631 -0.048515 -0.000473
v -0.020604 -0.048522 -0.000494
v -0.02058 -0.048528 -0.000517
v -0.020557 -0.048533 -0.000543
v -0.020536 -0.048538 -0.00057
v -0.020518 -0.048542 -0.000599
v -0.020503 -0.048546 -0.00063
v -0.02049 -0.048549 -0.000662
v -0.020479 -0.048551 -0.000694
v -0.020472 -0.048553 -0.000728
v -0.020467 -0.048554 -0.000762
v -0.016548 -0.044028 -0.000494
v -0.016453 -0.044134 -0.0008
v -0.016454 -0.044132 -0.000762
v -0.016454 -0.044133 -0.000765
v -0.016469 -0.044115 -0.000662
v -0.016469 -0.044116 -0.000663
v -0.016462 -0.044123 -0.000694
v -0.016462 -0.044124 -0.000696
v -0.016457 -0.044129 -0.000728
v -0.016457 -0.044129 -0.000731
v -0.016489 -0.044093 -0.000599
v -0.016489 -0.044094 -0.0006
v -0.016478 -0.044105 -0.00063
v -0.016478 -0.044106 -0.000631
v -0.016501 -0.04408 -0.000571
v -0.016501 -0.04408 -0.00057
v -0.016515 -0.044064 -0.000543
v -0.016531 -0.044047 -0.000517
v -0.016566 -0.044007 -0.000473
v -0.016567 -0.044007 -0.000472
v -0.016586 -0.043986 -0.000454
v -0.016586 -0.043985 -0.000454
v -0.016606 -0.043963 -0.000438
v -0.016607 -0.043962 -0.000437
v -0.016672 -0.04389 -0.000407
v -0.016651 -0.043913 -0.000414
v -0.01665 -0.043915 -0.000414
v -0.016629 -0.043938 -0.000424
v -0.016628 -0.043939 -0.000425
v -0.016674 -0.043888 -0.000406
v -0.01672 -0.043836 -0.0004
v -0.016718 -0.043839 -0.0004
v -0.016697 -0.043862 -0.000402
v -0.016695 -0.043864 -0.000402
v -0.016462 -0.044123 -0.007206
v -0.016515 -0.044064 -0.007357
v -0.016548 -0.044028 -0.007406
v -0.016566 -0.044007 -0.007427
v -0.01672 -0.043836 -0.0075
v -0.016697 -0.043862 -0.007498
v -0.01665 -0.043915 -0.007486
v -0.016651 -0.043913 -0.007486
v -0.016672 -0.04389 -0.007493
v -0.016674 -0.043888 -0.007494
v -0.016695 -0.043864 -0.007498
v -0.016606 -0.043963 -0.007462
v -0.016607 -0.043962 -0.007463
v -0.016628 -0.043939 -0.007475
v -0.016629 -0.043938 -0.007476
v -0.016586 -0.043986 -0.007446
v -0.016586 -0.043985 -0.007446
v -0.016567 -0.044007 -0.007428
v -0.016531 -0.044047 -0.007383
v -0.016501 -0.04408 -0.00733
v -0.016501 -0.04408 -0.007329
v -0.016489 -0.044093 -0.007301
v -0.016489 -0.044094 -0.0073
v -0.016478 -0.044105 -0.00727
v -0.016469 -0.044115 -0.007238
v -0.016469 -0.044116 -0.007237
v -0.016478 -0.044106 -0.007269
v -0.016457 -0.044129 -0.007172
v -0.016457 -0.044129 -0.007169
v -0.016454 -0.044132 -0.007138
v -0.016462 -0.044124 -0.007204
v -0.016453 -0.044134 -0.0071
v -0.016454 -0.044133 -0.007135
v -0.0166 -0.042662 -0.0075
v -0.016624 -0.042636 -0.007498
v -0.016368 -0.042418 -0.007498
v -0.016648 -0.042611 -0.007494
v -0.01639 -0.042391 -0.007494
v -0.016671 -0.042586 -0.007486
v -0.016411 -0.042364 -0.007486
v -0.016693 -0.042562 -0.007476
v -0.016431 -0.042338 -0.007476
v -0.016715 -0.042538 -0.007463
v -0.016451 -0.042312 -0.007463
v -0.016737 -0.042515 -0.007446
v -0.01647 -0.042288 -0.007446
v -0.016757 -0.042494 -0.007428
v -0.016488 -0.042265 -0.007428
v -0.016776 -0.042474 -0.007406
v -0.016505 -0.042243 -0.007406
v -0.016793 -0.042455 -0.007383
v -0.016521 -0.042222 -0.007383
v -0.016809 -0.042438 -0.007357
v -0.016536 -0.042204 -0.007357
v -0.016824 -0.042422 -0.007329
v -0.016549 -0.042187 -0.007329
v -0.016836 -0.042408 -0.0073
v -0.01656 -0.042172 -0.0073
v -0.016847 -0.042397 -0.007269
v -0.01657 -0.04216 -0.007269
v -0.016857 -0.042387 -0.007237
v -0.016579 -0.042149 -0.007237
v -0.016864 -0.042379 -0.007204
v -0.016585 -0.042141 -0.007204
v -0.016869 -0.042374 -0.007169
v -0.01659 -0.042135 -0.007169
v -0.016872 -0.04237 -0.007135
v -0.016593 -0.042131 -0.007135
v -0.016873 -0.042369 -0.0071
v -0.016594 -0.04213 -0.0071
v -0.016294 -0.041916 -0.0071
v -0.016294 -0.041918 -0.007135
v -0.015978 -0.041729 -0.0071
v -0.015977 -0.04173 -0.007135
v -0.015647 -0.04157 -0.0071
v -0.015646 -0.041571 -0.007135
v -0.015303 -0.04144 -0.0071
v -0.015302 -0.041441 -0.007135
v -0.014949 -0.04134 -0.0071
v -0.014949 -0.041342 -0.007135
v -0.014588 -0.041271 -0.0071
v -0.014588 -0.041273 -0.007135
v -0.014222 -0.041234 -0.0071
v -0.014222 -0.041235 -0.007135
v -0.013855 -0.041228 -0.0071
v -0.013855 -0.04123 -0.007135
v -0.013488 -0.041254 -0.0071
v -0.013488 -0.041256 -0.007135
v -0.013125 -0.041312 -0.0071
v -0.013125 -0.041313 -0.007135
v -0.012768 -0.0414 -0.0071
v -0.012768 -0.041402 -0.007135
v -0.01242 -0.04152 -0.0071
v -0.012421 -0.041521 -0.007135
v -0.012084 -0.041668 -0.0071
v -0.012085 -0.04167 -0.007135
v -0.011762 -0.041846 -0.0071
v -0.011763 -0.041847 -0.007135
v -0.011456 -0.04205 -0.0071
v -0.011457 -0.042051 -0.007135
v -0.01117 -0.04228 -0.0071
v -0.011171 -0.042281 -0.007135
v -0.010904 -0.042534 -0.0071
v -0.010905 -0.042535 -0.007135
v -0.010661 -0.04281 -0.0071
v -0.010662 -0.042811 -0.007135
v -0.010443 -0.043106 -0.0071
v -0.010444 -0.043107 -0.007135
v -0.010251 -0.043419 -0.0071
v -0.010252 -0.04342 -0.007135
v -0.010087 -0.043748 -0.0071
v -0.010088 -0.043749 -0.007135
v -0.009952 -0.04409 -0.0071
v -0.009953 -0.044091 -0.007135
v -0.009847 -0.044443 -0.0071
v -0.009848 -0.044443 -0.007135
v -0.009773 -0.044803 -0.0071
v -0.009774 -0.044803 -0.007135
v -0.00973 -0.045168 -0.0071
v -0.009731 -0.045168 -0.007135
v -0.009719 -0.045535 -0.0071
v -0.00972 -0.045535 -0.007135
v -0.009739 -0.045902 -0.0071
v -0.009741 -0.045902 -0.007135
v -0.009792 -0.046266 -0.0071
v -0.009793 -0.046266 -0.007135
v -0.009875 -0.046624 -0.0071
v -0.009877 -0.046624 -0.007135
v -0.009989 -0.046974 -0.0071
v -0.009991 -0.046973 -0.007135
v -0.010133 -0.047312 -0.0071
v -0.010135 -0.047311 -0.007135
v -0.010306 -0.047637 -0.0071
v -0.010307 -0.047636 -0.007135
v -0.016291 -0.041921 -0.007169
v -0.015975 -0.041735 -0.007169
v -0.015644 -0.041576 -0.007169
v -0.015301 -0.041446 -0.007169
v -0.014948 -0.041346 -0.007169
v -0.014587 -0.041277 -0.007169
v -0.014222 -0.04124 -0.007169
v -0.013855 -0.041234 -0.007169
v -0.013489 -0.04126 -0.007169
v -0.013126 -0.041318 -0.007169
v -0.01277 -0.041406 -0.007169
v -0.012422 -0.041525 -0.007169
v -0.012087 -0.041674 -0.007169
v -0.011765 -0.041851 -0.007169
v -0.01146 -0.042055 -0.007169
v -0.011174 -0.042285 -0.007169
v -0.010908 -0.042538 -0.007169
v -0.010666 -0.042814 -0.007169
v -0.010448 -0.043109 -0.007169
v -0.010256 -0.043422 -0.007169
v -0.010092 -0.043751 -0.007169
v -0.009957 -0.044092 -0.007169
v -0.009853 -0.044444 -0.007169
v -0.009779 -0.044804 -0.007169
v -0.009736 -0.045168 -0.007169
v -0.009725 -0.045535 -0.007169
v -0.009745 -0.045902 -0.007169
v -0.009798 -0.046265 -0.007169
v -0.009881 -0.046623 -0.007169
v -0.009995 -0.046972 -0.007169
v -0.010139 -0.04731 -0.007169
v -0.010311 -0.047634 -0.007169
v -0.016287 -0.041928 -0.007204
v -0.015972 -0.041741 -0.007204
v -0.015641 -0.041582 -0.007204
v -0.015299 -0.041453 -0.007204
v -0.014946 -0.041353 -0.007204
v -0.014586 -0.041285 -0.007204
v -0.014221 -0.041247 -0.007204
v -0.013855 -0.041242 -0.007204
v -0.013489 -0.041268 -0.007204
v -0.013127 -0.041325 -0.007204
v -0.012772 -0.041413 -0.007204
v -0.012425 -0.041532 -0.007204
v -0.01209 -0.041681 -0.007204
v -0.011769 -0.041857 -0.007204
v -0.011464 -0.042061 -0.007204
v -0.011179 -0.04229 -0.007204
v -0.010914 -0.042543 -0.007204
v -0.010671 -0.042818 -0.007204
v -0.010454 -0.043113 -0.007204
v -0.010263 -0.043426 -0.007204
v -0.010099 -0.043754 -0.007204
v -0.009965 -0.044095 -0.007204
v -0.00986 -0.044446 -0.007204
v -0.009786 -0.044805 -0.007204
v -0.009743 -0.045169 -0.007204
v -0.009732 -0.045535 -0.007204
v -0.009753 -0.045901 -0.007204
v -0.009805 -0.046264 -0.007204
v -0.009888 -0.046621 -0.007204
v -0.010002 -0.046969 -0.007204
v -0.010145 -0.047306 -0.007204
v -0.010317 -0.04763 -0.007204
v -0.016281 -0.041937 -0.007237
v -0.015967 -0.04175 -0.007237
v -0.015637 -0.041592 -0.007237
v -0.015295 -0.041463 -0.007237
v -0.014943 -0.041364 -0.007237
v -0.014584 -0.041295 -0.007237
v -0.014221 -0.041258 -0.007237
v -0.013855 -0.041252 -0.007237
v -0.013491 -0.041278 -0.007237
v -0.01313 -0.041335 -0.007237
v -0.012775 -0.041423 -0.007237
v -0.012429 -0.041542 -0.007237
v -0.012095 -0.04169 -0.007237
v -0.011774 -0.041866 -0.007237
v -0.011471 -0.042069 -0.007237
v -0.011185 -0.042298 -0.007237
v -0.010921 -0.042551 -0.007237
v -0.01068 -0.042825 -0.007237
v -0.010463 -0.043119 -0.007237
v -0.010272 -0.043431 -0.007237
v -0.010109 -0.043758 -0.007237
v -0.009975 -0.044098 -0.007237
v -0.00987 -0.044449 -0.007237
v -0.009796 -0.044807 -0.007237
v -0.009754 -0.04517 -0.007237
v -0.009743 -0.045535 -0.007237
v -0.009763 -0.0459 -0.007237
v -0.009815 -0.046262 -0.007237
v -0.009898 -0.046618 -0.007237
v -0.010012 -0.046965 -0.007237
v -0.010155 -0.047302 -0.007237
v -0.010326 -0.047625 -0.007237
v -0.016274 -0.041948 -0.007269
v -0.01596 -0.041762 -0.007269
v -0.015632 -0.041604 -0.007269
v -0.015291 -0.041476 -0.007269
v -0.01494 -0.041377 -0.007269
v -0.014582 -0.041308 -0.007269
v -0.01422 -0.041271 -0.007269
v -0.013856 -0.041265 -0.007269
v -0.013492 -0.041291 -0.007269
v -0.013132 -0.041348 -0.007269
v -0.012779 -0.041436 -0.007269
v -0.012434 -0.041554 -0.007269
v -0.012101 -0.041702 -0.007269
v -0.011781 -0.041878 -0.007269
v -0.011479 -0.04208 -0.007269
v -0.011194 -0.042308 -0.007269
v -0.010931 -0.04256 -0.007269
v -0.01069 -0.042833 -0.007269
v -0.010474 -0.043127 -0.007269
v -0.010284 -0.043438 -0.007269
v -0.010121 -0.043764 -0.007269
v -0.009987 -0.044103 -0.007269
v -0.009883 -0.044452 -0.007269
v -0.00981 -0.044809 -0.007269
v -0.009767 -0.045171 -0.007269
v -0.009756 -0.045535 -0.007269
v -0.009777 -0.045899 -0.007269
v -0.009828 -0.046259 -0.007269
v -0.009911 -0.046614 -0.007269
v -0.010024 -0.046961 -0.007269
v -0.010167 -0.047296 -0.007269
v -0.010338 -0.047618 -0.007269
v -0.016265 -0.041961 -0.0073
v -0.015953 -0.041776 -0.0073
v -0.015626 -0.041619 -0.0073
v -0.015286 -0.041491 -0.0073
v -0.014937 -0.041392 -0.0073
v -0.01458 -0.041324 -0.0073
v -0.014219 -0.041287 -0.0073
v -0.013856 -0.041282 -0.0073
v -0.013494 -0.041307 -0.0073
v -0.013135 -0.041364 -0.0073
v -0.012783 -0.041452 -0.0073
v -0.01244 -0.041569 -0.0073
v -0.012108 -0.041716 -0.0073
v -0.01179 -0.041891 -0.0073
v -0.011488 -0.042093 -0.0073
v -0.011205 -0.04232 -0.0073
v -0.010942 -0.042571 -0.0073
v -0.010703 -0.042844 -0.0073
v -0.010487 -0.043136 -0.0073
v -0.010298 -0.043445 -0.0073
v -0.010136 -0.04377 -0.0073
v -0.010002 -0.044108 -0.0073
v -0.009899 -0.044456 -0.0073
v -0.009826 -0.044811 -0.0073
v -0.009783 -0.045172 -0.0073
v -0.009772 -0.045535 -0.0073
v -0.009793 -0.045897 -0.0073
v -0.009844 -0.046256 -0.0073
v -0.009927 -0.04661 -0.0073
v -0.010039 -0.046955 -0.0073
v -0.010181 -0.047289 -0.0073
v -0.010352 -0.04761 -0.0073
v -0.016255 -0.041977 -0.007329
v -0.015944 -0.041793 -0.007329
v -0.015618 -0.041636 -0.007329
v -0.01528 -0.041509 -0.007329
v -0.014932 -0.041411 -0.007329
v -0.014577 -0.041343 -0.007329
v -0.014218 -0.041306 -0.007329
v -0.013857 -0.0413 -0.007329
v -0.013496 -0.041326 -0.007329
v -0.013139 -0.041383 -0.007329
v -0.012788 -0.04147 -0.007329
v -0.012447 -0.041587 -0.007329
v -0.012116 -0.041733 -0.007329
v -0.0118 -0.041907 -0.007329
v -0.011499 -0.042108 -0.007329
v -0.011217 -0.042334 -0.007329
v -0.010956 -0.042584 -0.007329
v -0.010717 -0.042855 -0.007329
v -0.010503 -0.043146 -0.007329
v -0.010314 -0.043454 -0.007329
v -0.010153 -0.043778 -0.007329
v -0.01002 -0.044114 -0.007329
v -0.009917 -0.04446 -0.007329
v -0.009844 -0.044814 -0.007329
v -0.009802 -0.045173 -0.007329
v -0.009791 -0.045534 -0.007329
v -0.009811 -0.045895 -0.007329
v -0.009863 -0.046253 -0.007329
v -0.009945 -0.046605 -0.007329
v -0.010057 -0.046948 -0.007329
v -0.010198 -0.047281 -0.007329
v -0.010368 -0.0476 -0.007329
v -0.016243 -0.041995 -0.007357
v -0.015934 -0.041812 -0.007357
v -0.01561 -0.041656 -0.007357
v -0.015274 -0.041529 -0.007357
v -0.014928 -0.041431 -0.007357
v -0.014574 -0.041364 -0.007357
v -0.014217 -0.041327 -0.007357
v -0.013857 -0.041322 -0.007357
v -0.013499 -0.041347 -0.007357
v -0.013143 -0.041403 -0.007357
v -0.012794 -0.04149 -0.007357
v -0.012454 -0.041607 -0.007357
v -0.012126 -0.041752 -0.007357
v -0.011811 -0.041926 -0.007357
v -0.011512 -0.042125 -0.007357
v -0.011231 -0.04235 -0.007357
v -0.010971 -0.042599 -0.007357
v -0.010734 -0.042869 -0.007357
v -0.01052 -0.043158 -0.007357
v -0.010333 -0.043465 -0.007357
v -0.010172 -0.043787 -0.007357
v -0.01004 -0.044121 -0.007357
v -0.009938 -0.044466 -0.007357
v -0.009865 -0.044818 -0.007357
v -0.009823 -0.045175 -0.007357
v -0.009812 -0.045534 -0.007357
v -0.009832 -0.045893 -0.007357
v -0.009884 -0.046249 -0.007357
v -0.009965 -0.046599 -0.007357
v -0.010077 -0.046941 -0.007357
v -0.010218 -0.047272 -0.007357
v -0.010386 -0.047589 -0.007357
v -0.016231 -0.042015 -0.007383
v -0.015923 -0.041832 -0.007383
v -0.015601 -0.041678 -0.007383
v -0.015266 -0.041551 -0.007383
v -0.014922 -0.041454 -0.007383
v -0.014571 -0.041387 -0.007383
v -0.014215 -0.041351 -0.007383
v -0.013858 -0.041345 -0.007383
v -0.013501 -0.04137 -0.007383
v -0.013148 -0.041426 -0.007383
v -0.012801 -0.041513 -0.007383
v -0.012463 -0.041629 -0.007383
v -0.012136 -0.041773 -0.007383
v -0.011823 -0.041946 -0.007383
v -0.011526 -0.042144 -0.007383
v -0.011247 -0.042368 -0.007383
v -0.010988 -0.042615 -0.007383
v -0.010752 -0.042883 -0.007383
v -0.01054 -0.043171 -0.007383
v -0.010353 -0.043476 -0.007383
v -0.010194 -0.043796 -0.007383
v -0.010062 -0.044129 -0.007383
v -0.00996 -0.044471 -0.007383
v -0.009888 -0.044821 -0.007383
v -0.009847 -0.045176 -0.007383
v -0.009836 -0.045534 -0.007383
v -0.009856 -0.045891 -0.007383
v -0.009907 -0.046245 -0.007383
v -0.009988 -0.046593 -0.007383
v -0.010099 -0.046933 -0.007383
v -0.010239 -0.047262 -0.007383
v -0.010407 -0.047577 -0.007383
v -0.016216 -0.042036 -0.007406
v -0.015911 -0.041855 -0.007406
v -0.01559 -0.041701 -0.007406
v -0.015258 -0.041576 -0.007406
v -0.014916 -0.041479 -0.007406
v -0.014567 -0.041413 -0.007406
v -0.014214 -0.041376 -0.007406
v -0.013859 -0.041371 -0.007406
v -0.013504 -0.041396 -0.007406
v -0.013153 -0.041452 -0.007406
v -0.012808 -0.041537 -0.007406
v -0.012472 -0.041653 -0.007406
v -0.012147 -0.041796 -0.007406
v -0.011836 -0.041968 -0.007406
v -0.011541 -0.042165 -0.007406
v -0.011264 -0.042388 -0.007406
v -0.011007 -0.042633 -0.007406
v -0.010772 -0.0429 -0.007406
v -0.010561 -0.043186 -0.007406
v -0.010376 -0.043489 -0.007406
v -0.010217 -0.043807 -0.007406
v -0.010087 -0.044137 -0.007406
v -0.009985 -0.044478 -0.007406
v -0.009914 -0.044826 -0.007406
v -0.009872 -0.045178 -0.007406
v -0.009862 -0.045534 -0.007406
v -0.009882 -0.045888 -0.007406
v -0.009932 -0.04624 -0.007406
v -0.010013 -0.046586 -0.007406
v -0.010123 -0.046924 -0.007406
v -0.010262 -0.047251 -0.007406
v -0.010429 -0.047564 -0.007406
v -0.016201 -0.042059 -0.007428
v -0.015898 -0.04188 -0.007428
v -0.01558 -0.041727 -0.007428
v -0.015249 -0.041602 -0.007428
v -0.01491 -0.041506 -0.007428
v -0.014563 -0.04144 -0.007428
v -0.014212 -0.041404 -0.007428
v -0.013859 -0.041399 -0.007428
v -0.013507 -0.041423 -0.007428
v -0.013159 -0.041479 -0.007428
v -0.012816 -0.041564 -0.007428
v -0.012482 -0.041678 -0.007428
v -0.01216 -0.041821 -0.007428
v -0.011851 -0.041991 -0.007428
v -0.011557 -0.042188 -0.007428
v -0.011282 -0.042408 -0.007428
v -0.011027 -0.042652 -0.007428
v -0.010794 -0.042917 -0.007428
v -0.010584 -0.043201 -0.007428
v -0.0104 -0.043502 -0.007428
v -0.010243 -0.043818 -0.007428
v -0.010113 -0.044146 -0.007428
v -0.010012 -0.044484 -0.007428
v -0.009941 -0.04483 -0.007428
v -0.0099 -0.04518 -0.007428
v -0.009889 -0.045533 -0.007428
v -0.009909 -0.045885 -0.007428
v -0.009959 -0.046235 -0.007428
v -0.010039 -0.046578 -0.007428
v -0.010149 -0.046914 -0.007428
v -0.010287 -0.047239 -0.007428
v -0.010453 -0.04755 -0.007428
v -0.016185 -0.042084 -0.007446
v -0.015884 -0.041906 -0.007446
v -0.015568 -0.041754 -0.007446
v -0.01524 -0.04163 -0.007446
v -0.014903 -0.041535 -0.007446
v -0.014559 -0.041469 -0.007446
v -0.01421 -0.041433 -0.007446
v -0.01386 -0.041428 -0.007446
v -0.013511 -0.041453 -0.007446
v -0.013165 -0.041508 -0.007446
v -0.012825 -0.041592 -0.007446
v -0.012493 -0.041706 -0.007446
v -0.012173 -0.041848 -0.007446
v -0.011866 -0.042016 -0.007446
v -0.011575 -0.042211 -0.007446
v -0.011301 -0.04243 -0.007446
v -0.011048 -0.042672 -0.007446
v -0.010817 -0.042935 -0.007446
v -0.010609 -0.043217 -0.007446
v -0.010426 -0.043516 -0.007446
v -0.010269 -0.04383 -0.007446
v -0.010141 -0.044156 -0.007446
v -0.010041 -0.044491 -0.007446
v -0.00997 -0.044835 -0.007446
v -0.009929 -0.045183 -0.007446
v -0.009919 -0.045533 -0.007446
v -0.009938 -0.045883 -0.007446
v -0.009988 -0.046229 -0.007446
v -0.010068 -0.046571 -0.007446
v -0.010177 -0.046904 -0.007446
v -0.010314 -0.047226 -0.007446
v -0.010478 -0.047535 -0.007446
v -0.016168 -0.04211 -0.007463
v -0.015869 -0.041933 -0.007463
v -0.015556 -0.041782 -0.007463
v -0.015231 -0.041659 -0.007463
v -0.014896 -0.041565 -0.007463
v -0.014554 -0.0415 -0.007463
v -0.014209 -0.041464 -0.007463
v -0.013861 -0.041459 -0.007463
v -0.013514 -0.041483 -0.007463
v -0.013171 -0.041538 -0.007463
v -0.012833 -0.041622 -0.007463
v -0.012504 -0.041735 -0.007463
v -0.012187 -0.041875 -0.007463
v -0.011882 -0.042043 -0.007463
v -0.011593 -0.042236 -0.007463
v -0.011322 -0.042454 -0.007463
v -0.01107 -0.042694 -0.007463
v -0.010841 -0.042955 -0.007463
v -0.010634 -0.043235 -0.007463
v -0.010453 -0.043531 -0.007463
v -0.010298 -0.043842 -0.007463
v -0.01017 -0.044166 -0.007463
v -0.010071 -0.044499 -0.007463
v -0.010001 -0.04484 -0.007463
v -0.00996 -0.045185 -0.007463
v -0.00995 -0.045532 -0.007463
v -0.009969 -0.045879 -0.007463
v -0.010019 -0.046224 -0.007463
v -0.010098 -0.046562 -0.007463
v -0.010206 -0.046893 -0.007463
v -0.010342 -0.047213 -0.007463
v -0.010505 -0.04752 -0.007463
v -0.016151 -0.042137 -0.007476
v -0.015854 -0.041961 -0.007476
v -0.015543 -0.041812 -0.007476
v -0.01522 -0.04169 -0.007476
v -0.014889 -0.041596 -0.007476
v -0.01455 -0.041532 -0.007476
v -0.014207 -0.041496 -0.007476
v -0.013862 -0.041491 -0.007476
v -0.013518 -0.041516 -0.007476
v -0.013177 -0.04157 -0.007476
v -0.012842 -0.041653 -0.007476
v -0.012516 -0.041765 -0.007476
v -0.012201 -0.041904 -0.007476
v -0.011899 -0.04207 -0.007476
v -0.011612 -0.042262 -0.007476
v -0.011343 -0.042478 -0.007476
v -0.011094 -0.042716 -0.007476
v -0.010866 -0.042975 -0.007476
v -0.010661 -0.043253 -0.007476
v -0.010481 -0.043547 -0.007476
v -0.010327 -0.043856 -0.007476
v -0.010201 -0.044176 -0.007476
v -0.010102 -0.044507 -0.007476
v -0.010032 -0.044845 -0.007476
v -0.009992 -0.045187 -0.007476
v -0.009982 -0.045532 -0.007476
v -0.010001 -0.045876 -0.007476
v -0.01005 -0.046218 -0.007476
v -0.010129 -0.046554 -0.007476
v -0.010236 -0.046881 -0.007476
v -0.010371 -0.047199 -0.007476
v -0.010533 -0.047503 -0.007476
v -0.016133 -0.042165 -0.007486
v -0.015838 -0.041991 -0.007486
v -0.01553 -0.041842 -0.007486
v -0.01521 -0.041722 -0.007486
v -0.014881 -0.041629 -0.007486
v -0.014545 -0.041565 -0.007486
v -0.014205 -0.04153 -0.007486
v -0.013863 -0.041524 -0.007486
v -0.013522 -0.041549 -0.007486
v -0.013184 -0.041602 -0.007486
v -0.012852 -0.041685 -0.007486
v -0.012528 -0.041796 -0.007486
v -0.012216 -0.041934 -0.007486
v -0.011916 -0.042099 -0.007486
v -0.011632 -0.042289 -0.007486
v -0.011365 -0.042503 -0.007486
v -0.011118 -0.042739 -0.007486
v -0.010892 -0.042996 -0.007486
v -0.010689 -0.043271 -0.007486
v -0.01051 -0.043563 -0.007486
v -0.010358 -0.043869 -0.007486
v -0.010232 -0.044187 -0.007486
v -0.010134 -0.044515 -0.007486
v -0.010065 -0.04485 -0.007486
v -0.010025 -0.04519 -0.007486
v -0.010015 -0.045532 -0.007486
v -0.010034 -0.045873 -0.007486
v -0.010083 -0.046212 -0.007486
v -0.010161 -0.046545 -0.007486
v -0.010267 -0.04687 -0.007486
v -0.010401 -0.047184 -0.007486
v -0.010561 -0.047486 -0.007486
v -0.016114 -0.042193 -0.007494
v -0.015822 -0.042021 -0.007494
v -0.015517 -0.041874 -0.007494
v -0.015199 -0.041754 -0.007494
v -0.014873 -0.041662 -0.007494
v -0.01454 -0.041598 -0.007494
v -0.014203 -0.041564 -0.007494
v -0.013864 -0.041558 -0.007494
v -0.013525 -0.041582 -0.007494
v -0.013191 -0.041636 -0.007494
v -0.012862 -0.041717 -0.007494
v -0.012541 -0.041827 -0.007494
v -0.012231 -0.041965 -0.007494
v -0.011934 -0.042128 -0.007494
v -0.011652 -0.042317 -0.007494
v -0.011387 -0.042529 -0.007494
v -0.011142 -0.042763 -0.007494
v -0.010918 -0.043017 -0.007494
v -0.010717 -0.04329 -0.007494
v -0.01054 -0.04358 -0.007494
v -0.010389 -0.043883 -0.007494
v -0.010264 -0.044198 -0.007494
v -0.010167 -0.044523 -0.007494
v -0.010099 -0.044855 -0.007494
v -0.010059 -0.045192 -0.007494
v -0.010049 -0.045531 -0.007494
v -0.010068 -0.04587 -0.007494
v -0.010116 -0.046205 -0.007494
v -0.010194 -0.046535 -0.007494
v -0.010299 -0.046858 -0.007494
v -0.010431 -0.04717 -0.007494
v -0.010591 -0.047469 -0.007494
v -0.016095 -0.042222 -0.007498
v -0.015806 -0.042051 -0.007498
v -0.015503 -0.041906 -0.007498
v -0.015189 -0.041787 -0.007498
v -0.014865 -0.041695 -0.007498
v -0.014535 -0.041633 -0.007498
v -0.014201 -0.041598 -0.007498
v -0.013865 -0.041593 -0.007498
v -0.013529 -0.041617 -0.007498
v -0.013197 -0.041669 -0.007498
v -0.012871 -0.041751 -0.007498
v -0.012553 -0.04186 -0.007498
v -0.012246 -0.041996 -0.007498
v -0.011952 -0.042158 -0.007498
v -0.011672 -0.042344 -0.007498
v -0.01141 -0.042555 -0.007498
v -0.011167 -0.042787 -0.007498
v -0.010945 -0.043039 -0.007498
v -0.010746 -0.04331 -0.007498
v -0.01057 -0.043596 -0.007498
v -0.01042 -0.043897 -0.007498
v -0.010297 -0.04421 -0.007498
v -0.010201 -0.044532 -0.007498
v -0.010133 -0.044861 -0.007498
v -0.010094 -0.045195 -0.007498
v -0.010084 -0.045531 -0.007498
v -0.010103 -0.045866 -0.007498
v -0.01015 -0.046199 -0.007498
v -0.010227 -0.046526 -0.007498
v -0.010331 -0.046846 -0.007498
v -0.010463 -0.047155 -0.007498
v -0.01062 -0.047452 -0.007498
v -0.016347 -0.042445 -0.0075
v -0.016076 -0.042252 -0.0075
v -0.015789 -0.042082 -0.0075
v -0.015489 -0.041938 -0.0075
v -0.015178 -0.04182 -0.0075
v -0.014857 -0.041729 -0.0075
v -0.01453 -0.041667 -0.0075
v -0.014199 -0.041633 -0.0075
v -0.013866 -0.041628 -0.0075
v -0.013533 -0.041651 -0.0075
v -0.013204 -0.041704 -0.0075
v -0.012881 -0.041784 -0.0075
v -0.012566 -0.041892 -0.0075
v -0.012262 -0.042027 -0.0075
v -0.01197 -0.042187 -0.0075
v -0.011693 -0.042373 -0.0075
v -0.011433 -0.042581 -0.0075
v -0.011192 -0.042811 -0.0075
v -0.010972 -0.043061 -0.0075
v -0.010775 -0.043329 -0.0075
v -0.010601 -0.043613 -0.0075
v -0.010452 -0.043911 -0.0075
v -0.01033 -0.044221 -0.0075
v -0.010235 -0.04454 -0.0075
v -0.010168 -0.044866 -0.0075
v -0.010129 -0.045197 -0.0075
v -0.010119 -0.04553 -0.0075
v -0.010137 -0.045863 -0.0075
v -0.010185 -0.046192 -0.0075
v -0.01026 -0.046517 -0.0075
v -0.010364 -0.046833 -0.0075
v -0.010494 -0.04714 -0.0075
v -0.01065 -0.047434 -0.0075
v -0.020605 -0.04621 -0.007476
v -0.020627 -0.046186 -0.007463
v -0.020512 -0.04631 -0.0075
v -0.020536 -0.046284 -0.007498
v -0.020538 -0.046282 -0.007498
v -0.02056 -0.046259 -0.007494
v -0.020583 -0.046234 -0.007486
v -0.020584 -0.046232 -0.007486
v -0.020628 -0.046185 -0.007462
v -0.020649 -0.046163 -0.007446
v -0.020669 -0.046142 -0.007428
v -0.020669 -0.046141 -0.007427
v -0.020688 -0.046122 -0.007406
v -0.020688 -0.046121 -0.007406
v -0.020705 -0.046103 -0.007383
v -0.020721 -0.046086 -0.007357
v -0.020736 -0.04607 -0.007329
v -0.020748 -0.046057 -0.007301
v -0.020748 -0.046056 -0.0073
v -0.020759 -0.046045 -0.007269
v -0.020768 -0.046035 -0.007238
v -0.020769 -0.046035 -0.007237
v -0.020776 -0.046027 -0.007204
v -0.020781 -0.046022 -0.007172
v -0.020785 -0.046017 -0.0071
v -0.020785 -0.046017 -0.007103
v -0.020784 -0.046018 -0.007135
v -0.020781 -0.046022 -0.007169
v -0.022957 -0.048501 -0.0071
v -0.022718 -0.048173 -0.0071
v -0.022718 -0.048173 -0.007103
v -0.022232 -0.047555 -0.0071
v -0.022072 -0.047363 -0.0071
v -0.022072 -0.047363 -0.007103
v -0.021374 -0.046596 -0.007103
v -0.021374 -0.046596 -0.0071
v -0.0224 -0.048411 -0.0075
v -0.022398 -0.048413 -0.0075
v -0.022876 -0.049088 -0.0075
v -0.021087 -0.046874 -0.0075
v -0.021139 -0.046824 -0.007493
v -0.021114 -0.046848 -0.007498
v -0.021089 -0.046872 -0.0075
v -0.021187 -0.046778 -0.007475
v -0.021163 -0.0468 -0.007486
v -0.021231 -0.046734 -0.007446
v -0.021209 -0.046755 -0.007462
v -0.021252 -0.046714 -0.007427
v -0.021307 -0.046661 -0.007357
v -0.02129 -0.046677 -0.007383
v -0.021272 -0.046695 -0.007406
v -0.021336 -0.046633 -0.007301
v -0.021322 -0.046646 -0.00733
v -0.021357 -0.046613 -0.007238
v -0.021347 -0.046622 -0.00727
v -0.02137 -0.0466 -0.007172
v -0.021364 -0.046605 -0.007206
v -0.021373 -0.046597 -0.007138
v -0.023208 -0.048866 -0.0071
v -0.023208 -0.048866 -0.007103
v -0.023208 -0.048866 -0.00712
v -0.022717 -0.048174 -0.007138
v -0.022713 -0.048177 -0.007172
v -0.023204 -0.048868 -0.007159
v -0.023207 -0.048867 -0.007138
v -0.022707 -0.048182 -0.007206
v -0.023198 -0.048873 -0.007197
v -0.023203 -0.04887 -0.007172
v -0.022699 -0.048188 -0.007238
v -0.023194 -0.048876 -0.007216
v -0.023196 -0.048874 -0.007206
v -0.022688 -0.048196 -0.00727
v -0.023183 -0.048883 -0.007253
v -0.023188 -0.04888 -0.007238
v -0.022675 -0.048206 -0.007301
v -0.023169 -0.048892 -0.007289
v -0.023176 -0.048887 -0.00727
v -0.02266 -0.048217 -0.00733
v -0.023161 -0.048898 -0.007306
v -0.023163 -0.048896 -0.007301
v -0.022643 -0.048229 -0.007357
v -0.023143 -0.04891 -0.007338
v -0.023148 -0.048906 -0.00733
v -0.022624 -0.048243 -0.007383
v -0.023122 -0.048924 -0.007369
v -0.02313 -0.048918 -0.007357
v -0.022604 -0.048259 -0.007406
v -0.023099 -0.048939 -0.007396
v -0.023111 -0.048931 -0.007383
v -0.022559 -0.048293 -0.007446
v -0.02306 -0.048965 -0.007433
v -0.022582 -0.048275 -0.007427
v -0.023067 -0.048961 -0.007427
v -0.02309 -0.048945 -0.007406
v -0.022534 -0.048311 -0.007462
v -0.023032 -0.048984 -0.007453
v -0.023043 -0.048977 -0.007446
v -0.022509 -0.04833 -0.007475
v -0.023003 -0.049003 -0.00747
v -0.023017 -0.048994 -0.007462
v -0.022455 -0.04837 -0.007493
v -0.022956 -0.049034 -0.007488
v -0.022482 -0.04835 -0.007486
v -0.022963 -0.04903 -0.007486
v -0.022991 -0.049011 -0.007475
v -0.022428 -0.04839 -0.007498
v -0.022924 -0.049056 -0.007496
v -0.022935 -0.049048 -0.007493
v -0.022878 -0.049087 -0.0075
v -0.022892 -0.049077 -0.0075
v -0.022907 -0.049067 -0.007498
v -0.02207 -0.047364 -0.007138
v -0.022067 -0.047367 -0.007172
v -0.022061 -0.047372 -0.007206
v -0.022053 -0.047379 -0.007238
v -0.022043 -0.047388 -0.00727
v -0.02203 -0.047398 -0.007301
v -0.022016 -0.04741 -0.00733
v -0.022 -0.047424 -0.007357
v -0.021982 -0.047439 -0.007383
v -0.021963 -0.047455 -0.007406
v -0.021942 -0.047473 -0.007427
v -0.02192 -0.047492 -0.007446
v -0.021897 -0.047512 -0.007462
v -0.021872 -0.047533 -0.007475
v -0.021847 -0.047554 -0.007486
v -0.021822 -0.047576 -0.007493
v -0.021796 -0.047598 -0.007498
v -0.021769 -0.04762 -0.0075
v -0.021767 -0.047622 -0.0075
v -0.023727 -0.049695 -0.006893
v -0.02365 -0.049565 -0.006956
v -0.023667 -0.049595 -0.006967
v -0.023255 -0.049841 -0.007359
v -0.023279 -0.049893 -0.007339
v -0.023299 -0.049883 -0.007343
v -0.022976 -0.049281 -0.007491
v -0.022991 -0.049309 -0.007488
v -0.023008 -0.049298 -0.007489
v -0.023018 -0.049362 -0.007482
v -0.023028 -0.049383 -0.007479
v -0.023046 -0.049372 -0.00748
v -0.023101 -0.049527 -0.007453
v -0.023103 -0.04953 -0.007453
v -0.023121 -0.049519 -0.007455
v -0.023253 -0.049024 -0.007289
v -0.023277 -0.049003 -0.007215
v -0.023522 -0.049356 -0.007053
v -0.023565 -0.049425 -0.00701
v -0.023473 -0.049275 -0.007052
v -0.023523 -0.049361 -0.007074
v -0.023368 -0.049111 -0.007104
v -0.023372 -0.049117 -0.007082
v -0.023265 -0.048952 -0.007098
v -0.023359 -0.049132 -0.007204
v -0.023245 -0.049031 -0.007306
v -0.023328 -0.049165 -0.007297
v -0.023319 -0.049173 -0.007314
v -0.023401 -0.049308 -0.007296
v -0.023392 -0.049318 -0.007312
v -0.023472 -0.049455 -0.007284
v -0.023422 -0.049397 -0.007315
v -0.023462 -0.049466 -0.007299
v -0.023411 -0.049407 -0.00733
v -0.023451 -0.049477 -0.007314
v -0.023399 -0.049418 -0.007344
v -0.023439 -0.049488 -0.007328
v -0.023387 -0.04943 -0.007357
v -0.023426 -0.0495 -0.007341
v -0.023373 -0.049441 -0.00737
v -0.023413 -0.049512 -0.007354
v -0.023359 -0.049452 -0.007381
v -0.023399 -0.049524 -0.007365
v -0.023345 -0.049464 -0.007391
v -0.023384 -0.049536 -0.007375
v -0.02333 -0.049476 -0.007401
v -0.023369 -0.049548 -0.007384
v -0.023314 -0.049488 -0.007409
v -0.023353 -0.04956 -0.007393
v -0.023298 -0.0495 -0.007417
v -0.023336 -0.049572 -0.0074
v -0.023281 -0.049512 -0.007423
v -0.02332 -0.049585 -0.007406
v -0.023265 -0.049524 -0.007429
v -0.023302 -0.049597 -0.007411
v -0.023247 -0.049536 -0.007433
v -0.023285 -0.049609 -0.007415
v -0.02323 -0.049547 -0.007436
v -0.023267 -0.049621 -0.007418
v -0.023212 -0.049559 -0.007438
v -0.023249 -0.049632 -0.00742
v -0.023194 -0.04957 -0.007439
v -0.023231 -0.049644 -0.00742
v -0.023176 -0.049582 -0.007439
v -0.023212 -0.049655 -0.00742
v -0.023157 -0.049593 -0.007438
v -0.023194 -0.049666 -0.007418
v -0.023139 -0.049604 -0.007435
v -0.023083 -0.049446 -0.007469
v -0.023066 -0.049457 -0.007467
v -0.023074 -0.049474 -0.007464
v -0.023236 -0.049037 -0.007323
v -0.023227 -0.049045 -0.007339
v -0.02331 -0.049181 -0.00733
v -0.0233 -0.04919 -0.007346
v -0.023382 -0.049328 -0.007328
v -0.02333 -0.049268 -0.007353
v -0.023371 -0.049338 -0.007343
v -0.023318 -0.049278 -0.007368
v -0.023359 -0.049348 -0.007357
v -0.023306 -0.049289 -0.007381
v -0.023347 -0.049359 -0.00737
v -0.023293 -0.049299 -0.007394
v -0.023333 -0.04937 -0.007383
v -0.02328 -0.04931 -0.007405
v -0.02332 -0.049381 -0.007394
v -0.023265 -0.049321 -0.007416
v -0.023305 -0.049392 -0.007405
v -0.023251 -0.049332 -0.007426
v -0.02329 -0.049404 -0.007415
v -0.023235 -0.049343 -0.007435
v -0.023275 -0.049415 -0.007423
v -0.02322 -0.049354 -0.007443
v -0.023259 -0.049427 -0.007431
v -0.023204 -0.049366 -0.00745
v -0.023243 -0.049439 -0.007438
v -0.023187 -0.049377 -0.007455
v -0.023226 -0.049451 -0.007443
v -0.02317 -0.049389 -0.00746
v -0.023209 -0.049462 -0.007448
v -0.023153 -0.0494 -0.007464
v -0.023192 -0.049474 -0.007451
v -0.023136 -0.049412 -0.007467
v -0.023174 -0.049486 -0.007454
v -0.023119 -0.049423 -0.007469
v -0.023157 -0.049497 -0.007455
v -0.023101 -0.049435 -0.007469
v -0.023139 -0.049508 -0.007456
v -0.023217 -0.049052 -0.007355
v -0.023206 -0.049061 -0.00737
v -0.023289 -0.049199 -0.007361
v -0.023236 -0.049139 -0.007381
v -0.023277 -0.049208 -0.007376
v -0.023224 -0.049148 -0.007395
v -0.023265 -0.049218 -0.007389
v -0.023211 -0.049157 -0.007407
v -0.023252 -0.049228 -0.007402
v -0.023198 -0.049167 -0.007419
v -0.023239 -0.049238 -0.007414
v -0.023184 -0.049178 -0.00743
v -0.023225 -0.049249 -0.007424
v -0.02317 -0.049188 -0.00744
v -0.02321 -0.04926 -0.007434
v -0.023155 -0.049198 -0.00745
v -0.023195 -0.049271 -0.007443
v -0.02314 -0.049209 -0.007458
v -0.02318 -0.049282 -0.007452
v -0.023124 -0.04922 -0.007465
v -0.023164 -0.049293 -0.007459
v -0.023108 -0.049231 -0.007472
v -0.023148 -0.049304 -0.007465
v -0.023092 -0.049242 -0.007477
v -0.023131 -0.049316 -0.00747
v -0.023076 -0.049253 -0.007481
v -0.023115 -0.049327 -0.007474
v -0.023059 -0.049265 -0.007485
v -0.023098 -0.049338 -0.007477
v -0.023042 -0.049276 -0.007487
v -0.023081 -0.04935 -0.007479
v -0.023025 -0.049287 -0.007489
v -0.023063 -0.049361 -0.00748
v -0.023195 -0.049069 -0.007384
v -0.023141 -0.049008 -0.007398
v -0.023183 -0.049078 -0.007398
v -0.023128 -0.049017 -0.007411
v -0.02317 -0.049087 -0.00741
v -0.023115 -0.049026 -0.007423
v -0.023157 -0.049097 -0.007422
v -0.023102 -0.049035 -0.007434
v -0.023143 -0.049106 -0.007433
v -0.023088 -0.049045 -0.007445
v -0.023129 -0.049116 -0.007444
v -0.023073 -0.049055 -0.007454
v -0.023114 -0.049126 -0.007453
v -0.023059 -0.049065 -0.007463
v -0.023099 -0.049137 -0.007462
v -0.023043 -0.049075 -0.00747
v -0.023084 -0.049148 -0.007469
v -0.023028 -0.049086 -0.007477
v -0.023068 -0.049158 -0.007476
v -0.023012 -0.049096 -0.007483
v -0.023052 -0.049169 -0.007481
v -0.022996 -0.049107 -0.007488
v -0.023036 -0.04918 -0.007486
v -0.02298 -0.049118 -0.007492
v -0.02302 -0.049191 -0.00749
v -0.022964 -0.049129 -0.007495
v -0.023003 -0.049202 -0.007493
v -0.022947 -0.04914 -0.007498
v -0.022986 -0.049213 -0.007494
v -0.022931 -0.049151 -0.007499
v -0.02297 -0.049224 -0.007495
v -0.022914 -0.049162 -0.007499
v -0.022953 -0.049235 -0.007495
v -0.023688 -0.050083 -0.007136
v -0.023657 -0.050012 -0.007173
v -0.023641 -0.050027 -0.007182
v -0.02367 -0.050099 -0.007144
v -0.023624 -0.050041 -0.007189
v -0.023652 -0.050114 -0.007152
v -0.023607 -0.050055 -0.007196
v -0.023633 -0.050129 -0.007158
v -0.023589 -0.050069 -0.007201
v -0.023614 -0.050143 -0.007163
v -0.02357 -0.050082 -0.007205
v -0.023593 -0.050157 -0.007167
v -0.023551 -0.050095 -0.007208
v -0.023531 -0.050107 -0.00721
v -0.023572 -0.050171 -0.007169
v -0.023512 -0.050119 -0.007211
v -0.023551 -0.050184 -0.00717
v -0.023491 -0.050131 -0.00721
v -0.023529 -0.050196 -0.007169
v -0.023471 -0.050142 -0.007209
v -0.023507 -0.050208 -0.007167
v -0.02345 -0.050152 -0.007206
v -0.023484 -0.050218 -0.007164
v -0.023462 -0.050228 -0.00716
v -0.02343 -0.050161 -0.007202
v -0.02346 -0.050229 -0.007159
v -0.023409 -0.05017 -0.007197
v -0.023439 -0.050237 -0.007154
v -0.023264 -0.049811 -0.007371
v -0.023245 -0.049821 -0.007367
v -0.023345 -0.050033 -0.007273
v -0.023366 -0.050024 -0.007278
v -0.023335 -0.050011 -0.007285
v -0.02333 -0.050001 -0.00729
v -0.0238 -0.049922 -0.006991
v -0.023804 -0.049907 -0.006971
v -0.023734 -0.04979 -0.007049
v -0.023806 -0.049899 -0.006961
v -0.023738 -0.049777 -0.00703
v -0.023807 -0.049891 -0.00695
v -0.02374 -0.049765 -0.007011
v -0.023809 -0.049876 -0.006929
v -0.023742 -0.049753 -0.006991
v -0.023809 -0.049862 -0.006908
v -0.023742 -0.049742 -0.006971
v -0.023809 -0.049859 -0.006903
v -0.023808 -0.049849 -0.006887
v -0.023795 -0.049814 -0.006823
v -0.023801 -0.049824 -0.006844
v -0.023805 -0.049836 -0.006865
v -0.02367 -0.049603 -0.006988
v -0.023671 -0.049612 -0.007009
v -0.023691 -0.05008 -0.007134
v -0.023704 -0.050067 -0.007126
v -0.023672 -0.049998 -0.007163
v -0.02372 -0.05005 -0.007114
v -0.023686 -0.049983 -0.007153
v -0.023734 -0.050034 -0.007102
v -0.023699 -0.049968 -0.007141
v -0.023747 -0.050018 -0.007089
v -0.023712 -0.049953 -0.007128
v -0.023759 -0.050002 -0.007075
v -0.023723 -0.049938 -0.007114
v -0.023769 -0.049986 -0.00706
v -0.023733 -0.049923 -0.0071
v -0.023779 -0.04997 -0.007044
v -0.023743 -0.049909 -0.007084
v -0.023787 -0.049954 -0.007027
v -0.023751 -0.049894 -0.007068
v -0.023794 -0.049938 -0.007009
v -0.023758 -0.04988 -0.007051
v -0.023798 -0.049928 -0.006997
v -0.023729 -0.049803 -0.007067
v -0.023368 -0.049114 -0.007124
v -0.023367 -0.049118 -0.007145
v -0.023524 -0.049367 -0.007095
v -0.023523 -0.049374 -0.007116
v -0.023672 -0.049621 -0.007029
v -0.023597 -0.049507 -0.007098
v -0.023671 -0.049631 -0.007049
v -0.023595 -0.049516 -0.007118
v -0.023669 -0.049642 -0.007069
v -0.023591 -0.049525 -0.007137
v -0.023666 -0.049652 -0.007089
v -0.023587 -0.049535 -0.007157
v -0.023662 -0.049664 -0.007108
v -0.023657 -0.049675 -0.007127
v -0.023723 -0.049816 -0.007085
v -0.023716 -0.04983 -0.007102
v -0.023708 -0.049844 -0.007119
v -0.023698 -0.049858 -0.007134
v -0.023688 -0.049872 -0.007149
v -0.023676 -0.049887 -0.007163
v -0.023664 -0.049901 -0.007176
v -0.023651 -0.049916 -0.007188
v -0.023637 -0.04993 -0.007199
v -0.023622 -0.049944 -0.007209
v -0.023606 -0.049959 -0.007218
v -0.02359 -0.049972 -0.007226
v -0.023573 -0.049986 -0.007233
v -0.023555 -0.05 -0.007238
v -0.023536 -0.050013 -0.007243
v -0.023518 -0.050026 -0.007246
v -0.023498 -0.050038 -0.007248
v -0.023479 -0.05005 -0.007249
v -0.023459 -0.050062 -0.007249
v -0.023439 -0.050073 -0.007248
v -0.023418 -0.050083 -0.007245
v -0.023398 -0.050093 -0.007241
v -0.023377 -0.050102 -0.007236
v -0.023363 -0.049127 -0.007185
v -0.02344 -0.04926 -0.007185
v -0.023355 -0.049137 -0.007224
v -0.023435 -0.049267 -0.007205
v -0.023349 -0.049143 -0.007243
v -0.02343 -0.049275 -0.007224
v -0.023424 -0.049282 -0.007243
v -0.023504 -0.049414 -0.007214
v -0.023497 -0.049424 -0.007232
v -0.023575 -0.049556 -0.007194
v -0.023568 -0.049568 -0.007211
v -0.023643 -0.0497 -0.007162
v -0.023597 -0.049646 -0.007205
v -0.023635 -0.049713 -0.007179
v -0.023588 -0.049658 -0.007221
v -0.023625 -0.049725 -0.007195
v -0.023578 -0.049671 -0.007236
v -0.023615 -0.049739 -0.00721
v -0.023566 -0.049684 -0.007251
v -0.023604 -0.049752 -0.007224
v -0.023554 -0.049697 -0.007265
v -0.023592 -0.049765 -0.007238
v -0.023541 -0.04971 -0.007277
v -0.023579 -0.049779 -0.00725
v -0.023528 -0.049723 -0.007289
v -0.023565 -0.049793 -0.007262
v -0.023513 -0.049736 -0.0073
v -0.02355 -0.049806 -0.007273
v -0.023498 -0.049749 -0.007309
v -0.023535 -0.04982 -0.007282
v -0.023482 -0.049762 -0.007318
v -0.023519 -0.049833 -0.00729
v -0.023466 -0.049775 -0.007326
v -0.023502 -0.049846 -0.007298
v -0.023449 -0.049788 -0.007332
v -0.023485 -0.049859 -0.007304
v -0.023431 -0.049801 -0.007337
v -0.023467 -0.049872 -0.007309
v -0.023413 -0.049814 -0.007342
v -0.023449 -0.049885 -0.007313
v -0.023395 -0.049826 -0.007345
v -0.02343 -0.049897 -0.007315
v -0.023376 -0.049838 -0.007347
v -0.023411 -0.049909 -0.007317
v -0.023357 -0.04985 -0.007347
v -0.023392 -0.049921 -0.007317
v -0.023338 -0.049861 -0.007347
v -0.023372 -0.049932 -0.007317
v -0.023318 -0.049872 -0.007345
v -0.023352 -0.049943 -0.007315
v -0.023332 -0.049954 -0.007312
v -0.023313 -0.049963 -0.007307
v -0.023272 -0.049008 -0.007234
v -0.023267 -0.049013 -0.007252
v -0.02326 -0.049018 -0.007271
v -0.023343 -0.04915 -0.007261
v -0.023336 -0.049157 -0.007279
v -0.023418 -0.049291 -0.007261
v -0.02341 -0.049299 -0.007278
v -0.02349 -0.049434 -0.00725
v -0.023481 -0.049444 -0.007267
v -0.023559 -0.049579 -0.007228
v -0.023511 -0.049523 -0.007265
v -0.02355 -0.049591 -0.007245
v -0.023501 -0.049534 -0.007281
v -0.02354 -0.049603 -0.00726
v -0.02349 -0.049546 -0.007296
v -0.023528 -0.049615 -0.007275
v -0.023478 -0.049558 -0.00731
v -0.023516 -0.049628 -0.007289
v -0.023465 -0.04957 -0.007323
v -0.023504 -0.04964 -0.007301
v -0.023452 -0.049582 -0.007335
v -0.02349 -0.049653 -0.007313
v -0.023437 -0.049595 -0.007346
v -0.023476 -0.049666 -0.007324
v -0.023423 -0.049607 -0.007356
v -0.023461 -0.049678 -0.007334
v -0.023407 -0.04962 -0.007365
v -0.023445 -0.049691 -0.007343
v -0.023391 -0.049632 -0.007373
v -0.023429 -0.049704 -0.007351
v -0.023374 -0.049645 -0.00738
v -0.023412 -0.049717 -0.007357
v -0.023357 -0.049657 -0.007386
v -0.023394 -0.049729 -0.007363
v -0.02334 -0.049669 -0.007391
v -0.023377 -0.049742 -0.007368
v -0.023322 -0.049681 -0.007394
v -0.023359 -0.049754 -0.007371
v -0.023304 -0.049693 -0.007397
v -0.02334 -0.049766 -0.007373
v -0.023285 -0.049705 -0.007398
v -0.023321 -0.049778 -0.007374
v -0.023267 -0.049717 -0.007399
v -0.023303 -0.049789 -0.007374
v -0.023248 -0.049728 -0.007398
v -0.023283 -0.0498 -0.007373
v -0.023229 -0.049739 -0.007396
v -0.02321 -0.049749 -0.007393
v -0.023365 -0.049122 -0.007165
v -0.023521 -0.049381 -0.007136
v -0.023518 -0.049389 -0.007156
v -0.023515 -0.049397 -0.007176
v -0.02351 -0.049405 -0.007195
v -0.023582 -0.049546 -0.007176
v -0.02365 -0.049687 -0.007145
v -0.02368 -0.049765 -0.007134
v -0.023671 -0.049779 -0.00715
v -0.023662 -0.049792 -0.007166
v -0.023652 -0.049806 -0.007181
v -0.023641 -0.04982 -0.007195
v -0.023628 -0.049834 -0.007208
v -0.023615 -0.049848 -0.007221
v -0.023601 -0.049862 -0.007232
v -0.023586 -0.049876 -0.007242
v -0.023571 -0.049889 -0.007251
v -0.023555 -0.049903 -0.00726
v -0.023538 -0.049917 -0.007267
v -0.02352 -0.04993 -0.007272
v -0.023502 -0.049943 -0.007277
v -0.023483 -0.049956 -0.007281
v -0.023464 -0.049968 -0.007283
v -0.023445 -0.04998 -0.007285
v -0.023426 -0.049992 -0.007285
v -0.023406 -0.050003 -0.007284
v -0.023386 -0.050014 -0.007281
v -0.023167 -0.049661 -0.00742
v -0.023175 -0.049677 -0.007415
v -0.023181 -0.04969 -0.007412
v -0.023572 -0.050473 -0.006997
v -0.0237 -0.050711 -0.006839
v -0.023723 -0.050702 -0.006845
v -0.023595 -0.050464 -0.007003
v -0.023746 -0.050693 -0.006849
v -0.023617 -0.050455 -0.007007
v -0.023768 -0.050683 -0.006851
v -0.023639 -0.050444 -0.00701
v -0.023785 -0.050675 -0.006853
v -0.023662 -0.050433 -0.007012
v -0.02379 -0.050673 -0.006853
v -0.023812 -0.050661 -0.006853
v -0.023684 -0.050421 -0.007012
v -0.023826 -0.050654 -0.006853
v -0.023705 -0.050409 -0.007011
v -0.023834 -0.050649 -0.006852
v -0.023845 -0.050642 -0.006851
v -0.023726 -0.050395 -0.007009
v -0.023855 -0.050636 -0.006849
v -0.023876 -0.050623 -0.006846
v -0.023747 -0.050382 -0.007005
v -0.023884 -0.050617 -0.006844
v -0.023767 -0.050368 -0.007
v -0.023896 -0.050609 -0.006841
v -0.023914 -0.050595 -0.006834
v -0.023785 -0.050353 -0.006994
v -0.02392 -0.05059 -0.006832
v -0.023803 -0.050338 -0.006986
v -0.023821 -0.050323 -0.006978
v -0.023933 -0.05058 -0.006827
v -0.02395 -0.050565 -0.006818
v -0.023953 -0.050562 -0.006816
v -0.023838 -0.050307 -0.006968
v -0.023967 -0.050549 -0.006808
v -0.023983 -0.050533 -0.006796
v -0.023853 -0.050291 -0.006956
v -0.023867 -0.050275 -0.006944
v -0.023997 -0.050518 -0.006785
v -0.024003 -0.05051 -0.006779
v -0.023881 -0.050259 -0.006931
v -0.02401 -0.050502 -0.006771
v -0.024016 -0.050495 -0.006766
v -0.023893 -0.050243 -0.006917
v -0.024023 -0.050486 -0.006757
v -0.024027 -0.05048 -0.006752
v -0.023903 -0.050227 -0.006902
v -0.024033 -0.050471 -0.006742
v -0.024037 -0.050465 -0.006737
v -0.023913 -0.050211 -0.006886
v -0.024043 -0.050455 -0.006727
v -0.024046 -0.050451 -0.006722
v -0.023921 -0.050196 -0.00687
v -0.024051 -0.05044 -0.00671
v -0.024057 -0.050428 -0.006697
v -0.023928 -0.05018 -0.006852
v -0.024059 -0.050424 -0.006692
v -0.024063 -0.050414 -0.00668
v -0.023934 -0.050164 -0.006833
v -0.024065 -0.050408 -0.006674
v -0.024068 -0.0504 -0.006663
v -0.023939 -0.050149 -0.006813
v -0.024069 -0.050393 -0.006654
v -0.024071 -0.050386 -0.006645
v -0.023942 -0.050133 -0.006793
v -0.024073 -0.050378 -0.006634
v -0.024074 -0.050372 -0.006626
v -0.023944 -0.050119 -0.006772
v -0.024075 -0.050363 -0.006613
v -0.024075 -0.050359 -0.006607
v -0.023944 -0.050104 -0.006751
v -0.024075 -0.050349 -0.006592
v -0.024075 -0.050346 -0.006588
v -0.023943 -0.050091 -0.00673
v -0.024074 -0.050335 -0.006571
v -0.024074 -0.050333 -0.006568
v -0.02394 -0.050078 -0.006708
v -0.024068 -0.05031 -0.006529
v -0.023936 -0.050066 -0.006687
v -0.024072 -0.050321 -0.006548
v -0.024072 -0.050322 -0.00655
v -0.024063 -0.050299 -0.006508
v -0.023931 -0.050055 -0.006667
v -0.024066 -0.050305 -0.006518
v -0.024068 -0.05031 -0.006528
v -0.023988 -0.050793 -0.006706
v -0.024001 -0.050862 -0.006663
v -0.024019 -0.050853 -0.006655
v -0.02393 -0.050669 -0.006798
v -0.023892 -0.050692 -0.006808
v -0.023881 -0.051039 -0.006611
v -0.023865 -0.050915 -0.006694
v -0.023844 -0.05092 -0.006695
v -0.023833 -0.050793 -0.006775
v -0.024211 -0.050907 -0.006226
v -0.024211 -0.050876 -0.00624
v -0.024211 -0.050877 -0.00625
v -0.024048 -0.051542 -0.005923
v -0.024056 -0.051527 -0.005931
v -0.024052 -0.051534 -0.005945
v -0.02414 -0.051338 -0.006021
v -0.024155 -0.051292 -0.006043
v -0.024153 -0.051297 -0.006051
v -0.024192 -0.051132 -0.006119
v -0.024195 -0.051117 -0.006126
v -0.024192 -0.051132 -0.00613
v -0.024208 -0.050998 -0.006183
v -0.02421 -0.050957 -0.006202
v -0.02421 -0.050962 -0.00621
v -0.024152 -0.05126 -0.006165
v -0.024155 -0.051256 -0.006158
v -0.024174 -0.051175 -0.006199
v -0.024168 -0.050571 -0.006383
v -0.024159 -0.050536 -0.006399
v -0.02416 -0.050542 -0.006408
v -0.024092 -0.050358 -0.006482
v -0.0241 -0.050705 -0.006626
v -0.024094 -0.050712 -0.006633
v -0.024108 -0.050788 -0.006589
v -0.023055 -0.052199 -0.005595
v -0.023115 -0.052191 -0.0056
v -0.023113 -0.052191 -0.005612
v -0.022937 -0.052171 -0.005755
v -0.022862 -0.05217 -0.005754
v -0.022861 -0.05218 -0.00573
v -0.0231 -0.052181 -0.005697
v -0.023179 -0.052167 -0.005707
v -0.023174 -0.052161 -0.00573
v -0.023243 -0.052135 -0.005765
v -0.023316 -0.052113 -0.00578
v -0.023307 -0.052105 -0.005803
v -0.02378 -0.051873 -0.005807
v -0.023774 -0.051876 -0.00582
v -0.02371 -0.051929 -0.005792
v -0.02384 -0.051815 -0.005837
v -0.023846 -0.051811 -0.005824
v -0.023903 -0.051749 -0.005856
v -0.023953 -0.051648 -0.006017
v -0.023944 -0.051651 -0.00603
v -0.023896 -0.051714 -0.005994
v -0.023934 -0.051654 -0.006043
v -0.023924 -0.051656 -0.006055
v -0.023878 -0.051718 -0.006019
v -0.023914 -0.051658 -0.006067
v -0.023903 -0.051659 -0.006079
v -0.023857 -0.05172 -0.006043
v -0.023892 -0.05166 -0.006091
v -0.023881 -0.051661 -0.006102
v -0.023836 -0.05172 -0.006066
v -0.023083 -0.052148 -0.005788
v -0.023156 -0.052135 -0.005798
v -0.023152 -0.052129 -0.005808
v -0.022998 -0.052101 -0.005861
v -0.022864 -0.052104 -0.005855
v -0.022864 -0.052114 -0.005844
v -0.023792 -0.051653 -0.006171
v -0.023778 -0.05165 -0.006179
v -0.023696 -0.051754 -0.006108
v -0.023477 -0.051915 -0.006005
v -0.02358 -0.051836 -0.00606
v -0.023558 -0.051823 -0.006075
v -0.023621 -0.051721 -0.006149
v -0.023537 -0.051808 -0.006088
v -0.023768 -0.050877 -0.006728
v -0.023789 -0.050967 -0.006668
v -0.023802 -0.050929 -0.006694
v -0.023802 -0.05106 -0.006605
v -0.023804 -0.051155 -0.00654
v -0.023822 -0.051167 -0.006532
v -0.02378 -0.051342 -0.006413
v -0.023753 -0.051432 -0.006351
v -0.023781 -0.051402 -0.006372
v -0.023138 -0.052001 -0.005947
v -0.023072 -0.052016 -0.005935
v -0.023109 -0.052029 -0.005926
v -0.023007 -0.052026 -0.005926
v -0.022942 -0.052031 -0.005921
v -0.022867 -0.052051 -0.005905
v -0.022877 -0.052031 -0.005919
v -0.022867 -0.052042 -0.005911
v -0.022867 -0.052031 -0.005919
v -0.023332 -0.051924 -0.006005
v -0.023268 -0.051955 -0.005982
v -0.023337 -0.051947 -0.005988
v -0.023203 -0.051981 -0.005963
v -0.023396 -0.051886 -0.006033
v -0.023458 -0.051842 -0.006064
v -0.023708 -0.051629 -0.006212
v -0.023694 -0.051624 -0.006217
v -0.02368 -0.051618 -0.006222
v -0.023718 -0.051516 -0.006293
v -0.023676 -0.051595 -0.006238
v -0.023628 -0.051667 -0.006188
v -0.023575 -0.051732 -0.006142
v -0.023518 -0.05179 -0.006101
v -0.023797 -0.05125 -0.006476
v -0.023738 -0.050791 -0.006786
v -0.023671 -0.051745 -0.006124
v -0.023751 -0.051643 -0.006194
v -0.023659 -0.051739 -0.006131
v -0.023737 -0.051639 -0.0062
v -0.023647 -0.051734 -0.006137
v -0.023723 -0.051634 -0.006206
v -0.023366 -0.05198 -0.005958
v -0.023459 -0.0519 -0.00602
v -0.023115 -0.052048 -0.005911
v -0.023351 -0.051964 -0.005974
v -0.023247 -0.05203 -0.005921
v -0.023257 -0.052046 -0.005904
v -0.023129 -0.052081 -0.005877
v -0.023805 -0.051655 -0.006162
v -0.023708 -0.051758 -0.0061
v -0.023831 -0.051659 -0.006144
v -0.023819 -0.051657 -0.006153
v -0.023732 -0.051765 -0.006082
v -0.023601 -0.051847 -0.006044
v -0.023612 -0.051853 -0.006036
v -0.023495 -0.051928 -0.005988
v -0.023504 -0.051934 -0.005979
v -0.02372 -0.051762 -0.006091
v -0.023622 -0.051857 -0.006027
v -0.023513 -0.05194 -0.00597
v -0.023394 -0.052008 -0.005923
v -0.023387 -0.052001 -0.005932
v -0.02338 -0.051994 -0.005941
v -0.023486 -0.051921 -0.005997
v -0.02359 -0.051842 -0.006052
v -0.023684 -0.05175 -0.006116
v -0.023765 -0.051647 -0.006186
v -0.023857 -0.051661 -0.006124
v -0.023844 -0.05166 -0.006134
v -0.023813 -0.051718 -0.006087
v -0.023801 -0.051717 -0.006097
v -0.023766 -0.051773 -0.006052
v -0.023755 -0.051771 -0.006062
v -0.023715 -0.051825 -0.006019
v -0.023652 -0.05187 -0.005998
v -0.023662 -0.051873 -0.005987
v -0.023743 -0.051768 -0.006072
v -0.023632 -0.051862 -0.006017
v -0.023642 -0.051866 -0.006008
v -0.023521 -0.051945 -0.005961
v -0.02353 -0.05195 -0.005951
v -0.023401 -0.052014 -0.005914
v -0.023408 -0.05202 -0.005904
v -0.023273 -0.052067 -0.005876
v -0.023278 -0.052073 -0.005866
v -0.023268 -0.05206 -0.005886
v -0.023136 -0.052097 -0.005859
v -0.023001 -0.052117 -0.005842
v -0.023004 -0.052131 -0.005823
v -0.023143 -0.052111 -0.005839
v -0.023139 -0.052104 -0.005849
v -0.023236 -0.052013 -0.005938
v -0.023122 -0.052065 -0.005895
v -0.022863 -0.052134 -0.005818
v -0.023538 -0.051955 -0.005941
v -0.023415 -0.052025 -0.005894
v -0.023283 -0.052079 -0.005856
v -0.023606 -0.051918 -0.005958
v -0.023546 -0.051959 -0.005931
v -0.023421 -0.05203 -0.005884
v -0.023288 -0.052085 -0.005846
v -0.023869 -0.051661 -0.006113
v -0.023825 -0.051719 -0.006076
v -0.023777 -0.051775 -0.006041
v -0.023726 -0.051827 -0.006008
v -0.023672 -0.051876 -0.005977
v -0.023614 -0.051921 -0.005948
v -0.023555 -0.051963 -0.005921
v -0.023492 -0.052001 -0.005896
v -0.023428 -0.052035 -0.005873
v -0.023293 -0.052091 -0.005836
v -0.022866 -0.052068 -0.005891
v -0.022994 -0.052084 -0.005878
v -0.022865 -0.052087 -0.005873
v -0.022865 -0.052092 -0.005868
v -0.023868 -0.051719 -0.006031
v -0.023961 -0.051644 -0.006004
v -0.023905 -0.051712 -0.005982
v -0.023808 -0.051777 -0.006008
v -0.023818 -0.051777 -0.005996
v -0.023755 -0.051831 -0.005975
v -0.023764 -0.051832 -0.005963
v -0.023699 -0.051882 -0.005944
v -0.023708 -0.051883 -0.005932
v -0.02364 -0.051929 -0.005915
v -0.023648 -0.051931 -0.005903
v -0.023578 -0.051973 -0.005888
v -0.023585 -0.051975 -0.005876
v -0.023514 -0.052012 -0.005863
v -0.02352 -0.052015 -0.005851
v -0.023447 -0.052047 -0.00584
v -0.023453 -0.052051 -0.005829
v -0.023827 -0.051777 -0.005984
v -0.023773 -0.051832 -0.005951
v -0.023716 -0.051884 -0.00592
v -0.023656 -0.051932 -0.005891
v -0.023593 -0.051977 -0.005864
v -0.023527 -0.052017 -0.00584
v -0.023459 -0.052053 -0.005818
v -0.023834 -0.051819 -0.00585
v -0.023897 -0.051753 -0.005869
v -0.023891 -0.051758 -0.005882
v -0.023949 -0.051688 -0.005902
v -0.023943 -0.051693 -0.005916
v -0.023991 -0.051625 -0.005951
v -0.023974 -0.051654 -0.005919
v -0.023998 -0.05162 -0.005937
v -0.02398 -0.051649 -0.005906
v -0.024003 -0.051614 -0.005923
v -0.023985 -0.051643 -0.005892
v -0.024009 -0.051607 -0.005909
v -0.023988 -0.051638 -0.005877
v -0.024013 -0.051601 -0.005895
v -0.023955 -0.051683 -0.005889
v -0.02396 -0.051677 -0.005875
v -0.023908 -0.051744 -0.005842
v -0.023929 -0.051716 -0.005872
v -0.023935 -0.051711 -0.005858
v -0.023821 -0.051837 -0.005796
v -0.023833 -0.051826 -0.005786
v -0.023851 -0.051807 -0.005811
v -0.023848 -0.05181 -0.005794
v -0.02388 -0.051776 -0.005826
v -0.02379 -0.051866 -0.005781
v -0.023885 -0.051771 -0.005813
v -0.023909 -0.051742 -0.005827
v -0.023913 -0.051738 -0.005829
v -0.023921 -0.051728 -0.005834
v -0.023965 -0.051671 -0.005861
v -0.023979 -0.051652 -0.00587
v -0.023785 -0.05187 -0.005794
v -0.023716 -0.051927 -0.005779
v -0.02366 -0.051971 -0.005714
v -0.023658 -0.051972 -0.005728
v -0.023606 -0.052007 -0.005696
v -0.023587 -0.052018 -0.005704
v -0.023592 -0.052016 -0.005692
v -0.023663 -0.051969 -0.005715
v -0.02369 -0.05195 -0.005725
v -0.023726 -0.051921 -0.005754
v -0.023731 -0.051918 -0.005741
v -0.02375 -0.051902 -0.005748
v -0.02377 -0.051884 -0.005757
v -0.023826 -0.051832 -0.005783
v -0.023389 -0.052085 -0.005798
v -0.023383 -0.052082 -0.005809
v -0.023378 -0.052078 -0.00582
v -0.023441 -0.052044 -0.005852
v -0.023507 -0.052009 -0.005874
v -0.02357 -0.05197 -0.005899
v -0.023632 -0.051927 -0.005926
v -0.02369 -0.05188 -0.005955
v -0.023746 -0.05183 -0.005986
v -0.023798 -0.051777 -0.006019
v -0.023847 -0.05172 -0.006054
v -0.023787 -0.051776 -0.006031
v -0.023736 -0.051829 -0.005997
v -0.023681 -0.051878 -0.005966
v -0.023623 -0.051924 -0.005937
v -0.023563 -0.051967 -0.00591
v -0.0235 -0.052005 -0.005885
v -0.023434 -0.05204 -0.005862
v -0.023367 -0.05207 -0.005842
v -0.023845 -0.051774 -0.00596
v -0.023854 -0.051773 -0.005947
v -0.023791 -0.051831 -0.005927
v -0.023799 -0.05183 -0.005915
v -0.023732 -0.051885 -0.005896
v -0.02374 -0.051884 -0.005884
v -0.023671 -0.051934 -0.005867
v -0.023678 -0.051934 -0.005855
v -0.023607 -0.05198 -0.005841
v -0.023613 -0.05198 -0.005829
v -0.02354 -0.052021 -0.005816
v -0.023546 -0.052022 -0.005804
v -0.02347 -0.052058 -0.005794
v -0.023476 -0.05206 -0.005782
v -0.023399 -0.052091 -0.005774
v -0.023403 -0.052093 -0.005762
v -0.023325 -0.052119 -0.005757
v -0.023329 -0.052121 -0.005745
v -0.023254 -0.052145 -0.005731
v -0.02325 -0.052142 -0.005742
v -0.023321 -0.052116 -0.005769
v -0.023394 -0.052088 -0.005786
v -0.023465 -0.052056 -0.005806
v -0.023533 -0.052019 -0.005828
v -0.0236 -0.051979 -0.005853
v -0.023664 -0.051933 -0.005879
v -0.023724 -0.051885 -0.005908
v -0.023782 -0.051832 -0.005939
v -0.023836 -0.051776 -0.005972
v -0.023887 -0.051716 -0.006007
v -0.023914 -0.051709 -0.005969
v -0.023862 -0.05177 -0.005935
v -0.023806 -0.051829 -0.005902
v -0.023747 -0.051883 -0.005872
v -0.023685 -0.051934 -0.005843
v -0.02362 -0.051981 -0.005816
v -0.023552 -0.052023 -0.005792
v -0.023481 -0.052061 -0.00577
v -0.023408 -0.052095 -0.00575
v -0.023333 -0.052123 -0.005733
v -0.023257 -0.052147 -0.005719
v -0.023008 -0.05215 -0.005792
v -0.022936 -0.05216 -0.005777
v -0.02301 -0.052156 -0.005781
v -0.022862 -0.052167 -0.005761
v -0.022862 -0.05216 -0.005775
v -0.023088 -0.052158 -0.005766
v -0.023013 -0.052167 -0.005759
v -0.023015 -0.052176 -0.005737
v -0.022938 -0.05218 -0.005733
v -0.02294 -0.052188 -0.00571
v -0.022861 -0.05219 -0.005699
v -0.022861 -0.052194 -0.005685
v -0.023298 -0.052096 -0.005825
v -0.023235 -0.052127 -0.005788
v -0.023168 -0.052154 -0.005753
v -0.023096 -0.052175 -0.005721
v -0.023021 -0.05219 -0.00569
v -0.023146 -0.052117 -0.005829
v -0.023005 -0.052138 -0.005812
v -0.023149 -0.052123 -0.005819
v -0.023007 -0.052144 -0.005802
v -0.023344 -0.052133 -0.005632
v -0.023359 -0.052128 -0.005648
v -0.023281 -0.052154 -0.005621
v -0.023278 -0.052154 -0.005633
v -0.02325 -0.052162 -0.005616
v -0.023023 -0.052195 -0.005666
v -0.023104 -0.052186 -0.005673
v -0.023102 -0.052184 -0.005685
v -0.023184 -0.052171 -0.005683
v -0.023182 -0.052169 -0.005695
v -0.023264 -0.052151 -0.005695
v -0.02326 -0.05215 -0.005707
v -0.023341 -0.052127 -0.005709
v -0.023337 -0.052125 -0.005721
v -0.023417 -0.052097 -0.005726
v -0.023413 -0.052096 -0.005738
v -0.023491 -0.052063 -0.005746
v -0.023486 -0.052062 -0.005758
v -0.023563 -0.052024 -0.005767
v -0.023557 -0.052024 -0.00578
v -0.023632 -0.05198 -0.005791
v -0.023626 -0.051981 -0.005804
v -0.023698 -0.051932 -0.005818
v -0.023692 -0.051933 -0.00583
v -0.023761 -0.05188 -0.005846
v -0.023754 -0.051882 -0.005859
v -0.023821 -0.051824 -0.005876
v -0.023814 -0.051827 -0.005889
v -0.023877 -0.051765 -0.005909
v -0.02387 -0.051768 -0.005922
v -0.023929 -0.051702 -0.005942
v -0.023922 -0.051705 -0.005956
v -0.023977 -0.051635 -0.005978
v -0.02397 -0.05164 -0.005991
v -0.022942 -0.0522 -0.005662
v -0.023227 -0.052117 -0.00581
v -0.023162 -0.052145 -0.005776
v -0.023092 -0.052167 -0.005744
v -0.023018 -0.052184 -0.005714
v -0.022941 -0.052195 -0.005686
v -0.022861 -0.052198 -0.005667
v -0.02286 -0.052203 -0.005635
v -0.023643 -0.051978 -0.005766
v -0.023648 -0.051977 -0.005753
v -0.023573 -0.052023 -0.005742
v -0.023578 -0.052022 -0.00573
v -0.023501 -0.052063 -0.005721
v -0.023505 -0.052062 -0.005708
v -0.023426 -0.052098 -0.005701
v -0.02343 -0.052098 -0.005689
v -0.023349 -0.052128 -0.005685
v -0.023352 -0.052129 -0.005672
v -0.02327 -0.052154 -0.00567
v -0.023273 -0.052154 -0.005658
v -0.023189 -0.052174 -0.005658
v -0.023192 -0.052175 -0.005646
v -0.023108 -0.052189 -0.005649
v -0.02311 -0.05219 -0.005637
v -0.023721 -0.051924 -0.005767
v -0.023654 -0.051975 -0.005741
v -0.023583 -0.05202 -0.005717
v -0.023509 -0.052061 -0.005696
v -0.023434 -0.052097 -0.005677
v -0.023355 -0.052128 -0.00566
v -0.023276 -0.052154 -0.005646
v -0.023194 -0.052175 -0.005634
v -0.023112 -0.052191 -0.005625
v -0.023514 -0.05206 -0.005683
v -0.023437 -0.052096 -0.005664
v -0.023196 -0.052175 -0.005622
v -0.02286 -0.052206 -0.0056
v -0.022945 -0.052206 -0.005602
v -0.02286 -0.052206 -0.005602
v -0.022944 -0.052206 -0.005614
v -0.02286 -0.052205 -0.005613
v -0.023027 -0.052202 -0.005593
v -0.023029 -0.052202 -0.005606
v -0.023028 -0.052201 -0.005618
v -0.023027 -0.0522 -0.00563
v -0.023026 -0.052199 -0.005642
v -0.022944 -0.052205 -0.005626
v -0.022943 -0.052204 -0.005638
v -0.023025 -0.052197 -0.005654
v -0.023106 -0.052188 -0.005661
v -0.023187 -0.052173 -0.00567
v -0.023267 -0.052153 -0.005682
v -0.023345 -0.052128 -0.005697
v -0.023422 -0.052098 -0.005714
v -0.023496 -0.052063 -0.005733
v -0.023568 -0.052024 -0.005755
v -0.023638 -0.05198 -0.005779
v -0.023704 -0.051931 -0.005805
v -0.023768 -0.051878 -0.005833
v -0.023828 -0.051822 -0.005864
v -0.023884 -0.051761 -0.005895
v -0.023936 -0.051698 -0.005929
v -0.023985 -0.051631 -0.005964
v -0.02314 -0.052187 -0.005603
v -0.023152 -0.052185 -0.005604
v -0.023199 -0.052175 -0.005609
v -0.023248 -0.052163 -0.005616
v -0.023359 -0.052128 -0.005635
v -0.023438 -0.052096 -0.005651
v -0.023464 -0.052085 -0.005657
v -0.023517 -0.052058 -0.005671
v -0.023564 -0.052032 -0.005684
v -0.024082 -0.050724 -0.006646
v -0.024088 -0.050718 -0.006639
v -0.024069 -0.050643 -0.006682
v -0.024067 -0.05054 -0.006696
v -0.024075 -0.050636 -0.006676
v -0.024081 -0.050629 -0.006669
v -0.024086 -0.050622 -0.006662
v -0.024102 -0.050794 -0.006596
v -0.024096 -0.0508 -0.006602
v -0.024068 -0.050736 -0.006658
v -0.024122 -0.050942 -0.006501
v -0.024117 -0.050865 -0.006545
v -0.024104 -0.050876 -0.006558
v -0.024121 -0.051019 -0.006457
v -0.024133 -0.05101 -0.006444
v -0.024076 -0.050526 -0.006681
v -0.024072 -0.050533 -0.006689
v -0.024097 -0.050609 -0.006647
v -0.024092 -0.050616 -0.006655
v -0.024111 -0.050693 -0.006612
v -0.024106 -0.050699 -0.006619
v -0.02412 -0.050776 -0.006576
v -0.024114 -0.050782 -0.006583
v -0.024124 -0.050859 -0.006539
v -0.02413 -0.050854 -0.006532
v -0.024126 -0.05077 -0.006569
v -0.024117 -0.050686 -0.006605
v -0.024101 -0.050602 -0.00664
v -0.02408 -0.050519 -0.006674
v -0.024134 -0.050932 -0.006488
v -0.024135 -0.050848 -0.006525
v -0.024131 -0.050764 -0.006562
v -0.024121 -0.05068 -0.006597
v -0.024106 -0.050595 -0.006632
v -0.024084 -0.050511 -0.006666
v -0.024139 -0.050927 -0.006481
v -0.024141 -0.050843 -0.006518
v -0.024136 -0.050758 -0.006554
v -0.024126 -0.050673 -0.00659
v -0.02411 -0.050589 -0.006624
v -0.024088 -0.050504 -0.006657
v -0.024145 -0.050922 -0.006474
v -0.024146 -0.050837 -0.006511
v -0.024141 -0.050752 -0.006547
v -0.02413 -0.050667 -0.006582
v -0.024114 -0.050582 -0.006616
v -0.024091 -0.050497 -0.006649
v -0.024144 -0.051 -0.00643
v -0.02415 -0.050916 -0.006467
v -0.024151 -0.050832 -0.006504
v -0.024146 -0.050746 -0.006539
v -0.024135 -0.05066 -0.006574
v -0.024118 -0.050575 -0.006608
v -0.024095 -0.05049 -0.006641
v -0.02415 -0.050996 -0.006423
v -0.024155 -0.050991 -0.006416
v -0.024155 -0.050911 -0.00646
v -0.02416 -0.050906 -0.006453
v -0.024156 -0.050826 -0.006496
v -0.02416 -0.05082 -0.006489
v -0.02415 -0.05074 -0.006532
v -0.024154 -0.050734 -0.006524
v -0.024138 -0.050654 -0.006566
v -0.024142 -0.050648 -0.006558
v -0.024121 -0.050568 -0.0066
v -0.024124 -0.050562 -0.006592
v -0.024097 -0.050483 -0.006632
v -0.0241 -0.050476 -0.006623
v -0.024102 -0.05047 -0.006615
v -0.024127 -0.050555 -0.006583
v -0.024145 -0.050641 -0.00655
v -0.024158 -0.050728 -0.006516
v -0.024164 -0.050814 -0.006481
v -0.024165 -0.0509 -0.006445
v -0.02416 -0.050986 -0.006409
v -0.02415 -0.05107 -0.006372
v -0.024139 -0.051079 -0.006386
v -0.024155 -0.051065 -0.006365
v -0.02416 -0.051061 -0.006358
v -0.024165 -0.050981 -0.006402
v -0.024169 -0.050976 -0.006394
v -0.024169 -0.050895 -0.006438
v -0.024174 -0.050889 -0.00643
v -0.024168 -0.050808 -0.006473
v -0.024172 -0.050802 -0.006465
v -0.024161 -0.050721 -0.006508
v -0.024165 -0.050715 -0.0065
v -0.024148 -0.050635 -0.006542
v -0.024151 -0.050628 -0.006533
v -0.024129 -0.050548 -0.006574
v -0.024132 -0.050542 -0.006566
v -0.024104 -0.050463 -0.006606
v -0.024106 -0.050456 -0.006597
v -0.024107 -0.050449 -0.006588
v -0.024134 -0.050535 -0.006557
v -0.024154 -0.050622 -0.006525
v -0.024168 -0.050709 -0.006492
v -0.024175 -0.050797 -0.006458
v -0.024177 -0.050884 -0.006423
v -0.024174 -0.05097 -0.006387
v -0.024164 -0.051056 -0.006351
v -0.024149 -0.05114 -0.006315
v -0.024139 -0.051148 -0.006329
v -0.024154 -0.051136 -0.006308
v -0.024159 -0.051131 -0.006301
v -0.024169 -0.051051 -0.006344
v -0.024173 -0.051046 -0.006336
v -0.024178 -0.050965 -0.006379
v -0.024182 -0.05096 -0.006372
v -0.024181 -0.050878 -0.006415
v -0.024185 -0.050873 -0.006407
v -0.024179 -0.050791 -0.006449
v -0.024182 -0.050785 -0.006441
v -0.02417 -0.050703 -0.006483
v -0.024173 -0.050697 -0.006475
v -0.024156 -0.050615 -0.006516
v -0.024158 -0.050609 -0.006508
v -0.024135 -0.050528 -0.006548
v -0.024137 -0.050522 -0.006539
v -0.024108 -0.050443 -0.006578
v -0.024109 -0.050436 -0.006569
v -0.02411 -0.05043 -0.00656
v -0.024138 -0.050515 -0.00653
v -0.024159 -0.050602 -0.006499
v -0.024175 -0.05069 -0.006467
v -0.024184 -0.050779 -0.006433
v -0.024188 -0.050867 -0.006399
v -0.024185 -0.050955 -0.006364
v -0.024177 -0.051041 -0.006329
v -0.024163 -0.051127 -0.006293
v -0.024144 -0.05121 -0.006258
v -0.024134 -0.051218 -0.006272
v -0.024136 -0.050466 -0.006456
v -0.024134 -0.050461 -0.006446
v -0.024103 -0.050381 -0.006483
v -0.0241 -0.050376 -0.006473
v -0.024152 -0.050514 -0.006409
v -0.024161 -0.050547 -0.006417
v -0.024162 -0.050553 -0.006427
v -0.024135 -0.050463 -0.006433
v -0.024132 -0.050455 -0.006437
v -0.024112 -0.050404 -0.00646
v -0.024196 -0.050708 -0.00633
v -0.024181 -0.050624 -0.00637
v -0.024197 -0.050714 -0.006339
v -0.024182 -0.05063 -0.006379
v -0.024197 -0.050719 -0.006348
v -0.024182 -0.050636 -0.006388
v -0.024197 -0.050725 -0.006357
v -0.024183 -0.050642 -0.006397
v -0.024197 -0.050731 -0.006365
v -0.024202 -0.050753 -0.006298
v -0.024195 -0.050702 -0.006322
v -0.024192 -0.050682 -0.006331
v -0.024182 -0.050631 -0.006355
v -0.02418 -0.050618 -0.006361
v -0.024206 -0.050792 -0.006291
v -0.024211 -0.050883 -0.006259
v -0.024206 -0.050798 -0.006299
v -0.02421 -0.050889 -0.006267
v -0.024206 -0.050804 -0.006308
v -0.024209 -0.050894 -0.006275
v -0.024206 -0.05081 -0.006316
v -0.024208 -0.0509 -0.006284
v -0.024205 -0.050815 -0.006325
v -0.024207 -0.050905 -0.006292
v -0.024204 -0.050821 -0.006333
v -0.024206 -0.050911 -0.0063
v -0.024206 -0.050794 -0.006279
v -0.024206 -0.050787 -0.006282
v -0.024128 -0.051284 -0.006208
v -0.024133 -0.051281 -0.006201
v -0.024152 -0.051202 -0.006243
v -0.024156 -0.051198 -0.006236
v -0.024171 -0.051117 -0.006279
v -0.024175 -0.051113 -0.006271
v -0.024184 -0.051031 -0.006314
v -0.024188 -0.051026 -0.006306
v -0.024192 -0.050944 -0.006348
v -0.024195 -0.050938 -0.00634
v -0.024193 -0.050856 -0.006383
v -0.024196 -0.05085 -0.006375
v -0.024189 -0.050767 -0.006417
v -0.024191 -0.050761 -0.006408
v -0.024179 -0.050678 -0.006449
v -0.02418 -0.050672 -0.006441
v -0.024162 -0.05059 -0.006481
v -0.024163 -0.050584 -0.006472
v -0.024139 -0.050503 -0.006512
v -0.024139 -0.050496 -0.006502
v -0.02411 -0.050417 -0.006541
v -0.024109 -0.050411 -0.006531
v -0.024108 -0.050405 -0.006522
v -0.024139 -0.05049 -0.006493
v -0.024163 -0.050577 -0.006463
v -0.024181 -0.050666 -0.006432
v -0.024193 -0.050755 -0.0064
v -0.024198 -0.050844 -0.006366
v -0.024197 -0.050933 -0.006333
v -0.024191 -0.051021 -0.006298
v -0.024178 -0.051108 -0.006264
v -0.02416 -0.051193 -0.006229
v -0.024137 -0.051277 -0.006194
v -0.024108 -0.051358 -0.00616
v -0.024099 -0.051364 -0.006174
v -0.024112 -0.051354 -0.006153
v -0.024116 -0.05135 -0.006146
v -0.024141 -0.051273 -0.006187
v -0.024145 -0.051269 -0.00618
v -0.024164 -0.051189 -0.006221
v -0.024168 -0.051185 -0.006214
v -0.024182 -0.051103 -0.006256
v -0.024185 -0.051098 -0.006248
v -0.024194 -0.051016 -0.00629
v -0.024196 -0.051011 -0.006282
v -0.0242 -0.050928 -0.006324
v -0.024202 -0.050922 -0.006316
v -0.0242 -0.050838 -0.006358
v -0.024202 -0.050833 -0.00635
v -0.024194 -0.050749 -0.006391
v -0.024195 -0.050743 -0.006382
v -0.024182 -0.05066 -0.006423
v -0.024182 -0.050654 -0.006414
v -0.024163 -0.050571 -0.006454
v -0.024163 -0.050565 -0.006445
v -0.024139 -0.050484 -0.006484
v -0.024138 -0.050478 -0.006474
v -0.024107 -0.050399 -0.006512
v -0.024106 -0.050393 -0.006502
v -0.024104 -0.050387 -0.006493
v -0.024137 -0.050472 -0.006465
v -0.024163 -0.050559 -0.006436
v -0.024183 -0.050648 -0.006405
v -0.024196 -0.050737 -0.006374
v -0.024203 -0.050827 -0.006341
v -0.024204 -0.050917 -0.006308
v -0.024199 -0.051006 -0.006275
v -0.024188 -0.051094 -0.006241
v -0.024171 -0.05118 -0.006206
v -0.024148 -0.051265 -0.006172
v -0.02412 -0.051347 -0.006139
v -0.024087 -0.051426 -0.006106
v -0.024078 -0.051433 -0.006119
v -0.024041 -0.05153 -0.006033
v -0.02406 -0.051494 -0.006052
v -0.024056 -0.051497 -0.006059
v -0.024064 -0.051491 -0.006045
v -0.024049 -0.051525 -0.006019
v -0.024067 -0.051488 -0.006039
v -0.024071 -0.051485 -0.006031
v -0.024055 -0.051518 -0.006006
v -0.024074 -0.051481 -0.006024
v -0.024204 -0.051047 -0.00617
v -0.024204 -0.051042 -0.006162
v -0.024206 -0.05102 -0.006172
v -0.024203 -0.051053 -0.006178
v -0.024209 -0.050968 -0.006218
v -0.024202 -0.051058 -0.006186
v -0.024209 -0.050973 -0.006226
v -0.0242 -0.051063 -0.006194
v -0.024208 -0.050979 -0.006234
v -0.024199 -0.051068 -0.006202
v -0.024206 -0.050984 -0.006243
v -0.024197 -0.051073 -0.006209
v -0.024205 -0.05099 -0.006251
v -0.024195 -0.051078 -0.006217
v -0.024203 -0.050995 -0.006259
v -0.024193 -0.051084 -0.006225
v -0.024201 -0.051 -0.006267
v -0.02419 -0.051089 -0.006233
v -0.024177 -0.051171 -0.006191
v -0.024158 -0.051252 -0.00615
v -0.024179 -0.051166 -0.006184
v -0.024161 -0.051247 -0.006143
v -0.024182 -0.051161 -0.006176
v -0.024163 -0.051243 -0.006135
v -0.024184 -0.051156 -0.006168
v -0.024166 -0.051238 -0.006128
v -0.024186 -0.051152 -0.006161
v -0.024168 -0.051234 -0.00612
v -0.024188 -0.051147 -0.006153
v -0.02417 -0.051229 -0.006113
v -0.02419 -0.051142 -0.006145
v -0.024172 -0.051224 -0.006105
v -0.024191 -0.051137 -0.006137
v -0.024174 -0.05122 -0.006098
v -0.024175 -0.051215 -0.00609
v -0.024077 -0.051478 -0.006017
v -0.024061 -0.051512 -0.005991
v -0.02408 -0.051474 -0.00601
v -0.024083 -0.05147 -0.006003
v -0.024067 -0.051504 -0.005977
v -0.024086 -0.051467 -0.005996
v -0.024099 -0.051442 -0.005972
v -0.024127 -0.051373 -0.006005
v -0.024125 -0.051377 -0.006012
v -0.024135 -0.051351 -0.006015
v -0.024124 -0.051381 -0.00602
v -0.024151 -0.051301 -0.006058
v -0.024121 -0.051385 -0.006027
v -0.024149 -0.051306 -0.006066
v -0.024119 -0.05139 -0.006034
v -0.024147 -0.05131 -0.006073
v -0.024117 -0.051394 -0.006041
v -0.024145 -0.051315 -0.00608
v -0.024114 -0.051398 -0.006049
v -0.024143 -0.051319 -0.006088
v -0.024111 -0.051401 -0.006056
v -0.02414 -0.051323 -0.006095
v -0.024108 -0.051405 -0.006063
v -0.024137 -0.051327 -0.006103
v -0.024105 -0.051409 -0.00607
v -0.024134 -0.051331 -0.00611
v -0.024102 -0.051413 -0.006077
v -0.024131 -0.051335 -0.006117
v -0.024098 -0.051416 -0.006084
v -0.024127 -0.051339 -0.006124
v -0.024095 -0.05142 -0.006092
v -0.024124 -0.051343 -0.006132
v -0.024091 -0.051423 -0.006099
v -0.024088 -0.051463 -0.005989
v -0.024072 -0.051497 -0.005963
v -0.02409 -0.051459 -0.005982
v -0.024092 -0.051456 -0.005965
v -0.024094 -0.051451 -0.005967
v -0.024092 -0.051455 -0.005975
v -0.024076 -0.051489 -0.005949
v -0.024031 -0.051571 -0.005927
v -0.024035 -0.051564 -0.005913
v -0.02404 -0.051557 -0.005916
v -0.024028 -0.051561 -0.006001
v -0.024014 -0.05159 -0.005969
v -0.024035 -0.051555 -0.005987
v -0.02402 -0.051584 -0.005955
v -0.024041 -0.051548 -0.005973
v -0.024026 -0.051578 -0.005941
v -0.024047 -0.051542 -0.005959
v -0.024052 -0.0515 -0.006066
v -0.024168 -0.051243 -0.006067
v -0.024171 -0.051231 -0.006072
v -0.024177 -0.05121 -0.006082
v -0.023854 -0.050784 -0.006775
v -0.023872 -0.050703 -0.006811
v -0.023894 -0.050766 -0.00677
v -0.023823 -0.050925 -0.006695
v -0.023841 -0.051167 -0.006531
v -0.023861 -0.051166 -0.006529
v -0.02388 -0.051165 -0.006527
v -0.023914 -0.050757 -0.006767
v -0.023932 -0.050822 -0.006725
v -0.023946 -0.050888 -0.006682
v -0.023947 -0.050656 -0.006791
v -0.023983 -0.050871 -0.00667
v -0.02397 -0.050803 -0.006713
v -0.023952 -0.050735 -0.006756
v -0.023965 -0.05088 -0.006677
v -0.023951 -0.050813 -0.00672
v -0.023933 -0.050746 -0.006762
v -0.023911 -0.050681 -0.006803
v -0.023965 -0.050644 -0.006784
v -0.023988 -0.050712 -0.006741
v -0.024012 -0.050603 -0.006755
v -0.023997 -0.050617 -0.006765
v -0.023981 -0.050631 -0.006775
v -0.024062 -0.050547 -0.006704
v -0.024056 -0.050554 -0.006711
v -0.024051 -0.050561 -0.006718
v -0.024045 -0.050568 -0.006724
v -0.024039 -0.050575 -0.006731
v -0.024032 -0.050582 -0.006737
v -0.024026 -0.050589 -0.006743
v -0.024063 -0.050649 -0.006689
v -0.024056 -0.050656 -0.006695
v -0.02405 -0.050662 -0.006701
v -0.024054 -0.050748 -0.006669
v -0.024035 -0.050675 -0.006712
v -0.024038 -0.05076 -0.00668
v -0.02402 -0.050688 -0.006723
v -0.024004 -0.0507 -0.006733
v -0.024044 -0.050915 -0.006602
v -0.024028 -0.050924 -0.006611
v -0.02401 -0.050932 -0.006619
v -0.023992 -0.05094 -0.006626
v -0.023974 -0.050947 -0.006633
v -0.024065 -0.050979 -0.006547
v -0.024048 -0.050987 -0.006557
v -0.024032 -0.050995 -0.006566
v -0.024014 -0.051002 -0.006575
v -0.023997 -0.051009 -0.006582
v -0.023978 -0.051015 -0.006589
v -0.024108 -0.050952 -0.006514
v -0.024091 -0.050886 -0.00657
v -0.024082 -0.050811 -0.006614
v -0.024076 -0.050896 -0.006581
v -0.024067 -0.050822 -0.006625
v -0.024061 -0.050905 -0.006592
v -0.024052 -0.050832 -0.006636
v -0.024036 -0.050843 -0.006646
v -0.024022 -0.050771 -0.00669
v -0.024006 -0.050782 -0.006698
v -0.02397 -0.050724 -0.006749
v -0.024108 -0.051028 -0.006469
v -0.024095 -0.050961 -0.006525
v -0.024094 -0.051036 -0.006481
v -0.02408 -0.05097 -0.006537
v -0.024079 -0.051044 -0.006492
v -0.024064 -0.051052 -0.006503
v -0.024048 -0.051059 -0.006513
v -0.024031 -0.051066 -0.006522
v -0.024014 -0.051072 -0.00653
v -0.023997 -0.051078 -0.006538
v -0.023974 -0.051151 -0.006501
v -0.023926 -0.050895 -0.006686
v -0.02394 -0.051027 -0.0066
v -0.023959 -0.051021 -0.006595
v -0.023938 -0.051158 -0.006514
v -0.023956 -0.051155 -0.006508
v -0.023936 -0.051287 -0.006421
v -0.023847 -0.051536 -0.006255
v -0.023899 -0.051414 -0.006337
v -0.023883 -0.051414 -0.006343
v -0.023918 -0.051288 -0.006428
v -0.023901 -0.051289 -0.006433
v -0.023919 -0.051161 -0.006519
v -0.0239 -0.051163 -0.006523
v -0.023921 -0.051031 -0.006605
v -0.023901 -0.051036 -0.006608
v -0.023906 -0.050902 -0.00669
v -0.023886 -0.050909 -0.006693
v -0.023874 -0.050776 -0.006773
v -0.023814 -0.051594 -0.006216
v -0.023832 -0.051534 -0.006263
v -0.023866 -0.051413 -0.00635
v -0.023883 -0.051289 -0.006438
v -0.023798 -0.051405 -0.006368
v -0.023815 -0.051408 -0.006365
v -0.023832 -0.05141 -0.00636
v -0.023849 -0.051412 -0.006355
v -0.023816 -0.051532 -0.006269
v -0.024128 -0.051156 -0.006342
v -0.024127 -0.051087 -0.006399
v -0.024117 -0.051164 -0.006355
v -0.024115 -0.051096 -0.006412
v -0.024104 -0.051171 -0.006368
v -0.024102 -0.051103 -0.006425
v -0.024091 -0.051178 -0.00638
v -0.024088 -0.051111 -0.006436
v -0.024078 -0.051185 -0.006392
v -0.024074 -0.051118 -0.006447
v -0.024063 -0.051191 -0.006403
v -0.024058 -0.051125 -0.006458
v -0.024048 -0.051197 -0.006414
v -0.024043 -0.051131 -0.006468
v -0.024033 -0.051202 -0.006424
v -0.024026 -0.051137 -0.006477
v -0.024017 -0.051207 -0.006433
v -0.024009 -0.051142 -0.006486
v -0.024 -0.051211 -0.006442
v -0.023992 -0.051147 -0.006494
v -0.023983 -0.051215 -0.00645
v -0.02411 -0.050423 -0.00655
v -0.024138 -0.050509 -0.006521
v -0.024161 -0.050596 -0.00649
v -0.024177 -0.050684 -0.006458
v -0.024187 -0.050773 -0.006425
v -0.024191 -0.050861 -0.006391
v -0.024189 -0.050949 -0.006356
v -0.024181 -0.051036 -0.006321
v -0.024167 -0.051122 -0.006286
v -0.024148 -0.051206 -0.006251
v -0.024124 -0.051288 -0.006215
v -0.024114 -0.051295 -0.006229
v -0.024124 -0.051226 -0.006285
v -0.024104 -0.051302 -0.006243
v -0.024113 -0.051233 -0.006299
v -0.024093 -0.051308 -0.006256
v -0.024102 -0.05124 -0.006312
v -0.024082 -0.051314 -0.006269
v -0.024089 -0.051246 -0.006324
v -0.024069 -0.05132 -0.006281
v -0.024076 -0.051252 -0.006336
v -0.024057 -0.051325 -0.006293
v -0.024063 -0.051258 -0.006348
v -0.024043 -0.05133 -0.006305
v -0.024049 -0.051263 -0.006359
v -0.024029 -0.051334 -0.006316
v -0.024034 -0.051268 -0.00637
v -0.024015 -0.051338 -0.006326
v -0.024019 -0.051272 -0.00638
v -0.024 -0.051341 -0.006336
v -0.024003 -0.051276 -0.006389
v -0.023985 -0.051344 -0.006346
v -0.023987 -0.051279 -0.006398
v -0.023969 -0.051347 -0.006355
v -0.02397 -0.051282 -0.006406
v -0.023932 -0.051414 -0.006321
v -0.023953 -0.051285 -0.006414
v -0.023916 -0.051414 -0.006329
v -0.023862 -0.051538 -0.006247
v -0.023829 -0.051596 -0.006208
v -0.024069 -0.051439 -0.006133
v -0.024089 -0.051371 -0.006187
v -0.02406 -0.051444 -0.006146
v -0.024079 -0.051377 -0.006201
v -0.02405 -0.051449 -0.00616
v -0.024068 -0.051382 -0.006214
v -0.024039 -0.051454 -0.006172
v -0.024057 -0.051387 -0.006226
v -0.024028 -0.051458 -0.006185
v -0.024045 -0.051392 -0.006239
v -0.024016 -0.051462 -0.006197
v -0.024032 -0.051396 -0.006251
v -0.024004 -0.051466 -0.006209
v -0.024019 -0.0514 -0.006262
v -0.023991 -0.051469 -0.00622
v -0.024006 -0.051404 -0.006273
v -0.023978 -0.051471 -0.006231
v -0.023992 -0.051406 -0.006284
v -0.023964 -0.051473 -0.006242
v -0.023977 -0.051409 -0.006294
v -0.02395 -0.051475 -0.006252
v -0.023962 -0.051411 -0.006303
v -0.023936 -0.051476 -0.006262
v -0.023947 -0.051413 -0.006312
v -0.023921 -0.051477 -0.006271
v -0.023891 -0.051539 -0.00623
v -0.023857 -0.051599 -0.006191
v -0.023905 -0.051539 -0.006221
v -0.02387 -0.0516 -0.006182
v -0.023919 -0.051539 -0.006211
v -0.023883 -0.051601 -0.006172
v -0.023932 -0.051538 -0.006201
v -0.023896 -0.051601 -0.006162
v -0.023946 -0.051537 -0.006191
v -0.023909 -0.0516 -0.006151
v -0.023958 -0.051535 -0.00618
v -0.023921 -0.051599 -0.00614
v -0.023971 -0.051533 -0.006168
v -0.023933 -0.051598 -0.006129
v -0.023983 -0.05153 -0.006157
v -0.023945 -0.051596 -0.006117
v -0.023994 -0.051527 -0.006145
v -0.023956 -0.051594 -0.006105
v -0.024005 -0.051524 -0.006132
v -0.023967 -0.051591 -0.006093
v -0.024016 -0.05152 -0.006119
v -0.023977 -0.051588 -0.006081
v -0.024026 -0.051516 -0.006106
v -0.023987 -0.051584 -0.006068
v -0.024035 -0.051511 -0.006093
v -0.023996 -0.051581 -0.006055
v -0.024044 -0.051506 -0.00608
v -0.024005 -0.051576 -0.006041
v -0.024013 -0.051571 -0.006028
v -0.024021 -0.051566 -0.006014
v -0.023876 -0.051539 -0.006239
v -0.023843 -0.051598 -0.0062
v -0.02286 -0.052206 -0.005588
v -0.022914 -0.052207 -0.005589
v -0.02296 -0.052206 -0.00559
v -0.022862 -0.052152 -0.00579
v -0.022863 -0.052147 -0.005797
v -0.022863 -0.052141 -0.005807
v -0.020864 -0.052123 -0.005602
v -0.020864 -0.052123 -0.005588
v -0.020871 -0.051949 -0.005919
v -0.020871 -0.05196 -0.005911
v -0.020871 -0.051966 -0.005906
v -0.02087 -0.051985 -0.005891
v -0.020869 -0.052003 -0.005874
v -0.020869 -0.052009 -0.005868
v -0.020868 -0.05202 -0.005856
v -0.020868 -0.052031 -0.005844
v -0.020867 -0.052051 -0.005818
v -0.020866 -0.052069 -0.00579
v -0.020867 -0.052064 -0.005798
v -0.020866 -0.052077 -0.005776
v -0.020866 -0.052082 -0.005766
v -0.020866 -0.052084 -0.005761
v -0.020866 -0.052087 -0.005755
v -0.020865 -0.052097 -0.00573
v -0.020865 -0.052105 -0.005709
v -0.020865 -0.052108 -0.005699
v -0.020865 -0.052112 -0.005685
v -0.020864 -0.052123 -0.005613
v -0.020864 -0.052121 -0.005635
v -0.020864 -0.052121 -0.005637
v -0.020864 -0.052116 -0.005667
v -0.02018 -0.05097 -0.005982
v -0.020182 -0.050965 -0.005972
v -0.020172 -0.050987 -0.005965
v -0.020496 -0.051857 -0.005951
v -0.020519 -0.051879 -0.005937
v -0.02053 -0.051874 -0.005946
v -0.020486 -0.05183 -0.005973
v -0.020498 -0.051826 -0.00598
v -0.020462 -0.051778 -0.006011
v -0.020606 -0.051893 -0.005945
v -0.020562 -0.051857 -0.005968
v -0.02054 -0.051869 -0.005954
v -0.020829 -0.052062 -0.005798
v -0.020249 -0.051789 -0.005739
v -0.020255 -0.051794 -0.005753
v -0.020228 -0.051754 -0.005768
v -0.020278 -0.051827 -0.005726
v -0.020284 -0.051832 -0.005739
v -0.02031 -0.051864 -0.005713
v -0.020316 -0.051868 -0.005726
v -0.020344 -0.051898 -0.0057
v -0.020349 -0.051901 -0.005713
v -0.020435 -0.051976 -0.005632
v -0.020453 -0.051988 -0.005629
v -0.020448 -0.051985 -0.005643
v -0.020492 -0.052012 -0.005621
v -0.020304 -0.051842 -0.005778
v -0.020312 -0.051845 -0.005791
v -0.020283 -0.05181 -0.005806
v -0.020335 -0.051876 -0.005764
v -0.020342 -0.051878 -0.005777
v -0.020368 -0.051908 -0.005752
v -0.020375 -0.051909 -0.005764
v -0.020403 -0.051938 -0.00574
v -0.020409 -0.051939 -0.005752
v -0.020439 -0.051966 -0.005729
v -0.020445 -0.051966 -0.005741
v -0.020613 -0.052071 -0.005603
v -0.02063 -0.052077 -0.005601
v -0.020623 -0.052075 -0.005614
v -0.020677 -0.052092 -0.005596
v -0.020742 -0.052109 -0.005592
v -0.020755 -0.052111 -0.005591
v -0.020766 -0.052113 -0.005603
v -0.020817 -0.052117 -0.005638
v -0.02043 -0.051939 -0.005789
v -0.020437 -0.051938 -0.005801
v -0.020405 -0.051911 -0.005813
v -0.020821 -0.052102 -0.005709
v -0.020659 -0.052058 -0.005747
v -0.020699 -0.05207 -0.005742
v -0.020702 -0.052066 -0.005753
v -0.02074 -0.052081 -0.005737
v -0.020781 -0.052088 -0.005734
v -0.020783 -0.052084 -0.005746
v -0.020162 -0.051022 -0.006021
v -0.020172 -0.050996 -0.006024
v -0.020174 -0.050987 -0.006011
v -0.020177 -0.050978 -0.005996
v -0.020178 -0.050976 -0.005992
v -0.020167 -0.050998 -0.005984
v -0.020163 -0.051061 -0.006076
v -0.020171 -0.051034 -0.00608
v -0.020171 -0.051025 -0.006067
v -0.020174 -0.051174 -0.00614
v -0.02018 -0.051152 -0.006151
v -0.020173 -0.051138 -0.006135
v -0.020173 -0.051231 -0.006135
v -0.020169 -0.051253 -0.006124
v -0.020179 -0.051266 -0.006138
v -0.020222 -0.051749 -0.005754
v -0.020204 -0.051713 -0.005783
v -0.02021 -0.051535 -0.006038
v -0.020219 -0.051575 -0.006018
v -0.020232 -0.05158 -0.00603
v -0.02028 -0.051723 -0.005942
v -0.020269 -0.05172 -0.00593
v -0.02029 -0.051756 -0.005913
v -0.020301 -0.051758 -0.005924
v -0.020312 -0.051759 -0.005936
v -0.020292 -0.051726 -0.005953
v -0.02026 -0.051249 -0.006241
v -0.020251 -0.051287 -0.00622
v -0.020266 -0.051299 -0.006229
v -0.020362 -0.051323 -0.006285
v -0.020373 -0.051291 -0.006305
v -0.020355 -0.051279 -0.0063
v -0.020395 -0.051498 -0.006197
v -0.0204 -0.05144 -0.006236
v -0.02038 -0.051433 -0.006233
v -0.020338 -0.051483 -0.006183
v -0.020342 -0.051548 -0.006143
v -0.02036 -0.051551 -0.006149
v -0.0205 -0.051449 -0.006248
v -0.020513 -0.05141 -0.006275
v -0.020499 -0.051357 -0.006309
v -0.020529 -0.051373 -0.006301
v -0.02053 -0.051369 -0.006303
v -0.020473 -0.051562 -0.00617
v -0.020489 -0.051575 -0.006162
v -0.020488 -0.051532 -0.006191
v -0.02049 -0.051663 -0.006102
v -0.020503 -0.051656 -0.006107
v -0.020494 -0.051616 -0.006134
v -0.020515 -0.051695 -0.006081
v -0.020518 -0.051761 -0.006035
v -0.020551 -0.051764 -0.006035
v -0.020532 -0.051731 -0.006057
v -0.020701 -0.051902 -0.005946
v -0.020673 -0.051887 -0.005956
v -0.020669 -0.051907 -0.005941
v -0.020646 -0.051868 -0.005968
v -0.02062 -0.051846 -0.005981
v -0.020584 -0.051843 -0.005981
v -0.020596 -0.051822 -0.005997
v -0.020572 -0.051795 -0.006015
v -0.020766 -0.051949 -0.005915
v -0.020757 -0.051927 -0.005931
v -0.020729 -0.051916 -0.005937
v -0.020843 -0.051946 -0.00592
v -0.020814 -0.051942 -0.005922
v -0.020785 -0.051936 -0.005925
v -0.020481 -0.05146 -0.00624
v -0.02046 -0.051456 -0.00624
v -0.020454 -0.051561 -0.006168
v -0.020435 -0.05156 -0.006166
v -0.020456 -0.051667 -0.006095
v -0.02044 -0.051669 -0.00609
v -0.020461 -0.051721 -0.006056
v -0.020446 -0.051724 -0.00605
v -0.020475 -0.051774 -0.006017
v -0.020489 -0.05177 -0.006024
v -0.020503 -0.051766 -0.00603
v -0.020473 -0.051665 -0.006099
v -0.020492 -0.05149 -0.00622
v -0.02042 -0.051446 -0.006238
v -0.020416 -0.051559 -0.006163
v -0.02044 -0.051451 -0.00624
v -0.020423 -0.05167 -0.006085
v -0.020397 -0.051557 -0.006159
v -0.020375 -0.051494 -0.006193
v -0.02036 -0.051426 -0.006229
v -0.020452 -0.051336 -0.006312
v -0.02044 -0.05133 -0.006312
v -0.020432 -0.05139 -0.006276
v -0.020412 -0.051382 -0.006274
v -0.020392 -0.051373 -0.006272
v -0.020372 -0.051364 -0.006269
v -0.020392 -0.051303 -0.006308
v -0.02041 -0.051314 -0.006311
v -0.020412 -0.051315 -0.006311
v -0.020431 -0.051326 -0.006312
v -0.020389 -0.051614 -0.006116
v -0.020378 -0.051554 -0.006154
v -0.020356 -0.051489 -0.006189
v -0.020341 -0.051419 -0.006224
v -0.020469 -0.051344 -0.006312
v -0.020472 -0.051346 -0.006311
v -0.020322 -0.051606 -0.006088
v -0.020306 -0.051603 -0.00608
v -0.020328 -0.051669 -0.006041
v -0.020338 -0.051608 -0.006096
v -0.020325 -0.051544 -0.006136
v -0.020343 -0.05167 -0.00605
v -0.020358 -0.051731 -0.006004
v -0.020344 -0.051731 -0.005995
v -0.020382 -0.051791 -0.00596
v -0.020301 -0.051633 -0.006051
v -0.020313 -0.051667 -0.006032
v -0.020314 -0.051698 -0.006003
v -0.02032 -0.051478 -0.006177
v -0.020304 -0.051505 -0.006149
v -0.020308 -0.051539 -0.006129
v -0.020297 -0.051569 -0.0061
v -0.02031 -0.051368 -0.006233
v -0.020305 -0.051402 -0.006212
v -0.020323 -0.051411 -0.006218
v -0.020302 -0.051437 -0.006191
v -0.020302 -0.051471 -0.00617
v -0.020353 -0.051354 -0.006265
v -0.020328 -0.051377 -0.006239
v -0.020335 -0.051344 -0.00626
v -0.020316 -0.051334 -0.006253
v -0.020299 -0.051323 -0.006246
v -0.020292 -0.051358 -0.006225
v -0.020288 -0.051393 -0.006204
v -0.020285 -0.051429 -0.006183
v -0.020285 -0.051464 -0.006162
v -0.020287 -0.051499 -0.006141
v -0.020291 -0.051534 -0.00612
v -0.020344 -0.051311 -0.00628
v -0.020337 -0.051266 -0.006295
v -0.020326 -0.0513 -0.006274
v -0.020282 -0.051311 -0.006238
v -0.020275 -0.051347 -0.006217
v -0.020271 -0.051384 -0.006196
v -0.020268 -0.05142 -0.006175
v -0.020268 -0.051457 -0.006153
v -0.02027 -0.051493 -0.006132
v -0.020275 -0.051529 -0.006112
v -0.020281 -0.051564 -0.006091
v -0.02029 -0.051599 -0.006071
v -0.020259 -0.051337 -0.006208
v -0.020254 -0.051374 -0.006187
v -0.020252 -0.051412 -0.006165
v -0.020252 -0.051449 -0.006144
v -0.020255 -0.051486 -0.006123
v -0.020259 -0.051523 -0.006102
v -0.020266 -0.051559 -0.006082
v -0.020275 -0.051595 -0.006061
v -0.020286 -0.05163 -0.006041
v -0.020299 -0.051664 -0.006022
v -0.020288 -0.051225 -0.006272
v -0.020276 -0.051262 -0.006251
v -0.020292 -0.051275 -0.006259
v -0.020244 -0.051325 -0.006198
v -0.020239 -0.051364 -0.006177
v -0.020237 -0.051402 -0.006156
v -0.020237 -0.051441 -0.006134
v -0.020239 -0.051479 -0.006113
v -0.020244 -0.051517 -0.006092
v -0.020251 -0.051554 -0.006072
v -0.02026 -0.05159 -0.006051
v -0.020271 -0.051626 -0.006031
v -0.020285 -0.051662 -0.006012
v -0.020282 -0.05122 -0.006268
v -0.020273 -0.051211 -0.006262
v -0.020329 -0.05126 -0.006292
v -0.02032 -0.051253 -0.006288
v -0.020308 -0.051288 -0.006267
v -0.020305 -0.051241 -0.006281
v -0.020303 -0.051239 -0.00628
v -0.020382 -0.051297 -0.006307
v -0.020334 -0.051792 -0.005919
v -0.020323 -0.051791 -0.005907
v -0.020313 -0.05179 -0.005896
v -0.020244 -0.051618 -0.00601
v -0.020231 -0.051613 -0.005998
v -0.020258 -0.051655 -0.00599
v -0.020246 -0.051651 -0.005979
v -0.020274 -0.051691 -0.005971
v -0.020262 -0.051688 -0.00596
v -0.02025 -0.051684 -0.005948
v -0.020234 -0.051646 -0.005967
v -0.020219 -0.051608 -0.005986
v -0.020207 -0.051568 -0.006006
v -0.020197 -0.051528 -0.006026
v -0.02019 -0.051487 -0.006047
v -0.020198 -0.051707 -0.005769
v -0.020187 -0.051685 -0.005777
v -0.020182 -0.051678 -0.005763
v -0.020182 -0.051671 -0.005799
v -0.020148 -0.051596 -0.005809
v -0.020157 -0.051619 -0.005801
v -0.020162 -0.051627 -0.005815
v -0.020166 -0.051641 -0.005793
v -0.020176 -0.051664 -0.005785
v -0.020148 -0.051603 -0.005772
v -0.02015 -0.051608 -0.005753
v -0.020157 -0.051626 -0.005764
v -0.020153 -0.051618 -0.00575
v -0.020167 -0.051649 -0.005757
v -0.020163 -0.05164 -0.005743
v -0.020177 -0.051671 -0.005749
v -0.020171 -0.051656 -0.005771
v -0.020161 -0.051634 -0.005779
v -0.020152 -0.051611 -0.005787
v -0.020144 -0.051588 -0.005795
v -0.020136 -0.051565 -0.005803
v -0.020173 -0.051664 -0.005735
v -0.020176 -0.05167 -0.005733
v -0.020188 -0.051693 -0.005741
v -0.020184 -0.051686 -0.005727
v -0.0202 -0.051715 -0.005734
v -0.020193 -0.051703 -0.005722
v -0.020212 -0.051737 -0.005727
v -0.020208 -0.05173 -0.005713
v -0.020117 -0.051494 -0.005828
v -0.020123 -0.051517 -0.00582
v -0.020127 -0.051527 -0.005835
v -0.020133 -0.05155 -0.005826
v -0.020138 -0.051559 -0.005841
v -0.020146 -0.051582 -0.005832
v -0.020152 -0.051589 -0.005847
v -0.020144 -0.051567 -0.005855
v -0.020137 -0.051544 -0.005864
v -0.020132 -0.051535 -0.00585
v -0.020126 -0.051512 -0.005858
v -0.020121 -0.051503 -0.005843
v -0.020116 -0.051479 -0.005852
v -0.020112 -0.051469 -0.005837
v -0.020108 -0.051445 -0.005846
v -0.020168 -0.051634 -0.00583
v -0.020154 -0.051604 -0.005824
v -0.02014 -0.051573 -0.005818
v -0.020129 -0.051541 -0.005812
v -0.020114 -0.051484 -0.005813
v -0.020112 -0.051478 -0.005797
v -0.020119 -0.051508 -0.005805
v -0.020119 -0.051508 -0.005787
v -0.020125 -0.051532 -0.005797
v -0.020099 -0.051347 -0.005881
v -0.0201 -0.051372 -0.005872
v -0.020103 -0.051383 -0.005888
v -0.020105 -0.051407 -0.005879
v -0.020109 -0.051417 -0.005894
v -0.020112 -0.051441 -0.005885
v -0.020117 -0.051451 -0.0059
v -0.020121 -0.051474 -0.005891
v -0.020127 -0.051484 -0.005906
v -0.020132 -0.051507 -0.005897
v -0.020139 -0.051516 -0.005912
v -0.020105 -0.051421 -0.005854
v -0.020112 -0.051455 -0.005861
v -0.02012 -0.051489 -0.005867
v -0.020131 -0.051521 -0.005873
v -0.020144 -0.051552 -0.005879
v -0.020158 -0.051597 -0.005861
v -0.020151 -0.05156 -0.005893
v -0.020137 -0.05153 -0.005888
v -0.020126 -0.051498 -0.005882
v -0.020116 -0.051465 -0.005876
v -0.020108 -0.051431 -0.00587
v -0.020102 -0.051396 -0.005863
v -0.020102 -0.051411 -0.005839
v -0.020102 -0.051412 -0.005819
v -0.020105 -0.051435 -0.00583
v -0.020104 -0.051425 -0.005815
v -0.020109 -0.05146 -0.005822
v -0.020106 -0.05144 -0.00581
v -0.020112 -0.051474 -0.005798
v -0.020123 -0.051523 -0.005782
v -0.020128 -0.051544 -0.005775
v -0.020132 -0.051556 -0.005789
v -0.020129 -0.051547 -0.005774
v -0.02014 -0.05158 -0.00578
v -0.020138 -0.051575 -0.005765
v -0.020145 -0.051594 -0.005758
v -0.02016 -0.051341 -0.006083
v -0.020163 -0.051297 -0.006103
v -0.020151 -0.051307 -0.006079
v -0.020223 -0.051542 -0.00605
v -0.020202 -0.051495 -0.006059
v -0.020197 -0.051455 -0.00608
v -0.020185 -0.051446 -0.006067
v -0.020195 -0.051414 -0.006101
v -0.020182 -0.051404 -0.006088
v -0.020195 -0.051373 -0.006122
v -0.020182 -0.051362 -0.006109
v -0.020197 -0.051331 -0.006143
v -0.020185 -0.05132 -0.00613
v -0.020202 -0.05129 -0.006164
v -0.02019 -0.051278 -0.006152
v -0.02021 -0.051249 -0.006186
v -0.020233 -0.051222 -0.006219
v -0.020245 -0.051182 -0.00624
v -0.020244 -0.051181 -0.006239
v -0.020183 -0.051244 -0.006149
v -0.020198 -0.051236 -0.006173
v -0.020203 -0.051215 -0.006183
v -0.02022 -0.051208 -0.006207
v -0.020209 -0.051194 -0.006194
v -0.020215 -0.051174 -0.006204
v -0.020222 -0.051153 -0.006215
v -0.020212 -0.051138 -0.006201
v -0.020205 -0.051159 -0.006191
v -0.020198 -0.05118 -0.00618
v -0.020192 -0.051201 -0.00617
v -0.020187 -0.051223 -0.006159
v -0.020226 -0.051188 -0.006217
v -0.020233 -0.051168 -0.006228
v -0.020227 -0.051159 -0.006221
v -0.020215 -0.051503 -0.00607
v -0.02021 -0.051463 -0.006091
v -0.020208 -0.051423 -0.006112
v -0.020208 -0.051383 -0.006134
v -0.02021 -0.051343 -0.006155
v -0.020215 -0.051302 -0.006176
v -0.020223 -0.051262 -0.006198
v -0.020189 -0.051166 -0.006166
v -0.020183 -0.051188 -0.006155
v -0.020177 -0.05121 -0.006145
v -0.020174 -0.051102 -0.006129
v -0.02018 -0.051116 -0.006145
v -0.020187 -0.05113 -0.006161
v -0.020195 -0.051145 -0.006176
v -0.020203 -0.051123 -0.006186
v -0.020199 -0.051117 -0.00618
v -0.020195 -0.051109 -0.006171
v -0.020189 -0.051096 -0.006157
v -0.020182 -0.05108 -0.006138
v -0.020181 -0.051075 -0.006133
v -0.020178 -0.051066 -0.006121
v -0.020134 -0.051493 -0.005921
v -0.020129 -0.05147 -0.00593
v -0.020123 -0.051461 -0.005916
v -0.020119 -0.051437 -0.005925
v -0.020114 -0.051427 -0.00591
v -0.020111 -0.051403 -0.005919
v -0.020107 -0.051393 -0.005903
v -0.020105 -0.051369 -0.005913
v -0.020102 -0.051358 -0.005897
v -0.020101 -0.051334 -0.005906
v -0.020099 -0.051323 -0.00589
v -0.0201 -0.051298 -0.005898
v -0.020101 -0.051273 -0.005907
v -0.020101 -0.051309 -0.005915
v -0.020104 -0.051345 -0.005922
v -0.020109 -0.05138 -0.005928
v -0.020117 -0.051414 -0.005934
v -0.020126 -0.051447 -0.00594
v -0.020137 -0.051479 -0.005945
v -0.020146 -0.051524 -0.005926
v -0.020109 -0.0512 -0.005934
v -0.020106 -0.051224 -0.005925
v -0.020106 -0.051236 -0.005942
v -0.020104 -0.05126 -0.005933
v -0.020106 -0.051272 -0.005949
v -0.020105 -0.051296 -0.00594
v -0.020108 -0.051308 -0.005956
v -0.020108 -0.051332 -0.005947
v -0.020113 -0.051343 -0.005963
v -0.020113 -0.051366 -0.005953
v -0.020119 -0.051377 -0.005969
v -0.020121 -0.0514 -0.005959
v -0.020128 -0.051411 -0.005974
v -0.02013 -0.051434 -0.005964
v -0.020138 -0.051443 -0.005979
v -0.020118 -0.051151 -0.005951
v -0.020113 -0.051176 -0.005942
v -0.020114 -0.051188 -0.00596
v -0.02011 -0.051212 -0.005951
v -0.020111 -0.051224 -0.005968
v -0.020108 -0.051248 -0.005958
v -0.020111 -0.05126 -0.005975
v -0.02011 -0.051284 -0.005966
v -0.020114 -0.051295 -0.005982
v -0.020113 -0.051319 -0.005972
v -0.020118 -0.05133 -0.005988
v -0.020118 -0.051354 -0.005978
v -0.020125 -0.051365 -0.005994
v -0.020126 -0.051388 -0.005984
v -0.020134 -0.051398 -0.005999
v -0.020145 -0.051488 -0.005959
v -0.020133 -0.051456 -0.005955
v -0.020123 -0.051424 -0.005949
v -0.020115 -0.05139 -0.005944
v -0.020108 -0.051356 -0.005938
v -0.020104 -0.051321 -0.005931
v -0.020102 -0.051285 -0.005924
v -0.020103 -0.051249 -0.005916
v -0.020106 -0.051213 -0.005908
v -0.020106 -0.05121 -0.005888
v -0.020103 -0.051237 -0.005899
v -0.020103 -0.05123 -0.005881
v -0.0201 -0.051262 -0.005891
v -0.020101 -0.051251 -0.005874
v -0.020099 -0.051287 -0.005882
v -0.020099 -0.051277 -0.005865
v -0.020098 -0.051312 -0.005873
v -0.020098 -0.0513 -0.005857
v -0.020098 -0.051336 -0.005865
v -0.020097 -0.051325 -0.005849
v -0.020099 -0.051361 -0.005856
v -0.020164 -0.051218 -0.00612
v -0.020168 -0.051196 -0.00613
v -0.020161 -0.051183 -0.006115
v -0.020166 -0.05116 -0.006125
v -0.02016 -0.051147 -0.006109
v -0.020167 -0.051124 -0.006119
v -0.020161 -0.051111 -0.006102
v -0.020169 -0.051088 -0.006112
v -0.020165 -0.051074 -0.006094
v -0.020175 -0.051054 -0.006107
v -0.020172 -0.051038 -0.006086
v -0.020173 -0.051309 -0.006117
v -0.020165 -0.051275 -0.006114
v -0.02016 -0.05124 -0.00611
v -0.020156 -0.051205 -0.006105
v -0.020154 -0.051169 -0.006099
v -0.020155 -0.051133 -0.006092
v -0.020157 -0.051097 -0.006085
v -0.020133 -0.051375 -0.006009
v -0.020132 -0.051352 -0.006019
v -0.020125 -0.051341 -0.006003
v -0.020125 -0.051318 -0.006013
v -0.020119 -0.051307 -0.005998
v -0.02012 -0.051283 -0.006007
v -0.020115 -0.051271 -0.005991
v -0.020118 -0.051248 -0.006001
v -0.020114 -0.051236 -0.005984
v -0.020117 -0.051212 -0.005994
v -0.020115 -0.0512 -0.005977
v -0.020119 -0.051176 -0.005986
v -0.020118 -0.051163 -0.005969
v -0.020124 -0.051139 -0.005978
v -0.020124 -0.051127 -0.00596
v -0.020131 -0.051103 -0.005969
v -0.020132 -0.051092 -0.005951
v -0.020135 -0.05108 -0.005932
v -0.020126 -0.051116 -0.005942
v -0.020131 -0.051093 -0.005928
v -0.020119 -0.05114 -0.005934
v -0.020138 -0.05108 -0.005977
v -0.02013 -0.051116 -0.005986
v -0.020124 -0.051152 -0.005995
v -0.020121 -0.051188 -0.006003
v -0.020121 -0.051224 -0.006011
v -0.020122 -0.05126 -0.006017
v -0.020126 -0.051295 -0.006023
v -0.020132 -0.051329 -0.006029
v -0.02014 -0.051363 -0.006033
v -0.020142 -0.051408 -0.006013
v -0.020164 -0.05101 -0.006003
v -0.020154 -0.051033 -0.005994
v -0.020153 -0.051045 -0.006013
v -0.020144 -0.051068 -0.006004
v -0.020144 -0.051081 -0.006022
v -0.020137 -0.051104 -0.006013
v -0.020138 -0.051117 -0.006031
v -0.020132 -0.05114 -0.006022
v -0.020134 -0.051153 -0.006039
v -0.020129 -0.051177 -0.00603
v -0.020133 -0.051189 -0.006046
v -0.020129 -0.051213 -0.006037
v -0.020134 -0.051225 -0.006053
v -0.020131 -0.051248 -0.006043
v -0.020137 -0.051261 -0.006059
v -0.020135 -0.051284 -0.006049
v -0.020143 -0.051295 -0.006064
v -0.020141 -0.051318 -0.006054
v -0.02015 -0.051329 -0.006068
v -0.020153 -0.051285 -0.006089
v -0.020145 -0.051273 -0.006074
v -0.020148 -0.05125 -0.006084
v -0.02014 -0.051238 -0.006069
v -0.020144 -0.051215 -0.006079
v -0.020138 -0.051202 -0.006063
v -0.020143 -0.051179 -0.006073
v -0.020138 -0.051166 -0.006056
v -0.020144 -0.051143 -0.006066
v -0.02014 -0.05113 -0.006048
v -0.020147 -0.051107 -0.006058
v -0.020145 -0.051094 -0.00604
v -0.020153 -0.051071 -0.006049
v -0.020152 -0.051058 -0.006031
v -0.020161 -0.051035 -0.00604
v -0.020172 -0.050999 -0.00603
v -0.020149 -0.051374 -0.006048
v -0.02014 -0.051341 -0.006044
v -0.020133 -0.051306 -0.006039
v -0.020128 -0.051272 -0.006033
v -0.020125 -0.051236 -0.006027
v -0.020125 -0.0512 -0.00602
v -0.020126 -0.051164 -0.006012
v -0.02013 -0.051128 -0.006004
v -0.020137 -0.051092 -0.005995
v -0.020146 -0.051056 -0.005986
v -0.020156 -0.051263 -0.006099
v -0.020151 -0.051228 -0.006095
v -0.020149 -0.051192 -0.006089
v -0.020148 -0.051156 -0.006082
v -0.02015 -0.05112 -0.006075
v -0.020155 -0.051084 -0.006067
v -0.020161 -0.051048 -0.006058
v -0.02017 -0.051014 -0.006052
v -0.020122 -0.051128 -0.005916
v -0.020118 -0.051144 -0.005911
v -0.020114 -0.051164 -0.005925
v -0.020114 -0.05116 -0.005905
v -0.02011 -0.051188 -0.005917
v -0.020111 -0.051177 -0.005899
v -0.020107 -0.051201 -0.005891
v -0.020098 -0.051344 -0.005842
v -0.020098 -0.05135 -0.00584
v -0.0201 -0.051386 -0.005847
v -0.020099 -0.051371 -0.005833
v -0.020101 -0.0514 -0.005823
v -0.020825 -0.052084 -0.005755
v -0.020823 -0.052094 -0.005733
v -0.020785 -0.052079 -0.005757
v -0.020787 -0.052074 -0.005768
v -0.020634 -0.052032 -0.005787
v -0.020629 -0.052036 -0.005776
v -0.020667 -0.05205 -0.00577
v -0.020624 -0.05204 -0.005765
v -0.020663 -0.052054 -0.005758
v -0.02062 -0.052043 -0.005753
v -0.020709 -0.052057 -0.005775
v -0.020706 -0.052062 -0.005764
v -0.020745 -0.052072 -0.00576
v -0.020743 -0.052076 -0.005749
v -0.02082 -0.052108 -0.005686
v -0.020775 -0.052102 -0.005688
v -0.020778 -0.052096 -0.005711
v -0.020731 -0.052094 -0.005691
v -0.020735 -0.052088 -0.005714
v -0.020687 -0.052083 -0.005695
v -0.020693 -0.052077 -0.005718
v -0.020648 -0.052067 -0.005712
v -0.020652 -0.052064 -0.005724
v -0.020611 -0.052049 -0.00573
v -0.020327 -0.051821 -0.005868
v -0.020302 -0.051788 -0.005884
v -0.020279 -0.051753 -0.005901
v -0.020258 -0.051717 -0.005918
v -0.020239 -0.05168 -0.005936
v -0.020222 -0.051642 -0.005955
v -0.020207 -0.051602 -0.005974
v -0.020195 -0.051562 -0.005994
v -0.020185 -0.051521 -0.006014
v -0.020178 -0.051479 -0.006034
v -0.020173 -0.051437 -0.006054
v -0.02017 -0.051394 -0.006075
v -0.020171 -0.051352 -0.006096
v -0.020159 -0.051384 -0.006062
v -0.020152 -0.051418 -0.006027
v -0.020162 -0.051428 -0.006041
v -0.020156 -0.051462 -0.006007
v -0.020167 -0.051471 -0.006021
v -0.020164 -0.051505 -0.005987
v -0.020174 -0.051513 -0.006001
v -0.020173 -0.051548 -0.005968
v -0.020184 -0.051555 -0.005981
v -0.020186 -0.05159 -0.005948
v -0.020196 -0.051596 -0.005961
v -0.020201 -0.051631 -0.005929
v -0.020211 -0.051636 -0.005942
v -0.020218 -0.051671 -0.005911
v -0.020228 -0.051675 -0.005924
v -0.020237 -0.051709 -0.005893
v -0.020247 -0.051713 -0.005906
v -0.020259 -0.051747 -0.005876
v -0.020269 -0.05175 -0.005888
v -0.020283 -0.051783 -0.005859
v -0.020292 -0.051786 -0.005872
v -0.020308 -0.051818 -0.005844
v -0.020318 -0.05182 -0.005856
v -0.020336 -0.051851 -0.005829
v -0.020345 -0.051852 -0.005841
v -0.020366 -0.051882 -0.005815
v -0.020147 -0.051453 -0.005993
v -0.020154 -0.051497 -0.005973
v -0.020155 -0.051532 -0.00594
v -0.020164 -0.05154 -0.005954
v -0.020167 -0.051576 -0.005921
v -0.020176 -0.051583 -0.005935
v -0.020182 -0.051618 -0.005903
v -0.020191 -0.051625 -0.005916
v -0.020199 -0.05166 -0.005885
v -0.020208 -0.051665 -0.005898
v -0.020219 -0.0517 -0.005867
v -0.020228 -0.051705 -0.00588
v -0.020241 -0.051739 -0.00585
v -0.02025 -0.051743 -0.005863
v -0.020265 -0.051777 -0.005834
v -0.020273 -0.05178 -0.005847
v -0.020291 -0.051813 -0.005819
v -0.0203 -0.051815 -0.005831
v -0.020319 -0.051847 -0.005804
v -0.020328 -0.051849 -0.005816
v -0.02035 -0.05188 -0.00579
v -0.020358 -0.051881 -0.005802
v -0.020382 -0.05191 -0.005777
v -0.020389 -0.051911 -0.005789
v -0.020416 -0.051939 -0.005765
v -0.020818 -0.052113 -0.005662
v -0.020771 -0.052109 -0.005652
v -0.020772 -0.052107 -0.005664
v -0.020727 -0.052098 -0.005667
v -0.020685 -0.052085 -0.005683
v -0.020644 -0.052069 -0.0057
v -0.020606 -0.052051 -0.005718
v -0.020571 -0.052031 -0.005737
v -0.020576 -0.052029 -0.005749
v -0.020537 -0.05201 -0.005757
v -0.020543 -0.052007 -0.005769
v -0.020507 -0.051986 -0.005779
v -0.020549 -0.052005 -0.005781
v -0.020513 -0.051984 -0.00579
v -0.020555 -0.052002 -0.005792
v -0.02052 -0.051982 -0.005802
v -0.020562 -0.051998 -0.005803
v -0.020527 -0.051979 -0.005813
v -0.020568 -0.051995 -0.005814
v -0.020534 -0.051975 -0.005824
v -0.020816 -0.052118 -0.005626
v -0.02077 -0.052111 -0.005639
v -0.020725 -0.0521 -0.005654
v -0.020682 -0.052087 -0.005671
v -0.020641 -0.052071 -0.005688
v -0.020602 -0.052053 -0.005706
v -0.020566 -0.052033 -0.005725
v -0.020532 -0.052011 -0.005746
v -0.0205 -0.051988 -0.005767
v -0.020471 -0.051963 -0.005789
v -0.020479 -0.051962 -0.005801
v -0.020486 -0.05196 -0.005812
v -0.020494 -0.051957 -0.005824
v -0.020501 -0.051954 -0.005835
v -0.020809 -0.052119 -0.005589
v -0.020814 -0.05212 -0.005589
v -0.020815 -0.05212 -0.005601
v -0.020817 -0.05212 -0.005589
v -0.020464 -0.051965 -0.005777
v -0.020458 -0.051965 -0.005765
v -0.020494 -0.051989 -0.005755
v -0.020488 -0.05199 -0.005743
v -0.020526 -0.052013 -0.005734
v -0.020521 -0.052014 -0.005722
v -0.020561 -0.052035 -0.005713
v -0.020557 -0.052036 -0.005701
v -0.020598 -0.052055 -0.005694
v -0.020595 -0.052056 -0.005682
v -0.020638 -0.052073 -0.005676
v -0.020635 -0.052074 -0.005663
v -0.020679 -0.052088 -0.005658
v -0.020677 -0.052089 -0.005646
v -0.020723 -0.052101 -0.005642
v -0.020721 -0.052102 -0.00563
v -0.020768 -0.052112 -0.005627
v -0.020767 -0.052113 -0.005615
v -0.020816 -0.052119 -0.005613
v -0.020533 -0.052035 -0.005627
v -0.02053 -0.052033 -0.005614
v -0.020551 -0.052044 -0.005611
v -0.020477 -0.051991 -0.005718
v -0.020471 -0.051991 -0.005706
v -0.020511 -0.052015 -0.005697
v -0.020507 -0.052015 -0.005685
v -0.020548 -0.052037 -0.005677
v -0.020544 -0.052037 -0.005664
v -0.020587 -0.052057 -0.005657
v -0.020584 -0.052057 -0.005645
v -0.020629 -0.052075 -0.005639
v -0.020626 -0.052075 -0.005626
v -0.020672 -0.05209 -0.005622
v -0.02067 -0.05209 -0.005609
v -0.020718 -0.052103 -0.005606
v -0.020693 -0.052097 -0.005595
v -0.020716 -0.052103 -0.005593
v -0.020433 -0.051965 -0.005716
v -0.020466 -0.051991 -0.005694
v -0.020502 -0.052015 -0.005672
v -0.02054 -0.052037 -0.005652
v -0.020581 -0.052057 -0.005632
v -0.020396 -0.051937 -0.005727
v -0.020428 -0.051964 -0.005704
v -0.020461 -0.05199 -0.005681
v -0.020498 -0.052014 -0.00566
v -0.020537 -0.052036 -0.005639
v -0.020578 -0.052056 -0.00562
v -0.020569 -0.052052 -0.005608
v -0.020158 -0.051568 -0.005907
v -0.020165 -0.051605 -0.005875
v -0.020173 -0.051612 -0.005889
v -0.020183 -0.051648 -0.005857
v -0.02019 -0.051654 -0.005871
v -0.020202 -0.051689 -0.00584
v -0.02021 -0.051695 -0.005854
v -0.020224 -0.05173 -0.005824
v -0.020232 -0.051735 -0.005837
v -0.020249 -0.051769 -0.005808
v -0.020257 -0.051773 -0.005821
v -0.020275 -0.051806 -0.005793
v -0.020175 -0.051641 -0.005844
v -0.020188 -0.051677 -0.005813
v -0.020195 -0.051683 -0.005827
v -0.02021 -0.051719 -0.005797
v -0.020217 -0.051725 -0.00581
v -0.020235 -0.05176 -0.005781
v -0.020241 -0.051764 -0.005795
v -0.020261 -0.051798 -0.005766
v -0.020268 -0.051803 -0.00578
v -0.02029 -0.051836 -0.005752
v -0.020297 -0.051839 -0.005765
v -0.020322 -0.051871 -0.005739
v -0.020361 -0.051906 -0.005739
v -0.020391 -0.051935 -0.005714
v -0.020422 -0.051963 -0.005691
v -0.020457 -0.051988 -0.005668
v -0.020494 -0.052013 -0.005647
v -0.02035 -0.051907 -0.005655
v -0.020366 -0.051921 -0.00565
v -0.02037 -0.051925 -0.005663
v -0.020381 -0.051935 -0.005646
v -0.02038 -0.051931 -0.005689
v -0.020375 -0.051928 -0.005676
v -0.020413 -0.051958 -0.005665
v -0.020408 -0.051956 -0.005653
v -0.020399 -0.051949 -0.005641
v -0.020339 -0.051895 -0.005687
v -0.020273 -0.051823 -0.005712
v -0.020305 -0.05186 -0.005699
v -0.0203 -0.051856 -0.005686
v -0.020334 -0.051891 -0.005674
v -0.020244 -0.051784 -0.005726
v -0.020239 -0.051778 -0.005712
v -0.020253 -0.051798 -0.005706
v -0.020193 -0.0517 -0.005755
v -0.020204 -0.051722 -0.005748
v -0.020217 -0.051743 -0.00574
v -0.020225 -0.051758 -0.005719
v -0.020221 -0.051751 -0.005706
v -0.020224 -0.051756 -0.005704
v -0.020244 -0.051787 -0.005694
v -0.020249 -0.051793 -0.005692
v -0.020268 -0.051818 -0.005699
v -0.020263 -0.051811 -0.005686
v -0.020286 -0.05184 -0.005677
v -0.020295 -0.051851 -0.005673
v -0.020305 -0.051861 -0.00567
v -0.020329 -0.051887 -0.005661
v -0.020332 -0.051889 -0.00566
v -0.020328 -0.051874 -0.005752
v -0.020355 -0.051904 -0.005726
v -0.020385 -0.051933 -0.005702
v -0.020417 -0.051961 -0.005678
v -0.020452 -0.051987 -0.005656
v -0.02049 -0.052011 -0.005634
v -0.02051 -0.052022 -0.005618
v -0.020809 -0.051997 -0.005876
v -0.020805 -0.052014 -0.005859
v -0.020587 -0.051906 -0.00593
v -0.020638 -0.051938 -0.005911
v -0.020653 -0.051923 -0.005926
v -0.020693 -0.051964 -0.005895
v -0.020758 -0.051967 -0.0059
v -0.0208 -0.052029 -0.00584
v -0.020742 -0.052 -0.005866
v -0.02075 -0.051984 -0.005883
v -0.020792 -0.052057 -0.0058
v -0.020796 -0.052044 -0.005821
v -0.020789 -0.052069 -0.005779
v -0.020827 -0.052074 -0.005777
v -0.02067 -0.051993 -0.005859
v -0.020639 -0.05198 -0.005867
v -0.020627 -0.051992 -0.005847
v -0.020624 -0.051952 -0.005894
v -0.020681 -0.051979 -0.005878
v -0.020734 -0.052015 -0.005847
v -0.020713 -0.052052 -0.005786
v -0.020675 -0.052041 -0.005792
v -0.02072 -0.052041 -0.005807
v -0.020684 -0.05203 -0.005813
v -0.020727 -0.052029 -0.005828
v -0.020693 -0.052018 -0.005833
v -0.020659 -0.052006 -0.00584
v -0.020615 -0.052003 -0.005827
v -0.020649 -0.052017 -0.005819
v -0.020603 -0.052012 -0.005806
v -0.020639 -0.052027 -0.005798
v -0.020597 -0.052016 -0.005795
v -0.020592 -0.05202 -0.005783
v -0.020586 -0.052023 -0.005772
v -0.020581 -0.052026 -0.005761
v -0.02075 -0.052062 -0.005782
v -0.020756 -0.05205 -0.005803
v -0.020761 -0.052037 -0.005824
v -0.020596 -0.051936 -0.005903
v -0.020569 -0.051919 -0.005914
v -0.020573 -0.05185 -0.005975
v -0.020511 -0.051821 -0.005988
v -0.020523 -0.051816 -0.005995
v -0.020474 -0.051834 -0.005965
v -0.020544 -0.0519 -0.005925
v -0.020595 -0.051976 -0.005856
v -0.020609 -0.051965 -0.005875
v -0.020564 -0.051959 -0.005866
v -0.02058 -0.051948 -0.005885
v -0.020534 -0.051939 -0.005876
v -0.020551 -0.05193 -0.005896
v -0.020505 -0.051918 -0.005888
v -0.020524 -0.05191 -0.005907
v -0.020478 -0.051896 -0.005901
v -0.020498 -0.051888 -0.00592
v -0.020462 -0.051869 -0.005924
v -0.020473 -0.051865 -0.005933
v -0.02045 -0.051841 -0.005947
v -0.020407 -0.051671 -0.006079
v -0.02039 -0.051672 -0.006072
v -0.020416 -0.051728 -0.006037
v -0.020401 -0.05173 -0.006029
v -0.020434 -0.051784 -0.005996
v -0.020421 -0.051786 -0.005987
v -0.020441 -0.051813 -0.005971
v -0.020428 -0.051815 -0.005963
v -0.020438 -0.051844 -0.005938
v -0.020452 -0.051872 -0.005914
v -0.020468 -0.051899 -0.005891
v -0.020487 -0.051926 -0.005868
v -0.020517 -0.051947 -0.005856
v -0.020549 -0.051968 -0.005845
v -0.020581 -0.051986 -0.005836
v -0.020374 -0.051672 -0.006065
v -0.020386 -0.051731 -0.006021
v -0.020408 -0.051788 -0.005979
v -0.020416 -0.051818 -0.005954
v -0.020427 -0.051846 -0.005929
v -0.020441 -0.051875 -0.005904
v -0.020458 -0.051902 -0.00588
v -0.020478 -0.051929 -0.005857
v -0.020372 -0.051612 -0.00611
v -0.020355 -0.051611 -0.006103
v -0.020359 -0.051671 -0.006058
v -0.020372 -0.051731 -0.006013
v -0.020395 -0.05179 -0.00597
v -0.020404 -0.051819 -0.005944
v -0.020392 -0.051821 -0.005934
v -0.020416 -0.051848 -0.005919
v -0.020405 -0.05185 -0.005909
v -0.020431 -0.051877 -0.005894
v -0.020421 -0.051879 -0.005883
v -0.020449 -0.051905 -0.00587
v -0.02044 -0.051907 -0.005859
v -0.02047 -0.051931 -0.005846
v -0.020431 -0.051908 -0.005848
v -0.020461 -0.051934 -0.005835
v -0.020422 -0.05191 -0.005837
v -0.020453 -0.051936 -0.005824
v -0.020445 -0.051937 -0.005812
v -0.020413 -0.051911 -0.005825
v -0.020383 -0.051883 -0.005838
v -0.020392 -0.051882 -0.00585
v -0.020364 -0.051853 -0.005864
v -0.020401 -0.051881 -0.005861
v -0.020374 -0.051853 -0.005876
v -0.020411 -0.05188 -0.005873
v -0.020384 -0.051852 -0.005887
v -0.020394 -0.051851 -0.005898
v -0.020369 -0.051823 -0.005913
v -0.02038 -0.051822 -0.005924
v -0.020358 -0.051792 -0.00594
v -0.02037 -0.051792 -0.00595
v -0.020337 -0.051761 -0.005957
v -0.020349 -0.051762 -0.005967
v -0.020318 -0.051729 -0.005975
v -0.020331 -0.05173 -0.005985
v -0.0203 -0.051696 -0.005993
v -0.020431 -0.051726 -0.006044
v -0.020448 -0.051781 -0.006003
v -0.020453 -0.05181 -0.00598
v -0.020157 -0.051021 -0.005975
v -0.020159 -0.051015 -0.005955
v -0.020148 -0.051045 -0.005967
v -0.020154 -0.051029 -0.00595
v -0.02014 -0.051068 -0.005959
v -0.020143 -0.051057 -0.005941
v -0.020136 -0.051079 -0.005933
v -0.020261 -0.051199 -0.006253
v -0.020246 -0.051236 -0.00623
v -0.020236 -0.051275 -0.006209
v -0.020229 -0.051314 -0.006188
v -0.020224 -0.051353 -0.006166
v -0.020222 -0.051393 -0.006145
v -0.020222 -0.051432 -0.006124
v -0.020225 -0.051471 -0.006103
v -0.020229 -0.05151 -0.006082
v -0.020237 -0.051548 -0.006061
v -0.020246 -0.051586 -0.006041
v -0.020258 -0.051622 -0.006021
v -0.020271 -0.051658 -0.006001
v -0.020287 -0.051694 -0.005982
v -0.020305 -0.051728 -0.005964
v -0.020324 -0.051761 -0.005946
v -0.020346 -0.051792 -0.00593
v -0.020358 -0.051823 -0.005902
v -0.020348 -0.051823 -0.005891
v -0.020337 -0.051822 -0.00588
v -0.020354 -0.051853 -0.005853
v -0.020374 -0.051882 -0.005827
v -0.020397 -0.051911 -0.005801
v -0.020423 -0.051939 -0.005777
v -0.020451 -0.051966 -0.005753
v -0.020482 -0.051991 -0.005731
v -0.020516 -0.052015 -0.005709
v -0.020552 -0.052037 -0.005689
v -0.020591 -0.052057 -0.005669
v -0.020632 -0.052075 -0.005651
v -0.020675 -0.05209 -0.005634
v -0.020719 -0.052103 -0.005618
v -0.02084 -0.05045 -0.006936
v -0.020817 -0.050617 -0.006822
v -0.020903 -0.050213 -0.007099
v -0.020915 -0.050133 -0.007154
v -0.020898 -0.050131 -0.007154
v -0.020894 -0.05013 -0.007154
v -0.02082 -0.050446 -0.006937
v -0.020881 -0.050128 -0.007154
v -0.020854 -0.050124 -0.007153
v -0.020799 -0.050441 -0.006936
v -0.020849 -0.050123 -0.007152
v -0.020779 -0.050435 -0.006935
v -0.020835 -0.05012 -0.007151
v -0.020759 -0.050429 -0.006933
v -0.020816 -0.050115 -0.007148
v -0.020739 -0.050423 -0.006929
v -0.020691 -0.051004 -0.006556
v -0.020757 -0.050763 -0.006721
v -0.020736 -0.050757 -0.006722
v -0.020715 -0.050751 -0.006723
v -0.020695 -0.050744 -0.006722
v -0.020674 -0.050737 -0.00672
v -0.020655 -0.050729 -0.006718
v -0.020635 -0.050721 -0.006714
v -0.02072 -0.050416 -0.006926
v -0.020616 -0.050712 -0.00671
v -0.020701 -0.050408 -0.006921
v -0.020597 -0.050702 -0.006705
v -0.020683 -0.0504 -0.006915
v -0.020579 -0.050692 -0.006698
v -0.020665 -0.050392 -0.006908
v -0.020562 -0.050682 -0.006691
v -0.020698 -0.050072 -0.007109
v -0.020671 -0.050059 -0.007094
v -0.020614 -0.050363 -0.006883
v -0.020799 -0.050111 -0.007145
v -0.020796 -0.05011 -0.007144
v -0.020785 -0.050107 -0.007141
v -0.020754 -0.050096 -0.007133
v -0.020743 -0.050092 -0.007129
v -0.020599 -0.050353 -0.006874
v -0.020513 -0.050648 -0.006664
v -0.020544 -0.050491 -0.006758
v -0.020499 -0.050637 -0.006654
v -0.02053 -0.050479 -0.006746
v -0.020485 -0.050624 -0.006642
v -0.020517 -0.050467 -0.006734
v -0.020472 -0.050612 -0.00663
v -0.020505 -0.050455 -0.006722
v -0.02046 -0.0506 -0.006618
v -0.020494 -0.050443 -0.006708
v -0.020449 -0.050587 -0.006604
v -0.020484 -0.050431 -0.006694
v -0.020439 -0.050574 -0.00659
v -0.020474 -0.050418 -0.00668
v -0.02043 -0.050561 -0.006575
v -0.020466 -0.050406 -0.006665
v -0.020422 -0.050548 -0.00656
v -0.020459 -0.050393 -0.006649
v -0.020415 -0.050535 -0.006544
v -0.020453 -0.050381 -0.006633
v -0.020409 -0.050522 -0.006528
v -0.020447 -0.050368 -0.006617
v -0.020404 -0.050509 -0.006512
v -0.020443 -0.050355 -0.0066
v -0.0204 -0.050496 -0.006495
v -0.02044 -0.050343 -0.006583
v -0.020397 -0.050484 -0.006477
v -0.020438 -0.050331 -0.006566
v -0.020396 -0.050471 -0.00646
v -0.020437 -0.050318 -0.006549
v -0.020395 -0.050459 -0.006442
v -0.020437 -0.050306 -0.006531
v -0.020396 -0.050447 -0.006424
v -0.020439 -0.050295 -0.006513
v -0.020398 -0.050435 -0.006406
v -0.020443 -0.050277 -0.006501
v -0.020401 -0.050424 -0.006388
v -0.020617 -0.050193 -0.006969
v -0.020584 -0.050343 -0.006863
v -0.020603 -0.050183 -0.006958
v -0.02057 -0.050332 -0.006852
v -0.02059 -0.050173 -0.006946
v -0.020557 -0.050321 -0.00684
v -0.020578 -0.050162 -0.006933
v -0.020544 -0.050309 -0.006827
v -0.020566 -0.050151 -0.00692
v -0.020533 -0.050298 -0.006814
v -0.020555 -0.050139 -0.006906
v -0.020523 -0.050286 -0.0068
v -0.020546 -0.050128 -0.006892
v -0.020513 -0.050274 -0.006786
v -0.020537 -0.050116 -0.006877
v -0.020505 -0.050262 -0.006771
v -0.020556 -0.049959 -0.006971
v -0.020563 -0.049969 -0.006985
v -0.02057 -0.049977 -0.006995
v -0.020585 -0.049995 -0.007018
v -0.020593 -0.050002 -0.007027
v -0.020603 -0.050012 -0.007039
v -0.020617 -0.050023 -0.007053
v -0.020624 -0.050028 -0.007059
v -0.020529 -0.050104 -0.006862
v -0.020497 -0.05025 -0.006755
v -0.020522 -0.050093 -0.006847
v -0.02049 -0.050237 -0.00674
v -0.020517 -0.050081 -0.006831
v -0.020485 -0.050225 -0.006724
v -0.020512 -0.050069 -0.006815
v -0.02048 -0.050213 -0.006707
v -0.020508 -0.050057 -0.006798
v -0.020477 -0.050201 -0.00669
v -0.020505 -0.050045 -0.006781
v -0.020475 -0.050188 -0.006673
v -0.020473 -0.050176 -0.006656
v -0.020503 -0.050033 -0.006765
v -0.020503 -0.050021 -0.006748
v -0.020473 -0.050164 -0.006639
v -0.020503 -0.05001 -0.00673
v -0.020474 -0.050153 -0.006622
v -0.020527 -0.049865 -0.00684
v -0.020527 -0.049877 -0.006857
v -0.020527 -0.049882 -0.006865
v -0.020528 -0.049888 -0.006873
v -0.02053 -0.049902 -0.006892
v -0.020533 -0.049912 -0.006907
v -0.020536 -0.049921 -0.00692
v -0.020542 -0.049935 -0.006939
v -0.020545 -0.04994 -0.006946
v -0.020548 -0.049946 -0.006954
v -0.020459 -0.050212 -0.00655
v -0.020314 -0.051047 -0.006338
v -0.020301 -0.051033 -0.006326
v -0.02029 -0.051019 -0.006313
v -0.020279 -0.051004 -0.006299
v -0.02027 -0.05099 -0.006285
v -0.020249 -0.050948 -0.006237
v -0.020255 -0.050962 -0.006254
v -0.020262 -0.050976 -0.00627
v -0.020237 -0.050907 -0.006185
v -0.02024 -0.05092 -0.006203
v -0.020244 -0.050934 -0.00622
v -0.020236 -0.050868 -0.006131
v -0.020235 -0.05088 -0.006149
v -0.020236 -0.050893 -0.006167
v -0.020238 -0.050856 -0.006112
v -0.020241 -0.050844 -0.006093
v -0.020243 -0.050839 -0.006083
v -0.020237 -0.050852 -0.006059
v -0.020228 -0.05087 -0.006046
v -0.020351 -0.050574 -0.0063
v -0.020355 -0.050562 -0.006282
v -0.020352 -0.050569 -0.006277
v -0.020299 -0.05071 -0.006196
v -0.020303 -0.050699 -0.006177
v -0.020245 -0.050833 -0.006074
v -0.020647 -0.051068 -0.006511
v -0.020627 -0.051061 -0.006513
v -0.020606 -0.051053 -0.006514
v -0.020565 -0.051036 -0.006513
v -0.020545 -0.051027 -0.006511
v -0.020585 -0.051045 -0.006514
v -0.02047 -0.050984 -0.006493
v -0.020488 -0.050996 -0.006499
v -0.020506 -0.051007 -0.006504
v -0.020356 -0.051088 -0.00637
v -0.020341 -0.051075 -0.00636
v -0.020327 -0.051061 -0.00635
v -0.020436 -0.05096 -0.006478
v -0.020452 -0.050973 -0.006486
v -0.020526 -0.051017 -0.006508
v -0.020647 -0.050383 -0.006901
v -0.02063 -0.050373 -0.006892
v -0.020545 -0.050671 -0.006683
v -0.020529 -0.05066 -0.006674
v -0.02042 -0.050948 -0.00647
v -0.020462 -0.050793 -0.006561
v -0.020404 -0.050935 -0.00646
v -0.020447 -0.05078 -0.006551
v -0.02039 -0.050922 -0.006449
v -0.020434 -0.050768 -0.006539
v -0.020376 -0.050909 -0.006438
v -0.020421 -0.050755 -0.006527
v -0.020364 -0.050895 -0.006426
v -0.020409 -0.050742 -0.006515
v -0.020352 -0.050881 -0.006413
v -0.020398 -0.050728 -0.006501
v -0.020342 -0.050868 -0.006399
v -0.020388 -0.050715 -0.006487
v -0.020332 -0.050854 -0.006385
v -0.020379 -0.050702 -0.006472
v -0.020323 -0.05084 -0.00637
v -0.020372 -0.050688 -0.006456
v -0.020316 -0.050826 -0.006354
v -0.020365 -0.050675 -0.006441
v -0.02031 -0.050813 -0.006338
v -0.020359 -0.050662 -0.006424
v -0.020304 -0.050799 -0.006322
v -0.020355 -0.050649 -0.006407
v -0.0203 -0.050785 -0.006304
v -0.020351 -0.050635 -0.00639
v -0.020297 -0.050772 -0.006287
v -0.020349 -0.050623 -0.006373
v -0.020295 -0.050759 -0.006269
v -0.020348 -0.05061 -0.006355
v -0.020294 -0.050746 -0.006251
v -0.020348 -0.050597 -0.006337
v -0.020295 -0.050734 -0.006233
v -0.020349 -0.050585 -0.006319
v -0.020296 -0.050722 -0.006214
v -0.020527 -0.049864 -0.006838
v -0.020528 -0.049854 -0.006823
v -0.020508 -0.049978 -0.006728
v -0.020505 -0.049998 -0.006713
v -0.020476 -0.050141 -0.006604
v -0.020659 -0.050052 -0.007086
v -0.020647 -0.050044 -0.007077
v -0.020629 -0.050032 -0.007063
v -0.020725 -0.050085 -0.007122
v -0.020705 -0.050076 -0.007113
v -0.020941 -0.049009 -0.0075
v -0.020924 -0.04901 -0.0075
v -0.020929 -0.049084 -0.007498
v -0.020872 -0.049015 -0.007493
v -0.020866 -0.049016 -0.007492
v -0.020871 -0.049089 -0.00749
v -0.020847 -0.049017 -0.007488
v -0.020842 -0.050058 -0.00719
v -0.020849 -0.049995 -0.007228
v -0.020829 -0.049991 -0.007225
v -0.020922 -0.050071 -0.007195
v -0.020928 -0.050005 -0.007234
v -0.020908 -0.050005 -0.007233
v -0.020895 -0.049594 -0.007406
v -0.020876 -0.049592 -0.007403
v -0.02087 -0.049731 -0.007355
v -0.020556 -0.049543 -0.007001
v -0.02055 -0.049642 -0.006956
v -0.020547 -0.049677 -0.00696
v -0.020531 -0.04983 -0.006841
v -0.020541 -0.049738 -0.006902
v -0.020538 -0.049773 -0.006904
v -0.020547 -0.049676 -0.006938
v -0.020548 -0.049686 -0.006978
v -0.02055 -0.049694 -0.006995
v -0.020553 -0.049703 -0.007013
v -0.020557 -0.049712 -0.00703
v -0.020561 -0.04972 -0.007048
v -0.020567 -0.049729 -0.007065
v -0.020619 -0.049779 -0.007159
v -0.020619 -0.049902 -0.00711
v -0.020631 -0.049787 -0.007173
v -0.020631 -0.04991 -0.007123
v -0.020643 -0.049794 -0.007186
v -0.020644 -0.049919 -0.007136
v -0.020574 -0.049738 -0.007081
v -0.020581 -0.049746 -0.007098
v -0.020589 -0.049755 -0.007114
v -0.020599 -0.049763 -0.007129
v -0.020609 -0.049771 -0.007144
v -0.020931 -0.049667 -0.007387
v -0.020914 -0.049595 -0.007409
v -0.020912 -0.049665 -0.007386
v -0.020889 -0.049733 -0.007358
v -0.020851 -0.049728 -0.007351
v -0.020857 -0.04959 -0.007399
v -0.020832 -0.049725 -0.007346
v -0.020838 -0.049588 -0.007394
v -0.020813 -0.049722 -0.00734
v -0.020819 -0.049586 -0.007388
v -0.020795 -0.049718 -0.007334
v -0.020801 -0.049583 -0.007381
v -0.020777 -0.049714 -0.007326
v -0.020783 -0.049581 -0.007373
v -0.02076 -0.04971 -0.007318
v -0.020766 -0.049577 -0.007365
v -0.020743 -0.049706 -0.007309
v -0.020749 -0.049574 -0.007356
v -0.020726 -0.049701 -0.007299
v -0.020733 -0.049571 -0.007346
v -0.02071 -0.049696 -0.007289
v -0.020717 -0.049567 -0.007335
v -0.020695 -0.049691 -0.007278
v -0.020701 -0.049563 -0.007324
v -0.02068 -0.049685 -0.007266
v -0.020687 -0.049559 -0.007311
v -0.020666 -0.04968 -0.007253
v -0.020673 -0.049554 -0.007298
v -0.020659 -0.04955 -0.007285
v -0.020919 -0.049873 -0.007302
v -0.02094 -0.049865 -0.007307
v -0.020924 -0.049805 -0.007333
v -0.020947 -0.049752 -0.007356
v -0.020928 -0.049737 -0.007361
v -0.020948 -0.049738 -0.007362
v -0.020894 -0.049937 -0.007268
v -0.0209 -0.049871 -0.007301
v -0.02088 -0.049868 -0.007299
v -0.020904 -0.049804 -0.007332
v -0.020908 -0.049735 -0.00736
v -0.020861 -0.049865 -0.007296
v -0.020841 -0.049862 -0.007293
v -0.020822 -0.049858 -0.007288
v -0.020804 -0.049854 -0.007283
v -0.020785 -0.049849 -0.007276
v -0.020768 -0.049845 -0.007269
v -0.02075 -0.049839 -0.007262
v -0.020733 -0.049834 -0.007253
v -0.020717 -0.049828 -0.007244
v -0.020701 -0.049822 -0.007234
v -0.020685 -0.049815 -0.007223
v -0.020671 -0.049808 -0.007211
v -0.020657 -0.049801 -0.007199
v -0.020653 -0.049674 -0.00724
v -0.020647 -0.049545 -0.007271
v -0.020914 -0.04994 -0.007269
v -0.020868 -0.049999 -0.007231
v -0.020862 -0.050062 -0.007193
v -0.020882 -0.050065 -0.007194
v -0.02081 -0.049987 -0.007221
v -0.020934 -0.049942 -0.007269
v -0.020937 -0.049902 -0.007289
v -0.020886 -0.049014 -0.007496
v -0.02089 -0.049087 -0.007494
v -0.020893 -0.049161 -0.007489
v -0.020906 -0.049012 -0.007498
v -0.020909 -0.049086 -0.007496
v -0.020913 -0.04916 -0.007492
v -0.020915 -0.049233 -0.007485
v -0.020932 -0.049159 -0.007494
v -0.020935 -0.049232 -0.007487
v -0.020936 -0.049306 -0.007477
v -0.020937 -0.049379 -0.007464
v -0.020917 -0.049306 -0.007475
v -0.020896 -0.049234 -0.007482
v -0.020874 -0.049162 -0.007486
v -0.020855 -0.049162 -0.007481
v -0.020837 -0.049163 -0.007476
v -0.020839 -0.049018 -0.007486
v -0.020818 -0.049164 -0.00747
v -0.020806 -0.049021 -0.007475
v -0.0208 -0.049164 -0.007463
v -0.020791 -0.049023 -0.00747
v -0.020782 -0.049165 -0.007455
v -0.020774 -0.049024 -0.007462
v -0.020765 -0.049165 -0.007446
v -0.020756 -0.049026 -0.007453
v -0.020748 -0.049166 -0.007436
v -0.020744 -0.049027 -0.007446
v -0.020731 -0.049166 -0.007426
v -0.020715 -0.04903 -0.007427
v -0.020715 -0.049166 -0.007415
v -0.020707 -0.04903 -0.007421
v -0.0207 -0.049166 -0.007403
v -0.020688 -0.049032 -0.007406
v -0.020685 -0.049166 -0.00739
v -0.020676 -0.049033 -0.007396
v -0.020671 -0.049166 -0.007376
v -0.020662 -0.049034 -0.007383
v -0.020649 -0.049036 -0.007369
v -0.020936 -0.049524 -0.007431
v -0.020937 -0.049452 -0.007449
v -0.020917 -0.049452 -0.007447
v -0.020918 -0.049379 -0.007462
v -0.020898 -0.049379 -0.00746
v -0.020898 -0.049307 -0.007472
v -0.020878 -0.049307 -0.007469
v -0.020934 -0.049596 -0.00741
v -0.020916 -0.049524 -0.007429
v -0.020898 -0.049451 -0.007445
v -0.020879 -0.049451 -0.007441
v -0.02086 -0.04945 -0.007437
v -0.020859 -0.049307 -0.007464
v -0.020841 -0.049449 -0.007432
v -0.020841 -0.049307 -0.007459
v -0.020823 -0.049447 -0.007425
v -0.020822 -0.049306 -0.007453
v -0.020804 -0.049446 -0.007418
v -0.020804 -0.049306 -0.007446
v -0.020787 -0.049444 -0.007411
v -0.020786 -0.049305 -0.007438
v -0.020769 -0.049442 -0.007402
v -0.020769 -0.049304 -0.007429
v -0.020752 -0.04944 -0.007393
v -0.020752 -0.049303 -0.007419
v -0.020736 -0.049438 -0.007382
v -0.020735 -0.049302 -0.007409
v -0.02072 -0.049435 -0.007371
v -0.020719 -0.049301 -0.007398
v -0.020705 -0.049432 -0.00736
v -0.020704 -0.0493 -0.007386
v -0.02069 -0.04943 -0.007347
v -0.020689 -0.049298 -0.007373
v -0.020676 -0.049427 -0.007334
v -0.020675 -0.049297 -0.00736
v -0.020662 -0.049295 -0.007346
v -0.020546 -0.049045 -0.0071
v -0.020547 -0.049064 -0.0071
v -0.020546 -0.049045 -0.007103
v -0.020546 -0.049045 -0.00712
v -0.020553 -0.049147 -0.007096
v -0.020558 -0.049245 -0.007084
v -0.020559 -0.049262 -0.007101
v -0.02056 -0.049344 -0.007065
v -0.020559 -0.049468 -0.007029
v -0.020559 -0.049474 -0.007047
v -0.020559 -0.049444 -0.007037
v -0.02056 -0.04937 -0.007058
v -0.020547 -0.049045 -0.007138
v -0.020561 -0.049265 -0.00712
v -0.02055 -0.049045 -0.007159
v -0.020563 -0.049267 -0.00714
v -0.020552 -0.049045 -0.007172
v -0.020567 -0.04927 -0.007159
v -0.02056 -0.049044 -0.007206
v -0.020571 -0.049273 -0.007177
v -0.020563 -0.049044 -0.007216
v -0.020576 -0.049275 -0.007196
v -0.02057 -0.049043 -0.007238
v -0.020583 -0.049278 -0.007214
v -0.020576 -0.049042 -0.007253
v -0.02059 -0.04928 -0.007232
v -0.020584 -0.049042 -0.00727
v -0.020598 -0.049283 -0.00725
v -0.020593 -0.049041 -0.007289
v -0.020606 -0.049285 -0.007267
v -0.0206 -0.04904 -0.007301
v -0.020616 -0.049287 -0.007284
v -0.020618 -0.049039 -0.00733
v -0.020626 -0.04929 -0.0073
v -0.020624 -0.049038 -0.007338
v -0.020637 -0.049292 -0.007316
v -0.020639 -0.049037 -0.007357
v -0.020649 -0.049293 -0.007331
v -0.02056 -0.04948 -0.007066
v -0.020563 -0.049486 -0.007085
v -0.020566 -0.049491 -0.007103
v -0.02057 -0.049497 -0.007121
v -0.020575 -0.049503 -0.007139
v -0.020581 -0.049508 -0.007157
v -0.020588 -0.049514 -0.007175
v -0.020596 -0.04952 -0.007192
v -0.020604 -0.049525 -0.007208
v -0.020614 -0.04953 -0.007225
v -0.020624 -0.049535 -0.007241
v -0.020635 -0.04954 -0.007256
v -0.020658 -0.049927 -0.007147
v -0.020673 -0.049935 -0.007159
v -0.020688 -0.049943 -0.007169
v -0.020704 -0.04995 -0.007179
v -0.020721 -0.049957 -0.007187
v -0.020738 -0.049964 -0.007196
v -0.020755 -0.04997 -0.007203
v -0.020773 -0.049976 -0.00721
v -0.020792 -0.049982 -0.007216
v -0.020875 -0.049934 -0.007266
v -0.020888 -0.050002 -0.007232
v -0.020901 -0.050068 -0.007195
v -0.020949 -0.049717 -0.00737
v -0.020953 -0.049597 -0.007411
v -0.020954 -0.049563 -0.007421
v -0.020956 -0.049439 -0.007452
v -0.020956 -0.049405 -0.00746
v -0.020955 -0.049277 -0.007481
v -0.020955 -0.049245 -0.007486
v -0.02095 -0.049113 -0.007497
v -0.020949 -0.049087 -0.007498
v -0.020944 -0.049009 -0.0075
v -0.020433 -0.048429 -0.0054
v -0.020578 -0.048389 -0.00525
v -0.020442 -0.048462 -0.0054
v -0.020587 -0.048424 -0.00525
v -0.020508 -0.048761 -0.0054
v -0.020656 -0.048735 -0.00525
v -0.020547 -0.049064 -0.0054
v -0.020697 -0.049051 -0.00525
v -0.020561 -0.04937 -0.0054
v -0.020711 -0.04937 -0.00525
v -0.020547 -0.049675 -0.0054
v -0.020697 -0.049688 -0.00525
v -0.020508 -0.049978 -0.0054
v -0.020656 -0.050004 -0.00525
v -0.020443 -0.050277 -0.0054
v -0.020588 -0.050315 -0.00525
v -0.020352 -0.050569 -0.0054
v -0.020493 -0.05062 -0.00525
v -0.020237 -0.050852 -0.0054
v -0.020373 -0.050915 -0.00525
v -0.020182 -0.050965 -0.0054
v -0.020316 -0.051032 -0.00525
v -0.02087 -0.051974 -0.00525
v -0.020864 -0.052123 -0.0054
v -0.020809 -0.052119 -0.0054
v -0.020826 -0.05197 -0.00525
v -0.020742 -0.052109 -0.0054
v -0.020771 -0.051962 -0.00525
v -0.020677 -0.052093 -0.0054
v -0.020718 -0.051949 -0.00525
v -0.020613 -0.052072 -0.0054
v -0.020666 -0.051932 -0.00525
v -0.020551 -0.052045 -0.0054
v -0.020616 -0.05191 -0.00525
v -0.020491 -0.052013 -0.0054
v -0.020567 -0.051884 -0.00525
v -0.020434 -0.051977 -0.0054
v -0.020521 -0.051854 -0.00525
v -0.020381 -0.051935 -0.0054
v -0.020478 -0.051821 -0.00525
v -0.020331 -0.05189 -0.0054
v -0.020437 -0.051784 -0.00525
v -0.020286 -0.05184 -0.0054
v -0.0204 -0.051743 -0.00525
v -0.020244 -0.051787 -0.0054
v -0.020367 -0.0517 -0.00525
v -0.020208 -0.05173 -0.0054
v -0.020337 -0.051654 -0.00525
v -0.020176 -0.05167 -0.0054
v -0.020311 -0.051605 -0.00525
v -0.020149 -0.051608 -0.0054
v -0.02029 -0.051555 -0.00525
v -0.020128 -0.051544 -0.0054
v -0.020272 -0.051503 -0.00525
v -0.020112 -0.051479 -0.0054
v -0.020259 -0.05145 -0.00525
v -0.020102 -0.051412 -0.0054
v -0.020251 -0.051395 -0.00525
v -0.020097 -0.051344 -0.0054
v -0.020247 -0.051341 -0.00525
v -0.020099 -0.051277 -0.0054
v -0.020248 -0.051286 -0.00525
v -0.020105 -0.05121 -0.0054
v -0.020254 -0.051231 -0.00525
v -0.020118 -0.051143 -0.0054
v -0.020264 -0.051177 -0.00525
v -0.020136 -0.051078 -0.0054
v -0.020279 -0.051124 -0.00525
v -0.020159 -0.051015 -0.0054
v -0.020298 -0.051073 -0.00525
v -0.022801 -0.052202 -0.005399
v -0.02286 -0.052206 -0.0054
v -0.022633 -0.052176 -0.00538
v -0.022688 -0.052187 -0.005388
v -0.022744 -0.052196 -0.005395
v -0.022469 -0.052129 -0.005339
v -0.022523 -0.052147 -0.005355
v -0.022577 -0.052163 -0.005369
v -0.022314 -0.05206 -0.005277
v -0.022364 -0.052085 -0.0053
v -0.022416 -0.052108 -0.005321
v -0.022261 -0.052031 -0.00525
v -0.022264 -0.052033 -0.005252
v -0.020407 -0.048338 -0.005398
v -0.020553 -0.048302 -0.00525
v -0.021767 -0.047016 -0.00265
v -0.022469 -0.049685 -0.00265
v -0.022577 -0.049651 -0.00265
v -0.023749 -0.049911 -0.00265
v -0.023842 -0.049895 -0.00265
v -0.02366 -0.049842 -0.00265
v -0.02361 -0.049498 -0.00265
v -0.023564 -0.049781 -0.00265
v -0.023463 -0.049729 -0.00265
v -0.023833 -0.049988 -0.00265
v -0.02391 -0.050071 -0.00265
v -0.023979 -0.050161 -0.00265
v -0.02087 -0.051974 -0.00265
v -0.022261 -0.052031 -0.00265
v -0.022168 -0.051972 -0.00265
v -0.022232 -0.047555 -0.00265
v -0.022688 -0.049627 -0.00265
v -0.022801 -0.049612 -0.00265
v -0.022957 -0.048501 -0.00265
v -0.022914 -0.049607 -0.00265
v -0.023027 -0.049612 -0.00265
v -0.02314 -0.049627 -0.00265
v -0.02325 -0.049651 -0.00265
v -0.023358 -0.049685 -0.00265
v -0.022078 -0.051903 -0.00265
v -0.021995 -0.051826 -0.00265
v -0.021918 -0.051743 -0.00265
v -0.022078 -0.049911 -0.00265
v -0.022168 -0.049842 -0.00265
v -0.020553 -0.048302 -0.00265
v -0.022264 -0.049781 -0.00265
v -0.022364 -0.049729 -0.00265
v -0.02401 -0.050209 -0.00265
v -0.02404 -0.050257 -0.00265
v -0.024063 -0.050299 -0.00265
v -0.021849 -0.051653 -0.00265
v -0.021788 -0.051557 -0.00265
v -0.020826 -0.05197 -0.00265
v -0.021736 -0.051456 -0.00265
v -0.020771 -0.051962 -0.00265
v -0.020567 -0.051884 -0.00265
v -0.021692 -0.051352 -0.00265
v -0.020521 -0.051854 -0.00265
v -0.020478 -0.051821 -0.00265
v -0.020616 -0.05191 -0.00265
v -0.020666 -0.051932 -0.00265
v -0.020718 -0.051949 -0.00265
v -0.020656 -0.050004 -0.00265
v -0.021736 -0.050358 -0.00265
v -0.020697 -0.049688 -0.00265
v -0.021788 -0.050257 -0.00265
v -0.020711 -0.04937 -0.00265
v -0.021849 -0.050161 -0.00265
v -0.020697 -0.049051 -0.00265
v -0.021918 -0.050071 -0.00265
v -0.020656 -0.048735 -0.00265
v -0.021995 -0.049988 -0.00265
v -0.020588 -0.048424 -0.00265
v -0.020578 -0.048389 -0.00265
v -0.020248 -0.051286 -0.00265
v -0.020247 -0.051341 -0.00265
v -0.021634 -0.051133 -0.00265
v -0.020251 -0.051395 -0.00265
v -0.020259 -0.05145 -0.00265
v -0.020493 -0.05062 -0.00265
v -0.020373 -0.050915 -0.00265
v -0.021614 -0.050907 -0.00265
v -0.020272 -0.051503 -0.00265
v -0.02029 -0.051555 -0.00265
v -0.021658 -0.051244 -0.00265
v -0.020311 -0.051605 -0.00265
v -0.020337 -0.051654 -0.00265
v -0.020298 -0.051073 -0.00265
v -0.020279 -0.051124 -0.00265
v -0.021619 -0.05102 -0.00265
v -0.020264 -0.051177 -0.00265
v -0.020254 -0.051231 -0.00265
v -0.020316 -0.051032 -0.00265
v -0.021619 -0.050794 -0.00265
v -0.021634 -0.050681 -0.00265
v -0.020588 -0.050315 -0.00265
v -0.021658 -0.050571 -0.00265
v -0.021692 -0.050462 -0.00265
v -0.020367 -0.0517 -0.00265
v -0.0204 -0.051743 -0.00265
v -0.020437 -0.051784 -0.00265
v -0.022168 -0.051972 -0.00525
v -0.023979 -0.050161 -0.00525
v -0.02391 -0.050071 -0.00525
v -0.023842 -0.049895 -0.00525
v -0.023833 -0.049988 -0.00525
v -0.023749 -0.049911 -0.00525
v -0.02361 -0.049498 -0.00525
v -0.02366 -0.049842 -0.00525
v -0.023564 -0.049781 -0.00525
v -0.02314 -0.049627 -0.00525
v -0.023027 -0.049612 -0.00525
v -0.022957 -0.048501 -0.00525
v -0.022914 -0.049607 -0.00525
v -0.022232 -0.047555 -0.00525
v -0.023463 -0.049729 -0.00525
v -0.023358 -0.049685 -0.00525
v -0.02325 -0.049651 -0.00525
v -0.022801 -0.049612 -0.00525
v -0.022688 -0.049627 -0.00525
v -0.021767 -0.047016 -0.00525
v -0.022577 -0.049651 -0.00525
v -0.021849 -0.051653 -0.00525
v -0.021918 -0.051743 -0.00525
v -0.024063 -0.050299 -0.00525
v -0.02404 -0.050257 -0.00525
v -0.02401 -0.050209 -0.00525
v -0.022264 -0.049781 -0.00525
v -0.022364 -0.049729 -0.00525
v -0.022469 -0.049685 -0.00525
v -0.021995 -0.051826 -0.00525
v -0.022078 -0.051903 -0.00525
v -0.021692 -0.051352 -0.00525
v -0.021736 -0.051456 -0.00525
v -0.021788 -0.051557 -0.00525
v -0.022168 -0.049842 -0.00525
v -0.022078 -0.049911 -0.00525
v -0.021995 -0.049988 -0.00525
v -0.021918 -0.050071 -0.00525
v -0.021849 -0.050161 -0.00525
v -0.021788 -0.050257 -0.00525
v -0.021736 -0.050358 -0.00525
v -0.021692 -0.050462 -0.00525
v -0.021658 -0.050571 -0.00525
v -0.021634 -0.051133 -0.00525
v -0.021619 -0.05102 -0.00525
v -0.021658 -0.051244 -0.00525
v -0.021634 -0.050681 -0.00525
v -0.021619 -0.050794 -0.00525
v -0.021614 -0.050907 -0.00525
v -0.020538 -0.048254 -0.005249
v -0.020533 -0.04824 -0.005249
v -0.021729 -0.046974 -0.005249
v -0.020513 -0.04818 -0.005245
v -0.021691 -0.046932 -0.005245
v -0.020512 -0.048177 -0.005245
v -0.0205 -0.048142 -0.005242
v -0.02049 -0.048114 -0.005238
v -0.021653 -0.04689 -0.005239
v -0.02047 -0.048061 -0.00523
v -0.021615 -0.046849 -0.00523
v -0.020466 -0.048051 -0.005229
v -0.02046 -0.048034 -0.005225
v -0.020442 -0.047989 -0.005216
v -0.021577 -0.046808 -0.005219
v -0.020425 -0.047948 -0.005206
v -0.021539 -0.046768 -0.005206
v -0.020421 -0.047937 -0.005203
v -0.020417 -0.047928 -0.0052
v -0.020391 -0.047868 -0.005182
v -0.02038 -0.047843 -0.005173
v -0.021501 -0.046728 -0.00519
v -0.020378 -0.04784 -0.005172
v -0.021464 -0.046689 -0.005172
v -0.020364 -0.047809 -0.00516
v -0.020337 -0.047753 -0.005135
v -0.02144 -0.046664 -0.005158
v -0.02033 -0.047739 -0.005128
v -0.021392 -0.046613 -0.005128
v -0.020309 -0.047697 -0.005107
v -0.020293 -0.047667 -0.00509
v -0.020284 -0.04765 -0.00508
v -0.021356 -0.046577 -0.005103
v -0.020281 -0.047644 -0.005076
v -0.021322 -0.046541 -0.005076
v -0.020253 -0.047593 -0.005043
v -0.020242 -0.047573 -0.005028
v -0.021288 -0.046507 -0.005046
v -0.020232 -0.047556 -0.005015
v -0.021254 -0.046473 -0.005015
v -0.020226 -0.047545 -0.005006
v -0.020201 -0.0475 -0.004969
v -0.021222 -0.04644 -0.004981
v -0.020186 -0.047474 -0.004946
v -0.021191 -0.046409 -0.004946
v -0.020174 -0.047454 -0.004927
v -0.020161 -0.047432 -0.004905
v -0.020149 -0.047413 -0.004884
v -0.021161 -0.046379 -0.004908
v -0.020141 -0.0474 -0.004869
v -0.021132 -0.04635 -0.004869
v -0.020122 -0.04737 -0.004834
v -0.02011 -0.047352 -0.00481
v -0.021104 -0.046323 -0.004828
v -0.020098 -0.047334 -0.004786
v -0.021077 -0.046296 -0.004786
v -0.020077 -0.047304 -0.004741
v -0.020074 -0.0473 -0.004735
v -0.021052 -0.046272 -0.004741
v -0.020057 -0.047276 -0.004696
v -0.021028 -0.046248 -0.004696
v -0.020054 -0.047272 -0.004688
v -0.020041 -0.047253 -0.004655
v -0.021005 -0.046226 -0.004648
v -0.020021 -0.047225 -0.0046
v -0.020984 -0.046206 -0.0046
v -0.020011 -0.047211 -0.004569
v -0.020964 -0.046187 -0.00455
v -0.01999 -0.047182 -0.004499
v -0.020946 -0.04617 -0.004499
v -0.019984 -0.047174 -0.004478
v -0.019977 -0.047165 -0.004451
v -0.02093 -0.046154 -0.004448
v -0.019964 -0.047147 -0.004395
v -0.020915 -0.04614 -0.004395
v -0.019956 -0.047136 -0.004357
v -0.020902 -0.046127 -0.004341
v -0.019943 -0.047119 -0.004286
v -0.02089 -0.046116 -0.004286
v -0.019939 -0.047113 -0.004261
v -0.02088 -0.046107 -0.004231
v -0.019928 -0.047099 -0.004176
v -0.020872 -0.046099 -0.004176
v -0.019927 -0.047097 -0.004162
v -0.020862 -0.046089 -0.004063
v -0.01992 -0.047088 -0.004077
v -0.019919 -0.047087 -0.004063
v -0.019919 -0.047087 -0.00406
v -0.019918 -0.047086 -0.004037
v -0.020858 -0.046086 -0.00395
v -0.019916 -0.047083 -0.00395
v -0.019916 -0.047084 -0.003936
v -0.020859 -0.046086 -0.003893
v -0.019919 -0.047087 -0.003837
v -0.020862 -0.046089 -0.003837
v -0.019919 -0.047087 -0.003835
v -0.01992 -0.047088 -0.003822
v -0.020872 -0.046099 -0.003724
v -0.019927 -0.047098 -0.003734
v -0.019928 -0.047099 -0.003724
v -0.02088 -0.046107 -0.003669
v -0.01994 -0.047115 -0.003633
v -0.02089 -0.046116 -0.003614
v -0.019943 -0.047119 -0.003614
v -0.020902 -0.046127 -0.003559
v -0.019943 -0.047119 -0.003613
v -0.020915 -0.04614 -0.003505
v -0.019962 -0.047143 -0.003517
v -0.019964 -0.047146 -0.003505
v -0.02093 -0.046154 -0.003453
v -0.019984 -0.047173 -0.003424
v -0.020946 -0.04617 -0.003401
v -0.019991 -0.047181 -0.003401
v -0.020964 -0.046187 -0.00335
v -0.020011 -0.047209 -0.003334
v -0.020984 -0.046206 -0.0033
v -0.020022 -0.047225 -0.0033
v -0.021005 -0.046226 -0.003251
v -0.020041 -0.047252 -0.003246
v -0.021028 -0.046248 -0.003204
v -0.020054 -0.04727 -0.003214
v -0.020055 -0.047272 -0.003211
v -0.020058 -0.047276 -0.003204
v -0.021052 -0.046272 -0.003159
v -0.020088 -0.04732 -0.003135
v -0.021077 -0.046296 -0.003114
v -0.020097 -0.047334 -0.003114
v -0.021104 -0.046323 -0.003072
v -0.020124 -0.047376 -0.00306
v -0.021132 -0.04635 -0.003031
v -0.02014 -0.047401 -0.003031
v -0.021161 -0.046379 -0.002992
v -0.020149 -0.047414 -0.003016
v -0.021191 -0.046409 -0.002954
v -0.020163 -0.047437 -0.002991
v -0.020174 -0.047455 -0.002973
v -0.020185 -0.047474 -0.002954
v -0.021222 -0.046441 -0.002919
v -0.0202 -0.047499 -0.002932
v -0.021254 -0.046473 -0.002885
v -0.020203 -0.047504 -0.002927
v -0.020226 -0.047544 -0.002894
v -0.020232 -0.047556 -0.002885
v -0.021288 -0.046507 -0.002854
v -0.020253 -0.047593 -0.002857
v -0.021322 -0.046541 -0.002824
v -0.020267 -0.047619 -0.00284
v -0.020281 -0.047644 -0.002824
v -0.021356 -0.046577 -0.002797
v -0.020309 -0.047699 -0.002792
v -0.021392 -0.046613 -0.002772
v -0.020329 -0.047739 -0.002772
v -0.02144 -0.046664 -0.002742
v -0.020336 -0.047753 -0.002765
v -0.021464 -0.046689 -0.002728
v -0.020351 -0.047783 -0.002751
v -0.020364 -0.047809 -0.00274
v -0.020378 -0.04784 -0.002728
v -0.021502 -0.046728 -0.00271
v -0.020393 -0.047873 -0.002717
v -0.021539 -0.046768 -0.002694
v -0.020401 -0.047891 -0.002711
v -0.020417 -0.047928 -0.0027
v -0.020425 -0.047948 -0.002694
v -0.021577 -0.046808 -0.002681
v -0.020441 -0.047987 -0.002685
v -0.021615 -0.046849 -0.00267
v -0.020466 -0.048051 -0.002671
v -0.02047 -0.048061 -0.00267
v -0.021653 -0.04689 -0.002661
v -0.02048 -0.048087 -0.002666
v -0.021691 -0.046932 -0.002655
v -0.02049 -0.048114 -0.002662
v -0.020513 -0.048179 -0.002655
v -0.021729 -0.046974 -0.002651
v -0.020518 -0.048193 -0.002654
v -0.020533 -0.04824 -0.002651
v -0.022168 -0.051972 -0.005
v -0.022078 -0.051903 -0.005
v -0.021995 -0.051826 -0.005
v -0.021918 -0.051743 -0.005
v -0.021849 -0.051653 -0.005
v -0.021788 -0.051557 -0.005
v -0.021736 -0.051456 -0.005
v -0.021692 -0.051352 -0.005
v -0.021658 -0.051244 -0.005
v -0.021634 -0.051133 -0.005
v -0.021619 -0.05102 -0.005
v -0.021614 -0.050907 -0.005
v -0.021619 -0.050794 -0.005
v -0.021634 -0.050681 -0.005
v -0.021658 -0.050571 -0.005
v -0.021692 -0.050462 -0.005
v -0.021736 -0.050358 -0.005
v -0.021788 -0.050257 -0.005
v -0.021849 -0.050161 -0.005
v -0.021918 -0.050071 -0.005
v -0.021995 -0.049988 -0.005
v -0.022078 -0.049911 -0.005
v -0.022168 -0.049842 -0.005
v -0.022264 -0.049781 -0.005
v -0.022364 -0.049729 -0.005
v -0.022469 -0.049685 -0.005
v -0.022577 -0.049651 -0.005
v -0.022688 -0.049627 -0.005
v -0.022801 -0.049612 -0.005
v -0.022914 -0.049607 -0.005
v -0.023027 -0.049612 -0.005
v -0.02314 -0.049627 -0.005
v -0.02325 -0.049651 -0.005
v -0.023358 -0.049685 -0.005
v -0.023463 -0.049729 -0.005
v -0.023564 -0.049781 -0.005
v -0.02366 -0.049842 -0.005
v -0.023749 -0.049911 -0.005
v -0.023833 -0.049988 -0.005
v -0.02391 -0.050071 -0.005
v -0.023979 -0.050161 -0.005
v -0.02404 -0.050257 -0.005
v -0.024092 -0.050358 -0.005
v -0.022264 -0.052033 -0.005
v -0.022364 -0.052085 -0.005
v -0.022469 -0.052129 -0.005
v -0.022577 -0.052163 -0.005
v -0.022688 -0.052187 -0.005
v -0.022801 -0.052202 -0.005
v -0.022914 -0.052207 -0.005
v -0.023027 -0.052202 -0.005
v -0.02314 -0.052187 -0.005
v -0.02325 -0.052163 -0.005
v -0.023358 -0.052129 -0.005
v -0.023463 -0.052085 -0.005
v -0.023564 -0.052033 -0.005
v -0.02366 -0.051972 -0.005
v -0.023749 -0.051903 -0.005
v -0.023833 -0.051826 -0.005
v -0.02391 -0.051743 -0.005
v -0.023979 -0.051653 -0.005
v -0.02404 -0.051557 -0.005
v -0.024092 -0.051456 -0.005
v -0.024135 -0.051352 -0.005
v -0.02417 -0.051244 -0.005
v -0.024194 -0.051133 -0.005
v -0.024209 -0.05102 -0.005
v -0.024214 -0.050907 -0.005
v -0.024209 -0.050794 -0.005
v -0.024194 -0.050681 -0.005
v -0.02417 -0.050571 -0.005
v -0.024135 -0.050462 -0.005
v -0.023792 -0.050981 -0.001241
v -0.023803 -0.051074 -0.001305
v -0.020837 -0.050539 -0.001024
v -0.020719 -0.05093 -0.001293
v -0.023804 -0.051169 -0.001369
v -0.023795 -0.051263 -0.001433
v -0.020915 -0.050133 -0.000746
v -0.023439 -0.050237 -0.000746
v -0.023572 -0.050473 -0.000903
v -0.0237 -0.050711 -0.001061
v -0.023706 -0.050722 -0.001068
v -0.023567 -0.051741 -0.001764
v -0.023509 -0.051798 -0.001805
v -0.023449 -0.051848 -0.001841
v -0.020493 -0.051612 -0.001763
v -0.020488 -0.05157 -0.001735
v -0.020869 -0.051948 -0.001981
v -0.023776 -0.051356 -0.001497
v -0.023749 -0.051444 -0.001558
v -0.023713 -0.051528 -0.001615
v -0.023743 -0.050804 -0.001122
v -0.023771 -0.05089 -0.00118
v -0.020488 -0.051528 -0.001706
v -0.020493 -0.051486 -0.001678
v -0.020501 -0.051445 -0.001649
v -0.023387 -0.051892 -0.001872
v -0.023323 -0.051929 -0.001899
v -0.023259 -0.051959 -0.001921
v -0.02367 -0.051606 -0.00167
v -0.023621 -0.051677 -0.001719
v -0.020564 -0.0513 -0.001549
v -0.020871 -0.051949 -0.001981
v -0.02053 -0.051369 -0.001597
v -0.020514 -0.051406 -0.001622
v -0.02053 -0.051727 -0.00184
v -0.020514 -0.051691 -0.001816
v -0.020502 -0.051653 -0.00179
v -0.023193 -0.051984 -0.00194
v -0.023128 -0.052004 -0.001955
v -0.023063 -0.052018 -0.001966
v -0.020593 -0.051819 -0.001901
v -0.02057 -0.051792 -0.001883
v -0.020549 -0.051761 -0.001863
v -0.022998 -0.052027 -0.001975
v -0.022932 -0.052031 -0.001979
v -0.022867 -0.052031 -0.001981
v -0.020671 -0.051885 -0.001943
v -0.020644 -0.051866 -0.001931
v -0.020618 -0.051844 -0.001917
v -0.020754 -0.051926 -0.001969
v -0.020726 -0.051915 -0.001962
v -0.020698 -0.051901 -0.001953
v -0.02084 -0.051946 -0.00198
v -0.020811 -0.051941 -0.001978
v -0.020782 -0.051935 -0.001974
v -0.021619 -0.050794 -0.0029
v -0.021614 -0.050907 -0.0029
v -0.021619 -0.05102 -0.0029
v -0.021634 -0.051133 -0.0029
v -0.021658 -0.051244 -0.0029
v -0.021692 -0.051352 -0.0029
v -0.021736 -0.051456 -0.0029
v -0.021788 -0.051557 -0.0029
v -0.021849 -0.051653 -0.0029
v -0.021918 -0.051743 -0.0029
v -0.021995 -0.051826 -0.0029
v -0.022078 -0.051903 -0.0029
v -0.022168 -0.051972 -0.0029
v -0.022264 -0.052033 -0.0029
v -0.022364 -0.052085 -0.0029
v -0.022469 -0.052129 -0.0029
v -0.022577 -0.052163 -0.0029
v -0.022688 -0.052187 -0.0029
v -0.022801 -0.052202 -0.0029
v -0.022914 -0.052207 -0.0029
v -0.023027 -0.052202 -0.0029
v -0.02314 -0.052187 -0.0029
v -0.02325 -0.052163 -0.0029
v -0.023358 -0.052129 -0.0029
v -0.023463 -0.052085 -0.0029
v -0.023564 -0.052033 -0.0029
v -0.02366 -0.051972 -0.0029
v -0.023749 -0.051903 -0.0029
v -0.023833 -0.051826 -0.0029
v -0.02391 -0.051743 -0.0029
v -0.023979 -0.051653 -0.0029
v -0.02404 -0.051557 -0.0029
v -0.024092 -0.051456 -0.0029
v -0.024135 -0.051352 -0.0029
v -0.02417 -0.051244 -0.0029
v -0.024194 -0.051133 -0.0029
v -0.024209 -0.05102 -0.0029
v -0.024214 -0.050907 -0.0029
v -0.024209 -0.050794 -0.0029
v -0.024194 -0.050681 -0.0029
v -0.02417 -0.050571 -0.0029
v -0.024135 -0.050462 -0.0029
v -0.024092 -0.050358 -0.0029
v -0.02404 -0.050257 -0.0029
v -0.023979 -0.050161 -0.0029
v -0.02391 -0.050071 -0.0029
v -0.023833 -0.049988 -0.0029
v -0.023749 -0.049911 -0.0029
v -0.02366 -0.049842 -0.0029
v -0.023564 -0.049781 -0.0029
v -0.023463 -0.049729 -0.0029
v -0.023358 -0.049685 -0.0029
v -0.02325 -0.049651 -0.0029
v -0.02314 -0.049627 -0.0029
v -0.023027 -0.049612 -0.0029
v -0.022914 -0.049607 -0.0029
v -0.022801 -0.049612 -0.0029
v -0.022688 -0.049627 -0.0029
v -0.022577 -0.049651 -0.0029
v -0.022469 -0.049685 -0.0029
v -0.022364 -0.049729 -0.0029
v -0.022264 -0.049781 -0.0029
v -0.022168 -0.049842 -0.0029
v -0.022078 -0.049911 -0.0029
v -0.021995 -0.049988 -0.0029
v -0.021918 -0.050071 -0.0029
v -0.021849 -0.050161 -0.0029
v -0.021788 -0.050257 -0.0029
v -0.021736 -0.050358 -0.0029
v -0.021692 -0.050462 -0.0029
v -0.021658 -0.050571 -0.0029
v -0.021634 -0.050681 -0.0029
v -0.020498 -0.047515 -0.0075
v -0.020644 -0.04782 -0.0075
v -0.020763 -0.048137 -0.0075
v -0.011064 -0.047721 -0.0075
v -0.011115 -0.047727 -0.0075
v -0.011222 -0.047737 -0.0075
v -0.016211 -0.043544 -0.0075
v -0.016322 -0.043585 -0.0075
v -0.016429 -0.043635 -0.0075
v -0.016532 -0.043694 -0.0075
v -0.02013 -0.046948 -0.0075
v -0.020326 -0.047224 -0.0075
v -0.020918 -0.048795 -0.0075
v -0.020855 -0.048463 -0.0075
v -0.016629 -0.043761 -0.0075
v -0.014878 -0.043809 -0.0075
v -0.014791 -0.04389 -0.0075
v -0.014711 -0.043977 -0.0075
v -0.010916 -0.047674 -0.0075
v -0.010964 -0.047694 -0.0075
v -0.011013 -0.04771 -0.0075
v -0.016097 -0.043512 -0.0075
v -0.015981 -0.043491 -0.0075
v -0.015863 -0.043479 -0.0075
v -0.015745 -0.043477 -0.0075
v -0.011274 -0.047739 -0.0075
v -0.011327 -0.047737 -0.0075
v -0.011379 -0.04773 -0.0075
v -0.01143 -0.047719 -0.0075
v -0.01148 -0.047703 -0.0075
v -0.011528 -0.047683 -0.0075
v -0.011574 -0.047659 -0.0075
v -0.011619 -0.047631 -0.0075
v -0.01166 -0.047599 -0.0075
v -0.015627 -0.043486 -0.0075
v -0.01551 -0.043504 -0.0075
v -0.015395 -0.043532 -0.0075
v -0.015283 -0.043569 -0.0075
v -0.015174 -0.043616 -0.0075
v -0.01507 -0.043672 -0.0075
v -0.014971 -0.043737 -0.0075
v -0.010679 -0.047478 -0.0075
v -0.010711 -0.047518 -0.0075
v -0.010746 -0.047557 -0.0075
v -0.010784 -0.047591 -0.0075
v -0.011734 -0.047525 -0.0075
v -0.011699 -0.047563 -0.0075
v -0.010826 -0.047623 -0.0075
v -0.01087 -0.04765 -0.0075
v -0.01108 -0.048126 -0.0008
v -0.01108 -0.048126 -0.002
v -0.010995 -0.048115 -0.002
v -0.010995 -0.048115 -0.0008
v -0.01091 -0.048096 -0.002
v -0.01091 -0.048096 -0.0008
v -0.010828 -0.04807 -0.002
v -0.010828 -0.04807 -0.0008
v -0.010748 -0.048037 -0.002
v -0.010748 -0.048037 -0.0008
v -0.010671 -0.047998 -0.002
v -0.010671 -0.047998 -0.0008
v -0.010598 -0.047951 -0.002
v -0.010598 -0.047951 -0.0008
v -0.010529 -0.047899 -0.002
v -0.010529 -0.047899 -0.0008
v -0.010465 -0.047841 -0.002
v -0.010465 -0.047841 -0.0008
v -0.010406 -0.047778 -0.002
v -0.010406 -0.047778 -0.0008
v -0.010353 -0.047709 -0.002
v -0.010353 -0.047709 -0.0008
v -0.010306 -0.047637 -0.002
v -0.010306 -0.047637 -0.0008
v -0.011187 -0.048135 -0.001701
v -0.011187 -0.048135 -0.0008
v -0.011274 -0.048139 -0.0008
v -0.011274 -0.048139 -0.00175
v -0.011362 -0.048135 -0.0008
v -0.011362 -0.048135 -0.001798
v -0.011448 -0.048124 -0.0008
v -0.011448 -0.048124 -0.001843
v -0.011533 -0.048105 -0.0008
v -0.011533 -0.048105 -0.001886
v -0.011616 -0.048079 -0.0008
v -0.011616 -0.048079 -0.001926
v -0.011697 -0.048045 -0.0008
v -0.011697 -0.048045 -0.001963
v -0.011736 -0.048026 -0.00198
v -0.011774 -0.048005 -0.0008
v -0.011774 -0.048005 -0.001996
v -0.011812 -0.047982 -0.002012
v -0.011848 -0.047958 -0.0008
v -0.011848 -0.047958 -0.002026
v -0.011883 -0.047932 -0.00204
v -0.011917 -0.047905 -0.0008
v -0.011917 -0.047905 -0.002052
v -0.01195 -0.047876 -0.002063
v -0.011982 -0.047846 -0.0008
v -0.011982 -0.047846 -0.002074
v -0.012012 -0.047815 -0.002083
v -0.012041 -0.047782 -0.0008
v -0.012041 -0.047782 -0.002091
v -0.013056 -0.046572 -0.002369
v -0.013056 -0.046572 -0.002
v -0.015017 -0.044234 -0.0008
v -0.015017 -0.044234 -0.000865
v -0.015747 -0.043364 -0.002
v -0.011185 -0.045785 -0.002
v -0.011185 -0.045785 -0.0059
v -0.011206 -0.045749 -0.0059
v -0.011206 -0.045749 -0.002
v -0.011231 -0.045714 -0.0059
v -0.011231 -0.045714 -0.002
v -0.011258 -0.045682 -0.0059
v -0.011258 -0.045682 -0.002
v -0.011288 -0.045653 -0.0059
v -0.011288 -0.045653 -0.002
v -0.011321 -0.045626 -0.0059
v -0.011321 -0.045626 -0.002
v -0.011355 -0.045602 -0.0059
v -0.011355 -0.045602 -0.002
v -0.011392 -0.04558 -0.0059
v -0.011392 -0.04558 -0.002
v -0.01143 -0.045562 -0.0059
v -0.01143 -0.045562 -0.002
v -0.011469 -0.045548 -0.0059
v -0.011469 -0.045548 -0.002
v -0.01151 -0.045536 -0.0059
v -0.01151 -0.045536 -0.002
v -0.011551 -0.045528 -0.0059
v -0.011551 -0.045528 -0.002
v -0.011593 -0.045524 -0.0059
v -0.011593 -0.045524 -0.002
v -0.011636 -0.045523 -0.0059
v -0.011636 -0.045523 -0.002
v -0.011678 -0.045526 -0.0059
v -0.011678 -0.045526 -0.002
v -0.011719 -0.045532 -0.0059
v -0.011719 -0.045532 -0.002
v -0.01176 -0.045542 -0.0059
v -0.01176 -0.045542 -0.002
v -0.011801 -0.045555 -0.0059
v -0.011801 -0.045555 -0.002
v -0.011839 -0.045572 -0.0059
v -0.011839 -0.045572 -0.002
v -0.011877 -0.045592 -0.0059
v -0.011877 -0.045592 -0.002
v -0.011912 -0.045614 -0.0059
v -0.011912 -0.045614 -0.002
v -0.011946 -0.04564 -0.0059
v -0.011946 -0.04564 -0.002
v -0.010867 -0.047735 -0.002
v -0.010867 -0.047735 -0.0059
v -0.010834 -0.047486 -0.0059
v -0.010834 -0.047486 -0.002
v -0.010822 -0.047234 -0.0059
v -0.010822 -0.047234 -0.002
v -0.010831 -0.046983 -0.0059
v -0.010831 -0.046983 -0.002
v -0.010861 -0.046733 -0.0059
v -0.010861 -0.046733 -0.002
v -0.010912 -0.046487 -0.0059
v -0.010912 -0.046487 -0.002
v -0.010983 -0.046245 -0.0059
v -0.010983 -0.046245 -0.002
v -0.011074 -0.046011 -0.0059
v -0.011074 -0.046011 -0.002
v -0.013699 -0.047361 -0.002913
v -0.013704 -0.047354 -0.002914
v -0.013704 -0.047354 -0.004986
v -0.013709 -0.047347 -0.004985
v -0.013718 -0.047332 -0.002916
v -0.013721 -0.047324 -0.002916
v -0.013721 -0.047324 -0.004984
v -0.013725 -0.047316 -0.004984
v -0.013731 -0.047299 -0.002916
v -0.013733 -0.047291 -0.002915
v -0.013733 -0.047291 -0.004985
v -0.013735 -0.047283 -0.002914
v -0.013737 -0.047274 -0.002913
v -0.013737 -0.047274 -0.004987
v -0.013738 -0.047265 -0.002912
v -0.013739 -0.047257 -0.00291
v -0.013739 -0.047257 -0.00499
v -0.01374 -0.047248 -0.004991
v -0.01374 -0.047231 -0.002905
v -0.013739 -0.047222 -0.002902
v -0.013739 -0.047222 -0.004998
v -0.013738 -0.047213 -0.005
v -0.013735 -0.047196 -0.002894
v -0.013733 -0.047187 -0.002891
v -0.013733 -0.047187 -0.005009
v -0.013731 -0.047179 -0.002887
v -0.013728 -0.047171 -0.002884
v -0.013728 -0.047171 -0.005016
v -0.013721 -0.047155 -0.002876
v -0.013721 -0.047155 -0.005024
v -0.013713 -0.047139 -0.002868
v -0.013713 -0.047139 -0.005032
v -0.013704 -0.047125 -0.00286
v -0.013704 -0.047125 -0.00504
v -0.013693 -0.047111 -0.00285
v -0.013693 -0.047111 -0.00505
v -0.013682 -0.047098 -0.002841
v -0.013682 -0.047098 -0.005059
v -0.013669 -0.047086 -0.002831
v -0.013669 -0.047086 -0.005069
v -0.013731 -0.047179 -0.005013
v -0.013737 -0.047205 -0.002897
v -0.013735 -0.047196 -0.005006
v -0.013737 -0.047205 -0.005003
v -0.013738 -0.047213 -0.0029
v -0.01374 -0.047239 -0.002907
v -0.01374 -0.047231 -0.004995
v -0.01374 -0.047239 -0.004993
v -0.01374 -0.047248 -0.002909
v -0.013738 -0.047265 -0.004988
v -0.013735 -0.047283 -0.004986
v -0.013728 -0.047308 -0.002916
v -0.013731 -0.047299 -0.004984
v -0.013728 -0.047308 -0.004984
v -0.013725 -0.047316 -0.002916
v -0.013713 -0.047339 -0.002915
v -0.013718 -0.047332 -0.004984
v -0.013713 -0.047339 -0.004985
v -0.013709 -0.047347 -0.002915
v -0.013693 -0.047368 -0.002911
v -0.013699 -0.047361 -0.004987
v -0.013693 -0.047368 -0.004989
v -0.016873 -0.042369 -0.0059
v -0.018263 -0.043665 -0.0059
v -0.01823 -0.043637 -0.0059
v -0.017438 -0.043903 -0.0059
v -0.017429 -0.043945 -0.0059
v -0.015747 -0.043364 -0.0059
v -0.010087 -0.043748 -0.0059
v -0.018195 -0.043612 -0.0059
v -0.018158 -0.04359 -0.0059
v -0.01812 -0.043572 -0.0059
v -0.01751 -0.043748 -0.0059
v -0.017487 -0.043784 -0.0059
v -0.017996 -0.043536 -0.0059
v -0.017953 -0.043532 -0.0059
v -0.01791 -0.043531 -0.0059
v -0.017867 -0.043534 -0.0059
v -0.017825 -0.04354 -0.0059
v -0.017467 -0.043823 -0.0059
v -0.017451 -0.043862 -0.0059
v -0.017424 -0.043988 -0.0059
v -0.017422 -0.044031 -0.0059
v -0.017422 -0.044872 -0.0059
v -0.013056 -0.046572 -0.0059
v -0.01808 -0.043556 -0.0059
v -0.018038 -0.043545 -0.0059
v -0.017783 -0.043551 -0.0059
v -0.017742 -0.043564 -0.0059
v -0.017703 -0.043581 -0.0059
v -0.009952 -0.04409 -0.0059
v -0.009847 -0.044443 -0.0059
v -0.017665 -0.043602 -0.0059
v -0.017629 -0.043625 -0.0059
v -0.016594 -0.04213 -0.0059
v -0.016294 -0.041916 -0.0059
v -0.017596 -0.043652 -0.0059
v -0.015978 -0.041729 -0.0059
v -0.015647 -0.04157 -0.0059
v -0.017564 -0.043682 -0.0059
v -0.017536 -0.043714 -0.0059
v -0.015303 -0.04144 -0.0059
v -0.014949 -0.04134 -0.0059
v -0.014588 -0.041271 -0.0059
v -0.014222 -0.041234 -0.0059
v -0.012768 -0.0414 -0.0059
v -0.013125 -0.041312 -0.0059
v -0.013488 -0.041254 -0.0059
v -0.013855 -0.041228 -0.0059
v -0.010251 -0.043419 -0.0059
v -0.010443 -0.043106 -0.0059
v -0.010661 -0.04281 -0.0059
v -0.010904 -0.042534 -0.0059
v -0.01117 -0.04228 -0.0059
v -0.011456 -0.04205 -0.0059
v -0.011762 -0.041846 -0.0059
v -0.012084 -0.041668 -0.0059
v -0.01242 -0.04152 -0.0059
v -0.010306 -0.047637 -0.0059
v -0.010133 -0.047312 -0.0059
v -0.009989 -0.046974 -0.0059
v -0.009875 -0.046624 -0.0059
v -0.009792 -0.046266 -0.0059
v -0.009739 -0.045902 -0.0059
v -0.009719 -0.045535 -0.0059
v -0.00973 -0.045168 -0.0059
v -0.009773 -0.044803 -0.0059
v -0.010598 -0.047951 -0.0059
v -0.010529 -0.047899 -0.0059
v -0.010876 -0.047775 -0.0059
v -0.010465 -0.047841 -0.0059
v -0.010406 -0.047778 -0.0059
v -0.010353 -0.047709 -0.0059
v -0.011122 -0.048088 -0.0059
v -0.011158 -0.048106 -0.0059
v -0.01108 -0.048126 -0.0059
v -0.011197 -0.048121 -0.0059
v -0.011236 -0.048133 -0.0059
v -0.011276 -0.048141 -0.0059
v -0.011316 -0.048147 -0.0059
v -0.010888 -0.047814 -0.0059
v -0.010903 -0.047852 -0.0059
v -0.010671 -0.047998 -0.0059
v -0.010921 -0.047889 -0.0059
v -0.010748 -0.048037 -0.0059
v -0.010943 -0.047924 -0.0059
v -0.010828 -0.04807 -0.0059
v -0.010967 -0.047957 -0.0059
v -0.01091 -0.048096 -0.0059
v -0.010993 -0.047988 -0.0059
v -0.011022 -0.048017 -0.0059
v -0.010995 -0.048115 -0.0059
v -0.011053 -0.048043 -0.0059
v -0.011087 -0.048067 -0.0059
v -0.013056 -0.046572 -0.005531
v -0.017422 -0.045006 -0.0019
v -0.017422 -0.045006 -0.006
v -0.017422 -0.044031 -0.002
v -0.017422 -0.044872 -0.002
v -0.016873 -0.042369 -0.002
v -0.016873 -0.042369 -0.0008
v -0.016594 -0.04213 -0.0008
v -0.016594 -0.04213 -0.002
v -0.016294 -0.041916 -0.0008
v -0.016294 -0.041916 -0.002
v -0.015978 -0.041729 -0.0008
v -0.015978 -0.041729 -0.002
v -0.015647 -0.04157 -0.0008
v -0.015647 -0.04157 -0.002
v -0.015303 -0.04144 -0.0008
v -0.015303 -0.04144 -0.002
v -0.014949 -0.04134 -0.0008
v -0.014949 -0.04134 -0.002
v -0.014588 -0.041271 -0.0008
v -0.014588 -0.041271 -0.002
v -0.014222 -0.041234 -0.0008
v -0.014222 -0.041234 -0.002
v -0.013855 -0.041228 -0.0008
v -0.013855 -0.041228 -0.002
v -0.013488 -0.041254 -0.0008
v -0.013488 -0.041254 -0.002
v -0.013125 -0.041312 -0.0008
v -0.013125 -0.041312 -0.002
v -0.012768 -0.0414 -0.0008
v -0.012768 -0.0414 -0.002
v -0.01242 -0.04152 -0.0008
v -0.01242 -0.04152 -0.002
v -0.012084 -0.041668 -0.0008
v -0.012084 -0.041668 -0.002
v -0.011762 -0.041846 -0.0008
v -0.011762 -0.041846 -0.002
v -0.011456 -0.04205 -0.0008
v -0.011456 -0.04205 -0.002
v -0.01117 -0.04228 -0.0008
v -0.01117 -0.04228 -0.002
v -0.010904 -0.042534 -0.0008
v -0.010904 -0.042534 -0.002
v -0.010661 -0.04281 -0.0008
v -0.010661 -0.04281 -0.002
v -0.010443 -0.043106 -0.0008
v -0.010443 -0.043106 -0.002
v -0.010251 -0.043419 -0.0008
v -0.010251 -0.043419 -0.002
v -0.010087 -0.043748 -0.0008
v -0.010087 -0.043748 -0.002
v -0.009952 -0.04409 -0.0008
v -0.009952 -0.04409 -0.002
v -0.009847 -0.044443 -0.0008
v -0.009847 -0.044443 -0.002
v -0.009773 -0.044803 -0.0008
v -0.009773 -0.044803 -0.002
v -0.00973 -0.045168 -0.0008
v -0.00973 -0.045168 -0.002
v -0.009719 -0.045535 -0.0008
v -0.009719 -0.045535 -0.002
v -0.009739 -0.045902 -0.0008
v -0.009739 -0.045902 -0.002
v -0.009792 -0.046266 -0.0008
v -0.009792 -0.046266 -0.002
v -0.009875 -0.046624 -0.0008
v -0.009875 -0.046624 -0.002
v -0.009989 -0.046974 -0.0008
v -0.009989 -0.046974 -0.002
v -0.010133 -0.047312 -0.0008
v -0.010133 -0.047312 -0.002
v -0.012403 -0.048242 -0.002401
v -0.013028 -0.048089 -0.002712
v -0.012991 -0.048112 -0.002697
v -0.012952 -0.048133 -0.00268
v -0.012913 -0.048152 -0.002663
v -0.012491 -0.048245 -0.002451
v -0.012578 -0.048242 -0.002498
v -0.012664 -0.04823 -0.002544
v -0.013133 -0.048012 -0.002752
v -0.013099 -0.048039 -0.00274
v -0.013064 -0.048065 -0.002726
v -0.012833 -0.048185 -0.002626
v -0.012749 -0.048211 -0.002586
v -0.013228 -0.047921 -0.002783
v -0.013198 -0.047953 -0.002774
v -0.013166 -0.047983 -0.002764
v -0.013257 -0.047888 -0.002792
v -0.015756 -0.043877 -0.006276
v -0.015672 -0.043883 -0.006336
v -0.016421 -0.044106 -0.006001
v -0.016388 -0.04408 -0.006004
v -0.016453 -0.044134 -0.006
v -0.015588 -0.043896 -0.006402
v -0.015506 -0.043916 -0.006472
v -0.015426 -0.043943 -0.006545
v -0.016353 -0.044055 -0.006008
v -0.016318 -0.044032 -0.006014
v -0.016282 -0.04401 -0.006022
v -0.015348 -0.043976 -0.006622
v -0.015274 -0.044016 -0.006701
v -0.015203 -0.044062 -0.006783
v -0.016245 -0.04399 -0.006032
v -0.016207 -0.043971 -0.006043
v -0.016168 -0.043954 -0.006057
v -0.015137 -0.044114 -0.006866
v -0.015074 -0.044172 -0.00695
v -0.015017 -0.044234 -0.007035
v -0.016129 -0.043938 -0.006071
v -0.016089 -0.043925 -0.006088
v -0.016049 -0.043913 -0.006106
v -0.016008 -0.043902 -0.006126
v -0.015966 -0.043894 -0.006147
v -0.015925 -0.043887 -0.00617
v -0.015883 -0.043882 -0.006194
v -0.01584 -0.043878 -0.00622
v -0.017429 -0.043945 -0.002
v -0.017438 -0.043903 -0.002
v -0.017867 -0.043534 -0.002
v -0.01791 -0.043531 -0.002
v -0.017424 -0.043988 -0.002
v -0.017451 -0.043862 -0.002
v -0.017467 -0.043823 -0.002
v -0.017487 -0.043784 -0.002
v -0.017703 -0.043581 -0.002
v -0.017742 -0.043564 -0.002
v -0.018158 -0.04359 -0.002
v -0.018195 -0.043612 -0.002
v -0.01823 -0.043637 -0.002
v -0.018263 -0.043665 -0.002
v -0.017783 -0.043551 -0.002
v -0.017825 -0.04354 -0.002
v -0.017953 -0.043532 -0.002
v -0.017996 -0.043536 -0.002
v -0.018038 -0.043545 -0.002
v -0.01751 -0.043748 -0.002
v -0.017536 -0.043714 -0.002
v -0.017564 -0.043682 -0.002
v -0.017596 -0.043652 -0.002
v -0.017629 -0.043625 -0.002
v -0.017665 -0.043602 -0.002
v -0.01808 -0.043556 -0.002
v -0.01812 -0.043572 -0.002
v -0.011316 -0.048147 -0.002
v -0.011276 -0.048141 -0.002
v -0.011236 -0.048133 -0.002
v -0.011197 -0.048121 -0.002
v -0.011158 -0.048106 -0.002
v -0.010876 -0.047775 -0.002
v -0.010888 -0.047814 -0.002
v -0.011122 -0.048088 -0.002
v -0.011087 -0.048067 -0.002
v -0.011053 -0.048043 -0.002
v -0.011022 -0.048017 -0.002
v -0.010993 -0.047988 -0.002
v -0.010967 -0.047957 -0.002
v -0.010943 -0.047924 -0.002
v -0.010921 -0.047889 -0.002
v -0.010903 -0.047852 -0.002
v -0.015672 -0.043883 -0.001564
v -0.015756 -0.043877 -0.001624
v -0.01584 -0.043878 -0.00168
v -0.015426 -0.043943 -0.001355
v -0.015506 -0.043916 -0.001428
v -0.015588 -0.043896 -0.001498
v -0.016353 -0.044055 -0.001892
v -0.016388 -0.04408 -0.001896
v -0.016318 -0.044032 -0.001886
v -0.016453 -0.044134 -0.0019
v -0.016421 -0.044106 -0.001899
v -0.015203 -0.044062 -0.001117
v -0.015274 -0.044016 -0.001199
v -0.015348 -0.043976 -0.001278
v -0.016207 -0.043971 -0.001857
v -0.016245 -0.04399 -0.001868
v -0.016282 -0.04401 -0.001878
v -0.015074 -0.044172 -0.00095
v -0.015137 -0.044114 -0.001034
v -0.016089 -0.043925 -0.001812
v -0.016129 -0.043938 -0.001829
v -0.016168 -0.043954 -0.001843
v -0.015966 -0.043894 -0.001753
v -0.016008 -0.043902 -0.001774
v -0.016049 -0.043913 -0.001794
v -0.015883 -0.043882 -0.001706
v -0.015925 -0.043887 -0.00173
v -0.015074 -0.044172 -0.0008
v -0.015137 -0.044114 -0.0008
v -0.015203 -0.044062 -0.0008
v -0.015274 -0.044016 -0.0008
v -0.015348 -0.043976 -0.0008
v -0.015426 -0.043943 -0.0008
v -0.015506 -0.043916 -0.0008
v -0.015588 -0.043896 -0.0008
v -0.015672 -0.043883 -0.0008
v -0.015756 -0.043877 -0.0008
v -0.01584 -0.043878 -0.0008
v -0.015925 -0.043887 -0.0008
v -0.016008 -0.043902 -0.0008
v -0.016089 -0.043925 -0.0008
v -0.016168 -0.043954 -0.0008
v -0.016245 -0.04399 -0.0008
v -0.016318 -0.044032 -0.0008
v -0.016388 -0.04408 -0.0008
v -0.020785 -0.046017 -0.0008
v -0.013257 -0.047888 -0.005108
v -0.011616 -0.048079 -0.005974
v -0.011533 -0.048105 -0.006014
v -0.012403 -0.048242 -0.005499
v -0.011448 -0.048124 -0.006057
v -0.012012 -0.047815 -0.005817
v -0.011982 -0.047846 -0.005826
v -0.011362 -0.048135 -0.006102
v -0.011274 -0.048139 -0.00615
v -0.011187 -0.048135 -0.006199
v -0.012952 -0.048133 -0.00522
v -0.012991 -0.048112 -0.005203
v -0.01195 -0.047876 -0.005837
v -0.011917 -0.047905 -0.005848
v -0.011883 -0.047932 -0.00586
v -0.012041 -0.047782 -0.005809
v -0.012491 -0.048245 -0.005449
v -0.012578 -0.048242 -0.005402
v -0.012664 -0.04823 -0.005356
v -0.012749 -0.048211 -0.005314
v -0.013028 -0.048089 -0.005188
v -0.013064 -0.048065 -0.005174
v -0.013099 -0.048039 -0.00516
v -0.011848 -0.047958 -0.005874
v -0.011812 -0.047982 -0.005888
v -0.011774 -0.048005 -0.005904
v -0.012833 -0.048185 -0.005274
v -0.012913 -0.048152 -0.005237
v -0.011736 -0.048026 -0.00592
v -0.011697 -0.048045 -0.005937
v -0.013133 -0.048012 -0.005148
v -0.013166 -0.047983 -0.005136
v -0.013198 -0.047953 -0.005126
v -0.013228 -0.047921 -0.005117
v -0.020308 -0.047879 -0.002653
v -0.020387 -0.048273 -0.005393
v -0.020369 -0.048221 -0.005387
v -0.020317 -0.048078 -0.005362
v -0.020328 -0.048108 -0.005368
v -0.020342 -0.048143 -0.005375
v -0.020352 -0.04817 -0.00538
v -0.02028 -0.047819 -0.005224
v -0.020308 -0.047879 -0.005247
v -0.020179 -0.047769 -0.00525
v -0.020199 -0.047809 -0.00527
v -0.020208 -0.047828 -0.005279
v -0.02012 -0.047657 -0.005184
v -0.020152 -0.047717 -0.005221
v -0.02009 -0.047605 -0.005146
v -0.020104 -0.047629 -0.005165
v -0.020057 -0.047548 -0.005101
v -0.02028 -0.047819 -0.002676
v -0.020236 -0.047887 -0.005304
v -0.020244 -0.047906 -0.005311
v -0.020264 -0.04795 -0.005327
v -0.020286 -0.048 -0.005342
v -0.020291 -0.048014 -0.005346
v -0.020159 -0.051015 -0.0025
v -0.020136 -0.051078 -0.0025
v -0.020118 -0.051143 -0.0025
v -0.020105 -0.05121 -0.0025
v -0.020099 -0.051277 -0.0025
v -0.020097 -0.051344 -0.0025
v -0.020102 -0.051412 -0.0025
v -0.020112 -0.051479 -0.0025
v -0.020128 -0.051544 -0.0025
v -0.020149 -0.051608 -0.0025
v -0.020176 -0.05167 -0.0025
v -0.020208 -0.05173 -0.0025
v -0.020244 -0.051787 -0.0025
v -0.020286 -0.05184 -0.0025
v -0.020331 -0.05189 -0.0025
v -0.020381 -0.051935 -0.0025
v -0.020434 -0.051977 -0.0025
v -0.020491 -0.052013 -0.0025
v -0.020551 -0.052045 -0.0025
v -0.020613 -0.052072 -0.0025
v -0.020677 -0.052093 -0.0025
v -0.020742 -0.052109 -0.0025
v -0.020809 -0.052119 -0.0025
v -0.020864 -0.052123 -0.0025
v -0.02286 -0.052206 -0.0025
v -0.022801 -0.052202 -0.002501
v -0.022744 -0.052196 -0.002505
v -0.022688 -0.052187 -0.002512
v -0.022633 -0.052176 -0.00252
v -0.022577 -0.052163 -0.002531
v -0.022523 -0.052147 -0.002545
v -0.022469 -0.052129 -0.002561
v -0.022416 -0.052108 -0.002579
v -0.022364 -0.052085 -0.0026
v -0.022314 -0.05206 -0.002623
v -0.022264 -0.052033 -0.002648
v -0.020923 -0.05006 -0.000699
v -0.023409 -0.05017 -0.000703
v -0.020924 -0.050045 -0.00069
v -0.02338 -0.050107 -0.000666
v -0.020928 -0.050007 -0.000667
v -0.020936 -0.04992 -0.00062
v -0.023345 -0.050033 -0.000627
v -0.020937 -0.049902 -0.000611
v -0.02333 -0.050001 -0.00061
v -0.020939 -0.049875 -0.000598
v -0.023309 -0.049955 -0.000589
v -0.020946 -0.049772 -0.000552
v -0.023232 -0.049794 -0.000523
v -0.023245 -0.049821 -0.000533
v -0.020947 -0.049752 -0.000544
v -0.023258 -0.049848 -0.000543
v -0.023279 -0.049893 -0.000561
v -0.02321 -0.049749 -0.000507
v -0.020953 -0.049619 -0.000496
v -0.023181 -0.04969 -0.000488
v -0.020953 -0.049598 -0.000489
v -0.023175 -0.049677 -0.000485
v -0.023101 -0.049527 -0.000447
v -0.023103 -0.04953 -0.000447
v -0.023139 -0.049604 -0.000465
v -0.023149 -0.049624 -0.00047
v -0.020956 -0.049465 -0.000453
v -0.020956 -0.049439 -0.000448
v -0.023066 -0.049457 -0.000433
v -0.02306 -0.049446 -0.000431
v -0.023028 -0.049383 -0.000421
v -0.020956 -0.049379 -0.000435
v -0.023018 -0.049362 -0.000418
v -0.022953 -0.049235 -0.000405
v -0.022966 -0.049261 -0.000407
v -0.020955 -0.049277 -0.000419
v -0.020956 -0.04931 -0.000423
v -0.022991 -0.049309 -0.000412
v -0.020954 -0.049232 -0.000413
v -0.020952 -0.049157 -0.000406
v -0.022914 -0.049162 -0.000401
v -0.020948 -0.049083 -0.000401
v -0.022876 -0.049088 -0.0004
v -0.021387 -0.046608 -0.0008
v -0.023305 -0.049012 -0.000806
v -0.023208 -0.048866 -0.0008
v -0.023521 -0.049353 -0.000868
v -0.023416 -0.049186 -0.000829
v -0.023777 -0.049781 -0.001056
v -0.023706 -0.049659 -0.000988
v -0.023618 -0.049512 -0.000922
v -0.023795 -0.049814 -0.001077
v -0.023931 -0.050055 -0.001233
v -0.024063 -0.050299 -0.001392
v -0.022957 -0.048501 -0.0008
v -0.022721 -0.048177 -0.0008
v -0.022232 -0.047555 -0.0008
v -0.022079 -0.047372 -0.0008
v -0.023441 -0.052095 -0.002248
v -0.023464 -0.052085 -0.002243
v -0.023885 -0.051771 -0.002087
v -0.023909 -0.051742 -0.002073
v -0.024013 -0.051601 -0.002005
v -0.02404 -0.051557 -0.001984
v -0.024155 -0.051292 -0.001857
v -0.024168 -0.051243 -0.001833
v -0.024186 -0.051168 -0.001798
v -0.024192 -0.051132 -0.001781
v -0.024148 -0.050502 -0.001485
v -0.024135 -0.050463 -0.001467
v -0.024117 -0.050415 -0.001445
v -0.024111 -0.0504 -0.001438
v -0.024132 -0.050455 -0.001463
v -0.0241 -0.050376 -0.001427
v -0.024092 -0.050358 -0.001418
v -0.024082 -0.050337 -0.001409
v -0.024178 -0.050611 -0.001536
v -0.02417 -0.050577 -0.00152
v -0.024168 -0.050571 -0.001517
v -0.024159 -0.050536 -0.001501
v -0.024201 -0.050744 -0.001598
v -0.024199 -0.050726 -0.00159
v -0.024195 -0.050702 -0.001578
v -0.024192 -0.050682 -0.001569
v -0.024188 -0.05066 -0.001559
v -0.02421 -0.050846 -0.001646
v -0.024211 -0.050872 -0.001658
v -0.024209 -0.050829 -0.001638
v -0.024206 -0.050794 -0.001621
v -0.024206 -0.050787 -0.001618
v -0.02421 -0.050969 -0.001704
v -0.02421 -0.050957 -0.001698
v -0.024211 -0.050914 -0.001678
v -0.024211 -0.050907 -0.001675
v -0.024193 -0.051126 -0.001778
v -0.024198 -0.051092 -0.001762
v -0.024204 -0.051042 -0.001738
v -0.024206 -0.05102 -0.001728
v -0.024208 -0.051 -0.001718
v -0.024176 -0.051213 -0.001819
v -0.024101 -0.051437 -0.001926
v -0.024112 -0.051412 -0.001914
v -0.024127 -0.051373 -0.001895
v -0.024135 -0.051351 -0.001885
v -0.024143 -0.051328 -0.001874
v -0.024056 -0.051527 -0.001969
v -0.024076 -0.051489 -0.001951
v -0.024092 -0.051456 -0.001935
v -0.024094 -0.051451 -0.001933
v -0.024051 -0.051537 -0.001974
v -0.023925 -0.051724 -0.002064
v -0.02394 -0.051705 -0.002055
v -0.023913 -0.051738 -0.002071
v -0.023965 -0.051671 -0.002039
v -0.023979 -0.051652 -0.00203
v -0.023992 -0.051633 -0.00202
v -0.023833 -0.051826 -0.002114
v -0.02385 -0.051808 -0.002106
v -0.02366 -0.051971 -0.002186
v -0.023663 -0.051969 -0.002185
v -0.023683 -0.051955 -0.002178
v -0.023731 -0.051918 -0.002159
v -0.02375 -0.051902 -0.002152
v -0.023769 -0.051886 -0.002144
v -0.023517 -0.052058 -0.002229
v -0.023564 -0.052032 -0.002216
v -0.023594 -0.052015 -0.002207
v -0.023281 -0.052154 -0.002279
v -0.02325 -0.052162 -0.002284
v -0.023233 -0.052167 -0.002286
v -0.02333 -0.052138 -0.002271
v -0.023359 -0.052128 -0.002265
v -0.023425 -0.052102 -0.002252
v -0.023115 -0.052191 -0.0023
v -0.023035 -0.052201 -0.002306
v -0.023027 -0.052202 -0.002307
v -0.023134 -0.052188 -0.002298
v -0.02314 -0.052187 -0.002297
v -0.023199 -0.052175 -0.002291
v -0.022937 -0.052207 -0.002311
v -0.022914 -0.052207 -0.002311
v -0.02286 -0.052206 -0.002312
v -0.020864 -0.052123 -0.002312
v -0.020161 -0.05101 -0.001943
v -0.020814 -0.05212 -0.002311
v -0.0208 -0.052118 -0.002311
v -0.020765 -0.052113 -0.00231
v -0.020742 -0.052109 -0.002308
v -0.020678 -0.052093 -0.002304
v -0.020716 -0.052103 -0.002307
v -0.020739 -0.052108 -0.002308
v -0.020618 -0.052074 -0.002298
v -0.020613 -0.052072 -0.002298
v -0.020575 -0.052056 -0.002293
v -0.020559 -0.052049 -0.002291
v -0.020491 -0.052013 -0.002279
v -0.020502 -0.052019 -0.002281
v -0.02053 -0.052034 -0.002286
v -0.020551 -0.052045 -0.002289
v -0.020448 -0.051986 -0.002271
v -0.020434 -0.051976 -0.002268
v -0.020396 -0.051948 -0.002259
v -0.020381 -0.051935 -0.002255
v -0.020366 -0.051922 -0.00225
v -0.020348 -0.051905 -0.002245
v -0.020302 -0.051858 -0.00223
v -0.020331 -0.051889 -0.00224
v -0.020259 -0.051807 -0.002213
v -0.020286 -0.05184 -0.002223
v -0.020221 -0.051751 -0.002194
v -0.020244 -0.051786 -0.002206
v -0.020187 -0.051693 -0.002175
v -0.020195 -0.051708 -0.00218
v -0.020208 -0.05173 -0.002187
v -0.020159 -0.051632 -0.002155
v -0.020163 -0.051641 -0.002158
v -0.020173 -0.051664 -0.002165
v -0.020176 -0.05167 -0.002167
v -0.020128 -0.051544 -0.002125
v -0.020136 -0.05157 -0.002134
v -0.020144 -0.051595 -0.002142
v -0.020149 -0.051608 -0.002147
v -0.020119 -0.051506 -0.002112
v -0.020113 -0.051478 -0.002103
v -0.020108 -0.05145 -0.002094
v -0.020106 -0.051438 -0.002089
v -0.020099 -0.051344 -0.002058
v -0.020099 -0.051351 -0.00206
v -0.0201 -0.051368 -0.002066
v -0.020102 -0.051401 -0.002077
v -0.020103 -0.051412 -0.002081
v -0.020099 -0.051296 -0.002041
v -0.0201 -0.051277 -0.002035
v -0.020102 -0.051251 -0.002026
v -0.020105 -0.051224 -0.002017
v -0.020119 -0.051144 -0.001989
v -0.020117 -0.051153 -0.001992
v -0.020108 -0.051202 -0.002009
v -0.020107 -0.05121 -0.002012
v -0.020129 -0.051104 -0.001976
v -0.020135 -0.051084 -0.001969
v -0.020158 -0.051018 -0.001946
v -0.020144 -0.051057 -0.001959
v -0.020136 -0.051079 -0.001967
v -0.021099 -0.046886 -0.0004
v -0.021774 -0.047631 -0.0004
v -0.022401 -0.048417 -0.0004
v -0.014791 -0.04389 -0.0004
v -0.014711 -0.043977 -0.0004
v -0.012262 -0.042027 -0.0004
v -0.020512 -0.04631 -0.0004
v -0.016429 -0.043635 -0.0004
v -0.0166 -0.042662 -0.0004
v -0.016532 -0.043694 -0.0004
v -0.016629 -0.043761 -0.0004
v -0.01197 -0.042187 -0.0004
v -0.016322 -0.043585 -0.0004
v -0.016211 -0.043544 -0.0004
v -0.016347 -0.042445 -0.0004
v -0.016097 -0.043512 -0.0004
v -0.016076 -0.042252 -0.0004
v -0.015981 -0.043491 -0.0004
v -0.015789 -0.042082 -0.0004
v -0.010972 -0.043061 -0.0004
v -0.011192 -0.042811 -0.0004
v -0.010494 -0.04714 -0.0004
v -0.011433 -0.042581 -0.0004
v -0.011693 -0.042373 -0.0004
v -0.01143 -0.047719 -0.0004
v -0.011379 -0.04773 -0.0004
v -0.011327 -0.047737 -0.0004
v -0.012566 -0.041892 -0.0004
v -0.012881 -0.041784 -0.0004
v -0.014878 -0.043809 -0.0004
v -0.013204 -0.041704 -0.0004
v -0.014971 -0.043737 -0.0004
v -0.013533 -0.041651 -0.0004
v -0.01507 -0.043672 -0.0004
v -0.013866 -0.041628 -0.0004
v -0.015174 -0.043616 -0.0004
v -0.014199 -0.041633 -0.0004
v -0.015283 -0.043569 -0.0004
v -0.01453 -0.041667 -0.0004
v -0.015395 -0.043532 -0.0004
v -0.014857 -0.041729 -0.0004
v -0.01551 -0.043504 -0.0004
v -0.015178 -0.04182 -0.0004
v -0.015627 -0.043486 -0.0004
v -0.015489 -0.041938 -0.0004
v -0.015745 -0.043477 -0.0004
v -0.015863 -0.043479 -0.0004
v -0.011699 -0.047563 -0.0004
v -0.01166 -0.047599 -0.0004
v -0.011619 -0.047631 -0.0004
v -0.011574 -0.047659 -0.0004
v -0.011528 -0.047683 -0.0004
v -0.01148 -0.047703 -0.0004
v -0.011274 -0.047739 -0.0004
v -0.011222 -0.047737 -0.0004
v -0.011115 -0.047727 -0.0004
v -0.010711 -0.047518 -0.0004
v -0.010679 -0.047478 -0.0004
v -0.01065 -0.047434 -0.0004
v -0.010364 -0.046833 -0.0004
v -0.01026 -0.046517 -0.0004
v -0.010185 -0.046192 -0.0004
v -0.011734 -0.047525 -0.0004
v -0.011064 -0.047721 -0.0004
v -0.011013 -0.04771 -0.0004
v -0.010964 -0.047694 -0.0004
v -0.010452 -0.043911 -0.0004
v -0.010601 -0.043613 -0.0004
v -0.010775 -0.043329 -0.0004
v -0.010916 -0.047674 -0.0004
v -0.01087 -0.04765 -0.0004
v -0.010826 -0.047623 -0.0004
v -0.010784 -0.047591 -0.0004
v -0.010746 -0.047557 -0.0004
v -0.010137 -0.045863 -0.0004
v -0.010119 -0.04553 -0.0004
v -0.010129 -0.045197 -0.0004
v -0.010168 -0.044866 -0.0004
v -0.010235 -0.04454 -0.0004
v -0.01033 -0.044221 -0.0004
v -0.020785 -0.046017 -0.000797
v -0.016872 -0.04237 -0.000765
v -0.020784 -0.046018 -0.000765
v -0.020784 -0.046018 -0.000762
v -0.016869 -0.042374 -0.000731
v -0.020781 -0.046022 -0.000731
v -0.020781 -0.046022 -0.000728
v -0.016864 -0.042379 -0.000696
v -0.020776 -0.046027 -0.000696
v -0.020775 -0.046027 -0.000694
v -0.016857 -0.042387 -0.000663
v -0.020769 -0.046035 -0.000663
v -0.020768 -0.046035 -0.000662
v -0.016847 -0.042397 -0.000631
v -0.020759 -0.046045 -0.000631
v -0.020759 -0.046045 -0.00063
v -0.016836 -0.042408 -0.0006
v -0.020748 -0.046056 -0.0006
v -0.020748 -0.046057 -0.000599
v -0.016824 -0.042422 -0.000571
v -0.020736 -0.04607 -0.000571
v -0.020735 -0.04607 -0.00057
v -0.016809 -0.042438 -0.000543
v -0.020721 -0.046086 -0.000543
v -0.016793 -0.042455 -0.000517
v -0.020705 -0.046103 -0.000517
v -0.020688 -0.046121 -0.000494
v -0.016776 -0.042474 -0.000494
v -0.020688 -0.046122 -0.000494
v -0.020669 -0.046141 -0.000473
v -0.016757 -0.042494 -0.000472
v -0.020669 -0.046142 -0.000472
v -0.020649 -0.046163 -0.000454
v -0.016737 -0.042515 -0.000454
v -0.020628 -0.046185 -0.000438
v -0.016715 -0.042538 -0.000437
v -0.020627 -0.046186 -0.000437
v -0.020607 -0.046208 -0.000425
v -0.016693 -0.042562 -0.000424
v -0.020605 -0.04621 -0.000424
v -0.020584 -0.046232 -0.000414
v -0.016671 -0.042586 -0.000414
v -0.020583 -0.046234 -0.000414
v -0.020561 -0.046257 -0.000407
v -0.016648 -0.042611 -0.000406
v -0.02056 -0.046259 -0.000406
v -0.020538 -0.046282 -0.000402
v -0.016624 -0.042636 -0.000402
v -0.020514 -0.046307 -0.0004
v -0.020536 -0.046284 -0.000402
v -0.016593 -0.042131 -0.000765
v -0.01659 -0.042135 -0.000731
v -0.016585 -0.042141 -0.000696
v -0.016579 -0.042149 -0.000663
v -0.01657 -0.04216 -0.000631
v -0.01656 -0.042172 -0.0006
v -0.016549 -0.042187 -0.000571
v -0.016536 -0.042204 -0.000543
v -0.016521 -0.042222 -0.000517
v -0.016505 -0.042243 -0.000494
v -0.016488 -0.042265 -0.000472
v -0.01647 -0.042288 -0.000454
v -0.016451 -0.042312 -0.000437
v -0.016431 -0.042338 -0.000424
v -0.016411 -0.042364 -0.000414
v -0.01639 -0.042391 -0.000406
v -0.016368 -0.042418 -0.000402
v -0.016095 -0.042222 -0.000402
v -0.015806 -0.042051 -0.000402
v -0.015503 -0.041906 -0.000402
v -0.015189 -0.041787 -0.000402
v -0.014865 -0.041695 -0.000402
v -0.014535 -0.041633 -0.000402
v -0.014201 -0.041598 -0.000402
v -0.013865 -0.041593 -0.000402
v -0.013529 -0.041617 -0.000402
v -0.013197 -0.041669 -0.000402
v -0.012871 -0.041751 -0.000402
v -0.012553 -0.04186 -0.000402
v -0.012246 -0.041996 -0.000402
v -0.011952 -0.042158 -0.000402
v -0.011672 -0.042344 -0.000402
v -0.01141 -0.042555 -0.000402
v -0.011167 -0.042787 -0.000402
v -0.010945 -0.043039 -0.000402
v -0.010746 -0.04331 -0.000402
v -0.01057 -0.043596 -0.000402
v -0.01042 -0.043897 -0.000402
v -0.010297 -0.04421 -0.000402
v -0.010201 -0.044532 -0.000402
v -0.010133 -0.044861 -0.000402
v -0.010094 -0.045195 -0.000402
v -0.010084 -0.045531 -0.000402
v -0.010103 -0.045866 -0.000402
v -0.01015 -0.046199 -0.000402
v -0.010227 -0.046526 -0.000402
v -0.010331 -0.046846 -0.000402
v -0.010463 -0.047155 -0.000402
v -0.01062 -0.047452 -0.000402
v -0.016114 -0.042193 -0.000406
v -0.015822 -0.042021 -0.000406
v -0.015517 -0.041874 -0.000406
v -0.015199 -0.041754 -0.000406
v -0.014873 -0.041662 -0.000406
v -0.01454 -0.041598 -0.000406
v -0.014203 -0.041564 -0.000406
v -0.013864 -0.041558 -0.000406
v -0.013525 -0.041582 -0.000406
v -0.013191 -0.041636 -0.000406
v -0.012862 -0.041717 -0.000406
v -0.012541 -0.041827 -0.000406
v -0.012231 -0.041965 -0.000406
v -0.011934 -0.042128 -0.000406
v -0.011652 -0.042317 -0.000406
v -0.011387 -0.042529 -0.000406
v -0.011142 -0.042763 -0.000406
v -0.010918 -0.043017 -0.000406
v -0.010717 -0.04329 -0.000406
v -0.01054 -0.04358 -0.000406
v -0.010389 -0.043883 -0.000406
v -0.010264 -0.044198 -0.000406
v -0.010167 -0.044523 -0.000406
v -0.010099 -0.044855 -0.000406
v -0.010059 -0.045192 -0.000406
v -0.010049 -0.045531 -0.000406
v -0.010068 -0.04587 -0.000406
v -0.010116 -0.046205 -0.000406
v -0.010194 -0.046535 -0.000406
v -0.010299 -0.046858 -0.000406
v -0.010431 -0.04717 -0.000406
v -0.010591 -0.047469 -0.000406
v -0.016133 -0.042165 -0.000414
v -0.015838 -0.041991 -0.000414
v -0.01553 -0.041842 -0.000414
v -0.01521 -0.041722 -0.000414
v -0.014881 -0.041629 -0.000414
v -0.014545 -0.041565 -0.000414
v -0.014205 -0.04153 -0.000414
v -0.013863 -0.041524 -0.000414
v -0.013522 -0.041549 -0.000414
v -0.013184 -0.041602 -0.000414
v -0.012852 -0.041685 -0.000414
v -0.012528 -0.041796 -0.000414
v -0.012216 -0.041934 -0.000414
v -0.011916 -0.042099 -0.000414
v -0.011632 -0.042289 -0.000414
v -0.011365 -0.042503 -0.000414
v -0.011118 -0.042739 -0.000414
v -0.010892 -0.042996 -0.000414
v -0.010689 -0.043271 -0.000414
v -0.01051 -0.043563 -0.000414
v -0.010358 -0.043869 -0.000414
v -0.010232 -0.044187 -0.000414
v -0.010134 -0.044515 -0.000414
v -0.010065 -0.04485 -0.000414
v -0.010025 -0.04519 -0.000414
v -0.010015 -0.045532 -0.000414
v -0.010034 -0.045873 -0.000414
v -0.010083 -0.046212 -0.000414
v -0.010161 -0.046545 -0.000414
v -0.010267 -0.04687 -0.000414
v -0.010401 -0.047184 -0.000414
v -0.010561 -0.047486 -0.000414
v -0.016151 -0.042137 -0.000424
v -0.015854 -0.041961 -0.000424
v -0.015543 -0.041812 -0.000424
v -0.01522 -0.04169 -0.000424
v -0.014889 -0.041596 -0.000424
v -0.01455 -0.041532 -0.000424
v -0.014207 -0.041496 -0.000424
v -0.013862 -0.041491 -0.000424
v -0.013518 -0.041516 -0.000424
v -0.013177 -0.04157 -0.000424
v -0.012842 -0.041653 -0.000424
v -0.012516 -0.041765 -0.000424
v -0.012201 -0.041904 -0.000424
v -0.011899 -0.04207 -0.000424
v -0.011612 -0.042262 -0.000424
v -0.011343 -0.042478 -0.000424
v -0.011094 -0.042716 -0.000424
v -0.010866 -0.042975 -0.000424
v -0.010661 -0.043253 -0.000424
v -0.010481 -0.043547 -0.000424
v -0.010327 -0.043856 -0.000424
v -0.010201 -0.044176 -0.000424
v -0.010102 -0.044507 -0.000424
v -0.010032 -0.044845 -0.000424
v -0.009992 -0.045187 -0.000424
v -0.009982 -0.045532 -0.000424
v -0.010001 -0.045876 -0.000424
v -0.01005 -0.046218 -0.000424
v -0.010129 -0.046554 -0.000424
v -0.010236 -0.046881 -0.000424
v -0.010371 -0.047199 -0.000424
v -0.010533 -0.047503 -0.000424
v -0.016168 -0.04211 -0.000437
v -0.015869 -0.041933 -0.000437
v -0.015556 -0.041782 -0.000437
v -0.015231 -0.041659 -0.000437
v -0.014896 -0.041565 -0.000437
v -0.014554 -0.0415 -0.000437
v -0.014209 -0.041464 -0.000437
v -0.013861 -0.041459 -0.000437
v -0.013514 -0.041483 -0.000437
v -0.013171 -0.041538 -0.000437
v -0.012833 -0.041622 -0.000437
v -0.012504 -0.041735 -0.000437
v -0.012187 -0.041875 -0.000437
v -0.011882 -0.042043 -0.000437
v -0.011593 -0.042236 -0.000437
v -0.011322 -0.042454 -0.000437
v -0.01107 -0.042694 -0.000437
v -0.010841 -0.042955 -0.000437
v -0.010634 -0.043235 -0.000437
v -0.010453 -0.043531 -0.000437
v -0.010298 -0.043842 -0.000437
v -0.01017 -0.044166 -0.000437
v -0.010071 -0.044499 -0.000437
v -0.010001 -0.04484 -0.000437
v -0.00996 -0.045185 -0.000437
v -0.00995 -0.045532 -0.000437
v -0.009969 -0.045879 -0.000437
v -0.010019 -0.046224 -0.000437
v -0.010098 -0.046562 -0.000437
v -0.010206 -0.046893 -0.000437
v -0.010342 -0.047213 -0.000437
v -0.010505 -0.04752 -0.000437
v -0.016185 -0.042084 -0.000454
v -0.015884 -0.041906 -0.000454
v -0.015568 -0.041754 -0.000454
v -0.01524 -0.04163 -0.000454
v -0.014903 -0.041535 -0.000454
v -0.014559 -0.041469 -0.000454
v -0.01421 -0.041433 -0.000454
v -0.01386 -0.041428 -0.000454
v -0.013511 -0.041453 -0.000454
v -0.013165 -0.041508 -0.000454
v -0.012825 -0.041592 -0.000454
v -0.012493 -0.041706 -0.000454
v -0.012173 -0.041848 -0.000454
v -0.011866 -0.042016 -0.000454
v -0.011575 -0.042211 -0.000454
v -0.011301 -0.04243 -0.000454
v -0.011048 -0.042672 -0.000454
v -0.010817 -0.042935 -0.000454
v -0.010609 -0.043217 -0.000454
v -0.010426 -0.043516 -0.000454
v -0.010269 -0.04383 -0.000454
v -0.010141 -0.044156 -0.000454
v -0.010041 -0.044491 -0.000454
v -0.00997 -0.044835 -0.000454
v -0.009929 -0.045183 -0.000454
v -0.009919 -0.045533 -0.000454
v -0.009938 -0.045883 -0.000454
v -0.009988 -0.046229 -0.000454
v -0.010068 -0.046571 -0.000454
v -0.010177 -0.046904 -0.000454
v -0.010314 -0.047226 -0.000454
v -0.010478 -0.047535 -0.000454
v -0.016201 -0.042059 -0.000472
v -0.015898 -0.04188 -0.000472
v -0.01558 -0.041727 -0.000472
v -0.015249 -0.041602 -0.000472
v -0.01491 -0.041506 -0.000472
v -0.014563 -0.04144 -0.000472
v -0.014212 -0.041404 -0.000472
v -0.013859 -0.041399 -0.000472
v -0.013507 -0.041423 -0.000472
v -0.013159 -0.041479 -0.000472
v -0.012816 -0.041564 -0.000472
v -0.012482 -0.041678 -0.000472
v -0.01216 -0.041821 -0.000472
v -0.011851 -0.041991 -0.000472
v -0.011557 -0.042188 -0.000472
v -0.011282 -0.042408 -0.000472
v -0.011027 -0.042652 -0.000472
v -0.010794 -0.042917 -0.000472
v -0.010584 -0.043201 -0.000472
v -0.0104 -0.043502 -0.000472
v -0.010243 -0.043818 -0.000472
v -0.010113 -0.044146 -0.000472
v -0.010012 -0.044484 -0.000472
v -0.009941 -0.04483 -0.000472
v -0.0099 -0.04518 -0.000472
v -0.009889 -0.045533 -0.000472
v -0.009909 -0.045885 -0.000472
v -0.009959 -0.046235 -0.000472
v -0.010039 -0.046578 -0.000472
v -0.010149 -0.046914 -0.000472
v -0.010287 -0.047239 -0.000472
v -0.010453 -0.04755 -0.000472
v -0.016216 -0.042036 -0.000494
v -0.015911 -0.041855 -0.000494
v -0.01559 -0.041701 -0.000494
v -0.015258 -0.041576 -0.000494
v -0.014916 -0.041479 -0.000494
v -0.014567 -0.041413 -0.000494
v -0.014214 -0.041376 -0.000494
v -0.013859 -0.041371 -0.000494
v -0.013504 -0.041396 -0.000494
v -0.013153 -0.041452 -0.000494
v -0.012808 -0.041537 -0.000494
v -0.012472 -0.041653 -0.000494
v -0.012147 -0.041796 -0.000494
v -0.011836 -0.041968 -0.000494
v -0.011541 -0.042165 -0.000494
v -0.011264 -0.042388 -0.000494
v -0.011007 -0.042633 -0.000494
v -0.010772 -0.0429 -0.000494
v -0.010561 -0.043186 -0.000494
v -0.010376 -0.043489 -0.000494
v -0.010217 -0.043807 -0.000494
v -0.010087 -0.044137 -0.000494
v -0.009985 -0.044478 -0.000494
v -0.009914 -0.044826 -0.000494
v -0.009872 -0.045178 -0.000494
v -0.009862 -0.045534 -0.000494
v -0.009882 -0.045888 -0.000494
v -0.009932 -0.04624 -0.000494
v -0.010013 -0.046586 -0.000494
v -0.010123 -0.046924 -0.000494
v -0.010262 -0.047251 -0.000494
v -0.010429 -0.047564 -0.000494
v -0.016231 -0.042015 -0.000517
v -0.015923 -0.041832 -0.000517
v -0.015601 -0.041678 -0.000517
v -0.015266 -0.041551 -0.000517
v -0.014922 -0.041454 -0.000517
v -0.014571 -0.041387 -0.000517
v -0.014215 -0.041351 -0.000517
v -0.013858 -0.041345 -0.000517
v -0.013501 -0.04137 -0.000517
v -0.013148 -0.041426 -0.000517
v -0.012801 -0.041513 -0.000517
v -0.012463 -0.041629 -0.000517
v -0.012136 -0.041773 -0.000517
v -0.011823 -0.041946 -0.000517
v -0.011526 -0.042144 -0.000517
v -0.011247 -0.042368 -0.000517
v -0.010988 -0.042615 -0.000517
v -0.010752 -0.042883 -0.000517
v -0.01054 -0.043171 -0.000517
v -0.010353 -0.043476 -0.000517
v -0.010194 -0.043796 -0.000517
v -0.010062 -0.044129 -0.000517
v -0.00996 -0.044471 -0.000517
v -0.009888 -0.044821 -0.000517
v -0.009847 -0.045176 -0.000517
v -0.009836 -0.045534 -0.000517
v -0.009856 -0.045891 -0.000517
v -0.009907 -0.046245 -0.000517
v -0.009988 -0.046593 -0.000517
v -0.010099 -0.046933 -0.000517
v -0.010239 -0.047262 -0.000517
v -0.010407 -0.047577 -0.000517
v -0.016243 -0.041995 -0.000543
v -0.015934 -0.041812 -0.000543
v -0.01561 -0.041656 -0.000543
v -0.015274 -0.041529 -0.000543
v -0.014928 -0.041431 -0.000543
v -0.014574 -0.041364 -0.000543
v -0.014217 -0.041327 -0.000543
v -0.013857 -0.041322 -0.000543
v -0.013499 -0.041347 -0.000543
v -0.013143 -0.041403 -0.000543
v -0.012794 -0.04149 -0.000543
v -0.012454 -0.041607 -0.000543
v -0.012126 -0.041752 -0.000543
v -0.011811 -0.041926 -0.000543
v -0.011512 -0.042125 -0.000543
v -0.011231 -0.04235 -0.000543
v -0.010971 -0.042599 -0.000543
v -0.010734 -0.042869 -0.000543
v -0.01052 -0.043158 -0.000543
v -0.010333 -0.043465 -0.000543
v -0.010172 -0.043787 -0.000543
v -0.01004 -0.044121 -0.000543
v -0.009938 -0.044466 -0.000543
v -0.009865 -0.044818 -0.000543
v -0.009823 -0.045175 -0.000543
v -0.009812 -0.045534 -0.000543
v -0.009832 -0.045893 -0.000543
v -0.009884 -0.046249 -0.000543
v -0.009965 -0.046599 -0.000543
v -0.010077 -0.046941 -0.000543
v -0.010218 -0.047272 -0.000543
v -0.010386 -0.047589 -0.000543
v -0.016255 -0.041977 -0.000571
v -0.015944 -0.041793 -0.000571
v -0.015618 -0.041636 -0.000571
v -0.01528 -0.041509 -0.000571
v -0.014932 -0.041411 -0.000571
v -0.014577 -0.041343 -0.000571
v -0.014218 -0.041306 -0.000571
v -0.013857 -0.0413 -0.000571
v -0.013496 -0.041326 -0.000571
v -0.013139 -0.041383 -0.000571
v -0.012788 -0.04147 -0.000571
v -0.012447 -0.041587 -0.000571
v -0.012116 -0.041733 -0.000571
v -0.0118 -0.041907 -0.000571
v -0.011499 -0.042108 -0.000571
v -0.011217 -0.042334 -0.000571
v -0.010956 -0.042584 -0.000571
v -0.010717 -0.042855 -0.000571
v -0.010503 -0.043146 -0.000571
v -0.010314 -0.043454 -0.000571
v -0.010153 -0.043778 -0.000571
v -0.01002 -0.044114 -0.000571
v -0.009917 -0.04446 -0.000571
v -0.009844 -0.044814 -0.000571
v -0.009802 -0.045173 -0.000571
v -0.009791 -0.045534 -0.000571
v -0.009811 -0.045895 -0.000571
v -0.009863 -0.046253 -0.000571
v -0.009945 -0.046605 -0.000571
v -0.010057 -0.046948 -0.000571
v -0.010198 -0.047281 -0.000571
v -0.010368 -0.0476 -0.000571
v -0.016265 -0.041961 -0.0006
v -0.015953 -0.041776 -0.0006
v -0.015626 -0.041619 -0.0006
v -0.015286 -0.041491 -0.0006
v -0.014937 -0.041392 -0.0006
v -0.01458 -0.041324 -0.0006
v -0.014219 -0.041287 -0.0006
v -0.013856 -0.041282 -0.0006
v -0.013494 -0.041307 -0.0006
v -0.013135 -0.041364 -0.0006
v -0.012783 -0.041452 -0.0006
v -0.01244 -0.041569 -0.0006
v -0.012108 -0.041716 -0.0006
v -0.01179 -0.041891 -0.0006
v -0.011488 -0.042093 -0.0006
v -0.011205 -0.04232 -0.0006
v -0.010942 -0.042571 -0.0006
v -0.010703 -0.042844 -0.0006
v -0.010487 -0.043136 -0.0006
v -0.010298 -0.043445 -0.0006
v -0.010136 -0.04377 -0.0006
v -0.010002 -0.044108 -0.0006
v -0.009899 -0.044456 -0.0006
v -0.009826 -0.044811 -0.0006
v -0.009783 -0.045172 -0.0006
v -0.009772 -0.045535 -0.0006
v -0.009793 -0.045897 -0.0006
v -0.009844 -0.046256 -0.0006
v -0.009927 -0.04661 -0.0006
v -0.010039 -0.046955 -0.0006
v -0.010181 -0.047289 -0.0006
v -0.010352 -0.04761 -0.0006
v -0.016274 -0.041948 -0.000631
v -0.01596 -0.041762 -0.000631
v -0.015632 -0.041604 -0.000631
v -0.015291 -0.041476 -0.000631
v -0.01494 -0.041377 -0.000631
v -0.014582 -0.041308 -0.000631
v -0.01422 -0.041271 -0.000631
v -0.013856 -0.041265 -0.000631
v -0.013492 -0.041291 -0.000631
v -0.013132 -0.041348 -0.000631
v -0.012779 -0.041436 -0.000631
v -0.012434 -0.041554 -0.000631
v -0.012101 -0.041702 -0.000631
v -0.011781 -0.041878 -0.000631
v -0.011479 -0.04208 -0.000631
v -0.011194 -0.042308 -0.000631
v -0.010931 -0.04256 -0.000631
v -0.01069 -0.042833 -0.000631
v -0.010474 -0.043127 -0.000631
v -0.010284 -0.043438 -0.000631
v -0.010121 -0.043764 -0.000631
v -0.009987 -0.044103 -0.000631
v -0.009883 -0.044452 -0.000631
v -0.00981 -0.044809 -0.000631
v -0.009767 -0.045171 -0.000631
v -0.009756 -0.045535 -0.000631
v -0.009777 -0.045899 -0.000631
v -0.009828 -0.046259 -0.000631
v -0.009911 -0.046614 -0.000631
v -0.010024 -0.046961 -0.000631
v -0.010167 -0.047296 -0.000631
v -0.010338 -0.047618 -0.000631
v -0.016281 -0.041937 -0.000663
v -0.015967 -0.04175 -0.000663
v -0.015637 -0.041592 -0.000663
v -0.015295 -0.041463 -0.000663
v -0.014943 -0.041364 -0.000663
v -0.014584 -0.041295 -0.000663
v -0.014221 -0.041258 -0.000663
v -0.013855 -0.041252 -0.000663
v -0.013491 -0.041278 -0.000663
v -0.01313 -0.041335 -0.000663
v -0.012775 -0.041423 -0.000663
v -0.012429 -0.041542 -0.000663
v -0.012095 -0.04169 -0.000663
v -0.011774 -0.041866 -0.000663
v -0.011471 -0.042069 -0.000663
v -0.011185 -0.042298 -0.000663
v -0.010921 -0.042551 -0.000663
v -0.01068 -0.042825 -0.000663
v -0.010463 -0.043119 -0.000663
v -0.010272 -0.043431 -0.000663
v -0.010109 -0.043758 -0.000663
v -0.009975 -0.044098 -0.000663
v -0.00987 -0.044449 -0.000663
v -0.009796 -0.044807 -0.000663
v -0.009754 -0.04517 -0.000663
v -0.009743 -0.045535 -0.000663
v -0.009763 -0.0459 -0.000663
v -0.009815 -0.046262 -0.000663
v -0.009898 -0.046618 -0.000663
v -0.010012 -0.046965 -0.000663
v -0.010155 -0.047302 -0.000663
v -0.010326 -0.047625 -0.000663
v -0.016287 -0.041928 -0.000696
v -0.015972 -0.041741 -0.000696
v -0.015641 -0.041582 -0.000696
v -0.015299 -0.041453 -0.000696
v -0.014946 -0.041353 -0.000696
v -0.014586 -0.041285 -0.000696
v -0.014221 -0.041247 -0.000696
v -0.013855 -0.041242 -0.000696
v -0.013489 -0.041268 -0.000696
v -0.013127 -0.041325 -0.000696
v -0.012772 -0.041413 -0.000696
v -0.012425 -0.041532 -0.000696
v -0.01209 -0.041681 -0.000696
v -0.011769 -0.041857 -0.000696
v -0.011464 -0.042061 -0.000696
v -0.011179 -0.04229 -0.000696
v -0.010914 -0.042543 -0.000696
v -0.010671 -0.042818 -0.000696
v -0.010454 -0.043113 -0.000696
v -0.010263 -0.043426 -0.000696
v -0.010099 -0.043754 -0.000696
v -0.009965 -0.044095 -0.000696
v -0.00986 -0.044446 -0.000696
v -0.009786 -0.044805 -0.000696
v -0.009743 -0.045169 -0.000696
v -0.009732 -0.045535 -0.000696
v -0.009753 -0.045901 -0.000696
v -0.009805 -0.046264 -0.000696
v -0.009888 -0.046621 -0.000696
v -0.010002 -0.046969 -0.000696
v -0.010145 -0.047306 -0.000696
v -0.010317 -0.04763 -0.000696
v -0.016291 -0.041921 -0.000731
v -0.015975 -0.041735 -0.000731
v -0.015644 -0.041576 -0.000731
v -0.015301 -0.041446 -0.000731
v -0.014948 -0.041346 -0.000731
v -0.014587 -0.041277 -0.000731
v -0.014222 -0.04124 -0.000731
v -0.013855 -0.041234 -0.000731
v -0.013489 -0.04126 -0.000731
v -0.013126 -0.041318 -0.000731
v -0.01277 -0.041406 -0.000731
v -0.012422 -0.041525 -0.000731
v -0.012087 -0.041674 -0.000731
v -0.011765 -0.041851 -0.000731
v -0.01146 -0.042055 -0.000731
v -0.011174 -0.042285 -0.000731
v -0.010908 -0.042538 -0.000731
v -0.010666 -0.042814 -0.000731
v -0.010448 -0.043109 -0.000731
v -0.010256 -0.043422 -0.000731
v -0.010092 -0.043751 -0.000731
v -0.009957 -0.044092 -0.000731
v -0.009853 -0.044444 -0.000731
v -0.009779 -0.044804 -0.000731
v -0.009736 -0.045168 -0.000731
v -0.009725 -0.045535 -0.000731
v -0.009745 -0.045902 -0.000731
v -0.009798 -0.046265 -0.000731
v -0.009881 -0.046623 -0.000731
v -0.009995 -0.046972 -0.000731
v -0.010139 -0.04731 -0.000731
v -0.010311 -0.047634 -0.000731
v -0.016294 -0.041918 -0.000765
v -0.015977 -0.04173 -0.000765
v -0.015646 -0.041571 -0.000765
v -0.015302 -0.041441 -0.000765
v -0.014949 -0.041342 -0.000765
v -0.014588 -0.041273 -0.000765
v -0.014222 -0.041235 -0.000765
v -0.013855 -0.04123 -0.000765
v -0.013488 -0.041256 -0.000765
v -0.013125 -0.041313 -0.000765
v -0.012768 -0.041402 -0.000765
v -0.012421 -0.041521 -0.000765
v -0.012085 -0.04167 -0.000765
v -0.011763 -0.041847 -0.000765
v -0.011457 -0.042051 -0.000765
v -0.011171 -0.042281 -0.000765
v -0.010905 -0.042535 -0.000765
v -0.010662 -0.042811 -0.000765
v -0.010444 -0.043107 -0.000765
v -0.010252 -0.04342 -0.000765
v -0.010088 -0.043749 -0.000765
v -0.009953 -0.044091 -0.000765
v -0.009848 -0.044443 -0.000765
v -0.009774 -0.044803 -0.000765
v -0.009731 -0.045168 -0.000765
v -0.00972 -0.045535 -0.000765
v -0.009741 -0.045902 -0.000765
v -0.009793 -0.046266 -0.000765
v -0.009877 -0.046624 -0.000765
v -0.009991 -0.046973 -0.000765
v -0.010135 -0.047311 -0.000765
v -0.010307 -0.047636 -0.000765
v -0.011081 -0.048124 -0.000765
v -0.010995 -0.048113 -0.000765
v -0.011081 -0.04812 -0.000731
v -0.010996 -0.048109 -0.000731
v -0.011082 -0.048112 -0.000696
v -0.010997 -0.048101 -0.000696
v -0.011083 -0.048102 -0.000663
v -0.010999 -0.048091 -0.000663
v -0.011084 -0.048089 -0.000631
v -0.011001 -0.048078 -0.000631
v -0.011085 -0.048073 -0.0006
v -0.011004 -0.048062 -0.0006
v -0.011087 -0.048054 -0.000571
v -0.011007 -0.048043 -0.000571
v -0.011089 -0.048033 -0.000543
v -0.011011 -0.048023 -0.000543
v -0.011091 -0.048009 -0.000517
v -0.011015 -0.047999 -0.000517
v -0.011093 -0.047984 -0.000494
v -0.011019 -0.047974 -0.000494
v -0.011095 -0.047956 -0.000472
v -0.011024 -0.047947 -0.000472
v -0.011098 -0.047927 -0.000454
v -0.011029 -0.047918 -0.000454
v -0.011101 -0.047896 -0.000437
v -0.011035 -0.047887 -0.000437
v -0.011103 -0.047864 -0.000424
v -0.01104 -0.047855 -0.000424
v -0.011106 -0.047831 -0.000414
v -0.011046 -0.047823 -0.000414
v -0.011109 -0.047797 -0.000406
v -0.011052 -0.047789 -0.000406
v -0.011112 -0.047762 -0.000402
v -0.011058 -0.047755 -0.000402
v -0.010911 -0.048095 -0.000765
v -0.010912 -0.04809 -0.000731
v -0.010914 -0.048083 -0.000696
v -0.010916 -0.048073 -0.000663
v -0.01092 -0.04806 -0.000631
v -0.010924 -0.048044 -0.0006
v -0.010929 -0.048026 -0.000571
v -0.010934 -0.048006 -0.000543
v -0.01094 -0.047983 -0.000517
v -0.010947 -0.047958 -0.000494
v -0.010954 -0.047931 -0.000472
v -0.010962 -0.047903 -0.000454
v -0.01097 -0.047873 -0.000437
v -0.010978 -0.047842 -0.000424
v -0.010987 -0.04781 -0.000414
v -0.010995 -0.047777 -0.000406
v -0.011004 -0.047743 -0.000402
v -0.010828 -0.048069 -0.000765
v -0.01083 -0.048064 -0.000731
v -0.010832 -0.048057 -0.000696
v -0.010836 -0.048048 -0.000663
v -0.01084 -0.048035 -0.000631
v -0.010846 -0.04802 -0.0006
v -0.010852 -0.048002 -0.000571
v -0.010859 -0.047982 -0.000543
v -0.010867 -0.04796 -0.000517
v -0.010876 -0.047936 -0.000494
v -0.010886 -0.04791 -0.000472
v -0.010896 -0.047882 -0.000454
v -0.010906 -0.047853 -0.000437
v -0.010917 -0.047823 -0.000424
v -0.010928 -0.047791 -0.000414
v -0.01094 -0.047759 -0.000406
v -0.010952 -0.047727 -0.000402
v -0.010748 -0.048036 -0.000765
v -0.01075 -0.048032 -0.000731
v -0.010753 -0.048025 -0.000696
v -0.010758 -0.048015 -0.000663
v -0.010763 -0.048003 -0.000631
v -0.01077 -0.047989 -0.0006
v -0.010778 -0.047972 -0.000571
v -0.010787 -0.047952 -0.000543
v -0.010797 -0.047931 -0.000517
v -0.010808 -0.047908 -0.000494
v -0.010819 -0.047882 -0.000472
v -0.010832 -0.047856 -0.000454
v -0.010845 -0.047828 -0.000437
v -0.010858 -0.047798 -0.000424
v -0.010872 -0.047768 -0.000414
v -0.010886 -0.047737 -0.000406
v -0.010901 -0.047706 -0.000402
v -0.010672 -0.047996 -0.000765
v -0.010674 -0.047992 -0.000731
v -0.010678 -0.047986 -0.000696
v -0.010683 -0.047977 -0.000663
v -0.010689 -0.047965 -0.000631
v -0.010697 -0.047951 -0.0006
v -0.010707 -0.047935 -0.000571
v -0.010717 -0.047916 -0.000543
v -0.010729 -0.047896 -0.000517
v -0.010742 -0.047874 -0.000494
v -0.010756 -0.04785 -0.000472
v -0.01077 -0.047824 -0.000454
v -0.010786 -0.047797 -0.000437
v -0.010802 -0.047769 -0.000424
v -0.010818 -0.04774 -0.000414
v -0.010835 -0.047711 -0.000406
v -0.010852 -0.047681 -0.000402
v -0.010599 -0.04795 -0.000765
v -0.010601 -0.047946 -0.000731
v -0.010605 -0.04794 -0.000696
v -0.010611 -0.047932 -0.000663
v -0.010619 -0.047921 -0.000631
v -0.010628 -0.047907 -0.0006
v -0.010639 -0.047892 -0.000571
v -0.010651 -0.047875 -0.000543
v -0.010664 -0.047855 -0.000517
v -0.010679 -0.047834 -0.000494
v -0.010695 -0.047811 -0.000472
v -0.010712 -0.047787 -0.000454
v -0.010729 -0.047762 -0.000437
v -0.010748 -0.047735 -0.000424
v -0.010767 -0.047708 -0.000414
v -0.010786 -0.04768 -0.000406
v -0.010806 -0.047651 -0.000402
v -0.01053 -0.047898 -0.000765
v -0.010533 -0.047894 -0.000731
v -0.010537 -0.047889 -0.000696
v -0.010544 -0.047881 -0.000663
v -0.010553 -0.04787 -0.000631
v -0.010563 -0.047858 -0.0006
v -0.010575 -0.047843 -0.000571
v -0.010589 -0.047827 -0.000543
v -0.010604 -0.047809 -0.000517
v -0.01062 -0.047789 -0.000494
v -0.010638 -0.047768 -0.000472
v -0.010657 -0.047745 -0.000454
v -0.010676 -0.047721 -0.000437
v -0.010697 -0.047697 -0.000424
v -0.010718 -0.047671 -0.000414
v -0.01074 -0.047645 -0.000406
v -0.010762 -0.047618 -0.000402
v -0.010466 -0.04784 -0.000765
v -0.010469 -0.047837 -0.000731
v -0.010474 -0.047831 -0.000696
v -0.010482 -0.047824 -0.000663
v -0.010491 -0.047814 -0.000631
v -0.010502 -0.047803 -0.0006
v -0.010516 -0.04779 -0.000571
v -0.01053 -0.047774 -0.000543
v -0.010547 -0.047758 -0.000517
v -0.010565 -0.047739 -0.000494
v -0.010585 -0.04772 -0.000472
v -0.010605 -0.047699 -0.000454
v -0.010627 -0.047677 -0.000437
v -0.01065 -0.047654 -0.000424
v -0.010673 -0.04763 -0.000414
v -0.010697 -0.047606 -0.000406
v -0.010721 -0.047581 -0.000402
v -0.010407 -0.047777 -0.000765
v -0.01041 -0.047774 -0.000731
v -0.010416 -0.047769 -0.000696
v -0.010424 -0.047762 -0.000663
v -0.010434 -0.047753 -0.000631
v -0.010447 -0.047743 -0.0006
v -0.010461 -0.047731 -0.000571
v -0.010477 -0.047717 -0.000543
v -0.010495 -0.047702 -0.000517
v -0.010515 -0.047685 -0.000494
v -0.010536 -0.047667 -0.000472
v -0.010558 -0.047648 -0.000454
v -0.010582 -0.047628 -0.000437
v -0.010606 -0.047607 -0.000424
v -0.010632 -0.047586 -0.000414
v -0.010658 -0.047563 -0.000406
v -0.010684 -0.047541 -0.000402
v -0.010354 -0.047708 -0.000765
v -0.010358 -0.047706 -0.000731
v -0.010364 -0.047701 -0.000696
v -0.010372 -0.047695 -0.000663
v -0.010383 -0.047688 -0.000631
v -0.010396 -0.047678 -0.0006
v -0.010412 -0.047667 -0.000571
v -0.010429 -0.047655 -0.000543
v -0.010448 -0.047641 -0.000517
v -0.010469 -0.047627 -0.000494
v -0.010492 -0.047611 -0.000472
v -0.010516 -0.047593 -0.000454
v -0.010541 -0.047576 -0.000437
v -0.010567 -0.047557 -0.000424
v -0.010594 -0.047538 -0.000414
v -0.010622 -0.047518 -0.000406
v -0.01065 -0.047498 -0.000402
v -0.011187 -0.048134 -0.000765
v -0.011188 -0.048129 -0.000731
v -0.011188 -0.048122 -0.000696
v -0.011189 -0.048111 -0.000663
v -0.011191 -0.048098 -0.000631
v -0.011192 -0.048082 -0.0006
v -0.011194 -0.048063 -0.000571
v -0.011195 -0.048042 -0.000543
v -0.011198 -0.048019 -0.000517
v -0.0112 -0.047993 -0.000494
v -0.011202 -0.047965 -0.000472
v -0.011205 -0.047936 -0.000454
v -0.011207 -0.047905 -0.000437
v -0.01121 -0.047873 -0.000424
v -0.011213 -0.04784 -0.000414
v -0.011216 -0.047806 -0.000406
v -0.011219 -0.047772 -0.000402
v -0.012039 -0.047781 -0.000765
v -0.01198 -0.047845 -0.000765
v -0.012036 -0.047778 -0.000731
v -0.011977 -0.047842 -0.000731
v -0.01203 -0.047773 -0.000696
v -0.011972 -0.047837 -0.000696
v -0.012022 -0.047766 -0.000663
v -0.011965 -0.047829 -0.000663
v -0.012012 -0.047758 -0.000631
v -0.011955 -0.04782 -0.000631
v -0.011999 -0.047747 -0.0006
v -0.011944 -0.047808 -0.0006
v -0.011985 -0.047735 -0.000571
v -0.01193 -0.047795 -0.000571
v -0.011969 -0.047722 -0.000543
v -0.011915 -0.04778 -0.000543
v -0.011951 -0.047707 -0.000517
v -0.011899 -0.047763 -0.000517
v -0.011931 -0.04769 -0.000494
v -0.011881 -0.047745 -0.000494
v -0.01191 -0.047672 -0.000472
v -0.011861 -0.047726 -0.000472
v -0.011887 -0.047653 -0.000454
v -0.01184 -0.047705 -0.000454
v -0.011864 -0.047633 -0.000437
v -0.011818 -0.047683 -0.000437
v -0.011839 -0.047613 -0.000424
v -0.011795 -0.04766 -0.000424
v -0.011813 -0.047591 -0.000414
v -0.011772 -0.047637 -0.000414
v -0.011787 -0.047569 -0.000406
v -0.011748 -0.047612 -0.000406
v -0.011761 -0.047547 -0.000402
v -0.011723 -0.047588 -0.000402
v -0.011916 -0.047904 -0.000765
v -0.011913 -0.0479 -0.000731
v -0.011908 -0.047895 -0.000696
v -0.011902 -0.047887 -0.000663
v -0.011893 -0.047876 -0.000631
v -0.011883 -0.047864 -0.0006
v -0.011871 -0.04785 -0.000571
v -0.011857 -0.047833 -0.000543
v -0.011842 -0.047815 -0.000517
v -0.011825 -0.047796 -0.000494
v -0.011808 -0.047774 -0.000472
v -0.011789 -0.047752 -0.000454
v -0.011769 -0.047728 -0.000437
v -0.011748 -0.047704 -0.000424
v -0.011727 -0.047678 -0.000414
v -0.011705 -0.047652 -0.000406
v -0.011683 -0.047625 -0.000402
v -0.011847 -0.047957 -0.000765
v -0.011845 -0.047953 -0.000731
v -0.01184 -0.047947 -0.000696
v -0.011834 -0.047938 -0.000663
v -0.011827 -0.047928 -0.000631
v -0.011817 -0.047914 -0.0006
v -0.011807 -0.047899 -0.000571
v -0.011794 -0.047882 -0.000543
v -0.011781 -0.047862 -0.000517
v -0.011766 -0.047841 -0.000494
v -0.01175 -0.047819 -0.000472
v -0.011733 -0.047794 -0.000454
v -0.011716 -0.047769 -0.000437
v -0.011697 -0.047743 -0.000424
v -0.011678 -0.047715 -0.000414
v -0.011658 -0.047687 -0.000406
v -0.011639 -0.047659 -0.000402
v -0.011774 -0.048004 -0.000765
v -0.011771 -0.048 -0.000731
v -0.011768 -0.047993 -0.000696
v -0.011762 -0.047984 -0.000663
v -0.011756 -0.047973 -0.000631
v -0.011748 -0.047959 -0.0006
v -0.011738 -0.047942 -0.000571
v -0.011728 -0.047924 -0.000543
v -0.011716 -0.047904 -0.000517
v -0.011703 -0.047881 -0.000494
v -0.011689 -0.047857 -0.000472
v -0.011674 -0.047832 -0.000454
v -0.011659 -0.047805 -0.000437
v -0.011643 -0.047777 -0.000424
v -0.011626 -0.047748 -0.000414
v -0.011609 -0.047719 -0.000406
v -0.011592 -0.047689 -0.000402
v -0.011696 -0.048044 -0.000765
v -0.011695 -0.04804 -0.000731
v -0.011691 -0.048033 -0.000696
v -0.011687 -0.048024 -0.000663
v -0.011681 -0.048011 -0.000631
v -0.011674 -0.047997 -0.0006
v -0.011667 -0.04798 -0.000571
v -0.011658 -0.047961 -0.000543
v -0.011648 -0.047939 -0.000517
v -0.011637 -0.047916 -0.000494
v -0.011625 -0.047891 -0.000472
v -0.011613 -0.047864 -0.000454
v -0.011599 -0.047836 -0.000437
v -0.011586 -0.047807 -0.000424
v -0.011572 -0.047777 -0.000414
v -0.011557 -0.047746 -0.000406
v -0.011543 -0.047714 -0.000402
v -0.011616 -0.048077 -0.000765
v -0.011614 -0.048073 -0.000731
v -0.011612 -0.048066 -0.000696
v -0.011608 -0.048056 -0.000663
v -0.011604 -0.048044 -0.000631
v -0.011598 -0.048028 -0.0006
v -0.011592 -0.048011 -0.000571
v -0.011584 -0.047991 -0.000543
v -0.011576 -0.047969 -0.000517
v -0.011568 -0.047945 -0.000494
v -0.011558 -0.047919 -0.000472
v -0.011548 -0.047891 -0.000454
v -0.011537 -0.047862 -0.000437
v -0.011526 -0.047831 -0.000424
v -0.011515 -0.0478 -0.000414
v -0.011503 -0.047768 -0.000406
v -0.011492 -0.047736 -0.000402
v -0.011533 -0.048104 -0.000765
v -0.011532 -0.048099 -0.000731
v -0.01153 -0.048092 -0.000696
v -0.011527 -0.048082 -0.000663
v -0.011524 -0.048069 -0.000631
v -0.011519 -0.048053 -0.0006
v -0.011515 -0.048035 -0.000571
v -0.011509 -0.048015 -0.000543
v -0.011503 -0.047992 -0.000517
v -0.011496 -0.047967 -0.000494
v -0.011489 -0.04794 -0.000472
v -0.011482 -0.047912 -0.000454
v -0.011474 -0.047882 -0.000437
v -0.011465 -0.047851 -0.000424
v -0.011457 -0.047819 -0.000414
v -0.011448 -0.047786 -0.000406
v -0.011439 -0.047752 -0.000402
v -0.011448 -0.048122 -0.000765
v -0.011447 -0.048118 -0.000731
v -0.011446 -0.04811 -0.000696
v -0.011444 -0.0481 -0.000663
v -0.011442 -0.048087 -0.000631
v -0.011439 -0.048071 -0.0006
v -0.011436 -0.048053 -0.000571
v -0.011432 -0.048032 -0.000543
v -0.011428 -0.048009 -0.000517
v -0.011423 -0.047983 -0.000494
v -0.011418 -0.047956 -0.000472
v -0.011413 -0.047927 -0.000454
v -0.011408 -0.047896 -0.000437
v -0.011402 -0.047865 -0.000424
v -0.011397 -0.047832 -0.000414
v -0.011391 -0.047798 -0.000406
v -0.011385 -0.047764 -0.000402
v -0.011361 -0.048134 -0.000765
v -0.011361 -0.048129 -0.000731
v -0.01136 -0.048122 -0.000696
v -0.01136 -0.048111 -0.000663
v -0.011358 -0.048098 -0.000631
v -0.011357 -0.048082 -0.0006
v -0.011355 -0.048063 -0.000571
v -0.011353 -0.048042 -0.000543
v -0.011351 -0.048019 -0.000517
v -0.011349 -0.047993 -0.000494
v -0.011347 -0.047965 -0.000472
v -0.011344 -0.047936 -0.000454
v -0.011341 -0.047905 -0.000437
v -0.011339 -0.047873 -0.000424
v -0.011336 -0.04784 -0.000414
v -0.011333 -0.047806 -0.000406
v -0.01133 -0.047772 -0.000402
v -0.011274 -0.048138 -0.000765
v -0.011274 -0.048133 -0.000731
v -0.011274 -0.048125 -0.000696
v -0.011274 -0.048115 -0.000663
v -0.011274 -0.048102 -0.000631
v -0.011274 -0.048086 -0.0006
v -0.011274 -0.048067 -0.000571
v -0.011274 -0.048046 -0.000543
v -0.011274 -0.048022 -0.000517
v -0.011274 -0.047996 -0.000494
v -0.011274 -0.047969 -0.000472
v -0.011274 -0.047939 -0.000454
v -0.011274 -0.047908 -0.000437
v -0.011274 -0.047876 -0.000424
v -0.011274 -0.047843 -0.000414
v -0.011274 -0.047809 -0.000406
v -0.011274 -0.047774 -0.000402
v -0.015016 -0.044233 -0.000765
v -0.015013 -0.04423 -0.000731
v -0.015007 -0.044225 -0.000696
v -0.014999 -0.044219 -0.000663
v -0.014989 -0.04421 -0.000631
v -0.014976 -0.0442 -0.0006
v -0.014962 -0.044188 -0.000571
v -0.014946 -0.044174 -0.000543
v -0.014928 -0.044159 -0.000517
v -0.014908 -0.044142 -0.000494
v -0.014887 -0.044124 -0.000472
v -0.014864 -0.044105 -0.000454
v -0.014841 -0.044086 -0.000437
v -0.014816 -0.044065 -0.000424
v -0.01479 -0.044043 -0.000414
v -0.014764 -0.044022 -0.000406
v -0.014738 -0.043999 -0.000402
v -0.016474 -0.043966 -0.000494
v -0.016458 -0.043986 -0.000517
v -0.016444 -0.044005 -0.000543
v -0.016431 -0.044022 -0.000571
v -0.01642 -0.044037 -0.0006
v -0.016347 -0.043986 -0.0006
v -0.01641 -0.04405 -0.000631
v -0.016402 -0.044061 -0.000663
v -0.016331 -0.044011 -0.000663
v -0.016396 -0.044069 -0.000696
v -0.016391 -0.044075 -0.000731
v -0.016321 -0.044027 -0.000731
v -0.016388 -0.044079 -0.000765
v -0.016319 -0.04403 -0.000765
v -0.016246 -0.043988 -0.000765
v -0.016169 -0.043952 -0.000765
v -0.01609 -0.043923 -0.000765
v -0.016008 -0.043901 -0.000765
v -0.015925 -0.043885 -0.000765
v -0.015841 -0.043877 -0.000765
v -0.015756 -0.043876 -0.000765
v -0.015672 -0.043882 -0.000765
v -0.015588 -0.043895 -0.000765
v -0.015506 -0.043915 -0.000765
v -0.015425 -0.043942 -0.000765
v -0.015348 -0.043975 -0.000765
v -0.015273 -0.044015 -0.000765
v -0.015202 -0.044061 -0.000765
v -0.015136 -0.044113 -0.000765
v -0.015073 -0.044171 -0.000765
v -0.016248 -0.043984 -0.000731
v -0.016171 -0.043948 -0.000731
v -0.016091 -0.043919 -0.000731
v -0.016009 -0.043896 -0.000731
v -0.015925 -0.043881 -0.000731
v -0.015841 -0.043872 -0.000731
v -0.015756 -0.043871 -0.000731
v -0.015671 -0.043877 -0.000731
v -0.015587 -0.04389 -0.000731
v -0.015504 -0.04391 -0.000731
v -0.015424 -0.043937 -0.000731
v -0.015346 -0.043971 -0.000731
v -0.015271 -0.044011 -0.000731
v -0.0152 -0.044058 -0.000731
v -0.015133 -0.04411 -0.000731
v -0.01507 -0.044167 -0.000731
v -0.016325 -0.04402 -0.000696
v -0.016251 -0.043978 -0.000696
v -0.016174 -0.043941 -0.000696
v -0.016093 -0.043912 -0.000696
v -0.016011 -0.043889 -0.000696
v -0.015926 -0.043873 -0.000696
v -0.015841 -0.043865 -0.000696
v -0.015756 -0.043864 -0.000696
v -0.01567 -0.04387 -0.000696
v -0.015586 -0.043883 -0.000696
v -0.015502 -0.043903 -0.000696
v -0.015421 -0.04393 -0.000696
v -0.015343 -0.043964 -0.000696
v -0.015267 -0.044005 -0.000696
v -0.015195 -0.044051 -0.000696
v -0.015128 -0.044104 -0.000696
v -0.015065 -0.044162 -0.000696
v -0.016256 -0.043968 -0.000663
v -0.016178 -0.043932 -0.000663
v -0.016096 -0.043902 -0.000663
v -0.016013 -0.043879 -0.000663
v -0.015928 -0.043863 -0.000663
v -0.015842 -0.043854 -0.000663
v -0.015755 -0.043853 -0.000663
v -0.015669 -0.043859 -0.000663
v -0.015583 -0.043872 -0.000663
v -0.015499 -0.043893 -0.000663
v -0.015417 -0.04392 -0.000663
v -0.015338 -0.043955 -0.000663
v -0.015262 -0.043996 -0.000663
v -0.015189 -0.044043 -0.000663
v -0.015121 -0.044096 -0.000663
v -0.015057 -0.044155 -0.000663
v -0.016338 -0.044 -0.000631
v -0.016262 -0.043956 -0.000631
v -0.016183 -0.043919 -0.000631
v -0.0161 -0.043889 -0.000631
v -0.016016 -0.043866 -0.000631
v -0.01593 -0.04385 -0.000631
v -0.015843 -0.043841 -0.000631
v -0.015755 -0.04384 -0.000631
v -0.015667 -0.043846 -0.000631
v -0.015581 -0.043859 -0.000631
v -0.015496 -0.04388 -0.000631
v -0.015413 -0.043908 -0.000631
v -0.015332 -0.043943 -0.000631
v -0.015255 -0.043984 -0.000631
v -0.015181 -0.044032 -0.000631
v -0.015112 -0.044086 -0.000631
v -0.015048 -0.044145 -0.000631
v -0.01627 -0.043942 -0.0006
v -0.016189 -0.043904 -0.0006
v -0.016105 -0.043874 -0.0006
v -0.01602 -0.04385 -0.0006
v -0.015932 -0.043834 -0.0006
v -0.015843 -0.043825 -0.0006
v -0.015754 -0.043824 -0.0006
v -0.015666 -0.04383 -0.0006
v -0.015578 -0.043844 -0.0006
v -0.015491 -0.043865 -0.0006
v -0.015407 -0.043893 -0.0006
v -0.015325 -0.043928 -0.0006
v -0.015247 -0.04397 -0.0006
v -0.015172 -0.044019 -0.0006
v -0.015102 -0.044073 -0.0006
v -0.015036 -0.044134 -0.0006
v -0.016357 -0.043971 -0.000571
v -0.016278 -0.043925 -0.000571
v -0.016196 -0.043887 -0.000571
v -0.016111 -0.043856 -0.000571
v -0.016024 -0.043832 -0.000571
v -0.015935 -0.043815 -0.000571
v -0.015845 -0.043806 -0.000571
v -0.015754 -0.043805 -0.000571
v -0.015664 -0.043811 -0.000571
v -0.015574 -0.043825 -0.000571
v -0.015486 -0.043847 -0.000571
v -0.0154 -0.043875 -0.000571
v -0.015317 -0.043911 -0.000571
v -0.015237 -0.043954 -0.000571
v -0.015161 -0.044004 -0.000571
v -0.01509 -0.044059 -0.000571
v -0.015023 -0.044121 -0.000571
v -0.016368 -0.043953 -0.000543
v -0.016288 -0.043907 -0.000543
v -0.016204 -0.043867 -0.000543
v -0.016118 -0.043836 -0.000543
v -0.016029 -0.043811 -0.000543
v -0.015938 -0.043794 -0.000543
v -0.015846 -0.043785 -0.000543
v -0.015753 -0.043784 -0.000543
v -0.015661 -0.04379 -0.000543
v -0.01557 -0.043804 -0.000543
v -0.01548 -0.043826 -0.000543
v -0.015393 -0.043856 -0.000543
v -0.015308 -0.043892 -0.000543
v -0.015226 -0.043936 -0.000543
v -0.015149 -0.043986 -0.000543
v -0.015076 -0.044043 -0.000543
v -0.015008 -0.044106 -0.000543
v -0.016381 -0.043933 -0.000517
v -0.016299 -0.043886 -0.000517
v -0.016213 -0.043846 -0.000517
v -0.016125 -0.043813 -0.000517
v -0.016034 -0.043788 -0.000517
v -0.015941 -0.043771 -0.000517
v -0.015847 -0.043761 -0.000517
v -0.015753 -0.04376 -0.000517
v -0.015659 -0.043767 -0.000517
v -0.015565 -0.043781 -0.000517
v -0.015474 -0.043804 -0.000517
v -0.015384 -0.043834 -0.000517
v -0.015297 -0.043871 -0.000517
v -0.015214 -0.043916 -0.000517
v -0.015135 -0.043967 -0.000517
v -0.015061 -0.044025 -0.000517
v -0.014991 -0.044089 -0.000517
v -0.016394 -0.043911 -0.000494
v -0.016311 -0.043863 -0.000494
v -0.016223 -0.043822 -0.000494
v -0.016133 -0.043789 -0.000494
v -0.01604 -0.043763 -0.000494
v -0.015945 -0.043745 -0.000494
v -0.015849 -0.043736 -0.000494
v -0.015752 -0.043734 -0.000494
v -0.015656 -0.043741 -0.000494
v -0.01556 -0.043756 -0.000494
v -0.015466 -0.043779 -0.000494
v -0.015375 -0.043809 -0.000494
v -0.015286 -0.043848 -0.000494
v -0.015201 -0.043893 -0.000494
v -0.01512 -0.043946 -0.000494
v -0.015044 -0.044005 -0.000494
v -0.014973 -0.044071 -0.000494
v -0.016491 -0.043944 -0.000472
v -0.016409 -0.043888 -0.000472
v -0.016324 -0.043838 -0.000472
v -0.016234 -0.043796 -0.000472
v -0.016141 -0.043762 -0.000472
v -0.016046 -0.043736 -0.000472
v -0.015949 -0.043718 -0.000472
v -0.01585 -0.043708 -0.000472
v -0.015751 -0.043707 -0.000472
v -0.015653 -0.043714 -0.000472
v -0.015555 -0.043729 -0.000472
v -0.015459 -0.043752 -0.000472
v -0.015365 -0.043784 -0.000472
v -0.015274 -0.043823 -0.000472
v -0.015187 -0.04387 -0.000472
v -0.015104 -0.043924 -0.000472
v -0.015026 -0.043984 -0.000472
v -0.014954 -0.044051 -0.000472
v -0.016508 -0.04392 -0.000454
v -0.016425 -0.043863 -0.000454
v -0.016337 -0.043812 -0.000454
v -0.016245 -0.043769 -0.000454
v -0.01615 -0.043734 -0.000454
v -0.016052 -0.043707 -0.000454
v -0.015953 -0.043689 -0.000454
v -0.015852 -0.043679 -0.000454
v -0.01575 -0.043677 -0.000454
v -0.015649 -0.043684 -0.000454
v -0.015549 -0.0437 -0.000454
v -0.015451 -0.043724 -0.000454
v -0.015355 -0.043756 -0.000454
v -0.015261 -0.043796 -0.000454
v -0.015172 -0.043844 -0.000454
v -0.015087 -0.0439 -0.000454
v -0.015007 -0.043962 -0.000454
v -0.014933 -0.044031 -0.000454
v -0.016527 -0.043896 -0.000437
v -0.016442 -0.043837 -0.000437
v -0.016351 -0.043785 -0.000437
v -0.016257 -0.043741 -0.000437
v -0.01616 -0.043705 -0.000437
v -0.016059 -0.043677 -0.000437
v -0.015957 -0.043658 -0.000437
v -0.015854 -0.043648 -0.000437
v -0.01575 -0.043646 -0.000437
v -0.015646 -0.043654 -0.000437
v -0.015543 -0.04367 -0.000437
v -0.015442 -0.043694 -0.000437
v -0.015343 -0.043727 -0.000437
v -0.015248 -0.043768 -0.000437
v -0.015156 -0.043818 -0.000437
v -0.015069 -0.043874 -0.000437
v -0.014987 -0.043938 -0.000437
v -0.014911 -0.044009 -0.000437
v -0.016547 -0.04387 -0.000424
v -0.016459 -0.043809 -0.000424
v -0.016366 -0.043756 -0.000424
v -0.01627 -0.043711 -0.000424
v -0.016169 -0.043674 -0.000424
v -0.016067 -0.043646 -0.000424
v -0.015962 -0.043626 -0.000424
v -0.015855 -0.043616 -0.000424
v -0.015749 -0.043614 -0.000424
v -0.015642 -0.043622 -0.000424
v -0.015537 -0.043638 -0.000424
v -0.015433 -0.043663 -0.000424
v -0.015332 -0.043697 -0.000424
v -0.015234 -0.043739 -0.000424
v -0.01514 -0.04379 -0.000424
v -0.01505 -0.043848 -0.000424
v -0.014966 -0.043914 -0.000424
v -0.014888 -0.043986 -0.000424
v -0.016567 -0.043844 -0.000414
v -0.016477 -0.043781 -0.000414
v -0.016382 -0.043727 -0.000414
v -0.016282 -0.04368 -0.000414
v -0.01618 -0.043642 -0.000414
v -0.016074 -0.043613 -0.000414
v -0.015966 -0.043593 -0.000414
v -0.015857 -0.043582 -0.000414
v -0.015748 -0.043581 -0.000414
v -0.015639 -0.043589 -0.000414
v -0.01553 -0.043605 -0.000414
v -0.015424 -0.043631 -0.000414
v -0.01532 -0.043666 -0.000414
v -0.015219 -0.04371 -0.000414
v -0.015123 -0.043761 -0.000414
v -0.015031 -0.043821 -0.000414
v -0.014945 -0.043888 -0.000414
v -0.014864 -0.043963 -0.000414
v -0.016587 -0.043816 -0.000406
v -0.016495 -0.043752 -0.000406
v -0.016397 -0.043696 -0.000406
v -0.016296 -0.043649 -0.000406
v -0.01619 -0.04361 -0.000406
v -0.016082 -0.04358 -0.000406
v -0.015971 -0.04356 -0.000406
v -0.015859 -0.043548 -0.000406
v -0.015747 -0.043547 -0.000406
v -0.015635 -0.043555 -0.000406
v -0.015524 -0.043572 -0.000406
v -0.015414 -0.043599 -0.000406
v -0.015308 -0.043634 -0.000406
v -0.015205 -0.043679 -0.000406
v -0.015106 -0.043732 -0.000406
v -0.015011 -0.043793 -0.000406
v -0.014923 -0.043862 -0.000406
v -0.01484 -0.043939 -0.000406
v -0.016608 -0.043789 -0.000402
v -0.016513 -0.043723 -0.000402
v -0.016413 -0.043666 -0.000402
v -0.016309 -0.043617 -0.000402
v -0.016201 -0.043577 -0.000402
v -0.016089 -0.043546 -0.000402
v -0.015976 -0.043525 -0.000402
v -0.015861 -0.043514 -0.000402
v -0.015746 -0.043512 -0.000402
v -0.015631 -0.04352 -0.000402
v -0.015517 -0.043538 -0.000402
v -0.015405 -0.043565 -0.000402
v -0.015295 -0.043602 -0.000402
v -0.01519 -0.043648 -0.000402
v -0.015088 -0.043702 -0.000402
v -0.014991 -0.043765 -0.000402
v -0.0149 -0.043836 -0.000402
v -0.014816 -0.043914 -0.000402
v -0.020559 -0.049474 -0.000853
v -0.020631 -0.04991 -0.000777
v -0.020613 -0.050019 -0.000851
v -0.020605 -0.050013 -0.00086
v -0.020538 -0.049773 -0.000996
v -0.020547 -0.049677 -0.00094
v -0.020548 -0.049686 -0.000922
v -0.020912 -0.049665 -0.000514
v -0.020908 -0.049735 -0.00054
v -0.020889 -0.049733 -0.000542
v -0.020878 -0.050128 -0.000746
v -0.020864 -0.050126 -0.000747
v -0.020882 -0.050065 -0.000706
v -0.020937 -0.049452 -0.000451
v -0.020936 -0.049524 -0.000469
v -0.020559 -0.049262 -0.000799
v -0.020662 -0.049295 -0.000554
v -0.020659 -0.04955 -0.000615
v -0.020649 -0.049293 -0.000569
v -0.020647 -0.049545 -0.000629
v -0.020637 -0.049292 -0.000584
v -0.020635 -0.04954 -0.000644
v -0.020626 -0.04929 -0.0006
v -0.020624 -0.049535 -0.000659
v -0.020616 -0.049287 -0.000616
v -0.020614 -0.04953 -0.000675
v -0.020606 -0.049285 -0.000633
v -0.020604 -0.049525 -0.000692
v -0.020598 -0.049283 -0.00065
v -0.020596 -0.04952 -0.000708
v -0.02059 -0.04928 -0.000668
v -0.020588 -0.049514 -0.000725
v -0.020583 -0.049278 -0.000686
v -0.020581 -0.049508 -0.000743
v -0.020576 -0.049275 -0.000704
v -0.020575 -0.049503 -0.000761
v -0.020571 -0.049273 -0.000723
v -0.02057 -0.049497 -0.000779
v -0.020567 -0.04927 -0.000741
v -0.020566 -0.049491 -0.000797
v -0.020563 -0.049267 -0.00076
v -0.020563 -0.049486 -0.000815
v -0.020561 -0.049265 -0.00078
v -0.02056 -0.04948 -0.000834
v -0.020918 -0.049379 -0.000438
v -0.020917 -0.049452 -0.000453
v -0.020898 -0.049451 -0.000455
v -0.020916 -0.049524 -0.000471
v -0.020673 -0.049554 -0.000602
v -0.020676 -0.049427 -0.000566
v -0.020687 -0.049559 -0.000589
v -0.02069 -0.04943 -0.000553
v -0.020701 -0.049563 -0.000576
v -0.020705 -0.049432 -0.00054
v -0.020717 -0.049567 -0.000565
v -0.02072 -0.049435 -0.000529
v -0.020733 -0.049571 -0.000554
v -0.020736 -0.049438 -0.000518
v -0.020749 -0.049574 -0.000544
v -0.020752 -0.04944 -0.000507
v -0.020766 -0.049577 -0.000535
v -0.020769 -0.049442 -0.000498
v -0.020783 -0.049581 -0.000527
v -0.020787 -0.049444 -0.000489
v -0.020801 -0.049583 -0.000519
v -0.020804 -0.049446 -0.000482
v -0.020819 -0.049586 -0.000512
v -0.020823 -0.049447 -0.000475
v -0.020838 -0.049588 -0.000506
v -0.020841 -0.049449 -0.000468
v -0.020857 -0.04959 -0.000501
v -0.02086 -0.04945 -0.000463
v -0.020876 -0.049592 -0.000497
v -0.020879 -0.049451 -0.000459
v -0.020895 -0.049594 -0.000494
v -0.020937 -0.049379 -0.000436
v -0.020936 -0.049306 -0.000423
v -0.020878 -0.049307 -0.000431
v -0.020859 -0.049307 -0.000436
v -0.020841 -0.049307 -0.000441
v -0.020822 -0.049306 -0.000447
v -0.020804 -0.049306 -0.000454
v -0.020786 -0.049305 -0.000462
v -0.020769 -0.049304 -0.000471
v -0.020752 -0.049303 -0.000481
v -0.020735 -0.049302 -0.000491
v -0.020719 -0.049301 -0.000502
v -0.020704 -0.0493 -0.000514
v -0.020689 -0.049298 -0.000527
v -0.020675 -0.049297 -0.00054
v -0.020898 -0.049379 -0.00044
v -0.020898 -0.049307 -0.000428
v -0.020917 -0.049306 -0.000425
v -0.020915 -0.049233 -0.000415
v -0.020935 -0.049232 -0.000413
v -0.020932 -0.049159 -0.000406
v -0.020874 -0.049162 -0.000414
v -0.02089 -0.049087 -0.000406
v -0.020893 -0.049161 -0.000411
v -0.020909 -0.049086 -0.000404
v -0.020871 -0.049089 -0.00041
v -0.020855 -0.049162 -0.000419
v -0.020629 -0.050032 -0.000837
v -0.020644 -0.049919 -0.000764
v -0.020634 -0.050036 -0.000832
v -0.020658 -0.049927 -0.000753
v -0.020659 -0.050052 -0.000814
v -0.020673 -0.049935 -0.000741
v -0.020688 -0.049943 -0.000731
v -0.020658 -0.050051 -0.000815
v -0.020644 -0.050043 -0.000824
v -0.020643 -0.050041 -0.000825
v -0.020721 -0.049957 -0.000713
v -0.020691 -0.050069 -0.000795
v -0.020704 -0.04995 -0.000721
v -0.020683 -0.050065 -0.000799
v -0.020673 -0.05006 -0.000805
v -0.020815 -0.050115 -0.000753
v -0.020799 -0.050111 -0.000756
v -0.020829 -0.049991 -0.000675
v -0.02081 -0.049987 -0.000679
v -0.020796 -0.05011 -0.000756
v -0.02078 -0.050105 -0.00076
v -0.020792 -0.049982 -0.000684
v -0.020768 -0.050101 -0.000763
v -0.020773 -0.049976 -0.00069
v -0.020758 -0.050098 -0.000766
v -0.020755 -0.04997 -0.000697
v -0.020738 -0.05009 -0.000773
v -0.020738 -0.049964 -0.000704
v -0.020725 -0.050085 -0.000778
v -0.020709 -0.050078 -0.000785
v -0.020842 -0.050058 -0.00071
v -0.020831 -0.050119 -0.00075
v -0.020818 -0.050116 -0.000752
v -0.020854 -0.050124 -0.000747
v -0.020862 -0.050062 -0.000707
v -0.020868 -0.049999 -0.000669
v -0.020897 -0.050131 -0.000746
v -0.020901 -0.050068 -0.000705
v -0.020888 -0.050002 -0.000668
v -0.020894 -0.049937 -0.000632
v -0.020908 -0.050005 -0.000667
v -0.020914 -0.04994 -0.000631
v -0.020919 -0.049873 -0.000598
v -0.020657 -0.049801 -0.000701
v -0.020671 -0.049808 -0.000689
v -0.020685 -0.049815 -0.000677
v -0.020701 -0.049822 -0.000666
v -0.020717 -0.049828 -0.000656
v -0.020733 -0.049834 -0.000647
v -0.02075 -0.049839 -0.000638
v -0.020768 -0.049845 -0.000631
v -0.020785 -0.049849 -0.000624
v -0.020804 -0.049854 -0.000617
v -0.020822 -0.049858 -0.000612
v -0.020841 -0.049862 -0.000607
v -0.020849 -0.049995 -0.000672
v -0.020861 -0.049865 -0.000604
v -0.020875 -0.049934 -0.000634
v -0.02088 -0.049868 -0.000601
v -0.0209 -0.049871 -0.000599
v -0.020904 -0.049804 -0.000568
v -0.020924 -0.049805 -0.000567
v -0.020928 -0.049737 -0.000539
v -0.020931 -0.049667 -0.000513
v -0.020934 -0.049596 -0.00049
v -0.020666 -0.04968 -0.000647
v -0.02068 -0.049685 -0.000634
v -0.020695 -0.049691 -0.000622
v -0.02071 -0.049696 -0.000611
v -0.020726 -0.049701 -0.000601
v -0.020743 -0.049706 -0.000591
v -0.02076 -0.04971 -0.000582
v -0.020777 -0.049714 -0.000574
v -0.020795 -0.049718 -0.000566
v -0.020813 -0.049722 -0.00056
v -0.020832 -0.049725 -0.000554
v -0.020851 -0.049728 -0.000549
v -0.02087 -0.049731 -0.000545
v -0.020914 -0.049595 -0.000491
v -0.020526 -0.049865 -0.00106
v -0.020643 -0.049794 -0.000714
v -0.020619 -0.049902 -0.00079
v -0.020653 -0.049674 -0.00066
v -0.020631 -0.049787 -0.000727
v -0.020619 -0.049779 -0.000741
v -0.020593 -0.050002 -0.000873
v -0.020582 -0.049991 -0.000886
v -0.020609 -0.049771 -0.000756
v -0.020576 -0.049985 -0.000895
v -0.020599 -0.049763 -0.000771
v -0.020572 -0.04998 -0.000901
v -0.020589 -0.049755 -0.000786
v -0.020561 -0.049967 -0.000918
v -0.020581 -0.049746 -0.000802
v -0.020555 -0.049958 -0.00093
v -0.020574 -0.049738 -0.000819
v -0.020549 -0.049948 -0.000943
v -0.020542 -0.049935 -0.000961
v -0.020567 -0.049729 -0.000835
v -0.020539 -0.049929 -0.000968
v -0.020561 -0.04972 -0.000852
v -0.020537 -0.049923 -0.000978
v -0.020557 -0.049712 -0.00087
v -0.020532 -0.04991 -0.000995
v -0.020553 -0.049703 -0.000887
v -0.02053 -0.0499 -0.00101
v -0.02055 -0.049694 -0.000905
v -0.020528 -0.049891 -0.001022
v -0.020527 -0.049877 -0.001043
v -0.020526 -0.049873 -0.001049
v -0.020896 -0.049234 -0.000418
v -0.020913 -0.04916 -0.000408
v -0.020929 -0.049084 -0.000402
v -0.020671 -0.049166 -0.000524
v -0.020685 -0.049166 -0.00051
v -0.0207 -0.049166 -0.000497
v -0.020715 -0.049166 -0.000485
v -0.020731 -0.049166 -0.000474
v -0.020748 -0.049166 -0.000464
v -0.020765 -0.049165 -0.000454
v -0.020782 -0.049165 -0.000445
v -0.0208 -0.049164 -0.000437
v -0.020818 -0.049164 -0.00043
v -0.020837 -0.049163 -0.000424
v -0.02027 -0.05099 -0.001615
v -0.0202 -0.051119 -0.001718
v -0.020195 -0.051109 -0.001729
v -0.020189 -0.051098 -0.001741
v -0.020188 -0.051094 -0.001745
v -0.020254 -0.050962 -0.001646
v -0.020248 -0.050947 -0.001663
v -0.020181 -0.051077 -0.001765
v -0.020177 -0.051066 -0.001779
v -0.020175 -0.051056 -0.00179
v -0.020174 -0.051052 -0.001796
v -0.020239 -0.05092 -0.001697
v -0.020237 -0.050906 -0.001714
v -0.020171 -0.051036 -0.001817
v -0.02017 -0.051025 -0.001833
v -0.02017 -0.051017 -0.001844
v -0.02017 -0.051012 -0.001851
v -0.020235 -0.05088 -0.001751
v -0.020546 -0.050128 -0.001008
v -0.02053 -0.050479 -0.001154
v -0.020485 -0.050624 -0.001258
v -0.020472 -0.050612 -0.00127
v -0.020517 -0.050467 -0.001166
v -0.02046 -0.0506 -0.001283
v -0.020484 -0.050431 -0.001206
v -0.020522 -0.050286 -0.0011
v -0.020533 -0.050298 -0.001086
v -0.020494 -0.050443 -0.001192
v -0.020449 -0.050587 -0.001296
v -0.020439 -0.050574 -0.00131
v -0.020474 -0.050153 -0.001278
v -0.020505 -0.05136 -0.001592
v -0.020439 -0.050295 -0.001387
v -0.020503 -0.05001 -0.00117
v -0.020503 -0.050033 -0.001135
v -0.020503 -0.050021 -0.001152
v -0.020512 -0.050069 -0.001085
v -0.020508 -0.050057 -0.001102
v -0.020505 -0.050045 -0.001119
v -0.020398 -0.050435 -0.001494
v -0.020437 -0.050306 -0.001369
v -0.020396 -0.050447 -0.001476
v -0.020437 -0.050318 -0.001351
v -0.020395 -0.050459 -0.001458
v -0.020438 -0.050331 -0.001334
v -0.020396 -0.050471 -0.00144
v -0.02044 -0.050343 -0.001317
v -0.020397 -0.050484 -0.001423
v -0.020443 -0.050355 -0.0013
v -0.0204 -0.050496 -0.001405
v -0.020447 -0.050368 -0.001283
v -0.020404 -0.050509 -0.001388
v -0.020452 -0.050381 -0.001267
v -0.020409 -0.050522 -0.001372
v -0.020459 -0.050393 -0.001251
v -0.020414 -0.050535 -0.001356
v -0.020466 -0.050406 -0.001235
v -0.020422 -0.050548 -0.00134
v -0.020473 -0.050164 -0.001261
v -0.020473 -0.050176 -0.001244
v -0.020474 -0.050188 -0.001227
v -0.020477 -0.050201 -0.00121
v -0.02048 -0.050213 -0.001193
v -0.020485 -0.050225 -0.001176
v -0.02049 -0.050237 -0.00116
v -0.020497 -0.05025 -0.001145
v -0.020504 -0.050262 -0.001129
v -0.020516 -0.050081 -0.001069
v -0.020522 -0.050093 -0.001053
v -0.020529 -0.050104 -0.001038
v -0.020537 -0.050116 -0.001023
v -0.020578 -0.050162 -0.000967
v -0.020566 -0.050151 -0.00098
v -0.020555 -0.050139 -0.000994
v -0.020505 -0.050455 -0.001178
v -0.020544 -0.050309 -0.001073
v -0.020557 -0.050321 -0.00106
v -0.02059 -0.050172 -0.000954
v -0.020603 -0.050183 -0.000942
v -0.020513 -0.050274 -0.001114
v -0.020474 -0.050418 -0.00122
v -0.02043 -0.050561 -0.001325
v -0.020544 -0.050491 -0.001142
v -0.020584 -0.050343 -0.001037
v -0.020599 -0.050353 -0.001026
v -0.02084 -0.05045 -0.000964
v -0.020757 -0.050763 -0.001179
v -0.02082 -0.050446 -0.000964
v -0.020736 -0.050757 -0.001178
v -0.020799 -0.050441 -0.000964
v -0.020715 -0.050751 -0.001177
v -0.020779 -0.050435 -0.000965
v -0.020695 -0.050744 -0.001178
v -0.020759 -0.050429 -0.000968
v -0.020675 -0.050737 -0.00118
v -0.020739 -0.050423 -0.000971
v -0.020655 -0.050729 -0.001182
v -0.02072 -0.050416 -0.000975
v -0.020635 -0.05072 -0.001186
v -0.020701 -0.050408 -0.00098
v -0.020616 -0.050711 -0.00119
v -0.020683 -0.0504 -0.000985
v -0.020597 -0.050702 -0.001196
v -0.020665 -0.050392 -0.000992
v -0.020579 -0.050692 -0.001202
v -0.020647 -0.050383 -0.000999
v -0.020562 -0.050682 -0.001209
v -0.02063 -0.050373 -0.001008
v -0.020545 -0.050671 -0.001217
v -0.020614 -0.050363 -0.001017
v -0.020529 -0.05066 -0.001226
v -0.020559 -0.050502 -0.001132
v -0.020513 -0.050648 -0.001236
v -0.020499 -0.050637 -0.001246
v -0.020617 -0.050193 -0.000931
v -0.02057 -0.050332 -0.001048
v -0.02032 -0.051253 -0.001612
v -0.020307 -0.051242 -0.001618
v -0.020436 -0.05096 -0.001422
v -0.020452 -0.050972 -0.001414
v -0.02047 -0.050984 -0.001407
v -0.020331 -0.051262 -0.001608
v -0.020263 -0.051202 -0.001644
v -0.020327 -0.051061 -0.00155
v -0.020272 -0.051211 -0.001638
v -0.020341 -0.051075 -0.00154
v -0.020284 -0.051223 -0.00163
v -0.020356 -0.051088 -0.00153
v -0.020287 -0.051225 -0.001628
v -0.020303 -0.051239 -0.00162
v -0.020526 -0.051017 -0.001392
v -0.020385 -0.051299 -0.001593
v -0.020506 -0.051006 -0.001396
v -0.020373 -0.051291 -0.001596
v -0.020488 -0.050996 -0.001401
v -0.020357 -0.05128 -0.001599
v -0.020337 -0.051266 -0.001606
v -0.020647 -0.051068 -0.001389
v -0.020627 -0.051061 -0.001387
v -0.020493 -0.051355 -0.001591
v -0.020606 -0.051053 -0.001386
v -0.020474 -0.051347 -0.001589
v -0.020585 -0.051045 -0.001386
v -0.020452 -0.051336 -0.001588
v -0.020444 -0.051332 -0.001588
v -0.020565 -0.051036 -0.001387
v -0.020431 -0.051325 -0.001588
v -0.020545 -0.051027 -0.001389
v -0.020414 -0.051316 -0.001589
v -0.020392 -0.051303 -0.001592
v -0.02018 -0.05097 -0.001918
v -0.020178 -0.050976 -0.001908
v -0.020241 -0.050844 -0.001807
v -0.020238 -0.050856 -0.001788
v -0.020176 -0.050982 -0.001899
v -0.020236 -0.050868 -0.001769
v -0.020172 -0.050999 -0.001871
v -0.020171 -0.051006 -0.001861
v -0.020235 -0.050893 -0.001733
v -0.020172 -0.051045 -0.001805
v -0.020243 -0.050934 -0.001679
v -0.020185 -0.051087 -0.001753
v -0.020262 -0.050976 -0.001631
v -0.020258 -0.051197 -0.001648
v -0.020244 -0.051181 -0.001661
v -0.020314 -0.051047 -0.001562
v -0.020229 -0.051163 -0.001677
v -0.020301 -0.051033 -0.001574
v -0.020222 -0.051153 -0.001685
v -0.02029 -0.051019 -0.001587
v -0.020214 -0.051141 -0.001697
v -0.020279 -0.051004 -0.001601
v -0.020212 -0.051138 -0.001699
v -0.020207 -0.051131 -0.001706
v -0.020299 -0.05071 -0.001704
v -0.02042 -0.050948 -0.00143
v -0.020477 -0.050805 -0.001329
v -0.020404 -0.050935 -0.00144
v -0.020462 -0.050793 -0.001339
v -0.02039 -0.050922 -0.001451
v -0.020447 -0.05078 -0.001349
v -0.020376 -0.050909 -0.001462
v -0.020434 -0.050768 -0.001361
v -0.020364 -0.050895 -0.001474
v -0.020421 -0.050755 -0.001373
v -0.020352 -0.050881 -0.001487
v -0.020409 -0.050742 -0.001386
v -0.020342 -0.050868 -0.001501
v -0.020398 -0.050728 -0.001399
v -0.020332 -0.050854 -0.001515
v -0.020388 -0.050715 -0.001413
v -0.020323 -0.05084 -0.00153
v -0.020379 -0.050702 -0.001428
v -0.020316 -0.050826 -0.001546
v -0.020371 -0.050688 -0.001444
v -0.020309 -0.050812 -0.001562
v -0.020365 -0.050675 -0.001459
v -0.020304 -0.050799 -0.001578
v -0.020359 -0.050662 -0.001476
v -0.0203 -0.050785 -0.001596
v -0.020355 -0.050648 -0.001493
v -0.020297 -0.050772 -0.001613
v -0.020351 -0.050635 -0.00151
v -0.020295 -0.050759 -0.001631
v -0.020349 -0.050622 -0.001527
v -0.020294 -0.050746 -0.001649
v -0.020348 -0.05061 -0.001545
v -0.020294 -0.050734 -0.001667
v -0.020348 -0.050597 -0.001563
v -0.020296 -0.050722 -0.001686
v -0.020349 -0.050585 -0.001581
v -0.020351 -0.050574 -0.0016
v -0.020225 -0.051757 -0.002181
v -0.020212 -0.051736 -0.002173
v -0.020217 -0.051743 -0.00216
v -0.020268 -0.051818 -0.002201
v -0.020334 -0.051891 -0.002226
v -0.02037 -0.051925 -0.002237
v -0.020667 -0.052051 -0.002131
v -0.020706 -0.052062 -0.002136
v -0.020699 -0.052071 -0.002159
v -0.020659 -0.052058 -0.002153
v -0.020693 -0.052078 -0.002182
v -0.02082 -0.052108 -0.002214
v -0.020775 -0.052103 -0.002212
v -0.020778 -0.052096 -0.002189
v -0.020864 -0.052123 -0.002298
v -0.02038 -0.051822 -0.001976
v -0.020358 -0.051792 -0.00196
v -0.02037 -0.051792 -0.00195
v -0.020796 -0.052044 -0.002079
v -0.020727 -0.052029 -0.002072
v -0.020734 -0.052015 -0.002053
v -0.020868 -0.052031 -0.002056
v -0.020868 -0.052036 -0.002062
v -0.0208 -0.05203 -0.00206
v -0.020867 -0.052051 -0.002082
v -0.020432 -0.05139 -0.001624
v -0.020326 -0.051299 -0.001626
v -0.020291 -0.051275 -0.001641
v -0.020306 -0.051603 -0.00182
v -0.020322 -0.051606 -0.001812
v -0.020343 -0.05167 -0.001851
v -0.020359 -0.051671 -0.001842
v -0.020209 -0.051194 -0.001706
v -0.020179 -0.051265 -0.001762
v -0.020187 -0.051223 -0.001741
v -0.020198 -0.051236 -0.001727
v -0.020301 -0.051758 -0.001976
v -0.02028 -0.051723 -0.001958
v -0.020292 -0.051726 -0.001947
v -0.02019 -0.051654 -0.002029
v -0.020173 -0.051612 -0.002011
v -0.020182 -0.051618 -0.001997
v -0.020152 -0.051058 -0.001869
v -0.020159 -0.051016 -0.001934
v -0.020142 -0.051062 -0.00195
v -0.020107 -0.051207 -0.002001
v -0.020107 -0.051426 -0.002038
v -0.020106 -0.051421 -0.002046
v -0.020101 -0.051372 -0.002028
v -0.020115 -0.051474 -0.002055
v -0.020113 -0.05147 -0.002063
v -0.020161 -0.051634 -0.002121
v -0.020171 -0.051656 -0.002129
v -0.020168 -0.051653 -0.002136
v -0.020473 -0.051562 -0.00173
v -0.02049 -0.051663 -0.001798
v -0.020668 -0.051907 -0.00196
v -0.020871 -0.051966 -0.001994
v -0.020871 -0.05196 -0.001989
v -0.020584 -0.051844 -0.001919
v -0.020517 -0.051761 -0.001865
v -0.020473 -0.051665 -0.001801
v -0.020481 -0.05146 -0.001661
v -0.020188 -0.051693 -0.002159
v -0.020198 -0.051707 -0.002131
v -0.020204 -0.051722 -0.002152
v -0.020192 -0.0517 -0.002145
v -0.0202 -0.051715 -0.002166
v -0.020164 -0.051645 -0.002151
v -0.020146 -0.051599 -0.002135
v -0.020131 -0.051552 -0.002119
v -0.020152 -0.051611 -0.002113
v -0.020181 -0.051678 -0.002137
v -0.020177 -0.051671 -0.002151
v -0.020166 -0.051649 -0.002143
v -0.020186 -0.051685 -0.002123
v -0.020176 -0.051664 -0.002115
v -0.020166 -0.051642 -0.002107
v -0.020157 -0.051619 -0.002099
v -0.020148 -0.051596 -0.002091
v -0.020118 -0.051504 -0.002103
v -0.020109 -0.051455 -0.002086
v -0.020103 -0.051406 -0.002069
v -0.020099 -0.051356 -0.002052
v -0.020125 -0.051522 -0.002073
v -0.020123 -0.051518 -0.00208
v -0.020138 -0.051569 -0.00209
v -0.020136 -0.051565 -0.002097
v -0.020144 -0.051588 -0.002105
v -0.02015 -0.051607 -0.002121
v -0.020148 -0.051603 -0.002128
v -0.02014 -0.051573 -0.002082
v -0.020116 -0.051479 -0.002048
v -0.020127 -0.051527 -0.002065
v -0.020129 -0.051531 -0.002058
v -0.020143 -0.051578 -0.002075
v -0.020146 -0.051582 -0.002068
v -0.020154 -0.051604 -0.002076
v -0.020162 -0.051627 -0.002085
v -0.020171 -0.051649 -0.002093
v -0.020181 -0.051671 -0.002101
v -0.020248 -0.051769 -0.002092
v -0.020217 -0.051725 -0.00209
v -0.020224 -0.05173 -0.002076
v -0.020194 -0.051683 -0.002073
v -0.020202 -0.051689 -0.00206
v -0.020283 -0.05181 -0.002094
v -0.020256 -0.051773 -0.002079
v -0.020232 -0.051735 -0.002063
v -0.02021 -0.051695 -0.002046
v -0.020188 -0.051677 -0.002087
v -0.020178 -0.051656 -0.002079
v -0.020175 -0.051641 -0.002056
v -0.020168 -0.051634 -0.00207
v -0.020155 -0.051593 -0.002046
v -0.020165 -0.051605 -0.002025
v -0.020182 -0.051648 -0.002043
v -0.020158 -0.051597 -0.002039
v -0.020099 -0.051306 -0.002035
v -0.020101 -0.051257 -0.002018
v -0.020101 -0.051262 -0.002009
v -0.020099 -0.051317 -0.002019
v -0.020099 -0.051312 -0.002027
v -0.0201 -0.051367 -0.002036
v -0.0201 -0.051361 -0.002044
v -0.020104 -0.051416 -0.002053
v -0.020103 -0.051411 -0.002061
v -0.020111 -0.051465 -0.002071
v -0.02011 -0.05146 -0.002078
v -0.020121 -0.051513 -0.002088
v -0.02012 -0.051508 -0.002095
v -0.020134 -0.051561 -0.002104
v -0.020132 -0.051556 -0.002112
v -0.020127 -0.05111 -0.001967
v -0.020116 -0.051158 -0.001984
v -0.020115 -0.051164 -0.001975
v -0.020106 -0.051213 -0.001992
v -0.020106 -0.051219 -0.001984
v -0.020101 -0.051268 -0.002001
v -0.020102 -0.051274 -0.001993
v -0.0201 -0.051323 -0.002011
v -0.020101 -0.051328 -0.002002
v -0.020103 -0.051377 -0.00202
v -0.020104 -0.051383 -0.002012
v -0.020109 -0.051431 -0.00203
v -0.020111 -0.051436 -0.002022
v -0.020119 -0.051484 -0.00204
v -0.020121 -0.051489 -0.002033
v -0.020132 -0.051536 -0.00205
v -0.020135 -0.05154 -0.002043
v -0.020148 -0.051586 -0.002061
v -0.020151 -0.05159 -0.002053
v -0.02016 -0.051612 -0.002062
v -0.020137 -0.051544 -0.002036
v -0.020123 -0.051493 -0.002025
v -0.020113 -0.051441 -0.002015
v -0.020106 -0.051388 -0.002004
v -0.020102 -0.051334 -0.001994
v -0.020102 -0.051279 -0.001985
v -0.020106 -0.051224 -0.001975
v -0.020114 -0.05117 -0.001966
v -0.020126 -0.051116 -0.001958
v -0.02014 -0.051548 -0.002028
v -0.020126 -0.051498 -0.002018
v -0.020115 -0.051446 -0.002007
v -0.020107 -0.051393 -0.001997
v -0.020103 -0.051339 -0.001986
v -0.020103 -0.051285 -0.001976
v -0.020106 -0.05123 -0.001967
v -0.020114 -0.051176 -0.001958
v -0.020125 -0.051121 -0.001949
v -0.02014 -0.051068 -0.001941
v -0.020152 -0.051051 -0.001878
v -0.020157 -0.051021 -0.001925
v -0.020156 -0.051027 -0.001915
v -0.020139 -0.051074 -0.001932
v -0.020138 -0.05108 -0.001923
v -0.020124 -0.051127 -0.00194
v -0.020124 -0.051133 -0.001931
v -0.020114 -0.051182 -0.001949
v -0.020114 -0.051188 -0.00194
v -0.020107 -0.051236 -0.001958
v -0.020108 -0.051242 -0.00195
v -0.020104 -0.051291 -0.001968
v -0.020105 -0.051296 -0.00196
v -0.020105 -0.051345 -0.001978
v -0.020107 -0.05135 -0.00197
v -0.02011 -0.051398 -0.001989
v -0.020112 -0.051403 -0.001981
v -0.020118 -0.051451 -0.002
v -0.02012 -0.051456 -0.001992
v -0.020129 -0.051502 -0.00201
v -0.020132 -0.051507 -0.002003
v -0.020144 -0.051552 -0.002021
v -0.020154 -0.051033 -0.001906
v -0.020137 -0.051086 -0.001914
v -0.020124 -0.051139 -0.001922
v -0.020114 -0.051193 -0.001932
v -0.020109 -0.051248 -0.001942
v -0.020107 -0.051302 -0.001952
v -0.020109 -0.051356 -0.001962
v -0.020114 -0.051409 -0.001973
v -0.020123 -0.05146 -0.001985
v -0.020135 -0.051511 -0.001996
v -0.020151 -0.051561 -0.002007
v -0.020153 -0.051039 -0.001897
v -0.020153 -0.051045 -0.001887
v -0.020137 -0.051092 -0.001905
v -0.020137 -0.051098 -0.001896
v -0.020124 -0.051145 -0.001914
v -0.020124 -0.051152 -0.001905
v -0.020115 -0.051199 -0.001923
v -0.020116 -0.051206 -0.001915
v -0.02011 -0.051254 -0.001933
v -0.020112 -0.05126 -0.001925
v -0.020109 -0.051308 -0.001944
v -0.020111 -0.051313 -0.001936
v -0.020111 -0.051361 -0.001955
v -0.020114 -0.051366 -0.001947
v -0.020117 -0.051414 -0.001966
v -0.02012 -0.051419 -0.001958
v -0.020126 -0.051465 -0.001977
v -0.02013 -0.05147 -0.00197
v -0.020139 -0.051516 -0.001988
v -0.020137 -0.051479 -0.001955
v -0.020127 -0.051429 -0.001943
v -0.02013 -0.051433 -0.001936
v -0.020123 -0.051382 -0.001924
v -0.020125 -0.051341 -0.001897
v -0.020122 -0.051336 -0.001904
v -0.020123 -0.051289 -0.001885
v -0.020146 -0.051524 -0.001974
v -0.020133 -0.051474 -0.001962
v -0.020123 -0.051424 -0.001951
v -0.020117 -0.051372 -0.001939
v -0.020113 -0.051319 -0.001928
v -0.020114 -0.051265 -0.001917
v -0.020117 -0.051212 -0.001906
v -0.020125 -0.051158 -0.001896
v -0.020137 -0.051104 -0.001887
v -0.020126 -0.051164 -0.001888
v -0.020137 -0.051111 -0.001878
v -0.020138 -0.051117 -0.001869
v -0.020152 -0.051064 -0.00186
v -0.020153 -0.05107 -0.001851
v -0.020119 -0.051218 -0.001898
v -0.020127 -0.05117 -0.001879
v -0.020139 -0.051123 -0.00186
v -0.020153 -0.051077 -0.001842
v -0.020116 -0.051324 -0.00192
v -0.020116 -0.051271 -0.001909
v -0.020118 -0.051277 -0.001901
v -0.020121 -0.051224 -0.001889
v -0.020123 -0.05123 -0.001881
v -0.020129 -0.051177 -0.00187
v -0.020131 -0.051183 -0.001862
v -0.02014 -0.05113 -0.001851
v -0.020142 -0.051136 -0.001843
v -0.020154 -0.051084 -0.001833
v -0.020156 -0.05109 -0.001824
v -0.020148 -0.051156 -0.001818
v -0.020146 -0.051149 -0.001826
v -0.020159 -0.051104 -0.001807
v -0.02012 -0.051377 -0.001931
v -0.020119 -0.05133 -0.001912
v -0.020121 -0.051283 -0.001893
v -0.020125 -0.051236 -0.001873
v -0.020133 -0.051189 -0.001854
v -0.020144 -0.051143 -0.001834
v -0.020157 -0.051097 -0.001815
v -0.020199 -0.05166 -0.002015
v -0.020191 -0.051625 -0.001984
v -0.020145 -0.051488 -0.001941
v -0.020134 -0.051438 -0.001928
v -0.020126 -0.051387 -0.001916
v -0.020158 -0.051568 -0.001993
v -0.020167 -0.051576 -0.001979
v -0.020176 -0.051583 -0.001965
v -0.020186 -0.05159 -0.001952
v -0.020184 -0.051555 -0.001919
v -0.020174 -0.051548 -0.001933
v -0.020164 -0.05154 -0.001946
v -0.020155 -0.051532 -0.00196
v -0.020269 -0.05172 -0.00197
v -0.02029 -0.051756 -0.001987
v -0.020312 -0.051789 -0.002004
v -0.020178 -0.051479 -0.001866
v -0.020185 -0.051521 -0.001887
v -0.020174 -0.051513 -0.0019
v -0.020211 -0.051636 -0.001958
v -0.020207 -0.051602 -0.001926
v -0.020222 -0.051641 -0.001945
v -0.020219 -0.051608 -0.001914
v -0.020234 -0.051646 -0.001933
v -0.020231 -0.051613 -0.001902
v -0.020232 -0.05158 -0.00187
v -0.020219 -0.051574 -0.001882
v -0.020207 -0.051568 -0.001894
v -0.020202 -0.051495 -0.001841
v -0.02021 -0.051535 -0.001862
v -0.020197 -0.051528 -0.001874
v -0.02019 -0.051487 -0.001854
v -0.020167 -0.05147 -0.001879
v -0.020164 -0.051505 -0.001913
v -0.02013 -0.051393 -0.001909
v -0.020138 -0.051443 -0.001921
v -0.020147 -0.051452 -0.001907
v -0.020154 -0.051497 -0.001927
v -0.020138 -0.051403 -0.001894
v -0.020134 -0.051398 -0.001901
v -0.020132 -0.051352 -0.001881
v -0.020129 -0.051347 -0.001889
v -0.02013 -0.0513 -0.001869
v -0.020126 -0.051295 -0.001877
v -0.020131 -0.051248 -0.001857
v -0.020128 -0.051242 -0.001865
v -0.020135 -0.051196 -0.001845
v -0.020142 -0.051408 -0.001887
v -0.020136 -0.051358 -0.001874
v -0.020133 -0.051306 -0.001861
v -0.020134 -0.051254 -0.001849
v -0.020138 -0.051202 -0.001837
v -0.020141 -0.051208 -0.001829
v -0.020137 -0.05126 -0.001841
v -0.020137 -0.051312 -0.001854
v -0.02014 -0.051363 -0.001867
v -0.020161 -0.05111 -0.001798
v -0.020151 -0.051163 -0.001809
v -0.020144 -0.051215 -0.001821
v -0.020141 -0.051267 -0.001834
v -0.020141 -0.051318 -0.001846
v -0.020164 -0.051117 -0.00179
v -0.020154 -0.051169 -0.001801
v -0.020148 -0.051221 -0.001813
v -0.020145 -0.051273 -0.001826
v -0.020146 -0.051323 -0.001839
v -0.02015 -0.051374 -0.001852
v -0.020166 -0.051124 -0.001781
v -0.020157 -0.051176 -0.001793
v -0.020151 -0.051227 -0.001806
v -0.020149 -0.051279 -0.001818
v -0.02015 -0.051329 -0.001832
v -0.02016 -0.05134 -0.001818
v -0.020169 -0.051131 -0.001773
v -0.020173 -0.051138 -0.001765
v -0.02016 -0.051183 -0.001785
v -0.020164 -0.051189 -0.001777
v -0.020155 -0.051234 -0.001798
v -0.020159 -0.05124 -0.00179
v -0.020153 -0.051285 -0.001811
v -0.020158 -0.051291 -0.001804
v -0.020176 -0.051145 -0.001757
v -0.020168 -0.051196 -0.00177
v -0.020164 -0.051247 -0.001783
v -0.02018 -0.051152 -0.001749
v -0.020184 -0.051159 -0.001742
v -0.020173 -0.051203 -0.001762
v -0.020169 -0.051253 -0.001776
v -0.020177 -0.051209 -0.001755
v -0.020182 -0.051216 -0.001748
v -0.020188 -0.051166 -0.001734
v -0.020193 -0.051173 -0.001727
v -0.020163 -0.051297 -0.001797
v -0.020233 -0.051222 -0.001681
v -0.020223 -0.051262 -0.001702
v -0.02021 -0.051249 -0.001714
v -0.020202 -0.05129 -0.001736
v -0.02019 -0.051278 -0.001748
v -0.020185 -0.05132 -0.00177
v -0.020173 -0.051308 -0.001783
v -0.020171 -0.051351 -0.001804
v -0.02016 -0.051384 -0.001838
v -0.020152 -0.051418 -0.001873
v -0.020198 -0.05118 -0.00172
v -0.020203 -0.051187 -0.001713
v -0.02022 -0.051208 -0.001693
v -0.020216 -0.051503 -0.00183
v -0.020223 -0.051542 -0.00185
v -0.020262 -0.051688 -0.00194
v -0.020274 -0.051691 -0.001929
v -0.020287 -0.051694 -0.001918
v -0.020305 -0.051728 -0.001936
v -0.0203 -0.051696 -0.001907
v -0.020317 -0.051729 -0.001925
v -0.020314 -0.051698 -0.001897
v -0.020331 -0.05173 -0.001915
v -0.020313 -0.051667 -0.001868
v -0.020299 -0.051664 -0.001878
v -0.020285 -0.051662 -0.001888
v -0.020271 -0.051658 -0.001899
v -0.020258 -0.051655 -0.00191
v -0.020387 -0.051701 -0.001853
v -0.020401 -0.05173 -0.001871
v -0.020372 -0.051701 -0.001861
v -0.020386 -0.051731 -0.001879
v -0.020357 -0.051701 -0.001869
v -0.020372 -0.051731 -0.001887
v -0.020342 -0.0517 -0.001878
v -0.020358 -0.051731 -0.001896
v -0.020328 -0.051699 -0.001887
v -0.020344 -0.051731 -0.001905
v -0.020259 -0.051523 -0.001798
v -0.020266 -0.051559 -0.001818
v -0.020251 -0.051554 -0.001828
v -0.020301 -0.051633 -0.001849
v -0.02029 -0.051599 -0.001829
v -0.020286 -0.05163 -0.001859
v -0.020275 -0.051595 -0.001839
v -0.020271 -0.051626 -0.001869
v -0.02026 -0.05159 -0.001849
v -0.020258 -0.051622 -0.001879
v -0.020328 -0.051669 -0.001859
v -0.020275 -0.051529 -0.001788
v -0.020281 -0.051564 -0.001809
v -0.020416 -0.051728 -0.001863
v -0.020448 -0.051781 -0.001897
v -0.020434 -0.051784 -0.001904
v -0.020461 -0.051721 -0.001844
v -0.020456 -0.051668 -0.001805
v -0.020489 -0.05177 -0.001876
v -0.020503 -0.051766 -0.00187
v -0.020523 -0.051816 -0.001906
v -0.02039 -0.051672 -0.001828
v -0.020372 -0.051612 -0.00179
v -0.020389 -0.051614 -0.001784
v -0.02044 -0.051669 -0.00181
v -0.020416 -0.051559 -0.001737
v -0.020435 -0.051561 -0.001734
v -0.020454 -0.051562 -0.001732
v -0.020302 -0.051471 -0.00173
v -0.020308 -0.051539 -0.001772
v -0.020291 -0.051534 -0.00178
v -0.020297 -0.051569 -0.0018
v -0.020287 -0.051499 -0.001759
v -0.020271 -0.051493 -0.001768
v -0.020285 -0.051464 -0.001738
v -0.020303 -0.051436 -0.00171
v -0.020323 -0.051411 -0.001682
v -0.020374 -0.051672 -0.001835
v -0.020338 -0.051608 -0.001804
v -0.020355 -0.051611 -0.001797
v -0.020325 -0.051543 -0.001764
v -0.020343 -0.051548 -0.001757
v -0.02032 -0.051477 -0.001723
v -0.020338 -0.051483 -0.001717
v -0.020157 -0.051462 -0.001893
v -0.020162 -0.051427 -0.001859
v -0.020171 -0.051394 -0.001825
v -0.020182 -0.051362 -0.001791
v -0.020197 -0.051331 -0.001757
v -0.020215 -0.051302 -0.001724
v -0.020236 -0.051275 -0.001691
v -0.020246 -0.051236 -0.00167
v -0.020251 -0.051287 -0.00168
v -0.02026 -0.051249 -0.001659
v -0.020275 -0.051262 -0.001649
v -0.020229 -0.051314 -0.001712
v -0.02021 -0.051342 -0.001745
v -0.020195 -0.051373 -0.001778
v -0.020182 -0.051404 -0.001812
v -0.020173 -0.051437 -0.001846
v -0.020335 -0.051344 -0.001641
v -0.020328 -0.051377 -0.001661
v -0.02031 -0.051368 -0.001668
v -0.020305 -0.051402 -0.001689
v -0.020288 -0.051393 -0.001696
v -0.020285 -0.051429 -0.001717
v -0.020268 -0.05142 -0.001725
v -0.020268 -0.051457 -0.001747
v -0.020252 -0.051449 -0.001756
v -0.020255 -0.051486 -0.001777
v -0.020239 -0.051479 -0.001787
v -0.020244 -0.051516 -0.001808
v -0.02023 -0.05151 -0.001818
v -0.020237 -0.051548 -0.001839
v -0.020211 -0.051463 -0.001809
v -0.020225 -0.051471 -0.001797
v -0.020222 -0.051432 -0.001776
v -0.020237 -0.051441 -0.001766
v -0.020237 -0.051402 -0.001744
v -0.020252 -0.051411 -0.001735
v -0.020255 -0.051374 -0.001713
v -0.020271 -0.051384 -0.001704
v -0.020275 -0.051347 -0.001683
v -0.020292 -0.051358 -0.001675
v -0.020299 -0.051322 -0.001654
v -0.020316 -0.051333 -0.001647
v -0.020344 -0.051311 -0.00162
v -0.020185 -0.051446 -0.001833
v -0.020197 -0.051455 -0.00182
v -0.020195 -0.051414 -0.001799
v -0.020208 -0.051423 -0.001788
v -0.020208 -0.051383 -0.001766
v -0.020222 -0.051393 -0.001755
v -0.020224 -0.051353 -0.001734
v -0.020239 -0.051364 -0.001723
v -0.020244 -0.051325 -0.001702
v -0.020259 -0.051336 -0.001692
v -0.020266 -0.051299 -0.001671
v -0.020282 -0.051311 -0.001662
v -0.020308 -0.051287 -0.001633
v -0.020353 -0.051354 -0.001636
v -0.020342 -0.051419 -0.001676
v -0.020361 -0.051551 -0.001751
v -0.020357 -0.051489 -0.001712
v -0.020361 -0.051426 -0.001671
v -0.020379 -0.051554 -0.001746
v -0.020376 -0.051494 -0.001707
v -0.02038 -0.051433 -0.001667
v -0.020372 -0.051364 -0.001631
v -0.020412 -0.051382 -0.001626
v -0.020392 -0.051373 -0.001628
v -0.0204 -0.05144 -0.001664
v -0.02042 -0.051446 -0.001662
v -0.020395 -0.051498 -0.001703
v -0.020397 -0.051557 -0.001741
v -0.02046 -0.051456 -0.00166
v -0.02044 -0.051451 -0.001661
v -0.020867 -0.052064 -0.002102
v -0.020866 -0.052069 -0.00211
v -0.02079 -0.052063 -0.00211
v -0.020675 -0.052041 -0.002109
v -0.020712 -0.052053 -0.002114
v -0.020644 -0.052023 -0.002092
v -0.020716 -0.052047 -0.002103
v -0.020719 -0.052041 -0.002093
v -0.020649 -0.052018 -0.002081
v -0.020723 -0.052035 -0.002082
v -0.020654 -0.052012 -0.002071
v -0.020794 -0.052051 -0.00209
v -0.020792 -0.052057 -0.0021
v -0.020869 -0.052009 -0.002032
v -0.020868 -0.05202 -0.002044
v -0.020805 -0.052014 -0.002041
v -0.020659 -0.052007 -0.002061
v -0.020665 -0.052 -0.002051
v -0.02067 -0.051994 -0.002041
v -0.020681 -0.05198 -0.002023
v -0.020568 -0.051995 -0.002086
v -0.020534 -0.051976 -0.002076
v -0.020509 -0.051951 -0.002055
v -0.020501 -0.051955 -0.002066
v -0.02047 -0.051932 -0.002054
v -0.020478 -0.051929 -0.002043
v -0.020449 -0.051905 -0.00203
v -0.020458 -0.051902 -0.00202
v -0.020517 -0.051948 -0.002044
v -0.020334 -0.051792 -0.001981
v -0.020346 -0.051792 -0.00197
v -0.020358 -0.051823 -0.001998
v -0.020369 -0.051822 -0.001987
v -0.020384 -0.051852 -0.002013
v -0.020394 -0.051851 -0.002002
v -0.020411 -0.05188 -0.002027
v -0.020421 -0.051879 -0.002017
v -0.02044 -0.051907 -0.002041
v -0.020405 -0.05185 -0.001991
v -0.020474 -0.051834 -0.001935
v -0.020519 -0.051879 -0.001963
v -0.020462 -0.051838 -0.001944
v -0.020509 -0.051884 -0.001972
v -0.02045 -0.051841 -0.001953
v -0.020498 -0.051888 -0.001981
v -0.020438 -0.051844 -0.001962
v -0.020488 -0.051892 -0.00199
v -0.020427 -0.051846 -0.001971
v -0.020478 -0.051896 -0.002
v -0.020416 -0.051848 -0.001981
v -0.020468 -0.051899 -0.002009
v -0.020809 -0.051997 -0.002024
v -0.020869 -0.052003 -0.002026
v -0.020758 -0.051967 -0.002
v -0.02087 -0.051985 -0.002009
v -0.020742 -0.052 -0.002034
v -0.02075 -0.051984 -0.002017
v -0.020693 -0.051965 -0.002005
v -0.020653 -0.051924 -0.001974
v -0.020526 -0.051944 -0.002034
v -0.020534 -0.05194 -0.002024
v -0.020543 -0.051935 -0.002014
v -0.020551 -0.05193 -0.002005
v -0.02056 -0.051925 -0.001996
v -0.020569 -0.051919 -0.001987
v -0.02053 -0.051874 -0.001955
v -0.020486 -0.05183 -0.001927
v -0.020423 -0.05167 -0.001815
v -0.020407 -0.051671 -0.001821
v -0.020446 -0.051724 -0.00185
v -0.020431 -0.051726 -0.001857
v -0.020475 -0.051774 -0.001883
v -0.020462 -0.051778 -0.001889
v -0.020511 -0.051821 -0.001912
v -0.020498 -0.051826 -0.00192
v -0.02054 -0.051869 -0.001947
v -0.020616 -0.051959 -0.002016
v -0.020623 -0.051953 -0.002007
v -0.020638 -0.051939 -0.00199
v -0.020587 -0.051907 -0.00197
v -0.020606 -0.051893 -0.001955
v -0.020562 -0.051857 -0.001932
v -0.020573 -0.05185 -0.001925
v -0.020421 -0.051786 -0.001913
v -0.020408 -0.051788 -0.001921
v -0.020395 -0.05179 -0.00193
v -0.020382 -0.051791 -0.00194
v -0.020815 -0.05212 -0.002299
v -0.020766 -0.052113 -0.002297
v -0.020864 -0.052123 -0.002287
v -0.020816 -0.052119 -0.002287
v -0.020816 -0.052118 -0.002274
v -0.020864 -0.052121 -0.002265
v -0.020817 -0.052117 -0.002262
v -0.020864 -0.052121 -0.002263
v -0.020718 -0.052103 -0.002295
v -0.020864 -0.052116 -0.002233
v -0.020818 -0.052113 -0.002238
v -0.020772 -0.052107 -0.002236
v -0.02067 -0.052091 -0.002291
v -0.020623 -0.052075 -0.002286
v -0.020577 -0.052057 -0.00228
v -0.020533 -0.052036 -0.002274
v -0.02049 -0.052012 -0.002266
v -0.020494 -0.052014 -0.002253
v -0.02054 -0.052038 -0.002249
v -0.020536 -0.052037 -0.002261
v -0.020584 -0.052058 -0.002256
v -0.020581 -0.052058 -0.002268
v -0.020629 -0.052076 -0.002261
v -0.020626 -0.052076 -0.002274
v -0.020674 -0.05209 -0.002266
v -0.020672 -0.052091 -0.002279
v -0.020721 -0.052103 -0.00227
v -0.020719 -0.052103 -0.002282
v -0.020587 -0.052058 -0.002243
v -0.020631 -0.052075 -0.002249
v -0.020677 -0.05209 -0.002254
v -0.020723 -0.052102 -0.002258
v -0.020635 -0.052074 -0.002237
v -0.020679 -0.052089 -0.002242
v -0.020725 -0.0521 -0.002246
v -0.02077 -0.052111 -0.002261
v -0.020768 -0.052112 -0.002273
v -0.020767 -0.052113 -0.002285
v -0.020727 -0.052099 -0.002234
v -0.020682 -0.052087 -0.00223
v -0.020865 -0.052112 -0.002215
v -0.020821 -0.052102 -0.002191
v -0.020731 -0.052094 -0.00221
v -0.020735 -0.052088 -0.002186
v -0.020865 -0.052108 -0.002201
v -0.020823 -0.052094 -0.002167
v -0.020865 -0.052097 -0.00217
v -0.020825 -0.052085 -0.002145
v -0.020866 -0.052087 -0.002146
v -0.020866 -0.052084 -0.002139
v -0.020827 -0.052074 -0.002123
v -0.020866 -0.052077 -0.002124
v -0.02074 -0.052081 -0.002163
v -0.020781 -0.052089 -0.002166
v -0.020745 -0.052072 -0.00214
v -0.020785 -0.052079 -0.002143
v -0.02075 -0.052062 -0.002118
v -0.020789 -0.052069 -0.002121
v -0.020629 -0.052037 -0.002124
v -0.020638 -0.052028 -0.002102
v -0.020603 -0.052013 -0.002095
v -0.020574 -0.051991 -0.002075
v -0.020581 -0.051987 -0.002065
v -0.020588 -0.051982 -0.002054
v -0.020595 -0.051977 -0.002044
v -0.020602 -0.051971 -0.002035
v -0.020609 -0.051965 -0.002025
v -0.020448 -0.051986 -0.002257
v -0.020684 -0.052085 -0.002218
v -0.020638 -0.052073 -0.002225
v -0.020591 -0.052057 -0.002231
v -0.020544 -0.052038 -0.002236
v -0.020498 -0.052015 -0.002241
v -0.020452 -0.051988 -0.002245
v -0.020408 -0.051957 -0.002248
v -0.020412 -0.051959 -0.002235
v -0.020457 -0.051989 -0.002232
v -0.020502 -0.052016 -0.002228
v -0.020548 -0.052038 -0.002224
v -0.020594 -0.052057 -0.002219
v -0.020641 -0.052072 -0.002213
v -0.020687 -0.052083 -0.002206
v -0.020648 -0.052067 -0.002189
v -0.020644 -0.05207 -0.0022
v -0.020602 -0.052054 -0.002194
v -0.020598 -0.052055 -0.002206
v -0.020556 -0.052037 -0.002199
v -0.020552 -0.052038 -0.002212
v -0.020511 -0.052016 -0.002203
v -0.020506 -0.052016 -0.002216
v -0.020466 -0.051991 -0.002207
v -0.020461 -0.051991 -0.002219
v -0.020422 -0.051963 -0.002209
v -0.020417 -0.051961 -0.002222
v -0.02038 -0.051931 -0.002211
v -0.020375 -0.051928 -0.002224
v -0.020339 -0.051895 -0.002213
v -0.0203 -0.051856 -0.002214
v -0.020651 -0.052065 -0.002177
v -0.020606 -0.052052 -0.002182
v -0.020561 -0.052035 -0.002187
v -0.020516 -0.052016 -0.002191
v -0.020471 -0.051992 -0.002194
v -0.020427 -0.051965 -0.002197
v -0.020385 -0.051934 -0.002199
v -0.020344 -0.051899 -0.0022
v -0.020305 -0.05186 -0.002201
v -0.020239 -0.051778 -0.002188
v -0.020273 -0.051823 -0.002188
v -0.02031 -0.051864 -0.002187
v -0.020349 -0.051902 -0.002187
v -0.02039 -0.051935 -0.002186
v -0.020433 -0.051966 -0.002184
v -0.020477 -0.051992 -0.002182
v -0.020521 -0.052015 -0.002179
v -0.020566 -0.052034 -0.002175
v -0.02061 -0.05205 -0.00217
v -0.020244 -0.051784 -0.002174
v -0.020278 -0.051827 -0.002174
v -0.020316 -0.051868 -0.002174
v -0.020355 -0.051904 -0.002174
v -0.020396 -0.051937 -0.002173
v -0.020439 -0.051966 -0.002172
v -0.020482 -0.051992 -0.00217
v -0.020526 -0.052014 -0.002167
v -0.020571 -0.052032 -0.002163
v -0.020249 -0.051789 -0.00216
v -0.020284 -0.051832 -0.002161
v -0.020322 -0.051871 -0.002161
v -0.020361 -0.051906 -0.002161
v -0.020402 -0.051938 -0.002161
v -0.020445 -0.051967 -0.002159
v -0.020488 -0.051991 -0.002157
v -0.020532 -0.052012 -0.002155
v -0.020576 -0.05203 -0.002151
v -0.020619 -0.052044 -0.002147
v -0.020222 -0.051749 -0.002146
v -0.020255 -0.051794 -0.002147
v -0.02029 -0.051835 -0.002148
v -0.020328 -0.051874 -0.002148
v -0.020368 -0.051908 -0.002148
v -0.020409 -0.051939 -0.002148
v -0.020451 -0.051966 -0.002147
v -0.020494 -0.05199 -0.002145
v -0.020537 -0.05201 -0.002143
v -0.020581 -0.052027 -0.00214
v -0.020591 -0.05202 -0.002117
v -0.020203 -0.051713 -0.002117
v -0.020228 -0.051754 -0.002132
v -0.020234 -0.051759 -0.002119
v -0.020261 -0.051798 -0.002134
v -0.020268 -0.051803 -0.00212
v -0.020297 -0.051839 -0.002135
v -0.020304 -0.051842 -0.002122
v -0.020335 -0.051876 -0.002136
v -0.020342 -0.051878 -0.002123
v -0.020375 -0.05191 -0.002136
v -0.020382 -0.051911 -0.002123
v -0.020416 -0.05194 -0.002136
v -0.020423 -0.05194 -0.002123
v -0.020458 -0.051966 -0.002135
v -0.020464 -0.051965 -0.002123
v -0.0205 -0.051989 -0.002133
v -0.020507 -0.051987 -0.002122
v -0.020543 -0.052008 -0.002131
v -0.020549 -0.052005 -0.00212
v -0.020555 -0.052002 -0.002108
v -0.020513 -0.051985 -0.00211
v -0.020471 -0.051964 -0.002111
v -0.02043 -0.051939 -0.002111
v -0.020389 -0.051911 -0.002111
v -0.02035 -0.05188 -0.00211
v -0.020312 -0.051845 -0.002109
v -0.020275 -0.051806 -0.002107
v -0.020241 -0.051764 -0.002105
v -0.02021 -0.051719 -0.002103
v -0.020319 -0.051847 -0.002096
v -0.020291 -0.051813 -0.002081
v -0.020265 -0.051777 -0.002066
v -0.02024 -0.051739 -0.00205
v -0.020218 -0.0517 -0.002033
v -0.020208 -0.051665 -0.002002
v -0.020201 -0.051631 -0.001971
v -0.020196 -0.051596 -0.001939
v -0.020195 -0.051562 -0.001907
v -0.020397 -0.051912 -0.002099
v -0.020357 -0.051881 -0.002098
v -0.020366 -0.051882 -0.002086
v -0.020328 -0.051849 -0.002084
v -0.020336 -0.051851 -0.002071
v -0.020299 -0.051815 -0.002069
v -0.020308 -0.051818 -0.002056
v -0.020273 -0.05178 -0.002053
v -0.020282 -0.051783 -0.002041
v -0.020249 -0.051743 -0.002037
v -0.020259 -0.051747 -0.002024
v -0.020227 -0.051705 -0.00202
v -0.020237 -0.051709 -0.002007
v -0.020218 -0.051671 -0.001989
v -0.020228 -0.051675 -0.001976
v -0.020239 -0.05168 -0.001964
v -0.02025 -0.051684 -0.001952
v -0.020246 -0.051651 -0.001921
v -0.020244 -0.051618 -0.00189
v -0.020246 -0.051585 -0.001859
v -0.020478 -0.051962 -0.002099
v -0.020437 -0.051939 -0.002099
v -0.020445 -0.051937 -0.002088
v -0.020405 -0.051911 -0.002087
v -0.020413 -0.051911 -0.002075
v -0.020374 -0.051882 -0.002073
v -0.020383 -0.051883 -0.002062
v -0.020345 -0.051852 -0.002059
v -0.020354 -0.051853 -0.002047
v -0.020318 -0.051819 -0.002044
v -0.020327 -0.051821 -0.002032
v -0.020292 -0.051786 -0.002028
v -0.020302 -0.051788 -0.002016
v -0.020269 -0.05175 -0.002012
v -0.020279 -0.051753 -0.001999
v -0.020247 -0.051713 -0.001994
v -0.020258 -0.051717 -0.001982
v -0.020417 -0.051757 -0.001888
v -0.020403 -0.051759 -0.001896
v -0.020389 -0.05176 -0.001905
v -0.020375 -0.051761 -0.001914
v -0.020362 -0.051762 -0.001923
v -0.020349 -0.051762 -0.001933
v -0.020337 -0.051761 -0.001943
v -0.020324 -0.051761 -0.001954
v -0.020312 -0.051759 -0.001964
v -0.020323 -0.051791 -0.001993
v -0.020348 -0.051823 -0.002009
v -0.020337 -0.051822 -0.00202
v -0.020374 -0.051853 -0.002024
v -0.020364 -0.051853 -0.002036
v -0.020401 -0.051881 -0.002039
v -0.020392 -0.051882 -0.00205
v -0.020431 -0.051909 -0.002052
v -0.020422 -0.05191 -0.002064
v -0.020461 -0.051934 -0.002065
v -0.020453 -0.051936 -0.002076
v -0.020493 -0.051958 -0.002077
v -0.020486 -0.05196 -0.002088
v -0.020527 -0.051979 -0.002087
v -0.02052 -0.051982 -0.002099
v -0.02286 -0.052206 -0.002299
v -0.02286 -0.052206 -0.002298
v -0.02286 -0.052205 -0.002287
v -0.02286 -0.052203 -0.002265
v -0.022861 -0.052198 -0.002233
v -0.022861 -0.052194 -0.002215
v -0.022861 -0.05219 -0.002201
v -0.022861 -0.052187 -0.002191
v -0.022861 -0.05218 -0.00217
v -0.022862 -0.052167 -0.002139
v -0.022862 -0.052165 -0.002134
v -0.022867 -0.052042 -0.001989
v -0.022867 -0.052049 -0.001994
v -0.022866 -0.052068 -0.002009
v -0.022865 -0.052086 -0.002026
v -0.022865 -0.052092 -0.002032
v -0.022864 -0.052103 -0.002044
v -0.022864 -0.052114 -0.002056
v -0.022864 -0.052119 -0.002062
v -0.022863 -0.052134 -0.002082
v -0.022863 -0.052147 -0.002102
v -0.022862 -0.052152 -0.00211
v -0.022862 -0.052159 -0.002124
v -0.023932 -0.051598 -0.00177
v -0.023944 -0.051596 -0.001782
v -0.023902 -0.051659 -0.00182
v -0.024026 -0.051578 -0.001959
v -0.024003 -0.051614 -0.001977
v -0.023998 -0.05162 -0.001963
v -0.024072 -0.051497 -0.001937
v -0.02409 -0.051459 -0.001918
v -0.024191 -0.051137 -0.001762
v -0.024207 -0.05101 -0.001702
v -0.024094 -0.050801 -0.001297
v -0.024081 -0.050812 -0.001285
v -0.024067 -0.050737 -0.001241
v -0.024164 -0.050768 -0.001404
v -0.024158 -0.050728 -0.001383
v -0.024165 -0.050716 -0.001399
v -0.024037 -0.050627 -0.001177
v -0.024025 -0.050591 -0.001156
v -0.024038 -0.050577 -0.001168
v -0.024047 -0.050511 -0.001175
v -0.024034 -0.05047 -0.001158
v -0.024044 -0.050454 -0.001174
v -0.024177 -0.050744 -0.001437
v -0.02417 -0.050703 -0.001416
v -0.024175 -0.050691 -0.001433
v -0.024182 -0.050732 -0.001454
v -0.024179 -0.050678 -0.00145
v -0.024209 -0.050968 -0.001682
v -0.024209 -0.050841 -0.001621
v -0.024206 -0.050798 -0.001601
v -0.024136 -0.050466 -0.001444
v -0.024121 -0.050427 -0.001426
v -0.023858 -0.051166 -0.00137
v -0.023877 -0.051165 -0.001373
v -0.02383 -0.05141 -0.001539
v -0.02384 -0.050921 -0.001205
v -0.023819 -0.050925 -0.001205
v -0.023744 -0.050694 -0.001052
v -0.023722 -0.050703 -0.001056
v -0.023937 -0.051027 -0.001299
v -0.023957 -0.051022 -0.001304
v -0.023954 -0.051155 -0.001391
v -0.024008 -0.050933 -0.00128
v -0.024012 -0.051003 -0.001324
v -0.023994 -0.05101 -0.001317
v -0.023994 -0.051079 -0.001361
v -0.023927 -0.05067 -0.001102
v -0.023897 -0.050608 -0.00106
v -0.023916 -0.050593 -0.001066
v -0.024075 -0.050897 -0.001318
v -0.024066 -0.050823 -0.001273
v -0.023336 -0.051945 -0.00191
v -0.02335 -0.051962 -0.001925
v -0.023115 -0.052046 -0.001988
v -0.023073 -0.052122 -0.002069
v -0.023004 -0.05213 -0.002076
v -0.023 -0.052116 -0.002057
v -0.022935 -0.052147 -0.002101
v -0.023355 -0.052059 -0.002035
v -0.023288 -0.052085 -0.002053
v -0.023277 -0.052073 -0.002032
v -0.023737 -0.051703 -0.001756
v -0.023694 -0.051753 -0.001791
v -0.023682 -0.051749 -0.001783
v -0.023492 -0.052001 -0.002003
v -0.023499 -0.052005 -0.002014
v -0.023434 -0.052039 -0.002037
v -0.02294 -0.052188 -0.00219
v -0.02379 -0.051866 -0.002119
v -0.023798 -0.050929 -0.001207
v -0.023818 -0.051167 -0.001367
v -0.023778 -0.051401 -0.001528
v -0.023692 -0.051623 -0.001682
v -0.023535 -0.051807 -0.001811
v -0.023108 -0.052027 -0.001973
v -0.023985 -0.051643 -0.002008
v -0.02396 -0.051677 -0.002025
v -0.023935 -0.051711 -0.002042
v -0.023908 -0.051744 -0.002058
v -0.023851 -0.051807 -0.002089
v -0.02388 -0.051776 -0.002074
v -0.023974 -0.051654 -0.00198
v -0.02398 -0.051649 -0.001994
v -0.023949 -0.051688 -0.001998
v -0.023955 -0.051683 -0.002011
v -0.023929 -0.051716 -0.002028
v -0.023897 -0.051753 -0.002031
v -0.023903 -0.051749 -0.002044
v -0.023875 -0.05178 -0.00206
v -0.02384 -0.051815 -0.002062
v -0.023785 -0.05187 -0.002105
v -0.023846 -0.051811 -0.002076
v -0.023821 -0.051837 -0.002104
v -0.023726 -0.051921 -0.002146
v -0.023658 -0.051972 -0.002172
v -0.023587 -0.052018 -0.002196
v -0.023977 -0.051636 -0.001922
v -0.023985 -0.051631 -0.001935
v -0.023936 -0.051698 -0.00197
v -0.023514 -0.05206 -0.002217
v -0.023437 -0.052096 -0.002236
v -0.023359 -0.052128 -0.002252
v -0.023278 -0.052154 -0.002267
v -0.023196 -0.052175 -0.002278
v -0.023113 -0.052191 -0.002287
v -0.023029 -0.052202 -0.002294
v -0.022945 -0.052206 -0.002298
v -0.02378 -0.051873 -0.002092
v -0.023721 -0.051924 -0.002133
v -0.023716 -0.051927 -0.00212
v -0.023653 -0.051975 -0.002159
v -0.023648 -0.051977 -0.002146
v -0.023583 -0.05202 -0.002183
v -0.023578 -0.052022 -0.00217
v -0.023509 -0.052061 -0.002204
v -0.023505 -0.052062 -0.002192
v -0.023434 -0.052097 -0.002223
v -0.02343 -0.052098 -0.002211
v -0.023355 -0.052128 -0.00224
v -0.023352 -0.052129 -0.002227
v -0.023276 -0.052154 -0.002254
v -0.023273 -0.052154 -0.002242
v -0.023194 -0.052175 -0.002266
v -0.023192 -0.052175 -0.002254
v -0.023112 -0.052191 -0.002275
v -0.02311 -0.05219 -0.002263
v -0.023028 -0.052201 -0.002282
v -0.023027 -0.0522 -0.00227
v -0.022944 -0.052206 -0.002286
v -0.022944 -0.052205 -0.002274
v -0.023943 -0.051693 -0.001984
v -0.023891 -0.051758 -0.002017
v -0.023834 -0.051819 -0.002049
v -0.023774 -0.051876 -0.002079
v -0.02371 -0.051929 -0.002107
v -0.023643 -0.051978 -0.002133
v -0.023573 -0.052023 -0.002157
v -0.023501 -0.052063 -0.002179
v -0.023426 -0.052098 -0.002198
v -0.023349 -0.052128 -0.002215
v -0.02327 -0.052154 -0.002229
v -0.023189 -0.052174 -0.002241
v -0.023108 -0.052189 -0.002251
v -0.023026 -0.052199 -0.002257
v -0.022943 -0.052204 -0.002262
v -0.02325 -0.052142 -0.002157
v -0.023174 -0.052161 -0.002169
v -0.023168 -0.052153 -0.002146
v -0.023092 -0.052167 -0.002156
v -0.023087 -0.052158 -0.002133
v -0.023012 -0.052167 -0.00214
v -0.023929 -0.051702 -0.001957
v -0.023884 -0.051761 -0.002004
v -0.023877 -0.051765 -0.001991
v -0.023828 -0.051822 -0.002036
v -0.023821 -0.051825 -0.002023
v -0.023768 -0.051878 -0.002066
v -0.023761 -0.05188 -0.002053
v -0.023704 -0.051931 -0.002095
v -0.023698 -0.051933 -0.002082
v -0.023638 -0.05198 -0.002121
v -0.023632 -0.05198 -0.002108
v -0.023568 -0.052024 -0.002145
v -0.023563 -0.052024 -0.002132
v -0.023496 -0.052063 -0.002166
v -0.023491 -0.052063 -0.002154
v -0.023421 -0.052098 -0.002186
v -0.023417 -0.052097 -0.002173
v -0.023345 -0.052128 -0.002203
v -0.023341 -0.052127 -0.00219
v -0.023267 -0.052153 -0.002217
v -0.023263 -0.052151 -0.002205
v -0.023187 -0.052173 -0.002229
v -0.023184 -0.052171 -0.002217
v -0.023106 -0.052188 -0.002239
v -0.023104 -0.052186 -0.002226
v -0.023025 -0.052197 -0.002245
v -0.023023 -0.052195 -0.002233
v -0.022942 -0.0522 -0.002237
v -0.022941 -0.052195 -0.002213
v -0.023879 -0.051661 -0.001797
v -0.023835 -0.05172 -0.001833
v -0.023868 -0.051661 -0.001786
v -0.023823 -0.051719 -0.001822
v -0.023855 -0.051661 -0.001775
v -0.023812 -0.051718 -0.001812
v -0.023843 -0.05166 -0.001765
v -0.0238 -0.051717 -0.001802
v -0.02383 -0.051659 -0.001755
v -0.023788 -0.051715 -0.001792
v -0.023817 -0.051657 -0.001746
v -0.023693 -0.051818 -0.00186
v -0.023742 -0.051768 -0.001827
v -0.023704 -0.051821 -0.00187
v -0.023753 -0.051771 -0.001837
v -0.023714 -0.051824 -0.00188
v -0.023765 -0.051773 -0.001847
v -0.023725 -0.051827 -0.001891
v -0.023776 -0.051774 -0.001857
v -0.023735 -0.051829 -0.001902
v -0.023786 -0.051776 -0.001868
v -0.023874 -0.051538 -0.00166
v -0.023804 -0.051655 -0.001737
v -0.023775 -0.051712 -0.001782
v -0.023763 -0.05171 -0.001773
v -0.02373 -0.051765 -0.001817
v -0.023718 -0.051762 -0.001808
v -0.023682 -0.051815 -0.00185
v -0.023671 -0.051811 -0.001841
v -0.023621 -0.051857 -0.001872
v -0.0236 -0.051846 -0.001855
v -0.023548 -0.051888 -0.001884
v -0.023641 -0.051865 -0.001891
v -0.023651 -0.051869 -0.001901
v -0.023661 -0.051873 -0.001911
v -0.023671 -0.051876 -0.001922
v -0.02368 -0.051878 -0.001933
v -0.023562 -0.051966 -0.001989
v -0.023554 -0.051963 -0.001978
v -0.023546 -0.051959 -0.001968
v -0.023622 -0.051924 -0.001962
v -0.023614 -0.051921 -0.001951
v -0.023605 -0.051917 -0.001941
v -0.023595 -0.051914 -0.00193
v -0.023586 -0.051909 -0.00192
v -0.023567 -0.0519 -0.001901
v -0.023393 -0.052007 -0.001976
v -0.023453 -0.051975 -0.001953
v -0.023469 -0.051986 -0.001972
v -0.023529 -0.05195 -0.001948
v -0.023512 -0.051939 -0.001928
v -0.023494 -0.051927 -0.001911
v -0.023407 -0.052019 -0.001995
v -0.023484 -0.051996 -0.001993
v -0.023421 -0.05203 -0.002015
v -0.023776 -0.051649 -0.00172
v -0.023763 -0.051646 -0.001713
v -0.023749 -0.051642 -0.001705
v -0.02367 -0.051744 -0.001775
v -0.023734 -0.051638 -0.001699
v -0.023578 -0.051835 -0.001839
v -0.023589 -0.051841 -0.001847
v -0.023485 -0.05192 -0.001902
v -0.023476 -0.051913 -0.001894
v -0.023458 -0.051899 -0.001879
v -0.023556 -0.051822 -0.001824
v -0.023546 -0.051814 -0.001817
v -0.023438 -0.051962 -0.001935
v -0.023379 -0.051993 -0.001957
v -0.023331 -0.052035 -0.001995
v -0.023343 -0.052048 -0.002015
v -0.022933 -0.052134 -0.00208
v -0.023142 -0.05211 -0.00206
v -0.023136 -0.052096 -0.00204
v -0.023129 -0.05208 -0.002022
v -0.023007 -0.052144 -0.002097
v -0.023078 -0.052135 -0.00209
v -0.023149 -0.052123 -0.00208
v -0.023219 -0.052106 -0.002068
v -0.023257 -0.052045 -0.001995
v -0.023267 -0.052059 -0.002013
v -0.023202 -0.052079 -0.002028
v -0.02321 -0.052093 -0.002047
v -0.023246 -0.052029 -0.001977
v -0.023365 -0.051978 -0.00194
v -0.023122 -0.052064 -0.002004
v -0.022997 -0.0521 -0.002038
v -0.022994 -0.052083 -0.00202
v -0.024018 -0.050598 -0.00115
v -0.024052 -0.050749 -0.00123
v -0.024048 -0.050664 -0.001198
v -0.024034 -0.050677 -0.001187
v -0.02401 -0.050605 -0.001144
v -0.023995 -0.050618 -0.001134
v -0.024019 -0.050689 -0.001176
v -0.024037 -0.050761 -0.001219
v -0.02405 -0.050833 -0.001263
v -0.024059 -0.050906 -0.001307
v -0.024063 -0.05098 -0.001352
v -0.023979 -0.050632 -0.001124
v -0.024002 -0.050702 -0.001166
v -0.024021 -0.050772 -0.001209
v -0.024034 -0.050844 -0.001253
v -0.024043 -0.050916 -0.001297
v -0.024047 -0.050988 -0.001342
v -0.024046 -0.05106 -0.001386
v -0.023908 -0.050682 -0.001096
v -0.023877 -0.050622 -0.001055
v -0.023889 -0.050694 -0.001092
v -0.023862 -0.050631 -0.001052
v -0.023856 -0.050635 -0.001051
v -0.023945 -0.050658 -0.001108
v -0.023968 -0.050725 -0.00115
v -0.02395 -0.050737 -0.001143
v -0.023968 -0.050804 -0.001186
v -0.023949 -0.050814 -0.00118
v -0.023962 -0.050881 -0.001223
v -0.023943 -0.050889 -0.001218
v -0.023999 -0.050863 -0.001236
v -0.02399 -0.050941 -0.001273
v -0.023976 -0.051016 -0.00131
v -0.023972 -0.051151 -0.001398
v -0.023931 -0.050747 -0.001138
v -0.023929 -0.050823 -0.001175
v -0.023923 -0.050896 -0.001213
v -0.023963 -0.050645 -0.001116
v -0.023986 -0.050714 -0.001158
v -0.024004 -0.050783 -0.001201
v -0.024017 -0.050854 -0.001244
v -0.024026 -0.050924 -0.001288
v -0.02403 -0.050996 -0.001333
v -0.024029 -0.051067 -0.001377
v -0.024024 -0.051137 -0.001422
v -0.024012 -0.051073 -0.001369
v -0.024007 -0.051142 -0.001413
v -0.02399 -0.051147 -0.001405
v -0.023998 -0.051211 -0.001457
v -0.023968 -0.051283 -0.001493
v -0.023985 -0.05128 -0.001501
v -0.023967 -0.051347 -0.001544
v -0.02393 -0.051414 -0.001578
v -0.022936 -0.05216 -0.002122
v -0.02301 -0.052156 -0.002118
v -0.023083 -0.052147 -0.002111
v -0.023155 -0.052134 -0.002101
v -0.023227 -0.052117 -0.002089
v -0.023297 -0.052095 -0.002074
v -0.023366 -0.052069 -0.002057
v -0.023648 -0.051801 -0.001824
v -0.023706 -0.051758 -0.001799
v -0.02375 -0.051706 -0.001765
v -0.02379 -0.051652 -0.001728
v -0.02386 -0.051537 -0.001652
v -0.023913 -0.051414 -0.00157
v -0.023951 -0.051285 -0.001485
v -0.023911 -0.050758 -0.001133
v -0.023891 -0.050768 -0.00113
v -0.02385 -0.050786 -0.001125
v -0.023812 -0.050661 -0.001047
v -0.023871 -0.050777 -0.001127
v -0.023834 -0.050649 -0.001048
v -0.023842 -0.050643 -0.001049
v -0.023829 -0.050794 -0.001125
v -0.023789 -0.050673 -0.001047
v -0.023802 -0.050666 -0.001047
v -0.023882 -0.05091 -0.001207
v -0.023861 -0.050915 -0.001206
v -0.02376 -0.050687 -0.001049
v -0.023767 -0.050684 -0.001049
v -0.023781 -0.050677 -0.001048
v -0.023903 -0.050903 -0.00121
v -0.023898 -0.051036 -0.001291
v -0.023897 -0.051414 -0.001563
v -0.023881 -0.051414 -0.001556
v -0.023934 -0.051287 -0.001478
v -0.023916 -0.051288 -0.001472
v -0.023935 -0.051158 -0.001386
v -0.023918 -0.051032 -0.001295
v -0.023864 -0.051413 -0.00155
v -0.023898 -0.051289 -0.001466
v -0.023916 -0.051161 -0.001381
v -0.023845 -0.051536 -0.001644
v -0.023829 -0.051534 -0.001637
v -0.023814 -0.051531 -0.00163
v -0.023847 -0.051412 -0.001544
v -0.02388 -0.051289 -0.001461
v -0.023897 -0.051163 -0.001377
v -0.023795 -0.051405 -0.001531
v -0.023657 -0.051738 -0.001768
v -0.02372 -0.051633 -0.001693
v -0.023812 -0.051407 -0.001535
v -0.023838 -0.051167 -0.001369
v -0.023644 -0.051733 -0.001762
v -0.023706 -0.051628 -0.001687
v -0.023986 -0.050794 -0.001193
v -0.023981 -0.050872 -0.001229
v -0.023971 -0.050948 -0.001266
v -0.024087 -0.050348 -0.001389
v -0.024092 -0.050372 -0.00135
v -0.024072 -0.050323 -0.001349
v -0.02409 -0.05036 -0.001369
v -0.024068 -0.050311 -0.00137
v -0.024172 -0.050589 -0.001502
v -0.024093 -0.050397 -0.001311
v -0.024075 -0.050349 -0.001307
v -0.024093 -0.050384 -0.00133
v -0.024074 -0.050336 -0.001328
v -0.024074 -0.050333 -0.001331
v -0.024089 -0.050424 -0.001274
v -0.024073 -0.050377 -0.001266
v -0.024091 -0.050411 -0.001292
v -0.024075 -0.050363 -0.001286
v -0.024075 -0.050359 -0.001292
v -0.02419 -0.050672 -0.001541
v -0.024202 -0.050756 -0.001581
v -0.024211 -0.050925 -0.001661
v -0.024073 -0.050467 -0.001221
v -0.024063 -0.050414 -0.001219
v -0.024079 -0.050452 -0.001238
v -0.024065 -0.050407 -0.001227
v -0.024085 -0.050438 -0.001256
v -0.02407 -0.050392 -0.001246
v -0.024072 -0.050386 -0.001255
v -0.024057 -0.050496 -0.00119
v -0.024049 -0.050444 -0.001185
v -0.024065 -0.050481 -0.001205
v -0.024052 -0.050438 -0.001191
v -0.024059 -0.050423 -0.001209
v -0.024061 -0.050548 -0.001195
v -0.024071 -0.050534 -0.00121
v -0.02408 -0.050519 -0.001225
v -0.024088 -0.050505 -0.001242
v -0.024095 -0.050491 -0.001258
v -0.0241 -0.050477 -0.001276
v -0.024104 -0.050463 -0.001293
v -0.024107 -0.05045 -0.001312
v -0.024109 -0.050436 -0.00133
v -0.02411 -0.050423 -0.001349
v -0.024109 -0.050411 -0.001368
v -0.024108 -0.050399 -0.001388
v -0.024105 -0.050387 -0.001407
v -0.024063 -0.0506 -0.001202
v -0.024074 -0.050586 -0.001216
v -0.024084 -0.050572 -0.001231
v -0.024093 -0.050558 -0.001246
v -0.024102 -0.050544 -0.001262
v -0.024108 -0.05053 -0.001279
v -0.024114 -0.050516 -0.001296
v -0.024119 -0.050502 -0.001313
v -0.024122 -0.050489 -0.001331
v -0.024124 -0.050476 -0.00135
v -0.024125 -0.050463 -0.001368
v -0.024125 -0.05045 -0.001387
v -0.024123 -0.050438 -0.001406
v -0.024036 -0.050526 -0.001161
v -0.024023 -0.050486 -0.001143
v -0.024024 -0.05054 -0.001147
v -0.02401 -0.050502 -0.001128
v -0.024011 -0.050555 -0.001135
v -0.023997 -0.050518 -0.001115
v -0.023989 -0.050527 -0.001108
v -0.023982 -0.050534 -0.001103
v -0.024138 -0.050478 -0.001425
v -0.024139 -0.05049 -0.001406
v -0.024139 -0.050503 -0.001388
v -0.024138 -0.050516 -0.001369
v -0.024135 -0.050529 -0.001351
v -0.024132 -0.050542 -0.001333
v -0.024127 -0.050555 -0.001316
v -0.024121 -0.050569 -0.001299
v -0.024114 -0.050582 -0.001283
v -0.024106 -0.050596 -0.001267
v -0.024096 -0.05061 -0.001252
v -0.024086 -0.050623 -0.001237
v -0.024074 -0.050637 -0.001223
v -0.024151 -0.050519 -0.001445
v -0.024152 -0.050531 -0.001426
v -0.024152 -0.050543 -0.001407
v -0.02415 -0.050556 -0.001389
v -0.024147 -0.050569 -0.001371
v -0.024143 -0.050582 -0.001354
v -0.024138 -0.050595 -0.001337
v -0.024132 -0.050608 -0.00132
v -0.024125 -0.050622 -0.001304
v -0.024116 -0.050635 -0.001288
v -0.024107 -0.050648 -0.001273
v -0.024096 -0.050662 -0.001258
v -0.024084 -0.050675 -0.001245
v -0.024164 -0.050571 -0.001446
v -0.024163 -0.050584 -0.001427
v -0.024161 -0.050596 -0.001409
v -0.024158 -0.050609 -0.001392
v -0.024154 -0.050622 -0.001374
v -0.024148 -0.050635 -0.001357
v -0.024142 -0.050648 -0.001341
v -0.024134 -0.050661 -0.001325
v -0.024126 -0.050674 -0.001309
v -0.024116 -0.050687 -0.001294
v -0.024105 -0.0507 -0.00128
v -0.024093 -0.050713 -0.001266
v -0.024173 -0.050625 -0.001447
v -0.024171 -0.050637 -0.00143
v -0.024167 -0.05065 -0.001412
v -0.024163 -0.050663 -0.001395
v -0.024157 -0.050675 -0.001378
v -0.024151 -0.050688 -0.001362
v -0.024143 -0.050701 -0.001346
v -0.024134 -0.050713 -0.001331
v -0.024124 -0.050726 -0.001316
v -0.024113 -0.050738 -0.001301
v -0.024101 -0.050751 -0.001288
v -0.024081 -0.050725 -0.001253
v -0.024072 -0.050688 -0.001232
v -0.024062 -0.05065 -0.00121
v -0.02405 -0.050562 -0.001181
v -0.02405 -0.050613 -0.001189
v -0.023967 -0.050549 -0.001092
v -0.023951 -0.050564 -0.001082
v -0.023934 -0.050579 -0.001074
v -0.024182 -0.050785 -0.001458
v -0.024175 -0.050797 -0.001442
v -0.024179 -0.050838 -0.001463
v -0.024171 -0.050849 -0.001447
v -0.024173 -0.05089 -0.001469
v -0.024165 -0.050901 -0.001454
v -0.024165 -0.050941 -0.001476
v -0.024155 -0.050951 -0.001461
v -0.024155 -0.050991 -0.001483
v -0.024144 -0.051001 -0.001469
v -0.024149 -0.050507 -0.001463
v -0.024161 -0.050547 -0.001482
v -0.024163 -0.050559 -0.001464
v -0.024174 -0.0506 -0.001483
v -0.024174 -0.050612 -0.001465
v -0.024183 -0.050654 -0.001485
v -0.024181 -0.050666 -0.001468
v -0.024188 -0.050708 -0.001488
v -0.024186 -0.05072 -0.001471
v -0.024191 -0.050761 -0.001491
v -0.024187 -0.050773 -0.001475
v -0.024191 -0.050814 -0.001496
v -0.024185 -0.050826 -0.001479
v -0.024188 -0.050867 -0.0015
v -0.024181 -0.050879 -0.001484
v -0.024182 -0.05092 -0.001506
v -0.024174 -0.05093 -0.001491
v -0.024173 -0.050971 -0.001512
v -0.024164 -0.050981 -0.001497
v -0.024162 -0.051021 -0.001519
v -0.024152 -0.051031 -0.001505
v -0.024149 -0.05107 -0.001527
v -0.024138 -0.051079 -0.001513
v -0.024171 -0.050756 -0.00142
v -0.024168 -0.050809 -0.001426
v -0.024163 -0.050861 -0.001432
v -0.024155 -0.050912 -0.001439
v -0.024145 -0.050962 -0.001447
v -0.024132 -0.05101 -0.001455
v -0.024183 -0.050642 -0.001503
v -0.02419 -0.050695 -0.001505
v -0.024194 -0.050749 -0.001508
v -0.024195 -0.050803 -0.001512
v -0.024194 -0.050856 -0.001517
v -0.024189 -0.050909 -0.001522
v -0.024182 -0.05096 -0.001527
v -0.024172 -0.051011 -0.001534
v -0.024159 -0.051061 -0.001541
v -0.024155 -0.050781 -0.001389
v -0.02416 -0.050821 -0.00141
v -0.02415 -0.050832 -0.001395
v -0.024153 -0.050872 -0.001417
v -0.024143 -0.050883 -0.001403
v -0.024144 -0.050922 -0.001425
v -0.024133 -0.050933 -0.001411
v -0.02415 -0.050741 -0.001367
v -0.024146 -0.050792 -0.001374
v -0.024141 -0.050753 -0.001352
v -0.024136 -0.050804 -0.001359
v -0.024131 -0.050765 -0.001337
v -0.024125 -0.050816 -0.001345
v -0.024116 -0.050866 -0.001354
v -0.024129 -0.050855 -0.001367
v -0.02414 -0.050844 -0.001381
v -0.024015 -0.051207 -0.001466
v -0.024041 -0.051131 -0.001431
v -0.024062 -0.051053 -0.001396
v -0.024078 -0.050971 -0.001362
v -0.024089 -0.050887 -0.001329
v -0.024103 -0.050876 -0.001341
v -0.024107 -0.050789 -0.00131
v -0.024119 -0.050777 -0.001323
v -0.023983 -0.051344 -0.001553
v -0.024001 -0.051276 -0.00151
v -0.024017 -0.051273 -0.001519
v -0.024031 -0.051202 -0.001475
v -0.024047 -0.051197 -0.001485
v -0.024057 -0.051125 -0.001441
v -0.024072 -0.051119 -0.001451
v -0.024078 -0.051045 -0.001407
v -0.024092 -0.051037 -0.001418
v -0.024093 -0.050962 -0.001373
v -0.024106 -0.051028 -0.00143
v -0.024107 -0.050952 -0.001385
v -0.02412 -0.05102 -0.001442
v -0.02412 -0.050943 -0.001398
v -0.024203 -0.051053 -0.001722
v -0.024201 -0.051063 -0.001706
v -0.024195 -0.051105 -0.001727
v -0.024191 -0.051115 -0.001711
v -0.024184 -0.051157 -0.001731
v -0.024179 -0.051166 -0.001716
v -0.024171 -0.051207 -0.001736
v -0.024165 -0.051216 -0.001721
v -0.024155 -0.051256 -0.001742
v -0.024148 -0.051265 -0.001727
v -0.024137 -0.051304 -0.001748
v -0.024129 -0.051312 -0.001733
v -0.024116 -0.051351 -0.001753
v -0.024108 -0.051358 -0.001739
v -0.024094 -0.051396 -0.00176
v -0.024138 -0.051341 -0.001861
v -0.024052 -0.051535 -0.001955
v -0.024031 -0.051571 -0.001973
v -0.024009 -0.051607 -0.001991
v -0.024047 -0.051542 -0.001941
v -0.02402 -0.051584 -0.001945
v -0.023991 -0.051625 -0.001949
v -0.024124 -0.051381 -0.00188
v -0.024108 -0.05142 -0.001899
v -0.024103 -0.051428 -0.001885
v -0.024086 -0.051467 -0.001904
v -0.02408 -0.051474 -0.001889
v -0.024061 -0.051512 -0.001908
v -0.024055 -0.051518 -0.001894
v -0.024035 -0.051555 -0.001913
v -0.024028 -0.051561 -0.001899
v -0.024007 -0.051596 -0.001917
v -0.024163 -0.051261 -0.001822
v -0.024151 -0.051301 -0.001842
v -0.024147 -0.05131 -0.001827
v -0.024134 -0.05135 -0.001846
v -0.024129 -0.051359 -0.001832
v -0.024114 -0.051398 -0.001851
v -0.024108 -0.051405 -0.001837
v -0.024092 -0.051444 -0.001856
v -0.024085 -0.051451 -0.001842
v -0.024067 -0.051488 -0.001861
v -0.02406 -0.051494 -0.001847
v -0.024041 -0.051531 -0.001866
v -0.024183 -0.051178 -0.001782
v -0.02418 -0.051188 -0.001767
v -0.02417 -0.051229 -0.001787
v -0.024166 -0.051238 -0.001772
v -0.024155 -0.051279 -0.001792
v -0.02415 -0.051288 -0.001777
v -0.024137 -0.051327 -0.001797
v -0.024131 -0.051336 -0.001782
v -0.024117 -0.051374 -0.001802
v -0.02411 -0.051382 -0.001788
v -0.024094 -0.05142 -0.001808
v -0.024087 -0.051427 -0.001794
v -0.02407 -0.051464 -0.001814
v -0.024067 -0.051505 -0.001922
v -0.024041 -0.051548 -0.001927
v -0.024014 -0.05159 -0.001931
v -0.024119 -0.05139 -0.001866
v -0.024098 -0.051436 -0.00187
v -0.024074 -0.051481 -0.001875
v -0.024048 -0.051525 -0.00188
v -0.024021 -0.051566 -0.001885
v -0.024013 -0.051572 -0.001871
v -0.023969 -0.05164 -0.001908
v -0.023921 -0.051706 -0.001944
v -0.023869 -0.051768 -0.001978
v -0.023814 -0.051827 -0.00201
v -0.023754 -0.051882 -0.002041
v -0.023692 -0.051934 -0.002069
v -0.023626 -0.051981 -0.002096
v -0.023557 -0.052024 -0.00212
v -0.023486 -0.052062 -0.002142
v -0.023413 -0.052096 -0.002161
v -0.023337 -0.052125 -0.002178
v -0.02326 -0.05215 -0.002193
v -0.023182 -0.052169 -0.002205
v -0.023102 -0.052184 -0.002214
v -0.023021 -0.05219 -0.002209
v -0.024174 -0.05122 -0.001802
v -0.02416 -0.05127 -0.001807
v -0.024143 -0.051319 -0.001812
v -0.024123 -0.051367 -0.001817
v -0.024102 -0.051413 -0.001822
v -0.024078 -0.051457 -0.001828
v -0.024052 -0.0515 -0.001833
v -0.024198 -0.051095 -0.001742
v -0.024188 -0.051147 -0.001747
v -0.024176 -0.051198 -0.001752
v -0.024161 -0.051248 -0.001757
v -0.024143 -0.051296 -0.001762
v -0.024124 -0.051343 -0.001768
v -0.024102 -0.051389 -0.001774
v -0.024078 -0.051433 -0.00178
v -0.024044 -0.051506 -0.001819
v -0.024206 -0.05081 -0.001584
v -0.024208 -0.050852 -0.001604
v -0.024206 -0.050863 -0.001587
v -0.024207 -0.050905 -0.001608
v -0.024204 -0.050917 -0.001591
v -0.024203 -0.050959 -0.001612
v -0.024199 -0.050969 -0.001596
v -0.024196 -0.051011 -0.001617
v -0.024191 -0.051021 -0.001601
v -0.024187 -0.051063 -0.001622
v -0.02418 -0.051073 -0.001607
v -0.024175 -0.051113 -0.001628
v -0.024167 -0.051122 -0.001613
v -0.02416 -0.051163 -0.001635
v -0.024152 -0.051171 -0.00162
v -0.024143 -0.051211 -0.001642
v -0.024134 -0.051219 -0.001627
v -0.024182 -0.05063 -0.001521
v -0.024191 -0.050683 -0.001523
v -0.024197 -0.050725 -0.001543
v -0.024196 -0.050737 -0.001526
v -0.024201 -0.050779 -0.001546
v -0.024199 -0.050791 -0.001529
v -0.024202 -0.050833 -0.00155
v -0.024198 -0.050844 -0.001533
v -0.0242 -0.050886 -0.001554
v -0.024195 -0.050897 -0.001538
v -0.024195 -0.050939 -0.001559
v -0.024189 -0.05095 -0.001543
v -0.024187 -0.050991 -0.001564
v -0.02418 -0.051001 -0.001549
v -0.024177 -0.051042 -0.001571
v -0.024168 -0.051052 -0.001556
v -0.024164 -0.051092 -0.001577
v -0.024155 -0.051101 -0.001563
v -0.024149 -0.05114 -0.001584
v -0.024139 -0.051149 -0.00157
v -0.024197 -0.050714 -0.001561
v -0.024202 -0.050767 -0.001563
v -0.024204 -0.050821 -0.001567
v -0.024204 -0.050875 -0.001571
v -0.0242 -0.050928 -0.001575
v -0.024193 -0.05098 -0.00158
v -0.024184 -0.051032 -0.001586
v -0.024173 -0.051082 -0.001592
v -0.024158 -0.051132 -0.001599
v -0.024142 -0.05118 -0.001606
v -0.024124 -0.051226 -0.001614
v -0.024211 -0.050883 -0.001641
v -0.024209 -0.050894 -0.001624
v -0.024209 -0.050937 -0.001645
v -0.024207 -0.050948 -0.001628
v -0.024205 -0.05099 -0.001649
v -0.024201 -0.051 -0.001633
v -0.024198 -0.051042 -0.001654
v -0.024193 -0.051052 -0.001638
v -0.024188 -0.051094 -0.001659
v -0.024182 -0.051104 -0.001644
v -0.024175 -0.051144 -0.001665
v -0.024168 -0.051154 -0.001649
v -0.02416 -0.051194 -0.001671
v -0.024152 -0.051202 -0.001656
v -0.024143 -0.051242 -0.001677
v -0.024134 -0.05125 -0.001663
v -0.024124 -0.051288 -0.001684
v -0.024114 -0.051296 -0.00167
v -0.023934 -0.051476 -0.001637
v -0.023961 -0.051411 -0.001596
v -0.023976 -0.051409 -0.001605
v -0.023999 -0.051342 -0.001563
v -0.024014 -0.051338 -0.001573
v -0.024032 -0.051268 -0.001529
v -0.024047 -0.051264 -0.00154
v -0.024062 -0.051192 -0.001496
v -0.024076 -0.051185 -0.001507
v -0.024087 -0.051112 -0.001463
v -0.02409 -0.051179 -0.001519
v -0.024101 -0.051104 -0.001474
v -0.024103 -0.051172 -0.001531
v -0.024114 -0.051096 -0.001487
v -0.024116 -0.051165 -0.001544
v -0.024126 -0.051088 -0.0015
v -0.024128 -0.051157 -0.001557
v -0.024103 -0.051302 -0.001656
v -0.024112 -0.051233 -0.0016
v -0.024092 -0.051309 -0.001643
v -0.024101 -0.05124 -0.001587
v -0.024081 -0.051315 -0.00163
v -0.024088 -0.051247 -0.001575
v -0.024068 -0.05132 -0.001618
v -0.024075 -0.051253 -0.001563
v -0.024056 -0.051326 -0.001606
v -0.024062 -0.051258 -0.001551
v -0.024042 -0.05133 -0.001594
v -0.024028 -0.051335 -0.001583
v -0.024004 -0.051404 -0.001626
v -0.02399 -0.051407 -0.001615
v -0.023963 -0.051474 -0.001657
v -0.023949 -0.051475 -0.001647
v -0.023917 -0.051539 -0.001688
v -0.023903 -0.051539 -0.001678
v -0.024205 -0.051021 -0.001686
v -0.024197 -0.051073 -0.00169
v -0.024187 -0.051125 -0.001695
v -0.024174 -0.051176 -0.001701
v -0.024158 -0.051225 -0.001706
v -0.024141 -0.051273 -0.001712
v -0.024121 -0.05132 -0.001719
v -0.024099 -0.051365 -0.001725
v -0.024069 -0.051439 -0.001766
v -0.022937 -0.052171 -0.002144
v -0.022938 -0.05218 -0.002167
v -0.023015 -0.052176 -0.002162
v -0.023018 -0.052184 -0.002186
v -0.023096 -0.052175 -0.002179
v -0.0231 -0.052181 -0.002202
v -0.023176 -0.052164 -0.002181
v -0.023179 -0.052167 -0.002193
v -0.023253 -0.052145 -0.002169
v -0.023257 -0.052147 -0.002181
v -0.023329 -0.052121 -0.002154
v -0.023333 -0.052123 -0.002166
v -0.023403 -0.052093 -0.002137
v -0.023408 -0.052095 -0.002149
v -0.023475 -0.05206 -0.002117
v -0.023481 -0.052061 -0.002129
v -0.023546 -0.052022 -0.002095
v -0.023551 -0.052023 -0.002107
v -0.023613 -0.05198 -0.002071
v -0.02362 -0.051981 -0.002083
v -0.023678 -0.051934 -0.002044
v -0.023685 -0.051934 -0.002057
v -0.02374 -0.051884 -0.002015
v -0.023747 -0.051883 -0.002028
v -0.023798 -0.05183 -0.001985
v -0.023806 -0.051829 -0.001997
v -0.023853 -0.051773 -0.001952
v -0.023862 -0.05177 -0.001965
v -0.023905 -0.051712 -0.001918
v -0.023913 -0.051709 -0.001931
v -0.023952 -0.051648 -0.001882
v -0.023961 -0.051644 -0.001895
v -0.023996 -0.051581 -0.001845
v -0.024005 -0.051576 -0.001858
v -0.024035 -0.051511 -0.001806
v -0.023162 -0.052145 -0.002123
v -0.023243 -0.052135 -0.002134
v -0.023321 -0.052116 -0.002131
v -0.023325 -0.052119 -0.002142
v -0.023393 -0.052088 -0.002113
v -0.023398 -0.052091 -0.002125
v -0.023464 -0.052056 -0.002093
v -0.02347 -0.052058 -0.002105
v -0.023533 -0.052019 -0.002071
v -0.023539 -0.052021 -0.002083
v -0.023599 -0.051978 -0.002047
v -0.023606 -0.05198 -0.002059
v -0.023663 -0.051933 -0.00202
v -0.023671 -0.051934 -0.002032
v -0.023724 -0.051885 -0.001991
v -0.023732 -0.051885 -0.002003
v -0.023782 -0.051832 -0.00196
v -0.02379 -0.051831 -0.001972
v -0.023836 -0.051776 -0.001927
v -0.023845 -0.051774 -0.001939
v -0.023887 -0.051716 -0.001892
v -0.023896 -0.051714 -0.001905
v -0.023934 -0.051654 -0.001856
v -0.023943 -0.051651 -0.001869
v -0.023977 -0.051588 -0.001819
v -0.023986 -0.051585 -0.001832
v -0.024015 -0.05152 -0.00178
v -0.024025 -0.051516 -0.001793
v -0.024049 -0.05145 -0.00174
v -0.024059 -0.051445 -0.001753
v -0.024079 -0.051377 -0.001698
v -0.024089 -0.051371 -0.001712
v -0.024208 -0.050979 -0.001665
v -0.024202 -0.051032 -0.00167
v -0.024193 -0.051084 -0.001675
v -0.024181 -0.051135 -0.00168
v -0.024168 -0.051185 -0.001685
v -0.024151 -0.051234 -0.001692
v -0.024132 -0.051281 -0.001698
v -0.024112 -0.051327 -0.001705
v -0.024068 -0.051382 -0.001685
v -0.024038 -0.051454 -0.001727
v -0.024056 -0.051388 -0.001673
v -0.024027 -0.051459 -0.001714
v -0.024044 -0.051392 -0.00166
v -0.024015 -0.051463 -0.001702
v -0.024031 -0.051397 -0.001648
v -0.024003 -0.051466 -0.00169
v -0.024018 -0.0514 -0.001637
v -0.02399 -0.051469 -0.001679
v -0.023977 -0.051471 -0.001668
v -0.023944 -0.051537 -0.001708
v -0.023931 -0.051538 -0.001698
v -0.023235 -0.052127 -0.002111
v -0.023307 -0.052105 -0.002096
v -0.023316 -0.052112 -0.002119
v -0.023383 -0.052082 -0.00209
v -0.023388 -0.052085 -0.002102
v -0.023452 -0.05205 -0.00207
v -0.023458 -0.052053 -0.002082
v -0.02352 -0.052015 -0.002048
v -0.023527 -0.052017 -0.002059
v -0.023585 -0.051975 -0.002023
v -0.023592 -0.051977 -0.002035
v -0.023647 -0.051931 -0.001996
v -0.023655 -0.051932 -0.002008
v -0.023707 -0.051883 -0.001967
v -0.023716 -0.051884 -0.001979
v -0.023764 -0.051832 -0.001936
v -0.023773 -0.051832 -0.001948
v -0.023817 -0.051777 -0.001903
v -0.023827 -0.051777 -0.001915
v -0.023867 -0.051719 -0.001868
v -0.023877 -0.051718 -0.00188
v -0.023913 -0.051658 -0.001832
v -0.023924 -0.051656 -0.001844
v -0.023955 -0.051594 -0.001794
v -0.023966 -0.051591 -0.001806
v -0.023993 -0.051528 -0.001755
v -0.024004 -0.051524 -0.001767
v -0.023982 -0.051531 -0.001742
v -0.02397 -0.051533 -0.001731
v -0.023957 -0.051535 -0.001719
v -0.023377 -0.052078 -0.002079
v -0.023446 -0.052047 -0.002059
v -0.023513 -0.052012 -0.002036
v -0.023577 -0.051972 -0.002012
v -0.023639 -0.051929 -0.001984
v -0.023698 -0.051882 -0.001955
v -0.023754 -0.051831 -0.001924
v -0.023807 -0.051777 -0.001891
v -0.023857 -0.05172 -0.001856
v -0.023945 -0.051413 -0.001587
v -0.023919 -0.051477 -0.001628
v -0.023889 -0.051539 -0.001669
v -0.023869 -0.0516 -0.001717
v -0.023882 -0.051601 -0.001727
v -0.023895 -0.051601 -0.001737
v -0.023908 -0.0516 -0.001748
v -0.02392 -0.051599 -0.001759
v -0.023891 -0.05166 -0.001808
v -0.023846 -0.05172 -0.001845
v -0.023797 -0.051777 -0.00188
v -0.023745 -0.05183 -0.001913
v -0.023689 -0.05188 -0.001944
v -0.023631 -0.051927 -0.001973
v -0.02357 -0.05197 -0.002
v -0.023506 -0.052008 -0.002025
v -0.02344 -0.052043 -0.002048
v -0.023372 -0.052074 -0.002067
v -0.023302 -0.0521 -0.002085
v -0.023231 -0.052122 -0.0021
v -0.023158 -0.05214 -0.002112
v -0.023085 -0.052153 -0.002122
v -0.023011 -0.052161 -0.002129
v -0.022937 -0.052165 -0.002133
v -0.023593 -0.050465 -0.000897
v -0.023616 -0.050455 -0.000893
v -0.023935 -0.050163 -0.001068
v -0.023939 -0.050148 -0.001087
v -0.023941 -0.050079 -0.00119
v -0.023801 -0.049825 -0.001055
v -0.023937 -0.050067 -0.001211
v -0.023943 -0.050091 -0.001169
v -0.023807 -0.049847 -0.001016
v -0.023805 -0.049837 -0.001034
v -0.023944 -0.050105 -0.001148
v -0.023944 -0.050119 -0.001127
v -0.023942 -0.050133 -0.001107
v -0.023798 -0.049928 -0.000903
v -0.0238 -0.049921 -0.00091
v -0.023805 -0.049906 -0.00093
v -0.023808 -0.049891 -0.00095
v -0.023809 -0.049877 -0.00097
v -0.023809 -0.049863 -0.000991
v -0.023809 -0.049859 -0.000996
v -0.023808 -0.049849 -0.001012
v -0.023929 -0.050179 -0.001049
v -0.023922 -0.050194 -0.001032
v -0.023792 -0.049942 -0.000885
v -0.023795 -0.049937 -0.000892
v -0.023914 -0.05021 -0.001015
v -0.023904 -0.050226 -0.000999
v -0.023893 -0.050243 -0.000983
v -0.02388 -0.050259 -0.000969
v -0.023867 -0.050275 -0.000956
v -0.023853 -0.050291 -0.000943
v -0.023838 -0.050307 -0.000932
v -0.023822 -0.050322 -0.000923
v -0.023805 -0.050337 -0.000914
v -0.023787 -0.050352 -0.000907
v -0.023768 -0.050366 -0.000901
v -0.023748 -0.050381 -0.000895
v -0.023727 -0.050395 -0.000892
v -0.023615 -0.050142 -0.000738
v -0.023635 -0.050127 -0.000743
v -0.023654 -0.050112 -0.000749
v -0.023671 -0.050097 -0.000756
v -0.023688 -0.050082 -0.000765
v -0.023704 -0.050067 -0.000774
v -0.023719 -0.050051 -0.000785
v -0.023734 -0.050034 -0.000798
v -0.023747 -0.050018 -0.000811
v -0.023759 -0.050002 -0.000825
v -0.02377 -0.049985 -0.000841
v -0.023779 -0.049969 -0.000857
v -0.023785 -0.049957 -0.000869
v -0.023788 -0.049953 -0.000874
v -0.023705 -0.050408 -0.000889
v -0.023683 -0.050421 -0.000888
v -0.023661 -0.050433 -0.000888
v -0.023638 -0.050445 -0.00089
v -0.02346 -0.050229 -0.000741
v -0.023461 -0.050229 -0.000741
v -0.023483 -0.050219 -0.000736
v -0.023505 -0.050208 -0.000733
v -0.023528 -0.050196 -0.000731
v -0.02355 -0.050184 -0.000731
v -0.023572 -0.050171 -0.000732
v -0.023584 -0.050163 -0.000733
v -0.023594 -0.050157 -0.000734
v -0.023157 -0.049593 -0.000462
v -0.02343 -0.050161 -0.000698
v -0.023522 -0.049356 -0.000847
v -0.023196 -0.048874 -0.000694
v -0.023198 -0.048873 -0.000703
v -0.023363 -0.049127 -0.000715
v -0.023008 -0.049298 -0.000411
v -0.02297 -0.049224 -0.000405
v -0.023141 -0.049008 -0.000502
v -0.023183 -0.049078 -0.000502
v -0.02317 -0.049087 -0.00049
v -0.023318 -0.049872 -0.000555
v -0.023283 -0.0498 -0.000527
v -0.023303 -0.049789 -0.000526
v -0.023194 -0.049666 -0.000482
v -0.023357 -0.049657 -0.000514
v -0.02332 -0.049585 -0.000494
v -0.023336 -0.049572 -0.0005
v -0.023374 -0.049645 -0.00052
v -0.023353 -0.04956 -0.000507
v -0.023391 -0.049632 -0.000527
v -0.023369 -0.049548 -0.000516
v -0.023407 -0.04962 -0.000535
v -0.023384 -0.049536 -0.000525
v -0.023423 -0.049607 -0.000544
v -0.023399 -0.049524 -0.000535
v -0.023437 -0.049595 -0.000554
v -0.023413 -0.049512 -0.000546
v -0.023452 -0.049582 -0.000565
v -0.023426 -0.0495 -0.000559
v -0.023597 -0.049646 -0.000695
v -0.023559 -0.049579 -0.000672
v -0.023568 -0.049568 -0.000689
v -0.023588 -0.049658 -0.000679
v -0.02355 -0.049591 -0.000655
v -0.023511 -0.049523 -0.000635
v -0.023472 -0.049455 -0.000616
v -0.023481 -0.049444 -0.000633
v -0.023501 -0.049534 -0.000619
v -0.023462 -0.049466 -0.000601
v -0.023597 -0.049507 -0.000802
v -0.023521 -0.049381 -0.000764
v -0.023523 -0.049374 -0.000784
v -0.023595 -0.049516 -0.000782
v -0.023518 -0.049389 -0.000744
v -0.023671 -0.049631 -0.000851
v -0.023742 -0.049753 -0.000909
v -0.02374 -0.049765 -0.000889
v -0.023672 -0.049621 -0.000871
v -0.023742 -0.049742 -0.000929
v -0.023669 -0.049642 -0.000831
v -0.023666 -0.049652 -0.000811
v -0.023738 -0.049777 -0.00087
v -0.023734 -0.04979 -0.000851
v -0.023667 -0.049595 -0.000933
v -0.02367 -0.049603 -0.000912
v -0.023671 -0.049612 -0.000891
v -0.023591 -0.049525 -0.000763
v -0.023662 -0.049664 -0.000792
v -0.023657 -0.049675 -0.000773
v -0.023729 -0.049803 -0.000833
v -0.02365 -0.049687 -0.000755
v -0.023523 -0.049361 -0.000826
v -0.023524 -0.049367 -0.000805
v -0.023758 -0.04988 -0.000849
v -0.023751 -0.049894 -0.000832
v -0.023723 -0.049816 -0.000815
v -0.02368 -0.049765 -0.000766
v -0.023643 -0.0497 -0.000738
v -0.023671 -0.049779 -0.00075
v -0.023635 -0.049713 -0.000721
v -0.023662 -0.049792 -0.000734
v -0.023688 -0.049872 -0.000751
v -0.023698 -0.049858 -0.000766
v -0.023708 -0.049844 -0.000781
v -0.023716 -0.04983 -0.000798
v -0.023712 -0.049953 -0.000772
v -0.023723 -0.049938 -0.000786
v -0.023733 -0.049923 -0.0008
v -0.023743 -0.049909 -0.000816
v -0.023285 -0.049609 -0.000485
v -0.023304 -0.049693 -0.000503
v -0.023267 -0.049621 -0.000482
v -0.023285 -0.049705 -0.000502
v -0.023249 -0.049632 -0.00048
v -0.023267 -0.049717 -0.000501
v -0.023231 -0.049644 -0.00048
v -0.023248 -0.049728 -0.000502
v -0.023212 -0.049655 -0.00048
v -0.023229 -0.049739 -0.000504
v -0.023264 -0.049811 -0.000529
v -0.023299 -0.049883 -0.000557
v -0.023332 -0.049954 -0.000588
v -0.023366 -0.050024 -0.000622
v -0.023352 -0.049943 -0.000585
v -0.023338 -0.049861 -0.000553
v -0.023321 -0.049778 -0.000526
v -0.023625 -0.049725 -0.000705
v -0.023615 -0.049739 -0.00069
v -0.023652 -0.049806 -0.000719
v -0.023641 -0.04982 -0.000705
v -0.023676 -0.049887 -0.000737
v -0.023664 -0.049901 -0.000724
v -0.023699 -0.049968 -0.000759
v -0.023686 -0.049983 -0.000747
v -0.023578 -0.049671 -0.000664
v -0.023604 -0.049752 -0.000676
v -0.023628 -0.049834 -0.000692
v -0.023651 -0.049916 -0.000712
v -0.023672 -0.049998 -0.000737
v -0.02349 -0.049546 -0.000604
v -0.023528 -0.049615 -0.000625
v -0.023516 -0.049628 -0.000611
v -0.023554 -0.049697 -0.000635
v -0.023541 -0.04971 -0.000623
v -0.023579 -0.049779 -0.00065
v -0.023565 -0.049793 -0.000638
v -0.023601 -0.049862 -0.000668
v -0.023586 -0.049876 -0.000658
v -0.023622 -0.049944 -0.000691
v -0.023606 -0.049959 -0.000682
v -0.023641 -0.050027 -0.000718
v -0.023624 -0.050041 -0.000711
v -0.02354 -0.049603 -0.00064
v -0.023566 -0.049684 -0.000649
v -0.023592 -0.049765 -0.000662
v -0.023615 -0.049848 -0.000679
v -0.023637 -0.04993 -0.000701
v -0.023657 -0.050012 -0.000727
v -0.023398 -0.050093 -0.000659
v -0.023386 -0.050014 -0.000619
v -0.023372 -0.049932 -0.000583
v -0.023357 -0.04985 -0.000553
v -0.02334 -0.049766 -0.000527
v -0.023322 -0.049681 -0.000506
v -0.023302 -0.049597 -0.000489
v -0.023476 -0.049666 -0.000576
v -0.023461 -0.049678 -0.000566
v -0.023498 -0.049749 -0.000591
v -0.023482 -0.049762 -0.000582
v -0.023519 -0.049833 -0.00061
v -0.023502 -0.049846 -0.000602
v -0.023538 -0.049917 -0.000633
v -0.02352 -0.04993 -0.000628
v -0.023555 -0.05 -0.000662
v -0.023536 -0.050013 -0.000657
v -0.02357 -0.050082 -0.000695
v -0.023551 -0.050095 -0.000692
v -0.023445 -0.049691 -0.000557
v -0.023429 -0.049704 -0.000549
v -0.023466 -0.049775 -0.000574
v -0.023449 -0.049788 -0.000568
v -0.023485 -0.049859 -0.000596
v -0.023467 -0.049872 -0.000591
v -0.023502 -0.049943 -0.000623
v -0.023483 -0.049956 -0.000619
v -0.023518 -0.050026 -0.000654
v -0.023498 -0.050038 -0.000652
v -0.023531 -0.050107 -0.00069
v -0.023512 -0.050119 -0.000689
v -0.023412 -0.049717 -0.000543
v -0.023394 -0.049729 -0.000537
v -0.023431 -0.049801 -0.000563
v -0.023413 -0.049814 -0.000558
v -0.023449 -0.049885 -0.000587
v -0.02343 -0.049897 -0.000585
v -0.023464 -0.049968 -0.000617
v -0.023445 -0.04998 -0.000615
v -0.023479 -0.05005 -0.000651
v -0.023459 -0.050062 -0.000651
v -0.023491 -0.050131 -0.00069
v -0.023471 -0.050142 -0.000691
v -0.02334 -0.049669 -0.000509
v -0.023377 -0.049742 -0.000532
v -0.023359 -0.049754 -0.000529
v -0.023395 -0.049826 -0.000555
v -0.023376 -0.049838 -0.000553
v -0.023411 -0.049909 -0.000583
v -0.023392 -0.049921 -0.000583
v -0.023426 -0.049992 -0.000615
v -0.023406 -0.050003 -0.000616
v -0.023439 -0.050073 -0.000652
v -0.023418 -0.050083 -0.000655
v -0.02345 -0.050152 -0.000694
v -0.023277 -0.049208 -0.000524
v -0.023318 -0.049278 -0.000532
v -0.023306 -0.049289 -0.000519
v -0.023359 -0.049348 -0.000543
v -0.023399 -0.049418 -0.000556
v -0.023387 -0.04943 -0.000543
v -0.023111 -0.048931 -0.000517
v -0.023099 -0.048939 -0.000504
v -0.023128 -0.049017 -0.000489
v -0.02309 -0.048945 -0.000494
v -0.023115 -0.049026 -0.000477
v -0.023074 -0.048956 -0.000479
v -0.023102 -0.049035 -0.000466
v -0.023067 -0.048961 -0.000473
v -0.023088 -0.049045 -0.000455
v -0.023043 -0.048977 -0.000454
v -0.023073 -0.049055 -0.000446
v -0.023032 -0.048984 -0.000447
v -0.023059 -0.049065 -0.000437
v -0.023017 -0.048994 -0.000438
v -0.023043 -0.049075 -0.00043
v -0.023003 -0.049003 -0.00043
v -0.023028 -0.049086 -0.000423
v -0.022991 -0.049011 -0.000425
v -0.023012 -0.049096 -0.000417
v -0.022972 -0.049024 -0.000417
v -0.022996 -0.049107 -0.000412
v -0.022963 -0.04903 -0.000414
v -0.02298 -0.049118 -0.000408
v -0.02294 -0.049045 -0.000408
v -0.022935 -0.049048 -0.000407
v -0.022964 -0.049129 -0.000405
v -0.022924 -0.049056 -0.000404
v -0.022947 -0.04914 -0.000402
v -0.022907 -0.049067 -0.000402
v -0.022931 -0.049151 -0.000401
v -0.022892 -0.049077 -0.0004
v -0.022878 -0.049087 -0.0004
v -0.023157 -0.049097 -0.000478
v -0.023143 -0.049106 -0.000467
v -0.023129 -0.049116 -0.000456
v -0.023114 -0.049126 -0.000447
v -0.023099 -0.049137 -0.000438
v -0.023084 -0.049148 -0.000431
v -0.023068 -0.049158 -0.000424
v -0.023052 -0.049169 -0.000419
v -0.023036 -0.04918 -0.000414
v -0.02302 -0.049191 -0.00041
v -0.023003 -0.049202 -0.000407
v -0.022986 -0.049213 -0.000406
v -0.023265 -0.049218 -0.000511
v -0.023293 -0.049299 -0.000506
v -0.023252 -0.049228 -0.000498
v -0.02328 -0.04931 -0.000495
v -0.023239 -0.049238 -0.000486
v -0.023265 -0.049321 -0.000484
v -0.023225 -0.049249 -0.000476
v -0.023251 -0.049332 -0.000474
v -0.02321 -0.04926 -0.000466
v -0.023235 -0.049343 -0.000465
v -0.023195 -0.049271 -0.000457
v -0.02322 -0.049354 -0.000457
v -0.02318 -0.049282 -0.000448
v -0.023204 -0.049366 -0.00045
v -0.023164 -0.049293 -0.000441
v -0.023187 -0.049377 -0.000445
v -0.023148 -0.049304 -0.000435
v -0.02317 -0.049389 -0.00044
v -0.023131 -0.049316 -0.00043
v -0.023153 -0.0494 -0.000436
v -0.023115 -0.049327 -0.000426
v -0.023136 -0.049412 -0.000433
v -0.023098 -0.049338 -0.000423
v -0.023119 -0.049423 -0.000431
v -0.023081 -0.04935 -0.000421
v -0.023101 -0.049435 -0.000431
v -0.023063 -0.049361 -0.00042
v -0.023083 -0.049446 -0.000431
v -0.023046 -0.049372 -0.00042
v -0.023347 -0.049359 -0.00053
v -0.023373 -0.049441 -0.00053
v -0.023333 -0.04937 -0.000517
v -0.023359 -0.049452 -0.000519
v -0.02332 -0.049381 -0.000506
v -0.023345 -0.049464 -0.000509
v -0.023305 -0.049392 -0.000495
v -0.02333 -0.049476 -0.000499
v -0.02329 -0.049404 -0.000485
v -0.023314 -0.049488 -0.000491
v -0.023275 -0.049415 -0.000477
v -0.023298 -0.0495 -0.000483
v -0.023259 -0.049427 -0.000469
v -0.023281 -0.049512 -0.000477
v -0.023243 -0.049439 -0.000462
v -0.023265 -0.049524 -0.000471
v -0.023226 -0.049451 -0.000457
v -0.023247 -0.049536 -0.000467
v -0.023209 -0.049462 -0.000452
v -0.02323 -0.049547 -0.000464
v -0.023192 -0.049474 -0.000449
v -0.023212 -0.049559 -0.000462
v -0.023174 -0.049486 -0.000446
v -0.023194 -0.04957 -0.000461
v -0.023157 -0.049497 -0.000445
v -0.023176 -0.049582 -0.000461
v -0.023139 -0.049508 -0.000444
v -0.023121 -0.049519 -0.000445
v -0.023368 -0.049111 -0.000796
v -0.023208 -0.048866 -0.000797
v -0.023365 -0.049122 -0.000735
v -0.023203 -0.04887 -0.000728
v -0.023367 -0.049118 -0.000755
v -0.023204 -0.048868 -0.000741
v -0.023368 -0.049114 -0.000776
v -0.023207 -0.048867 -0.000762
v -0.023208 -0.048866 -0.00078
v -0.0233 -0.04919 -0.000554
v -0.023206 -0.049061 -0.00053
v -0.023217 -0.049052 -0.000545
v -0.02313 -0.048918 -0.000543
v -0.023133 -0.048916 -0.000546
v -0.023148 -0.048906 -0.00057
v -0.023227 -0.049045 -0.000561
v -0.023236 -0.049037 -0.000577
v -0.023152 -0.048903 -0.000578
v -0.023245 -0.049031 -0.000594
v -0.023163 -0.048896 -0.000599
v -0.023253 -0.049024 -0.000611
v -0.023169 -0.048892 -0.000611
v -0.02326 -0.049018 -0.000629
v -0.023176 -0.048887 -0.00063
v -0.023267 -0.049013 -0.000648
v -0.023183 -0.048883 -0.000647
v -0.023188 -0.04888 -0.000662
v -0.023195 -0.049069 -0.000516
v -0.023122 -0.048924 -0.000531
v -0.02331 -0.049181 -0.00057
v -0.023319 -0.049173 -0.000586
v -0.023328 -0.049165 -0.000603
v -0.023336 -0.049157 -0.000621
v -0.023343 -0.04915 -0.000639
v -0.023349 -0.049143 -0.000657
v -0.023272 -0.049008 -0.000666
v -0.023194 -0.048876 -0.000684
v -0.023359 -0.049132 -0.000696
v -0.02344 -0.04926 -0.000715
v -0.023435 -0.049267 -0.000695
v -0.023515 -0.049397 -0.000724
v -0.02351 -0.049405 -0.000705
v -0.023587 -0.049535 -0.000743
v -0.023504 -0.049414 -0.000686
v -0.023582 -0.049546 -0.000724
v -0.023497 -0.049424 -0.000668
v -0.023575 -0.049556 -0.000706
v -0.02349 -0.049434 -0.00065
v -0.023392 -0.049318 -0.000588
v -0.023401 -0.049308 -0.000604
v -0.02341 -0.049299 -0.000621
v -0.023418 -0.049291 -0.000639
v -0.023424 -0.049282 -0.000657
v -0.02343 -0.049275 -0.000676
v -0.023355 -0.049137 -0.000676
v -0.023277 -0.049003 -0.000685
v -0.023382 -0.049328 -0.000572
v -0.023422 -0.049397 -0.000585
v -0.023411 -0.049407 -0.00057
v -0.023451 -0.049477 -0.000586
v -0.023439 -0.049488 -0.000572
v -0.023478 -0.049558 -0.00059
v -0.023465 -0.04957 -0.000577
v -0.023504 -0.04964 -0.000599
v -0.02349 -0.049653 -0.000587
v -0.023528 -0.049723 -0.000611
v -0.023513 -0.049736 -0.0006
v -0.02355 -0.049806 -0.000627
v -0.023535 -0.04982 -0.000618
v -0.023571 -0.049889 -0.000649
v -0.023555 -0.049903 -0.00064
v -0.02359 -0.049972 -0.000674
v -0.023573 -0.049986 -0.000667
v -0.023607 -0.050055 -0.000704
v -0.023589 -0.050069 -0.000699
v -0.023025 -0.049287 -0.000411
v -0.023042 -0.049276 -0.000413
v -0.023059 -0.049265 -0.000415
v -0.023076 -0.049253 -0.000419
v -0.023092 -0.049242 -0.000423
v -0.023108 -0.049231 -0.000428
v -0.023124 -0.04922 -0.000435
v -0.02314 -0.049209 -0.000442
v -0.023155 -0.049198 -0.00045
v -0.02317 -0.049188 -0.00046
v -0.023184 -0.049178 -0.00047
v -0.023198 -0.049167 -0.000481
v -0.023211 -0.049157 -0.000493
v -0.023224 -0.049148 -0.000505
v -0.023236 -0.049139 -0.000519
v -0.023289 -0.049199 -0.000539
v -0.02333 -0.049268 -0.000547
v -0.023371 -0.049338 -0.000557
v -0.021101 -0.046884 -0.0004
v -0.022403 -0.048415 -0.0004
v -0.022431 -0.048394 -0.000402
v -0.022458 -0.048374 -0.000407
v -0.022485 -0.048354 -0.000414
v -0.022512 -0.048334 -0.000425
v -0.022537 -0.048315 -0.000438
v -0.022562 -0.048297 -0.000454
v -0.022585 -0.048279 -0.000473
v -0.022607 -0.048263 -0.000494
v -0.022627 -0.048247 -0.000517
v -0.022646 -0.048234 -0.000543
v -0.022663 -0.048221 -0.00057
v -0.022678 -0.04821 -0.000599
v -0.022691 -0.0482 -0.00063
v -0.022702 -0.048192 -0.000662
v -0.02271 -0.048186 -0.000694
v -0.022716 -0.048181 -0.000728
v -0.02272 -0.048178 -0.000762
v -0.022721 -0.048177 -0.000797
v -0.021387 -0.046608 -0.000797
v -0.021385 -0.046609 -0.000762
v -0.021382 -0.046613 -0.000728
v -0.021376 -0.046618 -0.000694
v -0.021369 -0.046625 -0.000662
v -0.021359 -0.046635 -0.00063
v -0.021348 -0.046646 -0.000599
v -0.021334 -0.046659 -0.00057
v -0.021319 -0.046673 -0.000543
v -0.021264 -0.046726 -0.000473
v -0.021284 -0.046707 -0.000494
v -0.021302 -0.046689 -0.000517
v -0.021243 -0.046746 -0.000454
v -0.021221 -0.046768 -0.000438
v -0.021198 -0.04679 -0.000425
v -0.021175 -0.046813 -0.000414
v -0.021151 -0.046836 -0.000407
v -0.021126 -0.04686 -0.000402
v -0.021777 -0.047629 -0.0004
v -0.021803 -0.047606 -0.000402
v -0.021829 -0.047584 -0.000407
v -0.021855 -0.047562 -0.000414
v -0.02188 -0.047541 -0.000425
v -0.021904 -0.04752 -0.000438
v -0.021927 -0.047501 -0.000454
v -0.021949 -0.047482 -0.000473
v -0.02197 -0.047464 -0.000494
v -0.02199 -0.047447 -0.000517
v -0.022007 -0.047432 -0.000543
v -0.022023 -0.047419 -0.00057
v -0.022038 -0.047407 -0.000599
v -0.02205 -0.047396 -0.00063
v -0.02206 -0.047388 -0.000662
v -0.022068 -0.047381 -0.000694
v -0.022074 -0.047376 -0.000728
v -0.022078 -0.047373 -0.000762
v -0.022079 -0.047372 -0.000797
v -0.01108 -0.048126 -0.0071
v -0.010995 -0.048115 -0.0071
v -0.01091 -0.048096 -0.0071
v -0.010828 -0.04807 -0.0071
v -0.010748 -0.048037 -0.0071
v -0.010671 -0.047998 -0.0071
v -0.010598 -0.047951 -0.0071
v -0.010529 -0.047899 -0.0071
v -0.010465 -0.047841 -0.0071
v -0.010406 -0.047778 -0.0071
v -0.010353 -0.047709 -0.0071
v -0.011187 -0.048135 -0.0071
v -0.012041 -0.047782 -0.0071
v -0.011982 -0.047846 -0.0071
v -0.011917 -0.047905 -0.0071
v -0.011848 -0.047958 -0.0071
v -0.011774 -0.048005 -0.0071
v -0.011697 -0.048045 -0.0071
v -0.011616 -0.048079 -0.0071
v -0.011533 -0.048105 -0.0071
v -0.011448 -0.048124 -0.0071
v -0.011362 -0.048135 -0.0071
v -0.011274 -0.048139 -0.0071
v -0.015017 -0.044234 -0.0071
v -0.016388 -0.04408 -0.0071
v -0.016318 -0.044032 -0.0071
v -0.016245 -0.04399 -0.0071
v -0.016168 -0.043954 -0.0071
v -0.016089 -0.043925 -0.0071
v -0.016008 -0.043902 -0.0071
v -0.015925 -0.043887 -0.0071
v -0.01584 -0.043878 -0.0071
v -0.015756 -0.043877 -0.0071
v -0.015672 -0.043883 -0.0071
v -0.015588 -0.043896 -0.0071
v -0.015506 -0.043916 -0.0071
v -0.015426 -0.043943 -0.0071
v -0.015348 -0.043976 -0.0071
v -0.015274 -0.044016 -0.0071
v -0.015203 -0.044062 -0.0071
v -0.015137 -0.044114 -0.0071
v -0.015074 -0.044172 -0.0071
v -0.020523 -0.048853 -0.0071
v -0.020352 -0.048171 -0.0071
v -0.020383 -0.048262 -0.0071
v -0.020442 -0.048462 -0.0071
v -0.020508 -0.048761 -0.0071
v -0.020466 -0.048554 -0.0071
v -0.020236 -0.047887 -0.0071
v -0.020276 -0.047977 -0.0071
v -0.020145 -0.047703 -0.0071
v -0.010354 -0.047708 -0.007135
v -0.010358 -0.047706 -0.007169
v -0.010364 -0.047701 -0.007204
v -0.010372 -0.047695 -0.007237
v -0.010383 -0.047688 -0.007269
v -0.010396 -0.047678 -0.0073
v -0.010412 -0.047667 -0.007329
v -0.010429 -0.047655 -0.007357
v -0.010448 -0.047641 -0.007383
v -0.010469 -0.047627 -0.007406
v -0.010492 -0.047611 -0.007428
v -0.010516 -0.047593 -0.007446
v -0.010541 -0.047576 -0.007463
v -0.010567 -0.047557 -0.007476
v -0.010594 -0.047538 -0.007486
v -0.010622 -0.047518 -0.007494
v -0.01065 -0.047498 -0.007498
v -0.010407 -0.047777 -0.007135
v -0.01041 -0.047774 -0.007169
v -0.010416 -0.047769 -0.007204
v -0.010424 -0.047762 -0.007237
v -0.010434 -0.047753 -0.007269
v -0.010447 -0.047743 -0.0073
v -0.010461 -0.047731 -0.007329
v -0.010477 -0.047717 -0.007357
v -0.010495 -0.047702 -0.007383
v -0.010515 -0.047685 -0.007406
v -0.010536 -0.047667 -0.007428
v -0.010558 -0.047648 -0.007446
v -0.010582 -0.047628 -0.007463
v -0.010606 -0.047607 -0.007476
v -0.010632 -0.047586 -0.007486
v -0.010658 -0.047563 -0.007494
v -0.010684 -0.047541 -0.007498
v -0.010466 -0.04784 -0.007135
v -0.010469 -0.047837 -0.007169
v -0.010474 -0.047831 -0.007204
v -0.010482 -0.047824 -0.007237
v -0.010491 -0.047814 -0.007269
v -0.010502 -0.047803 -0.0073
v -0.010516 -0.04779 -0.007329
v -0.01053 -0.047774 -0.007357
v -0.010547 -0.047758 -0.007383
v -0.010565 -0.047739 -0.007406
v -0.010585 -0.04772 -0.007428
v -0.010605 -0.047699 -0.007446
v -0.010627 -0.047677 -0.007463
v -0.01065 -0.047654 -0.007476
v -0.010673 -0.04763 -0.007486
v -0.010697 -0.047606 -0.007494
v -0.010721 -0.047581 -0.007498
v -0.01053 -0.047898 -0.007135
v -0.010533 -0.047894 -0.007169
v -0.010537 -0.047889 -0.007204
v -0.010544 -0.047881 -0.007237
v -0.010553 -0.04787 -0.007269
v -0.010563 -0.047858 -0.0073
v -0.010575 -0.047843 -0.007329
v -0.010589 -0.047827 -0.007357
v -0.010604 -0.047809 -0.007383
v -0.01062 -0.047789 -0.007406
v -0.010638 -0.047768 -0.007428
v -0.010657 -0.047745 -0.007446
v -0.010676 -0.047721 -0.007463
v -0.010697 -0.047697 -0.007476
v -0.010718 -0.047671 -0.007486
v -0.01074 -0.047645 -0.007494
v -0.010762 -0.047618 -0.007498
v -0.010599 -0.04795 -0.007135
v -0.010601 -0.047946 -0.007169
v -0.010605 -0.04794 -0.007204
v -0.010611 -0.047932 -0.007237
v -0.010619 -0.047921 -0.007269
v -0.010628 -0.047907 -0.0073
v -0.010639 -0.047892 -0.007329
v -0.010651 -0.047875 -0.007357
v -0.010664 -0.047855 -0.007383
v -0.010679 -0.047834 -0.007406
v -0.010695 -0.047811 -0.007428
v -0.010712 -0.047787 -0.007446
v -0.010729 -0.047762 -0.007463
v -0.010748 -0.047735 -0.007476
v -0.010767 -0.047708 -0.007486
v -0.010786 -0.04768 -0.007494
v -0.010806 -0.047651 -0.007498
v -0.010672 -0.047996 -0.007135
v -0.010674 -0.047992 -0.007169
v -0.010678 -0.047986 -0.007204
v -0.010683 -0.047977 -0.007237
v -0.010689 -0.047965 -0.007269
v -0.010697 -0.047951 -0.0073
v -0.010707 -0.047935 -0.007329
v -0.010717 -0.047916 -0.007357
v -0.010729 -0.047896 -0.007383
v -0.010742 -0.047874 -0.007406
v -0.010756 -0.04785 -0.007428
v -0.01077 -0.047824 -0.007446
v -0.010786 -0.047797 -0.007463
v -0.010802 -0.047769 -0.007476
v -0.010818 -0.04774 -0.007486
v -0.010835 -0.047711 -0.007494
v -0.010852 -0.047681 -0.007498
v -0.010748 -0.048036 -0.007135
v -0.01075 -0.048032 -0.007169
v -0.010753 -0.048025 -0.007204
v -0.010758 -0.048015 -0.007237
v -0.010763 -0.048003 -0.007269
v -0.01077 -0.047989 -0.0073
v -0.010778 -0.047972 -0.007329
v -0.010787 -0.047952 -0.007357
v -0.010797 -0.047931 -0.007383
v -0.010808 -0.047908 -0.007406
v -0.010819 -0.047882 -0.007428
v -0.010832 -0.047856 -0.007446
v -0.010845 -0.047828 -0.007463
v -0.010858 -0.047798 -0.007476
v -0.010872 -0.047768 -0.007486
v -0.010886 -0.047737 -0.007494
v -0.010901 -0.047706 -0.007498
v -0.010828 -0.048069 -0.007135
v -0.01083 -0.048064 -0.007169
v -0.010832 -0.048057 -0.007204
v -0.010836 -0.048048 -0.007237
v -0.01084 -0.048035 -0.007269
v -0.010846 -0.04802 -0.0073
v -0.010852 -0.048002 -0.007329
v -0.010859 -0.047982 -0.007357
v -0.010867 -0.04796 -0.007383
v -0.010876 -0.047936 -0.007406
v -0.010886 -0.04791 -0.007428
v -0.010896 -0.047882 -0.007446
v -0.010906 -0.047853 -0.007463
v -0.010917 -0.047823 -0.007476
v -0.010928 -0.047791 -0.007486
v -0.01094 -0.047759 -0.007494
v -0.010952 -0.047727 -0.007498
v -0.010911 -0.048095 -0.007135
v -0.010912 -0.04809 -0.007169
v -0.010914 -0.048083 -0.007204
v -0.010916 -0.048073 -0.007237
v -0.01092 -0.04806 -0.007269
v -0.010924 -0.048044 -0.0073
v -0.010929 -0.048026 -0.007329
v -0.010934 -0.048006 -0.007357
v -0.01094 -0.047983 -0.007383
v -0.010947 -0.047958 -0.007406
v -0.010954 -0.047931 -0.007428
v -0.010962 -0.047903 -0.007446
v -0.01097 -0.047873 -0.007463
v -0.010978 -0.047842 -0.007476
v -0.010987 -0.04781 -0.007486
v -0.010995 -0.047777 -0.007494
v -0.011004 -0.047743 -0.007498
v -0.010995 -0.048113 -0.007135
v -0.010996 -0.048109 -0.007169
v -0.010997 -0.048101 -0.007204
v -0.010999 -0.048091 -0.007237
v -0.011001 -0.048078 -0.007269
v -0.011004 -0.048062 -0.0073
v -0.011007 -0.048043 -0.007329
v -0.011011 -0.048023 -0.007357
v -0.011015 -0.047999 -0.007383
v -0.011019 -0.047974 -0.007406
v -0.011024 -0.047947 -0.007428
v -0.011029 -0.047918 -0.007446
v -0.011035 -0.047887 -0.007463
v -0.01104 -0.047855 -0.007476
v -0.011046 -0.047823 -0.007486
v -0.011052 -0.047789 -0.007494
v -0.011058 -0.047755 -0.007498
v -0.011081 -0.048124 -0.007135
v -0.011081 -0.04812 -0.007169
v -0.011082 -0.048112 -0.007204
v -0.011083 -0.048102 -0.007237
v -0.011084 -0.048089 -0.007269
v -0.011085 -0.048073 -0.0073
v -0.011087 -0.048054 -0.007329
v -0.011089 -0.048033 -0.007357
v -0.011091 -0.048009 -0.007383
v -0.011093 -0.047984 -0.007406
v -0.011095 -0.047956 -0.007428
v -0.011098 -0.047927 -0.007446
v -0.011101 -0.047896 -0.007463
v -0.011103 -0.047864 -0.007476
v -0.011106 -0.047831 -0.007486
v -0.011109 -0.047797 -0.007494
v -0.011112 -0.047762 -0.007498
v -0.011219 -0.047772 -0.007498
v -0.011216 -0.047806 -0.007494
v -0.011213 -0.04784 -0.007486
v -0.01121 -0.047873 -0.007476
v -0.011207 -0.047905 -0.007463
v -0.011205 -0.047936 -0.007446
v -0.011202 -0.047965 -0.007428
v -0.0112 -0.047993 -0.007406
v -0.011198 -0.048019 -0.007383
v -0.011195 -0.048042 -0.007357
v -0.011194 -0.048063 -0.007329
v -0.011192 -0.048082 -0.0073
v -0.011191 -0.048098 -0.007269
v -0.011189 -0.048111 -0.007237
v -0.011188 -0.048122 -0.007204
v -0.011188 -0.048129 -0.007169
v -0.011187 -0.048134 -0.007135
v -0.011274 -0.048138 -0.007135
v -0.011274 -0.048133 -0.007169
v -0.011274 -0.048125 -0.007204
v -0.011274 -0.048115 -0.007237
v -0.011274 -0.048102 -0.007269
v -0.011274 -0.048086 -0.0073
v -0.011274 -0.048067 -0.007329
v -0.011274 -0.048046 -0.007357
v -0.011274 -0.048022 -0.007383
v -0.011274 -0.047996 -0.007406
v -0.011274 -0.047969 -0.007428
v -0.011274 -0.047939 -0.007446
v -0.011274 -0.047908 -0.007463
v -0.011274 -0.047876 -0.007476
v -0.011274 -0.047843 -0.007486
v -0.011274 -0.047809 -0.007494
v -0.011274 -0.047774 -0.007498
v -0.011361 -0.048134 -0.007135
v -0.011361 -0.048129 -0.007169
v -0.01136 -0.048122 -0.007204
v -0.01136 -0.048111 -0.007237
v -0.011358 -0.048098 -0.007269
v -0.011357 -0.048082 -0.0073
v -0.011355 -0.048063 -0.007329
v -0.011353 -0.048042 -0.007357
v -0.011351 -0.048019 -0.007383
v -0.011349 -0.047993 -0.007406
v -0.011347 -0.047965 -0.007428
v -0.011344 -0.047936 -0.007446
v -0.011341 -0.047905 -0.007463
v -0.011339 -0.047873 -0.007476
v -0.011336 -0.04784 -0.007486
v -0.011333 -0.047806 -0.007494
v -0.01133 -0.047772 -0.007498
v -0.011448 -0.048122 -0.007135
v -0.011447 -0.048118 -0.007169
v -0.011446 -0.04811 -0.007204
v -0.011444 -0.0481 -0.007237
v -0.011442 -0.048087 -0.007269
v -0.011439 -0.048071 -0.0073
v -0.011436 -0.048053 -0.007329
v -0.011432 -0.048032 -0.007357
v -0.011428 -0.048009 -0.007383
v -0.011423 -0.047983 -0.007406
v -0.011418 -0.047956 -0.007428
v -0.011413 -0.047927 -0.007446
v -0.011408 -0.047896 -0.007463
v -0.011402 -0.047865 -0.007476
v -0.011397 -0.047832 -0.007486
v -0.011391 -0.047798 -0.007494
v -0.011385 -0.047764 -0.007498
v -0.011533 -0.048104 -0.007135
v -0.011532 -0.048099 -0.007169
v -0.01153 -0.048092 -0.007204
v -0.011527 -0.048082 -0.007237
v -0.011524 -0.048069 -0.007269
v -0.011519 -0.048053 -0.0073
v -0.011515 -0.048035 -0.007329
v -0.011509 -0.048015 -0.007357
v -0.011503 -0.047992 -0.007383
v -0.011496 -0.047967 -0.007406
v -0.011489 -0.04794 -0.007428
v -0.011482 -0.047912 -0.007446
v -0.011474 -0.047882 -0.007463
v -0.011465 -0.047851 -0.007476
v -0.011457 -0.047819 -0.007486
v -0.011448 -0.047786 -0.007494
v -0.011439 -0.047752 -0.007498
v -0.011616 -0.048077 -0.007135
v -0.011614 -0.048073 -0.007169
v -0.011612 -0.048066 -0.007204
v -0.011608 -0.048056 -0.007237
v -0.011604 -0.048044 -0.007269
v -0.011598 -0.048028 -0.0073
v -0.011592 -0.048011 -0.007329
v -0.011584 -0.047991 -0.007357
v -0.011576 -0.047969 -0.007383
v -0.011568 -0.047945 -0.007406
v -0.011558 -0.047919 -0.007428
v -0.011548 -0.047891 -0.007446
v -0.011537 -0.047862 -0.007463
v -0.011526 -0.047831 -0.007476
v -0.011515 -0.0478 -0.007486
v -0.011503 -0.047768 -0.007494
v -0.011492 -0.047736 -0.007498
v -0.011696 -0.048044 -0.007135
v -0.011695 -0.04804 -0.007169
v -0.011691 -0.048033 -0.007204
v -0.011687 -0.048024 -0.007237
v -0.011681 -0.048011 -0.007269
v -0.011674 -0.047997 -0.0073
v -0.011667 -0.04798 -0.007329
v -0.011658 -0.047961 -0.007357
v -0.011648 -0.047939 -0.007383
v -0.011637 -0.047916 -0.007406
v -0.011625 -0.047891 -0.007428
v -0.011613 -0.047864 -0.007446
v -0.011599 -0.047836 -0.007463
v -0.011586 -0.047807 -0.007476
v -0.011572 -0.047777 -0.007486
v -0.011557 -0.047746 -0.007494
v -0.011543 -0.047714 -0.007498
v -0.011774 -0.048004 -0.007135
v -0.011771 -0.048 -0.007169
v -0.011768 -0.047993 -0.007204
v -0.011762 -0.047984 -0.007237
v -0.011756 -0.047973 -0.007269
v -0.011748 -0.047959 -0.0073
v -0.011738 -0.047942 -0.007329
v -0.011728 -0.047924 -0.007357
v -0.011716 -0.047904 -0.007383
v -0.011703 -0.047881 -0.007406
v -0.011689 -0.047857 -0.007428
v -0.011674 -0.047832 -0.007446
v -0.011659 -0.047805 -0.007463
v -0.011643 -0.047777 -0.007476
v -0.011626 -0.047748 -0.007486
v -0.011609 -0.047719 -0.007494
v -0.011592 -0.047689 -0.007498
v -0.011847 -0.047957 -0.007135
v -0.011845 -0.047953 -0.007169
v -0.01184 -0.047947 -0.007204
v -0.011834 -0.047938 -0.007237
v -0.011827 -0.047928 -0.007269
v -0.011817 -0.047914 -0.0073
v -0.011807 -0.047899 -0.007329
v -0.011794 -0.047882 -0.007357
v -0.011781 -0.047862 -0.007383
v -0.011766 -0.047841 -0.007406
v -0.01175 -0.047819 -0.007428
v -0.011733 -0.047794 -0.007446
v -0.011716 -0.047769 -0.007463
v -0.011697 -0.047743 -0.007476
v -0.011678 -0.047715 -0.007486
v -0.011658 -0.047687 -0.007494
v -0.011639 -0.047659 -0.007498
v -0.011916 -0.047904 -0.007135
v -0.011913 -0.0479 -0.007169
v -0.011908 -0.047895 -0.007204
v -0.011902 -0.047887 -0.007237
v -0.011893 -0.047876 -0.007269
v -0.011883 -0.047864 -0.0073
v -0.011871 -0.04785 -0.007329
v -0.011857 -0.047833 -0.007357
v -0.011842 -0.047815 -0.007383
v -0.011825 -0.047796 -0.007406
v -0.011808 -0.047774 -0.007428
v -0.011789 -0.047752 -0.007446
v -0.011769 -0.047728 -0.007463
v -0.011748 -0.047704 -0.007476
v -0.011727 -0.047678 -0.007486
v -0.011705 -0.047652 -0.007494
v -0.011683 -0.047625 -0.007498
v -0.01198 -0.047845 -0.007135
v -0.011977 -0.047842 -0.007169
v -0.011972 -0.047837 -0.007204
v -0.011965 -0.047829 -0.007237
v -0.011955 -0.04782 -0.007269
v -0.011944 -0.047808 -0.0073
v -0.01193 -0.047795 -0.007329
v -0.011915 -0.04778 -0.007357
v -0.011899 -0.047763 -0.007383
v -0.011881 -0.047745 -0.007406
v -0.011861 -0.047726 -0.007428
v -0.01184 -0.047705 -0.007446
v -0.011818 -0.047683 -0.007463
v -0.011795 -0.04766 -0.007476
v -0.011772 -0.047637 -0.007486
v -0.011748 -0.047612 -0.007494
v -0.011723 -0.047588 -0.007498
v -0.012039 -0.047781 -0.007135
v -0.012036 -0.047778 -0.007169
v -0.01203 -0.047773 -0.007204
v -0.012022 -0.047766 -0.007237
v -0.012012 -0.047758 -0.007269
v -0.011999 -0.047747 -0.0073
v -0.011985 -0.047735 -0.007329
v -0.011969 -0.047722 -0.007357
v -0.011951 -0.047707 -0.007383
v -0.011931 -0.04769 -0.007406
v -0.01191 -0.047672 -0.007428
v -0.011887 -0.047653 -0.007446
v -0.011864 -0.047633 -0.007463
v -0.011839 -0.047613 -0.007476
v -0.011813 -0.047591 -0.007486
v -0.011787 -0.047569 -0.007494
v -0.011761 -0.047547 -0.007498
v -0.014738 -0.043999 -0.007498
v -0.014764 -0.044022 -0.007494
v -0.01479 -0.044043 -0.007486
v -0.014816 -0.044065 -0.007476
v -0.014841 -0.044086 -0.007463
v -0.014864 -0.044105 -0.007446
v -0.014887 -0.044124 -0.007428
v -0.014908 -0.044142 -0.007406
v -0.014928 -0.044159 -0.007383
v -0.014946 -0.044174 -0.007357
v -0.014962 -0.044188 -0.007329
v -0.014976 -0.0442 -0.0073
v -0.014989 -0.04421 -0.007269
v -0.014999 -0.044219 -0.007237
v -0.015007 -0.044225 -0.007204
v -0.015013 -0.04423 -0.007169
v -0.015016 -0.044233 -0.007135
v -0.014816 -0.043914 -0.007498
v -0.016608 -0.043789 -0.007498
v -0.01484 -0.043939 -0.007494
v -0.016587 -0.043816 -0.007494
v -0.014864 -0.043963 -0.007486
v -0.016567 -0.043844 -0.007486
v -0.014888 -0.043986 -0.007476
v -0.016547 -0.04387 -0.007476
v -0.014911 -0.044009 -0.007463
v -0.016527 -0.043896 -0.007463
v -0.014933 -0.044031 -0.007446
v -0.016508 -0.04392 -0.007446
v -0.014954 -0.044051 -0.007428
v -0.016491 -0.043944 -0.007428
v -0.014973 -0.044071 -0.007406
v -0.014991 -0.044089 -0.007383
v -0.015008 -0.044106 -0.007357
v -0.015023 -0.044121 -0.007329
v -0.015036 -0.044134 -0.0073
v -0.015057 -0.044155 -0.007237
v -0.01507 -0.044167 -0.007169
v -0.015073 -0.044171 -0.007135
v -0.015136 -0.044113 -0.007135
v -0.015202 -0.044061 -0.007135
v -0.015273 -0.044015 -0.007135
v -0.015348 -0.043975 -0.007135
v -0.015425 -0.043942 -0.007135
v -0.015506 -0.043915 -0.007135
v -0.015588 -0.043895 -0.007135
v -0.015672 -0.043882 -0.007135
v -0.015756 -0.043876 -0.007135
v -0.015841 -0.043877 -0.007135
v -0.015925 -0.043885 -0.007135
v -0.016008 -0.043901 -0.007135
v -0.01609 -0.043923 -0.007135
v -0.016169 -0.043952 -0.007135
v -0.016246 -0.043988 -0.007135
v -0.016319 -0.04403 -0.007135
v -0.016388 -0.044079 -0.007135
v -0.016391 -0.044075 -0.007169
v -0.016321 -0.044027 -0.007169
v -0.016248 -0.043984 -0.007169
v -0.016171 -0.043948 -0.007169
v -0.016091 -0.043919 -0.007169
v -0.016009 -0.043896 -0.007169
v -0.015925 -0.043881 -0.007169
v -0.015841 -0.043872 -0.007169
v -0.015756 -0.043871 -0.007169
v -0.015671 -0.043877 -0.007169
v -0.015587 -0.04389 -0.007169
v -0.015504 -0.04391 -0.007169
v -0.015424 -0.043937 -0.007169
v -0.015346 -0.043971 -0.007169
v -0.015271 -0.044011 -0.007169
v -0.0152 -0.044058 -0.007169
v -0.015133 -0.04411 -0.007169
v -0.015065 -0.044162 -0.007204
v -0.015128 -0.044104 -0.007204
v -0.015195 -0.044051 -0.007204
v -0.015267 -0.044005 -0.007204
v -0.015343 -0.043964 -0.007204
v -0.015421 -0.04393 -0.007204
v -0.015502 -0.043903 -0.007204
v -0.015586 -0.043883 -0.007204
v -0.01567 -0.04387 -0.007204
v -0.015756 -0.043864 -0.007204
v -0.015841 -0.043865 -0.007204
v -0.015926 -0.043873 -0.007204
v -0.016011 -0.043889 -0.007204
v -0.016093 -0.043912 -0.007204
v -0.016174 -0.043941 -0.007204
v -0.016251 -0.043978 -0.007204
v -0.016325 -0.04402 -0.007204
v -0.016396 -0.044069 -0.007204
v -0.016402 -0.044061 -0.007237
v -0.016331 -0.044011 -0.007237
v -0.016256 -0.043968 -0.007237
v -0.016178 -0.043932 -0.007237
v -0.016096 -0.043902 -0.007237
v -0.016013 -0.043879 -0.007237
v -0.015928 -0.043863 -0.007237
v -0.015842 -0.043854 -0.007237
v -0.015755 -0.043853 -0.007237
v -0.015669 -0.043859 -0.007237
v -0.015583 -0.043872 -0.007237
v -0.015499 -0.043893 -0.007237
v -0.015417 -0.04392 -0.007237
v -0.015338 -0.043955 -0.007237
v -0.015262 -0.043996 -0.007237
v -0.015189 -0.044043 -0.007237
v -0.015121 -0.044096 -0.007237
v -0.015048 -0.044145 -0.007269
v -0.015112 -0.044086 -0.007269
v -0.015181 -0.044032 -0.007269
v -0.015255 -0.043984 -0.007269
v -0.015332 -0.043943 -0.007269
v -0.015413 -0.043908 -0.007269
v -0.015496 -0.04388 -0.007269
v -0.015581 -0.043859 -0.007269
v -0.015667 -0.043846 -0.007269
v -0.015755 -0.04384 -0.007269
v -0.015843 -0.043841 -0.007269
v -0.01593 -0.04385 -0.007269
v -0.016016 -0.043866 -0.007269
v -0.0161 -0.043889 -0.007269
v -0.016183 -0.043919 -0.007269
v -0.016262 -0.043956 -0.007269
v -0.016338 -0.044 -0.007269
v -0.01641 -0.04405 -0.007269
v -0.01642 -0.044037 -0.0073
v -0.016347 -0.043986 -0.0073
v -0.01627 -0.043942 -0.0073
v -0.016189 -0.043904 -0.0073
v -0.016105 -0.043874 -0.0073
v -0.01602 -0.04385 -0.0073
v -0.015932 -0.043834 -0.0073
v -0.015843 -0.043825 -0.0073
v -0.015754 -0.043824 -0.0073
v -0.015666 -0.04383 -0.0073
v -0.015578 -0.043844 -0.0073
v -0.015491 -0.043865 -0.0073
v -0.015407 -0.043893 -0.0073
v -0.015325 -0.043928 -0.0073
v -0.015247 -0.04397 -0.0073
v -0.015172 -0.044019 -0.0073
v -0.015102 -0.044073 -0.0073
v -0.01509 -0.044059 -0.007329
v -0.015161 -0.044004 -0.007329
v -0.015237 -0.043954 -0.007329
v -0.015317 -0.043911 -0.007329
v -0.0154 -0.043875 -0.007329
v -0.015486 -0.043847 -0.007329
v -0.015574 -0.043825 -0.007329
v -0.015664 -0.043811 -0.007329
v -0.015754 -0.043805 -0.007329
v -0.015845 -0.043806 -0.007329
v -0.015935 -0.043815 -0.007329
v -0.016024 -0.043832 -0.007329
v -0.016111 -0.043856 -0.007329
v -0.016196 -0.043887 -0.007329
v -0.016278 -0.043925 -0.007329
v -0.016357 -0.043971 -0.007329
v -0.016431 -0.044022 -0.007329
v -0.015076 -0.044043 -0.007357
v -0.015149 -0.043986 -0.007357
v -0.015226 -0.043936 -0.007357
v -0.015308 -0.043892 -0.007357
v -0.015393 -0.043856 -0.007357
v -0.01548 -0.043826 -0.007357
v -0.01557 -0.043804 -0.007357
v -0.015661 -0.04379 -0.007357
v -0.015753 -0.043784 -0.007357
v -0.015846 -0.043785 -0.007357
v -0.015938 -0.043794 -0.007357
v -0.016029 -0.043811 -0.007357
v -0.016118 -0.043836 -0.007357
v -0.016204 -0.043867 -0.007357
v -0.016288 -0.043907 -0.007357
v -0.016368 -0.043953 -0.007357
v -0.016444 -0.044005 -0.007357
v -0.015061 -0.044025 -0.007383
v -0.015135 -0.043967 -0.007383
v -0.015214 -0.043916 -0.007383
v -0.015297 -0.043871 -0.007383
v -0.015384 -0.043834 -0.007383
v -0.015474 -0.043804 -0.007383
v -0.015565 -0.043781 -0.007383
v -0.015659 -0.043767 -0.007383
v -0.015753 -0.04376 -0.007383
v -0.015847 -0.043761 -0.007383
v -0.015941 -0.043771 -0.007383
v -0.016034 -0.043788 -0.007383
v -0.016125 -0.043813 -0.007383
v -0.016213 -0.043846 -0.007383
v -0.016299 -0.043886 -0.007383
v -0.016381 -0.043933 -0.007383
v -0.016458 -0.043986 -0.007383
v -0.015044 -0.044005 -0.007406
v -0.01512 -0.043946 -0.007406
v -0.015201 -0.043893 -0.007406
v -0.015286 -0.043848 -0.007406
v -0.015375 -0.043809 -0.007406
v -0.015466 -0.043779 -0.007406
v -0.01556 -0.043756 -0.007406
v -0.015656 -0.043741 -0.007406
v -0.015752 -0.043734 -0.007406
v -0.015849 -0.043736 -0.007406
v -0.015945 -0.043745 -0.007406
v -0.01604 -0.043763 -0.007406
v -0.016133 -0.043789 -0.007406
v -0.016223 -0.043822 -0.007406
v -0.016311 -0.043863 -0.007406
v -0.016394 -0.043911 -0.007406
v -0.016474 -0.043966 -0.007406
v -0.015026 -0.043984 -0.007428
v -0.015104 -0.043924 -0.007428
v -0.015187 -0.04387 -0.007428
v -0.015274 -0.043823 -0.007428
v -0.015365 -0.043784 -0.007428
v -0.015459 -0.043752 -0.007428
v -0.015555 -0.043729 -0.007428
v -0.015653 -0.043714 -0.007428
v -0.015751 -0.043707 -0.007428
v -0.01585 -0.043708 -0.007428
v -0.015949 -0.043718 -0.007428
v -0.016046 -0.043736 -0.007428
v -0.016141 -0.043762 -0.007428
v -0.016234 -0.043796 -0.007428
v -0.016324 -0.043838 -0.007428
v -0.016409 -0.043888 -0.007428
v -0.015007 -0.043962 -0.007446
v -0.015087 -0.0439 -0.007446
v -0.015172 -0.043844 -0.007446
v -0.015261 -0.043796 -0.007446
v -0.015355 -0.043756 -0.007446
v -0.015451 -0.043724 -0.007446
v -0.015549 -0.0437 -0.007446
v -0.015649 -0.043684 -0.007446
v -0.01575 -0.043677 -0.007446
v -0.015852 -0.043679 -0.007446
v -0.015953 -0.043689 -0.007446
v -0.016052 -0.043707 -0.007446
v -0.01615 -0.043734 -0.007446
v -0.016245 -0.043769 -0.007446
v -0.016337 -0.043812 -0.007446
v -0.016425 -0.043863 -0.007446
v -0.014987 -0.043938 -0.007463
v -0.015069 -0.043874 -0.007463
v -0.015156 -0.043818 -0.007463
v -0.015248 -0.043768 -0.007463
v -0.015343 -0.043727 -0.007463
v -0.015442 -0.043694 -0.007463
v -0.015543 -0.04367 -0.007463
v -0.015646 -0.043654 -0.007463
v -0.01575 -0.043646 -0.007463
v -0.015854 -0.043648 -0.007463
v -0.015957 -0.043658 -0.007463
v -0.016059 -0.043677 -0.007463
v -0.01616 -0.043705 -0.007463
v -0.016257 -0.043741 -0.007463
v -0.016351 -0.043785 -0.007463
v -0.016442 -0.043837 -0.007463
v -0.014966 -0.043914 -0.007476
v -0.01505 -0.043848 -0.007476
v -0.01514 -0.04379 -0.007476
v -0.015234 -0.043739 -0.007476
v -0.015332 -0.043697 -0.007476
v -0.015433 -0.043663 -0.007476
v -0.015537 -0.043638 -0.007476
v -0.015642 -0.043622 -0.007476
v -0.015749 -0.043614 -0.007476
v -0.015855 -0.043616 -0.007476
v -0.015962 -0.043626 -0.007476
v -0.016067 -0.043646 -0.007476
v -0.016169 -0.043674 -0.007476
v -0.01627 -0.043711 -0.007476
v -0.016366 -0.043756 -0.007476
v -0.016459 -0.043809 -0.007476
v -0.014945 -0.043888 -0.007486
v -0.015031 -0.043821 -0.007486
v -0.015123 -0.043761 -0.007486
v -0.015219 -0.04371 -0.007486
v -0.01532 -0.043666 -0.007486
v -0.015424 -0.043631 -0.007486
v -0.01553 -0.043605 -0.007486
v -0.015639 -0.043589 -0.007486
v -0.015748 -0.043581 -0.007486
v -0.015857 -0.043582 -0.007486
v -0.015966 -0.043593 -0.007486
v -0.016074 -0.043613 -0.007486
v -0.01618 -0.043642 -0.007486
v -0.016282 -0.04368 -0.007486
v -0.016382 -0.043727 -0.007486
v -0.016477 -0.043781 -0.007486
v -0.014923 -0.043862 -0.007494
v -0.015011 -0.043793 -0.007494
v -0.015106 -0.043732 -0.007494
v -0.015205 -0.043679 -0.007494
v -0.015308 -0.043634 -0.007494
v -0.015414 -0.043599 -0.007494
v -0.015524 -0.043572 -0.007494
v -0.015635 -0.043555 -0.007494
v -0.015747 -0.043547 -0.007494
v -0.015859 -0.043548 -0.007494
v -0.015971 -0.04356 -0.007494
v -0.016082 -0.04358 -0.007494
v -0.01619 -0.04361 -0.007494
v -0.016296 -0.043649 -0.007494
v -0.016397 -0.043696 -0.007494
v -0.016495 -0.043752 -0.007494
v -0.0149 -0.043836 -0.007498
v -0.014991 -0.043765 -0.007498
v -0.015088 -0.043702 -0.007498
v -0.01519 -0.043648 -0.007498
v -0.015295 -0.043602 -0.007498
v -0.015405 -0.043565 -0.007498
v -0.015517 -0.043538 -0.007498
v -0.015631 -0.04352 -0.007498
v -0.015746 -0.043512 -0.007498
v -0.015861 -0.043514 -0.007498
v -0.015976 -0.043525 -0.007498
v -0.016089 -0.043546 -0.007498
v -0.016201 -0.043577 -0.007498
v -0.016309 -0.043617 -0.007498
v -0.016413 -0.043666 -0.007498
v -0.016513 -0.043723 -0.007498
v -0.020128 -0.04695 -0.0075
v -0.020915 -0.048795 -0.0075
v -0.020881 -0.0488 -0.007498
v -0.020847 -0.048805 -0.007493
v -0.020814 -0.04881 -0.007486
v -0.020781 -0.048815 -0.007475
v -0.02075 -0.04882 -0.007462
v -0.020691 -0.048828 -0.007427
v -0.02072 -0.048824 -0.007446
v -0.020664 -0.048832 -0.007406
v -0.020639 -0.048836 -0.007383
v -0.020595 -0.048842 -0.00733
v -0.020615 -0.048839 -0.007357
v -0.020576 -0.048845 -0.007301
v -0.02056 -0.048848 -0.00727
v -0.020537 -0.048851 -0.007206
v -0.020547 -0.048849 -0.007238
v -0.020529 -0.048852 -0.007172
v -0.020524 -0.048853 -0.007138
v -0.020523 -0.048853 -0.007103
v -0.020466 -0.048554 -0.007103
v -0.020383 -0.048262 -0.007103
v -0.020276 -0.047977 -0.007103
v -0.020145 -0.047703 -0.007103
v -0.020146 -0.047702 -0.007138
v -0.02015 -0.0477 -0.007172
v -0.020157 -0.047696 -0.007206
v -0.020166 -0.047691 -0.007238
v -0.020011 -0.047428 -0.007238
v -0.020022 -0.04742 -0.00727
v -0.020036 -0.047412 -0.007301
v -0.020052 -0.047401 -0.00733
v -0.020069 -0.04739 -0.007357
v -0.020089 -0.047377 -0.007383
v -0.02011 -0.047363 -0.007406
v -0.020133 -0.047349 -0.007427
v -0.019949 -0.047089 -0.007427
v -0.019972 -0.047071 -0.007446
v -0.019996 -0.047052 -0.007462
v -0.020021 -0.047033 -0.007475
v -0.020047 -0.047013 -0.007486
v -0.020074 -0.046992 -0.007493
v -0.020101 -0.046971 -0.007498
v -0.020324 -0.047225 -0.0075
v -0.020295 -0.047244 -0.007498
v -0.020266 -0.047263 -0.007493
v -0.020238 -0.047281 -0.007486
v -0.02021 -0.047299 -0.007475
v -0.020183 -0.047316 -0.007462
v -0.020158 -0.047333 -0.007446
v -0.020495 -0.047517 -0.0075
v -0.020465 -0.047533 -0.007498
v -0.020434 -0.047549 -0.007493
v -0.020405 -0.047565 -0.007486
v -0.020376 -0.04758 -0.007475
v -0.020347 -0.047595 -0.007462
v -0.02032 -0.04761 -0.007446
v -0.020295 -0.047623 -0.007427
v -0.020271 -0.047636 -0.007406
v -0.020248 -0.047648 -0.007383
v -0.020227 -0.047659 -0.007357
v -0.020209 -0.047669 -0.00733
v -0.020192 -0.047678 -0.007301
v -0.020178 -0.047685 -0.00727
v -0.020852 -0.048463 -0.0075
v -0.020818 -0.048471 -0.007498
v -0.020785 -0.048479 -0.007493
v -0.020752 -0.048487 -0.007486
v -0.02072 -0.048494 -0.007475
v -0.020689 -0.048502 -0.007462
v -0.020659 -0.048509 -0.007446
v -0.020631 -0.048515 -0.007427
v -0.020604 -0.048522 -0.007406
v -0.02058 -0.048528 -0.007383
v -0.020557 -0.048533 -0.007357
v -0.020536 -0.048538 -0.00733
v -0.020518 -0.048542 -0.007301
v -0.020503 -0.048546 -0.00727
v -0.02049 -0.048549 -0.007238
v -0.020479 -0.048551 -0.007206
v -0.020472 -0.048553 -0.007172
v -0.020467 -0.048554 -0.007138
v -0.02076 -0.048138 -0.0075
v -0.020727 -0.048149 -0.007498
v -0.020695 -0.048159 -0.007493
v -0.020663 -0.04817 -0.007486
v -0.020631 -0.04818 -0.007475
v -0.020601 -0.04819 -0.007462
v -0.020572 -0.0482 -0.007446
v -0.020545 -0.048209 -0.007427
v -0.020519 -0.048217 -0.007406
v -0.020494 -0.048225 -0.007383
v -0.020472 -0.048233 -0.007357
v -0.020452 -0.048239 -0.00733
v -0.020434 -0.048245 -0.007301
v -0.020419 -0.04825 -0.00727
v -0.020407 -0.048254 -0.007238
v -0.020396 -0.048257 -0.007206
v -0.020389 -0.04826 -0.007172
v -0.020385 -0.048261 -0.007138
v -0.020641 -0.047822 -0.0075
v -0.020609 -0.047835 -0.007498
v -0.020578 -0.047849 -0.007493
v -0.020547 -0.047862 -0.007486
v -0.020516 -0.047875 -0.007475
v -0.020487 -0.047887 -0.007462
v -0.020459 -0.047899 -0.007446
v -0.020432 -0.047911 -0.007427
v -0.020407 -0.047921 -0.007406
v -0.020384 -0.047931 -0.007383
v -0.020362 -0.047941 -0.007357
v -0.020343 -0.047949 -0.00733
v -0.020326 -0.047956 -0.007301
v -0.020311 -0.047962 -0.00727
v -0.020299 -0.047968 -0.007238
v -0.020289 -0.047972 -0.007206
v -0.020282 -0.047975 -0.007172
v -0.020277 -0.047977 -0.007138
f 1 2 3
f 3 2 4
f 5 6 7
f 6 8 7
f 7 8 3
f 8 9 3
f 3 9 1
f 10 11 12
f 11 13 12
f 12 13 7
f 13 14 7
f 7 14 5
f 15 16 17
f 16 18 17
f 15 19 16
f 19 20 16
f 16 20 12
f 20 21 12
f 12 21 10
f 22 23 24
f 23 25 24
f 24 25 18
f 26 27 28
f 27 29 28
f 28 29 24
f 29 30 24
f 24 30 22
f 31 32 33
f 33 34 31
f 34 35 31
f 31 35 28
f 35 36 28
f 28 36 26
f 32 31 37
f 31 38 37
f 37 38 39
f 40 41 38
f 41 42 38
f 38 42 39
f 43 44 40
f 44 45 40
f 40 45 41
f 46 47 43
f 47 48 43
f 43 48 44
f 49 50 46
f 50 51 46
f 46 51 47
f 52 53 54
f 53 55 54
f 54 55 56
f 55 57 56
f 56 57 49
f 57 58 49
f 49 58 50
f 59 60 52
f 60 61 52
f 52 61 53
f 62 63 59
f 63 64 59
f 59 64 60
f 65 66 67
f 66 68 67
f 67 68 69
f 68 70 69
f 69 70 71
f 71 70 72
f 70 73 72
f 72 73 74
f 73 75 74
f 74 75 76
f 75 77 76
f 76 77 78
f 78 77 79
f 77 80 79
f 79 80 81
f 81 80 82
f 80 83 82
f 82 83 84
f 85 86 83
f 86 87 83
f 83 87 84
f 2 88 4
f 88 89 4
f 4 89 85
f 89 90 85
f 85 90 86
f 65 91 66
f 91 92 66
f 66 92 93
f 92 94 93
f 93 94 95
f 94 96 95
f 95 96 97
f 96 98 97
f 97 98 99
f 98 100 99
f 99 100 101
f 100 102 101
f 101 102 103
f 102 104 103
f 103 104 105
f 104 106 105
f 105 106 107
f 106 108 107
f 107 108 109
f 108 110 109
f 109 110 111
f 110 112 111
f 111 112 113
f 112 114 113
f 113 114 115
f 114 116 115
f 115 116 117
f 116 118 117
f 117 118 119
f 118 120 119
f 119 120 121
f 120 122 121
f 121 122 123
f 122 124 123
f 123 124 125
f 124 126 125
f 125 126 127
f 126 128 127
f 127 128 129
f 128 130 129
f 129 130 131
f 130 132 131
f 131 132 133
f 132 134 133
f 133 134 135
f 134 136 135
f 135 136 137
f 136 138 137
f 137 138 139
f 138 140 139
f 139 140 141
f 140 142 141
f 141 142 143
f 142 144 143
f 143 144 145
f 144 146 145
f 145 146 147
f 146 148 147
f 147 148 149
f 148 150 149
f 149 150 151
f 150 152 151
f 151 152 153
f 152 154 153
f 153 154 155
f 154 156 155
f 155 156 157
f 156 158 157
f 157 158 159
f 158 160 159
f 159 160 161
f 160 162 161
f 161 162 163
f 162 164 163
f 163 164 165
f 164 166 165
f 165 166 167
f 166 168 167
f 167 168 169
f 168 170 169
f 169 170 171
f 170 172 171
f 171 172 173
f 172 174 173
f 173 174 175
f 174 176 175
f 175 176 177
f 176 178 177
f 177 178 179
f 178 180 179
f 179 180 62
f 180 181 62
f 62 181 63
f 182 183 184
f 185 186 187
f 186 188 187
f 187 188 189
f 188 190 189
f 189 190 191
f 191 190 192
f 190 193 192
f 192 193 194
f 193 195 194
f 194 195 196
f 195 197 196
f 196 197 198
f 198 197 199
f 197 200 199
f 199 200 201
f 201 200 202
f 200 203 202
f 202 203 204
f 205 206 203
f 206 207 203
f 203 207 204
f 184 183 208
f 183 209 208
f 209 210 208
f 208 210 205
f 210 211 205
f 205 211 206
f 212 213 214
f 213 215 214
f 214 215 184
f 215 216 184
f 184 216 182
f 217 218 219
f 218 220 219
f 219 220 214
f 220 221 214
f 214 221 212
f 222 223 224
f 223 225 224
f 222 226 223
f 226 227 223
f 223 227 219
f 227 228 219
f 219 228 217
f 229 230 231
f 230 232 231
f 231 232 225
f 233 234 235
f 234 236 235
f 235 236 231
f 236 237 231
f 231 237 229
f 238 239 240
f 240 241 238
f 241 242 238
f 238 242 235
f 242 243 235
f 235 243 233
f 239 238 244
f 238 245 244
f 244 245 246
f 247 248 245
f 248 249 245
f 245 249 246
f 250 251 247
f 251 252 247
f 247 252 248
f 253 254 250
f 254 255 250
f 250 255 251
f 256 257 253
f 257 258 253
f 253 258 254
f 259 260 261
f 260 262 261
f 261 262 263
f 262 264 263
f 263 264 256
f 264 265 256
f 256 265 257
f 266 267 259
f 267 268 259
f 259 268 260
f 269 270 266
f 270 271 266
f 266 271 267
f 185 272 186
f 272 273 186
f 186 273 274
f 273 275 274
f 274 275 276
f 275 277 276
f 276 277 278
f 277 279 278
f 278 279 280
f 279 281 280
f 280 281 282
f 281 283 282
f 282 283 284
f 283 285 284
f 284 285 286
f 285 287 286
f 286 287 288
f 287 289 288
f 288 289 290
f 289 291 290
f 290 291 292
f 291 293 292
f 292 293 294
f 293 295 294
f 294 295 296
f 295 297 296
f 296 297 298
f 297 299 298
f 298 299 300
f 299 301 300
f 300 301 302
f 301 303 302
f 302 303 304
f 303 305 304
f 304 305 306
f 305 307 306
f 306 307 308
f 307 309 308
f 308 309 310
f 309 311 310
f 310 311 312
f 311 313 312
f 312 313 314
f 313 315 314
f 314 315 316
f 315 317 316
f 316 317 318
f 317 319 318
f 318 319 320
f 319 321 320
f 320 321 322
f 321 323 322
f 322 323 324
f 323 325 324
f 324 325 326
f 325 327 326
f 326 327 328
f 327 329 328
f 328 329 330
f 329 331 330
f 330 331 332
f 331 333 332
f 332 333 334
f 333 335 334
f 334 335 336
f 335 337 336
f 336 337 338
f 337 339 338
f 338 339 340
f 339 341 340
f 340 341 342
f 341 343 342
f 342 343 344
f 343 345 344
f 344 345 346
f 345 347 346
f 346 347 348
f 347 349 348
f 348 349 350
f 349 351 350
f 350 351 352
f 351 353 352
f 352 353 354
f 353 355 354
f 354 355 356
f 355 357 356
f 356 357 358
f 357 359 358
f 358 359 360
f 359 361 360
f 360 361 269
f 361 362 269
f 269 362 270
f 254 207 206
f 209 248 210
f 248 252 210
f 210 252 211
f 252 251 211
f 211 251 206
f 251 255 206
f 206 255 254
f 257 202 204
f 207 254 204
f 254 258 204
f 204 258 257
f 202 257 201
f 257 265 201
f 201 265 199
f 265 264 199
f 199 264 198
f 264 262 198
f 198 262 196
f 267 194 268
f 194 196 268
f 268 196 260
f 196 262 260
f 361 185 362
f 185 187 362
f 362 187 270
f 187 189 270
f 270 189 271
f 189 191 271
f 271 191 267
f 191 192 267
f 267 192 194
f 248 209 249
f 209 246 249
f 246 209 244
f 209 183 244
f 244 183 182
f 182 216 244
f 216 215 244
f 244 215 239
f 215 213 239
f 239 213 240
f 213 241 240
f 213 212 241
f 212 221 241
f 241 221 242
f 221 243 242
f 221 220 243
f 220 218 243
f 243 218 233
f 218 217 233
f 233 217 234
f 237 236 227
f 234 217 236
f 217 228 236
f 236 228 227
f 230 229 222
f 237 227 229
f 227 226 229
f 229 226 222
f 230 222 232
f 222 224 232
f 232 224 225
f 44 90 89
f 88 41 89
f 41 45 89
f 89 45 44
f 90 44 86
f 44 48 86
f 86 48 87
f 48 47 87
f 87 47 84
f 47 51 84
f 84 51 82
f 51 50 82
f 82 50 81
f 50 58 81
f 81 58 79
f 58 57 79
f 79 57 78
f 57 55 78
f 78 55 76
f 63 71 64
f 71 72 64
f 64 72 60
f 72 74 60
f 60 74 61
f 74 76 61
f 61 76 53
f 76 55 53
f 180 65 181
f 65 67 181
f 181 67 63
f 67 69 63
f 63 69 71
f 65 180 91
f 180 178 91
f 104 102 178
f 144 142 168
f 102 100 178
f 100 98 178
f 178 98 96
f 104 178 106
f 178 176 106
f 106 176 174
f 174 172 106
f 172 170 106
f 106 170 168
f 96 94 178
f 94 92 178
f 178 92 91
f 142 140 168
f 140 138 168
f 168 138 136
f 168 130 128
f 118 168 120
f 168 122 120
f 118 116 168
f 116 114 168
f 168 114 112
f 112 110 168
f 110 108 168
f 168 108 106
f 152 150 164
f 150 148 164
f 136 134 168
f 134 132 168
f 168 132 130
f 168 166 144
f 166 164 144
f 144 164 146
f 164 148 146
f 128 126 168
f 126 124 168
f 168 124 122
f 158 164 160
f 164 162 160
f 158 156 164
f 156 154 164
f 164 154 152
f 41 88 2
f 33 32 6
f 9 37 39
f 2 1 41
f 1 9 41
f 41 9 42
f 9 39 42
f 37 9 32
f 9 8 32
f 32 8 6
f 35 34 14
f 33 6 34
f 6 5 34
f 34 5 14
f 27 26 10
f 35 14 36
f 14 13 36
f 36 13 26
f 13 11 26
f 26 11 10
f 30 29 20
f 27 10 29
f 10 21 29
f 29 21 20
f 23 22 15
f 30 20 22
f 20 19 22
f 22 19 15
f 23 15 25
f 15 17 25
f 25 17 18
f 363 364 365
f 366 367 368
f 369 370 371
f 370 369 368
f 372 373 374
f 375 376 377
f 378 379 380
f 377 376 381
f 382 383 384
f 383 385 384
f 384 385 386
f 385 387 386
f 388 389 390
f 389 391 390
f 390 391 392
f 391 393 392
f 393 394 392
f 392 394 395
f 394 396 395
f 395 396 387
f 396 397 387
f 387 397 386
f 398 399 400
f 377 401 375
f 401 402 375
f 375 402 403
f 402 404 403
f 403 404 399
f 404 405 399
f 399 405 400
f 406 407 408
f 407 381 408
f 400 409 398
f 409 410 398
f 398 410 411
f 410 412 411
f 411 412 388
f 412 413 388
f 388 413 389
f 414 378 415
f 378 380 415
f 415 380 416
f 380 417 416
f 416 417 418
f 417 419 418
f 418 419 420
f 419 421 420
f 422 376 423
f 376 375 423
f 423 375 424
f 375 403 424
f 424 403 425
f 403 399 425
f 425 399 426
f 399 398 426
f 426 398 427
f 398 411 427
f 427 411 428
f 411 388 428
f 428 388 429
f 388 390 429
f 429 390 430
f 390 392 430
f 430 392 431
f 392 395 431
f 431 395 432
f 395 387 432
f 432 387 433
f 387 385 433
f 433 385 434
f 385 383 434
f 435 436 437
f 438 439 440
f 439 441 440
f 440 441 442
f 437 443 435
f 443 444 435
f 435 444 445
f 444 446 445
f 445 446 438
f 446 447 438
f 438 447 439
f 379 406 380
f 406 408 380
f 380 408 417
f 408 448 417
f 417 448 419
f 448 449 419
f 419 449 421
f 449 450 421
f 381 376 408
f 376 422 408
f 408 422 448
f 422 451 448
f 448 451 449
f 451 452 449
f 449 452 450
f 453 454 455
f 454 456 455
f 457 458 459
f 458 455 459
f 459 455 460
f 455 456 460
f 458 461 462
f 461 374 462
f 462 374 463
f 374 464 463
f 465 466 467
f 466 468 467
f 374 373 464
f 373 469 464
f 464 469 465
f 457 470 458
f 470 471 458
f 458 471 461
f 471 472 461
f 461 472 374
f 472 473 374
f 374 473 372
f 441 474 442
f 474 475 442
f 442 475 476
f 475 477 476
f 476 477 478
f 477 479 478
f 478 479 453
f 479 480 453
f 453 480 454
f 481 482 483
f 482 484 483
f 483 484 485
f 485 484 486
f 484 487 486
f 486 487 488
f 487 489 488
f 488 489 371
f 489 490 371
f 371 490 369
f 490 491 369
f 369 491 368
f 492 493 494
f 495 496 497
f 496 498 497
f 499 500 501
f 500 497 501
f 501 497 502
f 497 498 502
f 494 493 503
f 493 504 503
f 504 505 503
f 503 505 496
f 505 506 496
f 496 506 498
f 507 508 509
f 492 364 510
f 364 363 510
f 510 363 511
f 363 507 511
f 511 507 512
f 507 509 512
f 367 366 513
f 514 513 490
f 513 366 490
f 490 366 491
f 366 368 491
f 515 482 508
f 482 481 508
f 508 481 509
f 515 516 482
f 516 517 482
f 482 517 484
f 517 518 484
f 484 518 487
f 518 519 487
f 519 520 487
f 487 520 489
f 520 521 489
f 489 521 490
f 521 522 490
f 490 522 514
f 492 494 364
f 494 523 364
f 364 523 365
f 495 497 524
f 497 500 524
f 524 500 525
f 495 526 496
f 526 527 496
f 496 527 503
f 527 528 503
f 503 528 494
f 528 529 494
f 494 529 523
f 365 530 363
f 530 531 363
f 363 531 507
f 531 532 507
f 507 532 508
f 532 533 508
f 508 533 515
f 468 534 467
f 534 535 467
f 467 535 536
f 452 467 450
f 467 536 450
f 450 536 421
f 536 537 421
f 421 537 420
f 537 538 420
f 420 538 418
f 538 539 418
f 418 539 416
f 539 540 416
f 416 540 415
f 540 541 415
f 415 541 414
f 499 542 500
f 542 543 500
f 500 543 544
f 543 545 544
f 544 545 436
f 545 546 436
f 436 546 437
f 382 525 383
f 525 500 383
f 383 500 434
f 500 544 434
f 434 544 433
f 544 436 433
f 433 436 432
f 436 435 432
f 432 435 431
f 435 445 431
f 431 445 430
f 445 438 430
f 430 438 429
f 438 440 429
f 429 440 428
f 440 442 428
f 428 442 427
f 442 476 427
f 427 476 426
f 476 478 426
f 426 478 425
f 478 453 425
f 425 453 424
f 453 455 424
f 424 455 423
f 455 458 423
f 423 458 422
f 458 462 422
f 422 462 451
f 462 463 451
f 451 463 452
f 463 464 452
f 452 464 467
f 464 465 467
f 467 465 465
f 535 547 536
f 547 548 536
f 536 548 549
f 550 541 551
f 541 540 551
f 552 553 554
f 553 555 554
f 556 557 558
f 557 554 558
f 558 554 559
f 554 555 559
f 560 561 562
f 561 563 562
f 562 563 564
f 564 565 562
f 565 566 562
f 562 566 567
f 552 554 567
f 554 568 567
f 567 568 562
f 569 570 540
f 570 571 540
f 540 571 572
f 572 573 540
f 573 574 540
f 540 574 551
f 574 575 551
f 575 576 551
f 576 577 551
f 551 577 578
f 578 579 551
f 579 580 551
f 551 580 581
f 581 582 551
f 582 583 551
f 551 583 584
f 560 562 584
f 562 585 584
f 584 585 551
f 586 587 538
f 587 588 538
f 538 588 539
f 588 589 539
f 539 589 540
f 589 590 540
f 540 590 569
f 549 591 536
f 591 592 536
f 536 592 537
f 592 593 537
f 537 593 538
f 593 594 538
f 594 595 538
f 538 595 596
f 596 597 538
f 597 598 538
f 538 598 586
f 599 600 601
f 602 603 604
f 605 606 607
f 608 609 554
f 610 611 612
f 611 613 612
f 612 613 614
f 613 615 614
f 614 615 600
f 615 616 600
f 600 616 601
f 617 618 619
f 619 620 617
f 620 621 617
f 617 621 622
f 623 624 625
f 624 626 625
f 625 626 627
f 628 629 630
f 629 631 630
f 630 631 632
f 631 633 632
f 632 633 634
f 633 635 634
f 634 635 623
f 635 636 623
f 623 636 624
f 626 637 627
f 637 638 627
f 627 638 639
f 638 640 639
f 640 640 639
f 639 640 641
f 640 642 641
f 641 642 618
f 642 643 618
f 618 643 619
f 644 645 612
f 645 622 612
f 612 622 610
f 622 621 610
f 644 612 646
f 612 614 646
f 646 614 647
f 645 648 622
f 648 649 622
f 622 649 617
f 649 650 617
f 617 650 618
f 627 651 625
f 651 652 625
f 625 652 623
f 652 653 623
f 623 653 634
f 653 654 634
f 634 654 632
f 654 655 632
f 632 655 630
f 655 656 630
f 630 656 628
f 656 657 628
f 628 657 658
f 657 659 658
f 658 659 660
f 650 661 618
f 661 662 618
f 618 662 641
f 662 663 641
f 641 663 639
f 663 664 639
f 639 664 627
f 664 665 627
f 627 665 651
f 554 609 568
f 609 666 568
f 568 666 562
f 667 668 669
f 670 671 608
f 557 672 554
f 672 673 554
f 554 673 608
f 673 674 608
f 608 674 670
f 671 675 608
f 675 668 608
f 608 668 609
f 668 667 609
f 609 667 666
f 676 677 669
f 675 678 668
f 678 679 668
f 668 679 669
f 679 680 669
f 669 680 676
f 585 562 681
f 562 666 681
f 681 666 682
f 666 667 682
f 682 667 683
f 667 669 683
f 683 669 605
f 669 677 605
f 605 677 606
f 684 685 686
f 685 687 686
f 688 685 689
f 685 684 689
f 689 684 690
f 684 691 690
f 692 693 694
f 695 696 697
f 696 698 697
f 697 698 693
f 698 699 693
f 693 699 694
f 684 700 691
f 700 701 691
f 691 701 702
f 701 703 702
f 702 703 695
f 703 704 695
f 695 704 696
f 705 706 692
f 706 707 692
f 692 707 693
f 707 708 693
f 693 708 697
f 708 709 697
f 697 709 695
f 709 710 695
f 695 710 702
f 710 711 702
f 702 711 691
f 711 712 691
f 691 712 690
f 712 713 690
f 690 713 689
f 713 714 689
f 689 714 688
f 714 715 688
f 688 715 716
f 715 717 716
f 716 717 718
f 719 720 721
f 720 722 721
f 721 722 723
f 724 725 726
f 727 728 729
f 724 730 725
f 730 731 725
f 725 731 732
f 731 733 732
f 732 733 734
f 733 735 734
f 734 735 729
f 735 736 729
f 729 736 727
f 551 585 737
f 585 681 737
f 737 681 738
f 681 682 738
f 738 682 739
f 682 683 739
f 739 683 740
f 683 605 740
f 740 605 741
f 605 607 741
f 741 607 742
f 743 744 745
f 744 746 745
f 745 746 747
f 746 748 747
f 747 748 749
f 748 750 749
f 749 750 751
f 750 752 751
f 751 752 753
f 752 602 753
f 753 602 754
f 602 604 754
f 754 604 755
f 723 550 743
f 550 551 743
f 743 551 744
f 551 737 744
f 744 737 746
f 737 738 746
f 746 738 748
f 738 739 748
f 748 739 750
f 739 740 750
f 750 740 752
f 740 741 752
f 752 741 602
f 741 742 602
f 602 742 603
f 723 743 721
f 743 745 721
f 721 745 756
f 745 747 756
f 756 747 757
f 747 749 757
f 757 749 718
f 749 751 718
f 718 751 716
f 751 753 716
f 716 753 688
f 753 754 688
f 688 754 685
f 754 755 685
f 685 755 687
f 758 759 726
f 759 760 726
f 726 760 724
f 761 762 758
f 762 763 758
f 758 763 759
f 764 765 766
f 765 767 766
f 766 767 768
f 767 769 768
f 769 770 768
f 768 770 771
f 770 772 771
f 771 772 761
f 772 773 761
f 761 773 762
f 601 774 599
f 774 775 599
f 599 775 776
f 775 777 776
f 776 777 764
f 777 778 764
f 764 778 765
f 660 779 658
f 779 780 658
f 658 780 628
f 780 781 628
f 628 781 629
f 782 705 783
f 705 692 783
f 783 692 784
f 692 694 784
f 782 647 705
f 647 614 705
f 705 614 706
f 614 600 706
f 706 600 707
f 600 599 707
f 707 599 708
f 599 776 708
f 708 776 709
f 776 764 709
f 709 764 710
f 764 766 710
f 710 766 711
f 766 768 711
f 711 768 712
f 768 771 712
f 712 771 713
f 771 761 713
f 713 761 714
f 761 758 714
f 714 758 715
f 758 726 715
f 715 726 717
f 726 725 717
f 717 725 718
f 725 732 718
f 718 732 757
f 732 734 757
f 757 734 756
f 734 729 756
f 756 729 721
f 729 728 721
f 721 728 719
f 785 547 535
f 786 787 788
f 786 788 789
f 787 790 788
f 790 791 788
f 788 791 535
f 791 792 535
f 535 792 785
f 793 794 795
f 794 796 795
f 795 796 797
f 797 798 795
f 798 799 795
f 795 799 800
f 799 801 800
f 800 801 788
f 801 802 788
f 788 802 789
f 803 804 805
f 805 806 803
f 806 807 803
f 803 807 808
f 807 809 808
f 808 809 795
f 809 810 795
f 795 810 793
f 804 803 811
f 803 812 811
f 811 812 813
f 812 814 813
f 813 814 815
f 814 816 815
f 815 816 817
f 816 818 817
f 818 819 817
f 817 819 820
f 819 821 820
f 821 822 820
f 822 823 820
f 820 823 824
f 824 825 820
f 825 826 820
f 820 826 827
f 826 828 827
f 827 828 829
f 829 830 827
f 830 831 827
f 827 831 832
f 831 833 832
f 832 833 834
f 835 836 837
f 836 832 837
f 837 832 838
f 832 834 838
f 835 839 836
f 839 840 836
f 836 840 841
f 840 842 841
f 841 842 843
f 843 844 841
f 844 845 841
f 841 845 846
f 845 847 846
f 846 847 848
f 848 849 846
f 849 850 846
f 846 850 851
f 850 852 851
f 852 853 851
f 851 853 854
f 460 456 855
f 439 447 856
f 444 443 857
f 501 502 858
f 485 859 860
f 861 862 863
f 864 865 866
f 867 868 869
f 870 871 872
f 873 874 875
f 795 800 876
f 800 788 876
f 876 788 534
f 788 535 534
f 808 877 803
f 877 878 803
f 803 878 812
f 812 878 814
f 878 879 814
f 814 879 816
f 816 879 818
f 879 875 818
f 818 875 819
f 875 874 819
f 819 874 821
f 880 881 882
f 881 883 882
f 884 885 883
f 885 886 883
f 883 886 882
f 887 888 889
f 888 890 889
f 889 890 884
f 890 891 884
f 884 891 885
f 872 892 870
f 892 893 870
f 870 893 887
f 893 894 887
f 887 894 888
f 895 896 897
f 896 898 897
f 897 898 871
f 898 899 871
f 871 899 872
f 869 900 867
f 900 901 867
f 867 901 895
f 901 902 895
f 895 902 896
f 903 904 905
f 904 906 905
f 905 906 868
f 906 907 868
f 868 907 869
f 866 908 864
f 908 909 864
f 864 909 903
f 909 910 903
f 903 910 904
f 911 912 865
f 912 913 865
f 865 913 866
f 914 915 911
f 915 916 911
f 911 916 912
f 863 917 861
f 917 918 861
f 861 918 914
f 918 919 914
f 914 919 915
f 370 368 920
f 488 371 921
f 371 370 921
f 921 370 922
f 370 920 922
f 859 485 921
f 485 486 921
f 921 486 488
f 923 512 860
f 512 509 860
f 509 481 860
f 481 483 860
f 860 483 485
f 924 504 925
f 504 493 925
f 493 492 925
f 492 510 925
f 925 510 923
f 510 511 923
f 923 511 512
f 502 498 858
f 498 506 858
f 858 506 924
f 506 505 924
f 924 505 504
f 543 542 926
f 542 499 926
f 926 499 927
f 857 443 928
f 443 437 928
f 437 546 928
f 928 546 926
f 546 545 926
f 926 545 543
f 856 447 857
f 447 446 857
f 857 446 444
f 929 930 477
f 477 475 929
f 475 474 929
f 929 474 856
f 474 441 856
f 856 441 439
f 456 454 855
f 454 480 855
f 855 480 930
f 480 479 930
f 930 479 477
f 459 931 457
f 931 932 457
f 457 932 470
f 932 471 470
f 933 469 373
f 373 372 933
f 372 473 933
f 933 473 932
f 473 472 932
f 932 472 471
f 468 466 934
f 466 465 934
f 934 465 933
f 465 465 933
f 933 465 469
f 920 935 922
f 935 936 922
f 922 936 921
f 936 937 921
f 921 937 859
f 937 938 859
f 859 938 860
f 938 939 860
f 860 939 923
f 939 940 923
f 923 940 925
f 940 941 925
f 925 941 924
f 941 942 924
f 924 942 858
f 942 927 858
f 858 927 501
f 927 499 501
f 935 943 936
f 943 944 936
f 936 944 937
f 944 945 937
f 937 945 938
f 945 946 938
f 938 946 939
f 946 947 939
f 939 947 940
f 947 948 940
f 940 948 941
f 948 949 941
f 941 949 942
f 949 950 942
f 942 950 927
f 950 951 927
f 927 951 926
f 951 952 926
f 926 952 928
f 952 953 928
f 928 953 857
f 953 954 857
f 857 954 856
f 954 955 856
f 856 955 929
f 955 956 929
f 929 956 930
f 956 957 930
f 930 957 855
f 957 931 855
f 855 931 460
f 931 459 460
f 958 959 960
f 959 961 960
f 960 961 962
f 961 963 962
f 962 963 964
f 963 965 964
f 964 965 966
f 965 967 966
f 966 967 968
f 967 969 968
f 968 969 970
f 969 971 970
f 970 971 972
f 971 973 972
f 972 973 974
f 973 975 974
f 974 975 976
f 975 977 976
f 976 977 978
f 977 979 978
f 978 979 980
f 979 981 980
f 980 981 982
f 981 983 982
f 982 983 984
f 983 985 984
f 984 985 986
f 985 987 986
f 986 987 988
f 987 989 988
f 988 989 990
f 989 991 990
f 990 991 992
f 991 993 992
f 992 993 994
f 993 995 994
f 959 996 961
f 996 997 961
f 961 997 963
f 997 998 963
f 963 998 965
f 998 999 965
f 965 999 967
f 999 1000 967
f 967 1000 969
f 1000 1001 969
f 969 1001 971
f 1001 1002 971
f 971 1002 973
f 1002 1003 973
f 973 1003 975
f 1003 1004 975
f 975 1004 977
f 1004 1005 977
f 977 1005 979
f 1005 1006 979
f 979 1006 981
f 1006 1007 981
f 981 1007 983
f 1007 1008 983
f 983 1008 985
f 1008 1009 985
f 985 1009 987
f 1009 1010 987
f 987 1010 989
f 1010 1011 989
f 989 1011 991
f 1011 1012 991
f 991 1012 993
f 1012 1013 993
f 993 1013 995
f 1013 1014 995
f 996 862 997
f 862 861 997
f 997 861 998
f 861 914 998
f 998 914 999
f 914 911 999
f 999 911 1000
f 911 865 1000
f 1000 865 1001
f 865 864 1001
f 1001 864 1002
f 864 903 1002
f 1002 903 1003
f 903 905 1003
f 1003 905 1004
f 905 868 1004
f 1004 868 1005
f 868 867 1005
f 1005 867 1006
f 867 895 1006
f 1006 895 1007
f 895 897 1007
f 1007 897 1008
f 897 871 1008
f 1008 871 1009
f 871 870 1009
f 1009 870 1010
f 870 887 1010
f 1010 887 1011
f 887 889 1011
f 1011 889 1012
f 889 884 1012
f 1012 884 1013
f 884 883 1013
f 1013 883 1014
f 883 881 1014
f 808 795 877
f 795 876 877
f 877 876 934
f 876 534 934
f 934 534 468
f 943 958 944
f 958 960 944
f 944 960 945
f 960 962 945
f 945 962 946
f 962 964 946
f 946 964 947
f 964 966 947
f 947 966 948
f 966 968 948
f 948 968 949
f 968 970 949
f 949 970 950
f 970 972 950
f 950 972 951
f 972 974 951
f 951 974 952
f 974 976 952
f 952 976 953
f 976 978 953
f 953 978 954
f 978 980 954
f 954 980 955
f 980 982 955
f 955 982 956
f 982 984 956
f 956 984 957
f 984 986 957
f 957 986 931
f 986 988 931
f 931 988 932
f 988 990 932
f 932 990 933
f 990 992 933
f 933 992 934
f 992 994 934
f 934 994 877
f 994 995 877
f 877 995 878
f 995 1014 878
f 878 1014 879
f 1014 881 879
f 879 881 875
f 881 880 875
f 875 880 873
f 495 524 1015
f 414 541 1016
f 379 378 1017
f 378 414 1017
f 1017 414 1018
f 414 1016 1018
f 405 404 1019
f 1019 404 1020
f 404 402 1020
f 1020 402 1021
f 402 401 1021
f 1021 401 1022
f 401 377 1022
f 1022 377 1023
f 377 381 1023
f 1023 381 1024
f 381 407 1024
f 1024 407 1017
f 407 406 1017
f 1017 406 379
f 1025 389 1026
f 389 413 1026
f 1026 413 1027
f 413 412 1027
f 412 410 1027
f 1027 410 1028
f 410 409 1028
f 1028 409 1019
f 409 400 1019
f 1019 400 405
f 394 393 1025
f 393 391 1025
f 1025 391 389
f 1025 1029 394
f 1029 1030 394
f 394 1030 396
f 1030 397 396
f 397 1030 386
f 1030 1031 386
f 386 1031 384
f 1031 1032 384
f 384 1032 382
f 1015 524 1032
f 524 525 1032
f 1032 525 382
f 529 1033 523
f 1033 1034 523
f 523 1034 1035
f 529 528 1033
f 528 527 1033
f 1033 527 1015
f 527 526 1015
f 1015 526 495
f 531 530 1035
f 530 365 1035
f 1035 365 523
f 1035 1036 531
f 1036 1037 531
f 531 1037 532
f 1037 1038 532
f 1039 519 1040
f 519 518 1040
f 1040 518 1041
f 518 517 1041
f 1041 517 1042
f 517 516 1042
f 1042 516 1043
f 516 515 1043
f 1043 515 1038
f 515 533 1038
f 1038 533 532
f 1044 521 1039
f 521 520 1039
f 1039 520 519
f 1045 368 1046
f 368 367 1046
f 1046 367 1047
f 367 513 1047
f 1047 513 1048
f 513 514 1048
f 1048 514 1044
f 514 522 1044
f 1044 522 521
f 733 731 1049
f 777 775 1050
f 615 613 1051
f 610 621 1052
f 660 1053 779
f 1053 1054 779
f 779 1054 780
f 1055 636 1056
f 636 635 1056
f 1056 635 1057
f 635 633 1057
f 1057 633 1058
f 633 631 1058
f 1058 631 1059
f 631 629 1059
f 1059 629 1054
f 629 781 1054
f 1054 781 780
f 1060 640 1061
f 640 638 1061
f 1061 638 1062
f 638 637 1062
f 1062 637 1063
f 637 626 1063
f 1063 626 1055
f 626 624 1055
f 1055 624 636
f 620 619 1064
f 619 643 1064
f 1064 643 1065
f 643 642 1065
f 1065 642 1060
f 642 640 1060
f 1060 640 640
f 620 1064 621
f 1064 1066 621
f 621 1066 1052
f 1051 613 1052
f 613 611 1052
f 1052 611 610
f 1050 775 1067
f 775 774 1067
f 774 601 1067
f 1067 601 1051
f 601 616 1051
f 1051 616 615
f 769 767 1068
f 767 765 1068
f 1068 765 1050
f 765 778 1050
f 1050 778 777
f 769 1068 770
f 1068 1069 770
f 770 1069 1070
f 762 773 1070
f 773 772 1070
f 1070 772 770
f 1070 1071 762
f 1071 1072 762
f 762 1072 763
f 1072 759 763
f 730 724 1073
f 730 1073 731
f 1073 1074 731
f 731 1074 1049
f 1072 1075 759
f 1075 1073 759
f 759 1073 760
f 1073 724 760
f 727 736 1049
f 736 735 1049
f 1049 735 733
f 719 1076 720
f 1076 1077 720
f 720 1077 1078
f 1049 1079 727
f 1079 1076 727
f 727 1076 728
f 1076 719 728
f 1080 550 1081
f 550 723 1081
f 1081 723 1078
f 723 722 1078
f 1078 722 720
f 1082 1083 1084
f 1083 1085 1086
f 1085 1087 1088
f 1087 1089 1090
f 1089 1091 1092
f 1091 1093 1094
f 1093 1095 1096
f 1095 1097 1098
f 1097 1099 1100
f 1099 1101 1102
f 1101 1103 1104
f 1103 1105 1106
f 1105 1107 1108
f 1107 1109 1110
f 1109 1111 1112
f 1111 1113 1114
f 1113 1115 1116
f 1115 1117 1118
f 1115 1118 1116
f 1118 1119 1116
f 1116 1119 1120
f 1119 1121 1120
f 1120 1121 1122
f 1121 1123 1122
f 1122 1123 1124
f 1123 1125 1124
f 1124 1125 1126
f 1125 1127 1126
f 1126 1127 1128
f 1127 1129 1128
f 1128 1129 1130
f 1129 1131 1130
f 1130 1131 1132
f 1131 1133 1132
f 1132 1133 1134
f 1133 1135 1134
f 1134 1135 1136
f 1135 1137 1136
f 1136 1137 1138
f 1137 1139 1138
f 1138 1139 1140
f 1139 1141 1140
f 1140 1141 1142
f 1141 1143 1142
f 1142 1143 1144
f 1143 1145 1144
f 1144 1145 1146
f 1145 1147 1146
f 1146 1147 1148
f 1147 1149 1148
f 1148 1149 1150
f 1149 1151 1150
f 1150 1151 1152
f 1151 1153 1152
f 1152 1153 1154
f 1153 1155 1154
f 1154 1155 1156
f 1155 1157 1156
f 1156 1157 1158
f 1157 1159 1158
f 1158 1159 1160
f 1159 1161 1160
f 1160 1161 1162
f 1161 1163 1162
f 1162 1163 1164
f 1163 1165 1164
f 1164 1165 1166
f 1165 1167 1166
f 1166 1167 1168
f 1167 1169 1168
f 1168 1169 1170
f 1169 1171 1170
f 1170 1171 1172
f 1171 1173 1172
f 1172 1173 1174
f 1173 1175 1174
f 1174 1175 1176
f 1175 1177 1176
f 1176 1177 1178
f 1177 1179 1178
f 1178 1179 1180
f 1179 1181 1180
f 1180 1181 1182
f 1113 1116 1114
f 1116 1120 1114
f 1114 1120 1183
f 1120 1122 1183
f 1183 1122 1184
f 1122 1124 1184
f 1184 1124 1185
f 1124 1126 1185
f 1185 1126 1186
f 1126 1128 1186
f 1186 1128 1187
f 1128 1130 1187
f 1187 1130 1188
f 1130 1132 1188
f 1188 1132 1189
f 1132 1134 1189
f 1189 1134 1190
f 1134 1136 1190
f 1190 1136 1191
f 1136 1138 1191
f 1191 1138 1192
f 1138 1140 1192
f 1192 1140 1193
f 1140 1142 1193
f 1193 1142 1194
f 1142 1144 1194
f 1194 1144 1195
f 1144 1146 1195
f 1195 1146 1196
f 1146 1148 1196
f 1196 1148 1197
f 1148 1150 1197
f 1197 1150 1198
f 1150 1152 1198
f 1198 1152 1199
f 1152 1154 1199
f 1199 1154 1200
f 1154 1156 1200
f 1200 1156 1201
f 1156 1158 1201
f 1201 1158 1202
f 1158 1160 1202
f 1202 1160 1203
f 1160 1162 1203
f 1203 1162 1204
f 1162 1164 1204
f 1204 1164 1205
f 1164 1166 1205
f 1205 1166 1206
f 1166 1168 1206
f 1206 1168 1207
f 1168 1170 1207
f 1207 1170 1208
f 1170 1172 1208
f 1208 1172 1209
f 1172 1174 1209
f 1209 1174 1210
f 1174 1176 1210
f 1210 1176 1211
f 1176 1178 1211
f 1211 1178 1212
f 1178 1180 1212
f 1212 1180 1213
f 1180 1182 1213
f 1213 1182 1214
f 1111 1114 1112
f 1114 1183 1112
f 1112 1183 1215
f 1183 1184 1215
f 1215 1184 1216
f 1184 1185 1216
f 1216 1185 1217
f 1185 1186 1217
f 1217 1186 1218
f 1186 1187 1218
f 1218 1187 1219
f 1187 1188 1219
f 1219 1188 1220
f 1188 1189 1220
f 1220 1189 1221
f 1189 1190 1221
f 1221 1190 1222
f 1190 1191 1222
f 1222 1191 1223
f 1191 1192 1223
f 1223 1192 1224
f 1192 1193 1224
f 1224 1193 1225
f 1193 1194 1225
f 1225 1194 1226
f 1194 1195 1226
f 1226 1195 1227
f 1195 1196 1227
f 1227 1196 1228
f 1196 1197 1228
f 1228 1197 1229
f 1197 1198 1229
f 1229 1198 1230
f 1198 1199 1230
f 1230 1199 1231
f 1199 1200 1231
f 1231 1200 1232
f 1200 1201 1232
f 1232 1201 1233
f 1201 1202 1233
f 1233 1202 1234
f 1202 1203 1234
f 1234 1203 1235
f 1203 1204 1235
f 1235 1204 1236
f 1204 1205 1236
f 1236 1205 1237
f 1205 1206 1237
f 1237 1206 1238
f 1206 1207 1238
f 1238 1207 1239
f 1207 1208 1239
f 1239 1208 1240
f 1208 1209 1240
f 1240 1209 1241
f 1209 1210 1241
f 1241 1210 1242
f 1210 1211 1242
f 1242 1211 1243
f 1211 1212 1243
f 1243 1212 1244
f 1212 1213 1244
f 1244 1213 1245
f 1213 1214 1245
f 1245 1214 1246
f 1109 1112 1110
f 1112 1215 1110
f 1110 1215 1247
f 1215 1216 1247
f 1247 1216 1248
f 1216 1217 1248
f 1248 1217 1249
f 1217 1218 1249
f 1249 1218 1250
f 1218 1219 1250
f 1250 1219 1251
f 1219 1220 1251
f 1251 1220 1252
f 1220 1221 1252
f 1252 1221 1253
f 1221 1222 1253
f 1253 1222 1254
f 1222 1223 1254
f 1254 1223 1255
f 1223 1224 1255
f 1255 1224 1256
f 1224 1225 1256
f 1256 1225 1257
f 1225 1226 1257
f 1257 1226 1258
f 1226 1227 1258
f 1258 1227 1259
f 1227 1228 1259
f 1259 1228 1260
f 1228 1229 1260
f 1260 1229 1261
f 1229 1230 1261
f 1261 1230 1262
f 1230 1231 1262
f 1262 1231 1263
f 1231 1232 1263
f 1263 1232 1264
f 1232 1233 1264
f 1264 1233 1265
f 1233 1234 1265
f 1265 1234 1266
f 1234 1235 1266
f 1266 1235 1267
f 1235 1236 1267
f 1267 1236 1268
f 1236 1237 1268
f 1268 1237 1269
f 1237 1238 1269
f 1269 1238 1270
f 1238 1239 1270
f 1270 1239 1271
f 1239 1240 1271
f 1271 1240 1272
f 1240 1241 1272
f 1272 1241 1273
f 1241 1242 1273
f 1273 1242 1274
f 1242 1243 1274
f 1274 1243 1275
f 1243 1244 1275
f 1275 1244 1276
f 1244 1245 1276
f 1276 1245 1277
f 1245 1246 1277
f 1277 1246 1278
f 1107 1110 1108
f 1110 1247 1108
f 1108 1247 1279
f 1247 1248 1279
f 1279 1248 1280
f 1248 1249 1280
f 1280 1249 1281
f 1249 1250 1281
f 1281 1250 1282
f 1250 1251 1282
f 1282 1251 1283
f 1251 1252 1283
f 1283 1252 1284
f 1252 1253 1284
f 1284 1253 1285
f 1253 1254 1285
f 1285 1254 1286
f 1254 1255 1286
f 1286 1255 1287
f 1255 1256 1287
f 1287 1256 1288
f 1256 1257 1288
f 1288 1257 1289
f 1257 1258 1289
f 1289 1258 1290
f 1258 1259 1290
f 1290 1259 1291
f 1259 1260 1291
f 1291 1260 1292
f 1260 1261 1292
f 1292 1261 1293
f 1261 1262 1293
f 1293 1262 1294
f 1262 1263 1294
f 1294 1263 1295
f 1263 1264 1295
f 1295 1264 1296
f 1264 1265 1296
f 1296 1265 1297
f 1265 1266 1297
f 1297 1266 1298
f 1266 1267 1298
f 1298 1267 1299
f 1267 1268 1299
f 1299 1268 1300
f 1268 1269 1300
f 1300 1269 1301
f 1269 1270 1301
f 1301 1270 1302
f 1270 1271 1302
f 1302 1271 1303
f 1271 1272 1303
f 1303 1272 1304
f 1272 1273 1304
f 1304 1273 1305
f 1273 1274 1305
f 1305 1274 1306
f 1274 1275 1306
f 1306 1275 1307
f 1275 1276 1307
f 1307 1276 1308
f 1276 1277 1308
f 1308 1277 1309
f 1277 1278 1309
f 1309 1278 1310
f 1105 1108 1106
f 1108 1279 1106
f 1106 1279 1311
f 1279 1280 1311
f 1311 1280 1312
f 1280 1281 1312
f 1312 1281 1313
f 1281 1282 1313
f 1313 1282 1314
f 1282 1283 1314
f 1314 1283 1315
f 1283 1284 1315
f 1315 1284 1316
f 1284 1285 1316
f 1316 1285 1317
f 1285 1286 1317
f 1317 1286 1318
f 1286 1287 1318
f 1318 1287 1319
f 1287 1288 1319
f 1319 1288 1320
f 1288 1289 1320
f 1320 1289 1321
f 1289 1290 1321
f 1321 1290 1322
f 1290 1291 1322
f 1322 1291 1323
f 1291 1292 1323
f 1323 1292 1324
f 1292 1293 1324
f 1324 1293 1325
f 1293 1294 1325
f 1325 1294 1326
f 1294 1295 1326
f 1326 1295 1327
f 1295 1296 1327
f 1327 1296 1328
f 1296 1297 1328
f 1328 1297 1329
f 1297 1298 1329
f 1329 1298 1330
f 1298 1299 1330
f 1330 1299 1331
f 1299 1300 1331
f 1331 1300 1332
f 1300 1301 1332
f 1332 1301 1333
f 1301 1302 1333
f 1333 1302 1334
f 1302 1303 1334
f 1334 1303 1335
f 1303 1304 1335
f 1335 1304 1336
f 1304 1305 1336
f 1336 1305 1337
f 1305 1306 1337
f 1337 1306 1338
f 1306 1307 1338
f 1338 1307 1339
f 1307 1308 1339
f 1339 1308 1340
f 1308 1309 1340
f 1340 1309 1341
f 1309 1310 1341
f 1341 1310 1342
f 1103 1106 1104
f 1106 1311 1104
f 1104 1311 1343
f 1311 1312 1343
f 1343 1312 1344
f 1312 1313 1344
f 1344 1313 1345
f 1313 1314 1345
f 1345 1314 1346
f 1314 1315 1346
f 1346 1315 1347
f 1315 1316 1347
f 1347 1316 1348
f 1316 1317 1348
f 1348 1317 1349
f 1317 1318 1349
f 1349 1318 1350
f 1318 1319 1350
f 1350 1319 1351
f 1319 1320 1351
f 1351 1320 1352
f 1320 1321 1352
f 1352 1321 1353
f 1321 1322 1353
f 1353 1322 1354
f 1322 1323 1354
f 1354 1323 1355
f 1323 1324 1355
f 1355 1324 1356
f 1324 1325 1356
f 1356 1325 1357
f 1325 1326 1357
f 1357 1326 1358
f 1326 1327 1358
f 1358 1327 1359
f 1327 1328 1359
f 1359 1328 1360
f 1328 1329 1360
f 1360 1329 1361
f 1329 1330 1361
f 1361 1330 1362
f 1330 1331 1362
f 1362 1331 1363
f 1331 1332 1363
f 1363 1332 1364
f 1332 1333 1364
f 1364 1333 1365
f 1333 1334 1365
f 1365 1334 1366
f 1334 1335 1366
f 1366 1335 1367
f 1335 1336 1367
f 1367 1336 1368
f 1336 1337 1368
f 1368 1337 1369
f 1337 1338 1369
f 1369 1338 1370
f 1338 1339 1370
f 1370 1339 1371
f 1339 1340 1371
f 1371 1340 1372
f 1340 1341 1372
f 1372 1341 1373
f 1341 1342 1373
f 1373 1342 1374
f 1101 1104 1102
f 1104 1343 1102
f 1102 1343 1375
f 1343 1344 1375
f 1375 1344 1376
f 1344 1345 1376
f 1376 1345 1377
f 1345 1346 1377
f 1377 1346 1378
f 1346 1347 1378
f 1378 1347 1379
f 1347 1348 1379
f 1379 1348 1380
f 1348 1349 1380
f 1380 1349 1381
f 1349 1350 1381
f 1381 1350 1382
f 1350 1351 1382
f 1382 1351 1383
f 1351 1352 1383
f 1383 1352 1384
f 1352 1353 1384
f 1384 1353 1385
f 1353 1354 1385
f 1385 1354 1386
f 1354 1355 1386
f 1386 1355 1387
f 1355 1356 1387
f 1387 1356 1388
f 1356 1357 1388
f 1388 1357 1389
f 1357 1358 1389
f 1389 1358 1390
f 1358 1359 1390
f 1390 1359 1391
f 1359 1360 1391
f 1391 1360 1392
f 1360 1361 1392
f 1392 1361 1393
f 1361 1362 1393
f 1393 1362 1394
f 1362 1363 1394
f 1394 1363 1395
f 1363 1364 1395
f 1395 1364 1396
f 1364 1365 1396
f 1396 1365 1397
f 1365 1366 1397
f 1397 1366 1398
f 1366 1367 1398
f 1398 1367 1399
f 1367 1368 1399
f 1399 1368 1400
f 1368 1369 1400
f 1400 1369 1401
f 1369 1370 1401
f 1401 1370 1402
f 1370 1371 1402
f 1402 1371 1403
f 1371 1372 1403
f 1403 1372 1404
f 1372 1373 1404
f 1404 1373 1405
f 1373 1374 1405
f 1405 1374 1406
f 1099 1102 1100
f 1102 1375 1100
f 1100 1375 1407
f 1375 1376 1407
f 1407 1376 1408
f 1376 1377 1408
f 1408 1377 1409
f 1377 1378 1409
f 1409 1378 1410
f 1378 1379 1410
f 1410 1379 1411
f 1379 1380 1411
f 1411 1380 1412
f 1380 1381 1412
f 1412 1381 1413
f 1381 1382 1413
f 1413 1382 1414
f 1382 1383 1414
f 1414 1383 1415
f 1383 1384 1415
f 1415 1384 1416
f 1384 1385 1416
f 1416 1385 1417
f 1385 1386 1417
f 1417 1386 1418
f 1386 1387 1418
f 1418 1387 1419
f 1387 1388 1419
f 1419 1388 1420
f 1388 1389 1420
f 1420 1389 1421
f 1389 1390 1421
f 1421 1390 1422
f 1390 1391 1422
f 1422 1391 1423
f 1391 1392 1423
f 1423 1392 1424
f 1392 1393 1424
f 1424 1393 1425
f 1393 1394 1425
f 1425 1394 1426
f 1394 1395 1426
f 1426 1395 1427
f 1395 1396 1427
f 1427 1396 1428
f 1396 1397 1428
f 1428 1397 1429
f 1397 1398 1429
f 1429 1398 1430
f 1398 1399 1430
f 1430 1399 1431
f 1399 1400 1431
f 1431 1400 1432
f 1400 1401 1432
f 1432 1401 1433
f 1401 1402 1433
f 1433 1402 1434
f 1402 1403 1434
f 1434 1403 1435
f 1403 1404 1435
f 1435 1404 1436
f 1404 1405 1436
f 1436 1405 1437
f 1405 1406 1437
f 1437 1406 1438
f 1097 1100 1098
f 1100 1407 1098
f 1098 1407 1439
f 1407 1408 1439
f 1439 1408 1440
f 1408 1409 1440
f 1440 1409 1441
f 1409 1410 1441
f 1441 1410 1442
f 1410 1411 1442
f 1442 1411 1443
f 1411 1412 1443
f 1443 1412 1444
f 1412 1413 1444
f 1444 1413 1445
f 1413 1414 1445
f 1445 1414 1446
f 1414 1415 1446
f 1446 1415 1447
f 1415 1416 1447
f 1447 1416 1448
f 1416 1417 1448
f 1448 1417 1449
f 1417 1418 1449
f 1449 1418 1450
f 1418 1419 1450
f 1450 1419 1451
f 1419 1420 1451
f 1451 1420 1452
f 1420 1421 1452
f 1452 1421 1453
f 1421 1422 1453
f 1453 1422 1454
f 1422 1423 1454
f 1454 1423 1455
f 1423 1424 1455
f 1455 1424 1456
f 1424 1425 1456
f 1456 1425 1457
f 1425 1426 1457
f 1457 1426 1458
f 1426 1427 1458
f 1458 1427 1459
f 1427 1428 1459
f 1459 1428 1460
f 1428 1429 1460
f 1460 1429 1461
f 1429 1430 1461
f 1461 1430 1462
f 1430 1431 1462
f 1462 1431 1463
f 1431 1432 1463
f 1463 1432 1464
f 1432 1433 1464
f 1464 1433 1465
f 1433 1434 1465
f 1465 1434 1466
f 1434 1435 1466
f 1466 1435 1467
f 1435 1436 1467
f 1467 1436 1468
f 1436 1437 1468
f 1468 1437 1469
f 1437 1438 1469
f 1469 1438 1470
f 1095 1098 1096
f 1098 1439 1096
f 1096 1439 1471
f 1439 1440 1471
f 1471 1440 1472
f 1440 1441 1472
f 1472 1441 1473
f 1441 1442 1473
f 1473 1442 1474
f 1442 1443 1474
f 1474 1443 1475
f 1443 1444 1475
f 1475 1444 1476
f 1444 1445 1476
f 1476 1445 1477
f 1445 1446 1477
f 1477 1446 1478
f 1446 1447 1478
f 1478 1447 1479
f 1447 1448 1479
f 1479 1448 1480
f 1448 1449 1480
f 1480 1449 1481
f 1449 1450 1481
f 1481 1450 1482
f 1450 1451 1482
f 1482 1451 1483
f 1451 1452 1483
f 1483 1452 1484
f 1452 1453 1484
f 1484 1453 1485
f 1453 1454 1485
f 1485 1454 1486
f 1454 1455 1486
f 1486 1455 1487
f 1455 1456 1487
f 1487 1456 1488
f 1456 1457 1488
f 1488 1457 1489
f 1457 1458 1489
f 1489 1458 1490
f 1458 1459 1490
f 1490 1459 1491
f 1459 1460 1491
f 1491 1460 1492
f 1460 1461 1492
f 1492 1461 1493
f 1461 1462 1493
f 1493 1462 1494
f 1462 1463 1494
f 1494 1463 1495
f 1463 1464 1495
f 1495 1464 1496
f 1464 1465 1496
f 1496 1465 1497
f 1465 1466 1497
f 1497 1466 1498
f 1466 1467 1498
f 1498 1467 1499
f 1467 1468 1499
f 1499 1468 1500
f 1468 1469 1500
f 1500 1469 1501
f 1469 1470 1501
f 1501 1470 1502
f 1093 1096 1094
f 1096 1471 1094
f 1094 1471 1503
f 1471 1472 1503
f 1503 1472 1504
f 1472 1473 1504
f 1504 1473 1505
f 1473 1474 1505
f 1505 1474 1506
f 1474 1475 1506
f 1506 1475 1507
f 1475 1476 1507
f 1507 1476 1508
f 1476 1477 1508
f 1508 1477 1509
f 1477 1478 1509
f 1509 1478 1510
f 1478 1479 1510
f 1510 1479 1511
f 1479 1480 1511
f 1511 1480 1512
f 1480 1481 1512
f 1512 1481 1513
f 1481 1482 1513
f 1513 1482 1514
f 1482 1483 1514
f 1514 1483 1515
f 1483 1484 1515
f 1515 1484 1516
f 1484 1485 1516
f 1516 1485 1517
f 1485 1486 1517
f 1517 1486 1518
f 1486 1487 1518
f 1518 1487 1519
f 1487 1488 1519
f 1519 1488 1520
f 1488 1489 1520
f 1520 1489 1521
f 1489 1490 1521
f 1521 1490 1522
f 1490 1491 1522
f 1522 1491 1523
f 1491 1492 1523
f 1523 1492 1524
f 1492 1493 1524
f 1524 1493 1525
f 1493 1494 1525
f 1525 1494 1526
f 1494 1495 1526
f 1526 1495 1527
f 1495 1496 1527
f 1527 1496 1528
f 1496 1497 1528
f 1528 1497 1529
f 1497 1498 1529
f 1529 1498 1530
f 1498 1499 1530
f 1530 1499 1531
f 1499 1500 1531
f 1531 1500 1532
f 1500 1501 1532
f 1532 1501 1533
f 1501 1502 1533
f 1533 1502 1534
f 1091 1094 1092
f 1094 1503 1092
f 1092 1503 1535
f 1503 1504 1535
f 1535 1504 1536
f 1504 1505 1536
f 1536 1505 1537
f 1505 1506 1537
f 1537 1506 1538
f 1506 1507 1538
f 1538 1507 1539
f 1507 1508 1539
f 1539 1508 1540
f 1508 1509 1540
f 1540 1509 1541
f 1509 1510 1541
f 1541 1510 1542
f 1510 1511 1542
f 1542 1511 1543
f 1511 1512 1543
f 1543 1512 1544
f 1512 1513 1544
f 1544 1513 1545
f 1513 1514 1545
f 1545 1514 1546
f 1514 1515 1546
f 1546 1515 1547
f 1515 1516 1547
f 1547 1516 1548
f 1516 1517 1548
f 1548 1517 1549
f 1517 1518 1549
f 1549 1518 1550
f 1518 1519 1550
f 1550 1519 1551
f 1519 1520 1551
f 1551 1520 1552
f 1520 1521 1552
f 1552 1521 1553
f 1521 1522 1553
f 1553 1522 1554
f 1522 1523 1554
f 1554 1523 1555
f 1523 1524 1555
f 1555 1524 1556
f 1524 1525 1556
f 1556 1525 1557
f 1525 1526 1557
f 1557 1526 1558
f 1526 1527 1558
f 1558 1527 1559
f 1527 1528 1559
f 1559 1528 1560
f 1528 1529 1560
f 1560 1529 1561
f 1529 1530 1561
f 1561 1530 1562
f 1530 1531 1562
f 1562 1531 1563
f 1531 1532 1563
f 1563 1532 1564
f 1532 1533 1564
f 1564 1533 1565
f 1533 1534 1565
f 1565 1534 1566
f 1089 1092 1090
f 1092 1535 1090
f 1090 1535 1567
f 1535 1536 1567
f 1567 1536 1568
f 1536 1537 1568
f 1568 1537 1569
f 1537 1538 1569
f 1569 1538 1570
f 1538 1539 1570
f 1570 1539 1571
f 1539 1540 1571
f 1571 1540 1572
f 1540 1541 1572
f 1572 1541 1573
f 1541 1542 1573
f 1573 1542 1574
f 1542 1543 1574
f 1574 1543 1575
f 1543 1544 1575
f 1575 1544 1576
f 1544 1545 1576
f 1576 1545 1577
f 1545 1546 1577
f 1577 1546 1578
f 1546 1547 1578
f 1578 1547 1579
f 1547 1548 1579
f 1579 1548 1580
f 1548 1549 1580
f 1580 1549 1581
f 1549 1550 1581
f 1581 1550 1582
f 1550 1551 1582
f 1582 1551 1583
f 1551 1552 1583
f 1583 1552 1584
f 1552 1553 1584
f 1584 1553 1585
f 1553 1554 1585
f 1585 1554 1586
f 1554 1555 1586
f 1586 1555 1587
f 1555 1556 1587
f 1587 1556 1588
f 1556 1557 1588
f 1588 1557 1589
f 1557 1558 1589
f 1589 1558 1590
f 1558 1559 1590
f 1590 1559 1591
f 1559 1560 1591
f 1591 1560 1592
f 1560 1561 1592
f 1592 1561 1593
f 1561 1562 1593
f 1593 1562 1594
f 1562 1563 1594
f 1594 1563 1595
f 1563 1564 1595
f 1595 1564 1596
f 1564 1565 1596
f 1596 1565 1597
f 1565 1566 1597
f 1597 1566 1598
f 1087 1090 1088
f 1090 1567 1088
f 1088 1567 1599
f 1567 1568 1599
f 1599 1568 1600
f 1568 1569 1600
f 1600 1569 1601
f 1569 1570 1601
f 1601 1570 1602
f 1570 1571 1602
f 1602 1571 1603
f 1571 1572 1603
f 1603 1572 1604
f 1572 1573 1604
f 1604 1573 1605
f 1573 1574 1605
f 1605 1574 1606
f 1574 1575 1606
f 1606 1575 1607
f 1575 1576 1607
f 1607 1576 1608
f 1576 1577 1608
f 1608 1577 1609
f 1577 1578 1609
f 1609 1578 1610
f 1578 1579 1610
f 1610 1579 1611
f 1579 1580 1611
f 1611 1580 1612
f 1580 1581 1612
f 1612 1581 1613
f 1581 1582 1613
f 1613 1582 1614
f 1582 1583 1614
f 1614 1583 1615
f 1583 1584 1615
f 1615 1584 1616
f 1584 1585 1616
f 1616 1585 1617
f 1585 1586 1617
f 1617 1586 1618
f 1586 1587 1618
f 1618 1587 1619
f 1587 1588 1619
f 1619 1588 1620
f 1588 1589 1620
f 1620 1589 1621
f 1589 1590 1621
f 1621 1590 1622
f 1590 1591 1622
f 1622 1591 1623
f 1591 1592 1623
f 1623 1592 1624
f 1592 1593 1624
f 1624 1593 1625
f 1593 1594 1625
f 1625 1594 1626
f 1594 1595 1626
f 1626 1595 1627
f 1595 1596 1627
f 1627 1596 1628
f 1596 1597 1628
f 1628 1597 1629
f 1597 1598 1629
f 1629 1598 1630
f 1085 1088 1086
f 1088 1599 1086
f 1086 1599 1631
f 1599 1600 1631
f 1631 1600 1632
f 1600 1601 1632
f 1632 1601 1633
f 1601 1602 1633
f 1633 1602 1634
f 1602 1603 1634
f 1634 1603 1635
f 1603 1604 1635
f 1635 1604 1636
f 1604 1605 1636
f 1636 1605 1637
f 1605 1606 1637
f 1637 1606 1638
f 1606 1607 1638
f 1638 1607 1639
f 1607 1608 1639
f 1639 1608 1640
f 1608 1609 1640
f 1640 1609 1641
f 1609 1610 1641
f 1641 1610 1642
f 1610 1611 1642
f 1642 1611 1643
f 1611 1612 1643
f 1643 1612 1644
f 1612 1613 1644
f 1644 1613 1645
f 1613 1614 1645
f 1645 1614 1646
f 1614 1615 1646
f 1646 1615 1647
f 1615 1616 1647
f 1647 1616 1648
f 1616 1617 1648
f 1648 1617 1649
f 1617 1618 1649
f 1649 1618 1650
f 1618 1619 1650
f 1650 1619 1651
f 1619 1620 1651
f 1651 1620 1652
f 1620 1621 1652
f 1652 1621 1653
f 1621 1622 1653
f 1653 1622 1654
f 1622 1623 1654
f 1654 1623 1655
f 1623 1624 1655
f 1655 1624 1656
f 1624 1625 1656
f 1656 1625 1657
f 1625 1626 1657
f 1657 1626 1658
f 1626 1627 1658
f 1658 1627 1659
f 1627 1628 1659
f 1659 1628 1660
f 1628 1629 1660
f 1660 1629 1661
f 1629 1630 1661
f 1661 1630 1662
f 1083 1086 1084
f 1086 1631 1084
f 1084 1631 1663
f 1631 1632 1663
f 1663 1632 1664
f 1632 1633 1664
f 1664 1633 1665
f 1633 1634 1665
f 1665 1634 1666
f 1634 1635 1666
f 1666 1635 1667
f 1635 1636 1667
f 1667 1636 1668
f 1636 1637 1668
f 1668 1637 1669
f 1637 1638 1669
f 1669 1638 1670
f 1638 1639 1670
f 1670 1639 1671
f 1639 1640 1671
f 1671 1640 1672
f 1640 1641 1672
f 1672 1641 1673
f 1641 1642 1673
f 1673 1642 1674
f 1642 1643 1674
f 1674 1643 1675
f 1643 1644 1675
f 1675 1644 1676
f 1644 1645 1676
f 1676 1645 1677
f 1645 1646 1677
f 1677 1646 1678
f 1646 1647 1678
f 1678 1647 1679
f 1647 1648 1679
f 1679 1648 1680
f 1648 1649 1680
f 1680 1649 1681
f 1649 1650 1681
f 1681 1650 1682
f 1650 1651 1682
f 1682 1651 1683
f 1651 1652 1683
f 1683 1652 1684
f 1652 1653 1684
f 1684 1653 1685
f 1653 1654 1685
f 1685 1654 1686
f 1654 1655 1686
f 1686 1655 1687
f 1655 1656 1687
f 1687 1656 1688
f 1656 1657 1688
f 1688 1657 1689
f 1657 1658 1689
f 1689 1658 1690
f 1658 1659 1690
f 1690 1659 1691
f 1659 1660 1691
f 1691 1660 1692
f 1660 1661 1692
f 1692 1661 1693
f 1661 1662 1693
f 1693 1662 1694
f 1082 1084 1695
f 1084 1663 1695
f 1695 1663 1696
f 1663 1664 1696
f 1696 1664 1697
f 1664 1665 1697
f 1697 1665 1698
f 1665 1666 1698
f 1698 1666 1699
f 1666 1667 1699
f 1699 1667 1700
f 1667 1668 1700
f 1700 1668 1701
f 1668 1669 1701
f 1701 1669 1702
f 1669 1670 1702
f 1702 1670 1703
f 1670 1671 1703
f 1703 1671 1704
f 1671 1672 1704
f 1704 1672 1705
f 1672 1673 1705
f 1705 1673 1706
f 1673 1674 1706
f 1706 1674 1707
f 1674 1675 1707
f 1707 1675 1708
f 1675 1676 1708
f 1708 1676 1709
f 1676 1677 1709
f 1709 1677 1710
f 1677 1678 1710
f 1710 1678 1711
f 1678 1679 1711
f 1711 1679 1712
f 1679 1680 1712
f 1712 1680 1713
f 1680 1681 1713
f 1713 1681 1714
f 1681 1682 1714
f 1714 1682 1715
f 1682 1683 1715
f 1715 1683 1716
f 1683 1684 1716
f 1716 1684 1717
f 1684 1685 1717
f 1717 1685 1718
f 1685 1686 1718
f 1718 1686 1719
f 1686 1687 1719
f 1719 1687 1720
f 1687 1688 1720
f 1720 1688 1721
f 1688 1689 1721
f 1721 1689 1722
f 1689 1690 1722
f 1722 1690 1723
f 1690 1691 1723
f 1723 1691 1724
f 1691 1692 1724
f 1724 1692 1725
f 1692 1693 1725
f 1725 1693 1726
f 1693 1694 1726
f 1726 1694 1727
f 1089 1728 1729
f 1082 1730 1731
f 1732 1085 1731
f 1085 1083 1731
f 1731 1083 1082
f 1732 1733 1085
f 1733 1734 1085
f 1085 1734 1087
f 1087 1734 1089
f 1734 1735 1089
f 1089 1735 1728
f 1736 1093 1729
f 1093 1091 1729
f 1729 1091 1089
f 1736 1737 1093
f 1737 1738 1093
f 1093 1738 1095
f 1738 1739 1095
f 1095 1739 1097
f 1739 1740 1097
f 1740 1741 1097
f 1097 1741 1099
f 1741 1742 1099
f 1742 1743 1099
f 1099 1743 1101
f 1743 1743 1101
f 1743 1744 1101
f 1101 1744 1103
f 1744 1745 1103
f 1103 1745 1105
f 1745 1746 1105
f 1746 1747 1105
f 1105 1747 1107
f 1747 1748 1107
f 1107 1748 1109
f 1748 1749 1109
f 1749 1750 1109
f 1109 1750 1111
f 1750 1751 1111
f 1111 1751 1113
f 1752 1117 1753
f 1117 1115 1753
f 1753 1115 1754
f 1115 1113 1754
f 1754 1113 1755
f 1113 1751 1755
f 1756 1757 1758
f 1759 1760 1761
f 1762 1763 1752
f 1764 1765 1766
f 1731 1730 1767
f 1768 1732 1769
f 1732 1731 1769
f 1769 1731 1770
f 1731 1767 1770
f 1771 1735 1772
f 1735 1734 1772
f 1772 1734 1768
f 1734 1733 1768
f 1768 1733 1732
f 1773 1736 1774
f 1736 1729 1774
f 1774 1729 1771
f 1729 1728 1771
f 1771 1728 1735
f 1775 1738 1773
f 1738 1737 1773
f 1773 1737 1736
f 1776 1742 1777
f 1742 1741 1777
f 1777 1741 1778
f 1741 1740 1778
f 1778 1740 1775
f 1740 1739 1775
f 1775 1739 1738
f 1779 1744 1780
f 1744 1743 1780
f 1780 1743 1776
f 1743 1743 1776
f 1776 1743 1742
f 1781 1747 1782
f 1747 1746 1782
f 1782 1746 1779
f 1746 1745 1779
f 1779 1745 1744
f 1783 1750 1784
f 1750 1749 1784
f 1784 1749 1781
f 1749 1748 1781
f 1781 1748 1747
f 1752 1753 1762
f 1753 1754 1762
f 1762 1754 1785
f 1754 1755 1785
f 1785 1755 1783
f 1755 1751 1783
f 1783 1751 1750
f 1786 1756 1787
f 1756 1758 1787
f 1787 1758 1788
f 1758 1789 1788
f 1790 1791 1789
f 1791 1792 1789
f 1789 1792 1788
f 1793 1794 1790
f 1794 1795 1790
f 1790 1795 1791
f 1796 1797 1793
f 1797 1798 1793
f 1793 1798 1794
f 1799 1800 1796
f 1800 1801 1796
f 1796 1801 1797
f 1802 1803 1799
f 1803 1804 1799
f 1799 1804 1800
f 1805 1806 1802
f 1806 1807 1802
f 1802 1807 1803
f 1808 1809 1805
f 1809 1810 1805
f 1805 1810 1806
f 1811 1812 1808
f 1812 1813 1808
f 1808 1813 1809
f 1814 1815 1811
f 1815 1816 1811
f 1811 1816 1812
f 1817 1818 1819
f 1818 1820 1819
f 1819 1820 1814
f 1820 1821 1814
f 1814 1821 1815
f 1822 1823 1817
f 1823 1824 1817
f 1817 1824 1818
f 1825 1826 1822
f 1826 1827 1822
f 1822 1827 1823
f 1828 1829 1830
f 1829 1831 1830
f 1830 1831 1825
f 1831 1832 1825
f 1825 1832 1826
f 1833 1834 1828
f 1834 1835 1828
f 1828 1835 1829
f 1766 1836 1764
f 1836 1837 1764
f 1764 1837 1833
f 1837 1838 1833
f 1833 1838 1834
f 1757 1759 1758
f 1759 1761 1758
f 1758 1761 1789
f 1761 1839 1789
f 1789 1839 1790
f 1839 1840 1790
f 1790 1840 1793
f 1840 1841 1793
f 1793 1841 1796
f 1841 1842 1796
f 1796 1842 1799
f 1842 1843 1799
f 1799 1843 1802
f 1843 1844 1802
f 1802 1844 1805
f 1844 1845 1805
f 1805 1845 1808
f 1845 1846 1808
f 1808 1846 1811
f 1846 1847 1811
f 1811 1847 1814
f 1847 1848 1814
f 1814 1848 1819
f 1848 1849 1819
f 1819 1849 1817
f 1849 1850 1817
f 1817 1850 1822
f 1850 1851 1822
f 1822 1851 1825
f 1851 1852 1825
f 1825 1852 1830
f 1852 1853 1830
f 1830 1853 1828
f 1853 1854 1828
f 1828 1854 1833
f 1854 1855 1833
f 1833 1855 1764
f 1855 1856 1764
f 1764 1856 1765
f 1856 1857 1765
f 1760 1763 1761
f 1763 1762 1761
f 1761 1762 1839
f 1762 1785 1839
f 1839 1785 1840
f 1785 1783 1840
f 1840 1783 1841
f 1783 1784 1841
f 1841 1784 1842
f 1784 1781 1842
f 1842 1781 1843
f 1781 1782 1843
f 1843 1782 1844
f 1782 1779 1844
f 1844 1779 1845
f 1779 1780 1845
f 1845 1780 1846
f 1780 1776 1846
f 1846 1776 1847
f 1776 1777 1847
f 1847 1777 1848
f 1777 1778 1848
f 1848 1778 1849
f 1778 1775 1849
f 1849 1775 1850
f 1775 1773 1850
f 1850 1773 1851
f 1773 1774 1851
f 1851 1774 1852
f 1774 1771 1852
f 1852 1771 1853
f 1771 1772 1853
f 1853 1772 1854
f 1772 1768 1854
f 1854 1768 1855
f 1768 1769 1855
f 1855 1769 1856
f 1769 1770 1856
f 1856 1770 1857
f 1770 1767 1857
f 1858 1859 1860
f 1861 1862 1863
f 1864 1865 1866
f 1867 1868 1869
f 1870 1871 1872
f 1804 1803 1873
f 1874 1797 1801
f 1875 1876 1877
f 1878 1875 1879
f 1875 1877 1879
f 1877 1880 1879
f 1879 1880 1881
f 1794 1798 1882
f 1803 1807 1873
f 1807 1883 1873
f 1873 1883 1884
f 1883 1885 1884
f 1884 1885 1886
f 1885 1887 1886
f 1886 1887 1888
f 1887 1889 1888
f 1888 1889 1890
f 1889 1891 1890
f 1890 1891 1892
f 1891 1893 1892
f 1892 1893 1894
f 1893 1895 1894
f 1894 1895 1896
f 1895 1897 1896
f 1896 1897 1898
f 1897 1899 1898
f 1898 1899 1900
f 1899 1901 1900
f 1900 1901 1902
f 1901 1903 1902
f 1902 1903 1904
f 1903 1905 1904
f 1904 1905 1906
f 1905 1907 1906
f 1906 1907 1908
f 1907 1909 1908
f 1908 1909 1910
f 1909 1911 1910
f 1910 1911 1912
f 1911 1913 1912
f 1912 1913 1914
f 1913 1915 1914
f 1914 1915 1916
f 1915 1917 1916
f 1916 1917 1918
f 1917 1919 1918
f 1918 1919 1920
f 1919 1921 1920
f 1920 1921 1922
f 1921 1923 1922
f 1922 1923 1924
f 1923 1925 1924
f 1926 1927 1928
f 1806 1810 1929
f 1810 1930 1929
f 1929 1930 1931
f 1930 1932 1931
f 1931 1932 1933
f 1932 1934 1933
f 1933 1934 1935
f 1934 1936 1935
f 1935 1936 1937
f 1936 1938 1937
f 1937 1938 1939
f 1938 1940 1939
f 1939 1940 1941
f 1940 1942 1941
f 1941 1942 1943
f 1942 1944 1943
f 1943 1944 1945
f 1944 1946 1945
f 1945 1946 1947
f 1946 1948 1947
f 1947 1948 1949
f 1948 1950 1949
f 1949 1950 1951
f 1950 1952 1951
f 1951 1952 1953
f 1952 1954 1953
f 1953 1954 1955
f 1954 1956 1955
f 1955 1956 1957
f 1956 1958 1957
f 1957 1958 1959
f 1958 1960 1959
f 1959 1960 1961
f 1960 1962 1961
f 1961 1962 1963
f 1962 1964 1963
f 1963 1964 1965
f 1964 1926 1965
f 1965 1926 1872
f 1926 1928 1872
f 1872 1928 1870
f 1807 1806 1883
f 1806 1929 1883
f 1883 1929 1885
f 1929 1931 1885
f 1885 1931 1887
f 1931 1933 1887
f 1887 1933 1889
f 1933 1935 1889
f 1889 1935 1891
f 1935 1937 1891
f 1891 1937 1893
f 1937 1939 1893
f 1893 1939 1895
f 1939 1941 1895
f 1895 1941 1897
f 1941 1943 1897
f 1897 1943 1899
f 1943 1945 1899
f 1899 1945 1901
f 1945 1947 1901
f 1901 1947 1903
f 1947 1949 1903
f 1903 1949 1905
f 1949 1951 1905
f 1905 1951 1907
f 1951 1953 1907
f 1907 1953 1909
f 1953 1955 1909
f 1909 1955 1911
f 1955 1957 1911
f 1911 1957 1913
f 1957 1959 1913
f 1913 1959 1915
f 1959 1961 1915
f 1915 1961 1917
f 1961 1963 1917
f 1917 1963 1919
f 1963 1965 1919
f 1919 1965 1921
f 1965 1872 1921
f 1921 1872 1923
f 1872 1871 1923
f 1923 1871 1925
f 1809 1813 1966
f 1813 1967 1966
f 1966 1967 1968
f 1967 1969 1968
f 1968 1969 1970
f 1969 1971 1970
f 1970 1971 1972
f 1971 1973 1972
f 1972 1973 1974
f 1973 1975 1974
f 1974 1975 1976
f 1975 1977 1976
f 1976 1977 1978
f 1977 1979 1978
f 1978 1979 1980
f 1979 1981 1980
f 1980 1981 1982
f 1981 1983 1982
f 1982 1983 1984
f 1983 1985 1984
f 1984 1985 1986
f 1985 1987 1986
f 1986 1987 1988
f 1987 1989 1988
f 1988 1989 1990
f 1989 1991 1990
f 1990 1991 1992
f 1991 1993 1992
f 1992 1993 1994
f 1993 1995 1994
f 1994 1995 1996
f 1995 1997 1996
f 1996 1997 1998
f 1997 1866 1998
f 1998 1866 1869
f 1866 1865 1869
f 1869 1865 1867
f 1812 1816 1999
f 1816 2000 1999
f 1999 2000 2001
f 2000 2002 2001
f 2001 2002 2003
f 2002 2004 2003
f 2003 2004 2005
f 2004 2006 2005
f 2005 2006 2007
f 2006 2008 2007
f 2007 2008 2009
f 2008 2010 2009
f 2009 2010 2011
f 2010 2012 2011
f 2011 2012 2013
f 2012 2014 2013
f 2013 2014 2015
f 2014 2016 2015
f 2015 2016 2017
f 2016 2018 2017
f 2017 2018 2019
f 2018 2020 2019
f 2019 2020 2021
f 2020 2022 2021
f 2021 2022 2023
f 2022 2024 2023
f 2023 2024 2025
f 2024 2026 2025
f 2025 2026 2027
f 2026 2028 2027
f 2027 2028 2029
f 2028 2030 2029
f 2029 2030 2031
f 1810 1809 1930
f 1809 1966 1930
f 1930 1966 1932
f 1966 1968 1932
f 1932 1968 1934
f 1968 1970 1934
f 1934 1970 1936
f 1970 1972 1936
f 1936 1972 1938
f 1972 1974 1938
f 1938 1974 1940
f 1974 1976 1940
f 1940 1976 1942
f 1976 1978 1942
f 1942 1978 1944
f 1978 1980 1944
f 1944 1980 1946
f 1980 1982 1946
f 1946 1982 1948
f 1982 1984 1948
f 1948 1984 1950
f 1984 1986 1950
f 1950 1986 1952
f 1986 1988 1952
f 1952 1988 1954
f 1988 1990 1954
f 1954 1990 1956
f 1990 1992 1956
f 1956 1992 1958
f 1992 1994 1958
f 1958 1994 1960
f 1994 1996 1960
f 1960 1996 1962
f 1996 1998 1962
f 1962 1998 1964
f 1998 1869 1964
f 1964 1869 1926
f 1869 1868 1926
f 1926 1868 1927
f 2032 2033 2034
f 2032 2034 2035
f 2034 2036 2035
f 2035 2036 2037
f 2036 2038 2037
f 2037 2038 2039
f 2038 2040 2039
f 2039 2040 2041
f 2040 2042 2041
f 2041 2042 2043
f 2042 2044 2043
f 2044 2045 2043
f 2043 2045 2046
f 2045 2047 2046
f 2046 2047 2048
f 2047 2049 2048
f 2048 2049 2050
f 2049 2051 2050
f 2050 2051 2052
f 2051 2053 2052
f 2052 2053 2054
f 2054 2053 2055
f 2053 2056 2055
f 2055 2056 2057
f 2056 2058 2057
f 2057 2058 2059
f 2060 2061 1861
f 2062 2063 2064
f 2063 2065 2064
f 2066 2067 2068
f 2067 2069 2068
f 2068 2069 2070
f 2069 2071 2070
f 2070 2071 2072
f 2071 2073 2072
f 2072 2073 2074
f 2073 2075 2074
f 2074 2075 2076
f 2075 2077 2076
f 2076 2077 2078
f 2079 1858 2080
f 1858 1860 2080
f 2080 1860 2081
f 1860 2082 2081
f 2081 2082 2078
f 2082 2083 2078
f 2078 2083 2076
f 2032 2084 2033
f 2084 2085 2033
f 2033 2085 2086
f 2085 2087 2086
f 2086 2087 2088
f 2087 2089 2088
f 2088 2089 2090
f 2089 2091 2090
f 2090 2091 2092
f 2091 2093 2092
f 2092 2093 2094
f 2093 2095 2094
f 2094 2095 2096
f 2095 2097 2096
f 2096 2097 2098
f 2097 2099 2098
f 2098 2099 2100
f 2099 2101 2100
f 2100 2101 2102
f 2101 2103 2102
f 2102 2103 2104
f 1859 1876 1860
f 1876 1875 1860
f 1860 1875 2082
f 1875 1878 2082
f 2082 1878 2083
f 1788 1792 2105
f 1792 2106 2105
f 2105 2106 2107
f 2106 2108 2107
f 2107 2108 2109
f 2108 2110 2109
f 2109 2110 2111
f 2110 2112 2111
f 2111 2112 2113
f 2112 2114 2113
f 2113 2114 2115
f 2114 2116 2115
f 2115 2116 2117
f 2116 2118 2117
f 2117 2118 2104
f 2118 2119 2104
f 2104 2119 2102
f 2119 2120 2102
f 2102 2120 2100
f 2120 2121 2100
f 2100 2121 2098
f 2121 2122 2098
f 2098 2122 2096
f 2122 2123 2096
f 2096 2123 2094
f 2123 2124 2094
f 2094 2124 2092
f 2124 2125 2092
f 2092 2125 2090
f 2125 2126 2090
f 2090 2126 2088
f 2126 2127 2088
f 2088 2127 2086
f 2127 2128 2086
f 2086 2128 2033
f 2128 2129 2033
f 2033 2129 2034
f 2129 2130 2034
f 2034 2130 2036
f 2130 2131 2036
f 2036 2131 2038
f 2131 2132 2038
f 2038 2132 2040
f 2132 2133 2040
f 2040 2133 2042
f 2133 2134 2042
f 2042 2134 2044
f 2134 2135 2044
f 2044 2135 2045
f 2135 2136 2045
f 2045 2136 2047
f 2136 2137 2047
f 2047 2137 2049
f 2137 2138 2049
f 2049 2138 2051
f 2138 2139 2051
f 2051 2139 2053
f 2139 2140 2053
f 2053 2140 2056
f 2140 2141 2056
f 2056 2141 2058
f 1786 1787 1881
f 1787 1788 1881
f 1881 1788 1879
f 1788 2105 1879
f 1879 2105 1878
f 2105 2107 1878
f 1878 2107 2083
f 2107 2109 2083
f 2083 2109 2076
f 2109 2111 2076
f 2076 2111 2074
f 2111 2113 2074
f 2074 2113 2072
f 2113 2115 2072
f 2072 2115 2070
f 2115 2117 2070
f 2070 2117 2068
f 2117 2104 2068
f 2068 2104 2066
f 2104 2103 2066
f 1795 1794 2142
f 1794 1882 2142
f 2142 1882 2143
f 1882 2144 2143
f 2143 2144 2145
f 2144 2146 2145
f 2145 2146 2147
f 2146 2148 2147
f 2147 2148 2149
f 2148 2150 2149
f 2149 2150 2151
f 2150 2152 2151
f 2151 2152 2153
f 2152 2154 2153
f 2153 2154 2155
f 2154 2156 2155
f 2155 2156 2157
f 2156 2158 2157
f 2157 2158 2159
f 2158 2160 2159
f 2159 2160 2161
f 2160 2162 2161
f 2161 2162 2163
f 2162 2164 2163
f 2163 2164 2165
f 2164 2166 2165
f 2165 2166 2167
f 2166 2168 2167
f 2167 2168 2169
f 2168 2170 2169
f 2169 2170 2171
f 2170 2172 2171
f 2171 2172 2173
f 2172 2174 2173
f 2173 2174 2175
f 2174 2176 2175
f 2175 2176 2177
f 2176 2178 2177
f 2177 2178 2179
f 2178 2180 2179
f 2179 2180 2181
f 2180 2182 2181
f 2181 2182 2183
f 2182 2184 2183
f 2183 2184 2185
f 2184 2186 2185
f 2185 2186 2187
f 2186 2188 2187
f 2187 2188 2189
f 2188 2190 2189
f 2189 2190 2191
f 2190 1863 2191
f 2191 1863 2192
f 1863 1862 2192
f 2192 1862 2193
f 1874 1801 2194
f 1801 1800 2194
f 2194 1800 2195
f 1800 2196 2195
f 2195 2196 2197
f 2196 2198 2197
f 2197 2198 2199
f 2198 2200 2199
f 2199 2200 2201
f 2200 2202 2201
f 2201 2202 2203
f 2202 2204 2203
f 2203 2204 2205
f 2204 2206 2205
f 2205 2206 2207
f 2206 2208 2207
f 2207 2208 2209
f 2208 2210 2209
f 2209 2210 2211
f 2210 2212 2211
f 2211 2212 2213
f 2212 2214 2213
f 2213 2214 2215
f 2214 2216 2215
f 2215 2216 2217
f 2216 2218 2217
f 2217 2218 2219
f 2218 2220 2219
f 2219 2220 2221
f 2220 2222 2221
f 2221 2222 2223
f 2222 2224 2223
f 2223 2224 2225
f 2224 2226 2225
f 2225 2226 2227
f 2226 2228 2227
f 2227 2228 2229
f 2228 2230 2229
f 2229 2230 2231
f 2230 2232 2231
f 2231 2232 2233
f 2232 2234 2233
f 2233 2234 2235
f 2234 2236 2235
f 2235 2236 2237
f 2236 2238 2237
f 2237 2238 2239
f 2238 2240 2239
f 2239 2240 2060
f 2240 2241 2060
f 2060 2241 2061
f 1861 1863 2060
f 1863 2190 2060
f 2060 2190 2239
f 2190 2188 2239
f 2239 2188 2237
f 2188 2186 2237
f 2237 2186 2235
f 2186 2184 2235
f 2235 2184 2233
f 2184 2182 2233
f 2233 2182 2231
f 2182 2180 2231
f 2231 2180 2229
f 2180 2178 2229
f 2229 2178 2227
f 2178 2176 2227
f 2227 2176 2225
f 2176 2174 2225
f 2225 2174 2223
f 2174 2172 2223
f 2223 2172 2221
f 2172 2170 2221
f 2221 2170 2219
f 2170 2168 2219
f 2219 2168 2217
f 2168 2166 2217
f 2217 2166 2215
f 2166 2164 2215
f 2215 2164 2213
f 2164 2162 2213
f 2213 2162 2211
f 2162 2160 2211
f 2211 2160 2209
f 2160 2158 2209
f 2209 2158 2207
f 2158 2156 2207
f 2207 2156 2205
f 2156 2154 2205
f 2205 2154 2203
f 2154 2152 2203
f 2203 2152 2201
f 2152 2150 2201
f 2201 2150 2199
f 2150 2148 2199
f 2199 2148 2197
f 2148 2146 2197
f 2197 2146 2195
f 2146 2144 2195
f 2195 2144 2194
f 2144 1882 2194
f 2194 1882 1874
f 1882 1798 1874
f 1874 1798 1797
f 1792 1791 2106
f 1791 2242 2106
f 2106 2242 2108
f 2242 2243 2108
f 2108 2243 2110
f 2243 2244 2110
f 2110 2244 2112
f 2244 2245 2112
f 2112 2245 2114
f 2245 2246 2114
f 2114 2246 2116
f 2246 2247 2116
f 2116 2247 2118
f 2247 2248 2118
f 2118 2248 2119
f 2248 2249 2119
f 2119 2249 2120
f 2249 2250 2120
f 2120 2250 2121
f 2250 2251 2121
f 2121 2251 2122
f 2251 2252 2122
f 2122 2252 2123
f 2252 2253 2123
f 2123 2253 2124
f 2253 2254 2124
f 2124 2254 2125
f 2254 2255 2125
f 2125 2255 2126
f 2255 2256 2126
f 2126 2256 2127
f 2256 2257 2127
f 2127 2257 2128
f 2257 2258 2128
f 2128 2258 2129
f 2258 2259 2129
f 2129 2259 2130
f 2259 2260 2130
f 2130 2260 2131
f 2260 2261 2131
f 2131 2261 2132
f 2261 2262 2132
f 2132 2262 2133
f 2262 2263 2133
f 2133 2263 2134
f 2263 2264 2134
f 2134 2264 2135
f 2264 2265 2135
f 2135 2265 2136
f 2265 2266 2136
f 2136 2266 2137
f 2266 2267 2137
f 2137 2267 2138
f 2267 2268 2138
f 2138 2268 2139
f 2268 2063 2139
f 2139 2063 2140
f 2063 2062 2140
f 2140 2062 2141
f 1791 1795 2242
f 1795 2142 2242
f 2242 2142 2243
f 2142 2143 2243
f 2243 2143 2244
f 2143 2145 2244
f 2244 2145 2245
f 2145 2147 2245
f 2245 2147 2246
f 2147 2149 2246
f 2246 2149 2247
f 2149 2151 2247
f 2247 2151 2248
f 2151 2153 2248
f 2248 2153 2249
f 2153 2155 2249
f 2249 2155 2250
f 2155 2157 2250
f 2250 2157 2251
f 2157 2159 2251
f 2251 2159 2252
f 2159 2161 2252
f 2252 2161 2253
f 2161 2163 2253
f 2253 2163 2254
f 2163 2165 2254
f 2254 2165 2255
f 2165 2167 2255
f 2255 2167 2256
f 2167 2169 2256
f 2256 2169 2257
f 2169 2171 2257
f 2257 2171 2258
f 2171 2173 2258
f 2258 2173 2259
f 2173 2175 2259
f 2259 2175 2260
f 2175 2177 2260
f 2260 2177 2261
f 2177 2179 2261
f 2261 2179 2262
f 2179 2181 2262
f 2262 2181 2263
f 2181 2183 2263
f 2263 2183 2264
f 2183 2185 2264
f 2264 2185 2265
f 2185 2187 2265
f 2265 2187 2266
f 2187 2189 2266
f 2266 2189 2267
f 2189 2191 2267
f 2267 2191 2268
f 2191 2192 2268
f 2268 2192 2063
f 2192 2193 2063
f 2063 2193 2065
f 1766 2030 1836
f 2030 2028 1836
f 1836 2028 1837
f 2028 2026 1837
f 1837 2026 1838
f 2026 2024 1838
f 1838 2024 1834
f 2024 2022 1834
f 1834 2022 1835
f 2022 2020 1835
f 1835 2020 1829
f 2020 2018 1829
f 1829 2018 1831
f 2018 2016 1831
f 1831 2016 1832
f 2016 2014 1832
f 1832 2014 1826
f 2014 2012 1826
f 1826 2012 1827
f 2012 2010 1827
f 1827 2010 1823
f 2010 2008 1823
f 1823 2008 1824
f 2008 2006 1824
f 1824 2006 1818
f 2006 2004 1818
f 1818 2004 1820
f 2004 2002 1820
f 1820 2002 1821
f 2002 2000 1821
f 1821 2000 1815
f 2000 1816 1815
f 1813 1812 1967
f 1812 1999 1967
f 1967 1999 1969
f 1999 2001 1969
f 1969 2001 1971
f 2001 2003 1971
f 1971 2003 1973
f 2003 2005 1973
f 1973 2005 1975
f 2005 2007 1975
f 1975 2007 1977
f 2007 2009 1977
f 1977 2009 1979
f 2009 2011 1979
f 1979 2011 1981
f 2011 2013 1981
f 1981 2013 1983
f 2013 2015 1983
f 1983 2015 1985
f 2015 2017 1985
f 1985 2017 1987
f 2017 2019 1987
f 1987 2019 1989
f 2019 2021 1989
f 1989 2021 1991
f 2021 2023 1991
f 1991 2023 1993
f 2023 2025 1993
f 1993 2025 1995
f 2025 2027 1995
f 1995 2027 1997
f 2027 2029 1997
f 1997 2029 1866
f 2029 2031 1866
f 1866 2031 1864
f 1925 2269 1924
f 2269 2270 1924
f 1924 2270 2271
f 1800 1804 2196
f 1804 1873 2196
f 2196 1873 2198
f 1873 1884 2198
f 2198 1884 2200
f 1884 1886 2200
f 2200 1886 2202
f 1886 1888 2202
f 2202 1888 2204
f 1888 1890 2204
f 2204 1890 2206
f 1890 1892 2206
f 2206 1892 2208
f 1892 1894 2208
f 2208 1894 2210
f 1894 1896 2210
f 2210 1896 2212
f 1896 1898 2212
f 2212 1898 2214
f 1898 1900 2214
f 2214 1900 2216
f 1900 1902 2216
f 2216 1902 2218
f 1902 1904 2218
f 2218 1904 2220
f 1904 1906 2220
f 2220 1906 2222
f 1906 1908 2222
f 2222 1908 2224
f 1908 1910 2224
f 2224 1910 2226
f 1910 1912 2226
f 2226 1912 2228
f 1912 1914 2228
f 2228 1914 2230
f 1914 1916 2230
f 2230 1916 2232
f 1916 1918 2232
f 2232 1918 2234
f 1918 1920 2234
f 2234 1920 2236
f 1920 1922 2236
f 2236 1922 2238
f 1922 1924 2238
f 2238 1924 2240
f 1924 2271 2240
f 2240 2271 2241
f 2272 2273 2274
f 2272 2274 2275
f 2274 2276 2275
f 2275 2276 2277
f 2276 2278 2277
f 2277 2278 2279
f 2278 2280 2279
f 2279 2280 2281
f 2280 2282 2281
f 2282 2283 2281
f 2281 2283 2284
f 2283 2285 2284
f 2284 2285 2286
f 2285 2287 2286
f 2287 2288 2286
f 2286 2288 2289
f 2288 2290 2289
f 2290 2291 2289
f 2289 2291 2292
f 2291 2293 2292
f 2292 2293 2294
f 2293 2295 2294
f 2295 2296 2294
f 2294 2296 2297
f 2296 2298 2297
f 2297 2298 2299
f 2059 2272 2057
f 2272 2275 2057
f 2057 2275 2055
f 2275 2277 2055
f 2055 2277 2054
f 2277 2279 2054
f 2054 2279 2052
f 2279 2281 2052
f 2052 2281 2050
f 2281 2284 2050
f 2050 2284 2048
f 2284 2286 2048
f 2048 2286 2046
f 2286 2289 2046
f 2046 2289 2043
f 2289 2292 2043
f 2043 2292 2041
f 2292 2294 2041
f 2041 2294 2039
f 2294 2297 2039
f 2039 2297 2037
f 2297 2299 2037
f 2037 2299 2035
f 2299 2300 2035
f 2035 2300 2032
f 2298 2301 2299
f 2301 2302 2299
f 2299 2302 2300
f 2302 2303 2300
f 2300 2303 2304
f 2303 2305 2304
f 2305 2306 2304
f 2304 2306 2307
f 2306 2306 2307
f 2307 2306 2308
f 2306 2309 2308
f 2309 2310 2308
f 2308 2310 2311
f 2310 2312 2311
f 2312 2313 2311
f 2311 2313 2314
f 2313 2315 2314
f 2315 2316 2314
f 2314 2316 2317
f 2316 2318 2317
f 2318 2319 2317
f 2317 2319 2320
f 2319 2321 2320
f 2321 2322 2320
f 2320 2322 2323
f 2322 2324 2323
f 2324 2325 2323
f 2323 2325 2326
f 2032 2300 2084
f 2300 2304 2084
f 2084 2304 2085
f 2304 2307 2085
f 2085 2307 2087
f 2307 2308 2087
f 2087 2308 2089
f 2308 2311 2089
f 2089 2311 2091
f 2311 2314 2091
f 2091 2314 2093
f 2314 2317 2093
f 2093 2317 2095
f 2317 2320 2095
f 2095 2320 2097
f 2320 2323 2097
f 2097 2323 2099
f 2323 2326 2099
f 2099 2326 2101
f 2325 2327 2326
f 2327 2328 2326
f 2326 2328 2329
f 2328 2330 2329
f 2330 2331 2329
f 2329 2331 2332
f 2101 2326 2103
f 2326 2329 2103
f 2103 2329 2066
f 2329 2332 2066
f 2066 2332 2067
f 2331 2333 2332
f 2333 2334 2332
f 2332 2334 2335
f 2334 2336 2335
f 2336 2337 2335
f 2335 2337 2338
f 2337 2339 2338
f 2339 2340 2338
f 2338 2340 2341
f 2067 2332 2069
f 2332 2335 2069
f 2069 2335 2071
f 2335 2338 2071
f 2071 2338 2073
f 2338 2341 2073
f 2073 2341 2075
f 2340 2342 2341
f 2342 2343 2341
f 2341 2343 2344
f 2343 2345 2344
f 2345 2346 2344
f 2344 2346 2347
f 2348 2349 2350
f 2349 2347 2350
f 2350 2347 2351
f 2347 2346 2351
f 2352 2353 2354
f 2353 2349 2354
f 2354 2349 2355
f 2349 2348 2355
f 2075 2341 2077
f 2341 2344 2077
f 2077 2344 2078
f 2344 2347 2078
f 2078 2347 2081
f 2347 2349 2081
f 2081 2349 2080
f 2349 2353 2080
f 2080 2353 2079
f 2356 2357 2358
f 2359 2295 2293
f 2291 2290 2360
f 2361 2362 2363
f 2364 2280 2278
f 2365 2366 2367
f 2368 2369 2370
f 2371 2372 2373
f 2374 2375 2376
f 2377 2378 2379
f 2380 2381 2382
f 2383 2384 2385
f 2386 2352 2354
f 2387 2388 2389
f 2390 2391 2392
f 2393 2394 2395
f 2396 2397 2398
f 2399 2400 2401
f 2402 2403 2404
f 2405 2406 2407
f 2408 2409 2410
f 2411 2412 2413
f 2414 2415 2416
f 2417 2418 2419
f 2420 2421 2422
f 2423 2424 2425
f 2426 2427 2428
f 2429 2430 2431
f 2432 2433 2431
f 2434 2435 2436
f 2437 2438 2439
f 2440 2441 2442
f 2443 2444 2445
f 2446 2447 2448
f 2447 2449 2448
f 2448 2449 2450
f 2449 2451 2450
f 2452 2453 2454
f 2453 2455 2454
f 2452 2454 2456
f 2454 2433 2456
f 2456 2433 2457
f 2458 2459 2432
f 2459 2460 2432
f 2461 2462 2460
f 2462 2463 2460
f 2460 2463 2432
f 2463 2464 2432
f 2432 2464 2433
f 2464 2465 2433
f 2433 2465 2457
f 2440 2442 2466
f 2434 2436 2467
f 2468 2469 2470
f 2469 2471 2470
f 2470 2471 2472
f 2471 2473 2472
f 2472 2473 2458
f 2458 2432 2472
f 2432 2431 2472
f 2472 2431 2470
f 2431 2430 2470
f 2470 2430 2468
f 2474 2429 2475
f 2476 2454 2445
f 2454 2455 2445
f 2445 2455 2443
f 2475 2477 2474
f 2477 2478 2474
f 2474 2478 2479
f 2478 2480 2479
f 2481 2426 2482
f 2483 2484 2485
f 2426 2428 2482
f 2428 2486 2482
f 2482 2486 2487
f 2486 2488 2487
f 2487 2488 2489
f 2481 2482 2490
f 2482 2487 2490
f 2490 2487 2491
f 2487 2489 2491
f 2491 2489 2492
f 2493 2492 2494
f 2492 2489 2494
f 2494 2489 2495
f 2489 2488 2495
f 2495 2488 2496
f 2488 2486 2496
f 2496 2486 2497
f 2486 2428 2497
f 2497 2428 2498
f 2428 2427 2498
f 2498 2427 2499
f 2500 2501 2502
f 2501 2503 2502
f 2502 2503 2504
f 2503 2505 2504
f 2504 2505 2506
f 2505 2507 2506
f 2506 2507 2508
f 2483 2485 2509
f 2485 2510 2509
f 2509 2510 2511
f 2510 2512 2511
f 2511 2512 2513
f 2512 2514 2513
f 2513 2514 2515
f 2514 2516 2515
f 2515 2516 2517
f 2518 2479 2519
f 2479 2480 2519
f 2519 2480 2520
f 2521 2522 2523
f 2477 2524 2478
f 2524 2525 2478
f 2478 2525 2480
f 2525 2423 2480
f 2480 2423 2520
f 2423 2425 2520
f 2520 2425 2526
f 2501 2483 2503
f 2483 2509 2503
f 2503 2509 2505
f 2509 2511 2505
f 2505 2511 2507
f 2511 2513 2507
f 2507 2513 2527
f 2513 2515 2527
f 2527 2515 2528
f 2515 2517 2528
f 2528 2517 2529
f 2508 2507 2530
f 2507 2527 2530
f 2530 2527 2531
f 2527 2528 2531
f 2531 2528 2532
f 2528 2529 2532
f 2532 2529 2533
f 2534 2500 2535
f 2500 2502 2535
f 2535 2502 2536
f 2502 2504 2536
f 2536 2504 2537
f 2504 2506 2537
f 2537 2506 2538
f 2506 2508 2538
f 2538 2508 2539
f 2508 2530 2539
f 2539 2530 2540
f 2530 2531 2540
f 2540 2531 2541
f 2531 2532 2541
f 2541 2532 2542
f 2532 2533 2542
f 2542 2533 2543
f 2444 2446 2445
f 2446 2448 2445
f 2445 2448 2476
f 2448 2544 2476
f 2476 2544 2545
f 2544 2546 2545
f 2545 2546 2547
f 2429 2431 2475
f 2431 2433 2475
f 2475 2433 2477
f 2433 2454 2477
f 2477 2454 2524
f 2454 2476 2524
f 2524 2476 2525
f 2476 2545 2525
f 2525 2545 2423
f 2545 2547 2423
f 2423 2547 2424
f 2412 2414 2548
f 2549 2408 2550
f 2414 2416 2548
f 2416 2551 2548
f 2548 2551 2552
f 2551 2553 2552
f 2552 2553 2554
f 2553 2555 2554
f 2554 2555 2556
f 2555 2557 2556
f 2556 2557 2558
f 2557 2559 2558
f 2558 2559 2560
f 2559 2561 2560
f 2560 2561 2562
f 2561 2563 2562
f 2562 2563 2564
f 2412 2548 2413
f 2548 2552 2413
f 2413 2552 2565
f 2552 2554 2565
f 2565 2554 2566
f 2554 2556 2566
f 2566 2556 2567
f 2556 2558 2567
f 2567 2558 2568
f 2558 2560 2568
f 2568 2560 2569
f 2560 2562 2569
f 2569 2562 2570
f 2562 2564 2570
f 2570 2564 2571
f 2572 2573 2574
f 2573 2575 2574
f 2574 2575 2576
f 2575 2577 2576
f 2577 2578 2579
f 2578 2580 2579
f 2579 2580 2581
f 2580 2582 2581
f 2581 2582 2583
f 2582 2584 2583
f 2583 2584 2585
f 2577 2575 2578
f 2575 2586 2578
f 2578 2586 2580
f 2586 2587 2580
f 2580 2587 2582
f 2407 2588 2589
f 2588 2590 2589
f 2572 2405 2573
f 2405 2407 2573
f 2573 2407 2575
f 2407 2589 2575
f 2575 2589 2586
f 2589 2590 2586
f 2586 2590 2587
f 2591 2592 2593
f 2592 2594 2593
f 2593 2594 2595
f 2596 2591 2406
f 2591 2593 2406
f 2406 2593 2407
f 2593 2595 2407
f 2407 2595 2588
f 2594 2597 2595
f 2597 2598 2595
f 2595 2598 2588
f 2598 2599 2588
f 2588 2599 2590
f 2599 2600 2590
f 2590 2600 2587
f 2600 2601 2587
f 2587 2601 2582
f 2601 2602 2582
f 2582 2602 2584
f 2603 2402 2604
f 2605 2606 2607
f 2606 2608 2607
f 2607 2608 2609
f 2605 2610 2606
f 2610 2611 2606
f 2606 2611 2612
f 2611 2613 2612
f 2613 2614 2612
f 2612 2614 2596
f 2614 2615 2596
f 2596 2615 2591
f 2615 2616 2591
f 2591 2616 2592
f 2617 2571 2618
f 2571 2564 2618
f 2618 2564 2619
f 2564 2563 2619
f 2619 2563 2620
f 2563 2561 2620
f 2620 2561 2621
f 2561 2559 2621
f 2621 2559 2622
f 2559 2557 2622
f 2622 2557 2623
f 2557 2555 2623
f 2623 2555 2624
f 2555 2553 2624
f 2624 2553 2625
f 2553 2551 2625
f 2625 2551 2626
f 2551 2416 2626
f 2626 2416 2627
f 2416 2415 2627
f 2627 2415 2417
f 2417 2419 2627
f 2419 2628 2627
f 2627 2628 2626
f 2628 2629 2626
f 2626 2629 2625
f 2629 2630 2625
f 2625 2630 2624
f 2630 2631 2624
f 2624 2631 2623
f 2631 2632 2623
f 2623 2632 2622
f 2632 2633 2622
f 2622 2633 2621
f 2633 2634 2621
f 2621 2634 2620
f 2634 2635 2620
f 2620 2635 2619
f 2635 2401 2619
f 2619 2401 2618
f 2401 2400 2618
f 2618 2400 2617
f 2408 2410 2550
f 2410 2636 2550
f 2550 2636 2637
f 2636 2638 2637
f 2637 2638 2639
f 2638 2640 2639
f 2639 2640 2641
f 2640 2642 2641
f 2641 2642 2643
f 2642 2644 2643
f 2643 2644 2645
f 2644 2646 2645
f 2645 2646 2647
f 2646 2648 2647
f 2647 2648 2649
f 2648 2650 2649
f 2649 2650 2651
f 2650 2652 2651
f 2651 2652 2653
f 2654 2653 2655
f 2653 2652 2655
f 2655 2652 2656
f 2652 2650 2656
f 2656 2650 2657
f 2650 2648 2657
f 2657 2648 2658
f 2648 2646 2658
f 2658 2646 2659
f 2646 2644 2659
f 2659 2644 2660
f 2644 2642 2660
f 2660 2642 2661
f 2642 2640 2661
f 2661 2640 2662
f 2640 2638 2662
f 2662 2638 2663
f 2638 2636 2663
f 2663 2636 2664
f 2636 2410 2664
f 2664 2410 2665
f 2410 2409 2665
f 2665 2409 2411
f 2549 2550 2666
f 2550 2637 2666
f 2666 2637 2667
f 2637 2639 2667
f 2667 2639 2668
f 2639 2641 2668
f 2668 2641 2669
f 2641 2643 2669
f 2669 2643 2670
f 2643 2645 2670
f 2670 2645 2671
f 2645 2647 2671
f 2671 2647 2672
f 2647 2649 2672
f 2672 2649 2673
f 2649 2651 2673
f 2673 2651 2674
f 2651 2653 2674
f 2674 2653 2675
f 2653 2654 2675
f 2675 2654 2676
f 2677 2678 2679
f 2678 2393 2679
f 2394 2393 2680
f 2393 2678 2680
f 2680 2678 2681
f 2421 2420 2682
f 2420 2683 2682
f 2682 2683 2684
f 2683 2685 2684
f 2684 2685 2686
f 2685 2687 2686
f 2686 2687 2688
f 2635 2689 2401
f 2689 2690 2401
f 2401 2690 2399
f 2690 2691 2399
f 2399 2691 2398
f 2691 2692 2398
f 2398 2692 2396
f 2692 2693 2396
f 2522 2521 2694
f 2521 2695 2694
f 2694 2695 2696
f 2695 2697 2696
f 2696 2697 2422
f 2697 2677 2422
f 2422 2677 2420
f 2677 2679 2420
f 2420 2679 2683
f 2679 2393 2683
f 2683 2393 2685
f 2393 2395 2685
f 2685 2395 2687
f 2411 2413 2665
f 2413 2565 2665
f 2665 2565 2664
f 2565 2566 2664
f 2664 2566 2663
f 2566 2567 2663
f 2663 2567 2662
f 2567 2568 2662
f 2662 2568 2661
f 2568 2569 2661
f 2661 2569 2660
f 2569 2570 2660
f 2660 2570 2659
f 2570 2571 2659
f 2659 2571 2658
f 2571 2617 2658
f 2658 2617 2657
f 2617 2400 2657
f 2657 2400 2656
f 2400 2399 2656
f 2656 2399 2655
f 2399 2398 2655
f 2655 2398 2654
f 2398 2397 2654
f 2654 2397 2676
f 2698 2699 2700
f 2699 2701 2700
f 2700 2701 2702
f 2703 2704 2705
f 2704 2706 2705
f 2705 2706 2707
f 2706 2708 2707
f 2707 2708 2709
f 2708 2710 2709
f 2709 2710 2711
f 2710 2712 2711
f 2711 2712 2713
f 2712 2714 2713
f 2713 2714 2715
f 2714 2716 2715
f 2715 2716 2717
f 2716 2718 2717
f 2717 2718 2719
f 2718 2720 2719
f 2719 2720 2721
f 2720 2722 2721
f 2721 2722 2723
f 2722 2724 2723
f 2723 2724 2725
f 2724 2726 2725
f 2725 2726 2727
f 2726 2728 2727
f 2727 2728 2729
f 2728 2730 2729
f 2729 2730 2731
f 2732 2703 2693
f 2703 2705 2693
f 2693 2705 2396
f 2705 2707 2396
f 2396 2707 2397
f 2707 2709 2397
f 2397 2709 2676
f 2709 2711 2676
f 2676 2711 2675
f 2711 2713 2675
f 2675 2713 2674
f 2713 2715 2674
f 2674 2715 2673
f 2715 2717 2673
f 2673 2717 2672
f 2717 2719 2672
f 2672 2719 2671
f 2719 2721 2671
f 2671 2721 2670
f 2721 2723 2670
f 2670 2723 2669
f 2723 2725 2669
f 2669 2725 2668
f 2725 2727 2668
f 2668 2727 2667
f 2727 2729 2667
f 2667 2729 2666
f 2729 2731 2666
f 2666 2731 2549
f 2418 2534 2419
f 2534 2535 2419
f 2419 2535 2628
f 2535 2536 2628
f 2628 2536 2629
f 2536 2537 2629
f 2629 2537 2630
f 2537 2538 2630
f 2630 2538 2631
f 2538 2539 2631
f 2631 2539 2632
f 2539 2540 2632
f 2632 2540 2633
f 2540 2541 2633
f 2633 2541 2634
f 2541 2542 2634
f 2634 2542 2635
f 2542 2543 2635
f 2635 2543 2689
f 2543 2733 2689
f 2689 2733 2690
f 2733 2734 2690
f 2690 2734 2691
f 2734 2735 2691
f 2691 2735 2692
f 2735 2736 2692
f 2692 2736 2693
f 2736 2737 2693
f 2693 2737 2732
f 2737 2738 2732
f 2732 2738 2739
f 2402 2404 2604
f 2404 2740 2604
f 2604 2740 2741
f 2740 2742 2741
f 2741 2742 2743
f 2742 2744 2743
f 2743 2744 2745
f 2744 2746 2745
f 2745 2746 2747
f 2746 2748 2747
f 2747 2748 2749
f 2748 2750 2749
f 2749 2750 2751
f 2750 2752 2751
f 2751 2752 2753
f 2752 2754 2753
f 2753 2754 2755
f 2603 2604 2756
f 2604 2741 2756
f 2756 2741 2757
f 2741 2743 2757
f 2757 2743 2758
f 2743 2745 2758
f 2758 2745 2759
f 2745 2747 2759
f 2759 2747 2760
f 2747 2749 2760
f 2760 2749 2761
f 2749 2751 2761
f 2761 2751 2762
f 2751 2753 2762
f 2762 2753 2763
f 2753 2755 2763
f 2763 2755 2764
f 2572 2403 2405
f 2403 2402 2405
f 2405 2402 2406
f 2402 2603 2406
f 2406 2603 2596
f 2603 2756 2596
f 2596 2756 2612
f 2756 2757 2612
f 2612 2757 2606
f 2757 2758 2606
f 2606 2758 2608
f 2758 2759 2608
f 2608 2759 2765
f 2759 2760 2765
f 2765 2760 2766
f 2760 2761 2766
f 2766 2761 2699
f 2761 2762 2699
f 2699 2762 2701
f 2762 2763 2701
f 2701 2763 2767
f 2763 2764 2767
f 2767 2764 2392
f 2768 2769 2770
f 2769 2771 2770
f 2770 2771 2772
f 2771 2739 2772
f 2773 2390 2774
f 2390 2392 2774
f 2774 2392 2775
f 2392 2764 2775
f 2775 2764 2776
f 2764 2755 2776
f 2776 2755 2777
f 2755 2754 2777
f 2771 2778 2739
f 2778 2779 2739
f 2739 2779 2732
f 2779 2780 2732
f 2732 2780 2703
f 2780 2781 2703
f 2703 2781 2704
f 2781 2782 2704
f 2704 2782 2706
f 2782 2783 2706
f 2706 2783 2708
f 2783 2784 2708
f 2708 2784 2710
f 2784 2785 2710
f 2710 2785 2712
f 2785 2786 2712
f 2712 2786 2714
f 2786 2787 2714
f 2714 2787 2716
f 2787 2788 2716
f 2716 2788 2718
f 2788 2789 2718
f 2718 2789 2720
f 2789 2790 2720
f 2720 2790 2722
f 2790 2791 2722
f 2722 2791 2724
f 2791 2792 2724
f 2724 2792 2726
f 2792 2793 2726
f 2726 2793 2728
f 2793 2794 2728
f 2728 2794 2730
f 2391 2795 2392
f 2795 2796 2392
f 2392 2796 2767
f 2796 2797 2767
f 2767 2797 2701
f 2797 2798 2701
f 2701 2798 2702
f 2516 2523 2517
f 2523 2522 2517
f 2517 2522 2529
f 2522 2694 2529
f 2529 2694 2533
f 2694 2696 2533
f 2533 2696 2543
f 2696 2422 2543
f 2543 2422 2733
f 2422 2421 2733
f 2733 2421 2734
f 2421 2682 2734
f 2734 2682 2735
f 2682 2684 2735
f 2735 2684 2736
f 2684 2686 2736
f 2736 2686 2737
f 2686 2688 2737
f 2737 2688 2738
f 2698 2799 2699
f 2799 2800 2699
f 2699 2800 2766
f 2800 2801 2766
f 2766 2801 2765
f 2801 2802 2765
f 2765 2802 2608
f 2802 2803 2608
f 2608 2803 2609
f 2804 2805 2806
f 2321 2319 2807
f 2806 2805 2808
f 2805 2388 2808
f 2808 2388 2809
f 2388 2387 2809
f 2809 2387 2810
f 2389 2388 2811
f 2388 2805 2811
f 2811 2805 2812
f 2805 2804 2812
f 2812 2804 2813
f 2814 2815 2816
f 2814 2817 2818
f 2324 2322 2819
f 2322 2820 2819
f 2819 2820 2821
f 2820 2822 2821
f 2821 2822 2823
f 2822 2824 2823
f 2823 2824 2825
f 2824 2826 2825
f 2825 2826 2827
f 2827 2828 2825
f 2828 2829 2825
f 2825 2829 2823
f 2829 2830 2823
f 2823 2830 2821
f 2830 2831 2821
f 2821 2831 2819
f 2831 2832 2819
f 2819 2832 2324
f 2827 2833 2828
f 2833 2834 2828
f 2828 2834 2829
f 2834 2835 2829
f 2829 2835 2830
f 2835 2836 2830
f 2830 2836 2831
f 2836 2837 2831
f 2831 2837 2832
f 2837 2838 2832
f 2832 2838 2324
f 2838 2325 2324
f 2833 2839 2834
f 2839 2840 2834
f 2834 2840 2835
f 2840 2841 2835
f 2835 2841 2836
f 2841 2842 2836
f 2836 2842 2837
f 2842 2843 2837
f 2837 2843 2838
f 2843 2844 2838
f 2838 2844 2325
f 2844 2327 2325
f 2839 2845 2840
f 2845 2846 2840
f 2840 2846 2841
f 2846 2847 2841
f 2841 2847 2842
f 2847 2848 2842
f 2842 2848 2843
f 2848 2849 2843
f 2843 2849 2844
f 2849 2850 2844
f 2844 2850 2327
f 2850 2328 2327
f 2826 2815 2827
f 2815 2814 2827
f 2827 2814 2833
f 2814 2818 2833
f 2833 2818 2839
f 2818 2851 2839
f 2839 2851 2845
f 2851 2852 2845
f 2845 2852 2846
f 2852 2853 2846
f 2846 2853 2847
f 2853 2854 2847
f 2847 2854 2848
f 2854 2855 2848
f 2848 2855 2849
f 2855 2856 2849
f 2849 2856 2850
f 2856 2857 2850
f 2850 2857 2328
f 2857 2330 2328
f 2858 2859 2860
f 2859 2861 2860
f 2860 2861 2862
f 2861 2863 2862
f 2862 2863 2864
f 2863 2865 2864
f 2864 2865 2866
f 2865 2867 2866
f 2866 2867 2868
f 2867 2869 2868
f 2868 2869 2870
f 2869 2871 2870
f 2870 2871 2331
f 2871 2333 2331
f 2334 2333 2872
f 2333 2871 2872
f 2872 2871 2873
f 2871 2869 2873
f 2873 2869 2874
f 2869 2867 2874
f 2874 2867 2875
f 2867 2865 2875
f 2875 2865 2876
f 2865 2863 2876
f 2876 2863 2877
f 2863 2861 2877
f 2877 2861 2878
f 2861 2859 2878
f 2878 2859 2879
f 2859 2858 2879
f 2879 2858 2880
f 2881 2882 2883
f 2882 2884 2883
f 2883 2884 2885
f 2884 2886 2885
f 2885 2886 2887
f 2886 2888 2887
f 2887 2888 2889
f 2888 2890 2889
f 2889 2890 2891
f 2890 2892 2891
f 2891 2892 2893
f 2892 2894 2893
f 2893 2894 2895
f 2894 2896 2895
f 2895 2896 2336
f 2896 2337 2336
f 2339 2337 2897
f 2337 2896 2897
f 2897 2896 2898
f 2896 2894 2898
f 2898 2894 2899
f 2894 2892 2899
f 2899 2892 2900
f 2892 2890 2900
f 2900 2890 2901
f 2890 2888 2901
f 2901 2888 2902
f 2888 2886 2902
f 2902 2886 2903
f 2886 2884 2903
f 2903 2884 2904
f 2884 2882 2904
f 2904 2882 2905
f 2882 2881 2905
f 2905 2881 2906
f 2907 2908 2909
f 2908 2910 2909
f 2909 2910 2911
f 2910 2912 2911
f 2911 2912 2913
f 2912 2914 2913
f 2913 2914 2915
f 2914 2916 2915
f 2915 2916 2917
f 2916 2918 2917
f 2917 2918 2919
f 2918 2920 2919
f 2919 2920 2921
f 2920 2922 2921
f 2921 2922 2923
f 2922 2924 2923
f 2923 2924 2340
f 2924 2342 2340
f 2343 2342 2925
f 2342 2924 2925
f 2925 2924 2926
f 2924 2922 2926
f 2926 2922 2927
f 2922 2920 2927
f 2927 2920 2928
f 2920 2918 2928
f 2928 2918 2929
f 2918 2916 2929
f 2929 2916 2930
f 2916 2914 2930
f 2930 2914 2931
f 2914 2912 2931
f 2931 2912 2932
f 2912 2910 2932
f 2932 2910 2933
f 2910 2908 2933
f 2933 2908 2934
f 2908 2907 2934
f 2934 2907 2935
f 2936 2937 2938
f 2938 2939 2386
f 2384 2940 2385
f 2940 2937 2385
f 2385 2937 2941
f 2937 2936 2941
f 2941 2936 2942
f 2940 2943 2937
f 2943 2944 2937
f 2937 2944 2938
f 2944 2945 2938
f 2938 2945 2939
f 2946 2947 2948
f 2947 2949 2948
f 2948 2949 2950
f 2949 2951 2950
f 2950 2951 2952
f 2951 2953 2952
f 2952 2953 2954
f 2955 2956 2946
f 2956 2957 2946
f 2946 2957 2947
f 2957 2958 2947
f 2947 2958 2959
f 2367 2960 2961
f 2960 2962 2961
f 2961 2962 2963
f 2962 2964 2963
f 2963 2964 2965
f 2964 2966 2965
f 2965 2966 2967
f 2966 2968 2967
f 2967 2968 2969
f 2968 2970 2969
f 2969 2970 2971
f 2367 2366 2960
f 2366 2972 2960
f 2960 2972 2973
f 2973 2955 2960
f 2955 2946 2960
f 2960 2946 2962
f 2946 2948 2962
f 2962 2948 2964
f 2948 2950 2964
f 2964 2950 2966
f 2950 2952 2966
f 2966 2952 2968
f 2952 2954 2968
f 2968 2954 2970
f 2959 2383 2947
f 2383 2385 2947
f 2947 2385 2949
f 2385 2941 2949
f 2949 2941 2951
f 2941 2942 2951
f 2951 2942 2953
f 2974 2975 2976
f 2975 2977 2976
f 2976 2977 2978
f 2977 2979 2978
f 2978 2979 2980
f 2979 2981 2980
f 2980 2981 2982
f 2981 2983 2982
f 2982 2983 2984
f 2983 2985 2984
f 2984 2985 2986
f 2985 2987 2986
f 2986 2987 2988
f 2987 2989 2988
f 2988 2989 2990
f 2989 2991 2990
f 2990 2991 2992
f 2991 2993 2992
f 2992 2993 2994
f 2993 2995 2994
f 2994 2995 2346
f 2995 2351 2346
f 2350 2351 2996
f 2351 2995 2996
f 2996 2995 2997
f 2995 2993 2997
f 2997 2993 2998
f 2993 2991 2998
f 2998 2991 2999
f 2991 2989 2999
f 2999 2989 3000
f 2989 2987 3000
f 3000 2987 3001
f 2987 2985 3001
f 3001 2985 3002
f 2985 2983 3002
f 3002 2983 3003
f 2983 2981 3003
f 3003 2981 3004
f 2981 2979 3004
f 3004 2979 3005
f 2979 2977 3005
f 3005 2977 3006
f 2977 2975 3006
f 3006 2975 3007
f 2975 2974 3007
f 3007 2974 3008
f 3009 3010 3011
f 3010 3012 3011
f 3011 3012 3013
f 3012 3014 3013
f 3013 3014 3015
f 3014 3016 3015
f 3015 3016 3017
f 3016 3018 3017
f 3017 3018 3019
f 3018 3020 3019
f 3019 3020 3021
f 3020 3022 3021
f 3021 3022 3023
f 3022 3024 3023
f 3023 3024 3025
f 3024 3026 3025
f 3025 3026 3027
f 3026 3028 3027
f 3027 3028 3029
f 3028 3030 3029
f 3029 3030 3031
f 3030 3032 3031
f 3031 3032 2348
f 3032 2355 2348
f 2354 2355 3033
f 2355 3032 3033
f 3033 3032 3034
f 3032 3030 3034
f 3034 3030 3035
f 3030 3028 3035
f 3035 3028 3036
f 3028 3026 3036
f 3036 3026 3037
f 3026 3024 3037
f 3037 3024 3038
f 3024 3022 3038
f 3038 3022 3039
f 3022 3020 3039
f 3039 3020 3040
f 3020 3018 3040
f 3040 3018 3041
f 3018 3016 3041
f 3041 3016 3042
f 3016 3014 3042
f 3042 3014 3043
f 3014 3012 3043
f 3043 3012 3044
f 3012 3010 3044
f 3044 3010 3045
f 3010 3009 3045
f 3045 3009 3046
f 3047 3048 3049
f 3048 3047 3050
f 3047 3051 3050
f 3050 3051 3052
f 3052 3051 3053
f 3051 3054 3053
f 3053 3054 3055
f 3056 3057 3058
f 3058 2377 3056
f 2377 2379 3056
f 3056 2379 3059
f 2379 3060 3059
f 3059 3060 3061
f 3060 3062 3061
f 3061 3062 3063
f 3062 3064 3063
f 3063 3064 3065
f 3064 3066 3065
f 3065 3066 3067
f 3066 3068 3067
f 3067 3068 3069
f 3068 3070 3069
f 3069 3070 3071
f 3070 3072 3071
f 3071 3072 3073
f 2382 2381 3074
f 2381 3075 3074
f 3074 3075 3076
f 3075 3077 3076
f 3076 3077 3078
f 3077 3079 3078
f 3078 3079 3080
f 3079 3081 3080
f 3080 3081 3082
f 3081 3083 3082
f 3082 3083 3084
f 3083 3085 3084
f 3084 3085 3086
f 3085 3087 3086
f 3086 3087 3088
f 3087 3089 3088
f 3088 3089 2376
f 3089 3090 2376
f 2376 3090 2374
f 2375 3057 2376
f 3057 3056 2376
f 2376 3056 3088
f 3056 3059 3088
f 3088 3059 3086
f 3059 3061 3086
f 3086 3061 3084
f 3061 3063 3084
f 3084 3063 3082
f 3063 3065 3082
f 3082 3065 3080
f 3065 3067 3080
f 3080 3067 3078
f 3067 3069 3078
f 3078 3069 3076
f 3069 3071 3076
f 3076 3071 3074
f 3071 3073 3074
f 3074 3073 2382
f 3055 3054 3091
f 3054 3092 3091
f 3091 3092 3093
f 3093 3092 3094
f 3092 3095 3094
f 3094 3095 3096
f 3097 3098 3099
f 3098 3100 3099
f 3100 2371 3099
f 2371 2373 3099
f 3099 2373 3101
f 2373 3102 3101
f 3101 3102 3103
f 3102 3104 3103
f 3103 3104 3105
f 3104 3106 3105
f 3105 3106 3107
f 3106 3108 3107
f 3107 3108 3109
f 3108 3110 3109
f 3109 3110 3111
f 3110 3112 3111
f 3111 3112 3113
f 3112 3114 3113
f 3113 3114 3115
f 3114 3116 3115
f 3115 3116 3117
f 3116 3118 3117
f 3117 3118 3119
f 3118 3120 3119
f 3119 3120 3121
f 3120 3122 3121
f 3121 3122 3123
f 3096 3095 3124
f 3095 3125 3124
f 3124 3125 3126
f 3127 3128 3129
f 3126 3125 3129
f 3125 3130 3129
f 3129 3130 3127
f 3131 3132 3133
f 3134 3135 3136
f 3135 3137 3136
f 3136 3137 3138
f 3137 3139 3138
f 3138 3139 3140
f 3139 3131 3140
f 3140 3131 2370
f 3131 3133 2370
f 2370 3133 2368
f 3128 3097 3129
f 3097 3099 3129
f 3129 3099 3126
f 3099 3101 3126
f 3126 3101 3124
f 3101 3103 3124
f 3124 3103 3096
f 3103 3105 3096
f 3096 3105 3094
f 3105 3107 3094
f 3094 3107 3093
f 3107 3109 3093
f 3093 3109 3091
f 3109 3111 3091
f 3091 3111 3055
f 3111 3113 3055
f 3055 3113 3053
f 3113 3115 3053
f 3053 3115 3052
f 3115 3117 3052
f 3052 3117 3050
f 3117 3119 3050
f 3050 3119 3048
f 3119 3121 3048
f 3048 3121 3049
f 3121 3123 3049
f 3049 3123 3141
f 3142 3143 3090
f 3143 3144 3090
f 3090 3144 2374
f 2372 3142 2373
f 3142 3090 2373
f 2373 3090 3102
f 3090 3089 3102
f 3102 3089 3104
f 3089 3087 3104
f 3104 3087 3106
f 3087 3085 3106
f 3106 3085 3108
f 3085 3083 3108
f 3108 3083 3110
f 3083 3081 3110
f 3110 3081 3112
f 3081 3079 3112
f 3112 3079 3114
f 3079 3077 3114
f 3114 3077 3116
f 3077 3075 3116
f 3116 3075 3118
f 3075 2381 3118
f 3118 2381 3120
f 2381 2380 3120
f 3120 2380 3122
f 2378 2365 2379
f 2365 2367 2379
f 2379 2367 3060
f 2367 2961 3060
f 3060 2961 3062
f 2961 2963 3062
f 3062 2963 3064
f 2963 2965 3064
f 3064 2965 3066
f 2965 2967 3066
f 3066 2967 3068
f 2967 2969 3068
f 3068 2969 3070
f 2969 2971 3070
f 3070 2971 3072
f 3145 2283 2282
f 2288 2287 3146
f 2287 3147 3146
f 2362 2364 2363
f 2364 2278 2363
f 2363 2278 3148
f 2278 2276 3148
f 3148 2276 2436
f 2276 2274 2436
f 2436 2274 2467
f 2274 2273 2467
f 2435 2437 2436
f 2437 2439 2436
f 2436 2439 3148
f 2439 3149 3148
f 3148 3149 2363
f 3149 3150 2363
f 2363 3150 2361
f 3150 3151 2361
f 2290 2288 2360
f 2288 3146 2360
f 2360 3146 3152
f 3146 3147 3152
f 3152 3147 3153
f 3147 3154 3153
f 3155 2298 2296
f 3156 2357 3157
f 2357 2356 3157
f 3157 2356 3158
f 3159 3156 3160
f 3156 3157 3160
f 3160 3157 3161
f 3157 3158 3161
f 3161 3158 3162
f 2301 2298 3163
f 2298 3155 3163
f 3163 3155 3164
f 3165 2306 3166
f 2306 2305 3166
f 3166 2305 3167
f 2305 2303 3167
f 3167 2303 2302
f 2807 2319 3168
f 2319 2318 3168
f 3168 2318 3169
f 2318 2316 3169
f 3169 2316 3170
f 2316 2315 3170
f 3170 2315 3171
f 2315 2313 3171
f 3171 2313 3172
f 2313 2312 3172
f 3172 2312 3173
f 2312 2310 3173
f 3173 2310 3174
f 2310 2309 3174
f 3174 2309 3165
f 2309 2306 3165
f 3165 2306 2306
f 2806 3175 2804
f 3175 3176 2804
f 2804 3176 2813
f 3176 3177 2813
f 2813 3177 3178
f 3177 3179 3178
f 3178 3179 3180
f 3179 3181 3180
f 3180 3181 3182
f 3167 3182 3166
f 3182 3181 3166
f 3166 3181 3165
f 3181 3179 3165
f 3165 3179 3174
f 3179 3177 3174
f 3174 3177 3173
f 3177 3176 3173
f 3173 3176 3172
f 3176 3175 3172
f 3172 3175 3171
f 3175 2806 3171
f 3171 2806 3170
f 2806 2808 3170
f 3170 2808 3169
f 2808 2809 3169
f 3169 2809 3168
f 2809 2810 3168
f 3168 2810 2807
f 3183 2358 3184
f 2358 2357 3184
f 3184 2357 3185
f 2357 3156 3185
f 3185 3156 3186
f 3156 3159 3186
f 3186 3159 3187
f 3188 3183 3189
f 3183 3184 3189
f 3189 3184 3190
f 3184 3185 3190
f 3190 3185 3191
f 3185 3186 3191
f 3191 3186 3192
f 3186 3187 3192
f 3192 3187 3193
f 2817 2814 3194
f 2814 2816 3194
f 3194 2816 3195
f 2816 3196 3195
f 3195 3196 3197
f 3196 3198 3197
f 3197 3198 3199
f 3198 3200 3199
f 3199 3200 3201
f 3200 3202 3201
f 3201 3202 3203
f 3202 3164 3203
f 3203 3164 3204
f 3164 3155 3204
f 3204 3155 2359
f 3155 2296 2359
f 2359 2296 2295
f 3205 3206 3207
f 3206 3208 3207
f 3207 3208 3209
f 3208 3188 3209
f 3209 3188 3210
f 3188 3189 3210
f 3210 3189 3211
f 3189 3190 3211
f 3211 3190 3212
f 3190 3191 3212
f 3212 3191 3213
f 3191 3192 3213
f 3213 3192 3214
f 3192 3193 3214
f 3214 3193 3215
f 2293 3162 2359
f 3162 3158 2359
f 2359 3158 3204
f 3158 2356 3204
f 3204 2356 3203
f 2356 2358 3203
f 3203 2358 3201
f 2358 3183 3201
f 3201 3183 3199
f 3183 3188 3199
f 3199 3188 3197
f 3188 3208 3197
f 3197 3208 3195
f 3208 3206 3195
f 3195 3206 3194
f 3206 3205 3194
f 3194 3205 2817
f 2322 2321 2820
f 2321 2807 2820
f 2820 2807 2822
f 2807 2810 2822
f 2822 2810 2824
f 2810 2387 2824
f 2824 2387 2826
f 2387 2389 2826
f 2826 2389 2815
f 2389 2811 2815
f 2815 2811 2816
f 2811 2812 2816
f 2816 2812 3196
f 2812 2813 3196
f 3196 2813 3198
f 2813 3178 3198
f 3198 3178 3200
f 3178 3180 3200
f 3200 3180 3202
f 3180 3182 3202
f 3202 3182 3164
f 3182 3167 3164
f 3164 3167 3163
f 3167 2302 3163
f 3163 2302 2301
f 3147 3216 3154
f 3216 3217 3154
f 3154 3217 3218
f 3217 3219 3218
f 3218 3219 3220
f 3219 3221 3220
f 3222 3223 3224
f 3223 3225 3224
f 3224 3225 3226
f 3225 3227 3226
f 3226 3227 3228
f 3227 3229 3228
f 3228 3229 3230
f 3229 3231 3230
f 3230 3231 3232
f 3231 3233 3232
f 3232 3233 3145
f 3233 2285 3145
f 3145 2285 2283
f 3234 3222 3235
f 3222 3224 3235
f 3235 3224 3236
f 3224 3226 3236
f 3236 3226 3237
f 3226 3228 3237
f 3237 3228 3151
f 3228 3230 3151
f 3151 3230 2361
f 3230 3232 2361
f 2361 3232 2362
f 3232 3145 2362
f 2362 3145 2364
f 3145 2282 2364
f 2364 2282 2280
f 2441 2461 2442
f 2461 2460 2442
f 2442 2460 3238
f 2460 2459 3238
f 3238 2459 3239
f 2459 2458 3239
f 3239 2458 3240
f 2458 2473 3240
f 3240 2473 3241
f 2473 2471 3241
f 3241 2471 3242
f 2471 2469 3242
f 3242 2469 2499
f 2469 2468 2499
f 2499 2468 2498
f 2468 2430 2498
f 2498 2430 2497
f 2430 2429 2497
f 2497 2429 2496
f 2429 2474 2496
f 2496 2474 2495
f 2474 2479 2495
f 2495 2479 2494
f 2479 2518 2494
f 2494 2518 2493
f 3223 3221 3225
f 3221 3219 3225
f 3225 3219 3227
f 3219 3217 3227
f 3227 3217 3229
f 3217 3216 3229
f 3229 3216 3231
f 3216 3147 3231
f 3231 3147 3233
f 3147 2287 3233
f 3233 2287 2285
f 2336 2334 2895
f 2334 2872 2895
f 2895 2872 2893
f 2872 2873 2893
f 2893 2873 2891
f 2873 2874 2891
f 2891 2874 2889
f 2874 2875 2889
f 2889 2875 2887
f 2875 2876 2887
f 2887 2876 2885
f 2876 2877 2885
f 2885 2877 2883
f 2877 2878 2883
f 2883 2878 2881
f 2878 2879 2881
f 2881 2879 2906
f 2879 2880 2906
f 2906 2880 3243
f 2880 3244 3243
f 3243 3244 3245
f 3244 3246 3245
f 3245 3246 3247
f 3246 3248 3247
f 3247 3248 3249
f 3248 3250 3249
f 3249 3250 3251
f 3250 3252 3251
f 3251 3252 3253
f 3252 3254 3253
f 3253 3254 3255
f 3254 3256 3255
f 3255 3256 3257
f 3256 3258 3257
f 3257 3258 3259
f 3258 3260 3259
f 3259 3260 3261
f 3260 3262 3261
f 3261 3262 3263
f 2345 2343 3264
f 2343 2925 3264
f 3264 2925 3265
f 2925 2926 3265
f 3265 2926 3266
f 2926 2927 3266
f 3266 2927 3267
f 2927 2928 3267
f 3267 2928 3268
f 2928 2929 3268
f 3268 2929 3269
f 2929 2930 3269
f 3269 2930 3270
f 2930 2931 3270
f 3270 2931 3271
f 2931 2932 3271
f 3271 2932 3272
f 2932 2933 3272
f 3272 2933 3273
f 2933 2934 3273
f 3273 2934 3274
f 2934 2935 3274
f 3274 2935 3275
f 2935 3276 3275
f 3275 3276 3277
f 3276 3278 3277
f 3277 3278 3279
f 3278 3280 3279
f 3279 3280 3281
f 3280 3282 3281
f 3281 3282 3283
f 3282 3284 3283
f 3283 3284 3285
f 3284 3286 3285
f 3285 3286 3287
f 3286 3288 3287
f 3287 3288 3289
f 3288 3290 3289
f 3289 3290 3291
f 3290 3292 3291
f 3291 3292 3293
f 3292 3294 3293
f 3293 3294 3295
f 3294 3296 3295
f 3295 3296 3297
f 3296 3298 3297
f 3297 3298 3299
f 2340 2339 2923
f 2339 2897 2923
f 2923 2897 2921
f 2897 2898 2921
f 2921 2898 2919
f 2898 2899 2919
f 2919 2899 2917
f 2899 2900 2917
f 2917 2900 2915
f 2900 2901 2915
f 2915 2901 2913
f 2901 2902 2913
f 2913 2902 2911
f 2902 2903 2911
f 2911 2903 2909
f 2903 2904 2909
f 2909 2904 2907
f 2904 2905 2907
f 2907 2905 2935
f 2905 2906 2935
f 2935 2906 3276
f 2906 3243 3276
f 3276 3243 3278
f 3243 3245 3278
f 3278 3245 3280
f 3245 3247 3280
f 3280 3247 3282
f 3247 3249 3282
f 3282 3249 3284
f 3249 3251 3284
f 3284 3251 3286
f 3251 3253 3286
f 3286 3253 3288
f 3253 3255 3288
f 3288 3255 3290
f 3255 3257 3290
f 3290 3257 3292
f 3257 3259 3292
f 3292 3259 3294
f 3259 3261 3294
f 3294 3261 3296
f 3261 3263 3296
f 3296 3263 3298
f 2293 2291 3162
f 2291 2360 3162
f 3162 2360 3161
f 2360 3152 3161
f 3161 3152 3160
f 3152 3153 3160
f 3160 3153 3159
f 3153 3154 3159
f 3159 3154 3187
f 3154 3218 3187
f 3187 3218 3193
f 3218 3220 3193
f 3193 3220 3215
f 3220 3221 3215
f 3215 3221 3300
f 3221 3223 3300
f 3300 3223 3301
f 3223 3222 3301
f 3301 3222 3302
f 3222 3234 3302
f 3302 3234 3303
f 2348 2350 3031
f 2350 2996 3031
f 3031 2996 3029
f 2996 2997 3029
f 3029 2997 3027
f 2997 2998 3027
f 3027 2998 3025
f 2998 2999 3025
f 3025 2999 3023
f 2999 3000 3023
f 3023 3000 3021
f 3000 3001 3021
f 3021 3001 3019
f 3001 3002 3019
f 3019 3002 3017
f 3002 3003 3017
f 3017 3003 3015
f 3003 3004 3015
f 3015 3004 3013
f 3004 3005 3013
f 3013 3005 3011
f 3005 3006 3011
f 3011 3006 3009
f 3006 3007 3009
f 3009 3007 3046
f 3007 3008 3046
f 3046 3008 3304
f 3008 3305 3304
f 3304 3305 3306
f 3305 3307 3306
f 3306 3307 3308
f 3307 3309 3308
f 3308 3309 3310
f 3309 3311 3310
f 3310 3311 3312
f 3311 3313 3312
f 3312 3313 3314
f 3313 3315 3314
f 3314 3315 3316
f 3315 3317 3316
f 3316 3317 3318
f 3317 3319 3318
f 3318 3319 3320
f 3319 3321 3320
f 3320 3321 3322
f 3321 3323 3322
f 3322 3323 3324
f 3323 3325 3324
f 3324 3325 3326
f 3325 3327 3326
f 3326 3327 3328
f 3329 3330 3331
f 3330 3332 3331
f 3331 3332 3333
f 3332 3334 3333
f 3333 3334 3335
f 3334 3336 3335
f 3335 3336 3337
f 3336 3338 3337
f 3337 3338 3339
f 3338 3340 3339
f 3339 3340 3341
f 3340 3342 3341
f 3341 3342 3343
f 3342 3344 3343
f 3343 3344 3345
f 3344 3346 3345
f 3345 3346 3347
f 3346 3348 3347
f 3347 3348 3349
f 3348 3350 3349
f 3349 3350 3351
f 3350 3352 3351
f 3351 3352 3353
f 3352 3354 3353
f 3353 3354 3355
f 3354 3356 3355
f 3355 3356 3141
f 3356 3357 3141
f 3141 3357 3049
f 3357 3358 3049
f 3049 3358 3047
f 3358 3134 3047
f 3047 3134 3051
f 3134 3136 3051
f 3051 3136 3054
f 3136 3138 3054
f 3054 3138 3092
f 3138 3140 3092
f 3092 3140 3095
f 3140 2370 3095
f 3095 2370 3125
f 2370 2369 3125
f 3125 2369 3130
f 2386 2354 2938
f 2354 3033 2938
f 2938 3033 2936
f 3033 3034 2936
f 2936 3034 2942
f 3034 3035 2942
f 2942 3035 2953
f 3035 3036 2953
f 2953 3036 2954
f 3036 3037 2954
f 2954 3037 2970
f 3037 3038 2970
f 2970 3038 2971
f 3038 3039 2971
f 2971 3039 3072
f 3039 3040 3072
f 3072 3040 3073
f 3040 3041 3073
f 3073 3041 2382
f 3041 3042 2382
f 2382 3042 2380
f 3042 3043 2380
f 2380 3043 3122
f 3043 3044 3122
f 3122 3044 3123
f 3044 3045 3123
f 3123 3045 3141
f 3045 3046 3141
f 3141 3046 3355
f 3046 3304 3355
f 3355 3304 3353
f 3304 3306 3353
f 3353 3306 3351
f 3306 3308 3351
f 3351 3308 3349
f 3308 3310 3349
f 3349 3310 3347
f 3310 3312 3347
f 3347 3312 3345
f 3312 3314 3345
f 3345 3314 3343
f 3314 3316 3343
f 3343 3316 3341
f 3316 3318 3341
f 3341 3318 3339
f 3318 3320 3339
f 3339 3320 3337
f 3320 3322 3337
f 3337 3322 3335
f 3322 3324 3335
f 3335 3324 3333
f 3324 3326 3333
f 3333 3326 3331
f 3326 3328 3331
f 3331 3328 3329
f 2346 2345 2994
f 2345 3264 2994
f 2994 3264 2992
f 3264 3265 2992
f 2992 3265 2990
f 3265 3266 2990
f 2990 3266 2988
f 3266 3267 2988
f 2988 3267 2986
f 3267 3268 2986
f 2986 3268 2984
f 3268 3269 2984
f 2984 3269 2982
f 3269 3270 2982
f 2982 3270 2980
f 3270 3271 2980
f 2980 3271 2978
f 3271 3272 2978
f 2978 3272 2976
f 3272 3273 2976
f 2976 3273 2974
f 3273 3274 2974
f 2974 3274 3008
f 3274 3275 3008
f 3008 3275 3305
f 3275 3277 3305
f 3305 3277 3307
f 3277 3279 3307
f 3307 3279 3309
f 3279 3281 3309
f 3309 3281 3311
f 3281 3283 3311
f 3311 3283 3313
f 3283 3285 3313
f 3313 3285 3315
f 3285 3287 3315
f 3315 3287 3317
f 3287 3289 3317
f 3317 3289 3319
f 3289 3291 3319
f 3319 3291 3321
f 3291 3293 3321
f 3321 3293 3323
f 3293 3295 3323
f 3323 3295 3325
f 3295 3297 3325
f 3325 3297 3327
f 3297 3299 3327
f 3327 3299 3328
f 3299 3359 3328
f 3328 3359 3329
f 3359 3360 3329
f 3329 3360 3330
f 2331 2330 2870
f 2330 2857 2870
f 2870 2857 2868
f 2857 2856 2868
f 2868 2856 2866
f 2856 2855 2866
f 2866 2855 2864
f 2855 2854 2864
f 2864 2854 2862
f 2854 2853 2862
f 2862 2853 2860
f 2853 2852 2860
f 2860 2852 2858
f 2852 2851 2858
f 2858 2851 2880
f 2851 2818 2880
f 2880 2818 3244
f 2818 2817 3244
f 3244 2817 3246
f 2817 3205 3246
f 3246 3205 3248
f 3205 3207 3248
f 3248 3207 3250
f 3207 3209 3250
f 3250 3209 3252
f 3209 3210 3252
f 3252 3210 3254
f 3210 3211 3254
f 3254 3211 3256
f 3211 3212 3256
f 3256 3212 3258
f 3212 3213 3258
f 3258 3213 3260
f 3213 3214 3260
f 3260 3214 3262
f 3214 3215 3262
f 3262 3215 3263
f 3215 3300 3263
f 3263 3300 3298
f 3300 3301 3298
f 3298 3301 3299
f 3301 3302 3299
f 3299 3302 3359
f 3302 3303 3359
f 3359 3303 3360
f 2768 3361 2769
f 3361 3362 2769
f 2769 3362 3363
f 2681 2678 3364
f 2678 2677 3364
f 3364 2677 3365
f 2677 2697 3365
f 3365 2697 3366
f 2697 2695 3366
f 3366 2695 2526
f 2695 2521 2526
f 2526 2521 2520
f 2521 2523 2520
f 2520 2523 2519
f 2523 2516 2519
f 2519 2516 2518
f 2516 2514 2518
f 2518 2514 2493
f 2514 2512 2493
f 2493 2512 2492
f 2512 2510 2492
f 2492 2510 2491
f 2510 2485 2491
f 2491 2485 2490
f 2485 2484 2490
f 2490 2484 2481
f 3134 2577 3135
f 2577 2579 3135
f 3135 2579 3137
f 2579 2581 3137
f 3137 2581 3139
f 2581 2583 3139
f 3139 2583 3131
f 2583 2585 3131
f 3131 2585 3132
f 3363 2773 2769
f 2773 2774 2769
f 2769 2774 2771
f 2774 2775 2771
f 2771 2775 2778
f 2775 2776 2778
f 2778 2776 2779
f 2776 2777 2779
f 2779 2777 2780
f 2777 2754 2780
f 2780 2754 2781
f 2754 2752 2781
f 2781 2752 2782
f 2752 2750 2782
f 2782 2750 2783
f 2750 2748 2783
f 2783 2748 2784
f 2748 2746 2784
f 2784 2746 2785
f 2746 2744 2785
f 2785 2744 2786
f 2744 2742 2786
f 2786 2742 2787
f 2742 2740 2787
f 2787 2740 2788
f 2740 2404 2788
f 2788 2404 2789
f 2404 2403 2789
f 2789 2403 2790
f 2403 2572 2790
f 2790 2572 2791
f 2572 2574 2791
f 2791 2574 2792
f 2574 2576 2792
f 2792 2576 2793
f 2576 2577 2793
f 2793 2577 2794
f 2577 3134 2794
f 2794 3134 2730
f 3134 3358 2730
f 2730 3358 2731
f 3358 3357 2731
f 2731 3357 2549
f 3357 3356 2549
f 2549 3356 2408
f 3356 3354 2408
f 2408 3354 2409
f 3354 3352 2409
f 2409 3352 2411
f 3352 3350 2411
f 2411 3350 2412
f 3350 3348 2412
f 2412 3348 2414
f 3348 3346 2414
f 2414 3346 2415
f 3346 3344 2415
f 2415 3344 2417
f 3344 3342 2417
f 2417 3342 2418
f 3342 3340 2418
f 2418 3340 2534
f 3340 3338 2534
f 2534 3338 2500
f 3338 3336 2500
f 2500 3336 2501
f 3336 3334 2501
f 2501 3334 2483
f 3334 3332 2483
f 2483 3332 2484
f 3332 3330 2484
f 2484 3330 2481
f 3330 3360 2481
f 2481 3360 2426
f 3360 3303 2426
f 2426 3303 2427
f 3303 3234 2427
f 2427 3234 2499
f 3234 3235 2499
f 2499 3235 3242
f 3235 3236 3242
f 3242 3236 3241
f 3236 3237 3241
f 3241 3237 3240
f 3237 3151 3240
f 3240 3151 3239
f 3151 3150 3239
f 3239 3150 3238
f 3150 3149 3238
f 3238 3149 2442
f 3149 2439 2442
f 2442 2439 2466
f 2439 2438 2466
f 3367 3368 3361
f 2451 3369 2450
f 3369 3370 2450
f 2450 3370 2448
f 3370 3371 2448
f 2448 3371 2544
f 3371 3372 2544
f 2544 3372 2546
f 3372 3373 2546
f 2546 3373 2547
f 3373 3374 2547
f 2547 3374 2424
f 3374 3375 2424
f 2424 3375 2425
f 3375 3376 2425
f 2425 3376 3377
f 2681 3364 3378
f 3364 3365 3378
f 3378 3365 3379
f 3365 3366 3379
f 3379 3366 3377
f 3366 2526 3377
f 3377 2526 2425
f 3378 3380 2681
f 3380 3381 2681
f 2681 3381 2680
f 3381 3382 2680
f 2680 3382 2394
f 3382 3383 2394
f 2394 3383 2395
f 3383 3384 2395
f 3384 3385 2395
f 2395 3385 2687
f 3385 3386 2687
f 2687 3386 2688
f 3386 3387 2688
f 2688 3387 2738
f 3361 2768 3367
f 2768 2770 3367
f 3367 2770 3388
f 2770 2772 3388
f 3388 2772 3389
f 2772 2739 3389
f 3389 2739 3390
f 2739 2738 3390
f 3390 2738 3391
f 2738 3387 3391
f 3392 3393 3394
f 3395 3396 3397
f 3398 3399 3400
f 3401 3402 3403
f 3404 3379 3377
f 3379 3404 3378
f 3405 3406 3407
f 3408 3409 3406
f 3410 3411 3409
f 3412 3413 3411
f 3414 3415 3416
f 3415 3417 3416
f 3418 3419 3420
f 3421 3422 3419
f 3423 3424 3422
f 3425 3426 3424
f 3427 3428 3426
f 3429 3430 3431
f 3430 3432 3431
f 3433 3434 3435
f 3389 3390 3436
f 3437 3438 3439
f 3386 3385 3440
f 3441 3442 3443
f 3444 3445 3446
f 3447 3448 3449
f 3450 3451 3452
f 3453 3454 3455
f 3456 3457 3458
f 3459 3460 3461
f 3462 3407 3463
f 3464 3465 3466
f 3467 3468 3469
f 3470 3471 3472
f 3473 3474 3475
f 3476 3477 3478
f 3479 3480 3481
f 3482 3483 3484
f 3485 3486 3487
f 3486 3488 3487
f 3487 3488 3489
f 3490 3491 3492
f 3493 3494 3495
f 3494 3493 3496
f 3497 3498 3493
f 3498 3499 3493
f 3493 3499 3496
f 3500 3501 3502
f 3501 3503 3502
f 3503 3504 3505
f 3504 3506 3505
f 3505 3506 3507
f 3508 3509 3510
f 3370 3369 3511
f 3511 3512 3508
f 3512 3513 3508
f 3508 3513 3509
f 3514 3515 3516
f 3515 3517 3516
f 3516 3517 3518
f 3517 3519 3518
f 3518 3519 3520
f 3519 3521 3520
f 3520 3521 3522
f 3521 3400 3522
f 3522 3523 3520
f 3523 3524 3520
f 3520 3524 3518
f 3524 3525 3518
f 3518 3525 3516
f 3525 3490 3516
f 3516 3490 3514
f 3490 3492 3514
f 3514 3492 3526
f 3480 3479 3527
f 3479 3528 3527
f 3527 3528 3529
f 3530 3528 3531
f 3528 3479 3531
f 3531 3479 3532
f 3479 3481 3532
f 3532 3481 3533
f 3534 3535 3536
f 3535 3537 3536
f 3538 3539 3533
f 3540 3539 3541
f 3539 3538 3541
f 3541 3538 3542
f 3538 3537 3542
f 3542 3537 3543
f 3537 3535 3543
f 3544 3545 3484
f 3545 3546 3484
f 3484 3546 3482
f 3546 3547 3482
f 3548 3527 3549
f 3527 3529 3549
f 3549 3529 3487
f 3533 3481 3538
f 3481 3480 3538
f 3538 3480 3537
f 3480 3527 3537
f 3537 3527 3536
f 3527 3548 3536
f 3536 3548 3534
f 3550 3551 3552
f 3550 3553 3554
f 3553 3550 3555
f 3550 3552 3555
f 3555 3552 3556
f 3552 3557 3556
f 3556 3557 3558
f 3551 3559 3552
f 3559 3560 3552
f 3552 3560 3557
f 3560 3561 3557
f 3562 3563 3554
f 3563 3564 3554
f 3554 3564 3550
f 3564 3565 3550
f 3550 3565 3551
f 3566 3567 3568
f 3567 3569 3568
f 3568 3569 3562
f 3569 3570 3562
f 3562 3570 3563
f 3547 3571 3572
f 3571 3573 3572
f 3572 3573 3574
f 3553 3483 3554
f 3483 3482 3554
f 3554 3482 3562
f 3482 3547 3562
f 3562 3547 3568
f 3547 3572 3568
f 3568 3572 3566
f 3572 3574 3566
f 3574 3575 3566
f 3575 3576 3566
f 3566 3576 3567
f 3576 3577 3567
f 3567 3577 3569
f 3577 3578 3569
f 3569 3578 3570
f 3578 3579 3570
f 3570 3579 3563
f 3579 3580 3563
f 3563 3580 3564
f 3580 3581 3564
f 3564 3581 3565
f 3476 3478 3582
f 3478 3583 3582
f 3582 3583 3584
f 3575 3585 3576
f 3585 3586 3576
f 3576 3586 3577
f 3586 3587 3577
f 3577 3587 3578
f 3587 3588 3578
f 3578 3588 3579
f 3588 3589 3579
f 3579 3589 3580
f 3589 3590 3580
f 3580 3590 3581
f 3590 3591 3581
f 3581 3591 3565
f 3591 3592 3565
f 3565 3592 3551
f 3592 3593 3551
f 3551 3593 3559
f 3585 3475 3586
f 3475 3594 3586
f 3586 3594 3587
f 3594 3595 3587
f 3587 3595 3588
f 3595 3596 3588
f 3588 3596 3589
f 3596 3597 3589
f 3589 3597 3590
f 3597 3598 3590
f 3590 3598 3591
f 3598 3599 3591
f 3591 3599 3592
f 3599 3600 3592
f 3592 3600 3593
f 3600 3601 3593
f 3593 3601 3559
f 3601 3602 3559
f 3559 3602 3560
f 3602 3603 3560
f 3560 3603 3561
f 3604 3605 3606
f 3475 3474 3594
f 3474 3607 3594
f 3594 3607 3595
f 3607 3608 3595
f 3595 3608 3596
f 3608 3609 3596
f 3596 3609 3597
f 3609 3610 3597
f 3597 3610 3598
f 3610 3611 3598
f 3598 3611 3599
f 3611 3612 3599
f 3599 3612 3600
f 3612 3613 3600
f 3600 3613 3601
f 3613 3614 3601
f 3601 3614 3602
f 3614 3615 3602
f 3602 3615 3603
f 3615 3616 3603
f 3603 3616 3561
f 3604 3617 3605
f 3617 3618 3605
f 3605 3618 3473
f 3583 3619 3584
f 3619 3620 3584
f 3584 3620 3621
f 3620 3622 3621
f 3621 3622 3606
f 3622 3623 3606
f 3606 3623 3604
f 3473 3475 3605
f 3475 3585 3605
f 3605 3585 3606
f 3585 3575 3606
f 3606 3575 3621
f 3575 3574 3621
f 3621 3574 3584
f 3574 3573 3584
f 3584 3573 3582
f 3573 3571 3582
f 3582 3571 3476
f 3571 3624 3476
f 3476 3624 3477
f 3625 3471 3626
f 3471 3470 3626
f 3626 3470 3627
f 3466 3465 3628
f 3465 3629 3628
f 3628 3629 3630
f 3629 3631 3630
f 3630 3631 3632
f 3631 3633 3632
f 3632 3633 3472
f 3633 3467 3472
f 3472 3467 3470
f 3467 3469 3470
f 3470 3469 3627
f 3468 3467 3634
f 3467 3633 3634
f 3634 3633 3635
f 3633 3631 3635
f 3635 3631 3636
f 3631 3629 3636
f 3636 3629 3637
f 3629 3465 3637
f 3637 3465 3638
f 3465 3464 3638
f 3638 3464 3639
f 3640 3641 3642
f 3643 3641 3463
f 3641 3640 3463
f 3463 3640 3462
f 3644 3645 3646
f 3645 3647 3646
f 3646 3647 3643
f 3647 3648 3643
f 3643 3648 3641
f 3649 3650 3651
f 3650 3652 3651
f 3651 3652 3653
f 3652 3654 3653
f 3653 3654 3655
f 3642 3641 3656
f 3641 3648 3656
f 3656 3648 3657
f 3648 3647 3657
f 3657 3647 3658
f 3647 3645 3658
f 3658 3645 3659
f 3645 3644 3659
f 3659 3644 3660
f 3654 3661 3655
f 3661 3662 3655
f 3655 3662 3663
f 3662 3664 3663
f 3663 3664 3665
f 3664 3666 3665
f 3665 3666 3667
f 3666 3668 3667
f 3667 3668 3668
f 3669 3670 3671
f 3670 3672 3671
f 3671 3672 3673
f 3672 3674 3673
f 3673 3674 3675
f 3676 3677 3678
f 3677 3679 3678
f 3678 3679 3680
f 3679 3681 3680
f 3680 3681 3682
f 3681 3683 3682
f 3684 3675 3685
f 3675 3674 3685
f 3685 3674 3686
f 3674 3672 3686
f 3686 3672 3687
f 3672 3670 3687
f 3688 3689 3690
f 3689 3691 3690
f 3690 3691 3692
f 3693 3694 3695
f 3694 3696 3695
f 3695 3696 3697
f 3696 3698 3697
f 3697 3698 3699
f 3698 3700 3699
f 3699 3700 3701
f 3700 3702 3701
f 3701 3702 3703
f 3704 3683 3705
f 3683 3681 3705
f 3705 3681 3706
f 3681 3679 3706
f 3706 3679 3707
f 3679 3677 3707
f 3707 3677 3708
f 3677 3676 3708
f 3708 3676 3709
f 3710 3703 3711
f 3703 3702 3711
f 3711 3702 3712
f 3702 3700 3712
f 3712 3700 3713
f 3700 3698 3713
f 3713 3698 3714
f 3698 3696 3714
f 3714 3696 3715
f 3696 3694 3715
f 3716 3717 3718
f 3717 3719 3718
f 3718 3719 3720
f 3719 3721 3720
f 3720 3721 3688
f 3721 3722 3688
f 3688 3722 3689
f 3691 3723 3692
f 3723 3724 3692
f 3692 3724 3725
f 3724 3726 3725
f 3725 3726 3727
f 3726 3728 3727
f 3727 3728 3649
f 3728 3729 3649
f 3649 3729 3650
f 3730 3731 3732
f 3466 3733 3464
f 3733 3734 3464
f 3464 3734 3639
f 3734 3735 3639
f 3639 3735 3736
f 3735 3737 3736
f 3736 3737 3738
f 3737 3739 3738
f 3738 3739 3740
f 3739 3741 3740
f 3740 3741 3742
f 3741 3743 3742
f 3742 3743 3744
f 3743 3745 3744
f 3746 3747 3748
f 3749 3744 3750
f 3744 3745 3750
f 3750 3745 3751
f 3745 3752 3751
f 3751 3752 3753
f 3752 3754 3753
f 3755 3756 3754
f 3756 3757 3754
f 3754 3757 3753
f 3757 3758 3753
f 3753 3758 3751
f 3758 3759 3751
f 3751 3759 3750
f 3759 3760 3750
f 3750 3760 3749
f 3746 3748 3761
f 3748 3762 3761
f 3761 3762 3763
f 3733 3764 3734
f 3764 3765 3734
f 3734 3765 3735
f 3765 3766 3735
f 3735 3766 3737
f 3766 3767 3737
f 3737 3767 3739
f 3767 3768 3739
f 3739 3768 3741
f 3768 3769 3741
f 3741 3769 3743
f 3769 3770 3743
f 3743 3770 3745
f 3770 3746 3745
f 3745 3746 3752
f 3746 3761 3752
f 3752 3761 3754
f 3761 3763 3754
f 3754 3763 3755
f 3771 3457 3772
f 3457 3456 3772
f 3772 3456 3773
f 3774 3458 3775
f 3458 3457 3775
f 3775 3457 3776
f 3457 3771 3776
f 3776 3771 3777
f 3778 3779 3777
f 3779 3780 3777
f 3777 3780 3776
f 3780 3781 3776
f 3776 3781 3775
f 3781 3782 3775
f 3775 3782 3774
f 3782 3783 3774
f 3774 3783 3784
f 3756 3778 3757
f 3778 3777 3757
f 3757 3777 3758
f 3777 3771 3758
f 3758 3771 3759
f 3771 3772 3759
f 3759 3772 3760
f 3772 3773 3760
f 3760 3773 3749
f 3785 3786 3787
f 3786 3788 3787
f 3787 3788 3789
f 3788 3790 3789
f 3789 3790 3791
f 3790 3792 3791
f 3791 3792 3793
f 3792 3794 3793
f 3793 3794 3795
f 3794 3796 3795
f 3797 3796 3798
f 3796 3794 3798
f 3798 3794 3799
f 3794 3792 3799
f 3799 3792 3800
f 3792 3790 3800
f 3800 3790 3801
f 3790 3788 3801
f 3801 3788 3802
f 3788 3786 3802
f 3802 3786 3803
f 3786 3785 3803
f 3803 3785 3804
f 3805 3806 3807
f 3806 3808 3807
f 3807 3808 3809
f 3808 3810 3809
f 3809 3810 3811
f 3810 3812 3811
f 3811 3812 3813
f 3812 3814 3813
f 3813 3814 3815
f 3814 3816 3815
f 3815 3816 3817
f 3816 3818 3817
f 3817 3818 3819
f 3820 3821 3822
f 3821 3823 3822
f 3822 3823 3824
f 3823 3825 3824
f 3824 3825 3826
f 3825 3827 3826
f 3826 3827 3828
f 3827 3829 3828
f 3828 3829 3830
f 3829 3831 3830
f 3830 3831 3832
f 3831 3833 3832
f 3832 3833 3834
f 3835 3819 3836
f 3819 3818 3836
f 3836 3818 3837
f 3818 3816 3837
f 3837 3816 3838
f 3816 3814 3838
f 3838 3814 3839
f 3814 3812 3839
f 3839 3812 3840
f 3812 3810 3840
f 3840 3810 3841
f 3810 3808 3841
f 3841 3808 3842
f 3808 3806 3842
f 3819 3834 3817
f 3834 3833 3817
f 3817 3833 3815
f 3833 3831 3815
f 3815 3831 3813
f 3831 3829 3813
f 3813 3829 3811
f 3829 3827 3811
f 3811 3827 3809
f 3827 3825 3809
f 3809 3825 3807
f 3825 3823 3807
f 3807 3823 3805
f 3823 3821 3805
f 3843 3844 3845
f 3844 3846 3845
f 3845 3846 3847
f 3846 3848 3847
f 3847 3848 3849
f 3848 3850 3849
f 3849 3850 3851
f 3850 3852 3851
f 3851 3852 3853
f 3852 3854 3853
f 3853 3854 3855
f 3460 3459 3856
f 3459 3857 3856
f 3856 3857 3858
f 3857 3859 3858
f 3858 3859 3860
f 3859 3861 3860
f 3860 3861 3862
f 3861 3863 3862
f 3862 3863 3864
f 3863 3865 3864
f 3864 3865 3866
f 3867 3461 3868
f 3461 3460 3868
f 3868 3460 3869
f 3460 3856 3869
f 3869 3856 3870
f 3856 3858 3870
f 3870 3858 3871
f 3858 3860 3871
f 3871 3860 3872
f 3860 3862 3872
f 3872 3862 3873
f 3862 3864 3873
f 3873 3864 3453
f 3864 3866 3453
f 3453 3866 3454
f 3874 3875 3876
f 3875 3877 3876
f 3876 3877 3878
f 3877 3879 3878
f 3878 3879 3880
f 3879 3881 3880
f 3880 3881 3882
f 3881 3883 3882
f 3882 3883 3884
f 3883 3885 3884
f 3884 3885 3886
f 3885 3887 3886
f 3886 3887 3888
f 3887 3889 3888
f 3890 3891 3892
f 3891 3893 3892
f 3892 3893 3894
f 3895 3889 3896
f 3889 3887 3896
f 3896 3887 3897
f 3887 3885 3897
f 3897 3885 3898
f 3885 3883 3898
f 3898 3883 3899
f 3883 3881 3899
f 3899 3881 3900
f 3881 3879 3900
f 3900 3879 3901
f 3879 3877 3901
f 3901 3877 3902
f 3877 3875 3902
f 3902 3875 3903
f 3875 3874 3903
f 3903 3874 3904
f 3905 3906 3907
f 3906 3908 3907
f 3907 3908 3909
f 3908 3910 3909
f 3909 3910 3911
f 3910 3912 3911
f 3911 3912 3913
f 3912 3914 3913
f 3913 3914 3915
f 3914 3916 3915
f 3915 3916 3917
f 3916 3918 3917
f 3917 3918 3919
f 3918 3920 3919
f 3919 3920 3921
f 3920 3922 3921
f 3921 3922 3923
f 3732 3924 3925
f 3924 3926 3925
f 3925 3926 3927
f 3926 3928 3927
f 3927 3928 3929
f 3928 3930 3929
f 3929 3930 3931
f 3930 3932 3931
f 3931 3932 3933
f 3932 3934 3933
f 3933 3934 3935
f 3934 3936 3935
f 3935 3936 3937
f 3936 3938 3937
f 3937 3938 3447
f 3938 3939 3447
f 3447 3939 3448
f 3940 3923 3941
f 3923 3922 3941
f 3941 3922 3942
f 3922 3920 3942
f 3942 3920 3943
f 3920 3918 3943
f 3943 3918 3944
f 3918 3916 3944
f 3944 3916 3945
f 3916 3914 3945
f 3945 3914 3946
f 3914 3912 3946
f 3946 3912 3947
f 3912 3910 3947
f 3947 3910 3948
f 3910 3908 3948
f 3948 3908 3949
f 3908 3906 3949
f 3732 3731 3924
f 3731 3950 3924
f 3924 3950 3926
f 3950 3951 3926
f 3926 3951 3928
f 3951 3952 3928
f 3928 3952 3930
f 3952 3953 3930
f 3930 3953 3932
f 3953 3954 3932
f 3932 3954 3934
f 3954 3955 3934
f 3934 3955 3936
f 3955 3956 3936
f 3936 3956 3938
f 3956 3957 3938
f 3938 3957 3939
f 3893 3958 3894
f 3958 3959 3894
f 3894 3959 3960
f 3959 3961 3960
f 3960 3961 3962
f 3961 3963 3962
f 3962 3963 3843
f 3963 3964 3843
f 3843 3964 3844
f 3854 3965 3855
f 3965 3966 3855
f 3855 3966 3967
f 3966 3968 3967
f 3967 3968 3716
f 3968 3969 3716
f 3716 3969 3717
f 3382 3970 3383
f 3970 3971 3383
f 3383 3971 3384
f 3445 3971 3446
f 3971 3970 3446
f 3446 3970 3972
f 3970 3382 3972
f 3972 3382 3973
f 3382 3381 3973
f 3974 3975 3976
f 3975 3977 3976
f 3976 3977 3978
f 3977 3979 3978
f 3978 3979 3441
f 3980 3981 3982
f 3981 3443 3982
f 3982 3443 3983
f 3443 3442 3983
f 3983 3442 3444
f 3387 3386 3984
f 3386 3440 3984
f 3984 3440 3985
f 3440 3986 3985
f 3985 3986 3987
f 3986 3988 3987
f 3987 3988 3989
f 3988 3990 3989
f 3989 3990 3991
f 3990 3992 3991
f 3991 3992 3993
f 3994 3627 3995
f 3627 3469 3995
f 3995 3469 3996
f 3469 3468 3996
f 3996 3468 3997
f 3468 3634 3997
f 3997 3634 3998
f 3634 3635 3998
f 3998 3635 3999
f 3635 3636 3999
f 3999 3636 4000
f 3636 3637 4000
f 4000 3637 4001
f 3637 3638 4001
f 4001 3638 4002
f 3638 3639 4002
f 4002 3639 4003
f 3639 3736 4003
f 4003 3736 4004
f 3736 3738 4004
f 4004 3738 4005
f 3738 3740 4005
f 4005 3740 4006
f 3740 3742 4006
f 4006 3742 3867
f 3742 3744 3867
f 3867 3744 3461
f 3744 3749 3461
f 3461 3749 3459
f 3749 3773 3459
f 3459 3773 3857
f 3773 3456 3857
f 3857 3456 3859
f 3456 3458 3859
f 3859 3458 3861
f 3458 3774 3861
f 3861 3774 3863
f 3774 3784 3863
f 3863 3784 3865
f 3449 3905 3447
f 3905 3907 3447
f 3447 3907 3937
f 3907 3909 3937
f 3937 3909 3935
f 3909 3911 3935
f 3935 3911 3933
f 3911 3913 3933
f 3933 3913 3931
f 3913 3915 3931
f 3931 3915 3929
f 3915 3917 3929
f 3929 3917 3927
f 3917 3919 3927
f 3927 3919 3925
f 3919 3921 3925
f 3925 3921 3732
f 3921 3923 3732
f 3732 3923 3730
f 3923 3940 3730
f 3730 3940 4007
f 3940 4008 4007
f 4007 4008 4009
f 4008 4010 4009
f 4009 4010 4011
f 4010 4012 4011
f 4011 4012 4013
f 4012 4014 4013
f 4013 4014 4015
f 4014 4016 4015
f 4015 4016 4017
f 4016 4018 4017
f 4017 4018 4019
f 4018 4020 4019
f 4019 4020 4021
f 4020 4022 4021
f 4021 4022 4023
f 4022 4024 4023
f 4023 4024 4025
f 4024 4026 4025
f 4025 4026 4027
f 4026 4028 4027
f 4027 4028 4029
f 4028 4030 4029
f 4029 4030 4031
f 4030 4032 4031
f 3888 3820 3886
f 3820 3822 3886
f 3886 3822 3884
f 3822 3824 3884
f 3884 3824 3882
f 3824 3826 3882
f 3882 3826 3880
f 3826 3828 3880
f 3880 3828 3878
f 3828 3830 3878
f 3878 3830 3876
f 3830 3832 3876
f 3876 3832 3874
f 3832 3834 3874
f 3874 3834 3904
f 3834 3819 3904
f 3904 3819 4033
f 3819 3835 4033
f 4033 3835 4034
f 3835 4035 4034
f 4034 4035 4036
f 4035 4037 4036
f 4036 4037 4038
f 4037 4039 4038
f 4038 4039 4040
f 4039 4041 4040
f 4040 4041 4042
f 4041 4043 4042
f 4042 4043 4044
f 4043 4045 4044
f 4044 4045 4046
f 4045 4047 4046
f 4046 4047 4048
f 4047 4049 4048
f 4048 4049 4050
f 4049 4051 4050
f 4050 4051 4052
f 4051 4053 4052
f 4052 4053 4054
f 4053 4055 4054
f 4054 4055 4056
f 4055 4057 4056
f 4056 4032 4054
f 4032 4030 4054
f 4054 4030 4052
f 4030 4028 4052
f 4052 4028 4050
f 4028 4026 4050
f 4050 4026 4048
f 4026 4024 4048
f 4048 4024 4046
f 4024 4022 4046
f 4046 4022 4044
f 4022 4020 4044
f 4044 4020 4042
f 4020 4018 4042
f 4042 4018 4040
f 4018 4016 4040
f 4040 4016 4038
f 4016 4014 4038
f 4038 4014 4036
f 4014 4012 4036
f 4036 4012 4034
f 4012 4010 4034
f 4034 4010 4033
f 4010 4008 4033
f 4033 4008 3904
f 4008 3940 3904
f 3904 3940 3903
f 3940 3941 3903
f 3903 3941 3902
f 3941 3942 3902
f 3902 3942 3901
f 3942 3943 3901
f 3901 3943 3900
f 3943 3944 3900
f 3900 3944 3899
f 3944 3945 3899
f 3899 3945 3898
f 3945 3946 3898
f 3898 3946 3897
f 3946 3947 3897
f 3897 3947 3896
f 3947 3948 3896
f 3896 3948 3895
f 3948 3949 3895
f 4031 3994 4029
f 3994 3995 4029
f 4029 3995 4027
f 3995 3996 4027
f 4027 3996 4025
f 3996 3997 4025
f 4025 3997 4023
f 3997 3998 4023
f 4023 3998 4021
f 3998 3999 4021
f 4021 3999 4019
f 3999 4000 4019
f 4019 4000 4017
f 4000 4001 4017
f 4017 4001 4015
f 4001 4002 4015
f 4015 4002 4013
f 4002 4003 4013
f 4013 4003 4011
f 4003 4004 4011
f 4011 4004 4009
f 4004 4005 4009
f 4009 4005 4007
f 4005 4006 4007
f 4007 4006 3730
f 4006 3867 3730
f 3730 3867 3731
f 3867 3868 3731
f 3731 3868 3950
f 3868 3869 3950
f 3950 3869 3951
f 3869 3870 3951
f 3951 3870 3952
f 3870 3871 3952
f 3952 3871 3953
f 3871 3872 3953
f 3953 3872 3954
f 3872 3873 3954
f 3954 3873 3955
f 3873 3453 3955
f 3955 3453 3956
f 3453 3455 3956
f 3956 3455 3957
f 3390 3391 3436
f 3391 4058 3436
f 3436 4058 4059
f 4058 4060 4059
f 4059 4060 4061
f 3391 3387 4058
f 3387 3984 4058
f 4058 3984 4060
f 3984 3985 4060
f 4060 3985 4061
f 3985 3987 4061
f 4061 3987 4062
f 3987 3989 4062
f 4062 3989 4063
f 3989 3991 4063
f 4063 3991 4064
f 3991 3993 4064
f 4064 3993 4065
f 3993 4066 4065
f 4065 4066 4067
f 4066 4068 4067
f 4067 4068 4069
f 4068 4070 4069
f 4069 4070 4071
f 4070 4072 4071
f 4071 4072 4073
f 4072 4074 4073
f 4073 4074 4075
f 4074 4076 4075
f 4075 4076 4077
f 3388 3389 4078
f 3389 3436 4078
f 4078 3436 4079
f 3436 4059 4079
f 4079 4059 4080
f 4059 4061 4080
f 4080 4061 4081
f 4061 4062 4081
f 4081 4062 4082
f 4062 4063 4082
f 4082 4063 4083
f 4063 4064 4083
f 4083 4064 4084
f 4064 4065 4084
f 4084 4065 4085
f 4065 4067 4085
f 4085 4067 4086
f 4067 4069 4086
f 4086 4069 4087
f 4069 4071 4087
f 4087 4071 4088
f 4071 4073 4088
f 4088 4073 4089
f 4073 4075 4089
f 4089 4075 4090
f 4075 4077 4090
f 4090 4077 4091
f 4092 4093 4094
f 4093 4095 4094
f 3438 3437 4096
f 3437 4097 4096
f 4096 4097 4098
f 4097 4099 4098
f 4098 4099 4100
f 4099 4101 4100
f 4100 4101 4102
f 4101 4103 4102
f 4102 4103 4104
f 4103 4105 4104
f 4104 4105 4106
f 4105 4107 4106
f 4106 4107 4108
f 4107 4109 4108
f 4108 4109 4110
f 4109 4111 4110
f 4110 4111 4112
f 4111 4113 4112
f 4112 4113 4114
f 4113 4094 4114
f 4114 4094 3367
f 4094 4095 3367
f 3367 4095 3368
f 4115 4116 4117
f 3428 3427 4118
f 3427 4119 4118
f 4118 4119 4120
f 4119 4121 4120
f 4120 4121 4122
f 4121 4123 4122
f 4122 4123 4124
f 4123 4125 4124
f 4124 4125 4126
f 4125 4127 4126
f 4126 4127 4128
f 4127 4129 4128
f 4128 4129 4130
f 4129 4131 4130
f 4130 4131 4132
f 3426 3425 3427
f 3425 4133 3427
f 3427 4133 4119
f 4133 4134 4119
f 4119 4134 4121
f 4134 4135 4121
f 4121 4135 4123
f 4135 4136 4123
f 4123 4136 4125
f 4136 4137 4125
f 4125 4137 4127
f 4137 3431 4127
f 4127 3431 4129
f 3431 3432 4129
f 4129 3432 4131
f 3424 3423 3425
f 3423 4138 3425
f 3425 4138 4133
f 4138 4139 4133
f 4133 4139 4134
f 4139 4140 4134
f 4134 4140 4135
f 4140 4141 4135
f 4135 4141 4136
f 4141 4142 4136
f 4136 4142 4137
f 4142 4143 4137
f 4137 4143 3431
f 4143 4144 3431
f 3431 4144 3429
f 3795 3693 3793
f 3693 3695 3793
f 3793 3695 3791
f 3695 3697 3791
f 3791 3697 3789
f 3697 3699 3789
f 3789 3699 3787
f 3699 3701 3787
f 3787 3701 3785
f 3701 3703 3785
f 3785 3703 3804
f 3703 3710 3804
f 3804 3710 4145
f 3710 4146 4145
f 4145 4146 4147
f 4146 4148 4147
f 4147 4148 4149
f 4148 4150 4149
f 4149 4150 4151
f 4150 4152 4151
f 4151 4152 4153
f 4152 4154 4153
f 4153 4154 4155
f 4154 4156 4155
f 4155 4156 3420
f 3682 3669 3680
f 3669 3671 3680
f 3680 3671 3678
f 3671 3673 3678
f 3678 3673 3676
f 3673 3675 3676
f 3676 3675 3709
f 3675 3684 3709
f 3709 3684 4157
f 3684 4158 4157
f 4157 4158 4159
f 4158 4160 4159
f 4159 4160 4161
f 4160 4162 4161
f 4161 4162 4163
f 4162 4164 4163
f 4163 4164 4165
f 4164 4166 4165
f 4165 4166 4167
f 4166 4168 4167
f 4167 4156 4165
f 4156 4154 4165
f 4165 4154 4163
f 4154 4152 4163
f 4163 4152 4161
f 4152 4150 4161
f 4161 4150 4159
f 4150 4148 4159
f 4159 4148 4157
f 4148 4146 4157
f 4157 4146 3709
f 4146 3710 3709
f 3709 3710 3708
f 3710 3711 3708
f 3708 3711 3707
f 3711 3712 3707
f 3707 3712 3706
f 3712 3713 3706
f 3706 3713 3705
f 3713 3714 3705
f 3705 3714 3704
f 3714 3715 3704
f 3422 3421 3423
f 3421 4169 3423
f 3423 4169 4138
f 4169 4170 4138
f 4138 4170 4139
f 4170 4171 4139
f 4139 4171 4140
f 4171 4172 4140
f 4140 4172 4141
f 4172 4173 4141
f 4141 4173 4142
f 4173 4115 4142
f 4142 4115 4143
f 4115 4117 4143
f 4143 4117 4144
f 4174 4175 4176
f 4175 4177 4176
f 3413 3412 4178
f 3412 4179 4178
f 4178 4179 4180
f 4179 4181 4180
f 4180 4181 3416
f 4181 4182 3416
f 3416 4182 3414
f 3411 3410 3412
f 3410 4183 3412
f 3412 4183 4179
f 4183 4176 4179
f 4179 4176 4181
f 4176 4177 4181
f 4181 4177 4182
f 3406 3405 3408
f 3405 4184 3408
f 3408 4184 4185
f 4184 4186 4185
f 4185 4186 4187
f 4188 4189 4190
f 3642 4191 3640
f 4191 4192 3640
f 3640 4192 3462
f 4192 4193 3462
f 3462 4193 4188
f 4193 4194 4188
f 4188 4194 4189
f 4194 4195 4189
f 4195 4196 4189
f 4189 4196 4190
f 4196 4197 4190
f 4190 4197 4198
f 4184 4199 4186
f 4199 4200 4186
f 4186 4200 4201
f 3407 3462 3405
f 3462 4188 3405
f 3405 4188 4184
f 4188 4190 4184
f 4184 4190 4199
f 4190 4198 4199
f 4199 4198 4200
f 4201 4202 4186
f 4202 4203 4186
f 4186 4203 4187
f 4203 4204 4187
f 4187 4204 4205
f 3409 3408 3410
f 3408 4185 3410
f 3410 4185 4183
f 4185 4187 4183
f 4183 4187 4176
f 4187 4205 4176
f 4176 4205 4174
f 3413 4168 3411
f 4168 4166 3411
f 3411 4166 3409
f 4166 4164 3409
f 3409 4164 3406
f 4164 4162 3406
f 3406 4162 3407
f 4162 4160 3407
f 3407 4160 3463
f 4160 4158 3463
f 3463 4158 3643
f 4158 3684 3643
f 3643 3684 3646
f 3684 3685 3646
f 3646 3685 3644
f 3685 3686 3644
f 3644 3686 3660
f 3686 3687 3660
f 3420 4156 3418
f 4156 4167 3418
f 3418 4167 4206
f 4167 4168 4206
f 4206 4168 4207
f 4168 3413 4207
f 4207 3413 4208
f 3413 4178 4208
f 4208 4178 4209
f 4178 4180 4209
f 4209 4180 4210
f 4180 3416 4210
f 4210 3416 4211
f 3416 3417 4211
f 4211 3417 4212
f 3419 3418 3421
f 3418 4206 3421
f 3421 4206 4169
f 4206 4207 4169
f 4169 4207 4170
f 4207 4208 4170
f 4170 4208 4171
f 4208 4209 4171
f 4171 4209 4172
f 4209 4210 4172
f 4172 4210 4173
f 4210 4211 4173
f 4173 4211 4115
f 4211 4212 4115
f 4115 4212 4116
f 3428 4057 3426
f 4057 4055 3426
f 3426 4055 3424
f 4055 4053 3424
f 3424 4053 3422
f 4053 4051 3422
f 3422 4051 3419
f 4051 4049 3419
f 3419 4049 3420
f 4049 4047 3420
f 3420 4047 4155
f 4047 4045 4155
f 4155 4045 4153
f 4045 4043 4153
f 4153 4043 4151
f 4043 4041 4151
f 4151 4041 4149
f 4041 4039 4149
f 4149 4039 4147
f 4039 4037 4147
f 4147 4037 4145
f 4037 4035 4145
f 4145 4035 3804
f 4035 3835 3804
f 3804 3835 3803
f 3835 3836 3803
f 3803 3836 3802
f 3836 3837 3802
f 3802 3837 3801
f 3837 3838 3801
f 3801 3838 3800
f 3838 3839 3800
f 3800 3839 3799
f 3839 3840 3799
f 3799 3840 3798
f 3840 3841 3798
f 3798 3841 3797
f 3841 3842 3797
f 4213 4214 3374
f 3370 3511 3371
f 3511 3508 3371
f 3371 3508 3372
f 4215 4216 4217
f 4216 4218 4217
f 3374 3373 4213
f 3373 3372 4213
f 4213 3372 4219
f 3372 3508 4219
f 4219 3508 3502
f 3508 3510 3502
f 3502 3510 3500
f 4220 4214 4221
f 4214 4213 4221
f 4221 4213 4222
f 4213 4219 4222
f 4223 3404 4224
f 3404 3377 4224
f 4224 3377 4220
f 3377 3376 4220
f 4220 3376 4214
f 3376 3375 4214
f 4214 3375 3374
f 4223 4225 3404
f 4225 4226 3404
f 3404 4226 3378
f 4226 3380 3378
f 4227 4228 4229
f 4230 4228 4231
f 4228 4227 4231
f 4231 4227 4232
f 3980 4233 4234
f 4233 4235 4234
f 4234 4235 4236
f 4235 4237 4236
f 4236 4237 4238
f 4239 4240 4241
f 4240 4242 4241
f 4241 4242 4243
f 4242 4244 4243
f 4243 4244 3974
f 4244 4245 3974
f 3974 4245 3975
f 4245 4246 3975
f 3975 4246 3977
f 4246 4247 3977
f 3977 4247 3979
f 3441 3443 3978
f 3443 3981 3978
f 3978 3981 3976
f 3981 3980 3976
f 3976 3980 3974
f 3980 4234 3974
f 3974 4234 4243
f 4234 4236 4243
f 4243 4236 4241
f 4236 4238 4241
f 4241 4238 4239
f 3444 3446 3983
f 3446 3972 3983
f 3983 3972 3982
f 3972 3973 3982
f 3982 3973 3980
f 3973 4248 3980
f 3980 4248 4233
f 4248 4249 4233
f 4233 4249 4235
f 4249 4250 4235
f 4235 4250 4237
f 4250 4232 4237
f 4237 4232 4238
f 4232 4227 4238
f 4238 4227 4239
f 4227 4229 4239
f 4239 4229 4240
f 4231 4218 4230
f 4218 4216 4230
f 4230 4216 4251
f 4216 4215 4251
f 4251 4215 4252
f 3503 3505 3502
f 3505 4217 3502
f 3502 4217 4219
f 4217 4218 4219
f 4219 4218 4222
f 4218 4231 4222
f 4222 4231 4221
f 4231 4232 4221
f 4221 4232 4220
f 4232 4250 4220
f 4220 4250 4224
f 4250 4249 4224
f 4224 4249 4223
f 4249 4248 4223
f 4223 4248 4225
f 4248 3973 4225
f 4225 3973 4226
f 3973 3381 4226
f 4226 3381 3380
f 3402 3401 4253
f 3400 3399 3522
f 3399 4254 3522
f 3522 4254 3523
f 4254 4255 3523
f 3523 4255 3524
f 4256 3395 3398
f 3395 3397 3398
f 3398 3397 3399
f 3397 3403 3399
f 3399 3403 4254
f 3403 3402 4254
f 4254 3402 4255
f 3402 4253 4255
f 4255 4253 3524
f 4253 3497 3524
f 3524 3497 3525
f 3497 3493 3525
f 3525 3493 3490
f 3493 3495 3490
f 3490 3495 3491
f 3396 4257 3397
f 4257 4252 3397
f 3397 4252 3403
f 4252 4215 3403
f 3403 4215 3401
f 4215 4217 3401
f 3401 4217 4253
f 4217 3505 4253
f 4253 3505 3497
f 3505 3507 3497
f 3497 3507 3498
f 4258 4259 4260
f 4259 4261 4260
f 4260 4261 4262
f 4261 4263 4262
f 4262 4263 4264
f 4263 4265 4264
f 4264 4265 4266
f 4265 4267 4266
f 4266 4267 4268
f 4267 4269 4268
f 4268 4269 4270
f 4271 4272 4273
f 4272 4274 4273
f 4273 4274 4275
f 4274 4276 4275
f 4275 4276 4277
f 4276 4278 4277
f 4277 4278 4270
f 4278 4279 4270
f 4270 4279 4268
f 4279 4280 4268
f 4268 4280 4266
f 4280 4281 4266
f 4266 4281 4264
f 4281 4282 4264
f 4264 4282 4262
f 4282 4283 4262
f 4262 4283 4260
f 4283 4284 4260
f 4260 4284 4258
f 4284 4285 4258
f 4272 4286 4274
f 4286 4287 4274
f 4274 4287 4276
f 4287 4288 4276
f 4276 4288 4278
f 4288 4289 4278
f 4278 4289 4279
f 4289 4290 4279
f 4279 4290 4280
f 4290 4291 4280
f 4280 4291 4281
f 4291 4292 4281
f 4281 4292 4282
f 4292 4293 4282
f 4282 4293 4283
f 4293 4091 4283
f 4283 4091 4284
f 4091 4077 4284
f 4284 4077 4285
f 4077 4076 4285
f 3544 3484 4294
f 3484 3483 4294
f 4294 3483 4295
f 3483 3553 4295
f 4295 3553 4296
f 3553 3555 4296
f 4296 3555 4297
f 3555 3556 4297
f 4297 3556 4298
f 3556 3558 4298
f 4298 3558 4299
f 3558 4300 4299
f 4299 4300 4301
f 4300 4302 4301
f 4301 4302 4303
f 4302 4304 4303
f 4303 4304 4305
f 4304 4306 4305
f 4305 4306 4307
f 4306 4308 4307
f 4307 4308 4309
f 4308 4310 4309
f 4309 4310 4311
f 3438 4312 3439
f 4312 4313 3439
f 3439 4313 4314
f 4313 4315 4314
f 4314 4315 4316
f 4315 4317 4316
f 4316 4317 4318
f 4317 4319 4318
f 4318 4319 4320
f 4319 4321 4320
f 4320 4321 4322
f 4321 4323 4322
f 4322 4323 4324
f 4323 4325 4324
f 4324 4325 4326
f 4325 4327 4326
f 4326 4327 4328
f 4327 4329 4328
f 4328 4329 4330
f 3616 4330 3561
f 4330 4329 3561
f 3561 4329 3557
f 4329 4327 3557
f 3557 4327 3558
f 4327 4325 3558
f 3558 4325 4300
f 4325 4323 4300
f 4300 4323 4302
f 4323 4321 4302
f 4302 4321 4304
f 4321 4319 4304
f 4304 4319 4306
f 4319 4317 4306
f 4306 4317 4308
f 4317 4315 4308
f 4308 4315 4310
f 4315 4313 4310
f 4310 4313 4311
f 4313 4312 4311
f 3367 3388 4114
f 3388 4078 4114
f 4114 4078 4112
f 4078 4079 4112
f 4112 4079 4110
f 4079 4080 4110
f 4110 4080 4108
f 4080 4081 4108
f 4108 4081 4106
f 4081 4082 4106
f 4106 4082 4104
f 4082 4083 4104
f 4104 4083 4102
f 4083 4084 4102
f 4102 4084 4100
f 4084 4085 4100
f 4100 4085 4098
f 4085 4086 4098
f 4098 4086 4096
f 4086 4087 4096
f 4096 4087 3438
f 4087 4088 3438
f 3438 4088 4312
f 4088 4089 4312
f 4312 4089 4311
f 4089 4090 4311
f 4311 4090 4309
f 4090 4091 4309
f 4309 4091 4307
f 4091 4293 4307
f 4307 4293 4305
f 4293 4292 4305
f 4305 4292 4303
f 4292 4291 4303
f 4303 4291 4301
f 4291 4290 4301
f 4301 4290 4299
f 4290 4289 4299
f 4299 4289 4298
f 4289 4288 4298
f 4298 4288 4297
f 4288 4287 4297
f 4297 4287 4296
f 4287 4286 4296
f 4296 4286 4295
f 4286 4272 4295
f 4295 4272 4294
f 4272 4271 4294
f 4294 4271 3544
f 3526 3485 3514
f 3485 3487 3514
f 3514 3487 3515
f 3487 3529 3515
f 3515 3529 3517
f 3529 3528 3517
f 3517 3528 3519
f 3528 3530 3519
f 3519 3530 3521
f 3530 4331 3521
f 3521 4331 3400
f 4331 4332 3400
f 3400 4332 3398
f 4332 4333 3398
f 3398 4333 4256
f 3385 3384 3440
f 3384 3971 3440
f 3440 3971 3986
f 3971 3445 3986
f 3986 3445 3988
f 3445 3444 3988
f 3988 3444 3990
f 3444 3442 3990
f 3990 3442 3992
f 3442 3441 3992
f 3992 3441 3993
f 3441 3979 3993
f 3993 3979 4066
f 3979 4247 4066
f 4066 4247 4068
f 4247 4246 4068
f 4068 4246 4070
f 4246 4245 4070
f 4070 4245 4072
f 4245 4244 4072
f 4072 4244 4074
f 4244 4242 4074
f 4074 4242 4076
f 4242 4240 4076
f 4076 4240 4285
f 4240 4229 4285
f 4285 4229 4258
f 4229 4228 4258
f 4258 4228 4259
f 4228 4230 4259
f 4259 4230 4261
f 4230 4251 4261
f 4261 4251 4263
f 4251 4252 4263
f 4263 4252 4265
f 4252 4257 4265
f 4265 4257 4267
f 4257 3396 4267
f 4267 3396 4269
f 3396 3395 4269
f 4269 3395 4270
f 3395 4256 4270
f 4270 4256 4277
f 4256 4333 4277
f 4277 4333 4275
f 4333 4332 4275
f 4275 4332 4273
f 4332 4331 4273
f 4273 4331 4271
f 4331 3530 4271
f 4271 3530 3544
f 3530 3531 3544
f 3544 3531 3545
f 3531 3532 3545
f 3545 3532 3546
f 3532 3533 3546
f 3546 3533 3547
f 3533 3539 3547
f 3547 3539 3571
f 3539 3540 3571
f 3571 3540 3624
f 3451 3392 3452
f 3392 3394 3452
f 3452 3394 4334
f 3394 4335 4334
f 4334 4335 4336
f 4335 4337 4336
f 4336 4337 4338
f 4337 4339 4338
f 4338 4339 3890
f 4339 4340 3890
f 3890 4340 3891
f 4341 3747 4342
f 3747 3746 4342
f 4342 3746 4343
f 3746 3770 4343
f 4343 3770 4344
f 3770 3769 4344
f 4344 3769 4345
f 3769 3768 4345
f 4345 3768 4346
f 3768 3767 4346
f 4346 3767 4347
f 3767 3766 4347
f 4347 3766 4348
f 3766 3765 4348
f 4348 3765 4349
f 3765 3764 4349
f 4349 3764 4350
f 3764 3733 4350
f 4350 3733 4351
f 3733 3466 4351
f 4351 3466 4352
f 3466 3628 4352
f 4352 3628 4353
f 3628 3630 4353
f 4353 3630 4354
f 3630 3632 4354
f 4354 3632 4355
f 3632 3472 4355
f 4355 3472 4356
f 3472 3471 4356
f 4356 3471 4357
f 3471 3625 4357
f 4357 3625 4358
f 3625 3626 4358
f 4358 3626 4359
f 3626 3627 4359
f 4359 3627 4360
f 3627 3994 4360
f 4360 3994 4361
f 3994 4031 4361
f 4361 4031 4362
f 4031 4032 4362
f 4362 4032 4363
f 4032 4056 4363
f 4363 4056 4364
f 4056 4057 4364
f 4364 4057 4365
f 4057 3428 4365
f 4365 3428 4366
f 3428 4118 4366
f 4366 4118 4367
f 4118 4120 4367
f 4367 4120 4368
f 4120 4122 4368
f 4368 4122 4369
f 4122 4124 4369
f 4369 4124 4370
f 4124 4126 4370
f 4370 4126 4371
f 4126 4128 4371
f 4371 4128 4372
f 4128 4130 4372
f 4372 4130 3435
f 4130 4132 3435
f 3435 4132 3433
f 3449 3450 3905
f 3450 3452 3905
f 3905 3452 3906
f 3452 4334 3906
f 3906 4334 3949
f 4334 4336 3949
f 3949 4336 3895
f 4336 4338 3895
f 3895 4338 3889
f 4338 3890 3889
f 3889 3890 3888
f 3890 3892 3888
f 3888 3892 3820
f 3892 3894 3820
f 3820 3894 3821
f 3894 3960 3821
f 3821 3960 3805
f 3960 3962 3805
f 3805 3962 3806
f 3962 3843 3806
f 3806 3843 3842
f 3843 3845 3842
f 3842 3845 3797
f 3845 3847 3797
f 3797 3847 3796
f 3847 3849 3796
f 3796 3849 3795
f 3849 3851 3795
f 3795 3851 3693
f 3851 3853 3693
f 3693 3853 3694
f 3853 3855 3694
f 3694 3855 3715
f 3855 3967 3715
f 3715 3967 3704
f 3967 3716 3704
f 3704 3716 3683
f 3716 3718 3683
f 3683 3718 3682
f 3718 3720 3682
f 3682 3720 3669
f 3720 3688 3669
f 3669 3688 3670
f 3688 3690 3670
f 3670 3690 3687
f 3690 3692 3687
f 3687 3692 3660
f 3692 3725 3660
f 3660 3725 3659
f 3725 3727 3659
f 3659 3727 3658
f 3727 3649 3658
f 3658 3649 3657
f 3649 3651 3657
f 3657 3651 3656
f 3651 3653 3656
f 3656 3653 3642
f 3653 3655 3642
f 3642 3655 4191
f 3655 3663 4191
f 4191 3663 4192
f 3663 3665 4192
f 4192 3665 4193
f 3665 3667 4193
f 4193 3667 4194
f 3667 3668 4194
f 4194 3668 4195
f 3618 4341 3473
f 4341 4342 3473
f 3473 4342 3474
f 4342 4343 3474
f 3474 4343 3607
f 4343 4344 3607
f 3607 4344 3608
f 4344 4345 3608
f 3608 4345 3609
f 4345 4346 3609
f 3609 4346 3610
f 4346 4347 3610
f 3610 4347 3611
f 4347 4348 3611
f 3611 4348 3612
f 4348 4349 3612
f 3612 4349 3613
f 4349 4350 3613
f 3613 4350 3614
f 4350 4351 3614
f 3614 4351 3615
f 4351 4352 3615
f 3615 4352 3616
f 4352 4353 3616
f 3616 4353 4330
f 4353 4354 4330
f 4330 4354 4328
f 4354 4355 4328
f 4328 4355 4326
f 4355 4356 4326
f 4326 4356 4324
f 4356 4357 4324
f 4324 4357 4322
f 4357 4358 4322
f 4322 4358 4320
f 4358 4359 4320
f 4320 4359 4318
f 4359 4360 4318
f 4318 4360 4316
f 4360 4361 4316
f 4316 4361 4314
f 4361 4362 4314
f 4314 4362 3439
f 4362 4363 3439
f 3439 4363 3437
f 4363 4364 3437
f 3437 4364 4097
f 4364 4365 4097
f 4097 4365 4099
f 4365 4366 4099
f 4099 4366 4101
f 4366 4367 4101
f 4101 4367 4103
f 4367 4368 4103
f 4103 4368 4105
f 4368 4369 4105
f 4105 4369 4107
f 4369 4370 4107
f 4107 4370 4109
f 4370 4371 4109
f 4109 4371 4111
f 4371 4372 4111
f 4111 4372 4113
f 4372 3435 4113
f 4113 3435 4094
f 3435 3434 4094
f 4094 3434 4092
f 4373 4374 4375
f 4375 4376 4377
f 4375 4377 4373
f 4377 4378 4373
f 4373 4378 4379
f 4378 4380 4379
f 4380 4381 4379
f 4379 4381 4382
f 4381 4383 4382
f 4382 4383 4384
f 4383 4385 4384
f 4384 4385 4386
f 4385 4387 4386
f 4386 4387 4388
f 4389 4374 4390
f 4374 4373 4390
f 4390 4373 4391
f 4373 4379 4391
f 4391 4379 4392
f 4379 4382 4392
f 4392 4382 4393
f 4382 4384 4393
f 4393 4384 4394
f 4384 4386 4394
f 4394 4386 4395
f 4386 4388 4395
f 4395 4388 4396
f 4388 4397 4396
f 4396 4397 4398
f 4397 4399 4398
f 4398 4399 4400
f 4399 4401 4400
f 4400 4401 4402
f 4401 4403 4402
f 4402 4403 4404
f 4405 4406 4407
f 4387 4408 4388
f 4408 4409 4388
f 4388 4409 4397
f 4409 4410 4397
f 4397 4410 4399
f 4410 4411 4399
f 4399 4411 4401
f 4411 4412 4401
f 4401 4412 4403
f 4407 4413 4414
f 4413 4415 4414
f 4414 4415 4416
f 4415 4417 4416
f 4416 4417 4418
f 4417 4419 4418
f 4418 4419 4420
f 4419 4421 4420
f 4420 4421 4422
f 4421 4423 4422
f 4422 4423 4424
f 4423 4425 4424
f 4424 4425 4426
f 4425 4427 4426
f 4426 4427 4428
f 4427 4429 4428
f 4428 4429 4430
f 4429 4431 4430
f 4430 4431 4432
f 4431 4433 4432
f 4432 4433 4434
f 4433 4435 4434
f 4434 4435 4436
f 4435 4437 4436
f 4436 4437 4438
f 4437 4439 4438
f 4438 4439 4440
f 4439 4441 4440
f 4440 4441 4442
f 4441 4443 4442
f 4442 4443 4444
f 4443 4445 4444
f 4444 4445 4446
f 4445 4447 4446
f 4446 4447 4448
f 4447 4449 4448
f 4448 4449 4450
f 4413 4451 4452
f 4451 4453 4452
f 4452 4453 4454
f 4453 4455 4454
f 4454 4455 4456
f 4455 4457 4456
f 4456 4457 4458
f 4457 4459 4458
f 4458 4459 4460
f 4459 4461 4460
f 4460 4461 4462
f 4461 4463 4462
f 4462 4463 4464
f 4463 4465 4464
f 4464 4465 4466
f 4467 4465 4468
f 4465 4463 4468
f 4468 4463 4469
f 4463 4461 4469
f 4469 4461 4470
f 4461 4459 4470
f 4470 4459 4471
f 4459 4457 4471
f 4471 4457 4472
f 4457 4455 4472
f 4472 4455 4473
f 4455 4453 4473
f 4473 4453 4474
f 4466 4475 4476
f 4475 4477 4476
f 4476 4477 4478
f 4477 4479 4478
f 4478 4479 4480
f 4479 4481 4480
f 4480 4481 4482
f 4481 4483 4482
f 4482 4483 4484
f 4483 4485 4484
f 4484 4485 4486
f 4487 4488 4489
f 4487 4489 4490
f 4489 4491 4490
f 4490 4491 4492
f 4493 4491 4494
f 4491 4489 4494
f 4494 4489 4495
f 4489 4488 4495
f 4495 4488 4496
f 4488 4497 4496
f 4487 4486 4488
f 4486 4485 4488
f 4488 4485 4497
f 4485 4483 4497
f 4497 4483 4498
f 4483 4481 4498
f 4498 4481 4499
f 4481 4479 4499
f 4499 4479 4500
f 4479 4477 4500
f 4500 4477 4501
f 4466 4465 4475
f 4465 4467 4475
f 4475 4467 4477
f 4467 4502 4477
f 4477 4502 4501
f 4413 4452 4415
f 4452 4454 4415
f 4415 4454 4417
f 4454 4456 4417
f 4417 4456 4419
f 4456 4458 4419
f 4419 4458 4421
f 4458 4460 4421
f 4421 4460 4423
f 4460 4462 4423
f 4423 4462 4425
f 4462 4464 4425
f 4425 4464 4427
f 4464 4466 4427
f 4427 4466 4429
f 4466 4476 4429
f 4429 4476 4431
f 4476 4478 4431
f 4431 4478 4433
f 4478 4480 4433
f 4433 4480 4435
f 4480 4482 4435
f 4435 4482 4437
f 4482 4484 4437
f 4437 4484 4439
f 4484 4486 4439
f 4439 4486 4441
f 4486 4487 4441
f 4441 4487 4443
f 4487 4490 4443
f 4443 4490 4445
f 4490 4492 4445
f 4445 4492 4447
f 4492 4503 4447
f 4447 4503 4449
f 3762 3748 4504
f 4504 4505 3762
f 4505 4506 3762
f 3762 4506 3763
f 4506 3755 3763
f 3755 4506 3756
f 4506 4507 3756
f 3756 4507 4508
f 4509 3781 4510
f 3781 3780 4510
f 4510 3780 4511
f 3780 3779 4511
f 4511 3779 4508
f 3779 3778 4508
f 4508 3778 3756
f 4512 3865 4513
f 3865 3784 4513
f 4513 3784 4514
f 3784 3783 4514
f 4514 3783 4509
f 3783 3782 4509
f 4509 3782 3781
f 4515 3957 4516
f 3957 3455 4516
f 4516 3455 4517
f 3455 3454 4517
f 4517 3454 4512
f 3454 3866 4512
f 4512 3866 3865
f 4518 3448 4515
f 3448 3939 4515
f 4515 3939 3957
f 3392 3451 4519
f 3451 3450 4519
f 4519 3450 4518
f 3450 3449 4518
f 4518 3449 3448
f 4520 4521 4522
f 4523 4524 4525
f 4526 4527 4520
f 4527 4528 4520
f 4520 4528 4521
f 3489 4529 3487
f 4529 4530 3487
f 3487 4530 3549
f 4530 4531 3549
f 4532 4533 3542
f 3542 3543 4532
f 3543 3535 4532
f 4532 3535 4534
f 3535 3534 4534
f 4534 3534 4531
f 3534 3548 4531
f 4531 3548 3549
f 4535 3583 4536
f 3583 3478 4536
f 4536 3478 4537
f 3618 3617 4538
f 4538 4539 3618
f 4539 4540 3618
f 3618 4540 4341
f 4540 4504 4341
f 4341 4504 3747
f 4504 3748 3747
f 3617 3604 4538
f 3604 3623 4538
f 4538 3623 4541
f 3623 3622 4541
f 4541 3622 4542
f 3622 3620 4542
f 4542 3620 4535
f 3620 3619 4535
f 4535 3619 3583
f 3478 3477 4537
f 3477 3624 4537
f 4537 3624 4543
f 3624 3540 4543
f 4543 3540 4533
f 3540 3541 4533
f 4533 3541 3542
f 4544 4545 4546
f 4545 4547 4546
f 4546 4547 4548
f 4547 4549 4548
f 4548 4549 4550
f 4549 4551 4550
f 4550 4551 4552
f 4551 4553 4552
f 4552 4553 4554
f 4553 4555 4554
f 4554 4555 4556
f 4555 4557 4556
f 4556 4557 4558
f 4557 4559 4558
f 4558 4559 4560
f 4559 4561 4560
f 4560 4561 4562
f 4561 4563 4562
f 4562 4563 4564
f 4563 4565 4564
f 4564 4565 4566
f 4565 4567 4566
f 4566 4567 4568
f 4567 4569 4568
f 4568 4569 4570
f 4569 4571 4570
f 4570 4571 4572
f 4571 4573 4572
f 4572 4573 4574
f 4573 4575 4574
f 4574 4575 4576
f 4575 4577 4576
f 4576 4577 4578
f 4577 4579 4578
f 4578 4579 4580
f 4579 4581 4580
f 4580 4581 4582
f 4581 4523 4582
f 4582 4523 4526
f 4523 4525 4526
f 4526 4525 4527
f 3489 4389 4529
f 4389 4390 4529
f 4529 4390 4530
f 4390 4391 4530
f 4530 4391 4531
f 4391 4392 4531
f 4531 4392 4534
f 4392 4393 4534
f 4534 4393 4532
f 4393 4394 4532
f 4532 4394 4533
f 4394 4395 4533
f 4533 4395 4543
f 4395 4396 4543
f 4543 4396 4537
f 4396 4398 4537
f 4537 4398 4536
f 4398 4400 4536
f 4536 4400 4535
f 4400 4402 4535
f 4535 4402 4542
f 4402 4404 4542
f 4542 4404 4541
f 4403 4544 4404
f 4544 4546 4404
f 4404 4546 4541
f 4546 4548 4541
f 4541 4548 4538
f 4548 4550 4538
f 4538 4550 4539
f 4550 4552 4539
f 4539 4552 4540
f 4552 4554 4540
f 4540 4554 4504
f 4554 4556 4504
f 4504 4556 4505
f 4556 4558 4505
f 4505 4558 4506
f 4558 4560 4506
f 4506 4560 4507
f 4560 4562 4507
f 4507 4562 4508
f 4562 4564 4508
f 4508 4564 4511
f 4564 4566 4511
f 4511 4566 4510
f 4566 4568 4510
f 4510 4568 4509
f 4568 4570 4509
f 4509 4570 4514
f 4570 4572 4514
f 4514 4572 4513
f 4572 4574 4513
f 4513 4574 4512
f 4574 4576 4512
f 4512 4576 4517
f 4576 4578 4517
f 4517 4578 4516
f 4578 4580 4516
f 4516 4580 4515
f 4580 4582 4515
f 4515 4582 4518
f 4582 4526 4518
f 4518 4526 4519
f 4526 4520 4519
f 4519 4520 3392
f 4520 4522 3392
f 3392 4522 3393
f 4493 4493 4491
f 4493 4583 4491
f 4491 4583 4584
f 4584 4585 4491
f 4585 4586 4491
f 4491 4586 4492
f 4586 4587 4492
f 4492 4587 4503
f 4407 4406 4413
f 4406 4588 4413
f 4413 4588 4451
f 4588 4589 4451
f 4451 4589 4453
f 4589 4590 4453
f 4453 4590 4474
f 4412 4591 4403
f 4591 4592 4403
f 4403 4592 4544
f 4592 4405 4544
f 4544 4405 4545
f 4405 4407 4545
f 4545 4407 4547
f 4407 4414 4547
f 4547 4414 4549
f 4414 4416 4549
f 4549 4416 4551
f 4416 4418 4551
f 4551 4418 4553
f 4418 4420 4553
f 4553 4420 4555
f 4420 4422 4555
f 4555 4422 4557
f 4422 4424 4557
f 4557 4424 4559
f 4424 4426 4559
f 4559 4426 4561
f 4426 4428 4561
f 4561 4428 4563
f 4428 4430 4563
f 4563 4430 4565
f 4430 4432 4565
f 4565 4432 4567
f 4432 4434 4567
f 4567 4434 4569
f 4434 4436 4569
f 4569 4436 4571
f 4436 4438 4571
f 4571 4438 4573
f 4438 4440 4573
f 4573 4440 4575
f 4440 4442 4575
f 4575 4442 4577
f 4442 4444 4577
f 4577 4444 4579
f 4444 4446 4579
f 4579 4446 4581
f 4446 4448 4581
f 4581 4448 4523
f 4448 4450 4523
f 4523 4450 4524
f 4593 4594 4595
f 4596 4597 4598
f 4597 4599 4598
f 4600 4601 4602
f 4603 4604 4605
f 4606 4607 4608
f 4609 4610 4611
f 4584 4583 4612
f 4583 4493 4612
f 4612 4493 4613
f 4493 4614 4613
f 4613 4614 4615
f 4610 4615 4611
f 4615 4614 4611
f 4611 4614 4616
f 4617 4616 4494
f 4616 4614 4494
f 4494 4614 4493
f 4614 4493 4493
f 4494 4495 4617
f 4495 4496 4617
f 4617 4496 4618
f 4496 4497 4618
f 4618 4497 4619
f 4497 4498 4619
f 4619 4498 4620
f 4498 4499 4620
f 4620 4499 4621
f 4622 4623 4624
f 4623 4625 4624
f 4624 4625 4626
f 4625 4627 4626
f 4499 4500 4621
f 4500 4501 4621
f 4621 4501 4628
f 4501 4502 4628
f 4628 4502 4629
f 4502 4467 4629
f 4629 4467 4630
f 4467 4468 4630
f 4630 4468 4631
f 4468 4469 4631
f 4631 4469 4632
f 4469 4470 4632
f 4632 4470 4622
f 4470 4471 4622
f 4622 4471 4623
f 4633 4634 4635
f 4634 4606 4635
f 4635 4606 4636
f 4608 4607 4637
f 4607 4638 4637
f 4637 4638 4639
f 4638 4640 4639
f 4639 4640 4641
f 4640 4642 4641
f 4641 4642 4643
f 4642 4644 4643
f 4643 4644 4645
f 4644 4646 4645
f 4645 4646 4647
f 4646 4648 4647
f 4647 4648 4649
f 4648 4650 4649
f 4649 4650 4651
f 4650 4652 4651
f 4651 4652 4653
f 4652 4654 4653
f 4653 4654 4655
f 4654 4656 4655
f 4655 4656 4657
f 4656 4658 4657
f 4657 4658 4659
f 4658 4660 4659
f 4659 4660 4661
f 4662 4663 4664
f 4663 4665 4664
f 4664 4665 4666
f 4665 4667 4666
f 4666 4667 4633
f 4668 4669 4670
f 4669 4671 4670
f 4670 4671 4636
f 4671 4672 4636
f 4636 4672 4635
f 4673 4608 4674
f 4608 4637 4674
f 4674 4637 4675
f 4637 4639 4675
f 4675 4639 4676
f 4639 4641 4676
f 4676 4641 4677
f 4641 4643 4677
f 4677 4643 4678
f 4643 4645 4678
f 4678 4645 4679
f 4645 4647 4679
f 4679 4647 4680
f 4647 4649 4680
f 4680 4649 4681
f 4649 4651 4681
f 4681 4651 4682
f 4651 4653 4682
f 4682 4653 4683
f 4653 4655 4683
f 4683 4655 4684
f 4655 4657 4684
f 4684 4657 4685
f 4657 4659 4685
f 4685 4659 4686
f 4659 4661 4686
f 4686 4661 4687
f 4633 4635 4666
f 4635 4672 4666
f 4666 4672 4664
f 4672 4671 4664
f 4664 4671 4662
f 4671 4669 4662
f 4662 4669 4688
f 4669 4668 4688
f 4688 4668 4605
f 4689 4690 4691
f 4689 4601 4690
f 4601 4600 4690
f 4690 4600 4383
f 4378 4691 4380
f 4691 4690 4380
f 4380 4690 4381
f 4690 4383 4381
f 4692 4408 4602
f 4408 4387 4602
f 4602 4387 4600
f 4387 4385 4600
f 4600 4385 4383
f 4605 4604 4688
f 4604 4693 4688
f 4688 4693 4662
f 4693 4694 4662
f 4662 4694 4663
f 4695 4596 4696
f 4596 4598 4696
f 4696 4598 4697
f 4698 4695 4699
f 4695 4696 4699
f 4699 4696 4700
f 4696 4697 4700
f 4700 4697 4701
f 4594 4698 4595
f 4698 4699 4595
f 4595 4699 4702
f 4699 4700 4702
f 4702 4700 4703
f 4700 4701 4703
f 4703 4701 4704
f 4705 4704 4706
f 4704 4701 4706
f 4706 4701 4707
f 4701 4697 4707
f 4707 4697 4708
f 4697 4598 4708
f 4708 4598 4709
f 4598 4599 4709
f 4709 4599 4710
f 4599 4711 4710
f 4710 4711 4712
f 4711 4713 4712
f 4712 4713 4714
f 4713 4715 4714
f 4714 4715 4716
f 4715 4717 4716
f 4716 4717 4718
f 4717 4719 4718
f 4718 4719 4720
f 4719 4721 4720
f 4720 4721 4722
f 4721 4723 4722
f 4722 4723 4724
f 4723 4725 4724
f 4724 4725 4726
f 4725 4727 4726
f 4726 4727 4728
f 4727 4729 4728
f 4728 4729 4730
f 4729 4731 4730
f 4730 4731 4732
f 4733 4734 4735
f 4734 4736 4735
f 4735 4736 4737
f 4736 4738 4737
f 4737 4738 4739
f 4740 4733 4741
f 4733 4735 4741
f 4741 4735 4742
f 4735 4737 4742
f 4742 4737 4743
f 4737 4739 4743
f 4743 4739 4744
f 4739 4745 4744
f 4744 4745 4746
f 4745 4747 4746
f 4746 4747 4748
f 4747 4749 4748
f 4748 4749 4750
f 4749 4751 4750
f 4750 4751 4752
f 4751 4753 4752
f 4752 4753 4754
f 4753 4755 4754
f 4754 4755 4756
f 4755 4757 4756
f 4756 4757 4758
f 4757 4759 4758
f 4758 4759 4760
f 4759 4761 4760
f 4760 4761 4762
f 4761 4763 4762
f 4762 4763 4764
f 4763 4765 4764
f 4764 4765 4766
f 4765 4767 4766
f 4766 4767 4768
f 4769 4770 4771
f 4770 4772 4771
f 4773 4774 4775
f 4774 4776 4775
f 4777 4778 4779
f 4778 4780 4779
f 4770 4773 4772
f 4773 4775 4772
f 4772 4775 4781
f 4775 4782 4781
f 4781 4782 4783
f 4782 4784 4783
f 4783 4784 4785
f 4784 4786 4785
f 4785 4786 4787
f 4786 4788 4787
f 4787 4788 4789
f 4788 4790 4789
f 4789 4790 4791
f 4790 4792 4791
f 4791 4792 4793
f 4792 4794 4793
f 4793 4794 4795
f 4794 4796 4795
f 4795 4796 4797
f 4796 4798 4797
f 4797 4798 4799
f 4798 4800 4799
f 4799 4800 4801
f 4800 4802 4801
f 4801 4802 4803
f 4802 4804 4803
f 4803 4804 4805
f 4804 4806 4805
f 4805 4806 4732
f 4806 4768 4732
f 4732 4768 4730
f 4768 4767 4730
f 4730 4767 4728
f 4767 4765 4728
f 4728 4765 4726
f 4765 4763 4726
f 4726 4763 4724
f 4763 4761 4724
f 4724 4761 4722
f 4761 4759 4722
f 4722 4759 4720
f 4759 4757 4720
f 4720 4757 4718
f 4757 4755 4718
f 4718 4755 4716
f 4755 4753 4716
f 4716 4753 4714
f 4753 4751 4714
f 4714 4751 4712
f 4751 4749 4712
f 4712 4749 4710
f 4749 4747 4710
f 4710 4747 4709
f 4747 4745 4709
f 4709 4745 4708
f 4745 4739 4708
f 4708 4739 4707
f 4739 4738 4707
f 4707 4738 4706
f 4738 4736 4706
f 4706 4736 4705
f 4736 4734 4705
f 4777 4609 4778
f 4609 4611 4778
f 4778 4611 4807
f 4611 4616 4807
f 4807 4616 4808
f 4616 4617 4808
f 4808 4617 4809
f 4617 4618 4809
f 4809 4618 4810
f 4618 4619 4810
f 4810 4619 4811
f 4619 4620 4811
f 4811 4620 4812
f 4620 4621 4812
f 4812 4621 4813
f 4621 4628 4813
f 4813 4628 4814
f 4628 4629 4814
f 4814 4629 4815
f 4629 4630 4815
f 4815 4630 4816
f 4630 4631 4816
f 4816 4631 4817
f 4631 4632 4817
f 4817 4632 4818
f 4632 4622 4818
f 4818 4622 4687
f 4622 4624 4687
f 4687 4624 4686
f 4624 4626 4686
f 4686 4626 4685
f 4626 4627 4685
f 4685 4627 4684
f 4627 4819 4684
f 4684 4819 4683
f 4819 4820 4683
f 4683 4820 4682
f 4820 4821 4682
f 4682 4821 4681
f 4821 4822 4681
f 4681 4822 4680
f 4822 4823 4680
f 4680 4823 4679
f 4823 4824 4679
f 4679 4824 4678
f 4824 4825 4678
f 4678 4825 4677
f 4825 4826 4677
f 4677 4826 4676
f 4826 4827 4676
f 4676 4827 4675
f 4827 4692 4675
f 4675 4692 4674
f 4692 4602 4674
f 4674 4602 4673
f 4602 4601 4673
f 4673 4601 4828
f 4601 4689 4828
f 4828 4689 4829
f 4689 4691 4829
f 4829 4691 4830
f 4691 4378 4830
f 4830 4378 4377
f 4606 4608 4636
f 4608 4673 4636
f 4636 4673 4670
f 4673 4828 4670
f 4670 4828 4668
f 4828 4829 4668
f 4668 4829 4605
f 4829 4830 4605
f 4605 4830 4603
f 4830 4377 4603
f 4603 4377 4376
f 4471 4472 4623
f 4472 4473 4623
f 4623 4473 4625
f 4473 4474 4625
f 4625 4474 4627
f 4474 4590 4627
f 4627 4590 4819
f 4590 4589 4819
f 4819 4589 4820
f 4589 4588 4820
f 4820 4588 4821
f 4588 4406 4821
f 4821 4406 4822
f 4406 4405 4822
f 4822 4405 4823
f 4405 4592 4823
f 4823 4592 4824
f 4592 4591 4824
f 4824 4591 4825
f 4591 4412 4825
f 4825 4412 4826
f 4412 4411 4826
f 4826 4411 4827
f 4411 4410 4827
f 4827 4410 4692
f 4410 4409 4692
f 4692 4409 4408
f 4831 4832 4740
f 4832 4832 4740
f 4740 4832 4733
f 4832 4833 4733
f 4733 4833 4734
f 4833 4834 4734
f 4734 4834 4705
f 4834 4835 4705
f 4705 4835 4704
f 4835 4836 4704
f 4704 4836 4703
f 4836 4837 4703
f 4703 4837 4702
f 4837 4838 4702
f 4702 4838 4595
f 4838 4839 4595
f 4595 4839 4593
f 4839 4840 4593
f 4776 4780 4775
f 4780 4778 4775
f 4775 4778 4782
f 4778 4807 4782
f 4782 4807 4784
f 4807 4808 4784
f 4784 4808 4786
f 4808 4809 4786
f 4786 4809 4788
f 4809 4810 4788
f 4788 4810 4790
f 4810 4811 4790
f 4790 4811 4792
f 4811 4812 4792
f 4792 4812 4794
f 4812 4813 4794
f 4794 4813 4796
f 4813 4814 4796
f 4796 4814 4798
f 4814 4815 4798
f 4798 4815 4800
f 4815 4816 4800
f 4800 4816 4802
f 4816 4817 4802
f 4802 4817 4804
f 4817 4818 4804
f 4804 4818 4806
f 4818 4687 4806
f 4806 4687 4768
f 4687 4661 4768
f 4768 4661 4766
f 4661 4660 4766
f 4766 4660 4764
f 4660 4658 4764
f 4764 4658 4762
f 4658 4656 4762
f 4762 4656 4760
f 4656 4654 4760
f 4760 4654 4758
f 4654 4652 4758
f 4758 4652 4756
f 4652 4650 4756
f 4756 4650 4754
f 4650 4648 4754
f 4754 4648 4752
f 4648 4646 4752
f 4752 4646 4750
f 4646 4644 4750
f 4750 4644 4748
f 4644 4642 4748
f 4748 4642 4746
f 4642 4640 4746
f 4746 4640 4744
f 4640 4638 4744
f 4744 4638 4743
f 4638 4607 4743
f 4743 4607 4742
f 4607 4606 4742
f 4742 4606 4741
f 4606 4634 4741
f 4741 4634 4740
f 4634 4633 4740
f 4740 4633 4831
f 4633 4667 4831
f 4841 4842 4843
f 4842 4844 4843
f 4843 4844 4845
f 4844 4846 4845
f 4845 4846 4847
f 4846 4848 4847
f 4847 4848 4849
f 4848 4850 4849
f 4849 4850 4851
f 4850 4852 4851
f 4851 4852 4853
f 4852 4854 4853
f 4853 4854 4855
f 4854 4856 4855
f 4855 4856 4857
f 4856 4858 4857
f 4857 4858 4859
f 4858 4860 4859
f 4859 4860 4861
f 4860 4862 4861
f 4863 4864 4865
f 4863 4865 4866
f 4865 4867 4866
f 4866 4867 4868
f 4867 4869 4868
f 4868 4869 4870
f 4869 4871 4870
f 4870 4871 4872
f 4871 4873 4872
f 4872 4873 4874
f 4873 4875 4874
f 4874 4875 4876
f 4875 4877 4876
f 4876 4877 4878
f 4877 4879 4878
f 4878 4879 4880
f 4879 4881 4880
f 4880 4881 4882
f 4881 4883 4882
f 4882 4883 4884
f 4883 4885 4884
f 4884 4885 4886
f 4885 4887 4886
f 4886 4887 4888
f 4887 4889 4888
f 4888 4889 4890
f 4889 4891 4890
f 4890 4891 4892
f 4891 4893 4892
f 4892 4893 4894
f 4893 4895 4894
f 4894 4895 4896
f 4895 4897 4896
f 4896 4897 4898
f 4897 4899 4898
f 4898 4899 4900
f 4899 4901 4900
f 4900 4901 4902
f 4901 4903 4902
f 4902 4903 4904
f 4903 4905 4904
f 4904 4905 4906
f 4905 4907 4906
f 4906 4907 4908
f 4907 4909 4908
f 4908 4909 4910
f 4909 4861 4910
f 4910 4861 4862
f 4911 4912 4864
f 4913 4914 4864
f 4914 4915 4864
f 4864 4915 4911
f 4916 4917 4864
f 4917 4918 4864
f 4864 4918 4913
f 4919 4920 4864
f 4920 4921 4864
f 4864 4921 4916
f 4863 4922 4864
f 4922 4923 4864
f 4864 4923 4919
f 4841 4924 4842
f 4924 4925 4842
f 4926 4927 4928
f 4929 4930 4931
f 4930 4932 4931
f 4931 4932 4933
f 4932 4934 4933
f 4929 4935 4930
f 4935 4936 4930
f 4930 4936 4937
f 4938 4939 4940
f 4926 4928 4941
f 4928 4942 4941
f 4942 4943 4941
f 4941 4943 4944
f 4943 4945 4944
f 4944 4945 4946
f 4946 4947 4944
f 4947 4948 4944
f 4944 4948 4932
f 4948 4949 4932
f 4932 4949 4934
f 4940 4950 4938
f 4950 4951 4938
f 4938 4951 4952
f 4953 4954 4955
f 4954 4956 4955
f 4955 4956 4926
f 4956 4957 4926
f 4926 4957 4927
f 4937 4958 4930
f 4958 4959 4930
f 4930 4959 4960
f 4952 4961 4938
f 4961 4962 4938
f 4938 4962 4963
f 4962 4964 4963
f 4963 4964 4965
f 4966 4967 4968
f 4967 4969 4968
f 4966 4970 4967
f 4970 4971 4967
f 4967 4971 4964
f 4971 4972 4964
f 4964 4972 4965
f 4973 4974 4975
f 4974 4976 4975
f 4975 4976 4977
f 4976 4978 4977
f 4977 4978 4979
f 4978 4980 4979
f 4979 4980 4981
f 4980 4982 4981
f 4981 4982 4983
f 4982 4953 4983
f 4983 4953 4984
f 4953 4955 4984
f 4985 4986 4987
f 4986 4988 4987
f 4987 4988 4989
f 4990 4991 4992
f 4989 4993 4987
f 4993 4994 4987
f 4987 4994 4995
f 4994 4996 4995
f 4995 4996 4997
f 4998 4999 5000
f 4999 5001 5000
f 5000 5001 4987
f 5001 5002 4987
f 4987 5002 4985
f 4992 4991 5000
f 4991 5003 5000
f 5000 5003 4998
f 4992 5004 4990
f 5004 5005 4990
f 4990 5005 5006
f 5005 5007 5006
f 5006 5007 4973
f 5007 5008 4973
f 4973 5008 4974
f 4997 5009 4995
f 5009 5010 4995
f 4995 5010 4967
f 5010 5011 4967
f 4967 5011 4969
f 5012 4922 4863
f 5013 5014 5015
f 5014 5016 5015
f 5016 5017 5015
f 5015 5017 5018
f 5017 5019 5018
f 5018 5019 5020
f 5021 5022 5023
f 5022 5024 5023
f 5023 5024 5025
f 5020 5026 5018
f 5026 5027 5018
f 5018 5027 5023
f 5027 5028 5023
f 5023 5028 5021
f 5024 5029 5025
f 5029 5030 5025
f 5025 5030 5031
f 5030 5032 5031
f 4863 5033 5034
f 5035 5036 5015
f 5036 5037 5015
f 5015 5037 5013
f 5038 4925 5039
f 4925 5031 5039
f 5039 5031 5040
f 5031 5032 5040
f 5034 5041 4863
f 5041 5042 4863
f 4863 5042 5012
f 4874 4876 5043
f 4876 4878 5043
f 4866 5044 4863
f 5044 5045 4863
f 4863 5045 5033
f 5038 5046 4925
f 5046 5047 4925
f 4925 5047 4842
f 5047 4844 4842
f 4844 5047 4846
f 5047 5048 4846
f 4846 5048 4848
f 5048 5049 4848
f 4848 5049 4850
f 5049 5050 4850
f 4850 5050 4852
f 5050 5051 4852
f 4852 5051 4854
f 5051 5052 4854
f 5052 5053 4854
f 4854 5053 4856
f 5053 5054 4856
f 4856 5054 4858
f 4894 4896 5055
f 4866 4868 5044
f 4868 4870 5044
f 5044 4870 5043
f 4870 4872 5043
f 5043 4872 4874
f 4896 4898 5055
f 4898 4900 5055
f 5055 4900 4902
f 4908 5056 4906
f 5056 5055 4906
f 4906 5055 4904
f 5055 4902 4904
f 4886 4888 5057
f 4888 4890 5057
f 5057 4890 5055
f 4890 4892 5055
f 5055 4892 4894
f 4878 4880 5043
f 4880 4882 5043
f 5043 4882 5057
f 4882 4884 5057
f 5057 4884 4886
f 5054 5058 4858
f 5058 5059 4858
f 4858 5059 4860
f 5059 5060 4860
f 4860 5060 4862
f 5060 5056 4862
f 4862 5056 4910
f 5056 4908 4910
f 4925 5061 5031
f 5061 5062 5031
f 5031 5062 5063
f 5062 5064 5063
f 5063 5064 5065
f 5064 5066 5065
f 5066 5067 5065
f 5067 5068 5065
f 5065 5068 5069
f 5068 5070 5069
f 5069 5070 5071
f 5070 5072 5071
f 5072 5073 5071
f 5073 5074 5071
f 5071 5074 5075
f 5074 5076 5075
f 5075 5076 5077
f 5076 5078 5077
f 5077 5078 5079
f 5079 5080 5077
f 5080 5081 5077
f 5077 5081 5082
f 5081 5083 5082
f 5082 5083 5084
f 5083 5085 5084
f 5085 5086 5084
f 5084 5086 5087
f 5086 5088 5087
f 5087 5088 5089
f 5088 5090 5089
f 5090 5091 5089
f 5091 5092 5089
f 5089 5092 5093
f 5092 5094 5093
f 5093 5094 5095
f 5094 5096 5095
f 5096 5097 5095
f 5095 5097 5098
f 5097 5099 5098
f 5098 5099 5100
f 5099 5101 5100
f 5101 5102 5100
f 5100 5102 5103
f 5102 5104 5103
f 5103 5104 5105
f 5104 5106 5105
f 5106 5107 5105
f 5107 5108 5105
f 5105 5108 5109
f 5108 5110 5109
f 5109 5110 5111
f 5110 5112 5111
f 5112 5113 5111
f 5111 5113 5114
f 5113 5115 5114
f 5114 5115 5116
f 5115 5117 5116
f 5117 5118 5116
f 5116 5118 5119
f 5118 5120 5119
f 5119 5120 5121
f 5120 5122 5121
f 5122 5123 5121
f 5121 5123 5124
f 5123 5125 5124
f 5124 5125 5126
f 5125 5127 5126
f 5126 5127 5128
f 5127 5129 5128
f 5128 5129 5130
f 5129 5131 5130
f 5131 5132 5130
f 5130 5132 5133
f 5132 5134 5133
f 5133 5134 5135
f 5134 5136 5135
f 5135 5136 5137
f 5136 5138 5137
f 5137 5138 5139
f 5138 5140 5139
f 5139 5140 5141
f 5140 5142 5141
f 5141 5142 5143
f 5142 5144 5143
f 5143 5144 5145
f 5144 5146 5145
f 5145 5146 5147
f 5147 5148 5145
f 5148 5149 5145
f 5145 5149 5150
f 5149 5151 5150
f 5151 5152 5150
f 5150 5152 5153
f 5152 5154 5153
f 5153 5154 5155
f 5154 5156 5155
f 5156 5157 5155
f 5155 5157 5158
f 5157 5159 5158
f 5159 5160 5158
f 5158 5160 5161
f 5160 5162 5161
f 5161 5162 5163
f 5162 5164 5163
f 5163 5164 5165
f 5164 5166 5165
f 5165 5166 5167
f 5166 5168 5167
f 5168 5169 5167
f 5167 5169 5170
f 5169 5171 5170
f 5170 5171 5172
f 5171 5173 5172
f 5172 5173 5174
f 5173 5175 5174
f 5174 5175 5176
f 5175 5177 5176
f 5176 5177 5178
f 5177 5179 5178
f 5178 5179 5180
f 5179 5181 5180
f 5181 5182 5180
f 5182 5183 5180
f 5180 5183 5184
f 5183 5185 5184
f 5184 5185 5186
f 5185 5187 5186
f 5186 5187 5188
f 5187 5189 5188
f 5188 5189 5190
f 5189 5191 5190
f 5190 5191 5192
f 5191 5193 5192
f 5192 5193 5194
f 5193 5195 5194
f 5195 5196 5194
f 5196 5197 5194
f 5194 5197 5198
f 5197 5199 5198
f 5198 5199 5200
f 5199 5201 5200
f 5201 5202 5200
f 5202 5203 5200
f 5200 5203 5204
f 5203 5205 5204
f 5204 5205 5206
f 5205 5207 5206
f 5207 5208 5206
f 5206 5208 5209
f 5208 5210 5209
f 5209 5210 5211
f 5210 5212 5211
f 5211 5212 5213
f 5212 5214 5213
f 5213 5214 5215
f 5214 5216 5215
f 5216 5217 5215
f 5217 5218 5215
f 5215 5218 5219
f 5218 5220 5219
f 5219 5220 5221
f 5220 5222 5221
f 5222 5223 5221
f 5223 5224 5221
f 5221 5224 5225
f 5224 5226 5225
f 5225 5226 5227
f 5226 5228 5227
f 5228 5229 5227
f 5227 5229 5230
f 5229 5231 5230
f 5230 5231 5232
f 5231 5233 5232
f 5233 5234 5232
f 5232 5234 5235
f 5234 5236 5235
f 5235 5236 4926
f 5236 5237 4926
f 4926 5237 4955
f 4212 3417 4875
f 4174 4205 4881
f 4198 4197 4885
f 3664 3662 4889
f 3691 3689 4895
f 4864 3368 4865
f 3368 4095 4865
f 3393 4861 3394
f 4861 4909 3394
f 3394 4909 4335
f 4907 4339 4909
f 4339 4337 4909
f 4909 4337 4335
f 3893 3891 4907
f 3891 4340 4907
f 4907 4340 4339
f 3893 4907 3958
f 4907 4905 3958
f 3958 4905 3959
f 4903 3844 4905
f 3844 3964 4905
f 3964 3963 4905
f 3963 3961 4905
f 4905 3961 3959
f 3852 3850 4901
f 3850 3848 4901
f 4901 3848 4903
f 3848 3846 4903
f 4903 3846 3844
f 3968 3966 4899
f 3966 3965 4899
f 4899 3965 4901
f 3965 3854 4901
f 4901 3854 3852
f 4895 3689 4897
f 3689 3722 4897
f 4897 3722 3721
f 3721 3719 4897
f 3719 3717 4897
f 4897 3717 4899
f 3717 3969 4899
f 4899 3969 3968
f 3728 3726 4893
f 3726 3724 4893
f 4893 3724 4895
f 3724 3723 4895
f 4895 3723 3691
f 4889 3662 4891
f 3662 3661 4891
f 4891 3661 3654
f 3654 3652 4891
f 3652 3650 4891
f 4891 3650 4893
f 3650 3729 4893
f 4893 3729 3728
f 4885 4197 4887
f 4197 4196 4887
f 4887 4196 4195
f 4195 3668 4887
f 3668 3668 4887
f 4887 3668 4889
f 3668 3666 4889
f 4889 3666 3664
f 4881 4205 4883
f 4205 4204 4883
f 4883 4204 4203
f 4203 4202 4883
f 4202 4201 4883
f 4883 4201 4885
f 4201 4200 4885
f 4885 4200 4198
f 4879 4177 4881
f 4177 4175 4881
f 4881 4175 4174
f 4875 3417 4877
f 3417 3415 4877
f 3415 3414 4877
f 4877 3414 4879
f 3414 4182 4879
f 4879 4182 4177
f 4873 4871 3429
f 3429 4144 4873
f 4144 4117 4873
f 4873 4117 4875
f 4117 4116 4875
f 4875 4116 4212
f 4867 3433 4869
f 3433 4132 4869
f 4132 4131 4869
f 4131 3432 4869
f 4869 3432 4871
f 3432 3430 4871
f 4871 3430 3429
f 4095 4093 4865
f 4093 4092 4865
f 4865 4092 4867
f 4092 3434 4867
f 4867 3434 3433
f 4864 4912 3368
f 4912 3361 3368
f 5238 5042 5239
f 5042 5041 5239
f 5239 5041 5240
f 5041 5034 5240
f 5240 5034 5241
f 5034 5033 5241
f 5241 5033 5242
f 5033 5045 5242
f 5242 5045 5243
f 5045 5044 5243
f 5243 5044 5244
f 5044 5043 5244
f 5244 5043 5245
f 5043 5057 5245
f 5245 5057 5246
f 5057 5055 5246
f 5246 5055 5247
f 5055 5056 5247
f 5247 5056 5248
f 5056 5060 5248
f 5248 5060 5249
f 5060 5059 5249
f 5249 5059 5250
f 5059 5058 5250
f 5250 5058 5251
f 5058 5054 5251
f 5251 5054 5252
f 5054 5053 5252
f 5252 5053 5253
f 5053 5052 5253
f 5253 5052 5254
f 5052 5051 5254
f 5254 5051 5255
f 5051 5050 5255
f 5255 5050 5256
f 5050 5049 5256
f 5256 5049 5257
f 5049 5048 5257
f 5257 5048 5258
f 5048 5047 5258
f 5258 5047 5259
f 5047 5046 5259
f 5259 5046 5260
f 5046 5038 5260
f 5260 5038 5261
f 5038 5039 5261
f 5261 5039 5262
f 5039 5040 5262
f 5262 5040 5263
f 5040 5032 5263
f 5263 5032 5264
f 5032 5030 5264
f 5264 5030 5265
f 5030 5029 5265
f 5265 5029 5266
f 5029 5024 5266
f 5266 5024 5267
f 5024 5022 5267
f 5267 5022 5268
f 5022 5021 5268
f 5268 5021 5269
f 5021 5028 5269
f 5269 5028 5270
f 5028 5027 5270
f 5270 5027 5271
f 5027 5026 5271
f 5271 5026 5272
f 5026 5020 5272
f 5272 5020 5273
f 5020 5019 5273
f 5273 5019 5274
f 5019 5017 5274
f 5274 5017 5275
f 5017 5016 5275
f 5275 5016 5276
f 5016 5014 5276
f 5276 5014 5277
f 5014 5013 5277
f 5277 5013 5278
f 5013 5037 5278
f 5278 5037 5279
f 5037 5036 5279
f 5279 5036 5280
f 5036 5035 5280
f 5281 4922 5238
f 4922 5012 5238
f 5238 5012 5042
f 5282 4919 5281
f 4919 4923 5281
f 5281 4923 4922
f 5283 4921 5282
f 4921 4920 5282
f 5282 4920 4919
f 5284 4917 5283
f 4917 4916 5283
f 5283 4916 4921
f 5285 4913 5284
f 4913 4918 5284
f 5284 4918 4917
f 5286 4915 5285
f 4915 4914 5285
f 5285 4914 4913
f 5287 4912 5286
f 4912 4911 5286
f 5286 4911 4915
f 3361 4912 3362
f 4912 5287 3362
f 3362 5287 3363
f 5287 5288 3363
f 3363 5288 2773
f 2773 5288 2390
f 5288 5289 2390
f 2390 5289 2391
f 2798 2797 5290
f 2797 2796 5290
f 5290 2796 5289
f 2796 2795 5289
f 5289 2795 2391
f 2799 2698 5291
f 2698 2700 5291
f 5291 2700 5290
f 2700 2702 5290
f 5290 2702 2798
f 2799 5291 2800
f 5291 5292 2800
f 2800 5292 2801
f 2801 5292 2802
f 5292 5293 2802
f 2802 5293 2803
f 2803 5293 2609
f 5293 5294 2609
f 2609 5294 2607
f 2613 2611 5295
f 2611 2610 5295
f 5295 2610 5294
f 2610 2605 5294
f 5294 2605 2607
f 2592 2616 5296
f 2616 2615 5296
f 5296 2615 5295
f 2615 2614 5295
f 5295 2614 2613
f 2592 5296 2594
f 5296 5297 2594
f 2594 5297 2597
f 2601 2600 5298
f 2600 2599 5298
f 5298 2599 5297
f 2599 2598 5297
f 5297 2598 2597
f 3132 2585 5299
f 2585 2584 5299
f 5299 2584 5298
f 2584 2602 5298
f 5298 2602 2601
f 3130 2369 5300
f 2369 2368 5300
f 5300 2368 5299
f 2368 3133 5299
f 5299 3133 3132
f 3098 3097 5301
f 3097 3128 5301
f 5301 3128 5300
f 3128 3127 5300
f 5300 3127 3130
f 3142 2372 5302
f 2372 2371 5302
f 5302 2371 5301
f 2371 3100 5301
f 5301 3100 3098
f 3142 5302 3143
f 5302 5303 3143
f 3143 5303 3144
f 3058 3057 5304
f 3057 2375 5304
f 5304 2375 5303
f 2375 2374 5303
f 5303 2374 3144
f 3058 5304 2377
f 5304 5305 2377
f 2377 5305 2378
f 5306 2366 5305
f 2366 2365 5305
f 5305 2365 2378
f 2956 2955 5307
f 2955 2973 5307
f 5307 2973 5306
f 2973 2972 5306
f 5306 2972 2366
f 2383 2959 5308
f 2959 2958 5308
f 5308 2958 5307
f 2958 2957 5307
f 5307 2957 2956
f 2383 5308 2384
f 5308 5309 2384
f 2384 5309 2940
f 2939 5280 2386
f 5280 5035 2386
f 2386 5035 2352
f 2939 2945 5280
f 2945 2944 5280
f 5280 2944 5309
f 2944 2943 5309
f 5309 2943 2940
f 345 343 272
f 272 343 273
f 287 285 343
f 185 361 272
f 361 359 272
f 272 359 357
f 285 283 343
f 283 281 343
f 343 281 279
f 279 277 343
f 277 275 343
f 343 275 273
f 357 355 272
f 355 353 272
f 272 353 351
f 341 339 307
f 339 337 307
f 307 337 335
f 301 299 343
f 351 349 272
f 349 347 272
f 272 347 345
f 335 333 307
f 333 331 307
f 307 331 329
f 301 343 303
f 323 321 325
f 321 319 325
f 325 319 317
f 329 327 307
f 327 325 307
f 307 325 309
f 325 311 309
f 293 291 343
f 291 289 343
f 343 289 287
f 317 315 325
f 315 313 325
f 325 313 311
f 341 307 343
f 307 305 343
f 343 305 303
f 299 297 343
f 297 295 343
f 343 295 293
f 256 5277 263
f 5277 5278 263
f 263 5278 261
f 5278 5279 261
f 261 5279 259
f 5279 5280 259
f 259 5280 266
f 5280 5309 266
f 266 5309 269
f 5309 5308 269
f 269 5308 360
f 5308 5307 360
f 360 5307 358
f 5307 5306 358
f 358 5306 356
f 5306 5305 356
f 356 5305 354
f 5305 5304 354
f 354 5304 352
f 5304 5303 352
f 352 5303 350
f 5303 5302 350
f 350 5302 348
f 5302 5301 348
f 348 5301 346
f 5301 5300 346
f 346 5300 344
f 5300 5299 344
f 344 5299 342
f 5299 5298 342
f 342 5298 340
f 5298 5297 340
f 340 5297 338
f 5297 5296 338
f 338 5296 336
f 5296 5295 336
f 336 5295 334
f 5295 5294 334
f 334 5294 332
f 5294 5293 332
f 332 5293 330
f 5293 5292 330
f 330 5292 328
f 5292 5291 328
f 328 5291 326
f 5291 5290 326
f 326 5290 324
f 5290 5289 324
f 324 5289 322
f 5289 5288 322
f 322 5288 320
f 5288 5287 320
f 320 5287 318
f 5287 5286 318
f 318 5286 316
f 5286 5285 316
f 316 5285 314
f 5285 5284 314
f 314 5284 312
f 5284 5283 312
f 312 5283 310
f 5283 5282 310
f 310 5282 308
f 5282 5281 308
f 308 5281 306
f 5281 5238 306
f 306 5238 304
f 5238 5239 304
f 304 5239 302
f 5239 5240 302
f 302 5240 300
f 5240 5241 300
f 300 5241 298
f 5241 5242 298
f 298 5242 296
f 5242 5243 296
f 296 5243 294
f 5243 5244 294
f 294 5244 292
f 5244 5245 292
f 292 5245 290
f 5245 5246 290
f 290 5246 288
f 5246 5247 288
f 288 5247 286
f 5247 5248 286
f 286 5248 284
f 5248 5249 284
f 284 5249 282
f 5249 5250 282
f 282 5250 280
f 5250 5251 280
f 280 5251 278
f 5251 5252 278
f 278 5252 276
f 5252 5253 276
f 276 5253 274
f 5253 5254 274
f 274 5254 186
f 5254 5255 186
f 186 5255 188
f 5255 5256 188
f 188 5256 190
f 5256 5257 190
f 190 5257 193
f 5257 5258 193
f 193 5258 195
f 5258 5259 195
f 195 5259 197
f 5259 5260 197
f 197 5260 200
f 5260 5261 200
f 200 5261 203
f 5261 5262 203
f 203 5262 205
f 5262 5263 205
f 205 5263 208
f 5263 5264 208
f 208 5264 184
f 5264 5265 184
f 184 5265 214
f 5265 5266 214
f 214 5266 219
f 5266 5267 219
f 219 5267 223
f 5267 5268 223
f 223 5268 225
f 5268 5269 225
f 225 5269 231
f 5269 5270 231
f 231 5270 235
f 5270 5271 235
f 235 5271 238
f 5271 5272 238
f 238 5272 245
f 5272 5273 245
f 245 5273 247
f 5273 5274 247
f 247 5274 250
f 5274 5275 250
f 250 5275 253
f 5275 5276 253
f 253 5276 256
f 5276 5277 256
f 5310 5311 5312
f 5312 5311 5313
f 5311 5314 5313
f 5313 5314 5315
f 5316 5317 5318
f 5316 5318 5312
f 5318 5319 5312
f 5312 5319 5320
f 5321 5322 5313
f 5322 5323 5313
f 5324 5325 5326
f 5315 5327 5313
f 5327 5328 5313
f 5313 5328 5329
f 5320 5330 5312
f 5330 5331 5312
f 5312 5331 5310
f 5325 5332 5326
f 5332 5333 5326
f 5326 5333 5334
f 5323 5335 5313
f 5335 5336 5313
f 5313 5336 5337
f 5329 5338 5313
f 5338 5339 5313
f 5313 5339 5321
f 5340 5341 5342
f 5341 5326 5342
f 5342 5326 5343
f 5326 5334 5343
f 5344 5345 5326
f 5345 5346 5326
f 5326 5346 5324
f 5337 5347 5313
f 5347 5348 5313
f 5313 5348 5349
f 5350 5351 5326
f 5351 5352 5326
f 5326 5352 5344
f 5349 5353 5313
f 5353 5354 5313
f 5313 5354 5340
f 5354 5355 5340
f 5340 5355 5341
f 5356 5357 5326
f 5357 5358 5326
f 5326 5358 5350
f 5359 5360 5326
f 5360 5361 5326
f 5326 5361 5356
f 5362 5363 5326
f 5363 5364 5326
f 5326 5364 5359
f 169 5365 167
f 5365 5366 167
f 167 5366 165
f 5366 5367 165
f 165 5367 163
f 5367 5368 163
f 163 5368 161
f 5368 5369 161
f 161 5369 159
f 5369 5370 159
f 159 5370 157
f 5370 5371 157
f 157 5371 155
f 5371 5372 155
f 155 5372 153
f 5372 5373 153
f 153 5373 151
f 5373 5374 151
f 151 5374 149
f 5374 5375 149
f 149 5375 147
f 5375 5376 147
f 147 5376 145
f 5376 5377 145
f 145 5377 143
f 5377 5378 143
f 143 5378 141
f 5378 5379 141
f 141 5379 139
f 5379 5380 139
f 139 5380 137
f 5380 5381 137
f 137 5381 135
f 5381 5382 135
f 135 5382 133
f 5382 5383 133
f 133 5383 131
f 5383 5384 131
f 131 5384 129
f 5384 5385 129
f 129 5385 127
f 5385 5386 127
f 127 5386 125
f 5386 5387 125
f 125 5387 123
f 5387 5388 123
f 123 5388 121
f 5388 5389 121
f 121 5389 119
f 5389 5390 119
f 119 5390 117
f 5390 5391 117
f 117 5391 115
f 5391 5392 115
f 115 5392 113
f 5392 5393 113
f 113 5393 111
f 5393 5394 111
f 111 5394 109
f 5394 5395 109
f 109 5395 107
f 5395 5396 107
f 107 5396 105
f 5396 5397 105
f 105 5397 103
f 5397 5398 103
f 103 5398 101
f 5398 5399 101
f 101 5399 99
f 5399 5400 99
f 99 5400 97
f 5400 5401 97
f 97 5401 95
f 5401 5402 95
f 95 5402 93
f 5402 5403 93
f 93 5403 66
f 5403 5404 66
f 66 5404 68
f 5404 5405 68
f 68 5405 70
f 5405 5406 70
f 70 5406 73
f 5406 5407 73
f 73 5407 75
f 5407 5408 75
f 75 5408 77
f 5408 5409 77
f 77 5409 80
f 5409 5410 80
f 80 5410 83
f 5410 5411 83
f 83 5411 85
f 5411 5412 85
f 85 5412 4
f 5412 5413 4
f 4 5413 3
f 5413 5414 3
f 3 5414 7
f 5414 5415 7
f 7 5415 12
f 5415 5416 12
f 12 5416 16
f 5416 5417 16
f 16 5417 18
f 5417 5418 18
f 18 5418 24
f 5418 5419 24
f 24 5419 28
f 5419 5420 28
f 28 5420 31
f 5420 5421 31
f 31 5421 38
f 5421 5422 38
f 38 5422 40
f 5422 5423 40
f 40 5423 43
f 5423 5424 43
f 43 5424 46
f 5424 5425 46
f 46 5425 49
f 5425 5426 49
f 49 5426 56
f 5426 5427 56
f 56 5427 54
f 5427 5428 54
f 54 5428 52
f 5428 5429 52
f 52 5429 59
f 5429 5430 59
f 59 5430 62
f 5430 5431 62
f 62 5431 179
f 5431 5432 179
f 179 5432 177
f 5432 5433 177
f 177 5433 175
f 5433 5434 175
f 175 5434 173
f 5434 5435 173
f 173 5435 171
f 5435 5436 171
f 171 5436 169
f 5436 5365 169
f 1857 1767 5437
f 5437 5438 1857
f 5438 5439 1857
f 1857 5439 1765
f 1725 1726 1718
f 5440 5441 1710
f 5441 5442 1710
f 5443 5444 1082
f 5444 5445 1082
f 1082 5445 5446
f 1730 5447 1767
f 5447 5448 1767
f 1767 5448 5437
f 4840 1766 5449
f 1766 1765 5449
f 5449 1765 5450
f 1765 5439 5450
f 1711 1712 1726
f 5446 5451 1082
f 5451 1053 1082
f 1082 1053 1730
f 1053 660 1730
f 1730 660 5447
f 1712 1713 1726
f 1713 1714 1726
f 1726 1714 1715
f 5452 1706 5453
f 1706 1707 5453
f 5453 1707 5454
f 5455 5456 1710
f 5456 5457 1710
f 1710 5457 5440
f 5443 1082 5458
f 1082 1695 5458
f 5458 1695 5459
f 1695 1696 5459
f 5459 1696 5460
f 1696 1697 5460
f 5460 1697 5461
f 1715 1716 1726
f 1716 1717 1726
f 1726 1717 1718
f 1725 1718 1724
f 1718 1719 1724
f 1724 1719 1720
f 5442 5462 1710
f 5462 5463 1710
f 1710 5463 5464
f 5464 5465 1710
f 5465 5466 1710
f 1710 5466 5467
f 5467 5468 1710
f 5468 5469 1710
f 1710 5469 5470
f 5461 1697 5471
f 1697 1698 5471
f 5471 1698 5472
f 1698 1699 5472
f 5472 1699 5473
f 1699 1700 5473
f 5473 1700 5474
f 1700 1701 5474
f 5474 1701 5475
f 1701 1702 5475
f 5475 1702 5476
f 1702 1703 5476
f 5476 1703 5477
f 1703 1704 5477
f 5477 1704 5452
f 1704 1705 5452
f 5452 1705 1706
f 1720 1721 1724
f 1721 1722 1724
f 1724 1722 1723
f 1711 1726 1710
f 1726 1727 1710
f 1710 1727 5478
f 5478 5479 1710
f 5479 5480 1710
f 1710 5480 5481
f 1707 1708 5454
f 1708 1709 5454
f 5454 1709 5482
f 1709 1710 5482
f 5482 1710 5483
f 1710 5470 5483
f 5481 5484 1710
f 5484 5485 1710
f 1710 5485 5455
f 5486 5487 5488
f 5486 5488 5489
f 5488 5490 5489
f 5489 5490 5491
f 5490 5492 5491
f 5491 5492 5493
f 5492 5494 5493
f 5493 5494 5495
f 5494 5496 5495
f 5495 5496 5497
f 5496 5498 5497
f 5497 5498 5499
f 5498 5500 5499
f 5499 5500 5501
f 5500 5502 5501
f 5501 5502 5503
f 5502 5504 5503
f 5503 5504 5505
f 5504 5506 5505
f 5505 5506 5507
f 5506 5508 5507
f 5507 5508 5509
f 5510 5511 5512
f 5510 5512 5513
f 5512 5514 5513
f 5513 5514 5515
f 5514 5516 5515
f 5515 5516 5517
f 5516 5518 5517
f 5517 5518 5519
f 5518 5520 5519
f 5519 5520 5521
f 5520 5522 5521
f 5521 5522 5523
f 5523 5522 5524
f 5522 5525 5524
f 5524 5525 5526
f 5526 5525 5527
f 5525 5528 5527
f 5527 5528 5529
f 5529 5528 5530
f 5528 5531 5530
f 5530 5531 5532
f 5532 5531 5533
f 5531 5534 5533
f 5533 5534 5535
f 5535 5534 5536
f 5534 5537 5536
f 5536 5537 5538
f 5539 5538 5540
f 5538 5537 5540
f 5537 5541 5540
f 5541 5542 5540
f 5540 5542 5543
f 5544 5545 5546
f 5544 5546 5547
f 5546 5548 5547
f 5547 5548 5549
f 5548 5550 5549
f 5549 5550 5551
f 5550 5552 5551
f 5551 5552 5553
f 5552 5554 5553
f 5553 5554 5555
f 5554 5556 5555
f 5555 5556 5557
f 5556 5558 5557
f 5557 5558 5559
f 5558 5560 5559
f 5559 5560 5561
f 5560 5562 5561
f 5561 5562 5563
f 5562 5564 5563
f 5563 5564 5565
f 5564 5566 5565
f 5565 5566 5567
f 5566 5568 5567
f 5567 5568 5569
f 5568 5570 5569
f 5569 5570 5571
f 5570 5572 5571
f 5571 5572 5573
f 5572 5574 5573
f 5573 5574 5575
f 5574 5576 5575
f 5575 5576 5577
f 5576 5578 5577
f 5577 5578 5579
f 5578 5580 5579
f 5579 5580 5581
f 5580 5582 5581
f 5581 5582 5583
f 5582 5584 5583
f 5583 5584 5585
f 5584 5586 5585
f 5585 5586 5587
f 5588 5589 5590
f 5588 5590 5591
f 5590 5592 5591
f 5591 5592 5593
f 5592 5594 5593
f 5593 5594 5595
f 5594 5596 5595
f 5595 5596 5597
f 5596 5598 5597
f 5597 5598 5599
f 5598 5600 5599
f 5599 5600 5601
f 5600 5602 5601
f 5601 5602 5603
f 5602 5545 5603
f 5603 5545 5544
f 5604 5605 5606
f 5606 5605 5607
f 5608 5609 5610
f 5610 5609 5611
f 5612 5613 5614
f 5615 5616 5617
f 5618 5619 5620
f 5620 5619 5621
f 5622 5623 5624
f 5624 5623 5625
f 5626 5627 5628
f 5629 5630 5631
f 5630 5632 5631
f 5631 5632 5633
f 5632 5634 5633
f 5633 5634 5635
f 5634 5636 5635
f 5635 5636 5637
f 5636 5638 5637
f 5637 5638 5639
f 5638 5640 5639
f 5639 5640 5641
f 5640 5642 5641
f 5641 5642 5643
f 5629 5631 5627
f 5631 5644 5627
f 5627 5644 5628
f 5626 5628 5645
f 5628 5646 5645
f 5645 5646 5647
f 5625 5623 5647
f 5623 5648 5647
f 5647 5648 5645
f 5622 5624 5649
f 5624 5650 5649
f 5649 5650 5651
f 5621 5619 5651
f 5619 5652 5651
f 5651 5652 5649
f 5618 5620 5616
f 5620 5653 5616
f 5616 5653 5617
f 5615 5617 5613
f 5617 5654 5613
f 5613 5654 5614
f 5612 5614 5655
f 5614 5656 5655
f 5655 5656 5657
f 5611 5609 5657
f 5609 5658 5657
f 5657 5658 5655
f 5608 5610 5659
f 5610 5660 5659
f 5659 5660 5661
f 5607 5605 5661
f 5605 5662 5661
f 5661 5662 5659
f 5604 5606 5663
f 5606 5664 5663
f 5663 5664 5665
f 5666 5667 5668
f 5669 5670 5671
f 5556 5554 5672
f 5668 5673 5666
f 5673 5674 5666
f 5666 5674 5675
f 5676 5677 5671
f 5666 5678 5679
f 5679 5680 5666
f 5680 5681 5666
f 5666 5681 5682
f 5677 5683 5671
f 5683 5684 5671
f 5671 5684 5669
f 5670 5685 5671
f 5685 5686 5671
f 5671 5686 5687
f 5671 5688 5586
f 5675 5689 5666
f 5689 5690 5666
f 5666 5690 5678
f 5682 5691 5666
f 5691 5692 5666
f 5666 5692 5693
f 5672 5554 5694
f 5554 5552 5694
f 5694 5552 5695
f 5693 5696 5666
f 5696 5697 5666
f 5666 5697 5698
f 5698 5697 5699
f 5697 5700 5699
f 5699 5700 5701
f 5701 5700 5702
f 5700 5703 5702
f 5702 5703 5704
f 5704 5676 5702
f 5676 5671 5702
f 5702 5671 5705
f 5671 5586 5705
f 5705 5586 5706
f 5586 5584 5706
f 5706 5584 5707
f 5584 5582 5707
f 5707 5582 5708
f 5582 5580 5708
f 5574 5709 5576
f 5709 5710 5576
f 5576 5710 5578
f 5710 5711 5578
f 5578 5711 5580
f 5711 5712 5580
f 5580 5712 5708
f 5556 5672 5558
f 5672 5713 5558
f 5558 5713 5560
f 5713 5714 5560
f 5560 5714 5562
f 5714 5715 5562
f 5562 5715 5564
f 5715 5716 5564
f 5564 5716 5566
f 5716 5717 5566
f 5566 5717 5568
f 5717 5718 5568
f 5568 5718 5570
f 5718 5719 5570
f 5570 5719 5572
f 5719 5720 5572
f 5572 5720 5574
f 5720 5721 5574
f 5574 5721 5709
f 5590 5722 5592
f 5722 5723 5592
f 5592 5723 5594
f 5723 5724 5594
f 5594 5724 5596
f 5724 5725 5596
f 5596 5725 5598
f 5725 5726 5598
f 5598 5726 5600
f 5726 5727 5600
f 5600 5727 5602
f 5727 5728 5602
f 5602 5728 5545
f 5728 5729 5545
f 5545 5729 5546
f 5729 5730 5546
f 5546 5730 5548
f 5730 5695 5548
f 5548 5695 5550
f 5695 5552 5550
f 5731 5732 5733
f 5732 5734 5733
f 5733 5734 5589
f 5734 5735 5589
f 5589 5735 5590
f 5735 5736 5590
f 5590 5736 5722
f 5737 5738 5739
f 5738 5740 5739
f 5740 5741 5739
f 5741 5742 5739
f 5739 5742 5743
f 5733 5744 5731
f 5744 5745 5731
f 5731 5745 5746
f 5745 5747 5746
f 5746 5747 5748
f 5747 5749 5748
f 5748 5749 5750
f 5749 5751 5750
f 5750 5751 5752
f 5751 5753 5752
f 5753 5754 5752
f 5752 5754 5755
f 5754 5756 5755
f 5755 5756 5739
f 5756 5757 5739
f 5739 5757 5737
f 5539 5540 5587
f 5586 5688 5587
f 5688 5758 5587
f 5587 5758 5539
f 5758 5643 5539
f 5539 5643 5642
f 5759 5760 5687
f 5686 5761 5687
f 5761 5762 5687
f 5687 5762 5759
f 5763 5764 5765
f 5763 5765 5766
f 5765 5767 5766
f 5766 5767 5768
f 5767 5769 5768
f 5768 5769 5770
f 5769 5771 5770
f 5770 5771 5772
f 5771 5773 5772
f 5772 5773 5774
f 5773 5775 5774
f 5774 5775 5776
f 5775 5777 5776
f 5776 5777 5778
f 5777 5779 5778
f 5778 5779 5780
f 5779 5781 5780
f 5780 5781 5782
f 5781 5783 5782
f 5782 5783 5784
f 5783 5785 5784
f 5784 5785 5786
f 5785 5787 5786
f 5786 5787 5788
f 5787 5789 5788
f 5788 5789 5790
f 5789 5791 5790
f 5790 5791 5792
f 5791 5793 5792
f 5792 5793 5794
f 5793 5795 5794
f 5794 5795 5796
f 5795 5797 5796
f 5796 5797 5798
f 5797 5799 5798
f 5798 5799 5800
f 5799 5801 5800
f 5800 5801 5802
f 5801 5803 5802
f 5802 5803 5804
f 5803 5805 5804
f 5804 5805 5806
f 5805 5807 5806
f 5806 5807 5808
f 5807 5809 5808
f 5808 5809 5810
f 5809 5811 5810
f 5810 5811 5812
f 5811 5813 5812
f 5812 5813 5814
f 5813 5815 5814
f 5814 5815 5816
f 5815 5817 5816
f 5816 5817 5818
f 5817 5819 5818
f 5818 5819 5820
f 5819 5821 5820
f 5820 5821 5822
f 5821 5823 5822
f 5822 5823 5824
f 5823 5825 5824
f 5824 5825 5826
f 5825 5827 5826
f 5826 5827 5828
f 5827 5509 5828
f 5828 5509 5508
f 5517 5519 5829
f 5519 5521 5829
f 5829 5521 5523
f 5510 5513 5829
f 5513 5515 5829
f 5829 5515 5517
f 5532 5533 5829
f 5830 5831 5539
f 5831 5832 5539
f 5539 5832 5833
f 5527 5529 5829
f 5529 5530 5829
f 5829 5530 5532
f 5533 5535 5829
f 5535 5536 5829
f 5829 5536 5834
f 5536 5538 5834
f 5834 5538 5835
f 5538 5539 5835
f 5835 5539 5836
f 5663 5642 5640
f 5629 5627 5663
f 5627 5626 5663
f 5837 5838 5539
f 5838 5839 5539
f 5539 5839 5830
f 5523 5524 5829
f 5524 5526 5829
f 5829 5526 5527
f 5833 5840 5539
f 5840 5841 5539
f 5539 5841 5836
f 5640 5638 5663
f 5638 5636 5663
f 5663 5636 5634
f 5626 5645 5663
f 5645 5648 5663
f 5663 5648 5623
f 5842 5843 5539
f 5843 5844 5539
f 5539 5844 5837
f 5634 5632 5663
f 5632 5630 5663
f 5663 5630 5629
f 5642 5663 5539
f 5663 5845 5539
f 5539 5845 5842
f 5623 5622 5663
f 5622 5649 5663
f 5663 5649 5652
f 5652 5619 5663
f 5619 5618 5663
f 5663 5618 5604
f 5618 5616 5604
f 5604 5616 5605
f 5616 5615 5605
f 5605 5615 5662
f 5615 5613 5662
f 5662 5613 5659
f 5613 5612 5659
f 5659 5612 5608
f 5612 5655 5608
f 5608 5655 5609
f 5655 5658 5609
f 5671 5846 5847
f 5671 5848 5849
f 5848 5671 5850
f 5671 5687 5850
f 5850 5687 5760
f 5847 5851 5671
f 5851 5852 5671
f 5671 5852 5853
f 5849 5854 5671
f 5854 5855 5671
f 5671 5855 5856
f 5853 5857 5671
f 5857 5858 5671
f 5671 5858 5859
f 5856 5860 5671
f 5860 5861 5671
f 5671 5861 5862
f 5859 5863 5671
f 5863 5864 5671
f 5671 5864 5865
f 5862 5866 5671
f 5866 5867 5671
f 5671 5867 5868
f 5868 5869 5671
f 5869 5870 5671
f 5671 5870 5871
f 5871 5872 5671
f 5872 5873 5671
f 5671 5873 5846
f 5549 5551 5812
f 5543 5874 5875
f 5876 5877 5763
f 5583 5585 5776
f 5776 5585 5774
f 5762 5761 5543
f 5761 5878 5543
f 5543 5878 5874
f 5875 5879 5543
f 5879 5880 5543
f 5543 5880 5881
f 5763 5882 5883
f 5884 5885 5763
f 5885 5886 5763
f 5763 5886 5887
f 5588 5591 5506
f 5812 5551 5810
f 5551 5553 5810
f 5810 5553 5808
f 5587 5540 5543
f 5883 5888 5763
f 5888 5889 5763
f 5763 5889 5876
f 5877 5890 5763
f 5890 5891 5763
f 5763 5891 5892
f 5585 5587 5774
f 5587 5543 5774
f 5774 5543 5772
f 5543 5881 5772
f 5772 5881 5893
f 5893 5894 5772
f 5894 5895 5772
f 5772 5895 5770
f 5895 5896 5770
f 5770 5896 5768
f 5768 5896 5766
f 5896 5897 5766
f 5766 5897 5763
f 5897 5898 5763
f 5763 5898 5882
f 5892 5899 5763
f 5899 5900 5763
f 5763 5900 5884
f 5549 5812 5547
f 5812 5814 5547
f 5547 5814 5544
f 5814 5816 5544
f 5544 5816 5603
f 5816 5818 5603
f 5603 5818 5601
f 5818 5820 5601
f 5601 5820 5599
f 5820 5822 5599
f 5599 5822 5597
f 5822 5824 5597
f 5597 5824 5595
f 5824 5826 5595
f 5595 5826 5593
f 5826 5828 5593
f 5593 5828 5591
f 5828 5508 5591
f 5591 5508 5506
f 5553 5555 5808
f 5555 5557 5808
f 5808 5557 5806
f 5557 5559 5806
f 5806 5559 5804
f 5559 5561 5804
f 5804 5561 5802
f 5561 5563 5802
f 5802 5563 5800
f 5563 5565 5800
f 5800 5565 5798
f 5565 5567 5798
f 5798 5567 5796
f 5567 5569 5796
f 5796 5569 5794
f 5569 5571 5794
f 5794 5571 5792
f 5571 5573 5792
f 5792 5573 5790
f 5573 5575 5790
f 5790 5575 5788
f 5575 5577 5788
f 5776 5778 5583
f 5778 5780 5583
f 5583 5780 5581
f 5780 5782 5581
f 5581 5782 5579
f 5782 5784 5579
f 5579 5784 5577
f 5784 5786 5577
f 5577 5786 5788
f 5487 5901 5902
f 5902 5903 5487
f 5903 5904 5487
f 5487 5904 5905
f 5506 5504 5588
f 5504 5502 5588
f 5588 5502 5906
f 5502 5500 5906
f 5906 5500 5907
f 5500 5498 5907
f 5905 5908 5487
f 5908 5909 5487
f 5487 5909 5488
f 5909 5910 5488
f 5488 5910 5490
f 5910 5911 5490
f 5911 5912 5490
f 5490 5912 5492
f 5912 5913 5492
f 5492 5913 5494
f 5913 5914 5494
f 5494 5914 5496
f 5914 5915 5496
f 5496 5915 5498
f 5915 5916 5498
f 5498 5916 5907
f 5917 5918 5543
f 5918 5919 5543
f 5920 5921 5543
f 5921 5922 5543
f 5543 5922 5917
f 5923 5924 5543
f 5923 5543 5925
f 5759 5762 5926
f 5762 5543 5926
f 5926 5543 5927
f 5543 5924 5927
f 5928 5929 5543
f 5929 5930 5543
f 5543 5930 5920
f 5931 5932 5543
f 5932 5933 5543
f 5543 5933 5925
f 5542 5934 5543
f 5934 5935 5543
f 5543 5935 5928
f 5936 5937 5543
f 5937 5938 5543
f 5543 5938 5931
f 5939 5940 5543
f 5940 5941 5543
f 5543 5941 5936
f 5919 5942 5543
f 5942 5943 5543
f 5543 5943 5939
f 5901 5743 5742
f 5901 5742 5902
f 5742 5741 5902
f 5902 5741 5903
f 5741 5740 5903
f 5903 5740 5904
f 5740 5738 5904
f 5904 5738 5905
f 5738 5737 5905
f 5905 5737 5908
f 5737 5757 5908
f 5908 5757 5909
f 5757 5756 5909
f 5909 5756 5910
f 5756 5754 5910
f 5910 5754 5911
f 5754 5753 5911
f 5911 5753 5912
f 5753 5751 5912
f 5912 5751 5913
f 5751 5749 5913
f 5913 5749 5914
f 5749 5747 5914
f 5914 5747 5915
f 5747 5745 5915
f 5915 5745 5916
f 5745 5744 5916
f 5916 5744 5907
f 5744 5733 5907
f 5907 5733 5906
f 5733 5589 5906
f 5906 5589 5588
f 5542 5541 5944
f 5542 5944 5934
f 5944 5945 5934
f 5934 5945 5935
f 5945 5946 5935
f 5935 5946 5928
f 5946 5947 5928
f 5928 5947 5929
f 5947 5948 5929
f 5929 5948 5930
f 5948 5949 5930
f 5930 5949 5920
f 5949 5950 5920
f 5920 5950 5921
f 5950 5951 5921
f 5921 5951 5922
f 5951 5952 5922
f 5922 5952 5917
f 5952 5953 5917
f 5917 5953 5918
f 5953 5954 5918
f 5918 5954 5919
f 5919 5954 5942
f 5954 5955 5942
f 5942 5955 5943
f 5943 5955 5939
f 5955 5956 5939
f 5939 5956 5940
f 5940 5956 5941
f 5956 5957 5941
f 5941 5957 5936
f 5936 5957 5937
f 5957 5958 5937
f 5937 5958 5938
f 5938 5958 5931
f 5958 5959 5931
f 5931 5959 5932
f 5932 5959 5933
f 5959 5960 5933
f 5933 5960 5925
f 5925 5960 5923
f 5960 5961 5923
f 5923 5961 5924
f 5924 5961 5927
f 5961 1016 5927
f 5927 1016 5926
f 5666 1117 5667
f 1117 1752 5667
f 5667 1752 5887
f 1752 5962 5887
f 5887 5962 5763
f 5962 5764 5763
f 5667 5887 5886
f 5667 5886 5668
f 5886 5885 5668
f 5668 5885 5673
f 5885 5884 5673
f 5673 5884 5674
f 5884 5900 5674
f 5674 5900 5675
f 5900 5899 5675
f 5675 5899 5689
f 5899 5892 5689
f 5689 5892 5690
f 5892 5891 5690
f 5690 5891 5678
f 5891 5890 5678
f 5678 5890 5679
f 5890 5877 5679
f 5679 5877 5680
f 5877 5876 5680
f 5680 5876 5681
f 5876 5889 5681
f 5681 5889 5682
f 5889 5888 5682
f 5682 5888 5691
f 5888 5883 5691
f 5691 5883 5692
f 5883 5882 5692
f 5692 5882 5693
f 5882 5898 5693
f 5693 5898 5696
f 5898 5897 5696
f 5696 5897 5697
f 5897 5896 5697
f 5697 5896 5700
f 5896 5895 5700
f 5700 5895 5703
f 5895 5894 5703
f 5703 5894 5704
f 5894 5893 5704
f 5704 5893 5676
f 5893 5881 5676
f 5676 5881 5677
f 5881 5880 5677
f 5677 5880 5683
f 5880 5879 5683
f 5683 5879 5684
f 5879 5875 5684
f 5684 5875 5669
f 5875 5874 5669
f 5669 5874 5670
f 5874 5878 5670
f 5670 5878 5685
f 5878 5761 5685
f 5685 5761 5686
f 5663 5665 5845
f 5665 5963 5845
f 5964 5965 5966
f 5965 5967 5966
f 5643 5758 5665
f 5966 5968 5969
f 5967 5970 5966
f 5970 5971 5966
f 5966 5971 5972
f 5758 5973 5974
f 5969 5975 5966
f 5975 5976 5966
f 5966 5976 5977
f 5968 5966 5978
f 5966 5979 5978
f 5978 5979 5758
f 5665 5644 5631
f 5979 5980 5758
f 5980 5981 5758
f 5758 5981 5982
f 5974 5983 5758
f 5983 5984 5758
f 5758 5984 5985
f 5647 5646 5665
f 5646 5628 5665
f 5665 5628 5644
f 5977 5986 5966
f 5986 5987 5966
f 5966 5987 5988
f 5982 5989 5758
f 5989 5990 5758
f 5758 5990 5973
f 5637 5639 5665
f 5639 5641 5665
f 5665 5641 5643
f 5988 5991 5966
f 5991 5992 5966
f 5966 5992 5964
f 5985 5993 5758
f 5993 5994 5758
f 5758 5994 5995
f 5650 5624 5665
f 5624 5625 5665
f 5665 5625 5647
f 5995 5996 5758
f 5996 5963 5758
f 5758 5963 5665
f 5631 5633 5665
f 5633 5635 5665
f 5665 5635 5637
f 5620 5621 5665
f 5621 5651 5665
f 5665 5651 5650
f 5620 5665 5653
f 5665 5664 5653
f 5653 5664 5617
f 5664 5606 5617
f 5617 5606 5654
f 5606 5607 5654
f 5654 5607 5614
f 5607 5661 5614
f 5614 5661 5656
f 5661 5660 5656
f 5656 5660 5657
f 5660 5610 5657
f 5657 5610 5611
f 5845 5963 5842
f 5963 5996 5842
f 5842 5996 5843
f 5996 5995 5843
f 5843 5995 5844
f 5995 5994 5844
f 5844 5994 5837
f 5994 5993 5837
f 5837 5993 5838
f 5993 5985 5838
f 5985 5984 5838
f 5838 5984 5839
f 5984 5830 5839
f 5984 5983 5830
f 5983 5974 5830
f 5830 5974 5831
f 5974 5832 5831
f 5974 5973 5832
f 5973 5990 5832
f 5832 5990 5833
f 5990 5989 5833
f 5833 5989 5840
f 5989 5982 5840
f 5840 5982 5841
f 5982 5981 5841
f 5841 5981 5836
f 5981 5980 5836
f 5836 5980 5835
f 5980 5979 5835
f 5835 5979 5834
f 5979 5966 5834
f 5834 5966 5829
f 811 813 4955
f 813 4984 4955
f 799 798 5997
f 4925 4924 5061
f 4924 5998 5061
f 5999 5064 5998
f 5064 5062 5998
f 5998 5062 5061
f 6000 5072 6001
f 5072 5070 6001
f 6001 5070 6002
f 5070 5068 6002
f 6002 5068 6003
f 5068 5067 6003
f 6003 5067 5999
f 5067 5066 5999
f 5999 5066 5064
f 6004 5085 6005
f 5085 5083 6005
f 5083 5081 6005
f 5081 5080 6005
f 6005 5080 5079
f 5086 5085 6006
f 5085 6004 6006
f 6006 6004 6007
f 6004 6008 6007
f 6009 5091 6010
f 5091 5090 6010
f 6010 5090 6006
f 5090 5088 6006
f 6006 5088 5086
f 6011 5096 6012
f 5096 5094 6012
f 6012 5094 6009
f 5094 5092 6009
f 6009 5092 5091
f 558 5102 556
f 5102 5101 556
f 556 5101 6013
f 5101 5099 6013
f 6013 5099 6011
f 5099 5097 6011
f 6011 5097 5096
f 555 5107 559
f 5107 5106 559
f 559 5106 558
f 5106 5104 558
f 558 5104 5102
f 5112 5110 555
f 5110 5108 555
f 555 5108 5107
f 567 5113 552
f 5113 5112 552
f 552 5112 553
f 5112 555 553
f 563 5122 564
f 5122 5120 564
f 564 5120 565
f 5120 5118 565
f 565 5118 566
f 5118 5117 566
f 566 5117 567
f 5117 5115 567
f 567 5115 5113
f 560 5127 561
f 5127 5125 561
f 561 5125 563
f 5125 5123 563
f 563 5123 5122
f 582 5134 583
f 5134 5132 583
f 583 5132 584
f 5132 5131 584
f 584 5131 560
f 5131 5129 560
f 560 5129 5127
f 580 5140 581
f 5140 5138 581
f 581 5138 582
f 5138 5136 582
f 582 5136 5134
f 578 5146 579
f 5146 5144 579
f 579 5144 580
f 5144 5142 580
f 580 5142 5140
f 5156 5154 573
f 573 5154 574
f 5154 5152 574
f 574 5152 575
f 5152 5151 575
f 575 5151 576
f 5151 5149 576
f 576 5149 577
f 5149 5148 577
f 577 5148 578
f 5148 5147 578
f 578 5147 5146
f 570 5162 571
f 5162 5160 571
f 571 5160 572
f 5160 5159 572
f 572 5159 573
f 5159 5157 573
f 573 5157 5156
f 589 5169 590
f 5169 5168 590
f 590 5168 569
f 5168 5166 569
f 569 5166 570
f 5166 5164 570
f 570 5164 5162
f 5179 5177 587
f 5177 5175 587
f 587 5175 588
f 5175 5173 588
f 588 5173 589
f 5173 5171 589
f 589 5171 5169
f 587 586 5179
f 586 598 5179
f 5179 598 5181
f 598 597 5181
f 5181 597 596
f 5185 5183 596
f 5183 5182 596
f 596 5182 5181
f 596 595 5185
f 595 594 5185
f 5185 594 5187
f 594 593 5187
f 5187 593 592
f 591 5191 592
f 5191 5189 592
f 592 5189 5187
f 549 5195 591
f 5195 5193 591
f 591 5193 5191
f 548 5197 549
f 5197 5196 549
f 549 5196 5195
f 785 5202 547
f 5202 5201 547
f 547 5201 548
f 5201 5199 548
f 548 5199 5197
f 6014 5217 5216
f 5217 6014 5218
f 6014 5997 5218
f 5218 5997 5220
f 5220 5997 5222
f 5997 798 5222
f 5222 798 5223
f 798 797 5223
f 5223 797 5224
f 797 796 5224
f 5224 796 5226
f 796 794 5226
f 794 793 5226
f 5226 793 5228
f 5233 5231 810
f 810 5231 793
f 5231 5229 793
f 793 5229 5228
f 810 809 5233
f 809 807 5233
f 5233 807 5234
f 807 806 5234
f 5234 806 5236
f 806 805 5236
f 5236 805 5237
f 805 804 5237
f 804 811 5237
f 5237 811 4955
f 799 5997 801
f 5997 6014 801
f 801 6014 802
f 6014 5216 802
f 802 5216 789
f 5216 5214 789
f 789 5214 786
f 5214 5212 786
f 786 5212 787
f 5212 5210 787
f 787 5210 790
f 5210 5208 790
f 790 5208 791
f 5208 5207 791
f 791 5207 792
f 5207 5205 792
f 792 5205 785
f 5205 5203 785
f 785 5203 5202
f 6008 6004 6015
f 6004 6005 6015
f 6015 6005 6016
f 6005 5079 6016
f 6016 5079 6017
f 5079 5078 6017
f 6017 5078 6018
f 5078 5076 6018
f 6018 5076 6019
f 5076 5074 6019
f 6019 5074 6000
f 5074 5073 6000
f 6000 5073 5072
f 854 5003 851
f 5003 4991 851
f 851 4991 846
f 4991 4990 846
f 846 4990 841
f 4990 5006 841
f 841 5006 836
f 5006 4973 836
f 836 4973 832
f 4973 4975 832
f 832 4975 827
f 4975 4977 827
f 827 4977 820
f 4977 4979 820
f 820 4979 817
f 4979 4981 817
f 817 4981 815
f 4981 4983 815
f 815 4983 813
f 4983 4984 813
f 5003 854 6020
f 5003 6020 4998
f 6020 6021 4998
f 4998 6021 4999
f 6021 6022 4999
f 4999 6022 5001
f 6022 6023 5001
f 5001 6023 5002
f 6023 6024 5002
f 5002 6024 4985
f 6024 6025 4985
f 4985 6025 4986
f 6025 6026 4986
f 4986 6026 4988
f 6026 6027 4988
f 4988 6027 4989
f 6027 6028 4989
f 4989 6028 4993
f 6028 6029 4993
f 4993 6029 4994
f 6029 6030 4994
f 4994 6030 4996
f 6030 6031 4996
f 4996 6031 4997
f 6031 6032 4997
f 4997 6032 5009
f 6032 6033 5009
f 5009 6033 5010
f 6033 6034 5010
f 5010 6034 5011
f 6034 6035 5011
f 5011 6035 4969
f 6035 6036 4969
f 4969 6036 4968
f 6036 6037 4968
f 4968 6037 4966
f 6037 6038 4966
f 4966 6038 4970
f 6038 6039 4970
f 4970 6039 4971
f 6039 6040 4971
f 4971 6040 4972
f 6040 6041 4972
f 4972 6041 4965
f 6041 6042 4965
f 4965 6042 4963
f 6042 6043 4963
f 4963 6043 4938
f 6044 6045 6043
f 6045 6046 6043
f 6043 6046 4938
f 6046 6047 4938
f 6047 6048 4938
f 6048 6049 4938
f 4938 6049 6050
f 6050 6051 4938
f 6051 6052 4938
f 4938 6052 6053
f 6053 6054 4938
f 6054 6055 4938
f 4938 6055 4939
f 5317 5316 6056
f 5317 6056 6057
f 6056 6058 6057
f 6057 6058 6059
f 6058 6060 6059
f 6060 6061 6059
f 6059 6061 6062
f 6061 6063 6062
f 6062 6063 6064
f 6063 6065 6064
f 6064 6065 6066
f 6065 6067 6066
f 6068 6069 6070
f 6069 6071 6070
f 6070 6071 6067
f 6071 6072 6067
f 6067 6072 6066
f 6068 6070 6073
f 6070 6074 6073
f 6073 6074 6075
f 6074 6076 6075
f 6075 6076 6077
f 6078 6079 6076
f 6079 6080 6076
f 6080 6081 6076
f 6076 6081 6077
f 6076 6082 6078
f 6082 6083 6078
f 6078 6083 6084
f 6083 6085 6084
f 6085 6083 6086
f 6083 6087 6086
f 6086 6087 6088
f 6089 6090 6091
f 6087 6092 6088
f 6092 6091 6088
f 6088 6091 6093
f 6091 6090 6093
f 6091 6094 6089
f 6094 6095 6089
f 6089 6095 6096
f 6095 6097 6096
f 6096 6097 6098
f 6097 863 6098
f 1867 1865 4836
f 1865 1864 4836
f 4836 1864 4837
f 1864 2031 4837
f 4837 2031 4838
f 2031 2030 4838
f 4838 2030 4839
f 2030 1766 4839
f 4839 1766 4840
f 1867 4836 1868
f 4836 4835 1868
f 1868 4835 1927
f 4835 4834 1927
f 1927 4834 1928
f 4833 1871 4834
f 1871 1870 4834
f 4834 1870 1928
f 4832 2270 4832
f 2270 2269 4832
f 4832 2269 4833
f 2269 1925 4833
f 4833 1925 1871
f 1861 2061 4831
f 2061 2241 4831
f 4831 2241 4832
f 2241 2271 4832
f 4832 2271 2270
f 4831 4667 1861
f 4667 4665 1861
f 1861 4665 1862
f 4665 4663 1862
f 4693 2064 4694
f 2064 2065 4694
f 4694 2065 4663
f 2065 2193 4663
f 4663 2193 1862
f 4376 2059 4603
f 2059 2058 4603
f 4603 2058 4604
f 2058 2141 4604
f 4604 2141 4693
f 2141 2062 4693
f 4693 2062 2064
f 2352 5035 2353
f 5035 5015 2353
f 5018 1858 5015
f 1858 2079 5015
f 5015 2079 2353
f 1786 1881 5023
f 1881 1880 5023
f 1880 1877 5023
f 1877 1876 5023
f 5023 1876 5018
f 1876 1859 5018
f 5018 1859 1858
f 5093 5095 1752
f 5095 5098 1752
f 1752 5098 5100
f 5100 5103 1752
f 5103 5105 1752
f 1752 5105 5109
f 5109 5111 1752
f 5111 5114 1752
f 1752 5114 5116
f 5116 5119 1752
f 5119 5121 1752
f 1752 5121 5124
f 5124 5126 1752
f 5126 5128 1752
f 1752 5128 5130
f 5130 5133 1752
f 5133 5135 1752
f 1752 5135 5137
f 5137 5139 1752
f 5139 5141 1752
f 1752 5141 5143
f 5143 5145 1752
f 5145 5150 1752
f 1752 5150 5962
f 5150 5153 5962
f 5962 5153 5155
f 5155 5158 5962
f 5158 5161 5962
f 5962 5161 5163
f 5163 5165 5962
f 5165 5167 5962
f 5962 5167 5170
f 5170 5172 5962
f 5172 5174 5962
f 5962 5174 5176
f 5176 5178 5962
f 5178 5180 5962
f 5962 5180 5184
f 5184 5186 5962
f 5186 5188 5962
f 5962 5188 5190
f 5190 5192 5962
f 5192 5194 5962
f 5962 5194 5198
f 5198 5200 5962
f 5200 5204 5962
f 5962 5204 5206
f 5213 6099 5211
f 6099 5962 5211
f 5211 5962 5209
f 5962 5206 5209
f 6100 6101 4944
f 4932 6102 4944
f 6102 6103 4944
f 4944 6103 6100
f 6104 6105 4932
f 6105 6106 4932
f 4932 6106 6102
f 6104 4932 6107
f 4932 4930 6107
f 6107 4930 6108
f 4930 4960 6108
f 6108 4960 6109
f 5213 5215 6099
f 5215 5219 6099
f 6099 5219 5221
f 5221 5225 6099
f 5225 5227 6099
f 6099 5227 5230
f 6101 6110 4944
f 6110 6111 4944
f 4944 6111 4941
f 6111 6112 4941
f 4941 6112 4926
f 6112 6113 4926
f 4926 6113 5235
f 6113 6099 5235
f 5235 6099 5232
f 6099 5230 5232
f 5069 5071 1763
f 5069 1763 5065
f 5025 5031 1760
f 1760 5031 1763
f 5031 5063 1763
f 1763 5063 5065
f 5071 5075 1763
f 5075 5077 1763
f 1763 5077 5082
f 5082 5084 1763
f 5084 5087 1763
f 1763 5087 1752
f 5087 5089 1752
f 1752 5089 5093
f 1760 1759 5025
f 1759 1757 5025
f 5025 1757 5023
f 1757 1756 5023
f 5023 1756 1786
f 6114 6115 5389
f 6116 6117 5394
f 6118 6119 5396
f 6120 6121 5399
f 6122 6123 5400
f 6124 6125 5406
f 6044 5384 6045
f 5384 5383 6045
f 6045 5383 6046
f 5383 5382 6046
f 5381 6048 5382
f 6048 6047 5382
f 5382 6047 6046
f 5380 6050 5381
f 6050 6049 5381
f 5381 6049 6048
f 5379 6052 5380
f 6052 6051 5380
f 5380 6051 6050
f 5378 6054 5379
f 6054 6053 5379
f 5379 6053 6052
f 4940 4939 5378
f 4939 6055 5378
f 5378 6055 6054
f 5378 5377 4940
f 5377 5376 4940
f 4940 5376 4950
f 5376 5375 4950
f 4950 5375 4951
f 5375 5374 4951
f 4951 5374 4952
f 5374 5373 4952
f 4952 5373 4961
f 5373 5372 4961
f 4961 5372 4962
f 5372 5371 4962
f 4962 5371 4964
f 5371 5370 4964
f 4964 5370 4967
f 5370 5369 4967
f 4967 5369 4995
f 5369 5368 4995
f 4995 5368 4987
f 5368 5367 4987
f 4987 5367 5000
f 5367 5366 5000
f 5000 5366 4992
f 5366 5365 4992
f 4992 5365 5004
f 5365 5436 5004
f 5004 5436 5005
f 5436 5435 5005
f 5005 5435 5007
f 5435 5434 5007
f 5007 5434 5008
f 5434 5433 5008
f 5008 5433 4974
f 5433 5432 4974
f 4974 5432 4976
f 5432 5431 4976
f 4976 5431 4978
f 5431 5430 4978
f 4978 5430 4980
f 5430 5429 4980
f 4980 5429 4982
f 5429 5428 4982
f 4982 5428 4953
f 5428 5427 4953
f 4953 5427 4954
f 5427 5426 4954
f 4954 5426 4956
f 5426 5425 4956
f 4956 5425 4957
f 5425 5424 4957
f 4957 5424 4927
f 5424 5423 4927
f 4927 5423 4928
f 5423 5422 4928
f 4928 5422 4942
f 5422 5421 4942
f 4942 5421 4943
f 5421 5420 4943
f 4943 5420 4945
f 5420 5419 4945
f 4945 5419 4946
f 5419 5418 4946
f 4946 5418 4947
f 5418 5417 4947
f 4947 5417 4948
f 5417 5416 4948
f 4948 5416 4949
f 5416 5415 4949
f 4949 5415 4934
f 5415 5414 4934
f 4934 5414 4933
f 5414 5413 4933
f 4933 5413 4931
f 5413 5412 4931
f 4931 5412 4929
f 5412 5411 4929
f 4929 5411 4935
f 5411 5410 4935
f 4935 5410 4936
f 5410 5409 4936
f 5408 4958 5409
f 4958 4937 5409
f 5409 4937 4936
f 5407 4960 5408
f 4960 4959 5408
f 5408 4959 4958
f 6126 6127 5407
f 5406 6125 5407
f 6125 6128 5407
f 5407 6128 6126
f 6127 6129 5407
f 6129 6130 5407
f 5407 6130 4960
f 6130 6131 4960
f 4960 6131 6109
f 6132 6133 5405
f 6133 6134 5405
f 5405 6134 5406
f 6134 6135 5406
f 5406 6135 6124
f 6136 6137 5404
f 6137 6138 5404
f 6138 6139 5404
f 5404 6139 5405
f 6139 6140 5405
f 5405 6140 6132
f 6141 5403 6142
f 5403 5402 6142
f 6141 6143 5403
f 6143 6144 5403
f 5403 6144 5404
f 6144 6145 5404
f 5404 6145 6136
f 6146 6147 5402
f 6147 6148 5402
f 6148 6149 5402
f 5402 6149 6142
f 5400 6123 5401
f 6123 6150 5401
f 5401 6150 6151
f 6151 6152 5401
f 6152 6153 5401
f 5401 6153 5402
f 6153 6154 5402
f 5402 6154 6146
f 5399 6121 5400
f 6121 6155 5400
f 5400 6155 6122
f 6156 6157 5398
f 6157 6158 5398
f 6158 6159 5398
f 5398 6159 5399
f 6159 6160 5399
f 5399 6160 6120
f 6161 6162 5397
f 6162 6163 5397
f 5397 6163 5398
f 6163 6164 5398
f 5398 6164 6156
f 5396 6119 5397
f 6119 6165 5397
f 5397 6165 6161
f 6166 6167 5395
f 5394 6117 5395
f 6117 6168 5395
f 5395 6168 6166
f 6167 6169 5395
f 6169 6170 5395
f 5395 6170 5396
f 6170 6171 5396
f 5396 6171 6118
f 5393 6172 5394
f 6172 6173 5394
f 5394 6173 6116
f 5391 6174 5392
f 6174 6175 5392
f 5392 6175 6176
f 6176 6177 5392
f 6177 6178 5392
f 5392 6178 5393
f 6178 6179 5393
f 5393 6179 6172
f 5389 6115 5390
f 6115 6180 5390
f 6180 6181 5390
f 5390 6181 5391
f 6181 6182 5391
f 5391 6182 6174
f 6183 5388 6184
f 5388 5387 6184
f 6184 5387 6185
f 6183 6186 5388
f 6186 6187 5388
f 5388 6187 5389
f 6187 6188 5389
f 5389 6188 6114
f 6189 5386 6190
f 5386 5385 6190
f 6190 5385 6191
f 6189 6192 5386
f 6192 6193 5386
f 5386 6193 5387
f 6193 6194 5387
f 5387 6194 6185
f 6191 5385 6195
f 5385 5384 6195
f 6195 5384 6196
f 5384 6044 6196
f 6196 6044 6197
f 6044 6043 6197
f 6043 6198 6197
f 854 853 6199
f 854 6199 6020
f 6198 6043 6200
f 6043 6042 6200
f 6200 6042 6201
f 6201 6042 6202
f 6042 6041 6202
f 6202 6041 6203
f 6040 6204 6205
f 6040 6205 6041
f 6205 6206 6041
f 6041 6206 6203
f 6204 6040 6207
f 6040 6039 6207
f 6207 6039 6208
f 6208 6039 6209
f 6039 6038 6209
f 6209 6038 6210
f 6211 6212 6037
f 6212 6213 6037
f 6037 6213 6038
f 6213 6214 6038
f 6038 6214 6210
f 6211 6037 6215
f 6037 6036 6215
f 6215 6036 6216
f 6216 6036 6217
f 6036 6035 6217
f 6217 6035 6218
f 6218 6035 6219
f 6035 6034 6219
f 6219 6034 6220
f 6033 6221 6034
f 6221 6222 6034
f 6034 6222 6220
f 6032 6223 6033
f 6223 6224 6033
f 6033 6224 6221
f 6031 6225 6032
f 6225 6226 6032
f 6032 6226 6223
f 6227 6228 6030
f 6228 6229 6030
f 6030 6229 6031
f 6229 6229 6031
f 6031 6229 6225
f 6230 6231 6029
f 6231 6232 6029
f 6029 6232 6030
f 6232 6233 6030
f 6030 6233 6227
f 6234 6235 6028
f 6235 6236 6028
f 6028 6236 6029
f 6236 6237 6029
f 6029 6237 6230
f 6234 6028 6238
f 6028 6027 6238
f 6238 6027 6239
f 6239 6027 6240
f 6027 6026 6240
f 6240 6026 6241
f 6025 6242 6243
f 6243 6244 6025
f 6244 6245 6025
f 6025 6245 6026
f 6245 6246 6026
f 6026 6246 6241
f 6242 6025 6247
f 6025 6024 6247
f 6247 6024 6248
f 6248 6024 6249
f 6024 6023 6249
f 6249 6023 6250
f 6251 6252 6022
f 6252 6253 6022
f 6022 6253 6023
f 6253 6254 6023
f 6023 6254 6250
f 6251 6022 6255
f 6022 6021 6255
f 6255 6021 6256
f 6199 6257 6020
f 6257 6258 6020
f 6020 6258 6021
f 6258 6259 6021
f 6021 6259 6256
f 6260 6261 958
f 6262 6098 863
f 6263 6264 6265
f 863 862 6262
f 862 996 6262
f 6262 996 6261
f 996 959 6261
f 6261 959 958
f 958 943 6260
f 943 935 6260
f 6260 935 6266
f 6267 6268 6269
f 6268 6270 6269
f 6265 6264 6271
f 935 920 6266
f 920 368 6266
f 6266 368 6268
f 368 1045 6268
f 6268 1045 6270
f 6267 6272 6268
f 6272 6273 6268
f 6268 6273 6274
f 6273 6275 6274
f 6274 6275 6276
f 6275 6277 6276
f 6276 6277 6278
f 6279 6280 6281
f 6280 6282 6281
f 6281 6282 6283
f 6284 6285 6283
f 6285 6286 6283
f 6265 6287 6263
f 6287 6288 6263
f 6263 6288 6289
f 6288 6290 6289
f 6289 6290 6291
f 6290 6292 6291
f 6291 6292 6293
f 6292 6294 6293
f 6293 6294 6295
f 6294 6296 6295
f 6295 6296 6297
f 6296 6298 6297
f 6297 6298 6299
f 6298 6300 6299
f 6299 6300 6301
f 6300 6302 6301
f 6301 6302 6303
f 6302 6304 6303
f 6303 6304 6305
f 6304 6278 6305
f 6305 6278 6306
f 6278 6277 6306
f 6307 6308 6283
f 6308 6309 6283
f 6283 6309 6310
f 6310 6311 6283
f 6311 6312 6283
f 6283 6312 6284
f 6286 6313 6283
f 6313 6314 6283
f 6283 6314 6315
f 6316 6317 6283
f 6317 6318 6283
f 6283 6318 6281
f 6281 6319 6279
f 6319 6320 6279
f 6279 6320 6321
f 6271 6264 6283
f 6264 6322 6283
f 6283 6322 6307
f 6315 6323 6283
f 6323 6324 6283
f 6283 6324 6325
f 6326 6327 6328
f 6325 6329 6283
f 6329 6330 6283
f 6283 6330 6331
f 6331 6332 6283
f 6332 6333 6283
f 6283 6333 6316
f 6321 6334 6279
f 6334 6335 6279
f 6279 6335 6336
f 6336 6337 6279
f 6337 6338 6279
f 6279 6338 6328
f 6338 6339 6328
f 6328 6339 6326
f 5764 5962 6340
f 5764 6340 6341
f 6340 6342 6341
f 6342 6343 6341
f 6341 6343 6344
f 6343 6345 6344
f 6345 6346 6344
f 6344 6346 6347
f 6346 6348 6347
f 6348 6349 6347
f 6347 6349 6350
f 6349 6351 6350
f 6351 6352 6350
f 6350 6352 6353
f 6352 6354 6353
f 6354 6355 6353
f 6353 6355 6356
f 6355 6357 6356
f 6357 6358 6356
f 6356 6358 6359
f 6358 6360 6359
f 6360 6361 6359
f 6359 6361 6362
f 6361 6363 6362
f 6363 6363 6362
f 6362 6363 6364
f 6363 6365 6364
f 6365 6366 6364
f 6364 6366 6367
f 6366 6368 6367
f 6368 6369 6367
f 6367 6369 6370
f 6369 6371 6370
f 6371 6372 6370
f 6370 6372 6373
f 6372 6372 6373
f 6372 6374 6373
f 6373 6374 6375
f 6374 6376 6375
f 6376 6377 6375
f 6375 6377 6378
f 6377 6379 6378
f 6379 6380 6378
f 6378 6380 6381
f 6380 6382 6381
f 6382 6383 6381
f 6381 6383 6384
f 6383 6385 6384
f 6385 6386 6384
f 6384 6386 6387
f 6266 6268 6388
f 6268 6387 6388
f 6388 6387 6389
f 6387 6386 6389
f 5764 6341 6390
f 6341 6344 6391
f 6344 6347 6392
f 6347 6350 6393
f 6350 6353 6394
f 6353 6356 6395
f 6356 6359 6396
f 6359 6362 6397
f 6362 6364 6398
f 6364 6367 6399
f 6367 6370 6400
f 6370 6373 6401
f 6373 6375 6402
f 6375 6378 6403
f 6378 6381 6404
f 6381 6384 6405
f 6384 6387 6406
f 6387 6268 6274
f 6387 6274 6406
f 6274 6276 6406
f 6406 6276 6407
f 6276 6278 6407
f 6407 6278 6408
f 6278 6304 6408
f 6408 6304 6409
f 6304 6302 6409
f 6409 6302 6410
f 6302 6300 6410
f 6410 6300 6411
f 6300 6298 6411
f 6411 6298 6412
f 6298 6296 6412
f 6412 6296 6413
f 6296 6294 6413
f 6413 6294 6414
f 6294 6292 6414
f 6414 6292 6415
f 6292 6290 6415
f 6415 6290 6416
f 6290 6288 6416
f 6416 6288 6417
f 6288 6287 6417
f 6417 6287 6418
f 6287 6265 6418
f 6418 6265 6419
f 6265 6271 6419
f 6419 6271 6420
f 6271 6283 6420
f 6420 6283 6421
f 6283 6282 6421
f 6421 6282 6422
f 6282 6280 6422
f 6422 6280 6423
f 6280 6279 6423
f 6423 6279 6424
f 6279 6328 6424
f 6424 6328 6425
f 6328 6327 6425
f 6425 6327 6426
f 6327 6326 6426
f 6426 6326 6427
f 6326 6339 6427
f 6427 6339 6428
f 6339 6338 6428
f 6428 6338 6429
f 6338 6337 6429
f 6429 6337 6430
f 6337 6336 6430
f 6430 6336 6431
f 6336 6335 6431
f 6431 6335 6432
f 6335 6334 6432
f 6432 6334 6433
f 6334 6321 6433
f 6433 6321 6434
f 6321 6320 6434
f 6434 6320 6435
f 6320 6319 6435
f 6435 6319 6436
f 6319 6281 6436
f 6436 6281 6437
f 6281 6318 6437
f 6437 6318 6438
f 6384 6406 6405
f 6406 6407 6405
f 6405 6407 6439
f 6407 6408 6439
f 6439 6408 6440
f 6408 6409 6440
f 6440 6409 6441
f 6409 6410 6441
f 6441 6410 6442
f 6410 6411 6442
f 6442 6411 6443
f 6411 6412 6443
f 6443 6412 6444
f 6412 6413 6444
f 6444 6413 6445
f 6413 6414 6445
f 6445 6414 6446
f 6414 6415 6446
f 6446 6415 6447
f 6415 6416 6447
f 6447 6416 6448
f 6416 6417 6448
f 6448 6417 6449
f 6417 6418 6449
f 6449 6418 6450
f 6418 6419 6450
f 6450 6419 6451
f 6419 6420 6451
f 6451 6420 6452
f 6420 6421 6452
f 6452 6421 6453
f 6421 6422 6453
f 6453 6422 6454
f 6422 6423 6454
f 6454 6423 6455
f 6423 6424 6455
f 6455 6424 6456
f 6424 6425 6456
f 6456 6425 6457
f 6425 6426 6457
f 6457 6426 6458
f 6426 6427 6458
f 6458 6427 6459
f 6427 6428 6459
f 6459 6428 6460
f 6428 6429 6460
f 6460 6429 6461
f 6429 6430 6461
f 6461 6430 6462
f 6430 6431 6462
f 6462 6431 6463
f 6431 6432 6463
f 6463 6432 6464
f 6432 6433 6464
f 6464 6433 6465
f 6433 6434 6465
f 6465 6434 6466
f 6434 6435 6466
f 6466 6435 6467
f 6435 6436 6467
f 6467 6436 6468
f 6436 6437 6468
f 6468 6437 6469
f 6437 6438 6469
f 6469 6438 6470
f 6381 6405 6404
f 6405 6439 6404
f 6404 6439 6471
f 6439 6440 6471
f 6471 6440 6472
f 6440 6441 6472
f 6472 6441 6473
f 6441 6442 6473
f 6473 6442 6474
f 6442 6443 6474
f 6474 6443 6475
f 6443 6444 6475
f 6475 6444 6476
f 6444 6445 6476
f 6476 6445 6477
f 6445 6446 6477
f 6477 6446 6478
f 6446 6447 6478
f 6478 6447 6479
f 6447 6448 6479
f 6479 6448 6480
f 6448 6449 6480
f 6480 6449 6481
f 6449 6450 6481
f 6481 6450 6482
f 6450 6451 6482
f 6482 6451 6483
f 6451 6452 6483
f 6483 6452 6484
f 6452 6453 6484
f 6484 6453 6485
f 6453 6454 6485
f 6485 6454 6486
f 6454 6455 6486
f 6486 6455 6487
f 6455 6456 6487
f 6487 6456 6488
f 6456 6457 6488
f 6488 6457 6489
f 6457 6458 6489
f 6489 6458 6490
f 6458 6459 6490
f 6490 6459 6491
f 6459 6460 6491
f 6491 6460 6492
f 6460 6461 6492
f 6492 6461 6493
f 6461 6462 6493
f 6493 6462 6494
f 6462 6463 6494
f 6494 6463 6495
f 6463 6464 6495
f 6495 6464 6496
f 6464 6465 6496
f 6496 6465 6497
f 6465 6466 6497
f 6497 6466 6498
f 6466 6467 6498
f 6498 6467 6499
f 6467 6468 6499
f 6499 6468 6500
f 6468 6469 6500
f 6500 6469 6501
f 6469 6470 6501
f 6501 6470 6502
f 6378 6404 6403
f 6404 6471 6403
f 6403 6471 6503
f 6471 6472 6503
f 6503 6472 6504
f 6472 6473 6504
f 6504 6473 6505
f 6473 6474 6505
f 6505 6474 6506
f 6474 6475 6506
f 6506 6475 6507
f 6475 6476 6507
f 6507 6476 6508
f 6476 6477 6508
f 6508 6477 6509
f 6477 6478 6509
f 6509 6478 6510
f 6478 6479 6510
f 6510 6479 6511
f 6479 6480 6511
f 6511 6480 6512
f 6480 6481 6512
f 6512 6481 6513
f 6481 6482 6513
f 6513 6482 6514
f 6482 6483 6514
f 6514 6483 6515
f 6483 6484 6515
f 6515 6484 6516
f 6484 6485 6516
f 6516 6485 6517
f 6485 6486 6517
f 6517 6486 6518
f 6486 6487 6518
f 6518 6487 6519
f 6487 6488 6519
f 6519 6488 6520
f 6488 6489 6520
f 6520 6489 6521
f 6489 6490 6521
f 6521 6490 6522
f 6490 6491 6522
f 6522 6491 6523
f 6491 6492 6523
f 6523 6492 6524
f 6492 6493 6524
f 6524 6493 6525
f 6493 6494 6525
f 6525 6494 6526
f 6494 6495 6526
f 6526 6495 6527
f 6495 6496 6527
f 6527 6496 6528
f 6496 6497 6528
f 6528 6497 6529
f 6497 6498 6529
f 6529 6498 6530
f 6498 6499 6530
f 6530 6499 6531
f 6499 6500 6531
f 6531 6500 6532
f 6500 6501 6532
f 6532 6501 6533
f 6501 6502 6533
f 6533 6502 6534
f 6375 6403 6402
f 6403 6503 6402
f 6402 6503 6535
f 6503 6504 6535
f 6535 6504 6536
f 6504 6505 6536
f 6536 6505 6537
f 6505 6506 6537
f 6537 6506 6538
f 6506 6507 6538
f 6538 6507 6539
f 6507 6508 6539
f 6539 6508 6540
f 6508 6509 6540
f 6540 6509 6541
f 6509 6510 6541
f 6541 6510 6542
f 6510 6511 6542
f 6542 6511 6543
f 6511 6512 6543
f 6543 6512 6544
f 6512 6513 6544
f 6544 6513 6545
f 6513 6514 6545
f 6545 6514 6546
f 6514 6515 6546
f 6546 6515 6547
f 6515 6516 6547
f 6547 6516 6548
f 6516 6517 6548
f 6548 6517 6549
f 6517 6518 6549
f 6549 6518 6550
f 6518 6519 6550
f 6550 6519 6551
f 6519 6520 6551
f 6551 6520 6552
f 6520 6521 6552
f 6552 6521 6553
f 6521 6522 6553
f 6553 6522 6554
f 6522 6523 6554
f 6554 6523 6555
f 6523 6524 6555
f 6555 6524 6556
f 6524 6525 6556
f 6556 6525 6557
f 6525 6526 6557
f 6557 6526 6558
f 6526 6527 6558
f 6558 6527 6559
f 6527 6528 6559
f 6559 6528 6560
f 6528 6529 6560
f 6560 6529 6561
f 6529 6530 6561
f 6561 6530 6562
f 6530 6531 6562
f 6562 6531 6563
f 6531 6532 6563
f 6563 6532 6564
f 6532 6533 6564
f 6564 6533 6565
f 6533 6534 6565
f 6565 6534 6566
f 6373 6402 6401
f 6402 6535 6401
f 6401 6535 6567
f 6535 6536 6567
f 6567 6536 6568
f 6536 6537 6568
f 6568 6537 6569
f 6537 6538 6569
f 6569 6538 6570
f 6538 6539 6570
f 6570 6539 6571
f 6539 6540 6571
f 6571 6540 6572
f 6540 6541 6572
f 6572 6541 6573
f 6541 6542 6573
f 6573 6542 6574
f 6542 6543 6574
f 6574 6543 6575
f 6543 6544 6575
f 6575 6544 6576
f 6544 6545 6576
f 6576 6545 6577
f 6545 6546 6577
f 6577 6546 6578
f 6546 6547 6578
f 6578 6547 6579
f 6547 6548 6579
f 6579 6548 6580
f 6548 6549 6580
f 6580 6549 6581
f 6549 6550 6581
f 6581 6550 6582
f 6550 6551 6582
f 6582 6551 6583
f 6551 6552 6583
f 6583 6552 6584
f 6552 6553 6584
f 6584 6553 6585
f 6553 6554 6585
f 6585 6554 6586
f 6554 6555 6586
f 6586 6555 6587
f 6555 6556 6587
f 6587 6556 6588
f 6556 6557 6588
f 6588 6557 6589
f 6557 6558 6589
f 6589 6558 6590
f 6558 6559 6590
f 6590 6559 6591
f 6559 6560 6591
f 6591 6560 6592
f 6560 6561 6592
f 6592 6561 6593
f 6561 6562 6593
f 6593 6562 6594
f 6562 6563 6594
f 6594 6563 6595
f 6563 6564 6595
f 6595 6564 6596
f 6564 6565 6596
f 6596 6565 6597
f 6565 6566 6597
f 6597 6566 6598
f 6370 6401 6400
f 6401 6567 6400
f 6400 6567 6599
f 6567 6568 6599
f 6599 6568 6600
f 6568 6569 6600
f 6600 6569 6601
f 6569 6570 6601
f 6601 6570 6602
f 6570 6571 6602
f 6602 6571 6603
f 6571 6572 6603
f 6603 6572 6604
f 6572 6573 6604
f 6604 6573 6605
f 6573 6574 6605
f 6605 6574 6606
f 6574 6575 6606
f 6606 6575 6607
f 6575 6576 6607
f 6607 6576 6608
f 6576 6577 6608
f 6608 6577 6609
f 6577 6578 6609
f 6609 6578 6610
f 6578 6579 6610
f 6610 6579 6611
f 6579 6580 6611
f 6611 6580 6612
f 6580 6581 6612
f 6612 6581 6613
f 6581 6582 6613
f 6613 6582 6614
f 6582 6583 6614
f 6614 6583 6615
f 6583 6584 6615
f 6615 6584 6616
f 6584 6585 6616
f 6616 6585 6617
f 6585 6586 6617
f 6617 6586 6618
f 6586 6587 6618
f 6618 6587 6619
f 6587 6588 6619
f 6619 6588 6620
f 6588 6589 6620
f 6620 6589 6621
f 6589 6590 6621
f 6621 6590 6622
f 6590 6591 6622
f 6622 6591 6623
f 6591 6592 6623
f 6623 6592 6624
f 6592 6593 6624
f 6624 6593 6625
f 6593 6594 6625
f 6625 6594 6626
f 6594 6595 6626
f 6626 6595 6627
f 6595 6596 6627
f 6627 6596 6628
f 6596 6597 6628
f 6628 6597 6629
f 6597 6598 6629
f 6629 6598 6630
f 6367 6400 6399
f 6400 6599 6399
f 6399 6599 6631
f 6599 6600 6631
f 6631 6600 6632
f 6600 6601 6632
f 6632 6601 6633
f 6601 6602 6633
f 6633 6602 6634
f 6602 6603 6634
f 6634 6603 6635
f 6603 6604 6635
f 6635 6604 6636
f 6604 6605 6636
f 6636 6605 6637
f 6605 6606 6637
f 6637 6606 6638
f 6606 6607 6638
f 6638 6607 6639
f 6607 6608 6639
f 6639 6608 6640
f 6608 6609 6640
f 6640 6609 6641
f 6609 6610 6641
f 6641 6610 6642
f 6610 6611 6642
f 6642 6611 6643
f 6611 6612 6643
f 6643 6612 6644
f 6612 6613 6644
f 6644 6613 6645
f 6613 6614 6645
f 6645 6614 6646
f 6614 6615 6646
f 6646 6615 6647
f 6615 6616 6647
f 6647 6616 6648
f 6616 6617 6648
f 6648 6617 6649
f 6617 6618 6649
f 6649 6618 6650
f 6618 6619 6650
f 6650 6619 6651
f 6619 6620 6651
f 6651 6620 6652
f 6620 6621 6652
f 6652 6621 6653
f 6621 6622 6653
f 6653 6622 6654
f 6622 6623 6654
f 6654 6623 6655
f 6623 6624 6655
f 6655 6624 6656
f 6624 6625 6656
f 6656 6625 6657
f 6625 6626 6657
f 6657 6626 6658
f 6626 6627 6658
f 6658 6627 6659
f 6627 6628 6659
f 6659 6628 6660
f 6628 6629 6660
f 6660 6629 6661
f 6629 6630 6661
f 6661 6630 6662
f 6364 6399 6398
f 6399 6631 6398
f 6398 6631 6663
f 6631 6632 6663
f 6663 6632 6664
f 6632 6633 6664
f 6664 6633 6665
f 6633 6634 6665
f 6665 6634 6666
f 6634 6635 6666
f 6666 6635 6667
f 6635 6636 6667
f 6667 6636 6668
f 6636 6637 6668
f 6668 6637 6669
f 6637 6638 6669
f 6669 6638 6670
f 6638 6639 6670
f 6670 6639 6671
f 6639 6640 6671
f 6671 6640 6672
f 6640 6641 6672
f 6672 6641 6673
f 6641 6642 6673
f 6673 6642 6674
f 6642 6643 6674
f 6674 6643 6675
f 6643 6644 6675
f 6675 6644 6676
f 6644 6645 6676
f 6676 6645 6677
f 6645 6646 6677
f 6677 6646 6678
f 6646 6647 6678
f 6678 6647 6679
f 6647 6648 6679
f 6679 6648 6680
f 6648 6649 6680
f 6680 6649 6681
f 6649 6650 6681
f 6681 6650 6682
f 6650 6651 6682
f 6682 6651 6683
f 6651 6652 6683
f 6683 6652 6684
f 6652 6653 6684
f 6684 6653 6685
f 6653 6654 6685
f 6685 6654 6686
f 6654 6655 6686
f 6686 6655 6687
f 6655 6656 6687
f 6687 6656 6688
f 6656 6657 6688
f 6688 6657 6689
f 6657 6658 6689
f 6689 6658 6690
f 6658 6659 6690
f 6690 6659 6691
f 6659 6660 6691
f 6691 6660 6692
f 6660 6661 6692
f 6692 6661 6693
f 6661 6662 6693
f 6693 6662 6694
f 6362 6398 6397
f 6398 6663 6397
f 6397 6663 6695
f 6663 6664 6695
f 6695 6664 6696
f 6664 6665 6696
f 6696 6665 6697
f 6665 6666 6697
f 6697 6666 6698
f 6666 6667 6698
f 6698 6667 6699
f 6667 6668 6699
f 6699 6668 6700
f 6668 6669 6700
f 6700 6669 6701
f 6669 6670 6701
f 6701 6670 6702
f 6670 6671 6702
f 6702 6671 6703
f 6671 6672 6703
f 6703 6672 6704
f 6672 6673 6704
f 6704 6673 6705
f 6673 6674 6705
f 6705 6674 6706
f 6674 6675 6706
f 6706 6675 6707
f 6675 6676 6707
f 6707 6676 6708
f 6676 6677 6708
f 6708 6677 6709
f 6677 6678 6709
f 6709 6678 6710
f 6678 6679 6710
f 6710 6679 6711
f 6679 6680 6711
f 6711 6680 6712
f 6680 6681 6712
f 6712 6681 6713
f 6681 6682 6713
f 6713 6682 6714
f 6682 6683 6714
f 6714 6683 6715
f 6683 6684 6715
f 6715 6684 6716
f 6684 6685 6716
f 6716 6685 6717
f 6685 6686 6717
f 6717 6686 6718
f 6686 6687 6718
f 6718 6687 6719
f 6687 6688 6719
f 6719 6688 6720
f 6688 6689 6720
f 6720 6689 6721
f 6689 6690 6721
f 6721 6690 6722
f 6690 6691 6722
f 6722 6691 6723
f 6691 6692 6723
f 6723 6692 6724
f 6692 6693 6724
f 6724 6693 6725
f 6693 6694 6725
f 6725 6694 6726
f 6359 6397 6396
f 6397 6695 6396
f 6396 6695 6727
f 6695 6696 6727
f 6727 6696 6728
f 6696 6697 6728
f 6728 6697 6729
f 6697 6698 6729
f 6729 6698 6730
f 6698 6699 6730
f 6730 6699 6731
f 6699 6700 6731
f 6731 6700 6732
f 6700 6701 6732
f 6732 6701 6733
f 6701 6702 6733
f 6733 6702 6734
f 6702 6703 6734
f 6734 6703 6735
f 6703 6704 6735
f 6735 6704 6736
f 6704 6705 6736
f 6736 6705 6737
f 6705 6706 6737
f 6737 6706 6738
f 6706 6707 6738
f 6738 6707 6739
f 6707 6708 6739
f 6739 6708 6740
f 6708 6709 6740
f 6740 6709 6741
f 6709 6710 6741
f 6741 6710 6742
f 6710 6711 6742
f 6742 6711 6743
f 6711 6712 6743
f 6743 6712 6744
f 6712 6713 6744
f 6744 6713 6745
f 6713 6714 6745
f 6745 6714 6746
f 6714 6715 6746
f 6746 6715 6747
f 6715 6716 6747
f 6747 6716 6748
f 6716 6717 6748
f 6748 6717 6749
f 6717 6718 6749
f 6749 6718 6750
f 6718 6719 6750
f 6750 6719 6751
f 6719 6720 6751
f 6751 6720 6752
f 6720 6721 6752
f 6752 6721 6753
f 6721 6722 6753
f 6753 6722 6754
f 6722 6723 6754
f 6754 6723 6755
f 6723 6724 6755
f 6755 6724 6756
f 6724 6725 6756
f 6756 6725 6757
f 6725 6726 6757
f 6757 6726 6758
f 6356 6396 6395
f 6396 6727 6395
f 6395 6727 6759
f 6727 6728 6759
f 6759 6728 6760
f 6728 6729 6760
f 6760 6729 6761
f 6729 6730 6761
f 6761 6730 6762
f 6730 6731 6762
f 6762 6731 6763
f 6731 6732 6763
f 6763 6732 6764
f 6732 6733 6764
f 6764 6733 6765
f 6733 6734 6765
f 6765 6734 6766
f 6734 6735 6766
f 6766 6735 6767
f 6735 6736 6767
f 6767 6736 6768
f 6736 6737 6768
f 6768 6737 6769
f 6737 6738 6769
f 6769 6738 6770
f 6738 6739 6770
f 6770 6739 6771
f 6739 6740 6771
f 6771 6740 6772
f 6740 6741 6772
f 6772 6741 6773
f 6741 6742 6773
f 6773 6742 6774
f 6742 6743 6774
f 6774 6743 6775
f 6743 6744 6775
f 6775 6744 6776
f 6744 6745 6776
f 6776 6745 6777
f 6745 6746 6777
f 6777 6746 6778
f 6746 6747 6778
f 6778 6747 6779
f 6747 6748 6779
f 6779 6748 6780
f 6748 6749 6780
f 6780 6749 6781
f 6749 6750 6781
f 6781 6750 6782
f 6750 6751 6782
f 6782 6751 6783
f 6751 6752 6783
f 6783 6752 6784
f 6752 6753 6784
f 6784 6753 6785
f 6753 6754 6785
f 6785 6754 6786
f 6754 6755 6786
f 6786 6755 6787
f 6755 6756 6787
f 6787 6756 6788
f 6756 6757 6788
f 6788 6757 6789
f 6757 6758 6789
f 6789 6758 6790
f 6353 6395 6394
f 6395 6759 6394
f 6394 6759 6791
f 6759 6760 6791
f 6791 6760 6792
f 6760 6761 6792
f 6792 6761 6793
f 6761 6762 6793
f 6793 6762 6794
f 6762 6763 6794
f 6794 6763 6795
f 6763 6764 6795
f 6795 6764 6796
f 6764 6765 6796
f 6796 6765 6797
f 6765 6766 6797
f 6797 6766 6798
f 6766 6767 6798
f 6798 6767 6799
f 6767 6768 6799
f 6799 6768 6800
f 6768 6769 6800
f 6800 6769 6801
f 6769 6770 6801
f 6801 6770 6802
f 6770 6771 6802
f 6802 6771 6803
f 6771 6772 6803
f 6803 6772 6804
f 6772 6773 6804
f 6804 6773 6805
f 6773 6774 6805
f 6805 6774 6806
f 6774 6775 6806
f 6806 6775 6807
f 6775 6776 6807
f 6807 6776 6808
f 6776 6777 6808
f 6808 6777 6809
f 6777 6778 6809
f 6809 6778 6810
f 6778 6779 6810
f 6810 6779 6811
f 6779 6780 6811
f 6811 6780 6812
f 6780 6781 6812
f 6812 6781 6813
f 6781 6782 6813
f 6813 6782 6814
f 6782 6783 6814
f 6814 6783 6815
f 6783 6784 6815
f 6815 6784 6816
f 6784 6785 6816
f 6816 6785 6817
f 6785 6786 6817
f 6817 6786 6818
f 6786 6787 6818
f 6818 6787 6819
f 6787 6788 6819
f 6819 6788 6820
f 6788 6789 6820
f 6820 6789 6821
f 6789 6790 6821
f 6821 6790 6822
f 6350 6394 6393
f 6394 6791 6393
f 6393 6791 6823
f 6791 6792 6823
f 6823 6792 6824
f 6792 6793 6824
f 6824 6793 6825
f 6793 6794 6825
f 6825 6794 6826
f 6794 6795 6826
f 6826 6795 6827
f 6795 6796 6827
f 6827 6796 6828
f 6796 6797 6828
f 6828 6797 6829
f 6797 6798 6829
f 6829 6798 6830
f 6798 6799 6830
f 6830 6799 6831
f 6799 6800 6831
f 6831 6800 6832
f 6800 6801 6832
f 6832 6801 6833
f 6801 6802 6833
f 6833 6802 6834
f 6802 6803 6834
f 6834 6803 6835
f 6803 6804 6835
f 6835 6804 6836
f 6804 6805 6836
f 6836 6805 6837
f 6805 6806 6837
f 6837 6806 6838
f 6806 6807 6838
f 6838 6807 6839
f 6807 6808 6839
f 6839 6808 6840
f 6808 6809 6840
f 6840 6809 6841
f 6809 6810 6841
f 6841 6810 6842
f 6810 6811 6842
f 6842 6811 6843
f 6811 6812 6843
f 6843 6812 6844
f 6812 6813 6844
f 6844 6813 6845
f 6813 6814 6845
f 6845 6814 6846
f 6814 6815 6846
f 6846 6815 6847
f 6815 6816 6847
f 6847 6816 6848
f 6816 6817 6848
f 6848 6817 6849
f 6817 6818 6849
f 6849 6818 6850
f 6818 6819 6850
f 6850 6819 6851
f 6819 6820 6851
f 6851 6820 6852
f 6820 6821 6852
f 6852 6821 6853
f 6821 6822 6853
f 6853 6822 6854
f 6347 6393 6392
f 6393 6823 6392
f 6392 6823 6855
f 6823 6824 6855
f 6855 6824 6856
f 6824 6825 6856
f 6856 6825 6857
f 6825 6826 6857
f 6857 6826 6858
f 6826 6827 6858
f 6858 6827 6859
f 6827 6828 6859
f 6859 6828 6860
f 6828 6829 6860
f 6860 6829 6861
f 6829 6830 6861
f 6861 6830 6862
f 6830 6831 6862
f 6862 6831 6863
f 6831 6832 6863
f 6863 6832 6864
f 6832 6833 6864
f 6864 6833 6865
f 6833 6834 6865
f 6865 6834 6866
f 6834 6835 6866
f 6866 6835 6867
f 6835 6836 6867
f 6867 6836 6868
f 6836 6837 6868
f 6868 6837 6869
f 6837 6838 6869
f 6869 6838 6870
f 6838 6839 6870
f 6870 6839 6871
f 6839 6840 6871
f 6871 6840 6872
f 6840 6841 6872
f 6872 6841 6873
f 6841 6842 6873
f 6873 6842 6874
f 6842 6843 6874
f 6874 6843 6875
f 6843 6844 6875
f 6875 6844 6876
f 6844 6845 6876
f 6876 6845 6877
f 6845 6846 6877
f 6877 6846 6878
f 6846 6847 6878
f 6878 6847 6879
f 6847 6848 6879
f 6879 6848 6880
f 6848 6849 6880
f 6880 6849 6881
f 6849 6850 6881
f 6881 6850 6882
f 6850 6851 6882
f 6882 6851 6883
f 6851 6852 6883
f 6883 6852 6884
f 6852 6853 6884
f 6884 6853 6885
f 6853 6854 6885
f 6885 6854 6886
f 6344 6392 6391
f 6392 6855 6391
f 6391 6855 6887
f 6855 6856 6887
f 6887 6856 6888
f 6856 6857 6888
f 6888 6857 6889
f 6857 6858 6889
f 6889 6858 6890
f 6858 6859 6890
f 6890 6859 6891
f 6859 6860 6891
f 6891 6860 6892
f 6860 6861 6892
f 6892 6861 6893
f 6861 6862 6893
f 6893 6862 6894
f 6862 6863 6894
f 6894 6863 6895
f 6863 6864 6895
f 6895 6864 6896
f 6864 6865 6896
f 6896 6865 6897
f 6865 6866 6897
f 6897 6866 6898
f 6866 6867 6898
f 6898 6867 6899
f 6867 6868 6899
f 6899 6868 6900
f 6868 6869 6900
f 6900 6869 6901
f 6869 6870 6901
f 6901 6870 6902
f 6870 6871 6902
f 6902 6871 6903
f 6871 6872 6903
f 6903 6872 6904
f 6872 6873 6904
f 6904 6873 6905
f 6873 6874 6905
f 6905 6874 6906
f 6874 6875 6906
f 6906 6875 6907
f 6875 6876 6907
f 6907 6876 6908
f 6876 6877 6908
f 6908 6877 6909
f 6877 6878 6909
f 6909 6878 6910
f 6878 6879 6910
f 6910 6879 6911
f 6879 6880 6911
f 6911 6880 6912
f 6880 6881 6912
f 6912 6881 6913
f 6881 6882 6913
f 6913 6882 6914
f 6882 6883 6914
f 6914 6883 6915
f 6883 6884 6915
f 6915 6884 6916
f 6884 6885 6916
f 6916 6885 6917
f 6885 6886 6917
f 6917 6886 6918
f 6341 6391 6390
f 6391 6887 6390
f 6390 6887 6919
f 6887 6888 6919
f 6919 6888 6920
f 6888 6889 6920
f 6920 6889 6921
f 6889 6890 6921
f 6921 6890 6922
f 6890 6891 6922
f 6922 6891 6923
f 6891 6892 6923
f 6923 6892 6924
f 6892 6893 6924
f 6924 6893 6925
f 6893 6894 6925
f 6925 6894 6926
f 6894 6895 6926
f 6926 6895 6927
f 6895 6896 6927
f 6927 6896 6928
f 6896 6897 6928
f 6928 6897 6929
f 6897 6898 6929
f 6929 6898 6930
f 6898 6899 6930
f 6930 6899 6931
f 6899 6900 6931
f 6931 6900 6932
f 6900 6901 6932
f 6932 6901 6933
f 6901 6902 6933
f 6933 6902 6934
f 6902 6903 6934
f 6934 6903 6935
f 6903 6904 6935
f 6935 6904 6936
f 6904 6905 6936
f 6936 6905 6937
f 6905 6906 6937
f 6937 6906 6938
f 6906 6907 6938
f 6938 6907 6939
f 6907 6908 6939
f 6939 6908 6940
f 6908 6909 6940
f 6940 6909 6941
f 6909 6910 6941
f 6941 6910 6942
f 6910 6911 6942
f 6942 6911 6943
f 6911 6912 6943
f 6943 6912 6944
f 6912 6913 6944
f 6944 6913 6945
f 6913 6914 6945
f 6945 6914 6946
f 6914 6915 6946
f 6946 6915 6947
f 6915 6916 6947
f 6947 6916 6948
f 6916 6917 6948
f 6948 6917 6949
f 6917 6918 6949
f 6949 6918 6950
f 5764 6390 5765
f 6390 6919 5765
f 5765 6919 5767
f 6919 6920 5767
f 5767 6920 5769
f 6920 6921 5769
f 5769 6921 5771
f 6921 6922 5771
f 5771 6922 5773
f 6922 6923 5773
f 5773 6923 5775
f 6923 6924 5775
f 5775 6924 5777
f 6924 6925 5777
f 5777 6925 5779
f 6925 6926 5779
f 5779 6926 5781
f 6926 6927 5781
f 5781 6927 5783
f 6927 6928 5783
f 5783 6928 5785
f 6928 6929 5785
f 5785 6929 5787
f 6929 6930 5787
f 5787 6930 5789
f 6930 6931 5789
f 5789 6931 5791
f 6931 6932 5791
f 5791 6932 5793
f 6932 6933 5793
f 5793 6933 5795
f 6933 6934 5795
f 5795 6934 5797
f 6934 6935 5797
f 5797 6935 5799
f 6935 6936 5799
f 5799 6936 5801
f 6936 6937 5801
f 5801 6937 5803
f 6937 6938 5803
f 5803 6938 5805
f 6938 6939 5805
f 5805 6939 5807
f 6939 6940 5807
f 5807 6940 5809
f 6940 6941 5809
f 5809 6941 5811
f 6941 6942 5811
f 5811 6942 5813
f 6942 6943 5813
f 5813 6943 5815
f 6943 6944 5815
f 5815 6944 5817
f 6944 6945 5817
f 5817 6945 5819
f 6945 6946 5819
f 5819 6946 5821
f 6946 6947 5821
f 5821 6947 5823
f 6947 6948 5823
f 5823 6948 5825
f 6948 6949 5825
f 5825 6949 5827
f 6949 6950 5827
f 5827 6950 5509
f 5486 5489 6951
f 5489 6952 6951
f 6951 6952 6953
f 6952 6954 6953
f 6953 6954 6955
f 6954 6956 6955
f 6955 6956 6957
f 6956 6958 6957
f 6957 6958 6959
f 6958 6960 6959
f 6959 6960 6961
f 6960 6962 6961
f 6961 6962 6963
f 6962 6964 6963
f 6963 6964 6965
f 6964 6966 6965
f 6965 6966 6967
f 6966 6968 6967
f 6967 6968 6969
f 6968 6970 6969
f 6969 6970 6971
f 6970 6972 6971
f 6971 6972 6973
f 6972 6974 6973
f 6973 6974 6975
f 6974 6976 6975
f 6975 6976 6977
f 6976 6978 6977
f 6977 6978 6979
f 6978 6980 6979
f 6979 6980 6981
f 6980 6982 6981
f 6981 6982 6983
f 6982 6984 6983
f 6983 6984 6315
f 6984 6323 6315
f 5489 5491 6952
f 5491 6985 6952
f 6952 6985 6954
f 6985 6986 6954
f 6954 6986 6956
f 6986 6987 6956
f 6956 6987 6958
f 6987 6988 6958
f 6958 6988 6960
f 6988 6989 6960
f 6960 6989 6962
f 6989 6990 6962
f 6962 6990 6964
f 6990 6991 6964
f 6964 6991 6966
f 6991 6992 6966
f 6966 6992 6968
f 6992 6993 6968
f 6968 6993 6970
f 6993 6994 6970
f 6970 6994 6972
f 6994 6995 6972
f 6972 6995 6974
f 6995 6996 6974
f 6974 6996 6976
f 6996 6997 6976
f 6976 6997 6978
f 6997 6998 6978
f 6978 6998 6980
f 6998 6999 6980
f 6980 6999 6982
f 6999 7000 6982
f 6982 7000 6984
f 7000 7001 6984
f 6984 7001 6323
f 7001 6324 6323
f 5491 5493 6985
f 5493 7002 6985
f 6985 7002 6986
f 7002 7003 6986
f 6986 7003 6987
f 7003 7004 6987
f 6987 7004 6988
f 7004 7005 6988
f 6988 7005 6989
f 7005 7006 6989
f 6989 7006 6990
f 7006 7007 6990
f 6990 7007 6991
f 7007 7008 6991
f 6991 7008 6992
f 7008 7009 6992
f 6992 7009 6993
f 7009 7010 6993
f 6993 7010 6994
f 7010 7011 6994
f 6994 7011 6995
f 7011 7012 6995
f 6995 7012 6996
f 7012 7013 6996
f 6996 7013 6997
f 7013 7014 6997
f 6997 7014 6998
f 7014 7015 6998
f 6998 7015 6999
f 7015 7016 6999
f 6999 7016 7000
f 7016 7017 7000
f 7000 7017 7001
f 7017 7018 7001
f 7001 7018 6324
f 7018 6325 6324
f 5493 5495 7002
f 5495 7019 7002
f 7002 7019 7003
f 7019 7020 7003
f 7003 7020 7004
f 7020 7021 7004
f 7004 7021 7005
f 7021 7022 7005
f 7005 7022 7006
f 7022 7023 7006
f 7006 7023 7007
f 7023 7024 7007
f 7007 7024 7008
f 7024 7025 7008
f 7008 7025 7009
f 7025 7026 7009
f 7009 7026 7010
f 7026 7027 7010
f 7010 7027 7011
f 7027 7028 7011
f 7011 7028 7012
f 7028 7029 7012
f 7012 7029 7013
f 7029 7030 7013
f 7013 7030 7014
f 7030 7031 7014
f 7014 7031 7015
f 7031 7032 7015
f 7015 7032 7016
f 7032 7033 7016
f 7016 7033 7017
f 7033 7034 7017
f 7017 7034 7018
f 7034 7035 7018
f 7018 7035 6325
f 7035 6329 6325
f 5495 5497 7019
f 5497 7036 7019
f 7019 7036 7020
f 7036 7037 7020
f 7020 7037 7021
f 7037 7038 7021
f 7021 7038 7022
f 7038 7039 7022
f 7022 7039 7023
f 7039 7040 7023
f 7023 7040 7024
f 7040 7041 7024
f 7024 7041 7025
f 7041 7042 7025
f 7025 7042 7026
f 7042 7043 7026
f 7026 7043 7027
f 7043 7044 7027
f 7027 7044 7028
f 7044 7045 7028
f 7028 7045 7029
f 7045 7046 7029
f 7029 7046 7030
f 7046 7047 7030
f 7030 7047 7031
f 7047 7048 7031
f 7031 7048 7032
f 7048 7049 7032
f 7032 7049 7033
f 7049 7050 7033
f 7033 7050 7034
f 7050 7051 7034
f 7034 7051 7035
f 7051 7052 7035
f 7035 7052 6329
f 7052 6330 6329
f 5497 5499 7036
f 5499 7053 7036
f 7036 7053 7037
f 7053 7054 7037
f 7037 7054 7038
f 7054 7055 7038
f 7038 7055 7039
f 7055 7056 7039
f 7039 7056 7040
f 7056 7057 7040
f 7040 7057 7041
f 7057 7058 7041
f 7041 7058 7042
f 7058 7059 7042
f 7042 7059 7043
f 7059 7060 7043
f 7043 7060 7044
f 7060 7061 7044
f 7044 7061 7045
f 7061 7062 7045
f 7045 7062 7046
f 7062 7063 7046
f 7046 7063 7047
f 7063 7064 7047
f 7047 7064 7048
f 7064 7065 7048
f 7048 7065 7049
f 7065 7066 7049
f 7049 7066 7050
f 7066 7067 7050
f 7050 7067 7051
f 7067 7068 7051
f 7051 7068 7052
f 7068 7069 7052
f 7052 7069 6330
f 7069 6331 6330
f 5499 5501 7053
f 5501 7070 7053
f 7053 7070 7054
f 7070 7071 7054
f 7054 7071 7055
f 7071 7072 7055
f 7055 7072 7056
f 7072 7073 7056
f 7056 7073 7057
f 7073 7074 7057
f 7057 7074 7058
f 7074 7075 7058
f 7058 7075 7059
f 7075 7076 7059
f 7059 7076 7060
f 7076 7077 7060
f 7060 7077 7061
f 7077 7078 7061
f 7061 7078 7062
f 7078 7079 7062
f 7062 7079 7063
f 7079 7080 7063
f 7063 7080 7064
f 7080 7081 7064
f 7064 7081 7065
f 7081 7082 7065
f 7065 7082 7066
f 7082 7083 7066
f 7066 7083 7067
f 7083 7084 7067
f 7067 7084 7068
f 7084 7085 7068
f 7068 7085 7069
f 7085 7086 7069
f 7069 7086 6331
f 7086 6332 6331
f 5501 5503 7070
f 5503 7087 7070
f 7070 7087 7071
f 7087 7088 7071
f 7071 7088 7072
f 7088 7089 7072
f 7072 7089 7073
f 7089 7090 7073
f 7073 7090 7074
f 7090 7091 7074
f 7074 7091 7075
f 7091 7092 7075
f 7075 7092 7076
f 7092 7093 7076
f 7076 7093 7077
f 7093 7094 7077
f 7077 7094 7078
f 7094 7095 7078
f 7078 7095 7079
f 7095 7096 7079
f 7079 7096 7080
f 7096 7097 7080
f 7080 7097 7081
f 7097 7098 7081
f 7081 7098 7082
f 7098 7099 7082
f 7082 7099 7083
f 7099 7100 7083
f 7083 7100 7084
f 7100 7101 7084
f 7084 7101 7085
f 7101 7102 7085
f 7085 7102 7086
f 7102 7103 7086
f 7086 7103 6332
f 7103 6333 6332
f 5503 5505 7087
f 5505 7104 7087
f 7087 7104 7088
f 7104 7105 7088
f 7088 7105 7089
f 7105 7106 7089
f 7089 7106 7090
f 7106 7107 7090
f 7090 7107 7091
f 7107 7108 7091
f 7091 7108 7092
f 7108 7109 7092
f 7092 7109 7093
f 7109 7110 7093
f 7093 7110 7094
f 7110 7111 7094
f 7094 7111 7095
f 7111 7112 7095
f 7095 7112 7096
f 7112 7113 7096
f 7096 7113 7097
f 7113 7114 7097
f 7097 7114 7098
f 7114 7115 7098
f 7098 7115 7099
f 7115 7116 7099
f 7099 7116 7100
f 7116 7117 7100
f 7100 7117 7101
f 7117 7118 7101
f 7101 7118 7102
f 7118 7119 7102
f 7102 7119 7103
f 7119 7120 7103
f 7103 7120 6333
f 7120 6316 6333
f 5505 5507 7104
f 5507 7121 7104
f 7104 7121 7105
f 7121 7122 7105
f 7105 7122 7106
f 7122 7123 7106
f 7106 7123 7107
f 7123 7124 7107
f 7107 7124 7108
f 7124 7125 7108
f 7108 7125 7109
f 7125 7126 7109
f 7109 7126 7110
f 7126 7127 7110
f 7110 7127 7111
f 7127 7128 7111
f 7111 7128 7112
f 7128 7129 7112
f 7112 7129 7113
f 7129 7130 7113
f 7113 7130 7114
f 7130 7131 7114
f 7114 7131 7115
f 7131 7132 7115
f 7115 7132 7116
f 7132 7133 7116
f 7116 7133 7117
f 7133 7134 7117
f 7117 7134 7118
f 7134 7135 7118
f 7118 7135 7119
f 7135 7136 7119
f 7119 7136 7120
f 7136 7137 7120
f 7120 7137 6316
f 7137 6317 6316
f 5507 5509 7121
f 5509 6950 7121
f 7121 6950 7122
f 6950 6918 7122
f 7122 6918 7123
f 6918 6886 7123
f 7123 6886 7124
f 6886 6854 7124
f 7124 6854 7125
f 6854 6822 7125
f 7125 6822 7126
f 6822 6790 7126
f 7126 6790 7127
f 6790 6758 7127
f 7127 6758 7128
f 6758 6726 7128
f 7128 6726 7129
f 6726 6694 7129
f 7129 6694 7130
f 6694 6662 7130
f 7130 6662 7131
f 6662 6630 7131
f 7131 6630 7132
f 6630 6598 7132
f 7132 6598 7133
f 6598 6566 7133
f 7133 6566 7134
f 6566 6534 7134
f 7134 6534 7135
f 6534 6502 7135
f 7135 6502 7136
f 6502 6470 7136
f 7136 6470 7137
f 6470 6438 7137
f 7137 6438 6317
f 6438 6318 6317
f 5511 5486 6951
f 5511 6951 7138
f 6951 6953 7138
f 7138 6953 7139
f 6953 6955 7139
f 7139 6955 7140
f 6955 6957 7140
f 7140 6957 7141
f 6957 6959 7141
f 7141 6959 7142
f 6959 6961 7142
f 7142 6961 7143
f 6961 6963 7143
f 7143 6963 7144
f 6963 6965 7144
f 7144 6965 7145
f 6965 6967 7145
f 7145 6967 7146
f 6967 6969 7146
f 7146 6969 7147
f 6969 6971 7147
f 7147 6971 7148
f 6971 6973 7148
f 7148 6973 7149
f 6973 6975 7149
f 7149 6975 7150
f 6975 6977 7150
f 7150 6977 7151
f 6977 6979 7151
f 7151 6979 7152
f 6979 6981 7152
f 7152 6981 7153
f 6981 6983 7153
f 7153 6983 7154
f 6983 6315 7154
f 7154 6315 6314
f 5537 5534 7155
f 5534 7156 7155
f 7155 7156 7157
f 7156 7158 7157
f 7157 7158 7159
f 7158 7160 7159
f 7159 7160 7161
f 7160 7162 7161
f 7161 7162 7163
f 7162 7164 7163
f 7163 7164 7165
f 7164 7166 7165
f 7165 7166 7167
f 7166 7168 7167
f 7167 7168 7169
f 7168 7170 7169
f 7169 7170 7171
f 7170 7172 7171
f 7171 7172 7173
f 7172 7174 7173
f 7173 7174 7175
f 7174 7176 7175
f 7175 7176 7177
f 7176 7178 7177
f 7177 7178 7179
f 7178 7180 7179
f 7179 7180 7181
f 7180 7182 7181
f 7181 7182 7183
f 7182 7184 7183
f 7183 7184 7185
f 7184 7186 7185
f 7185 7186 7187
f 7186 7188 7187
f 7187 7188 6322
f 7188 6307 6322
f 5534 5531 7156
f 5531 7189 7156
f 7156 7189 7158
f 7189 7190 7158
f 7158 7190 7160
f 7190 7191 7160
f 7160 7191 7162
f 7191 7192 7162
f 7162 7192 7164
f 7192 7193 7164
f 7164 7193 7166
f 7193 7194 7166
f 7166 7194 7168
f 7194 7195 7168
f 7168 7195 7170
f 7195 7196 7170
f 7170 7196 7172
f 7196 7197 7172
f 7172 7197 7174
f 7197 7198 7174
f 7174 7198 7176
f 7198 7199 7176
f 7176 7199 7178
f 7199 7200 7178
f 7178 7200 7180
f 7200 7201 7180
f 7180 7201 7182
f 7201 7202 7182
f 7182 7202 7184
f 7202 7203 7184
f 7184 7203 7186
f 7203 7204 7186
f 7186 7204 7188
f 7204 7205 7188
f 7188 7205 6307
f 7205 6308 6307
f 5531 5528 7189
f 5528 7206 7189
f 7189 7206 7190
f 7206 7207 7190
f 7190 7207 7191
f 7207 7208 7191
f 7191 7208 7192
f 7208 7209 7192
f 7192 7209 7193
f 7209 7210 7193
f 7193 7210 7194
f 7210 7211 7194
f 7194 7211 7195
f 7211 7212 7195
f 7195 7212 7196
f 7212 7213 7196
f 7196 7213 7197
f 7213 7214 7197
f 7197 7214 7198
f 7214 7215 7198
f 7198 7215 7199
f 7215 7216 7199
f 7199 7216 7200
f 7216 7217 7200
f 7200 7217 7201
f 7217 7218 7201
f 7201 7218 7202
f 7218 7219 7202
f 7202 7219 7203
f 7219 7220 7203
f 7203 7220 7204
f 7220 7221 7204
f 7204 7221 7205
f 7221 7222 7205
f 7205 7222 6308
f 7222 6309 6308
f 5528 5525 7206
f 5525 7223 7206
f 7206 7223 7207
f 7223 7224 7207
f 7207 7224 7208
f 7224 7225 7208
f 7208 7225 7209
f 7225 7226 7209
f 7209 7226 7210
f 7226 7227 7210
f 7210 7227 7211
f 7227 7228 7211
f 7211 7228 7212
f 7228 7229 7212
f 7212 7229 7213
f 7229 7230 7213
f 7213 7230 7214
f 7230 7231 7214
f 7214 7231 7215
f 7231 7232 7215
f 7215 7232 7216
f 7232 7233 7216
f 7216 7233 7217
f 7233 7234 7217
f 7217 7234 7218
f 7234 7235 7218
f 7218 7235 7219
f 7235 7236 7219
f 7219 7236 7220
f 7236 7237 7220
f 7220 7237 7221
f 7237 7238 7221
f 7221 7238 7222
f 7238 7239 7222
f 7222 7239 6309
f 7239 6310 6309
f 5525 5522 7223
f 5522 7240 7223
f 7223 7240 7224
f 7240 7241 7224
f 7224 7241 7225
f 7241 7242 7225
f 7225 7242 7226
f 7242 7243 7226
f 7226 7243 7227
f 7243 7244 7227
f 7227 7244 7228
f 7244 7245 7228
f 7228 7245 7229
f 7245 7246 7229
f 7229 7246 7230
f 7246 7247 7230
f 7230 7247 7231
f 7247 7248 7231
f 7231 7248 7232
f 7248 7249 7232
f 7232 7249 7233
f 7249 7250 7233
f 7233 7250 7234
f 7250 7251 7234
f 7234 7251 7235
f 7251 7252 7235
f 7235 7252 7236
f 7252 7253 7236
f 7236 7253 7237
f 7253 7254 7237
f 7237 7254 7238
f 7254 7255 7238
f 7238 7255 7239
f 7255 7256 7239
f 7239 7256 6310
f 7256 6311 6310
f 5522 5520 7240
f 5520 7257 7240
f 7240 7257 7241
f 7257 7258 7241
f 7241 7258 7242
f 7258 7259 7242
f 7242 7259 7243
f 7259 7260 7243
f 7243 7260 7244
f 7260 7261 7244
f 7244 7261 7245
f 7261 7262 7245
f 7245 7262 7246
f 7262 7263 7246
f 7246 7263 7247
f 7263 7264 7247
f 7247 7264 7248
f 7264 7265 7248
f 7248 7265 7249
f 7265 7266 7249
f 7249 7266 7250
f 7266 7267 7250
f 7250 7267 7251
f 7267 7268 7251
f 7251 7268 7252
f 7268 7269 7252
f 7252 7269 7253
f 7269 7270 7253
f 7253 7270 7254
f 7270 7271 7254
f 7254 7271 7255
f 7271 7272 7255
f 7255 7272 7256
f 7272 7273 7256
f 7256 7273 6311
f 7273 6312 6311
f 5520 5518 7257
f 5518 7274 7257
f 7257 7274 7258
f 7274 7275 7258
f 7258 7275 7259
f 7275 7276 7259
f 7259 7276 7260
f 7276 7277 7260
f 7260 7277 7261
f 7277 7278 7261
f 7261 7278 7262
f 7278 7279 7262
f 7262 7279 7263
f 7279 7280 7263
f 7263 7280 7264
f 7280 7281 7264
f 7264 7281 7265
f 7281 7282 7265
f 7265 7282 7266
f 7282 7283 7266
f 7266 7283 7267
f 7283 7284 7267
f 7267 7284 7268
f 7284 7285 7268
f 7268 7285 7269
f 7285 7286 7269
f 7269 7286 7270
f 7286 7287 7270
f 7270 7287 7271
f 7287 7288 7271
f 7271 7288 7272
f 7288 7289 7272
f 7272 7289 7273
f 7289 7290 7273
f 7273 7290 6312
f 7290 6284 6312
f 5518 5516 7274
f 5516 7291 7274
f 7274 7291 7275
f 7291 7292 7275
f 7275 7292 7276
f 7292 7293 7276
f 7276 7293 7277
f 7293 7294 7277
f 7277 7294 7278
f 7294 7295 7278
f 7278 7295 7279
f 7295 7296 7279
f 7279 7296 7280
f 7296 7297 7280
f 7280 7297 7281
f 7297 7298 7281
f 7281 7298 7282
f 7298 7299 7282
f 7282 7299 7283
f 7299 7300 7283
f 7283 7300 7284
f 7300 7301 7284
f 7284 7301 7285
f 7301 7302 7285
f 7285 7302 7286
f 7302 7303 7286
f 7286 7303 7287
f 7303 7304 7287
f 7287 7304 7288
f 7304 7305 7288
f 7288 7305 7289
f 7305 7306 7289
f 7289 7306 7290
f 7306 7307 7290
f 7290 7307 6284
f 7307 6285 6284
f 5516 5514 7291
f 5514 7308 7291
f 7291 7308 7292
f 7308 7309 7292
f 7292 7309 7293
f 7309 7310 7293
f 7293 7310 7294
f 7310 7311 7294
f 7294 7311 7295
f 7311 7312 7295
f 7295 7312 7296
f 7312 7313 7296
f 7296 7313 7297
f 7313 7314 7297
f 7297 7314 7298
f 7314 7315 7298
f 7298 7315 7299
f 7315 7316 7299
f 7299 7316 7300
f 7316 7317 7300
f 7300 7317 7301
f 7317 7318 7301
f 7301 7318 7302
f 7318 7319 7302
f 7302 7319 7303
f 7319 7320 7303
f 7303 7320 7304
f 7320 7321 7304
f 7304 7321 7305
f 7321 7322 7305
f 7305 7322 7306
f 7322 7323 7306
f 7306 7323 7307
f 7323 7324 7307
f 7307 7324 6285
f 7324 6286 6285
f 5514 5512 7308
f 5512 7325 7308
f 7308 7325 7309
f 7325 7326 7309
f 7309 7326 7310
f 7326 7327 7310
f 7310 7327 7311
f 7327 7328 7311
f 7311 7328 7312
f 7328 7329 7312
f 7312 7329 7313
f 7329 7330 7313
f 7313 7330 7314
f 7330 7331 7314
f 7314 7331 7315
f 7331 7332 7315
f 7315 7332 7316
f 7332 7333 7316
f 7316 7333 7317
f 7333 7334 7317
f 7317 7334 7318
f 7334 7335 7318
f 7318 7335 7319
f 7335 7336 7319
f 7319 7336 7320
f 7336 7337 7320
f 7320 7337 7321
f 7337 7338 7321
f 7321 7338 7322
f 7338 7339 7322
f 7322 7339 7323
f 7339 7340 7323
f 7323 7340 7324
f 7340 7341 7324
f 7324 7341 6286
f 7341 6313 6286
f 5512 5511 7325
f 5511 7138 7325
f 7325 7138 7326
f 7138 7139 7326
f 7326 7139 7327
f 7139 7140 7327
f 7327 7140 7328
f 7140 7141 7328
f 7328 7141 7329
f 7141 7142 7329
f 7329 7142 7330
f 7142 7143 7330
f 7330 7143 7331
f 7143 7144 7331
f 7331 7144 7332
f 7144 7145 7332
f 7332 7145 7333
f 7145 7146 7333
f 7333 7146 7334
f 7146 7147 7334
f 7334 7147 7335
f 7147 7148 7335
f 7335 7148 7336
f 7148 7149 7336
f 7336 7149 7337
f 7149 7150 7337
f 7337 7150 7338
f 7150 7151 7338
f 7338 7151 7339
f 7151 7152 7339
f 7339 7152 7340
f 7152 7153 7340
f 7340 7153 7341
f 7153 7154 7341
f 7341 7154 6313
f 7154 6314 6313
f 5541 5537 7155
f 5541 7155 7342
f 7155 7157 7342
f 7342 7157 7343
f 7157 7159 7343
f 7343 7159 7344
f 7159 7161 7344
f 7344 7161 7345
f 7161 7163 7345
f 7345 7163 7346
f 7163 7165 7346
f 7346 7165 7347
f 7165 7167 7347
f 7347 7167 7348
f 7167 7169 7348
f 7348 7169 7349
f 7169 7171 7349
f 7349 7171 7350
f 7171 7173 7350
f 7350 7173 7351
f 7173 7175 7351
f 7351 7175 7352
f 7175 7177 7352
f 7352 7177 7353
f 7177 7179 7353
f 7353 7179 7354
f 7179 7181 7354
f 7354 7181 7355
f 7181 7183 7355
f 7355 7183 7356
f 7183 7185 7356
f 7356 7185 7357
f 7185 7187 7357
f 7357 7187 7358
f 7187 6322 7358
f 7358 6322 6264
f 1033 1015 7359
f 1015 1032 7360
f 1032 1031 7361
f 7362 7363 7364
f 7365 7366 7367
f 7368 7369 7370
f 7371 5961 5960
f 7371 5960 7372
f 5960 5959 7372
f 7372 5959 7373
f 5959 5958 7373
f 7373 5958 7374
f 5958 5957 7374
f 7374 5957 7375
f 5957 5956 7375
f 7375 5956 7376
f 5956 5955 7376
f 7376 5955 7377
f 5955 5954 7377
f 7377 5954 7378
f 5954 5953 7378
f 7378 5953 7379
f 5953 5952 7379
f 7379 5952 7380
f 5952 5951 7380
f 7380 5951 7381
f 5951 5950 7381
f 7381 5950 7382
f 5950 5949 7382
f 7382 5949 7383
f 5949 5948 7383
f 7383 5948 7384
f 5948 5947 7384
f 7384 5947 7385
f 5947 5946 7385
f 7385 5946 7386
f 5946 5945 7386
f 7386 5945 7387
f 5945 5944 7387
f 7387 5944 7388
f 5944 5541 7388
f 7388 5541 7342
f 1016 5961 1018
f 5961 7371 1018
f 1018 7371 1017
f 7371 1024 1017
f 1024 7371 7369
f 7371 7372 7369
f 7369 7372 7370
f 7372 7373 7370
f 7370 7373 7389
f 7373 7374 7389
f 7389 7374 7390
f 7374 7375 7390
f 7390 7375 7391
f 7375 7376 7391
f 7391 7376 7392
f 7376 7377 7392
f 7392 7377 7393
f 7377 7378 7393
f 7393 7378 7394
f 7378 7379 7394
f 7394 7379 7395
f 7379 7380 7395
f 7395 7380 7396
f 7380 7381 7396
f 7396 7381 7397
f 7381 7382 7397
f 7397 7382 7398
f 7382 7383 7398
f 7398 7383 7399
f 7383 7384 7399
f 7399 7384 7400
f 7384 7385 7400
f 7400 7385 7401
f 7385 7386 7401
f 7401 7386 7402
f 7386 7387 7402
f 7402 7387 7403
f 7387 7388 7403
f 7403 7388 7404
f 7388 7342 7404
f 7404 7342 7343
f 7368 7370 7405
f 7370 7389 7405
f 7405 7389 7406
f 7389 7390 7406
f 7406 7390 7407
f 7390 7391 7407
f 7407 7391 7408
f 7391 7392 7408
f 7408 7392 7409
f 7392 7393 7409
f 7409 7393 7410
f 7393 7394 7410
f 7410 7394 7411
f 7394 7395 7411
f 7411 7395 7412
f 7395 7396 7412
f 7412 7396 7413
f 7396 7397 7413
f 7413 7397 7414
f 7397 7398 7414
f 7414 7398 7415
f 7398 7399 7415
f 7415 7399 7416
f 7399 7400 7416
f 7416 7400 7417
f 7400 7401 7417
f 7417 7401 7418
f 7401 7402 7418
f 7418 7402 7419
f 7402 7403 7419
f 7419 7403 7420
f 7403 7404 7420
f 7420 7404 7421
f 7404 7343 7421
f 7421 7343 7344
f 1020 1021 7368
f 1021 1022 7368
f 7368 1022 7369
f 1022 1023 7369
f 7369 1023 1024
f 1020 7368 7366
f 7368 7405 7366
f 7366 7405 7367
f 7405 7406 7367
f 7367 7406 7422
f 7406 7407 7422
f 7422 7407 7423
f 7407 7408 7423
f 7423 7408 7424
f 7408 7409 7424
f 7424 7409 7425
f 7409 7410 7425
f 7425 7410 7426
f 7410 7411 7426
f 7426 7411 7427
f 7411 7412 7427
f 7427 7412 7428
f 7412 7413 7428
f 7428 7413 7429
f 7413 7414 7429
f 7429 7414 7430
f 7414 7415 7430
f 7430 7415 7431
f 7415 7416 7431
f 7431 7416 7432
f 7416 7417 7432
f 7432 7417 7433
f 7417 7418 7433
f 7433 7418 7434
f 7418 7419 7434
f 7434 7419 7435
f 7419 7420 7435
f 7435 7420 7436
f 7420 7421 7436
f 7436 7421 7437
f 7421 7344 7437
f 7437 7344 7345
f 7365 7367 7438
f 7367 7422 7438
f 7438 7422 7439
f 7422 7423 7439
f 7439 7423 7440
f 7423 7424 7440
f 7440 7424 7441
f 7424 7425 7441
f 7441 7425 7442
f 7425 7426 7442
f 7442 7426 7443
f 7426 7427 7443
f 7443 7427 7444
f 7427 7428 7444
f 7444 7428 7445
f 7428 7429 7445
f 7445 7429 7446
f 7429 7430 7446
f 7446 7430 7447
f 7430 7431 7447
f 7447 7431 7448
f 7431 7432 7448
f 7448 7432 7449
f 7432 7433 7449
f 7449 7433 7450
f 7433 7434 7450
f 7450 7434 7451
f 7434 7435 7451
f 7451 7435 7452
f 7435 7436 7452
f 7452 7436 7453
f 7436 7437 7453
f 7453 7437 7454
f 7437 7345 7454
f 7454 7345 7346
f 1026 1027 7365
f 1027 1028 7365
f 7365 1028 7366
f 1028 1019 7366
f 7366 1019 1020
f 1026 7365 7363
f 7365 7438 7363
f 7363 7438 7364
f 7438 7439 7364
f 7364 7439 7455
f 7439 7440 7455
f 7455 7440 7456
f 7440 7441 7456
f 7456 7441 7457
f 7441 7442 7457
f 7457 7442 7458
f 7442 7443 7458
f 7458 7443 7459
f 7443 7444 7459
f 7459 7444 7460
f 7444 7445 7460
f 7460 7445 7461
f 7445 7446 7461
f 7461 7446 7462
f 7446 7447 7462
f 7462 7447 7463
f 7447 7448 7463
f 7463 7448 7464
f 7448 7449 7464
f 7464 7449 7465
f 7449 7450 7465
f 7465 7450 7466
f 7450 7451 7466
f 7466 7451 7467
f 7451 7452 7467
f 7467 7452 7468
f 7452 7453 7468
f 7468 7453 7469
f 7453 7454 7469
f 7469 7454 7470
f 7454 7346 7470
f 7470 7346 7347
f 7362 7364 7471
f 7364 7455 7471
f 7471 7455 7472
f 7455 7456 7472
f 7472 7456 7473
f 7456 7457 7473
f 7473 7457 7474
f 7457 7458 7474
f 7474 7458 7475
f 7458 7459 7475
f 7475 7459 7476
f 7459 7460 7476
f 7476 7460 7477
f 7460 7461 7477
f 7477 7461 7478
f 7461 7462 7478
f 7478 7462 7479
f 7462 7463 7479
f 7479 7463 7480
f 7463 7464 7480
f 7480 7464 7481
f 7464 7465 7481
f 7481 7465 7482
f 7465 7466 7482
f 7482 7466 7483
f 7466 7467 7483
f 7483 7467 7484
f 7467 7468 7484
f 7484 7468 7485
f 7468 7469 7485
f 7485 7469 7486
f 7469 7470 7486
f 7486 7470 7487
f 7470 7347 7487
f 7487 7347 7348
f 1031 1030 7362
f 1030 1029 7362
f 7362 1029 7363
f 1029 1025 7363
f 7363 1025 1026
f 1031 7362 7361
f 7362 7471 7361
f 7361 7471 7488
f 7471 7472 7488
f 7488 7472 7489
f 7472 7473 7489
f 7489 7473 7490
f 7473 7474 7490
f 7490 7474 7491
f 7474 7475 7491
f 7491 7475 7492
f 7475 7476 7492
f 7492 7476 7493
f 7476 7477 7493
f 7493 7477 7494
f 7477 7478 7494
f 7494 7478 7495
f 7478 7479 7495
f 7495 7479 7496
f 7479 7480 7496
f 7496 7480 7497
f 7480 7481 7497
f 7497 7481 7498
f 7481 7482 7498
f 7498 7482 7499
f 7482 7483 7499
f 7499 7483 7500
f 7483 7484 7500
f 7500 7484 7501
f 7484 7485 7501
f 7501 7485 7502
f 7485 7486 7502
f 7502 7486 7503
f 7486 7487 7503
f 7503 7487 7504
f 7487 7348 7504
f 7504 7348 7349
f 1032 7361 7360
f 7361 7488 7360
f 7360 7488 7505
f 7488 7489 7505
f 7505 7489 7506
f 7489 7490 7506
f 7506 7490 7507
f 7490 7491 7507
f 7507 7491 7508
f 7491 7492 7508
f 7508 7492 7509
f 7492 7493 7509
f 7509 7493 7510
f 7493 7494 7510
f 7510 7494 7511
f 7494 7495 7511
f 7511 7495 7512
f 7495 7496 7512
f 7512 7496 7513
f 7496 7497 7513
f 7513 7497 7514
f 7497 7498 7514
f 7514 7498 7515
f 7498 7499 7515
f 7515 7499 7516
f 7499 7500 7516
f 7516 7500 7517
f 7500 7501 7517
f 7517 7501 7518
f 7501 7502 7518
f 7518 7502 7519
f 7502 7503 7519
f 7519 7503 7520
f 7503 7504 7520
f 7520 7504 7521
f 7504 7349 7521
f 7521 7349 7350
f 1015 7360 7359
f 7360 7505 7359
f 7359 7505 7522
f 7505 7506 7522
f 7522 7506 7523
f 7506 7507 7523
f 7523 7507 7524
f 7507 7508 7524
f 7524 7508 7525
f 7508 7509 7525
f 7525 7509 7526
f 7509 7510 7526
f 7526 7510 7527
f 7510 7511 7527
f 7527 7511 7528
f 7511 7512 7528
f 7528 7512 7529
f 7512 7513 7529
f 7529 7513 7530
f 7513 7514 7530
f 7530 7514 7531
f 7514 7515 7531
f 7531 7515 7532
f 7515 7516 7532
f 7532 7516 7533
f 7516 7517 7533
f 7533 7517 7534
f 7517 7518 7534
f 7534 7518 7535
f 7518 7519 7535
f 7535 7519 7536
f 7519 7520 7536
f 7536 7520 7537
f 7520 7521 7537
f 7537 7521 7538
f 7521 7350 7538
f 7538 7350 7351
f 1035 1034 7539
f 1034 1033 7539
f 1033 7359 7539
f 7359 7522 7539
f 7539 7522 7540
f 7522 7523 7540
f 7540 7523 7541
f 7523 7524 7541
f 7541 7524 7542
f 7524 7525 7542
f 7542 7525 7543
f 7525 7526 7543
f 7543 7526 7544
f 7526 7527 7544
f 7544 7527 7545
f 7527 7528 7545
f 7545 7528 7546
f 7528 7529 7546
f 7546 7529 7547
f 7529 7530 7547
f 7547 7530 7548
f 7530 7531 7548
f 7548 7531 7549
f 7531 7532 7549
f 7549 7532 7550
f 7532 7533 7550
f 7550 7533 7551
f 7533 7534 7551
f 7551 7534 7552
f 7534 7535 7552
f 7552 7535 7553
f 7535 7536 7553
f 7553 7536 7554
f 7536 7537 7554
f 7554 7537 7555
f 7537 7538 7555
f 7555 7538 7556
f 7538 7351 7556
f 7556 7351 7352
f 1037 1036 7557
f 1036 1035 7557
f 1035 7539 7557
f 7539 7540 7557
f 7557 7540 7558
f 7540 7541 7558
f 7558 7541 7559
f 7541 7542 7559
f 7559 7542 7560
f 7542 7543 7560
f 7560 7543 7561
f 7543 7544 7561
f 7561 7544 7562
f 7544 7545 7562
f 7562 7545 7563
f 7545 7546 7563
f 7563 7546 7564
f 7546 7547 7564
f 7564 7547 7565
f 7547 7548 7565
f 7565 7548 7566
f 7548 7549 7566
f 7566 7549 7567
f 7549 7550 7567
f 7567 7550 7568
f 7550 7551 7568
f 7568 7551 7569
f 7551 7552 7569
f 7569 7552 7570
f 7552 7553 7570
f 7570 7553 7571
f 7553 7554 7571
f 7571 7554 7572
f 7554 7555 7572
f 7572 7555 7573
f 7555 7556 7573
f 7573 7556 7574
f 7556 7352 7574
f 7574 7352 7353
f 1043 1038 7575
f 1038 1037 7575
f 1037 7557 7575
f 7557 7558 7575
f 7575 7558 7576
f 7558 7559 7576
f 7576 7559 7577
f 7559 7560 7577
f 7577 7560 7578
f 7560 7561 7578
f 7578 7561 7579
f 7561 7562 7579
f 7579 7562 7580
f 7562 7563 7580
f 7580 7563 7581
f 7563 7564 7581
f 7581 7564 7582
f 7564 7565 7582
f 7582 7565 7583
f 7565 7566 7583
f 7583 7566 7584
f 7566 7567 7584
f 7584 7567 7585
f 7567 7568 7585
f 7585 7568 7586
f 7568 7569 7586
f 7586 7569 7587
f 7569 7570 7587
f 7587 7570 7588
f 7570 7571 7588
f 7588 7571 7589
f 7571 7572 7589
f 7589 7572 7590
f 7572 7573 7590
f 7590 7573 7591
f 7573 7574 7591
f 7591 7574 7592
f 7574 7353 7592
f 7592 7353 7354
f 1041 1042 7593
f 1042 1043 7593
f 1043 7575 7593
f 7575 7576 7593
f 7593 7576 7594
f 7576 7577 7594
f 7594 7577 7595
f 7577 7578 7595
f 7595 7578 7596
f 7578 7579 7596
f 7596 7579 7597
f 7579 7580 7597
f 7597 7580 7598
f 7580 7581 7598
f 7598 7581 7599
f 7581 7582 7599
f 7599 7582 7600
f 7582 7583 7600
f 7600 7583 7601
f 7583 7584 7601
f 7601 7584 7602
f 7584 7585 7602
f 7602 7585 7603
f 7585 7586 7603
f 7603 7586 7604
f 7586 7587 7604
f 7604 7587 7605
f 7587 7588 7605
f 7605 7588 7606
f 7588 7589 7606
f 7606 7589 7607
f 7589 7590 7607
f 7607 7590 7608
f 7590 7591 7608
f 7608 7591 7609
f 7591 7592 7609
f 7609 7592 7610
f 7592 7354 7610
f 7610 7354 7355
f 1039 1040 7611
f 1040 1041 7611
f 1041 7593 7611
f 7593 7594 7611
f 7611 7594 7612
f 7594 7595 7612
f 7612 7595 7613
f 7595 7596 7613
f 7613 7596 7614
f 7596 7597 7614
f 7614 7597 7615
f 7597 7598 7615
f 7615 7598 7616
f 7598 7599 7616
f 7616 7599 7617
f 7599 7600 7617
f 7617 7600 7618
f 7600 7601 7618
f 7618 7601 7619
f 7601 7602 7619
f 7619 7602 7620
f 7602 7603 7620
f 7620 7603 7621
f 7603 7604 7621
f 7621 7604 7622
f 7604 7605 7622
f 7622 7605 7623
f 7605 7606 7623
f 7623 7606 7624
f 7606 7607 7624
f 7624 7607 7625
f 7607 7608 7625
f 7625 7608 7626
f 7608 7609 7626
f 7626 7609 7627
f 7609 7610 7627
f 7627 7610 7628
f 7610 7355 7628
f 7628 7355 7356
f 1048 1044 7629
f 1044 1039 7629
f 1039 7611 7629
f 7611 7612 7629
f 7629 7612 7630
f 7612 7613 7630
f 7630 7613 7631
f 7613 7614 7631
f 7631 7614 7632
f 7614 7615 7632
f 7632 7615 7633
f 7615 7616 7633
f 7633 7616 7634
f 7616 7617 7634
f 7634 7617 7635
f 7617 7618 7635
f 7635 7618 7636
f 7618 7619 7636
f 7636 7619 7637
f 7619 7620 7637
f 7637 7620 7638
f 7620 7621 7638
f 7638 7621 7639
f 7621 7622 7639
f 7639 7622 7640
f 7622 7623 7640
f 7640 7623 7641
f 7623 7624 7641
f 7641 7624 7642
f 7624 7625 7642
f 7642 7625 7643
f 7625 7626 7643
f 7643 7626 7644
f 7626 7627 7644
f 7644 7627 7645
f 7627 7628 7645
f 7645 7628 7646
f 7628 7356 7646
f 7646 7356 7357
f 1046 1047 7647
f 1047 1048 7647
f 1048 7629 7647
f 7629 7630 7647
f 7647 7630 7648
f 7630 7631 7648
f 7648 7631 7649
f 7631 7632 7649
f 7649 7632 7650
f 7632 7633 7650
f 7650 7633 7651
f 7633 7634 7651
f 7651 7634 7652
f 7634 7635 7652
f 7652 7635 7653
f 7635 7636 7653
f 7653 7636 7654
f 7636 7637 7654
f 7654 7637 7655
f 7637 7638 7655
f 7655 7638 7656
f 7638 7639 7656
f 7656 7639 7657
f 7639 7640 7657
f 7657 7640 7658
f 7640 7641 7658
f 7658 7641 7659
f 7641 7642 7659
f 7659 7642 7660
f 7642 7643 7660
f 7660 7643 7661
f 7643 7644 7661
f 7661 7644 7662
f 7644 7645 7662
f 7662 7645 7663
f 7645 7646 7663
f 7663 7646 7664
f 7646 7357 7664
f 7664 7357 7358
f 6270 1045 1046
f 1046 7647 6270
f 7647 7648 6270
f 6270 7648 6269
f 7648 7649 6269
f 6269 7649 6267
f 7649 7650 6267
f 6267 7650 6272
f 7650 7651 6272
f 6272 7651 6273
f 7651 7652 6273
f 6273 7652 6275
f 7652 7653 6275
f 6275 7653 6277
f 7653 7654 6277
f 6277 7654 6306
f 7654 7655 6306
f 6306 7655 6305
f 7655 7656 6305
f 6305 7656 6303
f 7656 7657 6303
f 6303 7657 6301
f 7657 7658 6301
f 6301 7658 6299
f 7658 7659 6299
f 6299 7659 6297
f 7659 7660 6297
f 6297 7660 6295
f 7660 7661 6295
f 6295 7661 6293
f 7661 7662 6293
f 6293 7662 6291
f 7662 7663 6291
f 6291 7663 6289
f 7663 7664 6289
f 6289 7664 6263
f 7664 7358 6263
f 6263 7358 6264
f 830 829 7665
f 7666 7667 7668
f 7669 7670 7671
f 7672 7673 7674
f 7675 7676 7677
f 7678 6082 7679
f 6082 6076 7679
f 826 825 7680
f 826 7680 828
f 824 823 873
f 823 822 873
f 873 822 874
f 822 821 874
f 7681 7682 7683
f 7682 7684 7683
f 7683 7684 7685
f 7684 7686 7685
f 7685 7686 7687
f 7686 7688 7687
f 7687 7688 7689
f 7688 7690 7689
f 7689 7690 7691
f 7690 7692 7691
f 7691 7692 7693
f 7692 7694 7693
f 7693 7694 7695
f 7694 7696 7695
f 7695 7696 7697
f 7696 7698 7697
f 7697 7698 7699
f 7698 7700 7699
f 7699 7700 7701
f 7700 7702 7701
f 7701 7702 7703
f 7702 7704 7703
f 7703 7704 7705
f 7704 7706 7705
f 7705 7706 7707
f 7706 7708 7707
f 7707 7708 7680
f 7708 7665 7680
f 7680 7665 828
f 7665 829 828
f 7709 7710 7711
f 7710 7712 7711
f 7713 7714 7715
f 7714 7716 7715
f 7715 7716 7717
f 7716 7718 7717
f 7717 7718 7719
f 7718 7720 7719
f 7719 7720 7721
f 7720 7722 7721
f 7721 7722 7723
f 7722 7724 7723
f 7723 7724 7725
f 7724 7726 7725
f 7725 7726 7727
f 7726 7728 7727
f 7727 7728 7729
f 7728 7730 7729
f 7729 7730 7731
f 7730 7732 7731
f 7731 7732 7733
f 7732 7734 7733
f 7733 7734 7735
f 7734 7736 7735
f 7735 7736 7737
f 7736 7738 7737
f 7737 7738 7739
f 7679 7712 7678
f 7712 7710 7678
f 7678 7710 7740
f 7710 7709 7740
f 7740 7709 7741
f 7742 7738 7743
f 7738 7736 7743
f 7743 7736 7744
f 7736 7734 7744
f 7744 7734 7745
f 7734 7732 7745
f 7745 7732 7746
f 7732 7730 7746
f 7746 7730 7747
f 7730 7728 7747
f 7747 7728 7748
f 7728 7726 7748
f 7748 7726 7749
f 7726 7724 7749
f 7749 7724 7750
f 7724 7722 7750
f 7750 7722 7751
f 7722 7720 7751
f 7751 7720 7752
f 7720 7718 7752
f 7752 7718 7753
f 7718 7716 7753
f 7753 7716 7754
f 7716 7714 7754
f 7755 7756 7757
f 7756 7758 7757
f 7757 7758 7759
f 7758 7760 7759
f 7759 7760 6095
f 7760 6097 6095
f 7761 7762 7763
f 7762 7764 7763
f 916 7762 7765
f 7762 7761 7765
f 7765 7761 7766
f 918 7764 919
f 7764 7762 919
f 919 7762 915
f 7762 916 915
f 7711 7755 7709
f 7755 7757 7709
f 7709 7757 7741
f 7757 7759 7741
f 7741 7759 6094
f 7759 6095 6094
f 6094 6091 7741
f 6091 6092 7741
f 7741 6092 7740
f 6092 6087 7740
f 7740 6087 7678
f 6087 6083 7678
f 7678 6083 6082
f 7767 7768 7769
f 7768 7770 7769
f 7771 7772 7773
f 7771 7774 7772
f 7774 7775 7772
f 7772 7775 7770
f 7775 7776 7770
f 7770 7776 7769
f 7777 7778 7779
f 7778 7780 7779
f 7779 7780 7773
f 7780 7781 7773
f 7773 7781 7771
f 7782 7783 7784
f 7783 7785 7784
f 7783 7786 7785
f 7786 7787 7785
f 7785 7787 7788
f 7787 7789 7788
f 7788 7789 7790
f 7789 7791 7790
f 7790 7791 7792
f 7791 7793 7792
f 7792 7793 7794
f 7793 7795 7794
f 7794 7795 7777
f 7795 7796 7777
f 7777 7796 7778
f 7797 7798 7799
f 7800 7798 7801
f 7798 7797 7801
f 7801 7797 7802
f 5316 7803 6056
f 7803 7804 6056
f 7676 7800 7677
f 7800 7801 7677
f 7677 7801 7805
f 7801 7802 7805
f 7805 7802 7806
f 7803 7675 7804
f 7675 7677 7804
f 7804 7677 7807
f 7677 7805 7807
f 7807 7805 7808
f 7805 7806 7808
f 7808 7806 7809
f 7768 7810 7770
f 7810 7811 7770
f 7770 7811 7772
f 7811 7812 7772
f 7772 7812 7773
f 7812 7813 7773
f 7773 7813 7779
f 7813 7814 7779
f 7779 7814 7777
f 7814 7815 7777
f 7777 7815 7794
f 7815 7816 7794
f 7794 7816 7792
f 7816 7817 7792
f 7792 7817 7790
f 7817 7818 7790
f 7790 7818 7788
f 7818 7819 7788
f 7788 7819 7785
f 7819 7820 7785
f 7785 7820 7784
f 7820 7821 7784
f 7784 7821 7822
f 7821 7823 7822
f 7822 7823 7824
f 7823 7825 7824
f 7824 7825 7826
f 7825 7827 7826
f 7826 7827 7828
f 7827 7829 7828
f 7828 7829 6070
f 7829 6074 6070
f 7673 7672 7830
f 7672 7831 7830
f 7830 7831 6076
f 6070 6067 7828
f 6067 7809 7828
f 7828 7809 7826
f 7809 7806 7826
f 7826 7806 7824
f 7806 7802 7824
f 7824 7802 7822
f 7802 7797 7822
f 7822 7797 7784
f 7797 7799 7784
f 7784 7799 7782
f 6067 6065 7809
f 6065 6063 7809
f 7809 6063 7808
f 6063 6061 7808
f 7808 6061 7807
f 6061 6060 7807
f 7807 6060 7804
f 6060 6058 7804
f 7804 6058 6056
f 7832 7713 7833
f 7713 7715 7833
f 7833 7715 7834
f 7715 7717 7834
f 7834 7717 7835
f 7717 7719 7835
f 7835 7719 7836
f 7719 7721 7836
f 7836 7721 7837
f 7721 7723 7837
f 7837 7723 7838
f 7723 7725 7838
f 7838 7725 7839
f 7725 7727 7839
f 7839 7727 7840
f 7727 7729 7840
f 7840 7729 7841
f 7729 7731 7841
f 7841 7731 7842
f 7731 7733 7842
f 7842 7733 7843
f 7733 7735 7843
f 7843 7735 7844
f 7735 7737 7844
f 7844 7737 7674
f 7737 7739 7674
f 7674 7739 7672
f 7739 7845 7672
f 7672 7845 7831
f 7846 838 7669
f 838 834 7669
f 7669 834 7670
f 834 833 7670
f 7670 833 831
f 7847 7666 7848
f 7849 7847 7850
f 7847 7848 7850
f 7850 7848 7851
f 7666 7668 7848
f 7668 7852 7848
f 7848 7852 7851
f 7852 7853 7851
f 7851 7853 7854
f 7853 7855 7854
f 7854 7855 7856
f 7855 7857 7856
f 7856 7857 7858
f 7857 7859 7858
f 7858 7859 7860
f 7859 7861 7860
f 7860 7861 7862
f 7861 7863 7862
f 7863 7864 7862
f 7862 7864 7865
f 7864 7866 7865
f 7865 7866 7867
f 7866 7868 7867
f 7867 7868 7869
f 7868 7870 7869
f 7869 7870 7871
f 7870 7872 7871
f 7871 7872 7873
f 7872 7874 7873
f 7873 7874 7671
f 7874 7875 7671
f 7671 7875 7669
f 7875 7876 7669
f 7669 7876 7846
f 7682 7849 7684
f 7849 7850 7684
f 7684 7850 7686
f 7850 7851 7686
f 7686 7851 7688
f 7851 7854 7688
f 7688 7854 7690
f 7854 7856 7690
f 7690 7856 7692
f 7856 7858 7692
f 7692 7858 7694
f 7858 7860 7694
f 7694 7860 7696
f 7860 7862 7696
f 7696 7862 7698
f 7862 7865 7698
f 7698 7865 7700
f 7865 7867 7700
f 7700 7867 7702
f 7867 7869 7702
f 7702 7869 7704
f 7869 7871 7704
f 7704 7871 7706
f 7871 7873 7706
f 7706 7873 7708
f 7873 7671 7708
f 7708 7671 7665
f 7671 7670 7665
f 7665 7670 830
f 7670 831 830
f 6076 7831 7679
f 7831 7845 7679
f 7679 7845 7712
f 7845 7739 7712
f 7712 7739 7711
f 7739 7738 7711
f 7711 7738 7755
f 7738 7742 7755
f 7755 7742 7756
f 7742 7877 7756
f 7756 7877 7758
f 7877 7878 7758
f 7758 7878 7760
f 7878 7879 7760
f 7760 7879 6097
f 7879 917 6097
f 6097 917 863
f 825 824 7680
f 824 873 7680
f 7680 873 7707
f 873 880 7707
f 7707 880 7705
f 880 882 7705
f 7705 882 7703
f 882 886 7703
f 7703 886 7701
f 886 885 7701
f 7701 885 7699
f 885 891 7699
f 7699 891 7697
f 891 890 7697
f 7697 890 7695
f 890 888 7695
f 7695 888 7693
f 888 894 7693
f 7693 894 7691
f 894 893 7691
f 7691 893 7689
f 893 892 7689
f 7689 892 7687
f 892 872 7687
f 7687 872 7685
f 872 899 7685
f 7685 899 7683
f 899 898 7683
f 7683 898 7681
f 898 896 7681
f 7681 896 7880
f 896 902 7880
f 7880 902 7881
f 902 901 7881
f 7881 901 7882
f 901 900 7882
f 7882 900 7883
f 900 869 7883
f 7883 869 7884
f 869 907 7884
f 7884 907 7885
f 907 906 7885
f 7885 906 7886
f 906 904 7886
f 7886 904 7887
f 904 910 7887
f 7887 910 7888
f 910 909 7888
f 7888 909 7889
f 909 908 7889
f 7889 908 7890
f 908 866 7890
f 7890 866 7766
f 866 913 7766
f 7766 913 7765
f 913 912 7765
f 7765 912 916
f 7810 7832 7811
f 7832 7833 7811
f 7811 7833 7812
f 7833 7834 7812
f 7812 7834 7813
f 7834 7835 7813
f 7813 7835 7814
f 7835 7836 7814
f 7814 7836 7815
f 7836 7837 7815
f 7815 7837 7816
f 7837 7838 7816
f 7816 7838 7817
f 7838 7839 7817
f 7817 7839 7818
f 7839 7840 7818
f 7818 7840 7819
f 7840 7841 7819
f 7819 7841 7820
f 7841 7842 7820
f 7820 7842 7821
f 7842 7843 7821
f 7821 7843 7823
f 7843 7844 7823
f 7823 7844 7825
f 7844 7674 7825
f 7825 7674 7827
f 7674 7673 7827
f 7827 7673 7829
f 7673 7830 7829
f 7829 7830 6074
f 7830 6076 6074
f 7767 7667 7768
f 7667 7666 7768
f 7768 7666 7810
f 7666 7847 7810
f 7810 7847 7832
f 7847 7849 7832
f 7832 7849 7713
f 7849 7682 7713
f 7713 7682 7714
f 7682 7681 7714
f 7714 7681 7754
f 7681 7880 7754
f 7754 7880 7753
f 7880 7881 7753
f 7753 7881 7752
f 7881 7882 7752
f 7752 7882 7751
f 7882 7883 7751
f 7751 7883 7750
f 7883 7884 7750
f 7750 7884 7749
f 7884 7885 7749
f 7749 7885 7748
f 7885 7886 7748
f 7748 7886 7747
f 7886 7887 7747
f 7747 7887 7746
f 7887 7888 7746
f 7746 7888 7745
f 7888 7889 7745
f 7745 7889 7744
f 7889 7890 7744
f 7744 7890 7743
f 7890 7766 7743
f 7743 7766 7742
f 7766 7761 7742
f 7742 7761 7877
f 7761 7763 7877
f 7877 7763 7878
f 7763 7764 7878
f 7878 7764 7879
f 7764 918 7879
f 7879 918 917
f 7891 7892 7893
f 7894 7895 7896
f 7897 7898 7899
f 7900 7901 7902
f 7903 7904 7905
f 7906 7907 7908
f 7857 7855 7909
f 7910 7911 7912
f 7913 7912 7914
f 7915 7916 7917
f 7918 7919 7920
f 842 840 7921
f 5340 5342 7922
f 845 844 7923
f 844 843 7923
f 7923 843 842
f 840 839 7924
f 839 835 7924
f 7924 835 837
f 7925 7926 7875
f 7875 7926 7876
f 7926 7924 7876
f 7876 7924 7846
f 7924 837 7846
f 7846 837 838
f 7870 7868 7927
f 7927 7928 7870
f 7928 7929 7870
f 7870 7929 7872
f 7929 7925 7872
f 7872 7925 7874
f 7925 7875 7874
f 845 7923 7930
f 7923 7931 7930
f 7930 7931 7932
f 7931 7933 7932
f 7932 7933 7934
f 7933 7935 7934
f 7934 7935 7936
f 7935 7937 7936
f 7936 7937 7938
f 7937 7939 7938
f 7938 7939 7940
f 7939 7941 7940
f 7940 7941 7942
f 7941 7943 7942
f 7942 7943 7944
f 7943 7945 7944
f 7944 7945 7946
f 7945 7947 7946
f 7946 7947 7948
f 842 7921 7923
f 7921 7949 7923
f 7923 7949 7931
f 7949 7950 7931
f 7931 7950 7933
f 7950 7951 7933
f 7933 7951 7935
f 7951 7952 7935
f 7935 7952 7937
f 7952 7953 7937
f 7937 7953 7939
f 7953 7954 7939
f 7939 7954 7941
f 7954 7955 7941
f 7941 7955 7943
f 7955 7956 7943
f 7943 7956 7945
f 7956 7957 7945
f 7945 7957 7947
f 840 7924 7921
f 7924 7926 7921
f 7921 7926 7949
f 7926 7925 7949
f 7949 7925 7950
f 7925 7929 7950
f 7950 7929 7951
f 7929 7928 7951
f 7951 7928 7952
f 7928 7927 7952
f 7952 7927 7953
f 7927 7958 7953
f 7953 7958 7954
f 7958 7959 7954
f 7954 7959 7955
f 7959 7960 7955
f 7955 7960 7956
f 7960 7961 7956
f 7956 7961 7957
f 7857 7909 7859
f 7962 7917 7963
f 7917 7916 7963
f 7963 7916 7964
f 7919 7918 7965
f 7918 7966 7965
f 7965 7966 7967
f 7966 7968 7967
f 7967 7968 7969
f 7667 7962 7668
f 7962 7963 7668
f 7668 7963 7852
f 7963 7964 7852
f 7852 7964 7853
f 7855 7853 7909
f 7853 7964 7909
f 7909 7964 7970
f 7964 7916 7970
f 7970 7916 7971
f 7916 7915 7971
f 7971 7915 7972
f 7915 7920 7972
f 7972 7948 7971
f 7948 7947 7971
f 7971 7947 7970
f 7947 7957 7970
f 7970 7957 7909
f 7957 7961 7909
f 7909 7961 7859
f 7961 7960 7859
f 7859 7960 7861
f 7960 7959 7861
f 7861 7959 7863
f 7959 7958 7863
f 7863 7958 7864
f 7958 7927 7864
f 7864 7927 7866
f 7927 7868 7866
f 7911 7910 7973
f 7910 7974 7973
f 7973 7974 7975
f 5316 5312 7976
f 5312 7977 7976
f 7976 7977 7978
f 7977 7979 7978
f 7978 7979 7980
f 7979 7981 7980
f 7980 7981 7982
f 7981 7983 7982
f 7982 7983 7984
f 7983 7985 7984
f 7986 7987 7988
f 7987 7989 7988
f 7988 7989 7990
f 7989 7991 7990
f 7990 7991 7992
f 7991 7993 7992
f 7992 7993 7994
f 7993 7995 7994
f 7994 7995 7996
f 7995 7997 7996
f 7996 7997 7998
f 7997 7999 7998
f 7998 7999 8000
f 7999 8001 8000
f 8000 8001 8002
f 8001 8003 8002
f 8002 8003 8004
f 7769 8005 7969
f 8005 8006 7969
f 7969 8006 7967
f 8006 7913 7967
f 7967 7913 7965
f 7913 7914 7965
f 7965 7914 7919
f 7771 8000 7975
f 8000 8002 7975
f 7975 8002 7973
f 8002 8004 7973
f 7973 8004 7911
f 7769 7776 8005
f 7776 7775 8005
f 8005 7775 7774
f 7912 7913 7910
f 7913 8006 7910
f 7910 8006 7974
f 8006 8005 7974
f 7974 8005 7975
f 8005 7774 7975
f 7975 7774 7771
f 7783 7984 7986
f 7984 7985 7986
f 7986 7985 7987
f 7990 7789 7988
f 7789 7787 7988
f 7988 7787 7986
f 7787 7786 7986
f 7986 7786 7783
f 7980 7676 7978
f 7676 7675 7978
f 7978 7675 7976
f 7675 7803 7976
f 7976 7803 5316
f 7783 7782 7984
f 7782 7799 7984
f 7984 7799 7982
f 7799 7798 7982
f 7982 7798 7980
f 7798 7800 7980
f 7980 7800 7676
f 7771 7781 8000
f 7781 7780 8000
f 8000 7780 7998
f 7780 7778 7998
f 7998 7778 7996
f 7778 7796 7996
f 7996 7796 7994
f 7796 7795 7994
f 7994 7795 7992
f 7795 7793 7992
f 7992 7793 7990
f 7793 7791 7990
f 7990 7791 7789
f 8007 8008 8009
f 8010 8011 8012
f 8013 8014 8015
f 8014 8016 8015
f 8015 8016 8017
f 8016 8018 8017
f 8017 8018 8019
f 8018 8020 8019
f 8021 8022 8023
f 8022 8024 8023
f 8023 8024 8025
f 8024 8026 8025
f 8025 8026 8011
f 8026 8027 8011
f 8011 8027 8012
f 5313 5340 8028
f 5340 7922 8028
f 8028 7922 8029
f 7922 8030 8029
f 8029 8030 8031
f 8030 8032 8031
f 8031 8032 8033
f 8032 8034 8033
f 8034 8035 8033
f 8033 8035 8036
f 8035 8037 8036
f 8036 8037 8038
f 8037 8039 8038
f 8038 8039 8021
f 8039 8040 8021
f 8021 8040 8022
f 5312 5313 7977
f 5313 8028 7977
f 7977 8028 7979
f 8028 8029 7979
f 7979 8029 7981
f 8029 8031 7981
f 7981 8031 7983
f 8031 8033 7983
f 7983 8033 7985
f 8033 8036 7985
f 7985 8036 7987
f 8036 8038 7987
f 7987 8038 7989
f 8038 8021 7989
f 7989 8021 7991
f 8021 8023 7991
f 7991 8023 7993
f 8023 8025 7993
f 7993 8025 7995
f 8025 8011 7995
f 7995 8011 7997
f 8011 8010 7997
f 7997 8010 7999
f 853 852 8041
f 852 850 8041
f 8041 850 8042
f 850 8043 8042
f 8043 8044 8042
f 8042 8044 8045
f 8044 8046 8045
f 8045 8046 8047
f 7908 7907 8046
f 7907 8048 8046
f 8046 8048 8047
f 7906 7908 7905
f 7908 8049 7905
f 7905 8049 7903
f 7902 7901 7903
f 7901 8050 7903
f 7903 8050 7904
f 7900 7902 7899
f 7902 8051 7899
f 7899 8051 7897
f 7896 7895 7897
f 7895 8052 7897
f 7897 8052 7898
f 7894 7896 7893
f 7896 8053 7893
f 7893 8053 7891
f 8013 8054 8014
f 8054 8055 8014
f 8014 8055 8056
f 8055 8057 8056
f 8056 8057 8058
f 8057 8059 8058
f 8058 8059 8060
f 8059 8061 8060
f 8060 8061 8062
f 8061 8063 8062
f 8062 8063 7891
f 8063 8064 7891
f 7891 8064 7892
f 8065 849 848
f 8009 8066 8067
f 8066 8068 8067
f 8067 8068 8069
f 8068 8070 8069
f 8069 8070 8071
f 8070 8072 8071
f 8071 8072 8073
f 8072 8074 8073
f 8073 8074 8075
f 8074 8076 8075
f 8075 8076 8077
f 8076 8078 8077
f 8077 8078 8079
f 8078 8080 8079
f 8079 8080 8081
f 8080 8082 8081
f 8081 8082 8083
f 8082 8084 8083
f 8083 8084 8085
f 8084 8086 8085
f 8085 8086 8087
f 8086 8088 8087
f 8087 8088 8089
f 8088 8090 8089
f 8089 8090 8091
f 8090 8092 8091
f 8091 8092 8093
f 8092 8094 8093
f 8093 8094 8095
f 8094 8096 8095
f 8095 8096 8097
f 8096 8098 8097
f 8097 8098 8099
f 8098 8100 8099
f 8099 8100 8101
f 8100 8065 8101
f 8101 8065 8102
f 8065 848 8102
f 8102 848 847
f 8008 8020 8009
f 8020 8018 8009
f 8009 8018 8066
f 8018 8016 8066
f 8066 8016 8068
f 8016 8014 8068
f 8068 8014 8070
f 8014 8056 8070
f 8070 8056 8072
f 8056 8058 8072
f 8072 8058 8074
f 8058 8060 8074
f 8074 8060 8076
f 8060 8062 8076
f 8076 8062 8078
f 8062 7891 8078
f 8078 7891 8080
f 7891 8053 8080
f 8080 8053 8082
f 8053 7896 8082
f 8082 7896 8084
f 7896 7897 8084
f 8084 7897 8086
f 7897 8051 8086
f 8086 8051 8088
f 8051 7902 8088
f 8088 7902 8090
f 7902 7903 8090
f 8090 7903 8092
f 7903 8049 8092
f 8092 8049 8094
f 8049 7908 8094
f 8094 7908 8096
f 7908 8046 8096
f 8096 8046 8098
f 8046 8044 8098
f 8098 8044 8100
f 8044 8043 8100
f 8100 8043 8065
f 8043 850 8065
f 8065 850 849
f 7920 7915 7918
f 7915 7917 7918
f 7918 7917 7966
f 7917 7962 7966
f 7966 7962 7968
f 7962 7667 7968
f 7968 7667 7969
f 7667 7767 7969
f 7969 7767 7769
f 8012 8007 8010
f 8007 8009 8010
f 8010 8009 7999
f 8009 8067 7999
f 7999 8067 8001
f 8067 8069 8001
f 8001 8069 8003
f 8069 8071 8003
f 8003 8071 8004
f 8071 8073 8004
f 8004 8073 7911
f 8073 8075 7911
f 7911 8075 7912
f 8075 8077 7912
f 7912 8077 7914
f 8077 8079 7914
f 7914 8079 7919
f 8079 8081 7919
f 7919 8081 7920
f 8081 8083 7920
f 7920 8083 7972
f 8083 8085 7972
f 7972 8085 7948
f 8085 8087 7948
f 7948 8087 7946
f 8087 8089 7946
f 7946 8089 7944
f 8089 8091 7944
f 7944 8091 7942
f 8091 8093 7942
f 7942 8093 7940
f 8093 8095 7940
f 7940 8095 7938
f 8095 8097 7938
f 7938 8097 7936
f 8097 8099 7936
f 7936 8099 7934
f 8099 8101 7934
f 7934 8101 7932
f 8101 8102 7932
f 7932 8102 7930
f 8102 847 7930
f 7930 847 845
f 8103 8104 8105
f 8106 6223 6226
f 8107 6222 6221
f 6222 8107 6220
f 6218 6219 8108
f 8109 8110 8111
f 8112 8111 8113
f 8114 8115 8116
f 8117 6198 6200
f 8118 8119 8120
f 8121 8122 8123
f 8124 8125 8126
f 8125 8127 8126
f 8035 8034 8128
f 8034 8032 8128
f 8129 8027 8026
f 8130 8008 8007
f 8131 8132 8133
f 8133 8132 8134
f 8135 8059 8057
f 8136 8137 8138
f 8139 8140 8141
f 8142 8143 8144
f 7907 7906 8145
f 6257 6199 8146
f 6259 6258 8147
f 8148 6253 6252
f 6253 8148 6254
f 8149 8150 8151
f 8152 8153 8150
f 8154 8155 8156
f 5332 5325 8157
f 5324 5346 8158
f 8159 5356 5361
f 5361 5360 8159
f 5360 5359 8159
f 8159 5359 5364
f 5363 5362 8160
f 5362 5326 8160
f 8160 5326 8161
f 5326 5341 8161
f 8162 8163 5351
f 5351 5350 8162
f 5350 5358 8162
f 8162 5358 8159
f 5358 5357 8159
f 8159 5357 5356
f 8163 8164 8158
f 5346 5345 8158
f 5345 5344 8158
f 8158 5344 8163
f 5344 5352 8163
f 8163 5352 5351
f 5343 5334 8165
f 5334 5333 8165
f 8166 6227 6233
f 8167 8168 8169
f 8168 8170 8169
f 8169 8170 8166
f 8170 6228 8166
f 8166 6228 6227
f 6232 6231 8171
f 6231 6230 8171
f 8171 6230 8172
f 6230 6237 8172
f 6237 6236 8172
f 8172 6236 8173
f 6236 6235 8173
f 8154 8156 8174
f 8155 8175 8156
f 8175 8176 8156
f 8156 8176 8177
f 8178 8175 8179
f 8175 8155 8179
f 8179 8155 8180
f 8155 8154 8180
f 8180 8154 8181
f 8154 8174 8181
f 8181 8174 8182
f 6235 6234 8173
f 6234 6238 8173
f 8173 6238 8183
f 6238 6239 8183
f 8183 6239 8184
f 6239 6240 8184
f 6240 6241 8184
f 8184 6241 8185
f 6241 6246 8185
f 6246 6245 8185
f 8185 6245 8186
f 6245 6244 8186
f 8153 8187 8188
f 8187 8189 8188
f 8188 8189 8190
f 8189 8191 8190
f 8190 8191 8192
f 8177 8193 8156
f 8193 8192 8156
f 8156 8192 8174
f 8192 8191 8174
f 8174 8191 8182
f 8191 8189 8182
f 8182 8189 8194
f 8189 8187 8194
f 8150 8149 8152
f 8149 8195 8152
f 8152 8195 8196
f 8195 8197 8196
f 8196 8197 8198
f 8197 8199 8198
f 8198 8199 8200
f 8153 8152 8187
f 8152 8196 8187
f 8187 8196 8194
f 8196 8198 8194
f 8194 8198 8182
f 8198 8200 8182
f 8182 8200 8181
f 8200 8201 8181
f 8181 8201 8180
f 8201 8202 8180
f 8180 8202 8179
f 8202 8203 8179
f 8179 8203 8178
f 8204 8205 8206
f 8205 8207 8206
f 8206 8207 8208
f 8209 8204 8210
f 8204 8206 8210
f 8210 8206 8211
f 8206 8208 8211
f 8211 8208 8212
f 8213 8214 8215
f 8214 8216 8215
f 8215 8216 8217
f 8143 8142 8218
f 8142 8219 8218
f 8218 8219 8220
f 6244 6243 8186
f 6243 6242 8186
f 8186 6242 8221
f 6242 6247 8221
f 8221 6247 8222
f 8223 8224 8225
f 8224 8226 8225
f 8225 8226 8227
f 8226 8228 8227
f 8227 8228 8229
f 8228 8230 8229
f 8229 8230 8231
f 8230 8232 8231
f 8231 8232 8233
f 8232 8234 8233
f 8233 8234 8235
f 8193 8235 8192
f 8235 8234 8192
f 8192 8234 8190
f 8234 8232 8190
f 8190 8232 8188
f 8232 8230 8188
f 8188 8230 8153
f 8230 8228 8153
f 8153 8228 8150
f 8228 8226 8150
f 8150 8226 8151
f 8226 8224 8151
f 6247 6248 8222
f 6248 6249 8222
f 8222 6249 8148
f 6249 6250 8148
f 8148 6250 6254
f 8148 8223 8222
f 8223 8225 8222
f 8222 8225 8221
f 8225 8227 8221
f 8221 8227 8186
f 8227 8229 8186
f 8186 8229 8185
f 8229 8231 8185
f 8185 8231 8184
f 8231 8233 8184
f 8184 8233 8183
f 8233 8235 8183
f 8183 8235 8173
f 8235 8193 8173
f 8173 8193 8172
f 8193 8177 8172
f 8172 8177 8171
f 8177 8176 8171
f 8171 8176 6232
f 6251 6255 8236
f 6255 6256 8236
f 6251 8236 8237
f 8236 8238 8237
f 8237 8238 8239
f 8238 8240 8239
f 8239 8240 8241
f 8240 8242 8241
f 8241 8242 8243
f 8242 8244 8243
f 8243 8244 8245
f 8244 8246 8245
f 8245 8246 8247
f 8246 8248 8247
f 8247 8248 8249
f 8248 8250 8249
f 8249 8250 8251
f 8250 8252 8251
f 8251 8252 8253
f 8252 8254 8253
f 8253 8254 8255
f 8216 8255 8217
f 8255 8254 8217
f 8217 8254 8256
f 8254 8252 8256
f 8256 8252 8257
f 8252 8250 8257
f 8257 8250 8258
f 8250 8248 8258
f 8258 8248 8259
f 8248 8246 8259
f 8259 8246 8260
f 8246 8244 8260
f 8260 8244 8261
f 8244 8242 8261
f 8261 8242 8262
f 8242 8240 8262
f 8262 8240 8263
f 8240 8238 8263
f 8263 8238 8264
f 8238 8236 8264
f 8264 8236 8147
f 8236 6256 8147
f 8147 6256 6259
f 8219 8215 8220
f 8215 8217 8220
f 8220 8217 8265
f 8217 8256 8265
f 8265 8256 8266
f 8256 8257 8266
f 8266 8257 8267
f 8257 8258 8267
f 8267 8258 8268
f 8258 8259 8268
f 8268 8259 8269
f 8259 8260 8269
f 8269 8260 8270
f 8260 8261 8270
f 8270 8261 8271
f 8261 8262 8271
f 8271 8262 8272
f 8262 8263 8272
f 8272 8263 8273
f 8263 8264 8273
f 8273 8264 8274
f 8264 8147 8274
f 8274 8147 8146
f 8147 6258 8146
f 8146 6258 6257
f 8047 8048 8275
f 8276 8277 8278
f 8277 8279 8278
f 8278 8279 8280
f 8279 8281 8280
f 8280 8281 8282
f 8281 8283 8282
f 8282 8283 8284
f 8283 8285 8284
f 8284 8285 8286
f 8285 8287 8286
f 8286 8287 8288
f 8287 8289 8288
f 8288 8289 8290
f 8289 8291 8290
f 8290 8291 8292
f 8291 8293 8292
f 8292 8293 8294
f 8293 8295 8294
f 8294 8295 8296
f 8277 8297 8279
f 8297 8298 8279
f 8279 8298 8281
f 8298 8299 8281
f 8281 8299 8283
f 8299 8300 8283
f 8283 8300 8285
f 8300 8301 8285
f 8285 8301 8287
f 8301 8302 8287
f 8287 8302 8289
f 8302 8303 8289
f 8289 8303 8291
f 8303 8304 8291
f 8291 8304 8293
f 8304 8305 8293
f 8293 8305 8295
f 8305 8306 8295
f 8295 8306 8296
f 8306 8307 8296
f 8308 8309 8310
f 8309 8311 8310
f 8310 8311 8312
f 8311 8313 8312
f 8312 8313 8314
f 8313 8315 8314
f 8314 8315 8316
f 8315 8317 8316
f 8316 8317 8318
f 8317 8319 8318
f 8318 8319 8320
f 8319 8321 8320
f 8320 8321 8322
f 8321 8323 8322
f 8322 8323 8324
f 8323 8325 8324
f 8324 8325 8326
f 8327 8328 8329
f 8328 8330 8329
f 8331 8332 8333
f 8334 8326 8335
f 8326 8325 8335
f 8335 8325 8336
f 8325 8323 8336
f 8336 8323 8337
f 8323 8321 8337
f 8337 8321 8338
f 8321 8319 8338
f 8338 8319 8339
f 8319 8317 8339
f 8339 8317 8340
f 8317 8315 8340
f 8340 8315 8341
f 8315 8313 8341
f 8341 8313 8342
f 8313 8311 8342
f 8342 8311 8275
f 8311 8309 8275
f 8275 8309 8047
f 8309 8308 8047
f 8047 8308 8045
f 8343 8344 8345
f 8344 8346 8345
f 8345 8346 8347
f 8348 8343 8349
f 8343 8345 8349
f 8349 8345 8350
f 8345 8347 8350
f 8350 8347 8351
f 7904 8351 7905
f 8351 8347 7905
f 7905 8347 7906
f 8347 8346 7906
f 7906 8346 8145
f 8346 8344 8145
f 8352 8353 8354
f 8353 8355 8354
f 8354 8355 8356
f 8355 8357 8356
f 8356 8357 8358
f 8357 8359 8358
f 8358 8359 8360
f 8359 8361 8360
f 8360 8361 8362
f 8363 8364 8365
f 8353 8348 8355
f 8348 8349 8355
f 8355 8349 8357
f 8349 8350 8357
f 8357 8350 8359
f 8350 8351 8359
f 8359 8351 8361
f 8351 7904 8361
f 8361 7904 8362
f 7904 8050 8362
f 8362 8050 7901
f 8366 8352 8367
f 8352 8354 8367
f 8367 8354 8368
f 8354 8356 8368
f 8368 8356 8369
f 8356 8358 8369
f 8369 8358 8370
f 8358 8360 8370
f 8370 8360 8371
f 8360 8362 8371
f 8371 8362 8372
f 8362 7901 8372
f 8372 7901 7900
f 8205 8213 8207
f 8213 8215 8207
f 8207 8215 8208
f 8215 8219 8208
f 8208 8219 8212
f 8219 8142 8212
f 8212 8142 8373
f 8142 8144 8373
f 8373 8144 8374
f 8375 8327 8376
f 8327 8329 8376
f 8376 8329 8377
f 8329 8330 8377
f 8377 8330 8332
f 8146 8276 8274
f 8276 8278 8274
f 8274 8278 8273
f 8278 8280 8273
f 8273 8280 8272
f 8280 8282 8272
f 8272 8282 8271
f 8282 8284 8271
f 8271 8284 8270
f 8284 8286 8270
f 8270 8286 8269
f 8286 8288 8269
f 8269 8288 8268
f 8288 8290 8268
f 8268 8290 8267
f 8290 8292 8267
f 8267 8292 8266
f 8292 8294 8266
f 8266 8294 8265
f 8294 8296 8265
f 8265 8296 8220
f 8296 8307 8220
f 8220 8307 8218
f 8307 8378 8218
f 8218 8378 8143
f 8378 8379 8143
f 8143 8379 8144
f 8379 8380 8144
f 8144 8380 8374
f 8380 8381 8374
f 8382 8381 8383
f 8381 8380 8383
f 8383 8380 8384
f 8380 8379 8384
f 8384 8379 8385
f 8379 8378 8385
f 8385 8378 8334
f 8378 8307 8334
f 8334 8307 8326
f 8307 8306 8326
f 8326 8306 8324
f 8306 8305 8324
f 8324 8305 8322
f 8305 8304 8322
f 8322 8304 8320
f 8304 8303 8320
f 8320 8303 8318
f 8303 8302 8318
f 8318 8302 8316
f 8302 8301 8316
f 8316 8301 8314
f 8301 8300 8314
f 8314 8300 8312
f 8300 8299 8312
f 8312 8299 8310
f 8299 8298 8310
f 8310 8298 8308
f 8298 8297 8308
f 8308 8297 8045
f 8297 8277 8045
f 8045 8277 8042
f 8277 8276 8042
f 8042 8276 8041
f 8276 8146 8041
f 8041 8146 853
f 8146 6199 853
f 8386 8140 8387
f 8140 8139 8387
f 8387 8139 8388
f 8389 8390 8391
f 8392 8393 8394
f 8393 8395 8394
f 8394 8395 8396
f 8395 8397 8396
f 8398 8397 8399
f 8397 8395 8399
f 8399 8395 8400
f 8395 8393 8400
f 8401 8402 8403
f 8404 8403 8390
f 8405 8391 8406
f 8332 8331 8377
f 8331 8407 8377
f 8377 8407 8376
f 8407 8408 8376
f 8376 8408 8375
f 8408 8409 8375
f 8375 8409 8410
f 8411 8412 8413
f 8412 8414 8413
f 8413 8414 8415
f 8414 8416 8415
f 8415 8416 8417
f 8416 8418 8417
f 8417 8418 8419
f 8420 8411 8421
f 8411 8413 8421
f 8421 8413 8422
f 8413 8415 8422
f 8422 8415 8423
f 8415 8417 8423
f 8423 8417 8424
f 8417 8419 8424
f 8424 8419 8364
f 8364 8363 8424
f 8363 8425 8424
f 8424 8425 8423
f 8425 8426 8423
f 8423 8426 8422
f 8426 8427 8422
f 8422 8427 8421
f 8427 8428 8421
f 8421 8428 8420
f 8365 8429 8363
f 8429 8430 8363
f 8363 8430 8425
f 8430 8431 8425
f 8425 8431 8426
f 8431 8432 8426
f 8426 8432 8427
f 8432 8433 8427
f 8427 8433 8428
f 8429 8434 8430
f 8434 8435 8430
f 8430 8435 8431
f 8435 8436 8431
f 8431 8436 8432
f 8436 8437 8432
f 8432 8437 8433
f 8437 8438 8433
f 8433 8438 8428
f 8438 8439 8428
f 8428 8439 8420
f 8434 8440 8435
f 8440 8441 8435
f 8435 8441 8436
f 8441 8442 8436
f 8436 8442 8437
f 8442 8443 8437
f 8437 8443 8438
f 8443 8444 8438
f 8438 8444 8439
f 8444 8445 8439
f 8446 8447 8448
f 8447 8449 8448
f 8448 8449 8450
f 8449 8451 8450
f 8450 8451 8452
f 8451 8453 8452
f 8447 8454 8449
f 8454 8455 8449
f 8449 8455 8451
f 8455 8456 8451
f 8451 8456 8453
f 8457 8458 8459
f 7892 8458 7893
f 8458 8457 7893
f 7893 8457 7894
f 7898 8052 8446
f 8052 7895 8446
f 8446 7895 8447
f 7895 7894 8447
f 8447 7894 8454
f 7894 8457 8454
f 8454 8457 8455
f 8457 8459 8455
f 8455 8459 8456
f 8460 8461 8462
f 8461 8463 8462
f 8462 8463 8464
f 8465 8460 8136
f 8460 8462 8136
f 8136 8462 8137
f 8462 8464 8137
f 8466 8467 8468
f 8467 8469 8468
f 8468 8469 8470
f 8469 8471 8470
f 8470 8471 8472
f 8471 8473 8472
f 8472 8473 8445
f 8473 8474 8445
f 8445 8474 8439
f 8474 8475 8439
f 8439 8475 8420
f 8475 8409 8420
f 8420 8409 8411
f 8409 8408 8411
f 8411 8408 8412
f 8408 8407 8412
f 8412 8407 8414
f 8407 8331 8414
f 8414 8331 8416
f 8331 8333 8416
f 8416 8333 8418
f 8464 8476 8137
f 8476 8477 8137
f 8137 8477 8138
f 8477 8135 8138
f 8138 8135 8478
f 8135 8057 8478
f 8478 8057 8055
f 8059 8135 8061
f 8135 8477 8061
f 8061 8477 8063
f 8477 8476 8063
f 8063 8476 8064
f 8476 8464 8064
f 8064 8464 7892
f 8464 8463 7892
f 7892 8463 8458
f 8463 8461 8458
f 8458 8461 8459
f 8461 8460 8459
f 8459 8460 8456
f 8460 8465 8456
f 8456 8465 8453
f 8479 8480 8402
f 8386 8481 8140
f 8481 8482 8140
f 8140 8482 8141
f 8482 8483 8141
f 8141 8483 8484
f 8483 8485 8484
f 8484 8485 8486
f 8485 8487 8486
f 8486 8487 8488
f 8489 8487 8490
f 8487 8485 8490
f 8490 8485 8491
f 8485 8483 8491
f 8491 8483 8492
f 8483 8482 8492
f 8492 8482 8493
f 8482 8481 8493
f 8494 8495 8496
f 8495 8497 8496
f 8496 8497 8498
f 8497 8499 8498
f 8498 8499 8500
f 8499 8501 8500
f 8500 8501 8502
f 8501 8503 8502
f 8502 8503 8488
f 8504 8505 8506
f 8131 8507 8508
f 8507 8509 8508
f 8508 8509 8510
f 8509 8511 8510
f 8510 8511 8512
f 8511 8513 8512
f 8493 8513 8492
f 8513 8511 8492
f 8492 8511 8491
f 8511 8509 8491
f 8491 8509 8490
f 8509 8507 8490
f 8490 8507 8489
f 8507 8131 8489
f 8489 8131 8514
f 8131 8133 8514
f 8515 8516 8505
f 8488 8487 8502
f 8487 8489 8502
f 8502 8489 8500
f 8489 8514 8500
f 8500 8514 8498
f 8514 8133 8498
f 8498 8133 8496
f 8133 8134 8496
f 8496 8134 8494
f 8517 8518 8519
f 8520 8521 8522
f 8521 8523 8522
f 8522 8523 8524
f 8525 8526 8527
f 8520 8528 8521
f 8528 8529 8521
f 8521 8529 8530
f 8164 8531 8158
f 8531 8157 8158
f 8158 8157 5324
f 8157 5325 5324
f 8532 8533 8534
f 8533 8535 8534
f 8534 8535 8516
f 8516 8515 8534
f 8515 8536 8534
f 8534 8536 8532
f 8505 8504 8515
f 8504 8537 8515
f 8515 8537 8536
f 8537 8538 8536
f 8536 8538 8532
f 8538 8539 8532
f 8532 8539 8540
f 8541 8542 8543
f 8542 8544 8543
f 8543 8544 8545
f 8544 8546 8545
f 8545 8546 8547
f 8410 8409 8548
f 8409 8475 8548
f 8548 8475 8549
f 8475 8474 8549
f 8549 8474 8550
f 8474 8473 8550
f 8550 8473 8551
f 8473 8471 8551
f 8551 8471 8552
f 8471 8469 8552
f 8552 8469 8553
f 8469 8467 8553
f 8553 8467 8554
f 8467 8466 8554
f 8554 8466 8555
f 8466 8054 8555
f 8555 8054 8013
f 8556 8557 8558
f 8013 8557 8555
f 8557 8556 8555
f 8555 8556 8554
f 8556 8559 8554
f 8554 8559 8553
f 8559 8560 8553
f 8553 8560 8552
f 8560 8561 8552
f 8552 8561 8551
f 8561 8562 8551
f 8551 8562 8550
f 8562 8563 8550
f 8550 8563 8549
f 8563 8405 8549
f 8549 8405 8548
f 8405 8406 8548
f 8548 8406 8410
f 8564 8565 8566
f 8565 8567 8566
f 8566 8567 8568
f 8567 8569 8568
f 8568 8569 8570
f 8569 8571 8570
f 8570 8571 8572
f 8571 8573 8572
f 8572 8573 8574
f 8573 8575 8574
f 8574 8575 8576
f 8575 8577 8576
f 8576 8577 8480
f 8402 8401 8479
f 8401 8578 8479
f 8479 8578 8579
f 8578 8580 8579
f 8579 8580 8581
f 8580 8582 8581
f 8581 8582 8583
f 8582 8584 8583
f 8583 8584 8585
f 8584 8586 8585
f 8585 8586 8587
f 8586 8588 8587
f 8587 8588 8589
f 8588 8129 8589
f 8589 8129 8590
f 8129 8026 8590
f 8590 8026 8024
f 8390 8389 8404
f 8389 8591 8404
f 8404 8591 8592
f 8591 8593 8592
f 8592 8593 8594
f 8593 8595 8594
f 8594 8595 8596
f 8595 8597 8596
f 8596 8597 8598
f 8597 8599 8598
f 8598 8599 8600
f 8599 8601 8600
f 8600 8601 8602
f 8601 8130 8602
f 8602 8130 8603
f 8130 8007 8603
f 8603 8007 8012
f 8403 8404 8401
f 8404 8592 8401
f 8401 8592 8578
f 8592 8594 8578
f 8578 8594 8580
f 8594 8596 8580
f 8580 8596 8582
f 8596 8598 8582
f 8582 8598 8584
f 8598 8600 8584
f 8584 8600 8586
f 8600 8602 8586
f 8586 8602 8588
f 8602 8603 8588
f 8588 8603 8129
f 8603 8012 8129
f 8129 8012 8027
f 8604 8605 8540
f 8564 8604 8565
f 8604 8540 8565
f 8565 8540 8567
f 8540 8539 8567
f 8567 8539 8569
f 8539 8538 8569
f 8569 8538 8571
f 8538 8537 8571
f 8571 8537 8573
f 8537 8504 8573
f 8573 8504 8575
f 8504 8506 8575
f 8575 8506 8577
f 8013 8015 8557
f 8015 8017 8557
f 8557 8017 8558
f 8017 8019 8558
f 8558 8019 8020
f 8391 8405 8389
f 8405 8563 8389
f 8389 8563 8591
f 8563 8562 8591
f 8591 8562 8593
f 8562 8561 8593
f 8593 8561 8595
f 8561 8560 8595
f 8595 8560 8597
f 8560 8559 8597
f 8597 8559 8599
f 8559 8556 8599
f 8599 8556 8601
f 8556 8558 8601
f 8601 8558 8130
f 8558 8020 8130
f 8130 8020 8008
f 8525 8541 8526
f 8541 8543 8526
f 8526 8543 8606
f 8543 8545 8606
f 8606 8545 8607
f 8545 8547 8607
f 8607 8547 8608
f 8527 8526 8609
f 8526 8606 8609
f 8609 8606 8610
f 8606 8607 8610
f 8610 8607 8611
f 8607 8608 8611
f 8611 8608 8612
f 8542 8533 8544
f 8533 8532 8544
f 8544 8532 8546
f 8532 8540 8546
f 8546 8540 8547
f 8540 8605 8547
f 8547 8605 8608
f 8605 8604 8608
f 8608 8604 8612
f 8604 8022 8612
f 8039 8037 8613
f 8040 8039 8614
f 8039 8613 8614
f 8614 8613 8615
f 8613 8616 8615
f 8615 8616 8617
f 8616 8618 8617
f 5342 5343 7922
f 5343 8165 7922
f 7922 8165 8030
f 8165 8619 8030
f 8030 8619 8032
f 8037 8035 8613
f 8035 8128 8613
f 8613 8128 8616
f 8128 8032 8616
f 8616 8032 8620
f 8032 8619 8620
f 8480 8479 8576
f 8479 8579 8576
f 8576 8579 8574
f 8579 8581 8574
f 8574 8581 8572
f 8581 8583 8572
f 8572 8583 8570
f 8583 8585 8570
f 8570 8585 8568
f 8585 8587 8568
f 8568 8587 8566
f 8587 8589 8566
f 8566 8589 8564
f 8589 8590 8564
f 8564 8590 8604
f 8590 8024 8604
f 8604 8024 8022
f 8621 8622 8623
f 8110 8624 8625
f 8624 8626 8625
f 8625 8626 8627
f 8627 8626 8628
f 8626 8629 8628
f 8628 8629 8630
f 8629 8631 8630
f 8630 8631 8122
f 8122 8121 8630
f 8121 8632 8630
f 8630 8632 8628
f 8632 8633 8628
f 8628 8633 8627
f 8634 8635 8636
f 8635 8124 8636
f 8631 8637 8122
f 8637 8638 8122
f 8122 8638 8123
f 8638 8639 8123
f 8123 8639 8640
f 8641 8642 8643
f 8644 8645 8646
f 8646 8645 8647
f 8648 8649 8643
f 8650 8651 8652
f 8651 8653 8652
f 8652 8653 8654
f 8653 8655 8654
f 8654 8655 8656
f 8655 8657 8656
f 8656 8657 8658
f 8642 8644 8643
f 8644 8646 8643
f 8643 8646 8648
f 8646 8647 8648
f 8648 8647 8659
f 8118 8120 8659
f 8651 8119 8653
f 8119 8118 8653
f 8653 8118 8655
f 8118 8659 8655
f 8655 8659 8657
f 8659 8647 8657
f 8657 8647 8658
f 8647 8645 8658
f 8660 8661 8662
f 8661 8663 8662
f 8662 8663 8664
f 8663 8665 8664
f 8664 8665 8666
f 8665 8667 8666
f 8666 8667 8668
f 8667 8669 8668
f 8668 8669 8670
f 8669 8671 8670
f 8634 8672 8673
f 8672 8674 8673
f 8673 8674 8675
f 8674 8159 8675
f 8675 8159 8160
f 8159 5364 8160
f 8160 5364 5363
f 8124 8126 8636
f 8126 8676 8636
f 8636 8676 8677
f 8676 8678 8677
f 8677 8678 8679
f 8680 8671 8681
f 8671 8669 8681
f 8681 8669 8682
f 8669 8667 8682
f 8682 8667 8683
f 8667 8665 8683
f 8683 8665 8684
f 8665 8663 8684
f 8684 8663 8685
f 8663 8661 8685
f 8685 8661 8686
f 8661 8660 8686
f 8686 8660 8687
f 8618 8688 8689
f 8688 8690 8689
f 8689 8690 8691
f 8690 8692 8691
f 8691 8692 8693
f 8692 8694 8693
f 8693 8694 8695
f 8694 8696 8695
f 8639 8697 8640
f 8697 8698 8640
f 8640 8698 8699
f 8698 8700 8699
f 8699 8700 8701
f 8700 8702 8701
f 8524 8523 8702
f 8523 8703 8702
f 8702 8703 8701
f 8703 8679 8701
f 8701 8679 8699
f 8679 8678 8699
f 8699 8678 8640
f 8678 8676 8640
f 8640 8676 8123
f 8676 8126 8123
f 8123 8126 8121
f 8126 8127 8121
f 8121 8127 8632
f 8127 8621 8632
f 8632 8621 8633
f 8621 8623 8633
f 8633 8623 8627
f 8634 8636 8672
f 8636 8677 8672
f 8672 8677 8674
f 8677 8679 8674
f 8674 8679 8159
f 8679 8703 8159
f 8159 8703 8162
f 8703 8523 8162
f 8162 8523 8163
f 8523 8521 8163
f 8163 8521 8164
f 8521 8530 8164
f 8164 8530 8531
f 8700 8696 8702
f 8696 8694 8702
f 8702 8694 8524
f 8694 8692 8524
f 8524 8692 8522
f 8692 8690 8522
f 8522 8690 8520
f 8690 8688 8520
f 8520 8688 8528
f 8688 8618 8528
f 8528 8618 8529
f 8618 8616 8529
f 8529 8616 8530
f 8616 8620 8530
f 8530 8620 8531
f 8620 8619 8531
f 8531 8619 8157
f 8619 8165 8157
f 8157 8165 5332
f 8165 5333 5332
f 8518 8687 8519
f 8687 8660 8519
f 8519 8660 8704
f 8660 8662 8704
f 8704 8662 8705
f 8662 8664 8705
f 8705 8664 8706
f 8664 8666 8706
f 8706 8666 8707
f 8666 8668 8707
f 8707 8668 8120
f 8668 8670 8120
f 8120 8670 8659
f 8670 8671 8659
f 8659 8671 8648
f 8671 8680 8648
f 8648 8680 8649
f 8117 6200 8708
f 6200 6201 8708
f 8708 6201 8709
f 8710 8711 8712
f 8710 8712 8713
f 8712 8714 8713
f 8713 8714 8715
f 6201 6202 8709
f 6202 6203 8709
f 8709 6203 8716
f 6203 6206 8716
f 8717 8715 8718
f 8715 8714 8718
f 8718 8714 8719
f 6206 6205 8716
f 6205 6204 8716
f 8716 6204 8720
f 6204 6207 8720
f 8720 6207 8721
f 6207 6208 8721
f 8721 6208 8722
f 6208 6209 8722
f 6209 6210 8722
f 8722 6210 8723
f 6210 6214 8723
f 6214 6213 8723
f 8723 6213 8724
f 6213 6212 8724
f 8725 8726 8727
f 8726 8728 8727
f 8727 8728 8729
f 8728 8730 8729
f 8729 8730 8731
f 8730 8732 8731
f 8731 8732 8733
f 8732 8734 8733
f 8733 8734 8735
f 8726 8736 8728
f 8736 8737 8728
f 8728 8737 8730
f 8737 8738 8730
f 8730 8738 8732
f 8738 8739 8732
f 8732 8739 8734
f 8736 8740 8737
f 8740 8741 8737
f 8737 8741 8738
f 8741 8742 8738
f 8738 8742 8739
f 8742 8743 8739
f 8739 8743 8734
f 8743 8744 8734
f 8734 8744 8735
f 8744 8745 8735
f 8711 8745 8712
f 8745 8744 8712
f 8712 8744 8714
f 8744 8743 8714
f 8714 8743 8719
f 8743 8742 8719
f 8719 8742 8746
f 8742 8741 8746
f 8746 8741 8747
f 8741 8740 8747
f 8748 8114 8749
f 8115 8750 8751
f 8748 8749 8752
f 8749 8753 8752
f 8752 8753 8754
f 8753 8755 8754
f 8754 8755 8756
f 8756 8755 8757
f 8755 8758 8757
f 8757 8758 8759
f 8115 8751 8116
f 8751 8760 8116
f 8116 8760 8761
f 8760 8762 8761
f 8761 8762 8763
f 8762 8764 8763
f 8763 8764 8765
f 8114 8116 8749
f 8116 8761 8749
f 8749 8761 8753
f 8761 8763 8753
f 8753 8763 8755
f 8763 8765 8755
f 8755 8765 8758
f 8111 8112 8109
f 8112 8766 8109
f 8109 8766 8767
f 8766 8768 8767
f 8767 8768 8769
f 8110 8109 8624
f 8109 8767 8624
f 8624 8767 8626
f 8767 8769 8626
f 8626 8769 8629
f 8769 8770 8629
f 8629 8770 8631
f 8770 8771 8631
f 8631 8771 8637
f 8771 8772 8637
f 8637 8772 8638
f 8772 8773 8638
f 8638 8773 8639
f 8773 8774 8639
f 8639 8774 8697
f 6212 6211 8724
f 6211 6215 8724
f 8724 6215 8775
f 6215 6216 8775
f 8775 8725 8724
f 8725 8727 8724
f 8724 8727 8723
f 8727 8729 8723
f 8723 8729 8722
f 8729 8731 8722
f 8722 8731 8721
f 8731 8733 8721
f 8721 8733 8720
f 8733 8735 8720
f 8720 8735 8716
f 8735 8745 8716
f 8716 8745 8709
f 8745 8711 8709
f 8709 8711 8708
f 8711 8710 8708
f 8708 8710 8117
f 8748 8717 8114
f 8717 8718 8114
f 8114 8718 8115
f 8718 8719 8115
f 8115 8719 8750
f 8719 8746 8750
f 8750 8746 8776
f 8746 8747 8776
f 8776 8747 8777
f 8747 8740 8777
f 8777 8740 8778
f 8740 8736 8778
f 8778 8736 8779
f 8736 8726 8779
f 8779 8726 8780
f 8726 8725 8780
f 8780 8725 8781
f 8725 8775 8781
f 8781 8775 8782
f 8775 6216 8782
f 8782 6216 6217
f 6218 8108 6217
f 6217 8108 8782
f 8108 8783 8782
f 8782 8783 8781
f 8783 8784 8781
f 8781 8784 8780
f 8784 8785 8780
f 8780 8785 8779
f 8785 8786 8779
f 8779 8786 8778
f 8786 8787 8778
f 8778 8787 8777
f 8787 8788 8777
f 8777 8788 8776
f 8788 8789 8776
f 8776 8789 8750
f 8789 8113 8750
f 8750 8113 8751
f 8113 8111 8751
f 8751 8111 8760
f 8111 8110 8760
f 8760 8110 8762
f 8110 8625 8762
f 8762 8625 8764
f 8625 8627 8764
f 8764 8627 8765
f 8627 8623 8765
f 8765 8623 8758
f 8623 8622 8758
f 8758 8622 8759
f 8790 8791 8792
f 8791 8793 8792
f 8792 8793 8794
f 8793 8795 8794
f 8794 8795 8796
f 8795 8797 8796
f 8796 8797 8798
f 8797 8799 8798
f 8798 8799 8800
f 8799 8801 8800
f 8800 8801 8802
f 8801 8803 8802
f 8802 8803 8804
f 8803 8107 8804
f 8804 8107 8805
f 8107 6221 8805
f 8805 6221 6224
f 8806 8790 8807
f 8790 8792 8807
f 8807 8792 8808
f 8792 8794 8808
f 8808 8794 8809
f 8794 8796 8809
f 8809 8796 8810
f 8796 8798 8810
f 8810 8798 8811
f 8798 8800 8811
f 8811 8800 8812
f 8800 8802 8812
f 8812 8802 8813
f 8802 8804 8813
f 8813 8804 8814
f 8804 8805 8814
f 8814 8805 8106
f 8805 6224 8106
f 8106 6224 6223
f 6229 8104 6229
f 8104 8103 6229
f 6229 8103 6225
f 8103 6226 6225
f 6226 8815 8106
f 8815 8816 8106
f 8106 8816 8814
f 8816 8817 8814
f 8814 8817 8813
f 8817 8818 8813
f 8813 8818 8812
f 8818 8819 8812
f 8812 8819 8811
f 8819 8820 8811
f 8811 8820 8810
f 8820 8821 8810
f 8810 8821 8809
f 8821 8822 8809
f 8809 8822 8808
f 8822 8823 8808
f 8808 8823 8807
f 8823 8824 8807
f 8807 8824 8806
f 8815 8825 8816
f 8825 8826 8816
f 8816 8826 8817
f 8826 8827 8817
f 8817 8827 8818
f 8827 8828 8818
f 8818 8828 8819
f 8828 8829 8819
f 8819 8829 8820
f 8829 8830 8820
f 8820 8830 8821
f 8830 8831 8821
f 8821 8831 8822
f 8831 8832 8822
f 8822 8832 8823
f 8832 8833 8823
f 8823 8833 8824
f 6226 8103 8815
f 8103 8105 8815
f 8815 8105 8825
f 8105 8834 8825
f 8825 8834 8826
f 8834 8835 8826
f 8826 8835 8827
f 8835 8836 8827
f 8827 8836 8828
f 8836 8837 8828
f 8828 8837 8829
f 8837 8838 8829
f 8829 8838 8830
f 8838 8839 8830
f 8830 8839 8831
f 8839 8840 8831
f 8831 8840 8832
f 8840 8841 8832
f 8832 8841 8833
f 8841 8842 8833
f 8833 8842 8824
f 8842 8843 8824
f 8824 8843 8806
f 8105 8844 8834
f 8844 8845 8834
f 8834 8845 8835
f 8845 8846 8835
f 8835 8846 8836
f 8846 8847 8836
f 8836 8847 8837
f 8847 8848 8837
f 8837 8848 8838
f 8848 8849 8838
f 8838 8849 8839
f 8849 8850 8839
f 8839 8850 8840
f 8850 8851 8840
f 8840 8851 8841
f 8851 8852 8841
f 8841 8852 8842
f 8852 8853 8842
f 8842 8853 8843
f 8853 8854 8843
f 8167 8855 8856
f 8855 8857 8856
f 8856 8857 8858
f 8857 8859 8858
f 8858 8859 8860
f 8859 8861 8860
f 8860 8861 8862
f 8861 8863 8862
f 8862 8863 8864
f 8863 8865 8864
f 8864 8865 8866
f 8865 8867 8866
f 8866 8867 8868
f 8867 8869 8868
f 8868 8869 8870
f 8869 8871 8870
f 8870 8871 8872
f 8871 8873 8872
f 8874 8873 8875
f 8873 8871 8875
f 8875 8871 8876
f 8871 8869 8876
f 8876 8869 8877
f 8869 8867 8877
f 8877 8867 8878
f 8867 8865 8878
f 8878 8865 8879
f 8865 8863 8879
f 8879 8863 8880
f 8863 8861 8880
f 8880 8861 8881
f 8861 8859 8881
f 8881 8859 8882
f 8859 8857 8882
f 8882 8857 8883
f 8857 8855 8883
f 8883 8855 8203
f 8855 8167 8203
f 8203 8167 8178
f 8167 8169 8178
f 8178 8169 8175
f 8169 8166 8175
f 8175 8166 8176
f 8166 6233 8176
f 8176 6233 6232
f 8884 8209 8885
f 8209 8210 8885
f 8885 8210 8886
f 8210 8211 8886
f 8886 8211 8887
f 8211 8212 8887
f 8887 8212 8888
f 8212 8373 8888
f 8888 8373 8889
f 8373 8374 8889
f 8889 8374 8890
f 8374 8381 8890
f 8890 8381 8891
f 8381 8382 8891
f 8891 8382 8892
f 8893 8894 8895
f 8894 8896 8895
f 8895 8896 8897
f 8896 8898 8897
f 8897 8898 8899
f 8898 8900 8899
f 8899 8900 8901
f 8900 8902 8901
f 8901 8902 8903
f 8902 8904 8903
f 8903 8904 8905
f 8904 8906 8905
f 8905 8906 8907
f 8906 8392 8907
f 8907 8392 8908
f 8392 8394 8908
f 8908 8394 8909
f 8394 8396 8909
f 8909 8396 8910
f 8396 8397 8910
f 8910 8397 8911
f 8397 8398 8911
f 8911 8398 8912
f 8894 8884 8896
f 8884 8885 8896
f 8896 8885 8898
f 8885 8886 8898
f 8898 8886 8900
f 8886 8887 8900
f 8900 8887 8902
f 8887 8888 8902
f 8902 8888 8904
f 8888 8889 8904
f 8904 8889 8906
f 8889 8890 8906
f 8906 8890 8392
f 8890 8891 8392
f 8392 8891 8393
f 8891 8892 8393
f 8393 8892 8400
f 8913 8914 8915
f 8914 8916 8915
f 8915 8916 8917
f 8916 8918 8917
f 8917 8918 8919
f 8918 8920 8919
f 8919 8920 8921
f 8920 8922 8921
f 8921 8922 8923
f 8922 8924 8923
f 8923 8924 8925
f 8924 8926 8925
f 8925 8926 8927
f 8926 8928 8927
f 8927 8928 8929
f 8495 8930 8497
f 8930 8931 8497
f 8497 8931 8499
f 8931 8932 8499
f 8499 8932 8501
f 8932 8933 8501
f 8501 8933 8503
f 8933 8934 8503
f 8503 8934 8488
f 8934 8935 8488
f 8488 8935 8486
f 8935 8936 8486
f 8486 8936 8484
f 8936 8937 8484
f 8484 8937 8141
f 8937 8938 8141
f 8141 8938 8139
f 8938 8939 8139
f 8139 8939 8388
f 8939 8940 8388
f 8388 8940 8941
f 8940 8942 8941
f 8941 8942 8943
f 8942 8944 8943
f 8943 8944 8945
f 8944 8946 8945
f 8945 8946 8947
f 8946 8948 8947
f 8947 8948 8949
f 8948 8950 8949
f 8949 8950 8951
f 8950 8952 8951
f 8951 8952 8953
f 8953 8913 8951
f 8913 8915 8951
f 8951 8915 8949
f 8915 8917 8949
f 8949 8917 8947
f 8917 8919 8947
f 8947 8919 8945
f 8919 8921 8945
f 8945 8921 8943
f 8921 8923 8943
f 8943 8923 8941
f 8923 8925 8941
f 8941 8925 8388
f 8925 8927 8388
f 8388 8927 8387
f 8927 8929 8387
f 8387 8929 8386
f 8914 8893 8916
f 8893 8895 8916
f 8916 8895 8918
f 8895 8897 8918
f 8918 8897 8920
f 8897 8899 8920
f 8920 8899 8922
f 8899 8901 8922
f 8922 8901 8924
f 8901 8903 8924
f 8924 8903 8926
f 8903 8905 8926
f 8926 8905 8928
f 8905 8907 8928
f 8928 8907 8929
f 8907 8908 8929
f 8929 8908 8386
f 8908 8909 8386
f 8386 8909 8481
f 8909 8910 8481
f 8481 8910 8493
f 8910 8911 8493
f 8493 8911 8513
f 8911 8912 8513
f 8513 8912 8512
f 8952 8874 8953
f 8874 8875 8953
f 8953 8875 8913
f 8875 8876 8913
f 8913 8876 8914
f 8876 8877 8914
f 8914 8877 8893
f 8877 8878 8893
f 8893 8878 8894
f 8878 8879 8894
f 8894 8879 8884
f 8879 8880 8884
f 8884 8880 8209
f 8880 8881 8209
f 8209 8881 8204
f 8881 8882 8204
f 8204 8882 8205
f 8882 8883 8205
f 8205 8883 8213
f 8883 8203 8213
f 8213 8203 8214
f 8203 8202 8214
f 8214 8202 8216
f 8202 8201 8216
f 8216 8201 8255
f 8201 8200 8255
f 8255 8200 8253
f 8200 8199 8253
f 8253 8199 8251
f 8199 8197 8251
f 8251 8197 8249
f 8197 8195 8249
f 8249 8195 8247
f 8195 8149 8247
f 8247 8149 8245
f 8149 8151 8245
f 8245 8151 8243
f 8151 8224 8243
f 8243 8224 8241
f 8224 8223 8241
f 8241 8223 8239
f 8223 8148 8239
f 8239 8148 8237
f 8148 6252 8237
f 8237 6252 6251
f 8022 8040 8612
f 8040 8614 8612
f 8612 8614 8611
f 8614 8615 8611
f 8611 8615 8610
f 8615 8617 8610
f 8610 8617 8609
f 8617 8618 8609
f 8609 8618 8527
f 8618 8689 8527
f 8527 8689 8525
f 8689 8691 8525
f 8525 8691 8517
f 8691 8693 8517
f 8517 8693 8518
f 8693 8695 8518
f 8518 8695 8687
f 8695 8696 8687
f 8687 8696 8686
f 8696 8700 8686
f 8686 8700 8685
f 8700 8698 8685
f 8685 8698 8684
f 8698 8697 8684
f 8684 8697 8683
f 8697 8774 8683
f 8683 8774 8682
f 8774 8773 8682
f 8682 8773 8681
f 8773 8772 8681
f 8681 8772 8680
f 8772 8771 8680
f 8680 8771 8649
f 8771 8770 8649
f 8649 8770 8643
f 8770 8769 8643
f 8643 8769 8641
f 8769 8768 8641
f 8641 8768 8854
f 8768 8766 8854
f 8854 8766 8843
f 8766 8112 8843
f 8843 8112 8806
f 8112 8113 8806
f 8806 8113 8790
f 8113 8789 8790
f 8790 8789 8791
f 8789 8788 8791
f 8791 8788 8793
f 8788 8787 8793
f 8793 8787 8795
f 8787 8786 8795
f 8795 8786 8797
f 8786 8785 8797
f 8797 8785 8799
f 8785 8784 8799
f 8799 8784 8801
f 8784 8783 8801
f 8801 8783 8803
f 8783 8108 8803
f 8803 8108 8107
f 8108 6219 8107
f 8107 6219 6220
f 8328 8366 8330
f 8366 8367 8330
f 8330 8367 8332
f 8367 8368 8332
f 8332 8368 8333
f 8368 8369 8333
f 8333 8369 8418
f 8369 8370 8418
f 8418 8370 8419
f 8370 8371 8419
f 8419 8371 8364
f 8371 8372 8364
f 8364 8372 8365
f 8372 7900 8365
f 8365 7900 8429
f 7900 7899 8429
f 8429 7899 8434
f 7899 7898 8434
f 8434 7898 8440
f 7898 8446 8440
f 8440 8446 8441
f 8446 8448 8441
f 8441 8448 8442
f 8448 8450 8442
f 8442 8450 8443
f 8450 8452 8443
f 8443 8452 8444
f 8452 8453 8444
f 8444 8453 8445
f 8453 8465 8445
f 8445 8465 8472
f 8465 8136 8472
f 8472 8136 8470
f 8136 8138 8470
f 8470 8138 8468
f 8138 8478 8468
f 8468 8478 8466
f 8478 8055 8466
f 8466 8055 8054
f 8048 7907 8275
f 7907 8145 8275
f 8275 8145 8342
f 8145 8344 8342
f 8342 8344 8341
f 8344 8343 8341
f 8341 8343 8340
f 8343 8348 8340
f 8340 8348 8339
f 8348 8353 8339
f 8339 8353 8338
f 8353 8352 8338
f 8338 8352 8337
f 8352 8366 8337
f 8337 8366 8336
f 8366 8328 8336
f 8336 8328 8335
f 8328 8327 8335
f 8335 8327 8334
f 8327 8375 8334
f 8334 8375 8385
f 8375 8410 8385
f 8385 8410 8384
f 8410 8406 8384
f 8384 8406 8383
f 8406 8391 8383
f 8383 8391 8382
f 8391 8390 8382
f 8382 8390 8892
f 8390 8403 8892
f 8892 8403 8400
f 8403 8402 8400
f 8400 8402 8399
f 8402 8480 8399
f 8399 8480 8398
f 8480 8577 8398
f 8398 8577 8912
f 8577 8506 8912
f 8912 8506 8512
f 8506 8505 8512
f 8512 8505 8510
f 8505 8516 8510
f 8510 8516 8508
f 8516 8535 8508
f 8508 8535 8131
f 8535 8533 8131
f 8131 8533 8132
f 8533 8542 8132
f 8132 8542 8134
f 8542 8541 8134
f 8134 8541 8494
f 8541 8525 8494
f 8494 8525 8495
f 8525 8517 8495
f 8495 8517 8930
f 8517 8519 8930
f 8930 8519 8931
f 8519 8704 8931
f 8931 8704 8932
f 8704 8705 8932
f 8932 8705 8933
f 8705 8706 8933
f 8933 8706 8934
f 8706 8707 8934
f 8934 8707 8935
f 8707 8120 8935
f 8935 8120 8936
f 8120 8119 8936
f 8936 8119 8937
f 8119 8651 8937
f 8937 8651 8938
f 8651 8650 8938
f 8938 8650 8939
f 8650 8652 8939
f 8939 8652 8940
f 8652 8654 8940
f 8940 8654 8942
f 8654 8656 8942
f 8942 8656 8944
f 8656 8658 8944
f 8944 8658 8946
f 8658 8645 8946
f 8946 8645 8948
f 8645 8644 8948
f 8948 8644 8950
f 8644 8642 8950
f 8950 8642 8952
f 8642 8641 8952
f 8952 8641 8874
f 8641 8854 8874
f 8874 8854 8873
f 8854 8853 8873
f 8873 8853 8872
f 8853 8852 8872
f 8872 8852 8870
f 8852 8851 8870
f 8870 8851 8868
f 8851 8850 8868
f 8868 8850 8866
f 8850 8849 8866
f 8866 8849 8864
f 8849 8848 8864
f 8864 8848 8862
f 8848 8847 8862
f 8862 8847 8860
f 8847 8846 8860
f 8860 8846 8858
f 8846 8845 8858
f 8858 8845 8856
f 8845 8844 8856
f 8856 8844 8167
f 8844 8105 8167
f 8167 8105 8168
f 8105 8104 8168
f 8168 8104 8170
f 8104 6229 8170
f 8170 6229 6228
f 8954 6197 6198
f 8954 6198 8955
f 6198 8117 8955
f 8955 8117 8956
f 8117 8710 8956
f 8956 8710 8957
f 8710 8713 8957
f 8957 8713 8958
f 8713 8715 8958
f 8715 8717 8958
f 8958 8717 8959
f 8717 8748 8959
f 8959 8748 8960
f 8748 8752 8960
f 8960 8752 8961
f 8752 8754 8961
f 8961 8754 8962
f 8754 8756 8962
f 8962 8756 8963
f 8756 8757 8963
f 8963 8757 8964
f 8757 8759 8964
f 5341 5355 8161
f 5355 8965 8161
f 8161 8965 8160
f 8965 8966 8160
f 8160 8966 8675
f 8966 8967 8675
f 8675 8967 8673
f 8967 8968 8673
f 8673 8968 8634
f 8968 8969 8634
f 8634 8969 8635
f 8969 8970 8635
f 8635 8970 8124
f 8970 8971 8124
f 8124 8971 8125
f 8971 8972 8125
f 8125 8972 8127
f 8972 8973 8127
f 8127 8973 8621
f 8973 8974 8621
f 8621 8974 8622
f 8974 8975 8622
f 8622 8975 8759
f 8975 8976 8759
f 8759 8976 8964
f 8977 8978 8979
f 8980 8981 8982
f 6163 6162 8983
f 6156 6164 8984
f 6151 6150 8985
f 6146 6154 8986
f 8987 8988 8989
f 8990 8991 8992
f 8993 8994 8995
f 8996 8997 8998
f 8999 9000 9001
f 9002 9001 9003
f 6148 6147 9004
f 6144 6143 9005
f 6136 6145 9006
f 6126 6128 9007
f 6127 6126 9008
f 9009 9010 9011
f 9012 9013 9014
f 9014 9013 9015
f 9016 9017 9018
f 9019 9020 9021
f 9021 9020 9022
f 9023 9024 9025
f 9026 9027 8988
f 9028 9029 9030
f 9031 9032 9033
f 8975 8974 9034
f 9035 9036 9037
f 9038 9039 9040
f 9041 9042 9043
f 9044 8961 8962
f 6172 6179 9045
f 5337 5336 9028
f 5320 5319 9015
f 5310 5331 9046
f 5331 5330 9046
f 5315 5314 9047
f 5314 5311 9047
f 9048 5327 5315
f 5327 9048 5328
f 5339 5338 9049
f 5338 5329 9049
f 5336 5335 9028
f 5335 5323 9028
f 9028 5323 9050
f 5323 5322 9050
f 9050 5322 5321
f 5355 5354 8965
f 5354 8966 8965
f 5353 5349 9051
f 5349 5348 9051
f 9051 5348 5347
f 9052 6170 9053
f 6170 6169 9053
f 9053 6169 9054
f 6169 6167 9054
f 9054 6167 9055
f 6167 6166 9055
f 6173 9056 6116
f 9056 9057 6116
f 6116 9057 6117
f 9057 9055 6117
f 6117 9055 6168
f 9055 6166 6168
f 8982 8981 9058
f 8981 9059 9058
f 9058 9059 9060
f 9059 9061 9060
f 9060 9061 9062
f 9063 9064 9065
f 9063 9065 9066
f 9067 9068 9069
f 9045 6179 9070
f 6179 6178 9070
f 6178 6177 9070
f 9070 6177 9071
f 6177 6176 9071
f 6176 6175 9071
f 6175 6174 9071
f 9071 6174 9072
f 9073 9074 9075
f 6174 6182 9072
f 6182 6181 9072
f 9072 6181 9076
f 6181 6180 9076
f 9076 6180 9077
f 6180 6115 9077
f 6115 6114 9077
f 6114 6188 9077
f 9077 6188 9078
f 6188 6187 9078
f 6187 6186 9078
f 9078 6186 9079
f 6186 6183 9079
f 6183 6184 9079
f 9079 6184 9080
f 6184 6185 9080
f 6185 6194 9080
f 9080 6194 9081
f 6194 6193 9081
f 9081 6193 6192
f 6192 6189 9081
f 6189 6190 9081
f 9081 6190 9082
f 6190 6191 9082
f 9082 6191 9083
f 6191 6195 9083
f 9083 6195 6196
f 9065 9068 9066
f 9068 9067 9066
f 9066 9067 9084
f 9067 9085 9084
f 9084 9085 9086
f 9085 9087 9086
f 9086 9087 9088
f 9087 9089 9088
f 9088 9089 9090
f 9089 9091 9090
f 9090 9091 9092
f 9091 9093 9092
f 9092 9093 9094
f 9093 9095 9094
f 9094 9095 9096
f 9095 9097 9096
f 9096 9097 9098
f 9097 9099 9098
f 9098 9099 9100
f 9099 9101 9100
f 9100 9101 9102
f 9101 9103 9102
f 9102 9103 9104
f 9103 9105 9104
f 9104 9105 9106
f 9105 8956 9106
f 9106 8956 8957
f 8955 9083 8954
f 9083 6196 8954
f 8954 6196 6197
f 6173 6172 9069
f 6172 9045 9069
f 9069 9045 9067
f 9045 9070 9067
f 9067 9070 9085
f 9070 9071 9085
f 9085 9071 9087
f 9071 9072 9087
f 9087 9072 9089
f 9072 9076 9089
f 9089 9076 9091
f 9076 9077 9091
f 9091 9077 9093
f 9077 9078 9093
f 9093 9078 9095
f 9078 9079 9095
f 9095 9079 9097
f 9079 9080 9097
f 9097 9080 9099
f 9080 9081 9099
f 9099 9081 9101
f 9081 9082 9101
f 9101 9082 9103
f 9082 9083 9103
f 9103 9083 9105
f 9083 8955 9105
f 9105 8955 8956
f 9107 9063 9108
f 9063 9066 9108
f 9108 9066 9109
f 9066 9084 9109
f 9109 9084 9110
f 9084 9086 9110
f 9110 9086 9111
f 9086 9088 9111
f 9111 9088 9112
f 9088 9090 9112
f 9112 9090 9113
f 9090 9092 9113
f 9113 9092 9114
f 9092 9094 9114
f 9114 9094 9115
f 9094 9096 9115
f 9115 9096 9116
f 9096 9098 9116
f 9116 9098 9117
f 9098 9100 9117
f 9117 9100 9118
f 9100 9102 9118
f 9118 9102 9119
f 9102 9104 9119
f 9119 9104 9120
f 9104 9106 9120
f 9120 9106 9121
f 9106 8957 9121
f 9121 8957 8958
f 9122 9123 9124
f 9123 9125 9124
f 9124 9125 9126
f 9125 9127 9126
f 9073 9075 9128
f 9075 9129 9128
f 9128 9129 9130
f 9129 9131 9130
f 9130 9131 9132
f 9131 9133 9132
f 9132 9133 9134
f 9133 9135 9134
f 9134 9135 9136
f 9135 9137 9136
f 9136 9137 9138
f 9137 9139 9138
f 9138 9139 9140
f 9139 9141 9140
f 9140 9141 9142
f 9141 9143 9142
f 9142 9143 9144
f 9143 9145 9144
f 9144 9145 9146
f 9145 9147 9146
f 9146 9147 9148
f 9147 9149 9148
f 9148 9149 9150
f 9149 9151 9150
f 9150 9151 9152
f 9151 9153 9152
f 9152 9153 9154
f 9153 9155 9154
f 9154 9155 9156
f 9155 8959 9156
f 9156 8959 8960
f 9157 9158 9159
f 9158 9160 9159
f 9159 9160 9161
f 9160 9162 9161
f 9161 9162 9163
f 9162 9164 9163
f 9163 9164 9165
f 9164 9166 9165
f 9165 9166 9167
f 9168 9169 9170
f 9169 9171 9170
f 9170 9171 9172
f 9171 9173 9172
f 9172 9173 9174
f 9173 9175 9174
f 9174 9175 9176
f 9175 9177 9176
f 9169 9166 9171
f 9166 9164 9171
f 9171 9164 9173
f 9164 9162 9173
f 9173 9162 9175
f 9162 9160 9175
f 9175 9160 9177
f 9160 9158 9177
f 9178 9167 9179
f 9167 9180 9179
f 9179 9180 9181
f 9180 9182 9181
f 9181 9182 9183
f 9182 9184 9183
f 9183 9184 9185
f 9184 9186 9185
f 9185 9186 9187
f 9186 9188 9187
f 9189 9168 9190
f 9168 9170 9190
f 9190 9170 9191
f 9170 9172 9191
f 9191 9172 9192
f 9172 9174 9192
f 9192 9174 9193
f 9174 9176 9193
f 9194 9042 9195
f 9042 9041 9195
f 9195 9041 9196
f 9193 9197 9192
f 9197 9198 9192
f 9192 9198 9191
f 9198 9199 9191
f 9191 9199 9190
f 9199 9200 9190
f 9190 9200 9189
f 9200 9201 9189
f 9189 9201 9202
f 9167 9166 9180
f 9166 9169 9180
f 9180 9169 9182
f 9169 9168 9182
f 9182 9168 9184
f 9168 9189 9184
f 9184 9189 9186
f 9189 9202 9186
f 9186 9202 9188
f 9203 9204 9205
f 9197 9194 9198
f 9194 9195 9198
f 9198 9195 9199
f 9195 9196 9199
f 9199 9196 9200
f 9196 9206 9200
f 9200 9206 9201
f 9206 9207 9201
f 9201 9207 9202
f 9207 9208 9202
f 9202 9208 9188
f 9203 9205 9209
f 9205 9210 9209
f 9209 9210 9211
f 9212 9038 9213
f 9038 9040 9213
f 9213 9040 9214
f 9040 9215 9214
f 9214 9215 9216
f 9217 9218 9219
f 9219 9220 9217
f 9220 9221 9217
f 9217 9221 9222
f 9221 9223 9222
f 9220 9029 9221
f 9029 9028 9221
f 9221 9028 9223
f 9028 9050 9223
f 9223 9050 9049
f 9050 5321 9049
f 9049 5321 5339
f 9224 9204 9225
f 9204 9203 9225
f 9225 9203 9226
f 9203 9209 9226
f 9226 9209 9227
f 9209 9211 9227
f 9227 9211 9035
f 9033 9032 8972
f 9032 9228 8972
f 8972 9228 8973
f 9229 9031 9230
f 9031 9033 9230
f 9230 9033 9231
f 8974 8973 9034
f 8973 9228 9034
f 9034 9228 9232
f 9228 9032 9232
f 9232 9032 9233
f 9032 9031 9233
f 9233 9031 9234
f 9031 9229 9234
f 9234 9229 9235
f 9236 9237 9238
f 9237 9037 9238
f 9238 9037 9239
f 9037 9036 9239
f 9239 9036 9235
f 9035 9037 9227
f 9037 9237 9227
f 9227 9237 9226
f 9237 9236 9226
f 9226 9236 9225
f 9236 9240 9225
f 9225 9240 9241
f 9235 9229 9239
f 9229 9230 9239
f 9239 9230 9238
f 9230 9231 9238
f 9238 9231 9236
f 9231 9242 9236
f 9236 9242 9240
f 8971 8970 9243
f 8970 8969 9243
f 9243 8969 9244
f 5354 5353 8966
f 5353 9051 8966
f 8966 9051 8967
f 8969 8968 9244
f 8968 8967 9244
f 9244 8967 9030
f 8967 9051 9030
f 9030 9051 9028
f 9051 5347 9028
f 9028 5347 5337
f 8972 8971 9033
f 8971 9243 9033
f 9033 9243 9231
f 9243 9244 9231
f 9231 9244 9242
f 9244 9030 9242
f 9242 9030 9240
f 9030 9029 9240
f 9240 9029 9241
f 9029 9220 9241
f 9241 9220 9225
f 9220 9219 9225
f 9225 9219 9224
f 8994 8993 9245
f 8988 9027 8989
f 9027 9246 8989
f 8989 9246 9247
f 9246 9248 9247
f 9247 9248 9249
f 9250 9249 9251
f 9249 9248 9251
f 9251 9248 9252
f 9248 9246 9252
f 9252 9246 9253
f 9246 9027 9253
f 9253 9027 9254
f 9027 9026 9254
f 9254 9026 9255
f 9256 9250 9257
f 9250 9251 9257
f 9257 9251 9258
f 9251 9252 9258
f 9258 9252 9259
f 9252 9253 9259
f 9259 9253 9260
f 9253 9254 9260
f 9260 9254 9261
f 9254 9255 9261
f 9261 9255 9262
f 9024 9263 9264
f 9263 9265 9264
f 9264 9265 9266
f 9265 9267 9266
f 9268 9269 9270
f 9269 9271 9270
f 9270 9271 9272
f 9271 9273 9272
f 9272 9273 9274
f 9275 9019 9276
f 9019 9021 9276
f 9276 9021 9277
f 9021 9022 9277
f 9277 9022 9278
f 9025 9268 9023
f 9268 9270 9023
f 9023 9270 9279
f 9270 9272 9279
f 9279 9272 9280
f 9272 9274 9280
f 9280 9274 9281
f 9282 9256 9283
f 9256 9257 9283
f 9283 9257 9284
f 9257 9258 9284
f 9284 9258 9285
f 9258 9259 9285
f 9285 9259 9286
f 9259 9260 9286
f 9286 9260 9287
f 9260 9261 9287
f 9287 9261 9288
f 9261 9262 9288
f 9288 9262 9289
f 9290 9291 9292
f 9291 9293 9292
f 9292 9293 9294
f 9293 9295 9294
f 9295 9296 9294
f 9294 9296 9297
f 8976 8975 9298
f 8975 9034 9298
f 9298 9034 9299
f 9034 9232 9299
f 9299 9232 9300
f 9232 9233 9300
f 9300 9233 9301
f 9233 9234 9301
f 9301 9234 9302
f 9234 9235 9302
f 9302 9235 9303
f 9235 9036 9303
f 9303 9036 9304
f 9036 9035 9304
f 9304 9035 9043
f 9035 9211 9043
f 9043 9211 9041
f 9211 9210 9041
f 9041 9210 9196
f 9210 9205 9196
f 9196 9205 9206
f 9205 9204 9206
f 9206 9204 9207
f 9204 9224 9207
f 9207 9224 9208
f 9224 9219 9208
f 9208 9219 9188
f 9219 9218 9188
f 9188 9218 9187
f 9218 9305 9187
f 9187 9305 9185
f 9305 9306 9185
f 9185 9306 9183
f 9306 9307 9183
f 9183 9307 9181
f 9307 9308 9181
f 9181 9308 9179
f 9308 9309 9179
f 9179 9309 9178
f 9309 9310 9178
f 9178 9310 9297
f 9310 9311 9297
f 9297 9311 9294
f 9311 9278 9294
f 9294 9278 9292
f 9278 9022 9292
f 9292 9022 9290
f 9022 9020 9290
f 9263 9312 9265
f 9312 9313 9265
f 9265 9313 9267
f 9314 9315 9316
f 9315 9317 9316
f 9316 9317 9313
f 9317 9318 9313
f 9313 9318 9267
f 9319 9320 9314
f 9320 9321 9314
f 9314 9321 9315
f 9316 9322 9314
f 9322 9323 9314
f 9314 9323 9319
f 9323 9012 9319
f 9014 9324 9012
f 9324 9325 9012
f 9012 9325 9319
f 9325 9326 9319
f 9319 9326 9320
f 9024 9023 9263
f 9023 9279 9263
f 9263 9279 9312
f 9279 9280 9312
f 9312 9280 9313
f 9280 9281 9313
f 9313 9281 9316
f 9281 9327 9316
f 9316 9327 9322
f 9327 9328 9322
f 9322 9328 9323
f 9328 9010 9323
f 9323 9010 9012
f 9010 9009 9012
f 9012 9009 9013
f 9329 9330 9331
f 9330 9332 9331
f 9331 9332 9018
f 9332 9333 9018
f 9018 9333 9016
f 9333 9334 9016
f 9330 9335 9332
f 9335 9336 9332
f 9332 9336 9333
f 9336 9337 9333
f 9333 9337 9334
f 9329 9338 9339
f 9329 9339 9330
f 9339 9340 9330
f 9330 9340 9335
f 9340 9341 9335
f 9335 9341 9336
f 9341 9342 9336
f 9336 9342 9337
f 9342 9343 9337
f 9337 9343 9334
f 5315 9047 9048
f 9047 9344 9048
f 9048 9344 5328
f 9215 9345 9216
f 9345 9346 9216
f 9216 9346 9011
f 9346 9347 9011
f 9011 9347 9009
f 9347 9348 9009
f 9009 9348 9013
f 9348 9046 9013
f 9013 9046 9015
f 9046 5330 9015
f 9015 5330 5320
f 9345 9349 9346
f 9349 9350 9346
f 9346 9350 9347
f 9350 9344 9347
f 9347 9344 9348
f 9344 9047 9348
f 9348 9047 9046
f 9047 5311 9046
f 9046 5311 5310
f 9269 9351 9271
f 9351 9352 9271
f 9271 9352 9273
f 9352 9353 9273
f 9273 9353 9274
f 9353 9017 9274
f 9274 9017 9281
f 9017 9016 9281
f 9281 9016 9327
f 9016 9334 9327
f 9327 9334 9328
f 9334 9343 9328
f 9328 9343 9010
f 9343 9342 9010
f 9010 9342 9011
f 9342 9341 9011
f 9011 9341 9216
f 9341 9340 9216
f 9216 9340 9214
f 9340 9339 9214
f 9214 9339 9213
f 9339 9338 9213
f 9213 9338 9212
f 9351 9275 9352
f 9275 9276 9352
f 9352 9276 9353
f 9276 9277 9353
f 9353 9277 9017
f 9277 9278 9017
f 9017 9278 9018
f 9278 9311 9018
f 9018 9311 9331
f 9311 9310 9331
f 9331 9310 9329
f 9310 9309 9329
f 9329 9309 9338
f 9309 9308 9338
f 9338 9308 9212
f 9308 9307 9212
f 9212 9307 9038
f 9307 9306 9038
f 9038 9306 9039
f 9306 9305 9039
f 9039 9305 9040
f 9305 9218 9040
f 9040 9218 9215
f 9218 9217 9215
f 9215 9217 9345
f 9217 9222 9345
f 9345 9222 9349
f 9222 9223 9349
f 9349 9223 9350
f 9223 9049 9350
f 9350 9049 9344
f 9049 5329 9344
f 9344 5329 5328
f 9354 6131 6130
f 9355 9356 9357
f 9356 9358 9357
f 9357 9358 9354
f 9358 6109 9354
f 9354 6109 6131
f 6135 6134 9359
f 9360 9361 9362
f 9361 9363 9362
f 9362 9363 9355
f 9363 9364 9355
f 9355 9364 9356
f 9365 9366 9367
f 9366 9368 9367
f 9367 9368 9360
f 9368 9369 9360
f 9360 9369 9361
f 6132 6140 9370
f 6138 6137 9371
f 6142 6149 9372
f 9373 9374 9375
f 9374 9376 9375
f 9375 9376 9377
f 9376 9378 9377
f 9377 9378 9365
f 9378 9379 9365
f 9365 9379 9366
f 9380 9381 9382
f 9381 9383 9382
f 9382 9383 9373
f 9383 9384 9373
f 9373 9384 9374
f 9385 9380 9386
f 9380 9382 9386
f 9386 9382 9387
f 9382 9373 9387
f 9387 9373 9388
f 9373 9375 9388
f 9388 9375 9389
f 9375 9377 9389
f 9389 9377 9390
f 9377 9365 9390
f 9390 9365 9391
f 9365 9367 9391
f 9391 9367 9392
f 9367 9360 9392
f 9392 9360 9393
f 9360 9362 9393
f 9393 9362 9394
f 9362 9355 9394
f 9394 9355 9395
f 9355 9357 9395
f 9395 9357 9396
f 9357 9354 9396
f 9396 9354 9397
f 9354 6130 9397
f 9397 6130 6129
f 9398 9385 9399
f 9385 9386 9399
f 9399 9386 9400
f 9386 9387 9400
f 9400 9387 9401
f 9387 9388 9401
f 9401 9388 9402
f 9388 9389 9402
f 9402 9389 9403
f 9389 9390 9403
f 9403 9390 9404
f 9390 9391 9404
f 9404 9391 9405
f 9391 9392 9405
f 9405 9392 9406
f 9392 9393 9406
f 9406 9393 9407
f 9393 9394 9407
f 9407 9394 9408
f 9394 9395 9408
f 9408 9395 9409
f 9395 9396 9409
f 9409 9396 9410
f 9396 9397 9410
f 9410 9397 9008
f 9397 6129 9008
f 9008 6129 6127
f 8997 9411 9412
f 9411 9413 9412
f 9412 9413 9414
f 9413 9415 9414
f 9414 9415 9416
f 9415 9417 9416
f 9418 9417 9245
f 9417 9415 9245
f 9245 9415 8994
f 9415 9413 8994
f 8994 9413 8995
f 9413 9411 8995
f 6126 9007 9008
f 9007 9419 9008
f 9008 9419 9410
f 9419 9420 9410
f 9410 9420 9409
f 9420 9421 9409
f 9409 9421 9408
f 9421 9422 9408
f 9408 9422 9407
f 9422 9423 9407
f 9407 9423 9406
f 9423 9424 9406
f 9406 9424 9405
f 9424 9425 9405
f 9405 9425 9404
f 9425 9426 9404
f 9404 9426 9403
f 9426 9427 9403
f 9403 9427 9402
f 9427 9428 9402
f 9402 9428 9401
f 9428 9429 9401
f 9401 9429 9400
f 9429 9430 9400
f 9400 9430 9399
f 9430 9431 9399
f 9399 9431 9398
f 9007 9432 9419
f 9432 9433 9419
f 9419 9433 9420
f 9433 9434 9420
f 9420 9434 9421
f 9434 9435 9421
f 9421 9435 9422
f 9435 9436 9422
f 9422 9436 9423
f 9436 9437 9423
f 9423 9437 9424
f 9437 9438 9424
f 9424 9438 9425
f 9438 9439 9425
f 9425 9439 9426
f 9439 9440 9426
f 9426 9440 9427
f 9440 9441 9427
f 9427 9441 9428
f 9441 9442 9428
f 9428 9442 9429
f 9442 9443 9429
f 9429 9443 9430
f 9443 9444 9430
f 9430 9444 9431
f 9432 9445 9433
f 9445 9446 9433
f 9433 9446 9434
f 9446 9447 9434
f 9434 9447 9435
f 9447 9448 9435
f 9435 9448 9436
f 9448 9449 9436
f 9436 9449 9437
f 9449 9450 9437
f 9437 9450 9438
f 9450 9451 9438
f 9438 9451 9439
f 9451 9452 9439
f 9439 9452 9440
f 9452 9453 9440
f 9440 9453 9441
f 9453 9454 9441
f 9441 9454 9442
f 9454 9455 9442
f 9442 9455 9443
f 9455 9456 9443
f 9443 9456 9444
f 9445 9457 9446
f 9457 9458 9446
f 9446 9458 9447
f 9458 9459 9447
f 9447 9459 9448
f 9459 9460 9448
f 9448 9460 9449
f 9460 9461 9449
f 9449 9461 9450
f 9461 9462 9450
f 9450 9462 9451
f 9462 9463 9451
f 9451 9463 9452
f 9463 9464 9452
f 9452 9464 9453
f 9464 9465 9453
f 9453 9465 9454
f 9465 9466 9454
f 9454 9466 9455
f 9466 9467 9455
f 9455 9467 9456
f 9467 9468 9456
f 9456 9468 9444
f 9468 9469 9444
f 9444 9469 9431
f 9469 9470 9431
f 9431 9470 9398
f 8997 8996 9411
f 8996 9471 9411
f 9411 9471 8995
f 9471 9472 8995
f 8995 9472 8993
f 9472 9247 8993
f 8993 9247 9245
f 9247 9249 9245
f 9245 9249 9418
f 9249 9250 9418
f 9418 9250 9473
f 9250 9256 9473
f 9473 9256 9474
f 9256 9282 9474
f 9474 9282 9475
f 9001 9002 8999
f 9002 9476 8999
f 8999 9476 9477
f 9476 9478 9477
f 9477 9478 9479
f 9478 9480 9479
f 9479 9480 9481
f 9480 9482 9481
f 9481 9482 9483
f 9482 9484 9483
f 9483 9484 9485
f 6125 6124 9486
f 6124 9487 9486
f 9486 9487 9488
f 9487 9489 9488
f 9488 9489 9490
f 9489 9491 9490
f 9490 9491 9492
f 9491 9493 9492
f 9492 9493 9494
f 9493 9495 9494
f 9494 9495 9496
f 9495 9497 9496
f 9496 9497 9498
f 9497 9499 9498
f 9498 9499 9500
f 9499 9501 9500
f 9500 9501 9502
f 9501 9503 9502
f 9502 9503 9504
f 9503 9505 9504
f 9504 9505 9506
f 9505 9507 9506
f 9506 9507 9508
f 9000 8999 9509
f 8999 9477 9509
f 9509 9477 9510
f 9477 9479 9510
f 9510 9479 9511
f 9479 9481 9511
f 9511 9481 9512
f 9481 9483 9512
f 9512 9483 9513
f 9483 9485 9513
f 9513 9485 9514
f 6124 6135 9487
f 6135 9359 9487
f 9487 9359 9489
f 9359 9515 9489
f 9489 9515 9491
f 9515 9516 9491
f 9491 9516 9493
f 9516 9517 9493
f 9493 9517 9495
f 9517 9518 9495
f 9495 9518 9497
f 9518 9519 9497
f 9497 9519 9499
f 9519 9520 9499
f 9499 9520 9501
f 9520 9521 9501
f 9501 9521 9503
f 9521 9522 9503
f 9503 9522 9505
f 9522 9523 9505
f 9505 9523 9507
f 8991 8990 9524
f 8990 9525 9524
f 9524 9525 9526
f 9525 9527 9526
f 9526 9527 9528
f 9527 9529 9528
f 9528 9529 9530
f 9531 9532 9533
f 9532 9534 9533
f 9533 9534 9535
f 9534 9536 9535
f 9537 9536 9538
f 9536 9534 9538
f 9538 9534 9539
f 9534 9532 9539
f 9540 9289 9541
f 9289 9262 9541
f 9541 9262 9542
f 9262 9255 9542
f 9542 9255 9543
f 9255 9026 9543
f 9543 9026 9544
f 9026 8988 9544
f 9544 8988 9545
f 8988 8987 9545
f 9545 8987 9537
f 8987 9546 9537
f 9537 9546 9536
f 9546 9547 9536
f 9536 9547 9535
f 9548 9549 9550
f 9549 9551 9550
f 9550 9551 9552
f 9551 9553 9552
f 9552 9553 9554
f 9553 9555 9554
f 9554 9555 9556
f 9555 9557 9556
f 9556 9557 9558
f 9557 9559 9558
f 9558 9559 9560
f 9559 9561 9560
f 9560 9561 9514
f 9561 9530 9514
f 9514 9530 9513
f 9530 9529 9513
f 9513 9529 9512
f 9529 9527 9512
f 9512 9527 9511
f 9527 9525 9511
f 9511 9525 9510
f 9525 8990 9510
f 9510 8990 9509
f 8990 8992 9509
f 9509 8992 9000
f 9549 9540 9551
f 9540 9541 9551
f 9551 9541 9553
f 9541 9542 9553
f 9553 9542 9555
f 9542 9543 9555
f 9555 9543 9557
f 9543 9544 9557
f 9557 9544 9559
f 9544 9545 9559
f 9559 9545 9561
f 9545 9537 9561
f 9561 9537 9530
f 9537 9538 9530
f 9530 9538 9528
f 9538 9539 9528
f 9528 9539 9526
f 9539 9532 9526
f 9526 9532 9524
f 9532 9531 9524
f 9524 9531 8991
f 9457 9003 9458
f 9003 9001 9458
f 9458 9001 9459
f 9001 9000 9459
f 9459 9000 9460
f 9000 8992 9460
f 9460 8992 9461
f 8992 8991 9461
f 9461 8991 9462
f 8991 9531 9462
f 9462 9531 9463
f 9531 9533 9463
f 9463 9533 9464
f 9533 9535 9464
f 9464 9535 9465
f 9535 9547 9465
f 9465 9547 9466
f 9547 9546 9466
f 9466 9546 9467
f 9546 8987 9467
f 9467 8987 9468
f 8987 8989 9468
f 9468 8989 9469
f 8989 9247 9469
f 9469 9247 9470
f 9247 9472 9470
f 9470 9472 9398
f 9472 9471 9398
f 9398 9471 9385
f 9471 8996 9385
f 9385 8996 9380
f 8996 8998 9380
f 9380 8998 9381
f 6154 6153 8986
f 6153 9562 8986
f 8986 9562 9563
f 9562 9564 9563
f 9563 9564 9565
f 9564 9566 9565
f 9565 9566 9567
f 9566 9568 9567
f 9567 9568 9569
f 9568 9570 9569
f 9569 9570 9571
f 9570 9572 9571
f 9571 9572 9573
f 9572 9574 9573
f 9573 9574 9575
f 9574 9576 9575
f 6120 6160 9577
f 6156 8984 6157
f 8983 6162 9578
f 6162 6161 9578
f 6161 6165 9578
f 9578 6165 9579
f 6165 6119 9579
f 9579 6119 9580
f 6119 6118 9580
f 9580 6118 9052
f 6118 6171 9052
f 9052 6171 6170
f 9581 8980 9582
f 8980 8982 9582
f 9582 8982 9583
f 8982 9058 9583
f 9583 9058 9107
f 9058 9060 9107
f 9107 9060 9063
f 9060 9062 9063
f 9063 9062 9064
f 6159 6158 9584
f 6158 9585 9584
f 9584 9585 9586
f 9585 9587 9586
f 9586 9587 9588
f 9587 9589 9588
f 9588 9589 9590
f 9589 9591 9590
f 9590 9591 9592
f 9591 9593 9592
f 6173 9069 9056
f 9069 9068 9056
f 9056 9068 9057
f 9068 9065 9057
f 9057 9065 9055
f 9065 9064 9055
f 9055 9064 9054
f 9064 9062 9054
f 9054 9062 9053
f 9062 9061 9053
f 9053 9061 9052
f 9061 9059 9052
f 9052 9059 9580
f 9059 8981 9580
f 9580 8981 9579
f 8981 8980 9579
f 9579 8980 9578
f 8980 9581 9578
f 9578 9581 8983
f 6155 6121 9594
f 6121 9595 9594
f 9594 9595 9596
f 9595 9597 9596
f 9596 9597 9598
f 9597 9599 9598
f 9598 9599 9600
f 9599 9601 9600
f 9600 9601 9602
f 9601 9603 9602
f 9602 9603 9604
f 9603 9605 9604
f 6150 6123 8985
f 6123 9606 8985
f 8985 9606 9607
f 9606 9608 9607
f 9607 9608 9609
f 9608 9610 9609
f 9609 9610 9611
f 9610 9612 9611
f 9611 9612 9613
f 9612 9614 9613
f 9613 9614 9615
f 9614 9616 9615
f 9615 9616 9617
f 9616 9618 9617
f 6158 6157 9585
f 6157 8984 9585
f 9585 8984 9587
f 8984 9619 9587
f 9587 9619 9589
f 9619 9620 9589
f 9589 9620 9591
f 9620 9621 9591
f 9591 9621 9593
f 6121 6120 9595
f 6120 9577 9595
f 9595 9577 9597
f 9577 9622 9597
f 9597 9622 9599
f 9622 9623 9599
f 9599 9623 9601
f 9623 9624 9601
f 9601 9624 9603
f 9624 9625 9603
f 9603 9625 9605
f 9625 9626 9605
f 9627 9073 9628
f 9073 9128 9628
f 9628 9128 9629
f 9128 9130 9629
f 9629 9130 9630
f 9130 9132 9630
f 9630 9132 9631
f 9132 9134 9631
f 9631 9134 9632
f 9134 9136 9632
f 9632 9136 9633
f 9136 9138 9633
f 9633 9138 9634
f 9138 9140 9634
f 9634 9140 9635
f 9140 9142 9635
f 9635 9142 9636
f 9142 9144 9636
f 9636 9144 9637
f 9144 9146 9637
f 9637 9146 9638
f 9146 9148 9638
f 9638 9148 9639
f 9148 9150 9639
f 9639 9150 9640
f 9150 9152 9640
f 9640 9152 9641
f 9152 9154 9641
f 9641 9154 9642
f 9154 9156 9642
f 9642 9156 9044
f 9156 8960 9044
f 9044 8960 8961
f 6160 6159 9577
f 6159 9584 9577
f 9577 9584 9622
f 9584 9586 9622
f 9622 9586 9623
f 9586 9588 9623
f 9623 9588 9624
f 9588 9590 9624
f 9624 9590 9625
f 9590 9592 9625
f 9625 9592 9626
f 9592 9593 9626
f 6122 6155 9643
f 6155 9594 9643
f 9643 9594 9644
f 9594 9596 9644
f 9644 9596 9645
f 9596 9598 9645
f 9645 9598 9646
f 9598 9600 9646
f 9646 9600 9647
f 9600 9602 9647
f 9647 9602 9648
f 9602 9604 9648
f 9648 9604 9649
f 9604 9605 9649
f 9649 9605 9627
f 9605 9626 9627
f 9627 9626 9073
f 9626 9593 9073
f 9073 9593 9074
f 9593 9621 9074
f 6152 6151 9650
f 6151 8985 9650
f 9650 8985 9651
f 8985 9607 9651
f 9651 9607 9652
f 9607 9609 9652
f 9652 9609 9653
f 9609 9611 9653
f 9653 9611 9654
f 9611 9613 9654
f 9654 9613 9655
f 9613 9615 9655
f 9655 9615 9656
f 9615 9617 9656
f 9656 9617 9657
f 9617 9618 9657
f 9657 9618 9658
f 6164 6163 8984
f 6163 8983 8984
f 8984 8983 9619
f 8983 9581 9619
f 9619 9581 9620
f 9581 9582 9620
f 9620 9582 9621
f 9582 9583 9621
f 9621 9583 9074
f 9583 9107 9074
f 9074 9107 9075
f 9107 9108 9075
f 9075 9108 9129
f 9108 9109 9129
f 9129 9109 9131
f 9109 9110 9131
f 9131 9110 9133
f 9110 9111 9133
f 9133 9111 9135
f 9111 9112 9135
f 9135 9112 9137
f 9112 9113 9137
f 9137 9113 9139
f 9113 9114 9139
f 9139 9114 9141
f 9114 9115 9141
f 9141 9115 9143
f 9115 9116 9143
f 9143 9116 9145
f 9116 9117 9145
f 9145 9117 9147
f 9117 9118 9147
f 9147 9118 9149
f 9118 9119 9149
f 9149 9119 9151
f 9119 9120 9151
f 9151 9120 9153
f 9120 9121 9153
f 9153 9121 9155
f 9121 8958 9155
f 9155 8958 8959
f 6137 6136 9371
f 6136 9006 9371
f 9371 9006 9659
f 9006 9660 9659
f 9659 9660 9661
f 9660 9662 9661
f 9661 9662 9663
f 9662 9664 9663
f 9663 9664 9665
f 9664 9666 9665
f 9665 9666 9667
f 9666 9668 9667
f 9667 9668 9669
f 9668 9670 9669
f 9669 9670 9671
f 9670 9672 9671
f 9671 9672 9673
f 9672 9674 9673
f 9673 9674 9675
f 6133 6132 9676
f 6132 9370 9676
f 9676 9370 9677
f 9370 9678 9677
f 9677 9678 9679
f 9678 9680 9679
f 9679 9680 9681
f 9680 9682 9681
f 9681 9682 9683
f 9682 9684 9683
f 9683 9684 9685
f 9684 9686 9685
f 9685 9686 9687
f 9686 9688 9687
f 9687 9688 9689
f 9688 9690 9689
f 9689 9690 9691
f 9690 9692 9691
f 9691 9692 9693
f 9692 9694 9693
f 9693 9694 9695
f 6139 6138 9696
f 6138 9371 9696
f 9696 9371 9697
f 9371 9659 9697
f 9697 9659 9698
f 9659 9661 9698
f 9698 9661 9699
f 9661 9663 9699
f 9699 9663 9700
f 9663 9665 9700
f 9700 9665 9701
f 9665 9667 9701
f 9701 9667 9702
f 9667 9669 9702
f 9702 9669 9703
f 9669 9671 9703
f 9703 9671 9704
f 9671 9673 9704
f 9704 9673 9705
f 9673 9675 9705
f 9705 9675 9706
f 6143 6141 9005
f 6141 9707 9005
f 9005 9707 9708
f 9707 9709 9708
f 9708 9709 9710
f 9709 9711 9710
f 9710 9711 9712
f 9711 9713 9712
f 9712 9713 9714
f 9713 9715 9714
f 9714 9715 9716
f 9715 9717 9716
f 9716 9717 9718
f 9717 9719 9718
f 9718 9719 9720
f 9719 9721 9720
f 9720 9721 9722
f 9721 9723 9722
f 9722 9723 9724
f 9725 9726 9727
f 9726 9728 9727
f 9727 9728 9729
f 9728 9730 9729
f 9729 9730 9731
f 9730 9732 9731
f 9731 9732 9733
f 9732 9734 9733
f 9733 9734 9735
f 9734 9736 9735
f 9735 9736 9737
f 9736 9738 9737
f 9737 9738 9739
f 9738 9740 9739
f 9739 9740 9741
f 9740 9508 9741
f 9741 9508 9695
f 9508 9507 9695
f 9695 9507 9693
f 9507 9523 9693
f 9693 9523 9691
f 9523 9522 9691
f 9691 9522 9689
f 9522 9521 9689
f 9689 9521 9687
f 9521 9520 9687
f 9687 9520 9685
f 9520 9519 9685
f 9685 9519 9683
f 9519 9518 9683
f 9683 9518 9681
f 9518 9517 9681
f 9681 9517 9679
f 9517 9516 9679
f 9679 9516 9677
f 9516 9515 9677
f 9677 9515 9676
f 9515 9359 9676
f 9676 9359 6133
f 9359 6134 6133
f 6145 6144 9006
f 6144 9005 9006
f 9006 9005 9660
f 9005 9708 9660
f 9660 9708 9662
f 9708 9710 9662
f 9662 9710 9664
f 9710 9712 9664
f 9664 9712 9666
f 9712 9714 9666
f 9666 9714 9668
f 9714 9716 9668
f 9668 9716 9670
f 9716 9718 9670
f 9670 9718 9672
f 9718 9720 9672
f 9672 9720 9674
f 9720 9722 9674
f 9674 9722 9675
f 9722 9724 9675
f 9675 9724 9706
f 9724 9742 9706
f 9706 9742 9743
f 9742 9744 9743
f 9743 9744 9745
f 9744 9746 9745
f 9745 9746 9747
f 9746 9748 9747
f 9747 9748 9749
f 9748 9750 9749
f 9749 9750 9751
f 9750 9752 9751
f 9751 9752 9753
f 9752 9754 9753
f 9753 9754 9755
f 9754 9756 9755
f 9755 9756 9757
f 9756 9758 9757
f 9757 9758 9759
f 9759 9725 9757
f 9725 9727 9757
f 9757 9727 9755
f 9727 9729 9755
f 9755 9729 9753
f 9729 9731 9753
f 9753 9731 9751
f 9731 9733 9751
f 9751 9733 9749
f 9733 9735 9749
f 9749 9735 9747
f 9735 9737 9747
f 9747 9737 9745
f 9737 9739 9745
f 9745 9739 9743
f 9739 9741 9743
f 9743 9741 9706
f 9741 9695 9706
f 9706 9695 9705
f 9695 9694 9705
f 9705 9694 9704
f 9694 9692 9704
f 9704 9692 9703
f 9692 9690 9703
f 9703 9690 9702
f 9690 9688 9702
f 9702 9688 9701
f 9688 9686 9701
f 9701 9686 9700
f 9686 9684 9700
f 9700 9684 9699
f 9684 9682 9699
f 9699 9682 9698
f 9682 9680 9698
f 9698 9680 9697
f 9680 9678 9697
f 9697 9678 9696
f 9678 9370 9696
f 9696 9370 6139
f 9370 6140 6139
f 6147 6146 9004
f 6146 8986 9004
f 9004 8986 9760
f 8986 9563 9760
f 9760 9563 9761
f 9563 9565 9761
f 9761 9565 9762
f 9565 9567 9762
f 9762 9567 9763
f 9567 9569 9763
f 9763 9569 9764
f 9569 9571 9764
f 9764 9571 9765
f 9571 9573 9765
f 9765 9573 9766
f 9573 9575 9766
f 9766 9575 9767
f 9575 9576 9767
f 9767 9576 9768
f 8963 9769 9770
f 9769 9771 9770
f 9770 9771 9772
f 9771 9773 9772
f 9772 9773 9774
f 9773 9775 9774
f 9774 9775 9776
f 9775 9777 9776
f 9776 9777 9778
f 9777 9779 9778
f 9778 9779 9780
f 9779 9781 9780
f 9780 9781 9782
f 9781 9783 9782
f 9782 9783 9784
f 9783 9785 9784
f 9784 9785 9786
f 9785 9787 9786
f 9786 9787 9788
f 9787 9789 9788
f 9788 9789 9790
f 9789 9791 9790
f 9790 9791 9792
f 9791 9793 9792
f 9792 9793 9794
f 9793 9795 9794
f 9794 9795 9796
f 9795 9797 9796
f 9796 9797 9798
f 9797 9799 9798
f 9798 9799 9800
f 9799 9801 9800
f 9800 9801 9802
f 9801 9803 9802
f 9802 9803 9658
f 9803 9768 9658
f 9658 9768 9657
f 9768 9576 9657
f 9657 9576 9656
f 9576 9574 9656
f 9656 9574 9655
f 9574 9572 9655
f 9655 9572 9654
f 9572 9570 9654
f 9654 9570 9653
f 9570 9568 9653
f 9653 9568 9652
f 9568 9566 9652
f 9652 9566 9651
f 9566 9564 9651
f 9651 9564 9650
f 9564 9562 9650
f 9650 9562 6152
f 9562 6153 6152
f 9126 9804 9124
f 9804 9805 9124
f 9124 9805 9122
f 9805 9806 9122
f 9122 9806 9807
f 9806 9808 9807
f 9807 9808 9809
f 9808 9810 9809
f 9809 9810 9811
f 9810 9812 9811
f 9811 9812 9813
f 9812 9814 9813
f 9813 9814 9815
f 9814 9816 9815
f 9815 9816 9817
f 9816 9818 9817
f 9817 9818 9819
f 9818 9820 9819
f 9819 9820 9821
f 9820 9822 9821
f 9821 9822 9823
f 9822 9824 9823
f 9823 9824 9825
f 9824 9826 9825
f 9825 9826 9827
f 9826 9828 9827
f 9827 9828 9829
f 9828 9830 9829
f 9829 9830 9831
f 9830 9832 9831
f 9831 9832 9833
f 9832 9834 9833
f 9833 9834 9835
f 6149 6148 9372
f 6148 9004 9372
f 9372 9004 9836
f 9004 9760 9836
f 9836 9760 9837
f 9760 9761 9837
f 9837 9761 9838
f 9761 9762 9838
f 9838 9762 9839
f 9762 9763 9839
f 9839 9763 9840
f 9763 9764 9840
f 9840 9764 9841
f 9764 9765 9841
f 9841 9765 9842
f 9765 9766 9842
f 9842 9766 9843
f 9766 9767 9843
f 9843 9767 9835
f 9767 9768 9835
f 9835 9768 9833
f 9768 9803 9833
f 9833 9803 9831
f 9803 9801 9831
f 9831 9801 9829
f 9801 9799 9829
f 9829 9799 9827
f 9799 9797 9827
f 9827 9797 9825
f 9797 9795 9825
f 9825 9795 9823
f 9795 9793 9823
f 9823 9793 9821
f 9793 9791 9821
f 9821 9791 9819
f 9791 9789 9819
f 9819 9789 9817
f 9789 9787 9817
f 9817 9787 9815
f 9787 9785 9815
f 9815 9785 9813
f 9785 9783 9813
f 9813 9783 9811
f 9783 9781 9811
f 9811 9781 9809
f 9781 9779 9809
f 9809 9779 9807
f 9779 9777 9807
f 9807 9777 9122
f 9777 9775 9122
f 9122 9775 9123
f 9775 9773 9123
f 9123 9773 9125
f 9773 9771 9125
f 9125 9771 9127
f 9771 9769 9127
f 9844 9845 9846
f 9845 9847 9846
f 9846 9847 9848
f 9847 9849 9848
f 9848 9849 9850
f 9849 9851 9850
f 9850 9851 9852
f 9851 9853 9852
f 9852 9853 9854
f 9853 9855 9854
f 9854 9855 9856
f 9857 9858 9859
f 9858 9860 9859
f 9859 9860 9861
f 9860 9862 9861
f 9861 9862 9863
f 9862 9864 9863
f 9863 9864 9865
f 9864 9866 9865
f 9865 9866 9867
f 9866 9868 9867
f 9867 9868 9869
f 9868 9870 9869
f 9869 9870 9871
f 9870 9872 9871
f 9871 9872 9873
f 9872 9874 9873
f 9873 9874 9875
f 9874 9876 9875
f 9875 9876 9877
f 9876 9878 9877
f 9877 9878 9879
f 9878 9880 9879
f 9879 9880 9881
f 9880 9882 9881
f 9881 9882 9883
f 9884 8978 9885
f 8978 8977 9885
f 9885 8977 9886
f 9858 9887 9860
f 9887 9888 9860
f 9860 9888 9862
f 9888 9889 9862
f 9862 9889 9864
f 9889 9890 9864
f 9864 9890 9866
f 9890 9891 9866
f 9866 9891 9868
f 9891 9892 9868
f 9868 9892 9870
f 9892 9893 9870
f 9870 9893 9872
f 9893 9894 9872
f 9872 9894 9874
f 9894 9895 9874
f 9874 9895 9876
f 9895 8979 9876
f 9876 8979 9878
f 8979 8978 9878
f 9878 8978 9880
f 8978 9884 9880
f 9880 9884 9882
f 9845 9883 9847
f 9883 9882 9847
f 9847 9882 9849
f 9882 9884 9849
f 9849 9884 9851
f 9884 9885 9851
f 9851 9885 9853
f 9885 9886 9853
f 9853 9886 9855
f 9804 9857 9805
f 9857 9859 9805
f 9805 9859 9806
f 9859 9861 9806
f 9806 9861 9808
f 9861 9863 9808
f 9808 9863 9810
f 9863 9865 9810
f 9810 9865 9812
f 9865 9867 9812
f 9812 9867 9814
f 9867 9869 9814
f 9814 9869 9816
f 9869 9871 9816
f 9816 9871 9818
f 9871 9873 9818
f 9818 9873 9820
f 9873 9875 9820
f 9820 9875 9822
f 9875 9877 9822
f 9822 9877 9824
f 9877 9879 9824
f 9824 9879 9826
f 9879 9881 9826
f 9826 9881 9828
f 9881 9883 9828
f 9828 9883 9830
f 9883 9845 9830
f 9830 9845 9832
f 9845 9844 9832
f 9832 9844 9834
f 6141 6142 9707
f 6142 9372 9707
f 9707 9372 9709
f 9372 9836 9709
f 9709 9836 9711
f 9836 9837 9711
f 9711 9837 9713
f 9837 9838 9713
f 9713 9838 9715
f 9838 9839 9715
f 9715 9839 9717
f 9839 9840 9717
f 9717 9840 9719
f 9840 9841 9719
f 9719 9841 9721
f 9841 9842 9721
f 9721 9842 9723
f 9842 9843 9723
f 9723 9843 9724
f 9843 9835 9724
f 9724 9835 9742
f 9835 9834 9742
f 9742 9834 9744
f 9834 9844 9744
f 9744 9844 9746
f 9844 9846 9746
f 9746 9846 9748
f 9846 9848 9748
f 9748 9848 9750
f 9848 9850 9750
f 9750 9850 9752
f 9850 9852 9752
f 9752 9852 9754
f 9852 9854 9754
f 9754 9854 9756
f 9854 9856 9756
f 9756 9856 9758
f 6123 6122 9606
f 6122 9643 9606
f 9606 9643 9608
f 9643 9644 9608
f 9608 9644 9610
f 9644 9645 9610
f 9610 9645 9612
f 9645 9646 9612
f 9612 9646 9614
f 9646 9647 9614
f 9614 9647 9616
f 9647 9648 9616
f 9616 9648 9618
f 9648 9649 9618
f 9618 9649 9658
f 9649 9627 9658
f 9658 9627 9802
f 9627 9628 9802
f 9802 9628 9800
f 9628 9629 9800
f 9800 9629 9798
f 9629 9630 9798
f 9798 9630 9796
f 9630 9631 9796
f 9796 9631 9794
f 9631 9632 9794
f 9794 9632 9792
f 9632 9633 9792
f 9792 9633 9790
f 9633 9634 9790
f 9790 9634 9788
f 9634 9635 9788
f 9788 9635 9786
f 9635 9636 9786
f 9786 9636 9784
f 9636 9637 9784
f 9784 9637 9782
f 9637 9638 9782
f 9782 9638 9780
f 9638 9639 9780
f 9780 9639 9778
f 9639 9640 9778
f 9778 9640 9776
f 9640 9641 9776
f 9776 9641 9774
f 9641 9642 9774
f 9774 9642 9772
f 9642 9044 9772
f 9772 9044 9770
f 9044 8962 9770
f 9770 8962 8963
f 9726 9548 9728
f 9548 9550 9728
f 9728 9550 9730
f 9550 9552 9730
f 9730 9552 9732
f 9552 9554 9732
f 9732 9554 9734
f 9554 9556 9734
f 9734 9556 9736
f 9556 9558 9736
f 9736 9558 9738
f 9558 9560 9738
f 9738 9560 9740
f 9560 9514 9740
f 9740 9514 9508
f 9514 9485 9508
f 9508 9485 9506
f 9485 9484 9506
f 9506 9484 9504
f 9484 9482 9504
f 9504 9482 9502
f 9482 9480 9502
f 9502 9480 9500
f 9480 9478 9500
f 9500 9478 9498
f 9478 9476 9498
f 9498 9476 9496
f 9476 9002 9496
f 9496 9002 9494
f 9002 9003 9494
f 9494 9003 9492
f 9003 9457 9492
f 9492 9457 9490
f 9457 9445 9490
f 9490 9445 9488
f 9445 9432 9488
f 9488 9432 9486
f 9432 9007 9486
f 9486 9007 6125
f 9007 6128 6125
f 9296 9896 9297
f 9896 9897 9297
f 9297 9897 9178
f 9897 9898 9178
f 9178 9898 9167
f 9898 9899 9167
f 9167 9899 9165
f 9899 9900 9165
f 9165 9900 9163
f 9900 9901 9163
f 9163 9901 9161
f 9901 9902 9161
f 9161 9902 9159
f 9902 9903 9159
f 9159 9903 9157
f 9903 9904 9157
f 9157 9904 9158
f 9904 9905 9158
f 9158 9905 9177
f 9905 9906 9177
f 9177 9906 9176
f 9906 9907 9176
f 9176 9907 9193
f 9907 9908 9193
f 9193 9908 9197
f 9908 9909 9197
f 9197 9909 9194
f 9909 9910 9194
f 9194 9910 9042
f 9910 9911 9042
f 9042 9911 9043
f 9911 9912 9043
f 9043 9912 9304
f 9912 9913 9304
f 9304 9913 9303
f 9913 9914 9303
f 9303 9914 9302
f 9914 9915 9302
f 9302 9915 9301
f 9915 9916 9301
f 9301 9916 9300
f 9916 9917 9300
f 9300 9917 9299
f 9917 9918 9299
f 9299 9918 9298
f 9918 9919 9298
f 9298 9919 8976
f 9919 8964 8976
f 8963 8964 9769
f 8964 9919 9769
f 9769 9919 9127
f 9919 9918 9127
f 9127 9918 9126
f 9918 9917 9126
f 9126 9917 9804
f 9917 9916 9804
f 9804 9916 9857
f 9916 9915 9857
f 9857 9915 9858
f 9915 9914 9858
f 9858 9914 9887
f 9914 9913 9887
f 9887 9913 9888
f 9913 9912 9888
f 9888 9912 9889
f 9912 9911 9889
f 9889 9911 9890
f 9911 9910 9890
f 9890 9910 9891
f 9910 9909 9891
f 9891 9909 9892
f 9909 9908 9892
f 9892 9908 9893
f 9908 9907 9893
f 9893 9907 9894
f 9907 9906 9894
f 9894 9906 9895
f 9906 9905 9895
f 9895 9905 8979
f 9905 9904 8979
f 8979 9904 8977
f 9904 9903 8977
f 8977 9903 9886
f 9903 9902 9886
f 9886 9902 9855
f 9902 9901 9855
f 9855 9901 9856
f 9901 9900 9856
f 9856 9900 9758
f 9900 9899 9758
f 9758 9899 9759
f 9899 9898 9759
f 9759 9898 9725
f 9898 9897 9725
f 9725 9897 9726
f 9897 9896 9726
f 9726 9896 9548
f 9896 9296 9548
f 9548 9296 9549
f 9296 9295 9549
f 9549 9295 9540
f 9295 9293 9540
f 9540 9293 9289
f 9293 9291 9289
f 9289 9291 9288
f 9291 9290 9288
f 9288 9290 9287
f 9290 9020 9287
f 9287 9020 9286
f 9020 9019 9286
f 9286 9019 9285
f 9019 9275 9285
f 9285 9275 9284
f 9275 9351 9284
f 9284 9351 9283
f 9351 9269 9283
f 9283 9269 9282
f 9269 9268 9282
f 9282 9268 9475
f 9268 9025 9475
f 9015 9920 9921
f 9376 9922 9923
f 6108 6109 9358
f 9924 9925 9926
f 9925 6107 9926
f 9926 6107 6108
f 6108 9358 9926
f 9358 9356 9926
f 9926 9356 9924
f 9356 9364 9924
f 9924 9364 9927
f 9927 9928 9924
f 9928 9929 9924
f 9924 9929 9925
f 9364 9363 9927
f 9363 9361 9927
f 9927 9361 9930
f 9361 9369 9930
f 9930 9369 9931
f 9369 9368 9931
f 9368 9366 9931
f 9931 9366 9932
f 9366 9379 9932
f 9932 9379 9923
f 9379 9378 9923
f 9923 9378 9376
f 9933 9934 9922
f 9934 9935 9922
f 9922 9935 9923
f 9935 9936 9923
f 9923 9936 9932
f 9936 9937 9932
f 9932 9937 9931
f 9937 9938 9931
f 9931 9938 9930
f 9938 9939 9930
f 9930 9939 9927
f 9939 9940 9927
f 9927 9940 9928
f 9376 9374 9922
f 9374 9941 9922
f 9922 9941 9933
f 9942 9943 9941
f 9943 9944 9941
f 9941 9944 9933
f 9374 9384 9941
f 9384 9383 9941
f 9941 9383 9942
f 9383 9381 9942
f 9942 9381 9945
f 9381 8998 9945
f 8998 8997 9945
f 9945 8997 9946
f 8997 9412 9946
f 9946 9412 9947
f 9412 9414 9947
f 9947 9414 9948
f 9414 9416 9948
f 9948 9416 9949
f 9416 9417 9949
f 9949 9417 9950
f 9417 9418 9950
f 9418 9473 9950
f 9950 9473 9951
f 9473 9474 9951
f 9951 9474 9952
f 9474 9475 9952
f 9952 9475 9953
f 9475 9025 9953
f 9953 9025 9954
f 9025 9024 9954
f 9954 9024 9955
f 9024 9264 9955
f 9955 9264 9956
f 9264 9266 9956
f 9956 9266 9957
f 9957 9958 9956
f 9958 9959 9956
f 9956 9959 9955
f 9959 9960 9955
f 9955 9960 9954
f 9960 9961 9954
f 9954 9961 9953
f 9961 9962 9953
f 9953 9962 9952
f 9962 9963 9952
f 9952 9963 9951
f 9963 9964 9951
f 9951 9964 9950
f 9964 9965 9950
f 9950 9965 9949
f 9965 9966 9949
f 9949 9966 9948
f 9966 9967 9948
f 9948 9967 9947
f 9967 9968 9947
f 9947 9968 9946
f 9968 9969 9946
f 9946 9969 9945
f 9969 9970 9945
f 9945 9970 9942
f 9970 9971 9942
f 9942 9971 9943
f 9266 9267 9957
f 9267 9318 9957
f 9957 9318 9972
f 9318 9317 9972
f 9317 9315 9972
f 9972 9315 9973
f 9315 9321 9973
f 9973 9321 9974
f 9321 9320 9974
f 9320 9326 9974
f 9974 9326 9975
f 9326 9325 9975
f 9325 9324 9975
f 9975 9324 9921
f 9324 9014 9921
f 9921 9014 9015
f 9976 9977 9920
f 9977 9978 9920
f 9920 9978 9921
f 9978 9979 9921
f 9921 9979 9975
f 9979 9980 9975
f 9975 9980 9974
f 9980 9981 9974
f 9974 9981 9973
f 9981 9982 9973
f 9973 9982 9972
f 9982 9983 9972
f 9972 9983 9957
f 9983 9984 9957
f 9957 9984 9958
f 5317 9976 5318
f 9976 9920 5318
f 5318 9920 5319
f 9920 9015 5319
f 6081 6080 9985
f 9986 9976 5317
f 6103 6102 9987
f 9988 9989 9990
f 6088 6093 9991
f 6090 6089 9992
f 9993 9994 9995
f 9996 9997 9998
f 6075 6077 9999
f 10000 10001 10002
f 10003 10002 10004
f 10005 10004 10006
f 10007 10006 10008
f 10009 10008 10010
f 10011 10010 10012
f 10013 10012 10014
f 10015 10016 10017
f 10018 10019 10016
f 10020 10021 10022
f 10023 10024 10021
f 6104 6107 9925
f 10025 10026 10027
f 10028 10029 10026
f 6104 9925 6105
f 10030 10031 10032
f 10030 10033 10031
f 10033 10034 10031
f 10031 10034 9938
f 10026 10025 10028
f 10025 10035 10028
f 10028 10035 10036
f 10035 10037 10036
f 10036 10037 10038
f 9935 10032 9936
f 10032 10031 9936
f 9936 10031 9937
f 10031 9938 9937
f 6106 6105 10039
f 6105 9925 10039
f 10039 9925 10040
f 9925 9929 10040
f 10040 9929 10041
f 9929 9928 10041
f 10041 9928 10033
f 9928 9940 10033
f 10033 9940 10034
f 9940 9939 10034
f 10034 9939 9938
f 10029 10028 10042
f 10028 10036 10042
f 10042 10036 10043
f 10036 10038 10043
f 10043 10038 10044
f 10038 10045 10044
f 10044 10045 10046
f 6102 6106 9987
f 6106 10039 9987
f 9987 10039 10047
f 10039 10040 10047
f 10047 10040 10048
f 10040 10041 10048
f 10048 10041 10027
f 10041 10033 10027
f 10027 10033 10025
f 10033 10030 10025
f 10025 10030 10035
f 10030 10032 10035
f 10035 10032 10037
f 10032 9935 10037
f 10037 9935 10038
f 9935 9934 10038
f 10038 9934 10045
f 9943 9971 10049
f 9971 10050 10049
f 9933 9944 10051
f 9934 9933 10045
f 9933 10051 10045
f 10045 10051 10046
f 10051 10052 10046
f 10046 10052 10053
f 10052 10054 10053
f 10053 10054 10055
f 10054 10056 10055
f 10057 10056 10058
f 10056 10054 10058
f 10058 10054 10059
f 10054 10052 10059
f 10059 10052 10060
f 10052 10051 10060
f 10061 10057 10062
f 10057 10058 10062
f 10062 10058 10063
f 10058 10059 10063
f 10063 10059 10064
f 10059 10060 10064
f 10064 10060 10050
f 10060 10051 10050
f 10050 10051 10049
f 10051 9944 10049
f 10049 9944 9943
f 9965 10061 9966
f 10061 10062 9966
f 9966 10062 9967
f 10062 10063 9967
f 9967 10063 9968
f 10063 10064 9968
f 9968 10064 9969
f 10064 10050 9969
f 9969 10050 9970
f 10050 9971 9970
f 10065 10066 10067
f 10066 10068 10067
f 10067 10068 10069
f 10068 10070 10069
f 10069 10070 10071
f 10070 10072 10071
f 10071 10072 10073
f 10072 10074 10073
f 10073 10074 9999
f 10074 6073 9999
f 9999 6073 6075
f 10075 9997 10076
f 9997 9996 10076
f 10076 9996 10077
f 10078 10077 10079
f 10077 9996 10079
f 10079 9996 10080
f 9996 9998 10080
f 10080 9998 10081
f 10075 6069 6068
f 10066 10081 10068
f 10081 9998 10068
f 10068 9998 10070
f 9998 9997 10070
f 10070 9997 10072
f 9997 10075 10072
f 10072 10075 10074
f 10075 6068 10074
f 10074 6068 6073
f 10016 10015 10018
f 10015 10082 10018
f 10018 10082 10083
f 10082 10084 10083
f 10083 10084 10085
f 10084 10086 10085
f 10085 10086 10087
f 10086 10088 10087
f 10087 10088 10089
f 10088 9964 10089
f 10089 9964 9963
f 10019 10018 10090
f 10018 10083 10090
f 10090 10083 10091
f 10083 10085 10091
f 10091 10085 10092
f 10085 10087 10092
f 10092 10087 10093
f 10087 10089 10093
f 10093 10089 10094
f 10089 9963 10094
f 10094 9963 9962
f 10024 10023 10095
f 10023 10096 10095
f 10095 10096 10097
f 10096 10098 10097
f 10097 10098 10099
f 10098 10100 10099
f 10099 10100 10101
f 10100 10102 10101
f 10101 10102 10103
f 10102 10104 10103
f 10103 10104 10105
f 10104 10106 10105
f 10105 10106 10107
f 10106 9960 10107
f 10107 9960 9959
f 10021 10020 10023
f 10020 10108 10023
f 10023 10108 10096
f 10108 10109 10096
f 10096 10109 10098
f 10109 10110 10098
f 10098 10110 10100
f 10110 10111 10100
f 10100 10111 10102
f 10111 10112 10102
f 10102 10112 10104
f 10112 10113 10104
f 10104 10113 10106
f 10113 9961 10106
f 10106 9961 9960
f 6057 6059 10114
f 6059 10078 10114
f 10114 10078 10115
f 10078 10079 10115
f 10115 10079 10116
f 10079 10080 10116
f 10116 10080 10117
f 10080 10081 10117
f 10117 10081 10118
f 10081 10066 10118
f 10118 10066 10119
f 10066 10065 10119
f 10119 10065 10120
f 10012 10013 10011
f 10013 10121 10011
f 10011 10121 10122
f 10121 10123 10122
f 10122 10123 10124
f 10123 10125 10124
f 10124 10125 10126
f 10125 10127 10126
f 10126 10127 10128
f 10127 10129 10128
f 10128 10129 10130
f 10129 10131 10130
f 10130 10131 10132
f 10131 9983 10132
f 10132 9983 9982
f 10008 10009 10007
f 10009 10133 10007
f 10007 10133 10134
f 10133 10135 10134
f 10134 10135 10136
f 10135 10137 10136
f 10136 10137 10138
f 10137 10139 10138
f 10138 10139 10140
f 10139 10141 10140
f 10140 10141 10142
f 10141 10143 10142
f 10142 10143 10144
f 10143 9981 10144
f 10144 9981 9980
f 10010 10011 10009
f 10011 10122 10009
f 10009 10122 10133
f 10122 10124 10133
f 10133 10124 10135
f 10124 10126 10135
f 10135 10126 10137
f 10126 10128 10137
f 10137 10128 10139
f 10128 10130 10139
f 10139 10130 10141
f 10130 10132 10141
f 10141 10132 10143
f 10132 9982 10143
f 10143 9982 9981
f 10004 10005 10003
f 10005 10145 10003
f 10003 10145 10146
f 10145 10147 10146
f 10146 10147 10148
f 10147 10149 10148
f 10148 10149 10150
f 10149 10151 10150
f 10150 10151 10152
f 10151 10153 10152
f 10152 10153 10154
f 10153 10155 10154
f 10154 10155 10156
f 10155 9979 10156
f 10156 9979 9978
f 10001 10000 10157
f 10000 10158 10157
f 10157 10158 10159
f 10158 10160 10159
f 10159 10160 10161
f 10160 10162 10161
f 10161 10162 10163
f 10162 10164 10163
f 10163 10164 10165
f 10164 10166 10165
f 10165 10166 10167
f 10166 10168 10167
f 10167 10168 9986
f 10168 9977 9986
f 9986 9977 9976
f 10002 10003 10000
f 10003 10146 10000
f 10000 10146 10158
f 10146 10148 10158
f 10158 10148 10160
f 10148 10150 10160
f 10160 10150 10162
f 10150 10152 10162
f 10162 10152 10164
f 10152 10154 10164
f 10164 10154 10166
f 10154 10156 10166
f 10166 10156 10168
f 10156 9978 10168
f 10168 9978 9977
f 10006 10007 10005
f 10007 10134 10005
f 10005 10134 10145
f 10134 10136 10145
f 10145 10136 10147
f 10136 10138 10147
f 10147 10138 10149
f 10138 10140 10149
f 10149 10140 10151
f 10140 10142 10151
f 10151 10142 10153
f 10142 10144 10153
f 10153 10144 10155
f 10144 9980 10155
f 10155 9980 9979
f 6059 6062 10078
f 6062 6064 10078
f 10078 6064 10077
f 6064 6066 10077
f 10077 6066 10076
f 6066 6072 10076
f 10076 6072 10075
f 6072 6071 10075
f 10075 6071 6069
f 10169 10170 10171
f 10172 10173 10174
f 10175 9993 10176
f 9993 10177 10176
f 10176 10177 10178
f 10177 10179 10178
f 10178 10179 10180
f 10179 10181 10180
f 10180 10181 10182
f 10181 10183 10182
f 10182 10183 10184
f 10183 10185 10184
f 10184 10185 10186
f 10185 10187 10186
f 10186 10187 10188
f 10187 10189 10188
f 10188 10189 10190
f 10189 10191 10190
f 10190 10191 10192
f 10191 10193 10192
f 10192 10193 10194
f 10193 10195 10194
f 10194 10195 10196
f 10195 10197 10196
f 10196 10197 10198
f 10198 10197 10199
f 10197 10200 10199
f 10199 10200 10201
f 10200 10202 10201
f 10201 10202 10203
f 10202 10204 10203
f 10203 10204 10205
f 10205 10204 10206
f 10204 6096 10206
f 10206 6096 6098
f 6090 9992 6093
f 9993 9995 10177
f 9995 10207 10177
f 10177 10207 10179
f 10207 10208 10179
f 10179 10208 10181
f 10208 10209 10181
f 10181 10209 10183
f 10209 10210 10183
f 10183 10210 10185
f 10210 10211 10185
f 10185 10211 10187
f 10211 10212 10187
f 10187 10212 10189
f 10212 10213 10189
f 10189 10213 10191
f 10213 10214 10191
f 10191 10214 10193
f 10214 10215 10193
f 10193 10215 10195
f 10215 10216 10195
f 10195 10216 10197
f 10216 10217 10197
f 10197 10217 10200
f 10217 10218 10200
f 10200 10218 10202
f 10218 9992 10202
f 10202 9992 10204
f 9992 6089 10204
f 10204 6089 6096
f 10169 10171 10219
f 10171 10220 10219
f 10219 10220 10221
f 10220 10222 10221
f 10221 10222 10223
f 10222 10224 10223
f 10223 10224 10225
f 10224 10226 10225
f 10225 10226 10227
f 10226 10228 10227
f 10227 10228 10229
f 10228 10230 10229
f 10229 10230 10231
f 10230 10232 10231
f 10231 10232 10233
f 10232 10234 10233
f 10233 10234 10235
f 10234 10236 10235
f 10235 10236 10237
f 10236 10238 10237
f 10237 10238 10239
f 10238 10240 10239
f 10239 10240 10241
f 10240 10242 10241
f 10241 10242 10243
f 10242 10244 10243
f 10243 10244 10245
f 10244 10246 10245
f 10245 10246 10247
f 10172 10174 10248
f 10174 10249 10248
f 10248 10249 10250
f 10249 10251 10250
f 10250 10251 10252
f 10251 10253 10252
f 10252 10253 10254
f 10253 10255 10254
f 10254 10255 10256
f 10255 10257 10256
f 10256 10257 10258
f 10257 10259 10258
f 10258 10259 10260
f 10259 10261 10260
f 10260 10261 10262
f 10261 10263 10262
f 10262 10263 10264
f 10263 10265 10264
f 10264 10265 10266
f 10265 10267 10266
f 10266 10267 10268
f 10267 10269 10268
f 10268 10269 10270
f 10269 10271 10270
f 10270 10271 10272
f 10271 10273 10272
f 10272 10273 10274
f 10273 9985 10274
f 10274 9985 10275
f 9985 6080 10275
f 6080 6079 10275
f 10275 6079 6078
f 6078 10246 10275
f 10246 10244 10275
f 10275 10244 10274
f 10244 10242 10274
f 10274 10242 10272
f 10242 10240 10272
f 10272 10240 10270
f 10240 10238 10270
f 10270 10238 10268
f 10238 10236 10268
f 10268 10236 10266
f 10236 10234 10266
f 10266 10234 10264
f 10234 10232 10264
f 10264 10232 10262
f 10232 10230 10262
f 10262 10230 10260
f 10230 10228 10260
f 10260 10228 10258
f 10228 10226 10258
f 10258 10226 10256
f 10226 10224 10256
f 10256 10224 10254
f 10224 10222 10254
f 10254 10222 10252
f 10222 10220 10252
f 10252 10220 10250
f 10220 10171 10250
f 10250 10171 10248
f 10171 10170 10248
f 10248 10170 10172
f 6078 6084 10246
f 6084 6085 10246
f 10246 6085 10247
f 6085 6086 10247
f 10247 6086 6088
f 10276 10277 6100
f 10277 6101 6100
f 9990 9989 10278
f 9989 10279 10278
f 10278 10279 10280
f 10279 10281 10280
f 10280 10281 10282
f 10281 10283 10282
f 10282 10283 10276
f 10283 10284 10276
f 10276 10284 10277
f 10285 10286 10287
f 10286 10288 10287
f 10287 10288 10289
f 10289 10290 10291
f 10291 10290 10292
f 10290 10293 10292
f 10292 10293 10294
f 10293 10295 10294
f 10294 10295 10296
f 10295 10297 10296
f 10296 10297 10298
f 10297 10299 10298
f 10298 10299 10300
f 10299 10301 10300
f 10300 10301 10302
f 9994 9993 10303
f 9993 10175 10303
f 10303 10175 10286
f 10175 10304 10286
f 10286 10304 10288
f 10305 10291 10306
f 10291 10292 10306
f 10306 10292 10307
f 10292 10294 10307
f 10307 10294 10308
f 10294 10296 10308
f 10308 10296 10309
f 10296 10298 10309
f 10309 10298 10310
f 10298 10300 10310
f 10310 10300 10311
f 10300 10302 10311
f 10311 10302 10312
f 9988 9990 10313
f 9990 10314 10313
f 10313 10314 10315
f 10314 10316 10315
f 10315 10316 10317
f 10316 10318 10317
f 10317 10318 10319
f 10318 10320 10319
f 10319 10320 10321
f 10320 10322 10321
f 10321 10322 10323
f 10322 10017 10323
f 10323 10017 10022
f 10017 10016 10022
f 10022 10016 10020
f 10016 10019 10020
f 10020 10019 10108
f 10019 10090 10108
f 10108 10090 10109
f 10090 10091 10109
f 10109 10091 10110
f 10091 10092 10110
f 10110 10092 10111
f 10092 10093 10111
f 10111 10093 10112
f 10093 10094 10112
f 10112 10094 10113
f 10094 9962 10113
f 10113 9962 9961
f 10324 10305 10325
f 10305 10306 10325
f 10325 10306 10326
f 10306 10307 10326
f 10326 10307 10327
f 10307 10308 10327
f 10327 10308 10328
f 10308 10309 10328
f 10328 10309 10329
f 10309 10310 10329
f 10329 10310 10330
f 10310 10311 10330
f 10330 10311 10331
f 10311 10312 10331
f 10289 10291 10287
f 10291 10305 10287
f 10287 10305 10285
f 10305 10324 10285
f 10285 10324 10332
f 10324 10333 10332
f 10332 10333 10334
f 10333 10335 10334
f 10334 10335 10336
f 10335 10337 10336
f 10336 10337 10338
f 10337 10339 10338
f 10338 10339 10340
f 10339 10341 10340
f 10340 10341 10342
f 10341 10343 10342
f 10342 10343 10344
f 10343 10345 10344
f 10344 10345 10346
f 10345 10347 10346
f 10346 10347 10348
f 10347 10349 10348
f 10348 10349 10350
f 10349 9958 10350
f 10350 9958 9984
f 10312 9988 10331
f 9988 10313 10331
f 10331 10313 10330
f 10313 10315 10330
f 10330 10315 10329
f 10315 10317 10329
f 10329 10317 10328
f 10317 10319 10328
f 10328 10319 10327
f 10319 10321 10327
f 10327 10321 10326
f 10321 10323 10326
f 10326 10323 10325
f 10323 10022 10325
f 10325 10022 10324
f 10022 10021 10324
f 10324 10021 10333
f 10021 10024 10333
f 10333 10024 10335
f 10024 10095 10335
f 10335 10095 10337
f 10095 10097 10337
f 10337 10097 10339
f 10097 10099 10339
f 10339 10099 10341
f 10099 10101 10341
f 10341 10101 10343
f 10101 10103 10343
f 10343 10103 10345
f 10103 10105 10345
f 10345 10105 10347
f 10105 10107 10347
f 10347 10107 10349
f 10107 9959 10349
f 10349 9959 9958
f 6088 9991 10247
f 9991 10351 10247
f 10247 10351 10245
f 10351 10352 10245
f 10245 10352 10243
f 10352 10353 10243
f 10243 10353 10241
f 10353 10354 10241
f 10241 10354 10239
f 10354 10355 10239
f 10239 10355 10237
f 10355 10356 10237
f 10237 10356 10235
f 10356 10357 10235
f 10235 10357 10233
f 10357 10358 10233
f 10233 10358 10231
f 10358 10359 10231
f 10231 10359 10229
f 10359 10360 10229
f 10229 10360 10227
f 10360 10361 10227
f 10227 10361 10225
f 10361 10362 10225
f 10225 10362 10223
f 10362 10363 10223
f 10223 10363 10221
f 10363 10364 10221
f 10221 10364 10219
f 10364 10365 10219
f 10219 10365 10169
f 10365 10366 10169
f 10169 10366 10170
f 10366 10367 10170
f 10170 10367 10172
f 10367 10368 10172
f 10172 10368 10173
f 5317 6057 9986
f 6057 10114 9986
f 9986 10114 10167
f 10114 10115 10167
f 10167 10115 10165
f 10115 10116 10165
f 10165 10116 10163
f 10116 10117 10163
f 10163 10117 10161
f 10117 10118 10161
f 10161 10118 10159
f 10118 10119 10159
f 10159 10119 10157
f 10119 10120 10157
f 10157 10120 10001
f 6100 6103 10276
f 6103 9987 10276
f 10276 9987 10282
f 9987 10047 10282
f 10282 10047 10280
f 10047 10048 10280
f 10280 10048 10278
f 10048 10027 10278
f 10278 10027 9990
f 10027 10026 9990
f 9990 10026 10314
f 10026 10029 10314
f 10314 10029 10316
f 10029 10042 10316
f 10316 10042 10318
f 10042 10043 10318
f 10318 10043 10320
f 10043 10044 10320
f 10320 10044 10322
f 10044 10046 10322
f 10322 10046 10017
f 10046 10053 10017
f 10017 10053 10015
f 10053 10055 10015
f 10015 10055 10082
f 10055 10056 10082
f 10082 10056 10084
f 10056 10057 10084
f 10084 10057 10086
f 10057 10061 10086
f 10086 10061 10088
f 10061 9965 10088
f 10088 9965 9964
f 10173 10014 10174
f 10014 10012 10174
f 10174 10012 10249
f 10012 10010 10249
f 10249 10010 10251
f 10010 10008 10251
f 10251 10008 10253
f 10008 10006 10253
f 10253 10006 10255
f 10006 10004 10255
f 10255 10004 10257
f 10004 10002 10257
f 10257 10002 10259
f 10002 10001 10259
f 10259 10001 10261
f 10001 10120 10261
f 10261 10120 10263
f 10120 10065 10263
f 10263 10065 10265
f 10065 10067 10265
f 10265 10067 10267
f 10067 10069 10267
f 10267 10069 10269
f 10069 10071 10269
f 10269 10071 10271
f 10071 10073 10271
f 10271 10073 10273
f 10073 9999 10273
f 10273 9999 9985
f 9999 6077 9985
f 9985 6077 6081
f 6093 9992 9991
f 9992 10218 9991
f 9991 10218 10351
f 10218 10217 10351
f 10351 10217 10352
f 10217 10216 10352
f 10352 10216 10353
f 10216 10215 10353
f 10353 10215 10354
f 10215 10214 10354
f 10354 10214 10355
f 10214 10213 10355
f 10355 10213 10356
f 10213 10212 10356
f 10356 10212 10357
f 10212 10211 10357
f 10357 10211 10358
f 10211 10210 10358
f 10358 10210 10359
f 10210 10209 10359
f 10359 10209 10360
f 10209 10208 10360
f 10360 10208 10361
f 10208 10207 10361
f 10361 10207 10362
f 10207 9995 10362
f 10362 9995 10363
f 9995 9994 10363
f 10363 9994 10364
f 9994 10303 10364
f 10364 10303 10365
f 10303 10286 10365
f 10365 10286 10366
f 10286 10285 10366
f 10366 10285 10367
f 10285 10332 10367
f 10367 10332 10368
f 10332 10334 10368
f 10368 10334 10173
f 10334 10336 10173
f 10173 10336 10014
f 10336 10338 10014
f 10014 10338 10013
f 10338 10340 10013
f 10013 10340 10121
f 10340 10342 10121
f 10121 10342 10123
f 10342 10344 10123
f 10123 10344 10125
f 10344 10346 10125
f 10125 10346 10127
f 10346 10348 10127
f 10127 10348 10129
f 10348 10350 10129
f 10129 10350 10131
f 10350 9984 10131
f 10131 9984 9983
f 10369 6260 6266
f 6098 6262 10206
f 6262 10370 10206
f 10206 10370 10205
f 10370 10371 10205
f 10205 10371 10203
f 10203 10371 10201
f 10371 10372 10201
f 10201 10372 10199
f 10199 10372 10198
f 10372 10373 10198
f 10198 10373 10196
f 10196 10373 10194
f 10373 10374 10194
f 10194 10374 10192
f 10192 10374 10190
f 10374 10375 10190
f 10190 10375 10188
f 10188 10375 10186
f 10375 10376 10186
f 10186 10376 10184
f 10184 10376 10182
f 10376 10377 10182
f 10182 10377 10180
f 10377 10378 10180
f 10180 10378 10178
f 10178 10378 10176
f 10378 10379 10176
f 10176 10379 10175
f 10175 10379 10304
f 10379 10380 10304
f 10304 10380 10288
f 10288 10380 10289
f 10380 10381 10289
f 10289 10381 10290
f 10290 10381 10293
f 10381 10382 10293
f 10293 10382 10295
f 10295 10382 10297
f 10382 10383 10297
f 10297 10383 10299
f 10299 10383 10301
f 10383 10384 10301
f 10301 10384 10302
f 10302 10384 10312
f 10384 10385 10312
f 10312 10385 9988
f 9988 10385 9989
f 10385 10386 9989
f 9989 10386 10279
f 10279 10386 10281
f 10386 10387 10281
f 10281 10387 10283
f 6112 6111 10388
f 6111 6110 10388
f 10283 10387 10284
f 10387 10388 10284
f 10284 10388 10277
f 10388 6110 10277
f 10277 6110 6101
f 5962 6099 6340
f 6099 10389 6340
f 6340 10389 6342
f 10389 10390 6342
f 10391 6345 10390
f 6345 6343 10390
f 10390 6343 6342
f 10392 6348 10391
f 6348 6346 10391
f 10391 6346 6345
f 10393 6351 10392
f 6351 6349 10392
f 10392 6349 6348
f 10394 6354 10393
f 6354 6352 10393
f 10393 6352 6351
f 10395 6357 10394
f 6357 6355 10394
f 10394 6355 6354
f 10396 6360 10395
f 6360 6358 10395
f 10395 6358 6357
f 10397 6363 10396
f 6363 6361 10396
f 10396 6361 6360
f 10398 6368 10399
f 6368 6366 10399
f 10399 6366 10400
f 6366 6365 10400
f 10400 6365 10397
f 6365 6363 10397
f 10397 6363 6363
f 10401 6371 10398
f 6371 6369 10398
f 10398 6369 6368
f 10402 6372 10401
f 6372 6372 10401
f 10401 6372 6371
f 10403 6376 10402
f 6376 6374 10402
f 10402 6374 6372
f 10404 6379 10403
f 6379 6377 10403
f 10403 6377 6376
f 10405 6382 10404
f 6382 6380 10404
f 10404 6380 6379
f 10406 6385 10405
f 6385 6383 10405
f 10405 6383 6382
f 6266 6388 10369
f 6388 6389 10369
f 10369 6389 10406
f 6389 6386 10406
f 10406 6386 6385
f 6262 6261 10370
f 6261 10407 10370
f 10370 10407 10371
f 10407 10408 10371
f 10371 10408 10372
f 10408 10409 10372
f 10372 10409 10373
f 10409 10410 10373
f 10373 10410 10374
f 10410 10411 10374
f 10374 10411 10375
f 10411 10412 10375
f 10375 10412 10376
f 10412 10413 10376
f 10376 10413 10377
f 10413 10414 10377
f 10377 10414 10378
f 10414 10415 10378
f 10378 10415 10379
f 10415 10416 10379
f 10379 10416 10380
f 10416 10417 10380
f 10380 10417 10381
f 10417 10418 10381
f 10381 10418 10382
f 10418 10419 10382
f 10382 10419 10383
f 10419 10420 10383
f 10383 10420 10384
f 10420 10421 10384
f 10384 10421 10385
f 10421 10422 10385
f 10385 10422 10386
f 10422 10423 10386
f 10386 10423 10387
f 10423 10424 10387
f 10387 10424 10388
f 10424 10425 10388
f 10388 10425 6112
f 10425 6113 6112
f 6261 6260 10407
f 6260 10369 10407
f 10407 10369 10408
f 10369 10406 10408
f 10408 10406 10409
f 10406 10405 10409
f 10409 10405 10410
f 10405 10404 10410
f 10410 10404 10411
f 10404 10403 10411
f 10411 10403 10412
f 10403 10402 10412
f 10412 10402 10413
f 10402 10401 10413
f 10413 10401 10414
f 10401 10398 10414
f 10414 10398 10415
f 10398 10399 10415
f 10415 10399 10416
f 10399 10400 10416
f 10416 10400 10417
f 10400 10397 10417
f 10417 10397 10418
f 10397 10396 10418
f 10418 10396 10419
f 10396 10395 10419
f 10419 10395 10420
f 10395 10394 10420
f 10420 10394 10421
f 10394 10393 10421
f 10421 10393 10422
f 10393 10392 10422
f 10422 10392 10423
f 10392 10391 10423
f 10423 10391 10424
f 10391 10390 10424
f 10424 10390 10425
f 10390 10389 10425
f 10425 10389 6113
f 10389 6099 6113
f 1117 5666 5698
f 1117 5698 1118
f 5698 5699 1118
f 1118 5699 1119
f 5699 5701 1119
f 1119 5701 1121
f 5701 5702 1121
f 1121 5702 1123
f 5702 5705 1123
f 1123 5705 1125
f 5705 5706 1125
f 1125 5706 1127
f 5706 5707 1127
f 1127 5707 1129
f 5707 5708 1129
f 1129 5708 1131
f 5708 5712 1131
f 1131 5712 1133
f 5712 5711 1133
f 1133 5711 1135
f 5711 5710 1135
f 1135 5710 1137
f 5710 5709 1137
f 1137 5709 1139
f 5709 5721 1139
f 1139 5721 1141
f 5721 5720 1141
f 1141 5720 1143
f 5720 5719 1143
f 1143 5719 1145
f 5719 5718 1145
f 1145 5718 1147
f 5718 5717 1147
f 1147 5717 1149
f 5717 5716 1149
f 1149 5716 1151
f 5716 5715 1151
f 1151 5715 1153
f 5715 5714 1153
f 1153 5714 1155
f 5714 5713 1155
f 1155 5713 1157
f 5713 5672 1157
f 1157 5672 1159
f 5672 5694 1159
f 1159 5694 1161
f 5694 5695 1161
f 1161 5695 1163
f 5695 5730 1163
f 1163 5730 1165
f 5730 5729 1165
f 1165 5729 1167
f 5729 5728 1167
f 1167 5728 1169
f 5728 5727 1169
f 1169 5727 1171
f 5727 5726 1171
f 1171 5726 1173
f 5726 5725 1173
f 1173 5725 1175
f 5725 5724 1175
f 1175 5724 1177
f 5724 5723 1177
f 1177 5723 1179
f 5723 5722 1179
f 1179 5722 1181
f 5739 10426 10427
f 5739 10427 5755
f 10427 10428 5755
f 5755 10428 5752
f 10428 10429 5752
f 5752 10429 5750
f 10429 10430 5750
f 5750 10430 5748
f 10430 10431 5748
f 5748 10431 5746
f 10431 10432 5746
f 5746 10432 5731
f 10432 10433 5731
f 5731 10433 5732
f 10433 10434 5732
f 5732 10434 5734
f 10434 10435 5734
f 5734 10435 5735
f 10435 10436 5735
f 5735 10436 5736
f 10436 1181 5736
f 5736 1181 5722
f 10437 10426 5972
f 10426 5739 5972
f 5972 5739 5743
f 5486 5511 5487
f 5511 5510 5487
f 5487 5510 5901
f 5510 5829 5901
f 5901 5829 5743
f 5829 5966 5743
f 5743 5966 5972
f 5978 10438 5968
f 10438 10439 5968
f 5968 10439 5969
f 5969 10439 5975
f 10439 10440 5975
f 5975 10440 5976
f 5976 10440 5977
f 10440 10441 5977
f 5977 10441 5986
f 5986 10441 5987
f 10441 10442 5987
f 5987 10442 5988
f 5988 10442 5991
f 10442 10443 5991
f 5991 10443 5992
f 10443 10444 5992
f 5992 10444 5964
f 10444 10445 5964
f 5964 10445 5965
f 10445 10446 5965
f 5965 10446 5967
f 10446 10447 5967
f 5967 10447 5970
f 10447 10448 5970
f 5970 10448 5971
f 10448 10437 5971
f 5971 10437 5972
f 5865 10449 10438
f 5671 5865 5688
f 5865 10438 5688
f 5688 10438 5758
f 10438 5978 5758
f 5850 1080 5848
f 1080 10450 5848
f 10451 5854 10450
f 5854 5849 10450
f 10450 5849 5848
f 10452 5856 10451
f 5856 5855 10451
f 10451 5855 5854
f 10453 5861 10452
f 5861 5860 10452
f 10452 5860 5856
f 10454 5866 10453
f 5866 5862 10453
f 10453 5862 5861
f 10455 5868 10454
f 5868 5867 10454
f 10454 5867 5866
f 10456 5870 10455
f 5870 5869 10455
f 10455 5869 5868
f 5873 5872 10456
f 5872 5871 10456
f 10456 5871 5870
f 10456 10457 5873
f 10457 10458 5873
f 5873 10458 5846
f 10458 10459 5846
f 5846 10459 5847
f 10459 10460 5847
f 5847 10460 5851
f 10460 10461 5851
f 5851 10461 5852
f 10461 10462 5852
f 5852 10462 5853
f 10462 10463 5853
f 5853 10463 5857
f 10463 10464 5857
f 5857 10464 5858
f 10464 10465 5858
f 5858 10465 5859
f 10465 10466 5859
f 5859 10466 5863
f 10466 10467 5863
f 5863 10467 5864
f 10467 10449 5864
f 5864 10449 5865
f 5926 1016 5759
f 1016 541 5759
f 5759 541 5760
f 541 550 5760
f 5760 550 5850
f 550 1080 5850
f 4527 4525 4857
f 4450 4449 4855
f 10468 4845 4769
f 4845 4847 4769
f 4769 4847 4770
f 4849 4780 4847
f 4780 4776 4847
f 4776 4774 4847
f 4774 4773 4847
f 4847 4773 4770
f 4609 4777 4849
f 4777 4779 4849
f 4849 4779 4780
f 4612 4613 4851
f 4613 4615 4851
f 4851 4615 4849
f 4615 4610 4849
f 4849 4610 4609
f 4855 4449 4853
f 4449 4503 4853
f 4853 4503 4587
f 4587 4586 4853
f 4586 4585 4853
f 4853 4585 4851
f 4585 4584 4851
f 4851 4584 4612
f 4857 4525 4855
f 4525 4524 4855
f 4855 4524 4450
f 4859 4861 3393
f 3393 4522 4859
f 4522 4521 4859
f 4859 4521 4857
f 4521 4528 4857
f 4857 4528 4527
f 10469 5998 10470
f 5998 4924 10470
f 10470 4924 10471
f 10468 10472 4845
f 10472 10473 4845
f 4845 10473 4843
f 10473 10471 4843
f 4843 10471 4841
f 10471 4924 4841
f 6016 6017 10474
f 6017 6018 10474
f 6018 6019 10474
f 10474 6019 6000
f 6000 6001 10474
f 6001 6002 10474
f 10474 6002 10475
f 6002 6003 10475
f 10475 6003 10469
f 6003 5999 10469
f 10469 5999 5998
f 6009 6010 10476
f 6010 6006 10476
f 6006 6007 10476
f 6007 6008 10476
f 10476 6008 10474
f 6008 6015 10474
f 10474 6015 6016
f 556 6013 557
f 6013 6011 557
f 557 6011 10476
f 6011 6012 10476
f 10476 6012 6009
f 2438 4374 2466
f 4374 4389 2466
f 2466 4389 2440
f 2452 2456 4389
f 2456 2457 4389
f 4389 2457 2465
f 2462 2461 4389
f 2461 2441 4389
f 4389 2441 2440
f 2438 2437 4374
f 2437 2435 4374
f 4374 2435 2434
f 3526 3492 3369
f 3492 3491 3369
f 3369 3491 3495
f 2059 4376 2272
f 4376 4375 2272
f 2272 4375 2273
f 4375 4374 2273
f 2273 4374 2467
f 4374 2434 2467
f 2443 2455 4389
f 2455 2453 4389
f 4389 2453 2452
f 3488 3486 3369
f 3486 3485 3369
f 3369 3485 3526
f 2465 2464 4389
f 2464 2463 4389
f 4389 2463 2462
f 3495 3494 3369
f 3494 3496 3369
f 3369 3496 3499
f 2447 2446 4389
f 2446 2444 4389
f 4389 2444 2443
f 3488 3369 3489
f 3369 2451 3489
f 3489 2451 4389
f 2451 2449 4389
f 4389 2449 2447
f 3499 3498 3369
f 3498 3507 3369
f 3369 3507 3506
f 3506 3504 3369
f 3504 3503 3369
f 3369 3503 3501
f 3501 3500 3369
f 3500 3510 3369
f 3369 3510 3509
f 3509 3513 3369
f 3513 3512 3369
f 3369 3512 3511
f 1181 10436 1182
f 10436 10477 1182
f 1182 10477 1214
f 10477 10478 1214
f 1214 10478 1246
f 10478 10479 1246
f 1246 10479 1278
f 10479 10480 1278
f 1278 10480 1310
f 10480 10481 1310
f 1310 10481 1342
f 10481 10482 1342
f 1342 10482 1374
f 10482 10483 1374
f 1374 10483 1406
f 10483 10484 1406
f 1406 10484 1438
f 10484 10485 1438
f 1438 10485 1470
f 10485 10486 1470
f 1470 10486 1502
f 10486 10487 1502
f 1502 10487 1534
f 10487 10488 1534
f 1534 10488 1566
f 10488 10489 1566
f 1566 10489 1598
f 10489 10490 1598
f 1598 10490 1630
f 10490 10491 1630
f 1630 10491 1662
f 10491 10492 1662
f 1662 10492 1694
f 10492 10493 1694
f 1694 10493 1727
f 10493 5478 1727
f 10436 10435 10477
f 10435 10494 10477
f 10477 10494 10478
f 10494 10495 10478
f 10478 10495 10479
f 10495 10496 10479
f 10479 10496 10480
f 10496 10497 10480
f 10480 10497 10481
f 10497 10498 10481
f 10481 10498 10482
f 10498 10499 10482
f 10482 10499 10483
f 10499 10500 10483
f 10483 10500 10484
f 10500 10501 10484
f 10484 10501 10485
f 10501 10502 10485
f 10485 10502 10486
f 10502 10503 10486
f 10486 10503 10487
f 10503 10504 10487
f 10487 10504 10488
f 10504 10505 10488
f 10488 10505 10489
f 10505 10506 10489
f 10489 10506 10490
f 10506 10507 10490
f 10490 10507 10491
f 10507 10508 10491
f 10491 10508 10492
f 10508 10509 10492
f 10492 10509 10493
f 10509 10510 10493
f 10493 10510 5478
f 10510 5479 5478
f 10435 10434 10494
f 10434 10511 10494
f 10494 10511 10495
f 10511 10512 10495
f 10495 10512 10496
f 10512 10513 10496
f 10496 10513 10497
f 10513 10514 10497
f 10497 10514 10498
f 10514 10515 10498
f 10498 10515 10499
f 10515 10516 10499
f 10499 10516 10500
f 10516 10517 10500
f 10500 10517 10501
f 10517 10518 10501
f 10501 10518 10502
f 10518 10519 10502
f 10502 10519 10503
f 10519 10520 10503
f 10503 10520 10504
f 10520 10521 10504
f 10504 10521 10505
f 10521 10522 10505
f 10505 10522 10506
f 10522 10523 10506
f 10506 10523 10507
f 10523 10524 10507
f 10507 10524 10508
f 10524 10525 10508
f 10508 10525 10509
f 10525 10526 10509
f 10509 10526 10510
f 10526 10527 10510
f 10510 10527 5479
f 10527 5480 5479
f 10434 10433 10511
f 10433 10528 10511
f 10511 10528 10512
f 10528 10529 10512
f 10512 10529 10513
f 10529 10530 10513
f 10513 10530 10514
f 10530 10531 10514
f 10514 10531 10515
f 10531 10532 10515
f 10515 10532 10516
f 10532 10533 10516
f 10516 10533 10517
f 10533 10534 10517
f 10517 10534 10518
f 10534 10535 10518
f 10518 10535 10519
f 10535 10536 10519
f 10519 10536 10520
f 10536 10537 10520
f 10520 10537 10521
f 10537 10538 10521
f 10521 10538 10522
f 10538 10539 10522
f 10522 10539 10523
f 10539 10540 10523
f 10523 10540 10524
f 10540 10541 10524
f 10524 10541 10525
f 10541 10542 10525
f 10525 10542 10526
f 10542 10543 10526
f 10526 10543 10527
f 10543 10544 10527
f 10527 10544 5480
f 10544 5481 5480
f 10433 10432 10528
f 10432 10545 10528
f 10528 10545 10529
f 10545 10546 10529
f 10529 10546 10530
f 10546 10547 10530
f 10530 10547 10531
f 10547 10548 10531
f 10531 10548 10532
f 10548 10549 10532
f 10532 10549 10533
f 10549 10550 10533
f 10533 10550 10534
f 10550 10551 10534
f 10534 10551 10535
f 10551 10552 10535
f 10535 10552 10536
f 10552 10553 10536
f 10536 10553 10537
f 10553 10554 10537
f 10537 10554 10538
f 10554 10555 10538
f 10538 10555 10539
f 10555 10556 10539
f 10539 10556 10540
f 10556 10557 10540
f 10540 10557 10541
f 10557 10558 10541
f 10541 10558 10542
f 10558 10559 10542
f 10542 10559 10543
f 10559 10560 10543
f 10543 10560 10544
f 10560 10561 10544
f 10544 10561 5481
f 10561 5484 5481
f 10432 10431 10545
f 10431 10562 10545
f 10545 10562 10546
f 10562 10563 10546
f 10546 10563 10547
f 10563 10564 10547
f 10547 10564 10548
f 10564 10565 10548
f 10548 10565 10549
f 10565 10566 10549
f 10549 10566 10550
f 10566 10567 10550
f 10550 10567 10551
f 10567 10568 10551
f 10551 10568 10552
f 10568 10569 10552
f 10552 10569 10553
f 10569 10570 10553
f 10553 10570 10554
f 10570 10571 10554
f 10554 10571 10555
f 10571 10572 10555
f 10555 10572 10556
f 10572 10573 10556
f 10556 10573 10557
f 10573 10574 10557
f 10557 10574 10558
f 10574 10575 10558
f 10558 10575 10559
f 10575 10576 10559
f 10559 10576 10560
f 10576 10577 10560
f 10560 10577 10561
f 10577 10578 10561
f 10561 10578 5484
f 10578 5485 5484
f 10431 10430 10562
f 10430 10579 10562
f 10562 10579 10563
f 10579 10580 10563
f 10563 10580 10564
f 10580 10581 10564
f 10564 10581 10565
f 10581 10582 10565
f 10565 10582 10566
f 10582 10583 10566
f 10566 10583 10567
f 10583 10584 10567
f 10567 10584 10568
f 10584 10585 10568
f 10568 10585 10569
f 10585 10586 10569
f 10569 10586 10570
f 10586 10587 10570
f 10570 10587 10571
f 10587 10588 10571
f 10571 10588 10572
f 10588 10589 10572
f 10572 10589 10573
f 10589 10590 10573
f 10573 10590 10574
f 10590 10591 10574
f 10574 10591 10575
f 10591 10592 10575
f 10575 10592 10576
f 10592 10593 10576
f 10576 10593 10577
f 10593 10594 10577
f 10577 10594 10578
f 10594 10595 10578
f 10578 10595 5485
f 10595 5455 5485
f 10430 10429 10579
f 10429 10596 10579
f 10579 10596 10580
f 10596 10597 10580
f 10580 10597 10581
f 10597 10598 10581
f 10581 10598 10582
f 10598 10599 10582
f 10582 10599 10583
f 10599 10600 10583
f 10583 10600 10584
f 10600 10601 10584
f 10584 10601 10585
f 10601 10602 10585
f 10585 10602 10586
f 10602 10603 10586
f 10586 10603 10587
f 10603 10604 10587
f 10587 10604 10588
f 10604 10605 10588
f 10588 10605 10589
f 10605 10606 10589
f 10589 10606 10590
f 10606 10607 10590
f 10590 10607 10591
f 10607 10608 10591
f 10591 10608 10592
f 10608 10609 10592
f 10592 10609 10593
f 10609 10610 10593
f 10593 10610 10594
f 10610 10611 10594
f 10594 10611 10595
f 10611 10612 10595
f 10595 10612 5455
f 10612 5456 5455
f 10429 10428 10596
f 10428 10613 10596
f 10596 10613 10597
f 10613 10614 10597
f 10597 10614 10598
f 10614 10615 10598
f 10598 10615 10599
f 10615 10616 10599
f 10599 10616 10600
f 10616 10617 10600
f 10600 10617 10601
f 10617 10618 10601
f 10601 10618 10602
f 10618 10619 10602
f 10602 10619 10603
f 10619 10620 10603
f 10603 10620 10604
f 10620 10621 10604
f 10604 10621 10605
f 10621 10622 10605
f 10605 10622 10606
f 10622 10623 10606
f 10606 10623 10607
f 10623 10624 10607
f 10607 10624 10608
f 10624 10625 10608
f 10608 10625 10609
f 10625 10626 10609
f 10609 10626 10610
f 10626 10627 10610
f 10610 10627 10611
f 10627 10628 10611
f 10611 10628 10612
f 10628 10629 10612
f 10612 10629 5456
f 10629 5457 5456
f 10428 10427 10613
f 10427 10630 10613
f 10613 10630 10614
f 10630 10631 10614
f 10614 10631 10615
f 10631 10632 10615
f 10615 10632 10616
f 10632 10633 10616
f 10616 10633 10617
f 10633 10634 10617
f 10617 10634 10618
f 10634 10635 10618
f 10618 10635 10619
f 10635 10636 10619
f 10619 10636 10620
f 10636 10637 10620
f 10620 10637 10621
f 10637 10638 10621
f 10621 10638 10622
f 10638 10639 10622
f 10622 10639 10623
f 10639 10640 10623
f 10623 10640 10624
f 10640 10641 10624
f 10624 10641 10625
f 10641 10642 10625
f 10625 10642 10626
f 10642 10643 10626
f 10626 10643 10627
f 10643 10644 10627
f 10627 10644 10628
f 10644 10645 10628
f 10628 10645 10629
f 10645 10646 10629
f 10629 10646 5457
f 10646 5440 5457
f 10427 10426 10630
f 10426 10647 10630
f 10630 10647 10631
f 10647 10648 10631
f 10631 10648 10632
f 10648 10649 10632
f 10632 10649 10633
f 10649 10650 10633
f 10633 10650 10634
f 10650 10651 10634
f 10634 10651 10635
f 10651 10652 10635
f 10635 10652 10636
f 10652 10653 10636
f 10636 10653 10637
f 10653 10654 10637
f 10637 10654 10638
f 10654 10655 10638
f 10638 10655 10639
f 10655 10656 10639
f 10639 10656 10640
f 10656 10657 10640
f 10640 10657 10641
f 10657 10658 10641
f 10641 10658 10642
f 10658 10659 10642
f 10642 10659 10643
f 10659 10660 10643
f 10643 10660 10644
f 10660 10661 10644
f 10644 10661 10645
f 10661 10662 10645
f 10645 10662 10646
f 10662 10663 10646
f 10646 10663 5440
f 10663 5441 5440
f 5442 5441 10663
f 5442 10663 10664
f 10663 10662 10664
f 10664 10662 10665
f 10662 10661 10665
f 10665 10661 10666
f 10661 10660 10666
f 10666 10660 10667
f 10660 10659 10667
f 10667 10659 10668
f 10659 10658 10668
f 10668 10658 10669
f 10658 10657 10669
f 10669 10657 10670
f 10657 10656 10670
f 10670 10656 10671
f 10656 10655 10671
f 10671 10655 10672
f 10655 10654 10672
f 10672 10654 10673
f 10654 10653 10673
f 10673 10653 10674
f 10653 10652 10674
f 10674 10652 10675
f 10652 10651 10675
f 10675 10651 10676
f 10651 10650 10676
f 10676 10650 10677
f 10650 10649 10677
f 10677 10649 10678
f 10649 10648 10678
f 10678 10648 10679
f 10648 10647 10679
f 10679 10647 10680
f 10647 10426 10680
f 10680 10426 10437
f 10437 10448 10680
f 10448 10681 10680
f 10680 10681 10679
f 10681 10682 10679
f 10679 10682 10678
f 10682 10683 10678
f 10678 10683 10677
f 10683 10684 10677
f 10677 10684 10676
f 10684 10685 10676
f 10676 10685 10675
f 10685 10686 10675
f 10675 10686 10674
f 10686 10687 10674
f 10674 10687 10673
f 10687 10688 10673
f 10673 10688 10672
f 10688 10689 10672
f 10672 10689 10671
f 10689 10690 10671
f 10671 10690 10670
f 10690 10691 10670
f 10670 10691 10669
f 10691 10692 10669
f 10669 10692 10668
f 10692 10693 10668
f 10668 10693 10667
f 10693 10694 10667
f 10667 10694 10666
f 10694 10695 10666
f 10666 10695 10665
f 10695 10696 10665
f 10665 10696 10664
f 10696 10697 10664
f 10664 10697 5442
f 10697 5462 5442
f 10448 10447 10681
f 10447 10698 10681
f 10681 10698 10682
f 10698 10699 10682
f 10682 10699 10683
f 10699 10700 10683
f 10683 10700 10684
f 10700 10701 10684
f 10684 10701 10685
f 10701 10702 10685
f 10685 10702 10686
f 10702 10703 10686
f 10686 10703 10687
f 10703 10704 10687
f 10687 10704 10688
f 10704 10705 10688
f 10688 10705 10689
f 10705 10706 10689
f 10689 10706 10690
f 10706 10707 10690
f 10690 10707 10691
f 10707 10708 10691
f 10691 10708 10692
f 10708 10709 10692
f 10692 10709 10693
f 10709 10710 10693
f 10693 10710 10694
f 10710 10711 10694
f 10694 10711 10695
f 10711 10712 10695
f 10695 10712 10696
f 10712 10713 10696
f 10696 10713 10697
f 10713 10714 10697
f 10697 10714 5462
f 10714 5463 5462
f 10447 10446 10698
f 10446 10715 10698
f 10698 10715 10699
f 10715 10716 10699
f 10699 10716 10700
f 10716 10717 10700
f 10700 10717 10701
f 10717 10718 10701
f 10701 10718 10702
f 10718 10719 10702
f 10702 10719 10703
f 10719 10720 10703
f 10703 10720 10704
f 10720 10721 10704
f 10704 10721 10705
f 10721 10722 10705
f 10705 10722 10706
f 10722 10723 10706
f 10706 10723 10707
f 10723 10724 10707
f 10707 10724 10708
f 10724 10725 10708
f 10708 10725 10709
f 10725 10726 10709
f 10709 10726 10710
f 10726 10727 10710
f 10710 10727 10711
f 10727 10728 10711
f 10711 10728 10712
f 10728 10729 10712
f 10712 10729 10713
f 10729 10730 10713
f 10713 10730 10714
f 10730 10731 10714
f 10714 10731 5463
f 10731 5464 5463
f 10446 10445 10715
f 10445 10732 10715
f 10715 10732 10716
f 10732 10733 10716
f 10716 10733 10717
f 10733 10734 10717
f 10717 10734 10718
f 10734 10735 10718
f 10718 10735 10719
f 10735 10736 10719
f 10719 10736 10720
f 10736 10737 10720
f 10720 10737 10721
f 10737 10738 10721
f 10721 10738 10722
f 10738 10739 10722
f 10722 10739 10723
f 10739 10740 10723
f 10723 10740 10724
f 10740 10741 10724
f 10724 10741 10725
f 10741 10742 10725
f 10725 10742 10726
f 10742 10743 10726
f 10726 10743 10727
f 10743 10744 10727
f 10727 10744 10728
f 10744 10745 10728
f 10728 10745 10729
f 10745 10746 10729
f 10729 10746 10730
f 10746 10747 10730
f 10730 10747 10731
f 10747 10748 10731
f 10731 10748 5464
f 10748 5465 5464
f 10445 10444 10732
f 10444 10749 10732
f 10732 10749 10733
f 10749 10750 10733
f 10733 10750 10734
f 10750 10751 10734
f 10734 10751 10735
f 10751 10752 10735
f 10735 10752 10736
f 10752 10753 10736
f 10736 10753 10737
f 10753 10754 10737
f 10737 10754 10738
f 10754 10755 10738
f 10738 10755 10739
f 10755 10756 10739
f 10739 10756 10740
f 10756 10757 10740
f 10740 10757 10741
f 10757 10758 10741
f 10741 10758 10742
f 10758 10759 10742
f 10742 10759 10743
f 10759 10760 10743
f 10743 10760 10744
f 10760 10761 10744
f 10744 10761 10745
f 10761 10762 10745
f 10745 10762 10746
f 10762 10763 10746
f 10746 10763 10747
f 10763 10764 10747
f 10747 10764 10748
f 10764 10765 10748
f 10748 10765 5465
f 10765 5466 5465
f 10444 10443 10749
f 10443 10766 10749
f 10749 10766 10750
f 10766 10767 10750
f 10750 10767 10751
f 10767 10768 10751
f 10751 10768 10752
f 10768 10769 10752
f 10752 10769 10753
f 10769 10770 10753
f 10753 10770 10754
f 10770 10771 10754
f 10754 10771 10755
f 10771 10772 10755
f 10755 10772 10756
f 10772 10773 10756
f 10756 10773 10757
f 10773 10774 10757
f 10757 10774 10758
f 10774 10775 10758
f 10758 10775 10759
f 10775 10776 10759
f 10759 10776 10760
f 10776 10777 10760
f 10760 10777 10761
f 10777 10778 10761
f 10761 10778 10762
f 10778 10779 10762
f 10762 10779 10763
f 10779 10780 10763
f 10763 10780 10764
f 10780 10781 10764
f 10764 10781 10765
f 10781 10782 10765
f 10765 10782 5466
f 10782 5467 5466
f 10443 10442 10766
f 10442 10783 10766
f 10766 10783 10767
f 10783 10784 10767
f 10767 10784 10768
f 10784 10785 10768
f 10768 10785 10769
f 10785 10786 10769
f 10769 10786 10770
f 10786 10787 10770
f 10770 10787 10771
f 10787 10788 10771
f 10771 10788 10772
f 10788 10789 10772
f 10772 10789 10773
f 10789 10790 10773
f 10773 10790 10774
f 10790 10791 10774
f 10774 10791 10775
f 10791 10792 10775
f 10775 10792 10776
f 10792 10793 10776
f 10776 10793 10777
f 10793 10794 10777
f 10777 10794 10778
f 10794 10795 10778
f 10778 10795 10779
f 10795 10796 10779
f 10779 10796 10780
f 10796 10797 10780
f 10780 10797 10781
f 10797 10798 10781
f 10781 10798 10782
f 10798 10799 10782
f 10782 10799 5467
f 10799 5468 5467
f 10442 10441 10783
f 10441 10800 10783
f 10783 10800 10784
f 10800 10801 10784
f 10784 10801 10785
f 10801 10802 10785
f 10785 10802 10786
f 10802 10803 10786
f 10786 10803 10787
f 10803 10804 10787
f 10787 10804 10788
f 10804 10805 10788
f 10788 10805 10789
f 10805 10806 10789
f 10789 10806 10790
f 10806 10807 10790
f 10790 10807 10791
f 10807 10808 10791
f 10791 10808 10792
f 10808 10809 10792
f 10792 10809 10793
f 10809 10810 10793
f 10793 10810 10794
f 10810 10811 10794
f 10794 10811 10795
f 10811 10812 10795
f 10795 10812 10796
f 10812 10813 10796
f 10796 10813 10797
f 10813 10814 10797
f 10797 10814 10798
f 10814 10815 10798
f 10798 10815 10799
f 10815 10816 10799
f 10799 10816 5468
f 10816 5469 5468
f 10441 10440 10800
f 10440 10817 10800
f 10800 10817 10801
f 10817 10818 10801
f 10801 10818 10802
f 10818 10819 10802
f 10802 10819 10803
f 10819 10820 10803
f 10803 10820 10804
f 10820 10821 10804
f 10804 10821 10805
f 10821 10822 10805
f 10805 10822 10806
f 10822 10823 10806
f 10806 10823 10807
f 10823 10824 10807
f 10807 10824 10808
f 10824 10825 10808
f 10808 10825 10809
f 10825 10826 10809
f 10809 10826 10810
f 10826 10827 10810
f 10810 10827 10811
f 10827 10828 10811
f 10811 10828 10812
f 10828 10829 10812
f 10812 10829 10813
f 10829 10830 10813
f 10813 10830 10814
f 10830 10831 10814
f 10814 10831 10815
f 10831 10832 10815
f 10815 10832 10816
f 10832 10833 10816
f 10816 10833 5469
f 10833 5470 5469
f 10440 10439 10817
f 10439 10834 10817
f 10817 10834 10818
f 10834 10835 10818
f 10818 10835 10819
f 10835 10836 10819
f 10819 10836 10820
f 10836 10837 10820
f 10820 10837 10821
f 10837 10838 10821
f 10821 10838 10822
f 10838 10839 10822
f 10822 10839 10823
f 10839 10840 10823
f 10823 10840 10824
f 10840 10841 10824
f 10824 10841 10825
f 10841 10842 10825
f 10825 10842 10826
f 10842 10843 10826
f 10826 10843 10827
f 10843 10844 10827
f 10827 10844 10828
f 10844 10845 10828
f 10828 10845 10829
f 10845 10846 10829
f 10829 10846 10830
f 10846 10847 10830
f 10830 10847 10831
f 10847 10848 10831
f 10831 10848 10832
f 10848 10849 10832
f 10832 10849 10833
f 10849 10850 10833
f 10833 10850 5470
f 10850 5483 5470
f 10439 10438 10834
f 10438 10851 10834
f 10834 10851 10835
f 10851 10852 10835
f 10835 10852 10836
f 10852 10853 10836
f 10836 10853 10837
f 10853 10854 10837
f 10837 10854 10838
f 10854 10855 10838
f 10838 10855 10839
f 10855 10856 10839
f 10839 10856 10840
f 10856 10857 10840
f 10840 10857 10841
f 10857 10858 10841
f 10841 10858 10842
f 10858 10859 10842
f 10842 10859 10843
f 10859 10860 10843
f 10843 10860 10844
f 10860 10861 10844
f 10844 10861 10845
f 10861 10862 10845
f 10845 10862 10846
f 10862 10863 10846
f 10846 10863 10847
f 10863 10864 10847
f 10847 10864 10848
f 10864 10865 10848
f 10848 10865 10849
f 10865 10866 10849
f 10849 10866 10850
f 10866 10867 10850
f 10850 10867 5483
f 10867 5482 5483
f 5454 5482 10867
f 5454 10867 10868
f 10867 10866 10868
f 10868 10866 10869
f 10866 10865 10869
f 10869 10865 10870
f 10865 10864 10870
f 10870 10864 10871
f 10864 10863 10871
f 10871 10863 10872
f 10863 10862 10872
f 10872 10862 10873
f 10862 10861 10873
f 10873 10861 10874
f 10861 10860 10874
f 10874 10860 10875
f 10860 10859 10875
f 10875 10859 10876
f 10859 10858 10876
f 10876 10858 10877
f 10858 10857 10877
f 10877 10857 10878
f 10857 10856 10878
f 10878 10856 10879
f 10856 10855 10879
f 10879 10855 10880
f 10855 10854 10880
f 10880 10854 10881
f 10854 10853 10881
f 10881 10853 10882
f 10853 10852 10882
f 10882 10852 10883
f 10852 10851 10883
f 10883 10851 10884
f 10851 10438 10884
f 10884 10438 10449
f 5454 10868 10885
f 1059 1054 10886
f 10868 10869 10887
f 1057 1058 10888
f 10869 10870 10889
f 1055 1056 10890
f 10870 10871 10891
f 1062 1063 10892
f 10871 10872 10893
f 1060 1061 10894
f 10872 10873 10895
f 1064 1065 10896
f 10873 10874 10897
f 1052 1066 10898
f 10874 10875 10899
f 10875 10876 10900
f 10876 10877 10901
f 10877 10878 10902
f 10878 10879 10903
f 10880 10881 10904
f 10882 10883 10905
f 10884 10449 10467
f 10884 10467 10906
f 10467 10466 10906
f 10906 10466 10907
f 10466 10465 10907
f 10907 10465 10908
f 10465 10464 10908
f 10908 10464 10909
f 10464 10463 10909
f 10909 10463 10910
f 10463 10462 10910
f 10910 10462 10911
f 10462 10461 10911
f 10911 10461 10912
f 10461 10460 10912
f 10912 10460 10913
f 10460 10459 10913
f 10913 10459 10914
f 10459 10458 10914
f 10914 10458 10915
f 10458 10457 10915
f 10915 10457 10916
f 10457 10456 10916
f 10916 10456 10917
f 10456 10455 10917
f 10917 10455 10918
f 10455 10454 10918
f 10918 10454 10919
f 10454 10453 10919
f 10919 10453 10920
f 10453 10452 10920
f 10920 10452 10921
f 10452 10451 10921
f 10921 10451 10922
f 10451 10450 10922
f 10922 10450 10923
f 10450 1080 10923
f 1080 1081 10923
f 10923 1081 1078
f 1078 10924 10923
f 10924 10925 10923
f 10923 10925 10922
f 10925 10926 10922
f 10922 10926 10921
f 10926 10927 10921
f 10921 10927 10920
f 10927 10928 10920
f 10920 10928 10919
f 10928 10929 10919
f 10919 10929 10918
f 10929 10930 10918
f 10918 10930 10917
f 10930 10931 10917
f 10917 10931 10916
f 10931 10932 10916
f 10916 10932 10915
f 10932 10933 10915
f 10915 10933 10914
f 10933 10934 10914
f 10914 10934 10913
f 10934 10935 10913
f 10913 10935 10912
f 10935 10936 10912
f 10912 10936 10911
f 10936 10937 10911
f 10911 10937 10910
f 10937 10938 10910
f 10910 10938 10909
f 10938 10939 10909
f 10909 10939 10908
f 10939 10940 10908
f 10908 10940 10907
f 10940 10905 10907
f 10907 10905 10906
f 10905 10883 10906
f 10906 10883 10884
f 10882 10905 10941
f 10905 10940 10941
f 10941 10940 10942
f 10940 10939 10942
f 10942 10939 10943
f 10939 10938 10943
f 10943 10938 10944
f 10938 10937 10944
f 10944 10937 10945
f 10937 10936 10945
f 10945 10936 10946
f 10936 10935 10946
f 10946 10935 10947
f 10935 10934 10947
f 10947 10934 10948
f 10934 10933 10948
f 10948 10933 10949
f 10933 10932 10949
f 10949 10932 10950
f 10932 10931 10950
f 10950 10931 10951
f 10931 10930 10951
f 10951 10930 10952
f 10930 10929 10952
f 10952 10929 10953
f 10929 10928 10953
f 10953 10928 10954
f 10928 10927 10954
f 10954 10927 10955
f 10927 10926 10955
f 10955 10926 10956
f 10926 10925 10956
f 10956 10925 10957
f 10925 10924 10957
f 10957 10924 10958
f 1078 1077 10924
f 1077 1076 10924
f 10924 1076 10958
f 1076 1079 10958
f 10958 1079 1049
f 1049 10959 10958
f 10959 10960 10958
f 10958 10960 10957
f 10960 10961 10957
f 10957 10961 10956
f 10961 10962 10956
f 10956 10962 10955
f 10962 10963 10955
f 10955 10963 10954
f 10963 10964 10954
f 10954 10964 10953
f 10964 10965 10953
f 10953 10965 10952
f 10965 10966 10952
f 10952 10966 10951
f 10966 10967 10951
f 10951 10967 10950
f 10967 10968 10950
f 10950 10968 10949
f 10968 10969 10949
f 10949 10969 10948
f 10969 10970 10948
f 10948 10970 10947
f 10970 10971 10947
f 10947 10971 10946
f 10971 10972 10946
f 10946 10972 10945
f 10972 10973 10945
f 10945 10973 10944
f 10973 10974 10944
f 10944 10974 10943
f 10974 10975 10943
f 10943 10975 10942
f 10975 10904 10942
f 10942 10904 10941
f 10904 10881 10941
f 10941 10881 10882
f 10880 10904 10976
f 10904 10975 10976
f 10976 10975 10977
f 10975 10974 10977
f 10977 10974 10978
f 10974 10973 10978
f 10978 10973 10979
f 10973 10972 10979
f 10979 10972 10980
f 10972 10971 10980
f 10980 10971 10981
f 10971 10970 10981
f 10981 10970 10982
f 10970 10969 10982
f 10982 10969 10983
f 10969 10968 10983
f 10983 10968 10984
f 10968 10967 10984
f 10984 10967 10985
f 10967 10966 10985
f 10985 10966 10986
f 10966 10965 10986
f 10986 10965 10987
f 10965 10964 10987
f 10987 10964 10988
f 10964 10963 10988
f 10988 10963 10989
f 10963 10962 10989
f 10989 10962 10990
f 10962 10961 10990
f 10990 10961 10991
f 10961 10960 10991
f 10991 10960 10992
f 10960 10959 10992
f 10992 10959 10993
f 1049 1074 10959
f 1074 1073 10959
f 10959 1073 10993
f 1073 1075 10993
f 10993 1075 1072
f 1072 10994 10993
f 10994 10995 10993
f 10993 10995 10992
f 10995 10996 10992
f 10992 10996 10991
f 10996 10997 10991
f 10991 10997 10990
f 10997 10998 10990
f 10990 10998 10989
f 10998 10999 10989
f 10989 10999 10988
f 10999 11000 10988
f 10988 11000 10987
f 11000 11001 10987
f 10987 11001 10986
f 11001 11002 10986
f 10986 11002 10985
f 11002 11003 10985
f 10985 11003 10984
f 11003 11004 10984
f 10984 11004 10983
f 11004 11005 10983
f 10983 11005 10982
f 11005 11006 10982
f 10982 11006 10981
f 11006 11007 10981
f 10981 11007 10980
f 11007 11008 10980
f 10980 11008 10979
f 11008 11009 10979
f 10979 11009 10978
f 11009 11010 10978
f 10978 11010 10977
f 11010 10903 10977
f 10977 10903 10976
f 10903 10879 10976
f 10976 10879 10880
f 10878 10903 10902
f 10903 11010 10902
f 10902 11010 11011
f 11010 11009 11011
f 11011 11009 11012
f 11009 11008 11012
f 11012 11008 11013
f 11008 11007 11013
f 11013 11007 11014
f 11007 11006 11014
f 11014 11006 11015
f 11006 11005 11015
f 11015 11005 11016
f 11005 11004 11016
f 11016 11004 11017
f 11004 11003 11017
f 11017 11003 11018
f 11003 11002 11018
f 11018 11002 11019
f 11002 11001 11019
f 11019 11001 11020
f 11001 11000 11020
f 11020 11000 11021
f 11000 10999 11021
f 11021 10999 11022
f 10999 10998 11022
f 11022 10998 11023
f 10998 10997 11023
f 11023 10997 11024
f 10997 10996 11024
f 11024 10996 11025
f 10996 10995 11025
f 11025 10995 11026
f 10995 10994 11026
f 11026 10994 11027
f 1072 1071 10994
f 1071 1070 10994
f 10994 1070 11027
f 1070 1069 11027
f 11027 1069 1068
f 10877 10902 10901
f 10902 11011 10901
f 10901 11011 11028
f 11011 11012 11028
f 11028 11012 11029
f 11012 11013 11029
f 11029 11013 11030
f 11013 11014 11030
f 11030 11014 11031
f 11014 11015 11031
f 11031 11015 11032
f 11015 11016 11032
f 11032 11016 11033
f 11016 11017 11033
f 11033 11017 11034
f 11017 11018 11034
f 11034 11018 11035
f 11018 11019 11035
f 11035 11019 11036
f 11019 11020 11036
f 11036 11020 11037
f 11020 11021 11037
f 11037 11021 11038
f 11021 11022 11038
f 11038 11022 11039
f 11022 11023 11039
f 11039 11023 11040
f 11023 11024 11040
f 11040 11024 11041
f 11024 11025 11041
f 11041 11025 11042
f 11025 11026 11042
f 11042 11026 11043
f 11026 11027 11043
f 11043 11027 11044
f 11027 1068 11044
f 11044 1068 1050
f 10876 10901 10900
f 10901 11028 10900
f 10900 11028 11045
f 11028 11029 11045
f 11045 11029 11046
f 11029 11030 11046
f 11046 11030 11047
f 11030 11031 11047
f 11047 11031 11048
f 11031 11032 11048
f 11048 11032 11049
f 11032 11033 11049
f 11049 11033 11050
f 11033 11034 11050
f 11050 11034 11051
f 11034 11035 11051
f 11051 11035 11052
f 11035 11036 11052
f 11052 11036 11053
f 11036 11037 11053
f 11053 11037 11054
f 11037 11038 11054
f 11054 11038 11055
f 11038 11039 11055
f 11055 11039 11056
f 11039 11040 11056
f 11056 11040 11057
f 11040 11041 11057
f 11057 11041 11058
f 11041 11042 11058
f 11058 11042 11059
f 11042 11043 11059
f 11059 11043 11060
f 11043 11044 11060
f 11060 11044 11061
f 11044 1050 11061
f 11061 1050 1067
f 10875 10900 10899
f 10900 11045 10899
f 10899 11045 11062
f 11045 11046 11062
f 11062 11046 11063
f 11046 11047 11063
f 11063 11047 11064
f 11047 11048 11064
f 11064 11048 11065
f 11048 11049 11065
f 11065 11049 11066
f 11049 11050 11066
f 11066 11050 11067
f 11050 11051 11067
f 11067 11051 11068
f 11051 11052 11068
f 11068 11052 11069
f 11052 11053 11069
f 11069 11053 11070
f 11053 11054 11070
f 11070 11054 11071
f 11054 11055 11071
f 11071 11055 11072
f 11055 11056 11072
f 11072 11056 11073
f 11056 11057 11073
f 11073 11057 11074
f 11057 11058 11074
f 11074 11058 11075
f 11058 11059 11075
f 11075 11059 11076
f 11059 11060 11076
f 11076 11060 11077
f 11060 11061 11077
f 11077 11061 11078
f 11061 1067 11078
f 11078 1067 1051
f 10874 10899 10897
f 10899 11062 10897
f 10897 11062 11079
f 11062 11063 11079
f 11079 11063 11080
f 11063 11064 11080
f 11080 11064 11081
f 11064 11065 11081
f 11081 11065 11082
f 11065 11066 11082
f 11082 11066 11083
f 11066 11067 11083
f 11083 11067 11084
f 11067 11068 11084
f 11084 11068 11085
f 11068 11069 11085
f 11085 11069 11086
f 11069 11070 11086
f 11086 11070 11087
f 11070 11071 11087
f 11087 11071 11088
f 11071 11072 11088
f 11088 11072 11089
f 11072 11073 11089
f 11089 11073 11090
f 11073 11074 11090
f 11090 11074 11091
f 11074 11075 11091
f 11091 11075 11092
f 11075 11076 11092
f 11092 11076 11093
f 11076 11077 11093
f 11093 11077 11094
f 11077 11078 11094
f 11094 11078 10898
f 11078 1051 10898
f 10898 1051 1052
f 10873 10897 10895
f 10897 11079 10895
f 10895 11079 11095
f 11079 11080 11095
f 11095 11080 11096
f 11080 11081 11096
f 11096 11081 11097
f 11081 11082 11097
f 11097 11082 11098
f 11082 11083 11098
f 11098 11083 11099
f 11083 11084 11099
f 11099 11084 11100
f 11084 11085 11100
f 11100 11085 11101
f 11085 11086 11101
f 11101 11086 11102
f 11086 11087 11102
f 11102 11087 11103
f 11087 11088 11103
f 11103 11088 11104
f 11088 11089 11104
f 11104 11089 11105
f 11089 11090 11105
f 11105 11090 11106
f 11090 11091 11106
f 11106 11091 11107
f 11091 11092 11107
f 11107 11092 11108
f 11092 11093 11108
f 11108 11093 11109
f 11093 11094 11109
f 11109 11094 11110
f 11094 10898 11110
f 11110 10898 10896
f 10898 1066 10896
f 10896 1066 1064
f 10872 10895 10893
f 10895 11095 10893
f 10893 11095 11111
f 11095 11096 11111
f 11111 11096 11112
f 11096 11097 11112
f 11112 11097 11113
f 11097 11098 11113
f 11113 11098 11114
f 11098 11099 11114
f 11114 11099 11115
f 11099 11100 11115
f 11115 11100 11116
f 11100 11101 11116
f 11116 11101 11117
f 11101 11102 11117
f 11117 11102 11118
f 11102 11103 11118
f 11118 11103 11119
f 11103 11104 11119
f 11119 11104 11120
f 11104 11105 11120
f 11120 11105 11121
f 11105 11106 11121
f 11121 11106 11122
f 11106 11107 11122
f 11122 11107 11123
f 11107 11108 11123
f 11123 11108 11124
f 11108 11109 11124
f 11124 11109 11125
f 11109 11110 11125
f 11125 11110 11126
f 11110 10896 11126
f 11126 10896 10894
f 10896 1065 10894
f 10894 1065 1060
f 10871 10893 10891
f 10893 11111 10891
f 10891 11111 11127
f 11111 11112 11127
f 11127 11112 11128
f 11112 11113 11128
f 11128 11113 11129
f 11113 11114 11129
f 11129 11114 11130
f 11114 11115 11130
f 11130 11115 11131
f 11115 11116 11131
f 11131 11116 11132
f 11116 11117 11132
f 11132 11117 11133
f 11117 11118 11133
f 11133 11118 11134
f 11118 11119 11134
f 11134 11119 11135
f 11119 11120 11135
f 11135 11120 11136
f 11120 11121 11136
f 11136 11121 11137
f 11121 11122 11137
f 11137 11122 11138
f 11122 11123 11138
f 11138 11123 11139
f 11123 11124 11139
f 11139 11124 11140
f 11124 11125 11140
f 11140 11125 11141
f 11125 11126 11141
f 11141 11126 11142
f 11126 10894 11142
f 11142 10894 10892
f 10894 1061 10892
f 10892 1061 1062
f 10870 10891 10889
f 10891 11127 10889
f 10889 11127 11143
f 11127 11128 11143
f 11143 11128 11144
f 11128 11129 11144
f 11144 11129 11145
f 11129 11130 11145
f 11145 11130 11146
f 11130 11131 11146
f 11146 11131 11147
f 11131 11132 11147
f 11147 11132 11148
f 11132 11133 11148
f 11148 11133 11149
f 11133 11134 11149
f 11149 11134 11150
f 11134 11135 11150
f 11150 11135 11151
f 11135 11136 11151
f 11151 11136 11152
f 11136 11137 11152
f 11152 11137 11153
f 11137 11138 11153
f 11153 11138 11154
f 11138 11139 11154
f 11154 11139 11155
f 11139 11140 11155
f 11155 11140 11156
f 11140 11141 11156
f 11156 11141 11157
f 11141 11142 11157
f 11157 11142 11158
f 11142 10892 11158
f 11158 10892 10890
f 10892 1063 10890
f 10890 1063 1055
f 10869 10889 10887
f 10889 11143 10887
f 10887 11143 11159
f 11143 11144 11159
f 11159 11144 11160
f 11144 11145 11160
f 11160 11145 11161
f 11145 11146 11161
f 11161 11146 11162
f 11146 11147 11162
f 11162 11147 11163
f 11147 11148 11163
f 11163 11148 11164
f 11148 11149 11164
f 11164 11149 11165
f 11149 11150 11165
f 11165 11150 11166
f 11150 11151 11166
f 11166 11151 11167
f 11151 11152 11167
f 11167 11152 11168
f 11152 11153 11168
f 11168 11153 11169
f 11153 11154 11169
f 11169 11154 11170
f 11154 11155 11170
f 11170 11155 11171
f 11155 11156 11171
f 11171 11156 11172
f 11156 11157 11172
f 11172 11157 11173
f 11157 11158 11173
f 11173 11158 11174
f 11158 10890 11174
f 11174 10890 10888
f 10890 1056 10888
f 10888 1056 1057
f 10868 10887 10885
f 10887 11159 10885
f 10885 11159 11175
f 11159 11160 11175
f 11175 11160 11176
f 11160 11161 11176
f 11176 11161 11177
f 11161 11162 11177
f 11177 11162 11178
f 11162 11163 11178
f 11178 11163 11179
f 11163 11164 11179
f 11179 11164 11180
f 11164 11165 11180
f 11180 11165 11181
f 11165 11166 11181
f 11181 11166 11182
f 11166 11167 11182
f 11182 11167 11183
f 11167 11168 11183
f 11183 11168 11184
f 11168 11169 11184
f 11184 11169 11185
f 11169 11170 11185
f 11185 11170 11186
f 11170 11171 11186
f 11186 11171 11187
f 11171 11172 11187
f 11187 11172 11188
f 11172 11173 11188
f 11188 11173 11189
f 11173 11174 11189
f 11189 11174 11190
f 11174 10888 11190
f 11190 10888 10886
f 10888 1058 10886
f 10886 1058 1059
f 5454 10885 5453
f 10885 11175 5453
f 5453 11175 5452
f 11175 11176 5452
f 5452 11176 5477
f 11176 11177 5477
f 5477 11177 5476
f 11177 11178 5476
f 5476 11178 5475
f 11178 11179 5475
f 5475 11179 5474
f 11179 11180 5474
f 5474 11180 5473
f 11180 11181 5473
f 5473 11181 5472
f 11181 11182 5472
f 5472 11182 5471
f 11182 11183 5471
f 5471 11183 5461
f 11183 11184 5461
f 5461 11184 5460
f 11184 11185 5460
f 5460 11185 5459
f 11185 11186 5459
f 5459 11186 5458
f 11186 11187 5458
f 5458 11187 5443
f 11187 11188 5443
f 5443 11188 5444
f 11188 11189 5444
f 5444 11189 5445
f 11189 11190 5445
f 5445 11190 5446
f 11190 10886 5446
f 5446 10886 5451
f 10886 1054 5451
f 5451 1054 1053
f 11191 5447 660
f 11192 11193 4698
f 4840 5449 4593
f 5449 11192 4593
f 4593 11192 4594
f 11192 4698 4594
f 11194 11195 4599
f 4599 4597 11194
f 4597 4596 11194
f 11194 4596 11193
f 4596 4695 11193
f 11193 4695 4698
f 11196 11197 4717
f 4717 4715 11196
f 4715 4713 11196
f 11196 4713 11195
f 4713 4711 11195
f 11195 4711 4599
f 11198 4723 11199
f 4723 4721 11199
f 11199 4721 11197
f 4721 4719 11197
f 11197 4719 4717
f 11200 11201 4731
f 4731 4729 11200
f 4729 4727 11200
f 11200 4727 11198
f 4727 4725 11198
f 11198 4725 4723
f 11202 4803 11203
f 4803 4805 11203
f 11203 4805 11201
f 4805 4732 11201
f 11201 4732 4731
f 11204 11205 4795
f 4795 4797 11204
f 4797 4799 11204
f 11204 4799 11202
f 4799 4801 11202
f 11202 4801 4803
f 11206 4789 11207
f 4789 4791 11207
f 11207 4791 11205
f 4791 4793 11205
f 11205 4793 4795
f 11208 11209 4781
f 4781 4783 11208
f 4783 4785 11208
f 11208 4785 11206
f 4785 4787 11206
f 11206 4787 4789
f 4769 4771 11210
f 4771 4772 11210
f 11211 10472 11210
f 10472 10468 11210
f 11210 10468 4769
f 11212 10471 11211
f 10471 10473 11211
f 11211 10473 10472
f 10474 10475 11213
f 10475 10469 11213
f 11213 10469 11212
f 10469 10470 11212
f 11212 10470 10471
f 11214 672 10476
f 672 557 10476
f 674 673 11215
f 675 671 11215
f 671 670 11215
f 11215 670 674
f 11216 677 676
f 676 680 11216
f 680 679 11216
f 11216 679 11215
f 679 678 11215
f 11215 678 675
f 677 11216 606
f 11216 11217 606
f 606 11217 607
f 11218 603 11217
f 603 742 11217
f 11217 742 607
f 11219 755 604
f 755 11219 687
f 11219 11220 687
f 687 11220 686
f 686 11220 684
f 11220 11221 684
f 684 11221 700
f 696 704 11222
f 704 703 11222
f 11222 703 11221
f 703 701 11221
f 11221 701 700
f 696 11222 698
f 11222 11223 698
f 698 11223 699
f 11224 784 11223
f 784 694 11223
f 11223 694 699
f 646 647 11225
f 647 782 11225
f 11225 782 11224
f 782 783 11224
f 11224 783 784
f 646 11225 644
f 11225 11226 644
f 644 11226 645
f 11227 649 648
f 649 11227 650
f 11227 11228 650
f 650 11228 661
f 11229 663 11228
f 663 662 11228
f 11228 662 661
f 11230 665 11229
f 665 664 11229
f 11229 664 663
f 11231 652 11230
f 652 651 11230
f 11230 651 665
f 11232 654 11231
f 654 653 11231
f 11231 653 652
f 660 659 11191
f 659 657 11191
f 11191 657 11233
f 657 656 11233
f 11233 656 11232
f 656 655 11232
f 11232 655 654
f 5448 5447 11234
f 5447 11191 11234
f 11234 11191 11235
f 11191 11233 11235
f 11235 11233 11236
f 11233 11232 11236
f 11236 11232 11237
f 11232 11231 11237
f 11237 11231 11238
f 11231 11230 11238
f 11238 11230 11239
f 11230 11229 11239
f 11239 11229 11240
f 11229 11228 11240
f 11240 11228 11226
f 11228 11227 11226
f 11226 11227 645
f 11227 648 645
f 5437 5448 11241
f 5448 11234 11241
f 11241 11234 11242
f 11234 11235 11242
f 11242 11235 11243
f 11235 11236 11243
f 11243 11236 11244
f 11236 11237 11244
f 11244 11237 11245
f 11237 11238 11245
f 11245 11238 11246
f 11238 11239 11246
f 11246 11239 11247
f 11239 11240 11247
f 11247 11240 11248
f 11240 11226 11248
f 11248 11226 11249
f 11226 11225 11249
f 11249 11225 11250
f 11225 11224 11250
f 11250 11224 11251
f 11224 11223 11251
f 11251 11223 11252
f 11223 11222 11252
f 11252 11222 11253
f 11222 11221 11253
f 11253 11221 11254
f 11221 11220 11254
f 11254 11220 11218
f 11220 11219 11218
f 11218 11219 603
f 11219 604 603
f 5449 5450 11192
f 5450 11255 11192
f 11192 11255 11193
f 11255 11256 11193
f 11193 11256 11194
f 11256 11257 11194
f 11194 11257 11195
f 11257 11258 11195
f 11195 11258 11196
f 11258 11259 11196
f 11196 11259 11197
f 11259 11260 11197
f 11197 11260 11199
f 11260 11261 11199
f 11199 11261 11198
f 11261 11262 11198
f 11198 11262 11200
f 11262 11263 11200
f 11200 11263 11201
f 11263 11264 11201
f 11201 11264 11203
f 11264 11265 11203
f 11203 11265 11202
f 11265 11266 11202
f 11202 11266 11204
f 11266 11267 11204
f 11204 11267 11205
f 11267 11268 11205
f 11205 11268 11207
f 11268 11269 11207
f 11207 11269 11206
f 11269 11270 11206
f 11206 11270 11208
f 11270 11271 11208
f 11208 11271 11209
f 11271 11272 11209
f 5450 5439 11255
f 5439 11273 11255
f 11255 11273 11256
f 11273 11274 11256
f 11256 11274 11257
f 11274 11275 11257
f 11257 11275 11258
f 11275 11276 11258
f 11258 11276 11259
f 11276 11277 11259
f 11259 11277 11260
f 11277 11278 11260
f 11260 11278 11261
f 11278 11279 11261
f 11261 11279 11262
f 11279 11280 11262
f 11262 11280 11263
f 11280 11281 11263
f 11263 11281 11264
f 11281 11282 11264
f 11264 11282 11265
f 11282 11283 11265
f 11265 11283 11266
f 11283 11284 11266
f 11266 11284 11267
f 11284 11285 11267
f 11267 11285 11268
f 11285 11286 11268
f 11268 11286 11269
f 11286 11287 11269
f 11269 11287 11270
f 11287 11288 11270
f 11270 11288 11271
f 11288 11289 11271
f 11271 11289 11272
f 11289 11290 11272
f 5439 5438 11273
f 5438 11291 11273
f 11273 11291 11274
f 11291 11292 11274
f 11274 11292 11275
f 11292 11293 11275
f 11275 11293 11276
f 11293 11294 11276
f 11276 11294 11277
f 11294 11295 11277
f 11277 11295 11278
f 11295 11296 11278
f 11278 11296 11279
f 11296 11297 11279
f 11279 11297 11280
f 11297 11298 11280
f 11280 11298 11281
f 11298 11299 11281
f 11281 11299 11282
f 11299 11300 11282
f 11282 11300 11283
f 11300 11301 11283
f 11283 11301 11284
f 11301 11302 11284
f 11284 11302 11285
f 11302 11303 11285
f 11285 11303 11286
f 11303 11304 11286
f 11286 11304 11287
f 11304 11305 11287
f 11287 11305 11288
f 11305 11306 11288
f 11288 11306 11289
f 11306 11307 11289
f 11289 11307 11290
f 11307 11308 11290
f 5438 5437 11291
f 5437 11241 11291
f 11291 11241 11292
f 11241 11242 11292
f 11292 11242 11293
f 11242 11243 11293
f 11293 11243 11294
f 11243 11244 11294
f 11294 11244 11295
f 11244 11245 11295
f 11295 11245 11296
f 11245 11246 11296
f 11296 11246 11297
f 11246 11247 11297
f 11297 11247 11298
f 11247 11248 11298
f 11298 11248 11299
f 11248 11249 11299
f 11299 11249 11300
f 11249 11250 11300
f 11300 11250 11301
f 11250 11251 11301
f 11301 11251 11302
f 11251 11252 11302
f 11302 11252 11303
f 11252 11253 11303
f 11303 11253 11304
f 11253 11254 11304
f 11304 11254 11305
f 11254 11218 11305
f 11305 11218 11306
f 11218 11217 11306
f 11306 11217 11307
f 11217 11216 11307
f 11307 11216 11308
f 11216 11215 11308
f 11308 11215 11214
f 11215 673 11214
f 11214 673 672
f 10476 10474 11214
f 10474 11213 11214
f 11214 11213 11308
f 11213 11212 11308
f 11308 11212 11290
f 11212 11211 11290
f 11290 11211 11272
f 11211 11210 11272
f 11272 11210 11209
f 11210 4772 11209
f 11209 4772 4781
