v 0.0102 0.0 -0.0023
v 0.010406 0.000139 -0.0021
v 0.010207 0.000157 -0.0023
v 0.010424 0.000278 -0.0021
v 0.010227 0.000313 -0.0023
v 0.010455 0.000414 -0.0021
v 0.010261 0.000466 -0.0023
v 0.010496 0.000547 -0.0021
v 0.010309 0.000616 -0.0023
v 0.01055 0.000676 -0.0021
v 0.010369 0.000761 -0.0023
v 0.010614 0.0008 -0.0021
v 0.010441 0.0009 -0.0023
v 0.010689 0.000918 -0.0021
v 0.010526 0.001032 -0.0023
v 0.010774 0.001028 -0.0021
v 0.010621 0.001157 -0.0023
v 0.010869 0.001131 -0.0021
v 0.010727 0.001273 -0.0023
v 0.010972 0.001226 -0.0021
v 0.010843 0.001379 -0.0023
v 0.011082 0.001311 -0.0021
v 0.010968 0.001474 -0.0023
v 0.0112 0.001386 -0.0021
v 0.0111 0.001559 -0.0023
v 0.011324 0.00145 -0.0021
v 0.011239 0.001631 -0.0023
v 0.011453 0.001504 -0.0021
v 0.011384 0.001691 -0.0023
v 0.011586 0.001545 -0.0021
v 0.011534 0.001739 -0.0023
v 0.011722 0.001576 -0.0021
v 0.011687 0.001773 -0.0023
v 0.011861 0.001594 -0.0021
v 0.011843 0.001793 -0.0023
v 0.012 0.0016 -0.0021
v 0.012 0.0018 -0.0023
v 0.012139 0.001594 -0.0021
v 0.012157 0.001793 -0.0023
v 0.012278 0.001576 -0.0021
v 0.012313 0.001773 -0.0023
v 0.012414 0.001545 -0.0021
v 0.012466 0.001739 -0.0023
v 0.012547 0.001504 -0.0021
v 0.012616 0.001691 -0.0023
v 0.012676 0.00145 -0.0021
v 0.012761 0.001631 -0.0023
v 0.0128 0.001386 -0.0021
v 0.0129 0.001559 -0.0023
v 0.012918 0.001311 -0.0021
v 0.013032 0.001474 -0.0023
v 0.013028 0.001226 -0.0021
v 0.013157 0.001379 -0.0023
v 0.013131 0.001131 -0.0021
v 0.013273 0.001273 -0.0023
v 0.013226 0.001028 -0.0021
v 0.013379 0.001157 -0.0023
v 0.013311 0.000918 -0.0021
v 0.013474 0.001032 -0.0023
v 0.013386 0.0008 -0.0021
v 0.013559 0.0009 -0.0023
v 0.01345 0.000676 -0.0021
v 0.013631 0.000761 -0.0023
v 0.013504 0.000547 -0.0021
v 0.013691 0.000616 -0.0023
v 0.013545 0.000414 -0.0021
v 0.013739 0.000466 -0.0023
v 0.013576 0.000278 -0.0021
v 0.013773 0.000313 -0.0023
v 0.013594 0.000139 -0.0021
v 0.013793 0.000157 -0.0023
v 0.0136 0.0 -0.0021
v 0.0138 0.0 -0.0023
v 0.013594 -0.000139 -0.0021
v 0.013793 -0.000157 -0.0023
v 0.013576 -0.000278 -0.0021
v 0.013773 -0.000313 -0.0023
v 0.013545 -0.000414 -0.0021
v 0.013739 -0.000466 -0.0023
v 0.013504 -0.000547 -0.0021
v 0.013691 -0.000616 -0.0023
v 0.01345 -0.000676 -0.0021
v 0.013631 -0.000761 -0.0023
v 0.013386 -0.0008 -0.0021
v 0.013559 -0.0009 -0.0023
v 0.013311 -0.000918 -0.0021
v 0.013474 -0.001032 -0.0023
v 0.013226 -0.001028 -0.0021
v 0.013379 -0.001157 -0.0023
v 0.013131 -0.001131 -0.0021
v 0.013273 -0.001273 -0.0023
v 0.013028 -0.001226 -0.0021
v 0.013157 -0.001379 -0.0023
v 0.012918 -0.001311 -0.0021
v 0.013032 -0.001474 -0.0023
v 0.0128 -0.001386 -0.0021
v 0.0129 -0.001559 -0.0023
v 0.012676 -0.00145 -0.0021
v 0.012761 -0.001631 -0.0023
v 0.012547 -0.001504 -0.0021
v 0.012616 -0.001691 -0.0023
v 0.012414 -0.001545 -0.0021
v 0.012466 -0.001739 -0.0023
v 0.012278 -0.001576 -0.0021
v 0.012313 -0.001773 -0.0023
v 0.012139 -0.001594 -0.0021
v 0.012157 -0.001793 -0.0023
v 0.012 -0.0016 -0.0021
v 0.012 -0.0018 -0.0023
v 0.011861 -0.001594 -0.0021
v 0.011843 -0.001793 -0.0023
v 0.011722 -0.001576 -0.0021
v 0.011687 -0.001773 -0.0023
v 0.011586 -0.001545 -0.0021
v 0.011534 -0.001739 -0.0023
v 0.011453 -0.001504 -0.0021
v 0.011384 -0.001691 -0.0023
v 0.011324 -0.00145 -0.0021
v 0.011239 -0.001631 -0.0023
v 0.0112 -0.001386 -0.0021
v 0.0111 -0.001559 -0.0023
v 0.011082 -0.001311 -0.0021
v 0.010968 -0.001474 -0.0023
v 0.010972 -0.001226 -0.0021
v 0.010843 -0.001379 -0.0023
v 0.010869 -0.001131 -0.0021
v 0.010727 -0.001273 -0.0023
v 0.010774 -0.001028 -0.0021
v 0.010621 -0.001157 -0.0023
v 0.010689 -0.000918 -0.0021
v 0.010526 -0.001032 -0.0023
v 0.010614 -0.0008 -0.0021
v 0.010441 -0.0009 -0.0023
v 0.01055 -0.000676 -0.0021
v 0.010369 -0.000761 -0.0023
v 0.010496 -0.000547 -0.0021
v 0.010309 -0.000616 -0.0023
v 0.010455 -0.000414 -0.0021
v 0.010261 -0.000466 -0.0023
v 0.010424 -0.000278 -0.0021
v 0.010227 -0.000313 -0.0023
v 0.010406 -0.000139 -0.0021
v 0.010207 -0.000157 -0.0023
v 0.0104 0.0 -0.0021
v 0.0102 0.0 -0.0028
v 0.010207 0.000157 -0.0028
v 0.010227 0.000313 -0.0028
v 0.010261 0.000466 -0.0028
v 0.010309 0.000616 -0.0028
v 0.010369 0.000761 -0.0028
v 0.010441 0.0009 -0.0028
v 0.010526 0.001032 -0.0028
v 0.010621 0.001157 -0.0028
v 0.010727 0.001273 -0.0028
v 0.010843 0.001379 -0.0028
v 0.010968 0.001474 -0.0028
v 0.0111 0.001559 -0.0028
v 0.011239 0.001631 -0.0028
v 0.011384 0.001691 -0.0028
v 0.011534 0.001739 -0.0028
v 0.011687 0.001773 -0.0028
v 0.011843 0.001793 -0.0028
v 0.012 0.0018 -0.0028
v 0.012157 0.001793 -0.0028
v 0.012313 0.001773 -0.0028
v 0.012466 0.001739 -0.0028
v 0.012616 0.001691 -0.0028
v 0.012761 0.001631 -0.0028
v 0.0129 0.001559 -0.0028
v 0.013032 0.001474 -0.0028
v 0.013157 0.001379 -0.0028
v 0.013273 0.001273 -0.0028
v 0.013379 0.001157 -0.0028
v 0.013474 0.001032 -0.0028
v 0.013559 0.0009 -0.0028
v 0.013631 0.000761 -0.0028
v 0.013691 0.000616 -0.0028
v 0.013739 0.000466 -0.0028
v 0.013773 0.000313 -0.0028
v 0.013793 0.000157 -0.0028
v 0.0138 -0.0 -0.0028
v 0.013793 -0.000157 -0.0028
v 0.013773 -0.000313 -0.0028
v 0.013739 -0.000466 -0.0028
v 0.013691 -0.000616 -0.0028
v 0.013631 -0.000761 -0.0028
v 0.013559 -0.0009 -0.0028
v 0.013474 -0.001032 -0.0028
v 0.013379 -0.001157 -0.0028
v 0.013273 -0.001273 -0.0028
v 0.013157 -0.001379 -0.0028
v 0.013032 -0.001474 -0.0028
v 0.0129 -0.001559 -0.0028
v 0.012761 -0.001631 -0.0028
v 0.012616 -0.001691 -0.0028
v 0.012466 -0.001739 -0.0028
v 0.012313 -0.001773 -0.0028
v 0.012157 -0.001793 -0.0028
v 0.012 -0.0018 -0.0028
v 0.011843 -0.001793 -0.0028
v 0.011687 -0.001773 -0.0028
v 0.011534 -0.001739 -0.0028
v 0.011384 -0.001691 -0.0028
v 0.011239 -0.001631 -0.0028
v 0.0111 -0.001559 -0.0028
v 0.010968 -0.001474 -0.0028
v 0.010843 -0.001379 -0.0028
v 0.010727 -0.001273 -0.0028
v 0.010621 -0.001157 -0.0028
v 0.010526 -0.001032 -0.0028
v 0.010441 -0.0009 -0.0028
v 0.010369 -0.000761 -0.0028
v 0.010309 -0.000616 -0.0028
v 0.010261 -0.000466 -0.0028
v 0.010227 -0.000313 -0.0028
v 0.010207 -0.000157 -0.0028
v 0.012479 0.001316 -0.0021
v 0.012362 0.001352 -0.0021
v 0.012243 0.001379 -0.0021
v 0.012122 0.001395 -0.0021
v 0.012 0.0014 -0.0021
v 0.011878 0.001395 -0.0021
v 0.011757 0.001379 -0.0021
v 0.011638 0.001352 -0.0021
v 0.011521 0.001316 -0.0021
v 0.011408 0.001269 -0.0021
v 0.0113 0.001212 -0.0021
v 0.011197 0.001147 -0.0021
v 0.0111 0.001072 -0.0021
v 0.01101 0.00099 -0.0021
v 0.010928 0.0009 -0.0021
v 0.010853 0.000803 -0.0021
v 0.010788 0.0007 -0.0021
v 0.010731 0.000592 -0.0021
v 0.010684 0.000479 -0.0021
v 0.010648 0.000362 -0.0021
v 0.010621 0.000243 -0.0021
v 0.010605 0.000122 -0.0021
v 0.0106 0.0 -0.0021
v 0.010605 -0.000122 -0.0021
v 0.010621 -0.000243 -0.0021
v 0.010648 -0.000362 -0.0021
v 0.010684 -0.000479 -0.0021
v 0.010731 -0.000592 -0.0021
v 0.010788 -0.0007 -0.0021
v 0.010853 -0.000803 -0.0021
v 0.010928 -0.0009 -0.0021
v 0.01101 -0.00099 -0.0021
v 0.0111 -0.001072 -0.0021
v 0.011197 -0.001147 -0.0021
v 0.0113 -0.001212 -0.0021
v 0.011408 -0.001269 -0.0021
v 0.011521 -0.001316 -0.0021
v 0.011638 -0.001352 -0.0021
v 0.011757 -0.001379 -0.0021
v 0.011878 -0.001395 -0.0021
v 0.012 -0.0014 -0.0021
v 0.012122 -0.001395 -0.0021
v 0.012243 -0.001379 -0.0021
v 0.012362 -0.001352 -0.0021
v 0.012479 -0.001316 -0.0021
v 0.012592 -0.001269 -0.0021
v 0.0127 -0.001212 -0.0021
v 0.012803 -0.001147 -0.0021
v 0.0129 -0.001072 -0.0021
v 0.01299 -0.00099 -0.0021
v 0.013072 -0.0009 -0.0021
v 0.013147 -0.000803 -0.0021
v 0.013212 -0.0007 -0.0021
v 0.013269 -0.000592 -0.0021
v 0.013316 -0.000479 -0.0021
v 0.013352 -0.000362 -0.0021
v 0.013379 -0.000243 -0.0021
v 0.013395 -0.000122 -0.0021
v 0.0134 0.0 -0.0021
v 0.013395 0.000122 -0.0021
v 0.013379 0.000243 -0.0021
v 0.013352 0.000362 -0.0021
v 0.013316 0.000479 -0.0021
v 0.013269 0.000592 -0.0021
v 0.013212 0.0007 -0.0021
v 0.013147 0.000803 -0.0021
v 0.013072 0.0009 -0.0021
v 0.01299 0.00099 -0.0021
v 0.0129 0.001072 -0.0021
v 0.012803 0.001147 -0.0021
v 0.0127 0.001212 -0.0021
v 0.012592 0.001269 -0.0021
v 0.011203 -7e-05 -0.0036
v 0.011212 -0.000139 -0.0036
v 0.011227 -0.000207 -0.0036
v 0.011248 -0.000274 -0.0036
v 0.011275 -0.000338 -0.0036
v 0.011307 -0.0004 -0.0036
v 0.011345 -0.000459 -0.0036
v 0.011387 -0.000514 -0.0036
v 0.011434 -0.000566 -0.0036
v 0.011486 -0.000613 -0.0036
v 0.011541 -0.000655 -0.0036
v 0.0116 -0.000693 -0.0036
v 0.011662 -0.000725 -0.0036
v 0.011726 -0.000752 -0.0036
v 0.011793 -0.000773 -0.0036
v 0.011861 -0.000788 -0.0036
v 0.01193 -0.000797 -0.0036
v 0.012 -0.0008 -0.0036
v 0.01207 -0.000797 -0.0036
v 0.012139 -0.000788 -0.0036
v 0.012207 -0.000773 -0.0036
v 0.012274 -0.000752 -0.0036
v 0.012338 -0.000725 -0.0036
v 0.0124 -0.000693 -0.0036
v 0.012459 -0.000655 -0.0036
v 0.012514 -0.000613 -0.0036
v 0.012566 -0.000566 -0.0036
v 0.012613 -0.000514 -0.0036
v 0.012655 -0.000459 -0.0036
v 0.012693 -0.0004 -0.0036
v 0.012725 -0.000338 -0.0036
v 0.012752 -0.000274 -0.0036
v 0.012773 -0.000207 -0.0036
v 0.012788 -0.000139 -0.0036
v 0.012797 -7e-05 -0.0036
v 0.0128 -0.0 -0.0036
v 0.012797 7e-05 -0.0036
v 0.012788 0.000139 -0.0036
v 0.012773 0.000207 -0.0036
v 0.012752 0.000274 -0.0036
v 0.012725 0.000338 -0.0036
v 0.012693 0.0004 -0.0036
v 0.012655 0.000459 -0.0036
v 0.012613 0.000514 -0.0036
v 0.012566 0.000566 -0.0036
v 0.012514 0.000613 -0.0036
v 0.012459 0.000655 -0.0036
v 0.0124 0.000693 -0.0036
v 0.012338 0.000725 -0.0036
v 0.012274 0.000752 -0.0036
v 0.012207 0.000773 -0.0036
v 0.012139 0.000788 -0.0036
v 0.01207 0.000797 -0.0036
v 0.012 0.0008 -0.0036
v 0.01193 0.000797 -0.0036
v 0.011861 0.000788 -0.0036
v 0.011793 0.000773 -0.0036
v 0.011726 0.000752 -0.0036
v 0.011662 0.000725 -0.0036
v 0.0116 0.000693 -0.0036
v 0.011541 0.000655 -0.0036
v 0.011486 0.000613 -0.0036
v 0.011434 0.000566 -0.0036
v 0.011387 0.000514 -0.0036
v 0.011345 0.000459 -0.0036
v 0.011307 0.0004 -0.0036
v 0.011275 0.000338 -0.0036
v 0.011248 0.000274 -0.0036
v 0.011227 0.000207 -0.0036
v 0.011212 0.000139 -0.0036
v 0.011203 7e-05 -0.0036
v 0.0112 0.0 -0.0036
v 0.012 0.0 -0.0036
v -0.000225 0.003271 -0.003591
v -0.000217 0.003263 -0.0036
v -0.00027 0.003259 -0.0036
v 0.001829 0.002952 -0.003396
v 0.001739 0.002768 -0.0036
v 0.001556 0.002874 -0.0036
v -0.003391 0.000781 -0.003397
v -0.003183 0.000778 -0.0036
v -0.003227 0.000571 -0.0036
v -0.0003 0.003457 -0.0034
v -0.000298 0.003432 -0.003425
v -0.000438 0.003442 -0.0034
v -0.000296 0.003424 -0.003433
v -0.000293 0.003407 -0.003451
v -0.000289 0.003389 -0.003468
v -0.000454 0.003238 -0.0036
v -0.000287 0.003382 -0.003476
v -0.000651 0.003409 -0.003399
v -0.000655 0.003203 -0.0036
v -0.000708 0.003397 -0.003399
v -0.000856 0.003154 -0.0036
v -0.000926 0.003345 -0.003397
v -0.001253 0.003017 -0.0036
v -0.001195 0.003259 -0.003396
v -0.001056 0.003092 -0.0036
v -0.001042 0.003311 -0.003397
v -0.000975 0.003331 -0.003397
v -0.001632 0.002831 -0.0036
v -0.001549 0.003107 -0.003395
v -0.001446 0.00293 -0.0036
v -0.001458 0.003151 -0.003395
v -0.001299 0.003219 -0.003396
v -0.001811 0.002722 -0.0036
v -0.001791 0.002975 -0.003395
v -0.001711 0.003022 -0.003395
v -0.001981 0.002603 -0.0036
v -0.002025 0.002822 -0.003397
v -0.001954 0.002872 -0.003396
v -0.002561 0.002047 -0.0036
v -0.002594 0.002313 -0.003402
v -0.002436 0.002192 -0.0036
v -0.002492 0.002423 -0.003401
v -0.002428 0.0022 -0.0036
v -0.0024 0.002513 -0.0034
v -0.002289 0.002342 -0.0036
v -0.002293 0.00261 -0.003399
v -0.002141 0.002476 -0.0036
v -0.002184 0.002702 -0.003398
v -0.002081 0.002781 -0.003397
v -0.002677 0.001894 -0.0036
v -0.002778 0.00209 -0.003403
v -0.002676 0.002218 -0.003402
v -0.002786 0.001729 -0.0036
v -0.002886 0.00194 -0.003403
v -0.002846 0.001997 -0.003403
v -0.002978 0.001371 -0.0036
v -0.003087 0.001601 -0.003401
v -0.002887 0.001555 -0.0036
v -0.003029 0.001709 -0.003402
v -0.002943 0.001853 -0.003402
v -0.003127 0.000981 -0.0036
v -0.00326 0.001214 -0.003398
v -0.003058 0.001179 -0.0036
v -0.003211 0.001338 -0.003399
v -0.003154 0.001467 -0.0034
v -0.003366 0.00088 -0.003397
v -0.003347 0.00095 -0.003397
v -0.003312 0.001064 -0.003398
v -0.00328 -4.6e-05 -0.0036
v -0.003474 0.000199 -0.003399
v -0.003275 0.000158 -0.0036
v -0.003463 0.000346 -0.003398
v -0.003257 0.000364 -0.0036
v -0.003445 0.000492 -0.003397
v -0.003425 0.000615 -0.003397
v -0.003278 -0.000131 -0.0036
v -0.003479 -9.2e-05 -0.0034
v -0.003479 7.3e-05 -0.003399
v -0.003242 -0.000521 -0.0036
v -0.003462 -0.00035 -0.003402
v -0.003266 -0.000329 -0.0036
v -0.003469 -0.00028 -0.003402
v -0.003474 -0.000205 -0.003401
v -0.00316 -0.000894 -0.0036
v -0.003382 -0.000816 -0.003405
v -0.003207 -0.000707 -0.0036
v -0.003423 -0.000627 -0.003404
v -0.003436 -0.000549 -0.003404
v -0.00318 -0.001409 -0.003402
v -0.003211 -0.001339 -0.003403
v -0.003026 -0.001269 -0.0036
v -0.003277 -0.001169 -0.003404
v -0.003099 -0.001081 -0.0036
v -0.003308 -0.001079 -0.003404
v -0.003361 -0.0009 -0.003405
v -0.00317 -0.001431 -0.003402
v -0.002939 -0.001455 -0.0036
v -0.00306 -0.001653 -0.0034
v -0.002839 -0.001637 -0.0036
v -0.003043 -0.001684 -0.0034
v -0.002921 -0.001887 -0.003398
v -0.002726 -0.001815 -0.0036
v -0.002894 -0.001927 -0.003398
v -0.002602 -0.001986 -0.0036
v -0.002762 -0.002111 -0.003397
v -0.002725 -0.002158 -0.003397
v -0.002468 -0.002149 -0.0036
v -0.002584 -0.002324 -0.003397
v -0.002325 -0.002303 -0.0036
v -0.002532 -0.00238 -0.003397
v -0.002263 -0.002364 -0.0036
v -0.002337 -0.002571 -0.003398
v -0.00211 -0.002502 -0.0036
v -0.002177 -0.002707 -0.003399
v -0.001951 -0.002628 -0.0036
v -0.002128 -0.002746 -0.003399
v -0.001942 -0.002879 -0.003401
v -0.001788 -0.002743 -0.0036
v -0.001904 -0.002905 -0.003401
v -0.001622 -0.002844 -0.0036
v -0.001693 -0.003032 -0.003402
v -0.001664 -0.003048 -0.003402
v -0.001452 -0.002935 -0.0036
v -0.001598 -0.003083 -0.003402
v -0.001431 -0.003163 -0.003403
v -0.001273 -0.003016 -0.0036
v -0.00135 -0.003198 -0.003402
v -0.001158 -0.003272 -0.003402
v -0.001085 -0.003087 -0.0036
v -0.001094 -0.003294 -0.003401
v -0.000889 -0.003148 -0.0036
v -0.000875 -0.003358 -0.0034
v -0.000687 -0.003196 -0.0036
v -0.000829 -0.00337 -0.0034
v -0.000585 -0.003421 -0.003398
v -0.000479 -0.003233 -0.0036
v -0.000555 -0.003426 -0.003398
v -0.000484 -0.003436 -0.003398
v -0.000268 -0.003256 -0.0036
v -0.00029 -0.003458 -0.003397
v -0.000212 -0.003464 -0.003397
v -5.5e-05 -0.003266 -0.0036
v -0.0 -0.00347 -0.003397
v 6.2e-05 -0.003469 -0.003397
v 0.000157 -0.003263 -0.0036
v 0.000248 -0.003461 -0.003397
v 0.000366 -0.003247 -0.0036
v 0.000337 -0.003454 -0.003398
v 0.000528 -0.00343 -0.003399
v 0.000571 -0.003219 -0.0036
v 0.000614 -0.003415 -0.003399
v 0.000683 -0.003402 -0.0034
v 0.00077 -0.003179 -0.0036
v 0.000806 -0.003376 -0.0034
v 0.000949 -0.003338 -0.003401
v 0.000963 -0.003128 -0.0036
v 0.001079 -0.003299 -0.003402
v 0.001147 -0.003067 -0.0036
v 0.00121 -0.003254 -0.003403
v 0.001345 -0.0032 -0.003404
v 0.001325 -0.002995 -0.0036
v 0.001464 -0.003148 -0.003404
v 0.001501 -0.002912 -0.0036
v 0.001604 -0.00308 -0.003404
v 0.001713 -0.00302 -0.003403
v 0.001675 -0.002815 -0.0036
v 0.001773 -0.002986 -0.003403
v 0.001852 -0.002938 -0.003402
v 0.001846 -0.002705 -0.0036
v 0.002002 -0.002838 -0.003401
v 0.002013 -0.002582 -0.0036
v 0.002089 -0.002775 -0.003401
v 0.00222 -0.002672 -0.003399
v 0.002173 -0.002448 -0.0036
v 0.002312 -0.002594 -0.003399
v 0.002312 -0.002316 -0.0036
v 0.002425 -0.002489 -0.003398
v 0.00247 -0.002444 -0.003398
v 0.002457 -0.002162 -0.0036
v 0.002617 -0.002287 -0.003397
v 0.002663 -0.002234 -0.003397
v 0.002592 -0.001999 -0.0036
v 0.00283 -0.002019 -0.003397
v 0.002715 -0.00183 -0.0036
v 0.002842 -0.002002 -0.003397
v 0.002826 -0.001656 -0.0036
v 0.00298 -0.001792 -0.003398
v 0.003 -0.001758 -0.003398
v 0.002925 -0.001479 -0.0036
v 0.003113 -0.001552 -0.0034
v 0.003138 -0.001501 -0.0034
v 0.003011 -0.001299 -0.0036
v 0.003227 -0.001298 -0.003401
v 0.003084 -0.001119 -0.0036
v 0.003254 -0.001231 -0.003402
v 0.003145 -0.000938 -0.0036
v 0.00334 -0.000974 -0.003403
v 0.003346 -0.000953 -0.003403
v 0.003195 -0.000751 -0.0036
v 0.003406 -0.00071 -0.003403
v 0.003234 -0.000557 -0.0036
v 0.003415 -0.000667 -0.003402
v 0.003452 -0.000441 -0.003401
v 0.003261 -0.000357 -0.0036
v 0.00346 -0.000375 -0.003401
v 0.003276 -0.000153 -0.0036
v 0.003476 -0.000164 -0.003399
v 0.003479 -8.9e-05 -0.003399
v 0.003278 5.3e-05 -0.0036
v 0.003475 0.000182 -0.003397
v 0.003094 0.001081 -0.0036
v 0.003335 0.000991 -0.003397
v 0.003155 0.000883 -0.0036
v 0.003404 0.000722 -0.003397
v 0.003205 0.00068 -0.0036
v 0.00345 0.000452 -0.003397
v 0.003242 0.000473 -0.0036
v 0.003267 0.000263 -0.0036
v 0.003022 0.001271 -0.0036
v 0.003244 0.001256 -0.003399
v 0.003312 0.001064 -0.003398
v 0.00275 0.001788 -0.0036
v 0.002995 0.001767 -0.003403
v 0.002849 0.001625 -0.0036
v 0.003105 0.001566 -0.003401
v 0.00294 0.001453 -0.0036
v 0.00313 0.001516 -0.003401
v 0.003219 0.001319 -0.003399
v 0.00264 0.001946 -0.0036
v 0.002839 0.002007 -0.003404
v 0.002972 0.001805 -0.003403
v 0.002518 0.0021 -0.0036
v 0.002772 0.002098 -0.003404
v 0.002818 0.002037 -0.003404
v 0.00224 0.002389 -0.0036
v 0.002507 0.002406 -0.003402
v 0.002386 0.002246 -0.0036
v 0.002599 0.002308 -0.003403
v 0.002663 0.002234 -0.003403
v 0.001915 0.002651 -0.0036
v 0.002203 0.002686 -0.003399
v 0.002083 0.002525 -0.0036
v 0.002297 0.002606 -0.0034
v 0.002409 0.002504 -0.003401
v 0.001919 0.002895 -0.003397
v 0.00198 0.002853 -0.003397
v 0.002071 0.002789 -0.003398
v 0.001175 0.003049 -0.0036
v 0.001441 0.003159 -0.003396
v 0.001367 0.002968 -0.0036
v 0.001572 0.003096 -0.003396
v 0.001685 0.003036 -0.003396
v 0.00098 0.003117 -0.0036
v 0.001186 0.003262 -0.003396
v 0.001304 0.003217 -0.003396
v 0.000785 0.003173 -0.0036
v 0.000919 0.003347 -0.003397
v 0.001025 0.003316 -0.003397
v 0.000399 0.003245 -0.0036
v 0.000573 0.003423 -0.003399
v 0.000591 0.003215 -0.0036
v 0.000738 0.003391 -0.003398
v 0.000841 0.003367 -0.003398
v 0.000217 0.003263 -0.0036
v 0.000225 0.003272 -0.00359
v 0.000236 0.003284 -0.003577
v 0.000241 0.003292 -0.00357
v 0.000252 0.003307 -0.003553
v 0.000255 0.003313 -0.003548
v 0.000268 0.003334 -0.003525
v 0.000278 0.003358 -0.0035
v 0.00028 0.003363 -0.003496
v 0.000286 0.00338 -0.003478
v 0.000287 0.003382 -0.003476
v 0.000293 0.003407 -0.003451
v 0.000294 0.003412 -0.003446
v 0.000298 0.003432 -0.003425
v 0.000299 0.003446 -0.003411
v 0.0003 0.003457 -0.0034
v -0.000286 0.00338 -0.003478
v -0.000278 0.003358 -0.0035
v -0.000274 0.003348 -0.003511
v -0.000268 0.003335 -0.003524
v -0.000266 0.00333 -0.003529
v -0.000255 0.003313 -0.003548
v -0.00025 0.003305 -0.003556
v -0.000242 0.003293 -0.003568
v -0.000241 0.003292 -0.00357
v -0.002494 -0.000168 -0.0036
v -0.002046 -0.00039 -0.0036
v -0.002381 -0.000762 -0.0036
v -0.002105 -0.001349 -0.0036
v -0.001605 -0.001328 -0.0036
v -0.001719 -0.001815 -0.0036
v 1.1e-05 -0.0025 -0.0036
v 0.000261 -0.002067 -0.0036
v 0.000611 -0.002424 -0.0036
v -0.002454 0.000479 -0.0036
v -0.002267 0.001055 -0.0036
v -0.001981 0.000644 -0.0036
v -0.0025 4.9e-05 -0.0036
v -0.002486 0.000265 -0.0036
v -0.001195 -0.002196 -0.0036
v -0.000767 -0.001937 -0.0036
v -0.000632 -0.002419 -0.0036
v 0.001214 -0.002185 -0.0036
v 0.001224 -0.001685 -0.0036
v 0.001703 -0.00183 -0.0036
v 0.002257 0.001074 -0.0036
v 0.001759 0.001116 -0.0036
v 0.001933 0.001585 -0.0036
v -0.002051 0.00143 -0.0036
v -0.001919 0.001602 -0.0036
v 0.002496 -0.000146 -0.0036
v 0.002079 0.000131 -0.0036
v 0.002458 0.000458 -0.0036
v -0.002167 0.001247 -0.0036
v 0.002117 -0.00133 -0.0036
v 0.001885 -0.000887 -0.0036
v 0.002374 -0.000783 -0.0036
v -0.002214 -0.001161 -0.0036
v -0.002306 -0.000965 -0.0036
v -0.00138 -0.002084 -0.0036
v -0.001556 -0.001957 -0.0036
v -0.000206 -0.002492 -0.0036
v -0.000421 -0.002464 -0.0036
v 0.00102 -0.002282 -0.0036
v 0.000819 -0.002362 -0.0036
v -0.001478 0.002016 -0.0036
v -0.001426 0.001519 -0.0036
v 0.001631 0.001895 -0.0036
v 0.001789 0.001747 -0.0036
v 0.001461 0.002029 -0.0036
v 0.002433 -0.000574 -0.0036
v 0.002342 0.000875 -0.0036
v 0.002409 0.000669 -0.0036
v 0.001994 -0.001509 -0.0036
v 0.001855 -0.001676 -0.0036
v 0.002474 -0.000362 -0.0036
v -0.000382 0.002471 -0.0036
v -0.000146 0.003208 -0.0036
v -0.000168 0.003221 -0.0036
v -0.000188 0.003237 -0.0036
v -0.00102 0.002283 -0.0036
v -0.000856 0.002349 -0.0036
v -0.000539 0.002098 -0.0036
v -0.000208 0.003253 -0.0036
v 0.000379 0.002471 -0.0036
v 0.000124 0.003197 -0.0036
v 0.000567 0.002435 -0.0036
v 0.000146 0.003208 -0.0036
v 0.000751 0.002385 -0.0036
v 0.000168 0.003221 -0.0036
v 0.00093 0.00232 -0.0036
v 0.000188 0.003237 -0.0036
v 0.000208 0.003253 -0.0036
v -0.001179 0.002205 -0.0036
v -0.001332 0.002116 -0.0036
v -0.000124 0.003197 -0.0036
v -0.0001 0.003187 -0.0036
v -0.000192 0.002493 -0.0036
v -7.6e-05 0.00318 -0.0036
v -5.1e-05 0.003174 -0.0036
v -1e-06 0.0025 -0.0036
v -2.5e-05 0.003171 -0.0036
v 0.000189 0.002493 -0.0036
v 7.6e-05 0.00318 -0.0036
v 0.0001 0.003187 -0.0036
v 0.0 0.00317 -0.0036
v 2.5e-05 0.003171 -0.0036
v 5.1e-05 0.003174 -0.0036
v 0.001004 0.001825 -0.0036
v -0.001478 0.002016 0.0002
v -0.001332 0.002116 0.0002
v -0.001179 0.002205 0.0002
v -0.00102 0.002283 0.0002
v -0.000856 0.002349 0.0002
v -0.000539 0.002098 0.0002
v -0.000382 0.002471 0.0002
v -0.000192 0.002493 0.0002
v -1e-06 0.0025 0.0002
v 0.000189 0.002493 0.0002
v 0.000379 0.002471 0.0002
v 0.000567 0.002435 0.0002
v 0.000751 0.002385 0.0002
v 0.00093 0.00232 0.0002
v 0.001004 0.001825 0.0002
v 0.001461 0.002029 0.0002
v 0.001631 0.001895 0.0002
v 0.001789 0.001747 0.0002
v 0.001933 0.001585 0.0002
v 0.001759 0.001116 0.0002
v 0.002257 0.001074 0.0002
v 0.002342 0.000875 0.0002
v 0.002409 0.000669 0.0002
v 0.002458 0.000458 0.0002
v -0.002105 -0.001349 0.0002
v -0.002214 -0.001161 0.0002
v -0.002306 -0.000965 0.0002
v -0.002381 -0.000762 0.0002
v -0.001605 -0.001328 0.0002
v -0.001719 -0.001815 0.0002
v -0.001195 -0.002196 0.0002
v -0.00138 -0.002084 0.0002
v -0.001556 -0.001957 0.0002
v -0.000767 -0.001937 0.0002
v -0.000632 -0.002419 0.0002
v 1.1e-05 -0.0025 0.0002
v -0.000206 -0.002492 0.0002
v -0.000421 -0.002464 0.0002
v 0.000261 -0.002067 0.0002
v 0.000611 -0.002424 0.0002
v 0.001214 -0.002185 0.0002
v 0.00102 -0.002282 0.0002
v 0.000819 -0.002362 0.0002
v 0.01025 0.0 -0.0003
v 0.010257 0.000153 0.0004
v 0.010257 0.000153 -0.0003
v 0.010277 0.000304 0.0004
v 0.010277 0.000304 -0.0003
v 0.01031 0.000453 0.0004
v 0.01031 0.000453 -0.0003
v 0.010356 0.000599 0.0004
v 0.010356 0.000599 -0.0003
v 0.010414 0.00074 0.0004
v 0.010414 0.00074 -0.0003
v 0.010484 0.000875 0.0004
v 0.010484 0.000875 -0.0003
v 0.010566 0.001004 0.0004
v 0.010566 0.001004 -0.0003
v 0.010659 0.001125 0.0004
v 0.010659 0.001125 -0.0003
v 0.010763 0.001237 0.0004
v 0.010763 0.001237 -0.0003
v 0.010875 0.001341 0.0004
v 0.010875 0.001341 -0.0003
v 0.010996 0.001434 0.0004
v 0.010996 0.001434 -0.0003
v 0.011125 0.001516 0.0004
v 0.011125 0.001516 -0.0003
v 0.01126 0.001586 0.0004
v 0.01126 0.001586 -0.0003
v 0.011401 0.001644 0.0004
v 0.011401 0.001644 -0.0003
v 0.011547 0.00169 0.0004
v 0.011547 0.00169 -0.0003
v 0.011696 0.001723 0.0004
v 0.011696 0.001723 -0.0003
v 0.011847 0.001743 0.0004
v 0.011847 0.001743 -0.0003
v 0.012 0.00175 0.0004
v 0.012 0.00175 -0.0003
v 0.012153 0.001743 0.0004
v 0.012153 0.001743 -0.0003
v 0.012304 0.001723 0.0004
v 0.012304 0.001723 -0.0003
v 0.012453 0.00169 0.0004
v 0.012453 0.00169 -0.0003
v 0.012599 0.001644 0.0004
v 0.012599 0.001644 -0.0003
v 0.01274 0.001586 0.0004
v 0.01274 0.001586 -0.0003
v 0.012875 0.001516 0.0004
v 0.012875 0.001516 -0.0003
v 0.013004 0.001434 0.0004
v 0.013004 0.001434 -0.0003
v 0.013125 0.001341 0.0004
v 0.013125 0.001341 -0.0003
v 0.013237 0.001237 0.0004
v 0.013237 0.001237 -0.0003
v 0.013341 0.001125 0.0004
v 0.013341 0.001125 -0.0003
v 0.013434 0.001004 0.0004
v 0.013434 0.001004 -0.0003
v 0.013516 0.000875 0.0004
v 0.013516 0.000875 -0.0003
v 0.013586 0.00074 0.0004
v 0.013586 0.00074 -0.0003
v 0.013644 0.000599 0.0004
v 0.013644 0.000599 -0.0003
v 0.01369 0.000453 0.0004
v 0.01369 0.000453 -0.0003
v 0.013723 0.000304 0.0004
v 0.013723 0.000304 -0.0003
v 0.013743 0.000153 0.0004
v 0.013743 0.000153 -0.0003
v 0.01375 0.0 0.0004
v 0.01375 0.0 -0.0003
v 0.013743 -0.000153 0.0004
v 0.013743 -0.000153 -0.0003
v 0.013723 -0.000304 0.0004
v 0.013723 -0.000304 -0.0003
v 0.01369 -0.000453 0.0004
v 0.01369 -0.000453 -0.0003
v 0.013644 -0.000599 0.0004
v 0.013644 -0.000599 -0.0003
v 0.013586 -0.00074 0.0004
v 0.013586 -0.00074 -0.0003
v 0.013516 -0.000875 0.0004
v 0.013516 -0.000875 -0.0003
v 0.013434 -0.001004 0.0004
v 0.013434 -0.001004 -0.0003
v 0.013341 -0.001125 0.0004
v 0.013341 -0.001125 -0.0003
v 0.013237 -0.001237 0.0004
v 0.013237 -0.001237 -0.0003
v 0.013125 -0.001341 0.0004
v 0.013125 -0.001341 -0.0003
v 0.013004 -0.001434 0.0004
v 0.013004 -0.001434 -0.0003
v 0.012875 -0.001516 0.0004
v 0.012875 -0.001516 -0.0003
v 0.01274 -0.001586 0.0004
v 0.01274 -0.001586 -0.0003
v 0.012599 -0.001644 0.0004
v 0.012599 -0.001644 -0.0003
v 0.012453 -0.00169 0.0004
v 0.012453 -0.00169 -0.0003
v 0.012304 -0.001723 0.0004
v 0.012304 -0.001723 -0.0003
v 0.012153 -0.001743 0.0004
v 0.012153 -0.001743 -0.0003
v 0.012 -0.00175 0.0004
v 0.012 -0.00175 -0.0003
v 0.011847 -0.001743 0.0004
v 0.011847 -0.001743 -0.0003
v 0.011696 -0.001723 0.0004
v 0.011696 -0.001723 -0.0003
v 0.011547 -0.00169 0.0004
v 0.011547 -0.00169 -0.0003
v 0.011401 -0.001644 0.0004
v 0.011401 -0.001644 -0.0003
v 0.01126 -0.001586 0.0004
v 0.01126 -0.001586 -0.0003
v 0.011125 -0.001516 0.0004
v 0.011125 -0.001516 -0.0003
v 0.010996 -0.001434 0.0004
v 0.010996 -0.001434 -0.0003
v 0.010875 -0.001341 0.0004
v 0.010875 -0.001341 -0.0003
v 0.010763 -0.001237 0.0004
v 0.010763 -0.001237 -0.0003
v 0.010659 -0.001125 0.0004
v 0.010659 -0.001125 -0.0003
v 0.010566 -0.001004 0.0004
v 0.010566 -0.001004 -0.0003
v 0.010484 -0.000875 0.0004
v 0.010484 -0.000875 -0.0003
v 0.010414 -0.00074 0.0004
v 0.010414 -0.00074 -0.0003
v 0.010356 -0.000599 0.0004
v 0.010356 -0.000599 -0.0003
v 0.01031 -0.000453 0.0004
v 0.01031 -0.000453 -0.0003
v 0.010277 -0.000304 0.0004
v 0.010277 -0.000304 -0.0003
v 0.010257 -0.000153 0.0004
v 0.010257 -0.000153 -0.0003
v 0.01025 0.0 0.0004
v 0.011638 0.001352 -0.0003
v 0.011757 0.001379 -0.0003
v 0.011878 0.001395 -0.0003
v 0.012 0.0014 -0.0003
v 0.012122 0.001395 -0.0003
v 0.012243 0.001379 -0.0003
v 0.012362 0.001352 -0.0003
v 0.012479 0.001316 -0.0003
v 0.012592 0.001269 -0.0003
v 0.0127 0.001212 -0.0003
v 0.012803 0.001147 -0.0003
v 0.0129 0.001072 -0.0003
v 0.01299 0.00099 -0.0003
v 0.013072 0.0009 -0.0003
v 0.013147 0.000803 -0.0003
v 0.013212 0.0007 -0.0003
v 0.013269 0.000592 -0.0003
v 0.013316 0.000479 -0.0003
v 0.013352 0.000362 -0.0003
v 0.013379 0.000243 -0.0003
v 0.013395 0.000122 -0.0003
v 0.0134 0.0 -0.0003
v 0.013395 -0.000122 -0.0003
v 0.013379 -0.000243 -0.0003
v 0.013352 -0.000362 -0.0003
v 0.013316 -0.000479 -0.0003
v 0.013269 -0.000592 -0.0003
v 0.013212 -0.0007 -0.0003
v 0.013147 -0.000803 -0.0003
v 0.013072 -0.0009 -0.0003
v 0.01299 -0.00099 -0.0003
v 0.0129 -0.001072 -0.0003
v 0.012803 -0.001147 -0.0003
v 0.0127 -0.001212 -0.0003
v 0.012592 -0.001269 -0.0003
v 0.012479 -0.001316 -0.0003
v 0.012362 -0.001352 -0.0003
v 0.012243 -0.001379 -0.0003
v 0.012122 -0.001395 -0.0003
v 0.012 -0.0014 -0.0003
v 0.011878 -0.001395 -0.0003
v 0.011757 -0.001379 -0.0003
v 0.011638 -0.001352 -0.0003
v 0.011521 -0.001316 -0.0003
v 0.011408 -0.001269 -0.0003
v 0.0113 -0.001212 -0.0003
v 0.011197 -0.001147 -0.0003
v 0.0111 -0.001072 -0.0003
v 0.01101 -0.00099 -0.0003
v 0.010928 -0.0009 -0.0003
v 0.010853 -0.000803 -0.0003
v 0.010788 -0.0007 -0.0003
v 0.010731 -0.000592 -0.0003
v 0.010684 -0.000479 -0.0003
v 0.010648 -0.000362 -0.0003
v 0.010621 -0.000243 -0.0003
v 0.010605 -0.000122 -0.0003
v 0.0106 0.0 -0.0003
v 0.010605 0.000122 -0.0003
v 0.010621 0.000243 -0.0003
v 0.010648 0.000362 -0.0003
v 0.010684 0.000479 -0.0003
v 0.010731 0.000592 -0.0003
v 0.010788 0.0007 -0.0003
v 0.010853 0.000803 -0.0003
v 0.010928 0.0009 -0.0003
v 0.01101 0.00099 -0.0003
v 0.0111 0.001072 -0.0003
v 0.011197 0.001147 -0.0003
v 0.0113 0.001212 -0.0003
v 0.011408 0.001269 -0.0003
v 0.011521 0.001316 -0.0003
v 0.005479 -0.000479 0.0004
v 0.005416 -0.000955 0.0004
v 0.003269 -0.004423 0.0004
v 0.005168 -0.001881 0.0004
v 0.004985 -0.002324 0.0004
v 0.003269 0.004423 0.0004
v 0.012525 0.002033 0.0004
v 0.004213 0.003535 0.0004
v 0.004505 0.003155 0.0004
v 0.012525 -0.002033 0.0004
v 0.004763 0.00275 0.0004
v 0.004985 0.002324 0.0004
v 0.003889 0.003889 0.0004
v 0.003535 0.004213 0.0004
v 0.0055 0.0 0.0004
v 0.005479 0.000479 0.0004
v 0.005416 0.000955 0.0004
v 0.005313 0.001424 0.0004
v 0.005168 0.001881 0.0004
v 0.003535 -0.004213 0.0004
v 0.003889 -0.003889 0.0004
v 0.004213 -0.003535 0.0004
v 0.005313 -0.001424 0.0004
v 0.014098 8.9e-05 0.0004
v 0.014098 -8.9e-05 0.0004
v 0.014083 -0.000267 0.0004
v 0.014053 -0.000443 0.0004
v 0.014008 -0.000616 0.0004
v 0.013948 -0.000784 0.0004
v 0.013874 -0.000947 0.0004
v 0.013787 -0.001103 0.0004
v 0.013687 -0.00125 0.0004
v 0.013575 -0.001389 0.0004
v 0.013451 -0.001518 0.0004
v 0.013317 -0.001636 0.0004
v 0.013173 -0.001742 0.0004
v 0.013021 -0.001835 0.0004
v 0.012862 -0.001915 0.0004
v 0.012696 -0.001981 0.0004
v 0.004505 -0.003155 0.0004
v 0.004763 -0.00275 0.0004
v 0.012696 0.001981 0.0004
v 0.012862 0.001915 0.0004
v 0.013021 0.001835 0.0004
v 0.013173 0.001742 0.0004
v 0.013317 0.001636 0.0004
v 0.013451 0.001518 0.0004
v 0.013575 0.001389 0.0004
v 0.013687 0.00125 0.0004
v 0.013787 0.001103 0.0004
v 0.013874 0.000947 0.0004
v 0.013948 0.000784 0.0004
v 0.014008 0.000616 0.0004
v 0.014053 0.000443 0.0004
v 0.014083 0.000267 0.0004
v -0.000293 0.003407 0.0002
v -0.000298 0.003432 0.0002
v -0.000225 0.003272 0.0002
v 0.000287 0.003382 0.0002
v 0.000293 0.003407 0.0002
v 0.000298 0.003432 0.0002
v 0.000146 0.003208 0.0002
v 0.000124 0.003197 0.0002
v 0.0001 0.003187 0.0002
v 7.6e-05 0.00318 0.0002
v 0.0 0.00317 0.0002
v -2.5e-05 0.003171 0.0002
v -0.0001 0.003187 0.0002
v -0.000124 0.003197 0.0002
v -0.000146 0.003208 0.0002
v -0.000168 0.003221 0.0002
v -0.000479 0.005479 0.0002
v 0.0003 0.003457 0.0002
v -0.000955 0.005416 0.0002
v -0.001424 0.005313 0.0002
v 0.000955 0.005416 0.0002
v 0.00047 0.003438 0.0002
v 0.000479 0.005479 0.0002
v 0.0 0.0055 0.0002
v 5.1e-05 0.003174 0.0002
v 2.5e-05 0.003171 0.0002
v -5.1e-05 0.003174 0.0002
v -7.6e-05 0.00318 0.0002
v -0.000188 0.003237 0.0002
v -0.000208 0.003253 0.0002
v 0.000278 0.003358 0.0002
v 0.000268 0.003335 0.0002
v 0.000255 0.003313 0.0002
v -0.000268 0.003335 0.0002
v -0.000255 0.003313 0.0002
v -0.000241 0.003292 0.0002
v -0.000278 0.003358 0.0002
v -0.000287 0.003382 0.0002
v -0.003889 -0.003889 0.0002
v -0.004213 -0.003535 0.0002
v -0.002725 -0.002158 0.0002
v 0.000241 0.003292 0.0002
v 0.000225 0.003272 0.0002
v 0.000208 0.003253 0.0002
v 0.000188 0.003237 0.0002
v 0.000168 0.003221 0.0002
v -0.002894 -0.001927 0.0002
v -0.004505 -0.003155 0.0002
v -0.003043 -0.001684 0.0002
v -0.004763 -0.00275 0.0002
v -0.00317 -0.001431 0.0002
v -0.004985 -0.002324 0.0002
v -0.003277 -0.001169 0.0002
v -0.005168 -0.001881 0.0002
v -0.003361 -0.0009 0.0002
v -0.005313 -0.001424 0.0002
v -0.003423 -0.000627 0.0002
v -0.005416 -0.000955 0.0002
v -0.003462 -0.00035 0.0002
v -0.005479 -0.000479 0.0002
v -0.003479 -9.2e-05 0.0002
v -0.0055 0.0 0.0002
v -0.003474 0.000199 0.0002
v -0.005479 0.000479 0.0002
v -0.003445 0.000492 0.0002
v -0.005416 0.000955 0.0002
v -0.003391 0.000781 0.0002
v -0.005313 0.001424 0.0002
v -0.003312 0.001064 0.0002
v -0.005168 0.001881 0.0002
v -0.003211 0.001338 0.0002
v -0.004985 0.002324 0.0002
v -0.003087 0.001601 0.0002
v -0.002943 0.001853 0.0002
v -0.004763 0.00275 0.0002
v -0.002778 0.00209 0.0002
v -0.004505 0.003155 0.0002
v -0.002594 0.002313 0.0002
v -0.004213 0.003535 0.0002
v -0.0024 0.002513 0.0002
v -0.003889 0.003889 0.0002
v -0.002184 0.002702 0.0002
v -0.003535 0.004213 0.0002
v -0.001954 0.002872 0.0002
v -0.003155 0.004505 0.0002
v -0.001711 0.003022 0.0002
v -0.00275 0.004763 0.0002
v -0.001458 0.003151 0.0002
v -0.002324 0.004985 0.0002
v -0.001195 0.003259 0.0002
v -0.001881 0.005168 0.0002
v -0.000926 0.003345 0.0002
v -0.000651 0.003409 0.0002
v -0.0003 0.003457 0.0002
v -0.000373 0.00345 0.0002
v 0.002324 -0.004985 0.0002
v 0.001604 -0.00308 0.0002
v 0.00275 -0.004763 0.0002
v 0.001852 -0.002938 0.0002
v 0.003155 -0.004505 0.0002
v 0.002089 -0.002775 0.0002
v 0.003535 -0.004213 0.0002
v 0.002312 -0.002594 0.0002
v 0.003889 -0.003889 0.0002
v 0.00247 -0.002444 0.0002
v 0.004213 -0.003535 0.0002
v 0.002665 -0.002231 0.0002
v 0.004505 -0.003155 0.0002
v 0.002842 -0.002002 0.0002
v 0.004763 -0.00275 0.0002
v 0.003 -0.001758 0.0002
v 0.004985 -0.002324 0.0002
v 0.003138 -0.001501 0.0002
v 0.005168 -0.001881 0.0002
v 0.003253 -0.001232 0.0002
v 0.005313 -0.001424 0.0002
v 0.003346 -0.000953 0.0002
v 0.005416 -0.000955 0.0002
v 0.003415 -0.000667 0.0002
v 0.005479 -0.000479 0.0002
v 0.00346 -0.000375 0.0002
v 0.0055 -0.0 0.0002
v 0.003479 -9.2e-05 0.0002
v 0.005479 0.000479 0.0002
v -0.002537 -0.002375 0.0002
v -0.002395 -0.002518 0.0002
v -0.003535 -0.004213 0.0002
v -0.002177 -0.002707 0.0002
v -0.003155 -0.004505 0.0002
v -0.001942 -0.002879 0.0002
v -0.00275 -0.004763 0.0002
v -0.001693 -0.003032 0.0002
v -0.002324 -0.004985 0.0002
v -0.001431 -0.003163 0.0002
v -0.001881 -0.005168 0.0002
v -0.001158 -0.003272 0.0002
v -0.001424 -0.005313 0.0002
v -0.000875 -0.003358 0.0002
v -0.000955 -0.005416 0.0002
v -0.000585 -0.003421 0.0002
v -0.000479 -0.005479 0.0002
v -0.00029 -0.003458 0.0002
v -0.0 -0.0055 0.0002
v -0.0 -0.00347 0.0002
v 0.000479 -0.005479 0.0002
v 0.000248 -0.003461 0.0002
v 0.000955 -0.005416 0.0002
v 0.000528 -0.00343 0.0002
v 0.001424 -0.005313 0.0002
v 0.000806 -0.003376 0.0002
v 0.001881 -0.005168 0.0002
v 0.001079 -0.003299 0.0002
v 0.001345 -0.0032 0.0002
v 0.003476 0.000159 0.0002
v 0.003452 0.000438 0.0002
v 0.005416 0.000955 0.0002
v 0.003405 0.000715 0.0002
v 0.005313 0.001424 0.0002
v 0.003336 0.000988 0.0002
v 0.005168 0.001881 0.0002
v 0.003244 0.001256 0.0002
v 0.004985 0.002324 0.0002
v 0.00313 0.001516 0.0002
v 0.004763 0.00275 0.0002
v 0.002995 0.001767 0.0002
v 0.004505 0.003155 0.0002
v 0.002839 0.002007 0.0002
v 0.004213 0.003535 0.0002
v 0.002663 0.002234 0.0002
v 0.003889 0.003889 0.0002
v 0.002507 0.002406 0.0002
v 0.003535 0.004213 0.0002
v 0.002297 0.002606 0.0002
v 0.003155 0.004505 0.0002
v 0.002071 0.002789 0.0002
v 0.00275 0.004763 0.0002
v 0.001829 0.002952 0.0002
v 0.002324 0.004985 0.0002
v 0.001572 0.003096 0.0002
v 0.001881 0.005168 0.0002
v 0.001304 0.003217 0.0002
v 0.001424 0.005313 0.0002
v 0.001025 0.003316 0.0002
v 0.000738 0.003391 0.0002
v -0.00115 0.0 0.0012
v -0.00115 0.0 0.0002
v -0.001146 0.0001 0.0012
v -0.001146 0.0001 0.0002
v -0.001133 0.0002 0.0012
v -0.001133 0.0002 0.0002
v -0.001111 0.000298 0.0012
v -0.001111 0.000298 0.0002
v -0.001081 0.000393 0.0012
v -0.001081 0.000393 0.0002
v -0.001042 0.000486 0.0012
v -0.001042 0.000486 0.0002
v -0.000996 0.000575 0.0012
v -0.000996 0.000575 0.0002
v -0.000942 0.00066 0.0012
v -0.000942 0.00066 0.0002
v -0.000881 0.000739 0.0012
v -0.000881 0.000739 0.0002
v -0.000813 0.000813 0.0012
v -0.000813 0.000813 0.0002
v -0.000739 0.000881 0.0012
v -0.000739 0.000881 0.0002
v -0.00066 0.000942 0.0012
v -0.00066 0.000942 0.0002
v -0.000575 0.000996 0.0012
v -0.000575 0.000996 0.0002
v -0.000486 0.001042 0.0012
v -0.000486 0.001042 0.0002
v -0.000393 0.001081 0.0012
v -0.000393 0.001081 0.0002
v -0.000298 0.001111 0.0012
v -0.000298 0.001111 0.0002
v -0.0002 0.001133 0.0012
v -0.0002 0.001133 0.0002
v -0.0001 0.001146 0.0012
v -0.0001 0.001146 0.0002
v 0.0 0.00115 0.0012
v 0.0 0.00115 0.0002
v 0.0001 0.001146 0.0012
v 0.0001 0.001146 0.0002
v 0.0002 0.001133 0.0012
v 0.0002 0.001133 0.0002
v 0.000298 0.001111 0.0012
v 0.000298 0.001111 0.0002
v 0.000393 0.001081 0.0012
v 0.000393 0.001081 0.0002
v 0.000486 0.001042 0.0012
v 0.000486 0.001042 0.0002
v 0.000575 0.000996 0.0012
v 0.000575 0.000996 0.0002
v 0.00066 0.000942 0.0012
v 0.00066 0.000942 0.0002
v 0.000739 0.000881 0.0012
v 0.000739 0.000881 0.0002
v 0.000813 0.000813 0.0012
v 0.000813 0.000813 0.0002
v 0.000881 0.000739 0.0012
v 0.000881 0.000739 0.0002
v 0.000942 0.00066 0.0012
v 0.000942 0.00066 0.0002
v 0.000996 0.000575 0.0012
v 0.000996 0.000575 0.0002
v 0.001042 0.000486 0.0012
v 0.001042 0.000486 0.0002
v 0.001081 0.000393 0.0012
v 0.001081 0.000393 0.0002
v 0.001111 0.000298 0.0012
v 0.001111 0.000298 0.0002
v 0.001133 0.0002 0.0012
v 0.001133 0.0002 0.0002
v 0.001146 0.0001 0.0012
v 0.001146 0.0001 0.0002
v 0.00115 0.0 0.0012
v 0.00115 0.0 0.0002
v 0.001146 -0.0001 0.0012
v 0.001146 -0.0001 0.0002
v 0.001133 -0.0002 0.0012
v 0.001133 -0.0002 0.0002
v 0.001111 -0.000298 0.0012
v 0.001111 -0.000298 0.0002
v 0.001081 -0.000393 0.0012
v 0.001081 -0.000393 0.0002
v 0.001042 -0.000486 0.0012
v 0.001042 -0.000486 0.0002
v 0.000996 -0.000575 0.0012
v 0.000996 -0.000575 0.0002
v 0.000942 -0.00066 0.0012
v 0.000942 -0.00066 0.0002
v 0.000881 -0.000739 0.0012
v 0.000881 -0.000739 0.0002
v 0.000813 -0.000813 0.0012
v 0.000813 -0.000813 0.0002
v 0.000739 -0.000881 0.0012
v 0.000739 -0.000881 0.0002
v 0.00066 -0.000942 0.0012
v 0.00066 -0.000942 0.0002
v 0.000575 -0.000996 0.0012
v 0.000575 -0.000996 0.0002
v 0.000486 -0.001042 0.0012
v 0.000486 -0.001042 0.0002
v 0.000393 -0.001081 0.0012
v 0.000393 -0.001081 0.0002
v 0.000298 -0.001111 0.0012
v 0.000298 -0.001111 0.0002
v 0.0002 -0.001133 0.0012
v 0.0002 -0.001133 0.0002
v 0.0001 -0.001146 0.0012
v 0.0001 -0.001146 0.0002
v 0.0 -0.00115 0.0012
v 0.0 -0.00115 0.0002
v -0.0001 -0.001146 0.0012
v -0.0001 -0.001146 0.0002
v -0.0002 -0.001133 0.0012
v -0.0002 -0.001133 0.0002
v -0.000298 -0.001111 0.0012
v -0.000298 -0.001111 0.0002
v -0.000393 -0.001081 0.0012
v -0.000393 -0.001081 0.0002
v -0.000486 -0.001042 0.0012
v -0.000486 -0.001042 0.0002
v -0.000575 -0.000996 0.0012
v -0.000575 -0.000996 0.0002
v -0.00066 -0.000942 0.0012
v -0.00066 -0.000942 0.0002
v -0.000739 -0.000881 0.0012
v -0.000739 -0.000881 0.0002
v -0.000813 -0.000813 0.0012
v -0.000813 -0.000813 0.0002
v -0.000881 -0.000739 0.0012
v -0.000881 -0.000739 0.0002
v -0.000942 -0.00066 0.0012
v -0.000942 -0.00066 0.0002
v -0.000996 -0.000575 0.0012
v -0.000996 -0.000575 0.0002
v -0.001042 -0.000486 0.0012
v -0.001042 -0.000486 0.0002
v -0.001081 -0.000393 0.0012
v -0.001081 -0.000393 0.0002
v -0.001111 -0.000298 0.0012
v -0.001111 -0.000298 0.0002
v -0.001133 -0.0002 0.0012
v -0.001133 -0.0002 0.0002
v -0.001146 -0.0001 0.0012
v -0.001146 -0.0001 0.0002
v 0.002079 0.000131 0.0002
v 0.002496 -0.000146 0.0002
v 0.002474 -0.000362 0.0002
v 0.002433 -0.000574 0.0002
v 0.002374 -0.000783 0.0002
v 0.001885 -0.000887 0.0002
v 0.002117 -0.00133 0.0002
v 0.001994 -0.001509 0.0002
v 0.001855 -0.001676 0.0002
v 0.001703 -0.00183 0.0002
v 0.001224 -0.001685 0.0002
v -0.001426 0.001519 0.0002
v -0.001919 0.001602 0.0002
v -0.002267 0.001055 0.0002
v -0.002167 0.001247 0.0002
v -0.002051 0.00143 0.0002
v -0.001981 0.000644 0.0002
v -0.002454 0.000479 0.0002
v -0.002494 -0.000168 0.0002
v -0.0025 4.9e-05 0.0002
v -0.002486 0.000265 0.0002
v -0.002046 -0.00039 0.0002
v 0.001434 0.002048 0.0016
v 0.00125 0.002165 0.0016
v 0.001992 -0.00115 0.0016
v -0.002048 0.001434 0.0016
v -0.002165 0.00125 0.0016
v 0.0 0.0023 0.0016
v 0.001607 0.001915 0.0016
v 0.001057 0.002266 0.0016
v 0.000855 0.002349 0.0016
v 0.000647 0.002415 0.0016
v -0.000218 0.00249 0.0016
v -0.000434 0.002462 0.0016
v 0.0 -0.0025 0.0016
v 0.000218 -0.00249 0.0016
v -0.00125 -0.002165 0.0016
v 0.001768 -0.001768 0.0016
v 0.001915 -0.001607 0.0016
v -0.001992 -0.00115 0.0016
v 0.002048 -0.001434 0.0016
v -0.002266 0.001057 0.0016
v -0.002349 0.000855 0.0016
v -0.002415 0.000647 0.0016
v 0.002415 0.000647 0.0016
v 0.002349 0.000855 0.0016
v 0.002266 0.001057 0.0016
v 0.002165 0.00125 0.0016
v 0.002048 0.001434 0.0016
v 0.001915 0.001607 0.0016
v 0.001768 0.001768 0.0016
v 0.000434 0.002462 0.0016
v 0.000218 0.00249 0.0016
v 0.0 0.0025 0.0016
v -0.001434 -0.002048 0.0016
v 0.00125 -0.002165 0.0016
v 0.001434 -0.002048 0.0016
v -0.001607 -0.001915 0.0016
v -0.000647 0.002415 0.0016
v -0.000855 0.002349 0.0016
v -0.001057 0.002266 0.0016
v -0.00125 0.002165 0.0016
v -0.001434 0.002048 0.0016
v -0.001607 0.001915 0.0016
v -0.002462 0.000434 0.0016
v -0.00249 0.000218 0.0016
v -0.0025 -0.0 0.0016
v 0.00249 -0.000218 0.0016
v 0.0025 0.0 0.0016
v -0.001915 -0.001607 0.0016
v -0.001768 -0.001768 0.0016
v 0.001607 -0.001915 0.0016
v -0.001768 0.001768 0.0016
v -0.001915 0.001607 0.0016
v -0.00249 -0.000218 0.0016
v -0.002462 -0.000434 0.0016
v -0.002415 -0.000647 0.0016
v -0.002349 -0.000855 0.0016
v -0.002266 -0.001057 0.0016
v -0.002165 -0.00125 0.0016
v -0.002048 -0.001434 0.0016
v 0.002165 -0.00125 0.0016
v 0.002266 -0.001057 0.0016
v 0.002349 -0.000855 0.0016
v 0.00249 0.000218 0.0016
v 0.002462 0.000434 0.0016
v -0.000647 -0.002415 0.0016
v -0.000434 -0.002462 0.0016
v -0.000855 -0.002349 0.0016
v -0.001057 -0.002266 0.0016
v -0.000218 -0.00249 0.0016
v 0.000434 -0.002462 0.0016
v 0.000647 -0.002415 0.0016
v 0.000855 -0.002349 0.0016
v 0.001057 -0.002266 0.0016
v 0.002415 -0.000647 0.0016
v 0.002462 -0.000434 0.0016
v -0.0025 0.0 0.0029
v -0.00249 0.000218 0.0029
v -0.002462 0.000434 0.0029
v -0.002415 0.000647 0.0029
v -0.002349 0.000855 0.0029
v -0.002266 0.001057 0.0029
v -0.002165 0.00125 0.0029
v -0.002048 0.001434 0.0029
v -0.001915 0.001607 0.0029
v -0.001768 0.001768 0.0029
v -0.001607 0.001915 0.0029
v -0.001434 0.002048 0.0029
v -0.00125 0.002165 0.0029
v -0.001057 0.002266 0.0029
v -0.000855 0.002349 0.0029
v -0.000647 0.002415 0.0029
v -0.000434 0.002462 0.0029
v -0.000218 0.00249 0.0029
v 0.0 0.0025 0.0029
v 0.000218 0.00249 0.0029
v 0.000434 0.002462 0.0029
v 0.000647 0.002415 0.0029
v 0.000855 0.002349 0.0029
v 0.001057 0.002266 0.0029
v 0.00125 0.002165 0.0029
v 0.001434 0.002048 0.0029
v 0.001607 0.001915 0.0029
v 0.001768 0.001768 0.0029
v 0.001915 0.001607 0.0029
v 0.002048 0.001434 0.0029
v 0.002165 0.00125 0.0029
v 0.002266 0.001057 0.0029
v 0.002349 0.000855 0.0029
v 0.002415 0.000647 0.0029
v 0.002462 0.000434 0.0029
v 0.00249 0.000218 0.0029
v 0.0025 0.0 0.0029
v 0.00249 -0.000218 0.0029
v 0.002462 -0.000434 0.0029
v 0.002415 -0.000647 0.0029
v 0.002349 -0.000855 0.0029
v 0.002266 -0.001057 0.0029
v 0.002165 -0.00125 0.0029
v 0.002048 -0.001434 0.0029
v 0.001915 -0.001607 0.0029
v 0.001768 -0.001768 0.0029
v 0.001607 -0.001915 0.0029
v 0.001434 -0.002048 0.0029
v 0.00125 -0.002165 0.0029
v 0.001057 -0.002266 0.0029
v 0.000855 -0.002349 0.0029
v 0.000647 -0.002415 0.0029
v 0.000434 -0.002462 0.0029
v 0.000218 -0.00249 0.0029
v 0.0 -0.0025 0.0029
v -0.000218 -0.00249 0.0029
v -0.000434 -0.002462 0.0029
v -0.000647 -0.002415 0.0029
v -0.000855 -0.002349 0.0029
v -0.001057 -0.002266 0.0029
v -0.00125 -0.002165 0.0029
v -0.001434 -0.002048 0.0029
v -0.001607 -0.001915 0.0029
v -0.001768 -0.001768 0.0029
v -0.001915 -0.001607 0.0029
v -0.002048 -0.001434 0.0029
v -0.002165 -0.00125 0.0029
v -0.002266 -0.001057 0.0029
v -0.002349 -0.000855 0.0029
v -0.002415 -0.000647 0.0029
v -0.002462 -0.000434 0.0029
v -0.00249 -0.000218 0.0029
v -0.001992 -0.00115 0.0014
v -0.000664 -0.00115 0.0014
v 0.001992 -0.00115 0.0014
v 0.000664 -0.00115 0.0014
v 0.000664 -0.00115 0.0012
v -0.000664 -0.00115 0.0012
v -0.001328 -0.0 0.0014
v 0.000664 0.00115 0.0014
v 0.0 0.0023 0.0014
v 0.001328 -0.0 0.0012
v 0.001328 -0.0 0.0014
v 0.000664 0.00115 0.0012
v -0.000664 0.00115 0.0014
v -0.001328 -0.0 0.0012
v -0.000664 0.00115 0.0012
v 0.0035 0.000148 0.0026
v 0.013794 0.000148 0.0026
v 0.013705 0.000216 0.002681
v 0.013446 0.0004 0.0029
v 0.0035 0.0004 0.0029
v 0.013547 0.000331 0.002818
v 0.013618 0.000281 0.002758
v 0.0035 -0.000148 0.0026
v 0.0035 -0.0004 0.0029
v 0.001375 -0.005325 0.0008
v 0.001424 -0.005313 0.0008
v 0.001654 -0.005245 0.000792
v 0.002105 -0.005081 0.000746
v 0.001881 -0.005168 0.000774
v 0.00254 -0.004879 0.000659
v 0.002324 -0.004985 0.000708
v 0.002955 -0.004639 0.00053
v 0.00275 -0.004763 0.000599
v 0.003155 -0.004505 0.000451
v 0.003155 0.004505 0.000451
v 0.002955 0.004639 0.00053
v 0.00275 0.004763 0.000599
v 0.00254 0.004879 0.000659
v 0.002324 0.004985 0.000708
v 0.002105 0.005081 0.000746
v 0.001881 0.005168 0.000774
v 0.001654 0.005245 0.000792
v 0.001424 0.005313 0.0008
v 0.001375 0.005325 0.0008
v 0.001375 0.005325 0.0019
v 0.000955 0.005416 0.0019
v 0.000479 0.005479 0.0019
v 0.0 0.0055 0.0019
v -0.000479 0.005479 0.0019
v -0.000955 0.005416 0.0019
v -0.001424 0.005313 0.0019
v -0.001881 0.005168 0.0019
v -0.002324 0.004985 0.0019
v -0.00275 0.004763 0.0019
v -0.003155 0.004505 0.0019
v -0.003535 0.004213 0.0019
v -0.003889 0.003889 0.0019
v -0.004213 0.003535 0.0019
v -0.004505 0.003155 0.0019
v -0.004763 0.00275 0.0019
v -0.004985 0.002324 0.0019
v -0.005168 0.001881 0.0019
v -0.005313 0.001424 0.0019
v -0.005416 0.000955 0.0019
v -0.005479 0.000479 0.0019
v -0.0055 0.0 0.0019
v -0.005479 -0.000479 0.0019
v -0.005416 -0.000955 0.0019
v -0.005313 -0.001424 0.0019
v -0.005168 -0.001881 0.0019
v -0.004985 -0.002324 0.0019
v -0.004763 -0.00275 0.0019
v -0.004505 -0.003155 0.0019
v -0.004213 -0.003535 0.0019
v -0.003889 -0.003889 0.0019
v -0.003535 -0.004213 0.0019
v -0.003155 -0.004505 0.0019
v -0.00275 -0.004763 0.0019
v -0.002324 -0.004985 0.0019
v -0.001881 -0.005168 0.0019
v -0.001424 -0.005313 0.0019
v -0.000955 -0.005416 0.0019
v -0.000479 -0.005479 0.0019
v -0.0 -0.0055 0.0019
v 0.000479 -0.005479 0.0019
v 0.000955 -0.005416 0.0019
v 0.001375 -0.005325 0.0019
v 0.001125 0.004357 0.0029
v 0.012625 0.002421 0.0019
v 0.012375 0.001452 0.0029
v 0.000781 0.004432 0.0029
v 0.000392 0.004483 0.0029
v 0.0 0.0045 0.0029
v -0.000392 0.004483 0.0029
v -0.000781 0.004432 0.0029
v -0.001165 0.004347 0.0029
v -0.001539 0.004229 0.0029
v -0.001902 0.004078 0.0029
v -0.00225 0.003897 0.0029
v -0.002581 0.003686 0.0029
v -0.002893 0.003447 0.0029
v -0.003182 0.003182 0.0029
v -0.003447 0.002893 0.0029
v -0.003686 0.002581 0.0029
v -0.003897 0.00225 0.0029
v -0.004078 0.001902 0.0029
v -0.004229 0.001539 0.0029
v -0.004347 0.001165 0.0029
v -0.004432 0.000781 0.0029
v -0.004483 0.000392 0.0029
v -0.0045 0.0 0.0029
v -0.004483 -0.000392 0.0029
v -0.004432 -0.000781 0.0029
v -0.004347 -0.001165 0.0029
v -0.004229 -0.001539 0.0029
v -0.004078 -0.001902 0.0029
v -0.003897 -0.00225 0.0029
v -0.003686 -0.002581 0.0029
v -0.003447 -0.002893 0.0029
v -0.003182 -0.003182 0.0029
v -0.002893 -0.003447 0.0029
v -0.002581 -0.003686 0.0029
v -0.00225 -0.003897 0.0029
v -0.001902 -0.004078 0.0029
v -0.001539 -0.004229 0.0029
v -0.001165 -0.004347 0.0029
v -0.000781 -0.004432 0.0029
v -0.000392 -0.004483 0.0029
v -0.0 -0.0045 0.0029
v 0.000392 -0.004483 0.0029
v 0.000781 -0.004432 0.0029
v 0.001125 -0.004357 0.0029
v 0.013798 7.7e-05 0.0026
v 0.013798 -7.7e-05 0.0026
v 0.013794 -0.000148 0.0026
v 0.013705 -0.000216 0.002681
v 0.013618 -0.000281 0.002758
v 0.013446 -0.0004 0.0029
v 0.013547 -0.000331 0.002818
v 0.012375 -0.001452 0.0029
v 0.013277 -0.000788 0.0029
v 0.013339 -0.000676 0.0029
v 0.013434 0.00044 0.0029
v 0.013392 0.00056 0.0029
v 0.013392 -0.00056 0.0029
v 0.013434 -0.00044 0.0029
v 0.012941 0.001168 0.0029
v 0.012838 0.001244 0.0029
v 0.012729 -0.001311 0.0029
v 0.012615 -0.001368 0.0029
v 0.012497 -0.001415 0.0029
v 0.012838 -0.001244 0.0029
v 0.012941 -0.001168 0.0029
v 0.013037 -0.001084 0.0029
v 0.013125 -0.000992 0.0029
v 0.013205 -0.000893 0.0029
v 0.013339 0.000676 0.0029
v 0.013277 0.000788 0.0029
v 0.013205 0.000893 0.0029
v 0.013125 0.000992 0.0029
v 0.013037 0.001084 0.0029
v 0.012729 0.001311 0.0029
v 0.012615 0.001368 0.0029
v 0.012497 0.001415 0.0029
v 0.012625 -0.002421 0.0019
v 0.01448 -0.000318 0.0019
v 0.014498 -0.000106 0.0019
v 0.014498 0.000106 0.0019
v 0.01448 0.000318 0.0019
v 0.014444 -0.000528 0.0019
v 0.01439 -0.000733 0.0019
v 0.014319 -0.000934 0.0019
v 0.014231 -0.001127 0.0019
v 0.014128 -0.001313 0.0019
v 0.014009 -0.001489 0.0019
v 0.013875 -0.001654 0.0019
v 0.013728 -0.001807 0.0019
v 0.013568 -0.001947 0.0019
v 0.013397 -0.002073 0.0019
v 0.013216 -0.002185 0.0019
v 0.013026 -0.00228 0.0019
v 0.012828 -0.002359 0.0019
v 0.014444 0.000528 0.0019
v 0.01439 0.000733 0.0019
v 0.014319 0.000934 0.0019
v 0.014231 0.001127 0.0019
v 0.014128 0.001313 0.0019
v 0.014009 0.001489 0.0019
v 0.013875 0.001654 0.0019
v 0.013728 0.001807 0.0019
v 0.013568 0.001947 0.0019
v 0.013397 0.002073 0.0019
v 0.013216 0.002185 0.0019
v 0.013026 0.00228 0.0019
v 0.012828 0.002359 0.0019
v 0.012625 0.002421 0.0008
v 0.012625 -0.002421 0.0008
v 0.012828 -0.002359 0.0008
v 0.013026 -0.00228 0.0008
v 0.013216 -0.002185 0.0008
v 0.013397 -0.002073 0.0008
v 0.013568 -0.001947 0.0008
v 0.013728 -0.001807 0.0008
v 0.013875 -0.001654 0.0008
v 0.014009 -0.001489 0.0008
v 0.014128 -0.001313 0.0008
v 0.014231 -0.001127 0.0008
v 0.014319 -0.000934 0.0008
v 0.01439 -0.000733 0.0008
v 0.014444 -0.000528 0.0008
v 0.01448 -0.000318 0.0008
v 0.014498 -0.000106 0.0008
v 0.014498 0.000106 0.0008
v 0.01448 0.000318 0.0008
v 0.014444 0.000528 0.0008
v 0.01439 0.000733 0.0008
v 0.014319 0.000934 0.0008
v 0.014231 0.001127 0.0008
v 0.014128 0.001313 0.0008
v 0.014009 0.001489 0.0008
v 0.013875 0.001654 0.0008
v 0.013728 0.001807 0.0008
v 0.013568 0.001947 0.0008
v 0.013397 0.002073 0.0008
v 0.013216 0.002185 0.0008
v 0.013026 0.00228 0.0008
v 0.012828 0.002359 0.0008
f 1 2 3
f 2 4 3
f 3 4 5
f 4 6 5
f 5 6 7
f 6 8 7
f 7 8 9
f 8 10 9
f 9 10 11
f 10 12 11
f 11 12 13
f 12 14 13
f 13 14 15
f 14 16 15
f 15 16 17
f 16 18 17
f 17 18 19
f 18 20 19
f 19 20 21
f 20 22 21
f 21 22 23
f 22 24 23
f 23 24 25
f 24 26 25
f 25 26 27
f 26 28 27
f 27 28 29
f 28 30 29
f 29 30 31
f 30 32 31
f 31 32 33
f 32 34 33
f 33 34 35
f 34 36 35
f 35 36 37
f 36 38 37
f 37 38 39
f 38 40 39
f 39 40 41
f 40 42 41
f 41 42 43
f 42 44 43
f 43 44 45
f 44 46 45
f 45 46 47
f 46 48 47
f 47 48 49
f 48 50 49
f 49 50 51
f 50 52 51
f 51 52 53
f 52 54 53
f 53 54 55
f 54 56 55
f 55 56 57
f 56 58 57
f 57 58 59
f 58 60 59
f 59 60 61
f 60 62 61
f 61 62 63
f 62 64 63
f 63 64 65
f 64 66 65
f 65 66 67
f 66 68 67
f 67 68 69
f 68 70 69
f 69 70 71
f 70 72 71
f 71 72 73
f 72 74 73
f 73 74 75
f 74 76 75
f 75 76 77
f 76 78 77
f 77 78 79
f 78 80 79
f 79 80 81
f 80 82 81
f 81 82 83
f 82 84 83
f 83 84 85
f 84 86 85
f 85 86 87
f 86 88 87
f 87 88 89
f 88 90 89
f 89 90 91
f 90 92 91
f 91 92 93
f 92 94 93
f 93 94 95
f 94 96 95
f 95 96 97
f 96 98 97
f 97 98 99
f 98 100 99
f 99 100 101
f 100 102 101
f 101 102 103
f 102 104 103
f 103 104 105
f 104 106 105
f 105 106 107
f 106 108 107
f 107 108 109
f 108 110 109
f 109 110 111
f 110 112 111
f 111 112 113
f 112 114 113
f 113 114 115
f 114 116 115
f 115 116 117
f 116 118 117
f 117 118 119
f 118 120 119
f 119 120 121
f 120 122 121
f 121 122 123
f 122 124 123
f 123 124 125
f 124 126 125
f 125 126 127
f 126 128 127
f 127 128 129
f 128 130 129
f 129 130 131
f 130 132 131
f 131 132 133
f 132 134 133
f 133 134 135
f 134 136 135
f 135 136 137
f 136 138 137
f 137 138 139
f 138 140 139
f 139 140 141
f 140 142 141
f 141 142 143
f 142 144 143
f 143 144 1
f 144 2 1
f 145 3 146
f 3 5 146
f 146 5 147
f 5 7 147
f 147 7 148
f 7 9 148
f 148 9 149
f 9 11 149
f 149 11 150
f 11 13 150
f 150 13 151
f 13 15 151
f 151 15 152
f 15 17 152
f 152 17 153
f 17 19 153
f 153 19 154
f 19 21 154
f 154 21 155
f 21 23 155
f 155 23 156
f 23 25 156
f 156 25 157
f 25 27 157
f 157 27 158
f 27 29 158
f 158 29 159
f 29 31 159
f 159 31 160
f 31 33 160
f 160 33 161
f 33 35 161
f 161 35 162
f 35 37 162
f 162 37 163
f 37 39 163
f 163 39 164
f 39 41 164
f 164 41 165
f 41 43 165
f 165 43 166
f 43 45 166
f 166 45 167
f 45 47 167
f 167 47 168
f 47 49 168
f 168 49 169
f 49 51 169
f 169 51 170
f 51 53 170
f 170 53 171
f 53 55 171
f 171 55 172
f 55 57 172
f 172 57 173
f 57 59 173
f 173 59 174
f 59 61 174
f 174 61 175
f 61 63 175
f 175 63 176
f 63 65 176
f 176 65 177
f 65 67 177
f 177 67 178
f 67 69 178
f 178 69 179
f 69 71 179
f 179 71 180
f 71 73 180
f 180 73 181
f 73 75 181
f 181 75 182
f 75 77 182
f 182 77 183
f 77 79 183
f 183 79 184
f 79 81 184
f 184 81 185
f 81 83 185
f 185 83 186
f 83 85 186
f 186 85 187
f 85 87 187
f 187 87 188
f 87 89 188
f 188 89 189
f 89 91 189
f 189 91 190
f 91 93 190
f 190 93 191
f 93 95 191
f 191 95 192
f 95 97 192
f 192 97 193
f 97 99 193
f 193 99 194
f 99 101 194
f 194 101 195
f 101 103 195
f 195 103 196
f 103 105 196
f 196 105 197
f 105 107 197
f 197 107 198
f 107 109 198
f 198 109 199
f 109 111 199
f 199 111 200
f 111 113 200
f 200 113 201
f 113 115 201
f 201 115 202
f 115 117 202
f 202 117 203
f 117 119 203
f 203 119 204
f 119 121 204
f 204 121 205
f 121 123 205
f 205 123 206
f 123 125 206
f 206 125 207
f 125 127 207
f 207 127 208
f 127 129 208
f 208 129 209
f 129 131 209
f 209 131 210
f 131 133 210
f 210 133 211
f 133 135 211
f 211 135 212
f 135 137 212
f 212 137 213
f 137 139 213
f 213 139 214
f 139 141 214
f 214 141 215
f 141 143 215
f 215 143 216
f 143 1 216
f 216 1 145
f 1 3 145
f 217 44 218
f 44 42 218
f 218 42 219
f 42 40 219
f 219 40 220
f 40 38 220
f 220 38 221
f 38 36 221
f 221 36 222
f 36 34 222
f 222 34 223
f 34 32 223
f 223 32 224
f 32 30 224
f 224 30 225
f 30 28 225
f 225 28 226
f 28 26 226
f 226 26 227
f 26 24 227
f 227 24 228
f 24 22 228
f 228 22 229
f 22 20 229
f 229 20 230
f 20 18 230
f 230 18 231
f 18 16 231
f 231 16 232
f 16 14 232
f 232 14 233
f 14 12 233
f 233 12 234
f 12 10 234
f 234 10 235
f 10 8 235
f 235 8 236
f 8 6 236
f 236 6 237
f 6 4 237
f 237 4 238
f 4 2 238
f 238 2 239
f 2 144 239
f 239 144 240
f 144 142 240
f 240 142 241
f 142 140 241
f 241 140 242
f 140 138 242
f 242 138 243
f 138 136 243
f 243 136 244
f 136 134 244
f 244 134 245
f 134 132 245
f 245 132 246
f 132 130 246
f 246 130 247
f 130 128 247
f 247 128 248
f 128 126 248
f 248 126 249
f 126 124 249
f 249 124 250
f 124 122 250
f 250 122 251
f 122 120 251
f 251 120 252
f 120 118 252
f 252 118 253
f 118 116 253
f 253 116 254
f 116 114 254
f 254 114 255
f 114 112 255
f 255 112 256
f 112 110 256
f 256 110 257
f 110 108 257
f 257 108 258
f 108 106 258
f 258 106 259
f 106 104 259
f 259 104 260
f 104 102 260
f 260 102 261
f 102 100 261
f 261 100 262
f 100 98 262
f 262 98 263
f 98 96 263
f 263 96 264
f 96 94 264
f 264 94 265
f 94 92 265
f 265 92 266
f 92 90 266
f 266 90 267
f 90 88 267
f 267 88 268
f 88 86 268
f 268 86 269
f 86 84 269
f 269 84 270
f 84 82 270
f 270 82 271
f 82 80 271
f 271 80 272
f 80 78 272
f 272 78 273
f 78 76 273
f 273 76 274
f 76 74 274
f 274 74 275
f 74 72 275
f 275 72 276
f 72 70 276
f 276 70 277
f 70 68 277
f 277 68 278
f 68 66 278
f 278 66 279
f 66 64 279
f 279 64 280
f 64 62 280
f 280 62 281
f 62 60 281
f 281 60 282
f 60 58 282
f 282 58 283
f 58 56 283
f 283 56 284
f 56 54 284
f 284 54 285
f 54 52 285
f 285 52 286
f 52 50 286
f 286 50 287
f 50 48 287
f 287 48 288
f 48 46 288
f 288 46 217
f 46 44 217
f 145 289 216
f 289 290 216
f 216 290 215
f 290 291 215
f 215 291 214
f 291 292 214
f 214 292 213
f 292 293 213
f 213 293 212
f 293 294 212
f 212 294 211
f 294 295 211
f 211 295 210
f 295 296 210
f 210 296 209
f 296 297 209
f 209 297 208
f 297 298 208
f 208 298 207
f 298 299 207
f 207 299 206
f 299 300 206
f 206 300 205
f 300 301 205
f 205 301 204
f 301 302 204
f 204 302 203
f 302 303 203
f 203 303 202
f 303 304 202
f 202 304 201
f 304 305 201
f 201 305 200
f 305 306 200
f 200 306 199
f 306 307 199
f 199 307 198
f 307 308 198
f 198 308 197
f 308 309 197
f 197 309 196
f 309 310 196
f 196 310 195
f 310 311 195
f 195 311 194
f 311 312 194
f 194 312 193
f 312 313 193
f 193 313 192
f 313 314 192
f 192 314 191
f 314 315 191
f 191 315 190
f 315 316 190
f 190 316 189
f 316 317 189
f 189 317 188
f 317 318 188
f 188 318 187
f 318 319 187
f 187 319 186
f 319 320 186
f 186 320 185
f 320 321 185
f 185 321 184
f 321 322 184
f 184 322 183
f 322 323 183
f 183 323 182
f 323 324 182
f 182 324 181
f 324 325 181
f 181 325 180
f 325 326 180
f 180 326 179
f 326 327 179
f 179 327 178
f 327 328 178
f 178 328 177
f 328 329 177
f 177 329 176
f 329 330 176
f 176 330 175
f 330 331 175
f 175 331 174
f 331 332 174
f 174 332 173
f 332 333 173
f 173 333 172
f 333 334 172
f 172 334 171
f 334 335 171
f 171 335 170
f 335 336 170
f 170 336 169
f 336 337 169
f 169 337 168
f 337 338 168
f 168 338 167
f 338 339 167
f 167 339 166
f 339 340 166
f 166 340 165
f 340 341 165
f 165 341 164
f 341 342 164
f 164 342 163
f 342 343 163
f 163 343 162
f 343 344 162
f 162 344 161
f 344 345 161
f 161 345 160
f 345 346 160
f 160 346 159
f 346 347 159
f 159 347 158
f 347 348 158
f 158 348 157
f 348 349 157
f 157 349 156
f 349 350 156
f 156 350 155
f 350 351 155
f 155 351 154
f 351 352 154
f 154 352 153
f 352 353 153
f 153 353 152
f 353 354 152
f 152 354 151
f 354 355 151
f 151 355 150
f 355 356 150
f 150 356 149
f 356 357 149
f 149 357 148
f 357 358 148
f 148 358 147
f 358 359 147
f 147 359 146
f 359 360 146
f 146 360 145
f 360 289 145
f 290 289 361
f 289 360 361
f 361 360 359
f 293 292 361
f 292 291 361
f 361 291 290
f 296 295 361
f 295 294 361
f 361 294 293
f 299 298 361
f 298 297 361
f 361 297 296
f 302 301 361
f 301 300 361
f 361 300 299
f 305 304 361
f 304 303 361
f 361 303 302
f 308 307 361
f 307 306 361
f 361 306 305
f 311 310 361
f 310 309 361
f 361 309 308
f 314 313 361
f 313 312 361
f 361 312 311
f 317 316 361
f 316 315 361
f 361 315 314
f 320 319 361
f 319 318 361
f 361 318 317
f 323 322 361
f 322 321 361
f 361 321 320
f 326 325 361
f 325 324 361
f 361 324 323
f 329 328 361
f 328 327 361
f 361 327 326
f 332 331 361
f 331 330 361
f 361 330 329
f 335 334 361
f 334 333 361
f 361 333 332
f 338 337 361
f 337 336 361
f 361 336 335
f 341 340 361
f 340 339 361
f 361 339 338
f 344 343 361
f 343 342 361
f 361 342 341
f 347 346 361
f 346 345 361
f 361 345 344
f 350 349 361
f 349 348 361
f 361 348 347
f 353 352 361
f 352 351 361
f 361 351 350
f 356 355 361
f 355 354 361
f 361 354 353
f 359 358 361
f 358 357 361
f 361 357 356
f 362 363 364
f 365 366 367
f 368 369 370
f 371 372 373
f 372 374 373
f 375 376 377
f 376 378 377
f 374 375 373
f 375 377 373
f 373 377 379
f 377 380 379
f 379 380 381
f 380 382 381
f 381 382 383
f 384 385 386
f 385 387 386
f 386 387 382
f 387 388 382
f 382 388 383
f 389 390 391
f 390 392 391
f 391 392 384
f 392 393 384
f 384 393 385
f 394 395 389
f 395 396 389
f 389 396 390
f 397 398 394
f 398 399 394
f 394 399 395
f 400 401 402
f 401 403 402
f 402 403 404
f 403 405 404
f 404 405 406
f 405 407 406
f 406 407 408
f 407 409 408
f 408 409 397
f 409 410 397
f 397 410 398
f 411 412 400
f 412 413 400
f 400 413 401
f 414 415 411
f 415 416 411
f 411 416 412
f 417 418 419
f 418 420 419
f 419 420 414
f 420 421 414
f 414 421 415
f 422 423 424
f 423 425 424
f 424 425 417
f 425 426 417
f 417 426 418
f 368 427 369
f 427 428 369
f 369 428 422
f 428 429 422
f 422 429 423
f 430 431 432
f 431 433 432
f 432 433 434
f 433 435 434
f 434 435 370
f 435 436 370
f 370 436 368
f 437 438 430
f 438 439 430
f 430 439 431
f 440 441 442
f 441 443 442
f 442 443 437
f 443 444 437
f 437 444 438
f 445 446 447
f 446 448 447
f 447 448 440
f 448 449 440
f 440 449 441
f 450 451 452
f 451 453 452
f 452 453 454
f 453 455 454
f 454 455 445
f 455 456 445
f 445 456 446
f 450 452 457
f 452 458 457
f 457 458 459
f 458 460 459
f 459 460 461
f 461 460 462
f 460 463 462
f 462 463 464
f 463 465 464
f 464 465 466
f 466 465 467
f 465 468 467
f 467 468 469
f 468 470 469
f 469 470 471
f 470 472 471
f 471 472 473
f 472 474 473
f 473 474 475
f 474 476 475
f 475 476 477
f 477 476 478
f 476 479 478
f 478 479 480
f 479 481 480
f 480 481 482
f 482 481 483
f 481 484 483
f 483 484 485
f 485 484 486
f 484 487 486
f 486 487 488
f 488 487 489
f 487 490 489
f 489 490 491
f 490 492 491
f 491 492 493
f 492 494 493
f 493 494 495
f 495 494 496
f 494 497 496
f 496 497 498
f 498 497 499
f 497 500 499
f 499 500 501
f 501 500 502
f 500 503 502
f 502 503 504
f 504 503 505
f 503 506 505
f 505 506 507
f 506 508 507
f 507 508 509
f 509 508 510
f 508 511 510
f 510 511 512
f 512 511 513
f 511 514 513
f 513 514 515
f 515 514 516
f 514 517 516
f 516 517 518
f 517 519 518
f 518 519 520
f 520 519 521
f 519 522 521
f 521 522 523
f 522 524 523
f 523 524 525
f 525 524 526
f 524 527 526
f 526 527 528
f 528 527 529
f 527 530 529
f 529 530 531
f 530 532 531
f 531 532 533
f 533 532 534
f 532 535 534
f 534 535 536
f 535 537 536
f 536 537 538
f 538 537 539
f 537 540 539
f 539 540 541
f 541 540 542
f 540 543 542
f 542 543 544
f 543 545 544
f 544 545 546
f 545 547 546
f 546 547 548
f 548 547 549
f 547 550 549
f 549 550 551
f 551 550 552
f 550 553 552
f 552 553 554
f 553 555 554
f 554 555 556
f 555 557 556
f 556 557 558
f 558 557 559
f 557 560 559
f 559 560 561
f 560 562 561
f 561 562 563
f 563 562 564
f 562 565 564
f 564 565 566
f 565 567 566
f 566 567 568
f 568 567 569
f 567 570 569
f 569 570 571
f 572 573 574
f 573 575 574
f 574 575 576
f 575 577 576
f 576 577 578
f 577 571 578
f 578 571 579
f 571 570 579
f 580 581 572
f 581 582 572
f 572 582 573
f 583 584 585
f 584 586 585
f 585 586 587
f 586 588 587
f 587 588 580
f 588 589 580
f 580 589 581
f 590 591 583
f 591 592 583
f 583 592 584
f 593 594 590
f 594 595 590
f 590 595 591
f 596 597 598
f 597 599 598
f 598 599 593
f 599 600 593
f 593 600 594
f 601 602 603
f 602 604 603
f 603 604 596
f 604 605 596
f 596 605 597
f 365 606 366
f 606 607 366
f 366 607 601
f 607 608 601
f 601 608 602
f 609 610 611
f 610 612 611
f 611 612 367
f 612 613 367
f 367 613 365
f 614 615 609
f 615 616 609
f 609 616 610
f 617 618 614
f 618 619 614
f 614 619 615
f 620 621 622
f 621 623 622
f 622 623 617
f 623 624 617
f 617 624 618
f 625 626 620
f 626 627 620
f 627 628 620
f 628 629 620
f 620 629 630
f 630 631 620
f 631 632 620
f 620 632 621
f 632 633 621
f 621 633 634
f 634 635 621
f 635 636 621
f 621 636 637
f 637 638 621
f 638 639 621
f 621 639 640
f 378 641 377
f 641 642 377
f 377 642 364
f 642 643 364
f 364 643 644
f 644 645 364
f 645 646 364
f 364 646 647
f 647 648 364
f 648 649 364
f 364 649 362
f 650 651 652
f 650 437 430
f 653 654 655
f 656 657 658
f 369 422 659
f 422 660 659
f 659 660 661
f 650 430 662
f 430 432 662
f 662 432 663
f 432 434 663
f 663 434 659
f 434 370 659
f 659 370 369
f 664 665 666
f 667 668 669
f 670 671 672
f 673 400 674
f 400 402 674
f 674 402 404
f 445 447 652
f 447 440 652
f 652 440 650
f 440 442 650
f 650 442 437
f 465 653 468
f 653 655 468
f 468 655 470
f 675 676 677
f 678 414 673
f 414 411 673
f 673 411 400
f 679 680 681
f 422 424 660
f 424 417 660
f 660 417 678
f 417 419 678
f 678 419 414
f 465 463 653
f 463 460 653
f 653 460 682
f 460 458 682
f 682 458 683
f 458 452 683
f 683 452 652
f 452 454 652
f 652 454 445
f 684 476 685
f 476 474 685
f 685 474 655
f 474 472 655
f 655 472 470
f 664 481 684
f 481 479 684
f 684 479 476
f 656 503 686
f 503 500 686
f 686 500 687
f 500 497 687
f 687 497 666
f 497 494 666
f 666 494 492
f 667 524 688
f 524 522 688
f 688 522 689
f 585 670 583
f 670 672 583
f 583 672 590
f 404 406 674
f 406 690 674
f 674 690 691
f 492 490 666
f 490 487 666
f 666 487 664
f 487 484 664
f 664 484 481
f 522 519 689
f 519 517 689
f 689 517 658
f 517 514 658
f 514 511 658
f 511 508 658
f 658 508 656
f 508 506 656
f 656 506 503
f 692 596 693
f 596 598 693
f 693 598 672
f 598 593 672
f 672 593 590
f 367 366 694
f 366 601 694
f 694 601 692
f 601 603 692
f 692 603 596
f 555 681 557
f 681 695 557
f 555 553 681
f 553 550 681
f 681 550 679
f 570 675 579
f 675 677 579
f 579 677 578
f 585 587 670
f 587 580 670
f 670 580 696
f 580 572 696
f 696 572 697
f 572 574 697
f 697 574 677
f 574 576 677
f 677 576 578
f 550 547 679
f 547 545 679
f 679 545 698
f 545 543 698
f 698 543 699
f 543 540 699
f 699 540 669
f 540 537 669
f 669 537 535
f 535 532 669
f 532 530 669
f 669 530 667
f 530 527 667
f 667 527 524
f 570 567 675
f 567 565 675
f 675 565 700
f 565 562 700
f 700 562 695
f 562 560 695
f 695 560 557
f 377 364 701
f 702 701 703
f 701 704 703
f 705 386 706
f 386 382 706
f 706 382 707
f 704 701 708
f 701 364 708
f 708 364 363
f 709 710 711
f 710 712 711
f 711 712 713
f 712 714 713
f 713 714 715
f 714 716 715
f 715 716 717
f 718 391 705
f 391 384 705
f 705 384 386
f 707 382 701
f 382 380 701
f 701 380 377
f 717 625 715
f 625 620 715
f 715 620 622
f 406 408 690
f 408 397 690
f 690 397 719
f 397 394 719
f 719 394 718
f 394 389 718
f 718 389 391
f 702 720 701
f 720 721 701
f 701 721 722
f 721 723 722
f 723 724 722
f 722 724 725
f 724 726 725
f 727 728 709
f 728 729 709
f 709 729 710
f 726 730 725
f 730 731 725
f 725 731 727
f 731 732 727
f 727 732 728
f 622 617 715
f 617 614 715
f 715 614 609
f 694 733 367
f 733 715 367
f 367 715 611
f 715 609 611
f 734 690 735
f 690 719 735
f 735 719 736
f 719 718 736
f 736 718 737
f 718 705 737
f 737 705 738
f 705 706 738
f 706 707 738
f 707 739 738
f 707 701 739
f 701 740 739
f 740 701 741
f 701 722 741
f 741 722 742
f 722 725 742
f 742 725 743
f 725 727 743
f 743 727 744
f 727 709 744
f 744 709 745
f 709 711 745
f 745 711 746
f 711 713 746
f 746 713 747
f 713 715 747
f 715 733 747
f 733 748 747
f 733 694 748
f 694 749 748
f 749 694 750
f 694 692 750
f 750 692 751
f 692 693 751
f 751 693 752
f 693 672 752
f 672 671 752
f 671 753 752
f 671 670 753
f 670 754 753
f 754 670 755
f 670 696 755
f 755 696 756
f 696 697 756
f 756 697 757
f 697 677 757
f 758 653 759
f 653 682 759
f 759 682 760
f 682 683 760
f 760 683 761
f 683 652 761
f 654 653 762
f 653 758 762
f 655 654 763
f 654 762 763
f 764 664 765
f 664 684 765
f 765 684 766
f 684 685 766
f 766 685 763
f 685 655 763
f 665 664 767
f 664 764 767
f 666 665 768
f 665 767 768
f 769 656 770
f 656 686 770
f 770 686 771
f 686 687 771
f 771 687 768
f 687 666 768
f 657 656 772
f 656 769 772
f 658 657 773
f 657 772 773
f 774 667 775
f 667 688 775
f 775 688 776
f 688 689 776
f 776 689 773
f 689 658 773
f 777 778 779
f 778 780 779
f 779 780 781
f 780 782 781
f 781 782 783
f 782 784 783
f 783 784 785
f 784 786 785
f 785 786 787
f 786 788 787
f 787 788 789
f 788 790 789
f 789 790 791
f 790 792 791
f 791 792 793
f 792 794 793
f 793 794 795
f 794 796 795
f 795 796 797
f 796 798 797
f 797 798 799
f 798 800 799
f 799 800 801
f 800 802 801
f 801 802 803
f 802 804 803
f 803 804 805
f 804 806 805
f 805 806 807
f 806 808 807
f 807 808 809
f 808 810 809
f 809 810 811
f 810 812 811
f 811 812 813
f 812 814 813
f 813 814 815
f 814 816 815
f 815 816 817
f 816 818 817
f 817 818 819
f 818 820 819
f 819 820 821
f 820 822 821
f 821 822 823
f 822 824 823
f 823 824 825
f 824 826 825
f 825 826 827
f 826 828 827
f 827 828 829
f 828 830 829
f 829 830 831
f 830 832 831
f 831 832 833
f 832 834 833
f 833 834 835
f 834 836 835
f 835 836 837
f 836 838 837
f 837 838 839
f 838 840 839
f 839 840 841
f 840 842 841
f 841 842 843
f 842 844 843
f 843 844 845
f 844 846 845
f 845 846 847
f 846 848 847
f 847 848 849
f 848 850 849
f 849 850 851
f 850 852 851
f 851 852 853
f 852 854 853
f 853 854 855
f 854 856 855
f 855 856 857
f 856 858 857
f 857 858 859
f 858 860 859
f 859 860 861
f 860 862 861
f 861 862 863
f 862 864 863
f 863 864 865
f 864 866 865
f 865 866 867
f 866 868 867
f 867 868 869
f 868 870 869
f 869 870 871
f 870 872 871
f 871 872 873
f 872 874 873
f 873 874 875
f 874 876 875
f 875 876 877
f 876 878 877
f 877 878 879
f 878 880 879
f 879 880 881
f 880 882 881
f 881 882 883
f 882 884 883
f 883 884 885
f 884 886 885
f 885 886 887
f 886 888 887
f 887 888 889
f 888 890 889
f 889 890 891
f 890 892 891
f 891 892 893
f 892 894 893
f 893 894 895
f 894 896 895
f 895 896 897
f 896 898 897
f 897 898 899
f 898 900 899
f 899 900 901
f 900 902 901
f 901 902 903
f 902 904 903
f 903 904 905
f 904 906 905
f 905 906 907
f 906 908 907
f 907 908 909
f 908 910 909
f 909 910 911
f 910 912 911
f 911 912 913
f 912 914 913
f 913 914 915
f 914 916 915
f 915 916 917
f 916 918 917
f 917 918 919
f 918 920 919
f 919 920 777
f 920 778 777
f 921 807 922
f 807 809 922
f 922 809 923
f 809 811 923
f 923 811 924
f 811 813 924
f 924 813 925
f 813 815 925
f 925 815 926
f 815 817 926
f 926 817 927
f 817 819 927
f 927 819 928
f 819 821 928
f 928 821 929
f 821 823 929
f 929 823 930
f 823 825 930
f 930 825 931
f 825 827 931
f 931 827 932
f 827 829 932
f 932 829 933
f 829 831 933
f 933 831 934
f 831 833 934
f 934 833 935
f 833 835 935
f 935 835 936
f 835 837 936
f 936 837 937
f 837 839 937
f 937 839 938
f 839 841 938
f 938 841 939
f 841 843 939
f 939 843 940
f 843 845 940
f 940 845 941
f 845 847 941
f 941 847 942
f 847 849 942
f 942 849 943
f 849 851 943
f 943 851 944
f 851 853 944
f 944 853 945
f 853 855 945
f 945 855 946
f 855 857 946
f 946 857 947
f 857 859 947
f 947 859 948
f 859 861 948
f 948 861 949
f 861 863 949
f 949 863 950
f 863 865 950
f 950 865 951
f 865 867 951
f 951 867 952
f 867 869 952
f 952 869 953
f 869 871 953
f 953 871 954
f 871 873 954
f 954 873 955
f 873 875 955
f 955 875 956
f 875 877 956
f 956 877 957
f 877 879 957
f 957 879 958
f 879 881 958
f 958 881 959
f 881 883 959
f 959 883 960
f 883 885 960
f 960 885 961
f 885 887 961
f 961 887 962
f 887 889 962
f 962 889 963
f 889 891 963
f 963 891 964
f 891 893 964
f 964 893 965
f 893 895 965
f 965 895 966
f 895 897 966
f 966 897 967
f 897 899 967
f 967 899 968
f 899 901 968
f 968 901 969
f 901 903 969
f 969 903 970
f 903 905 970
f 970 905 971
f 905 907 971
f 971 907 972
f 907 909 972
f 972 909 973
f 909 911 973
f 973 911 974
f 911 913 974
f 974 913 975
f 913 915 975
f 975 915 976
f 915 917 976
f 976 917 977
f 917 919 977
f 977 919 978
f 919 777 978
f 978 777 979
f 777 779 979
f 979 779 980
f 779 781 980
f 980 781 981
f 781 783 981
f 981 783 982
f 783 785 982
f 982 785 983
f 785 787 983
f 983 787 984
f 787 789 984
f 984 789 985
f 789 791 985
f 985 791 986
f 791 793 986
f 986 793 987
f 793 795 987
f 987 795 988
f 795 797 988
f 988 797 989
f 797 799 989
f 989 799 990
f 799 801 990
f 990 801 991
f 801 803 991
f 991 803 992
f 803 805 992
f 992 805 921
f 805 807 921
f 918 916 993
f 916 994 993
f 902 900 995
f 900 898 995
f 995 898 896
f 910 908 996
f 996 908 997
f 908 906 995
f 906 904 995
f 995 904 902
f 806 804 998
f 896 894 995
f 894 892 995
f 995 892 890
f 818 816 999
f 806 998 808
f 1000 792 1001
f 792 790 1001
f 890 888 995
f 888 886 995
f 995 886 1002
f 886 884 1002
f 1002 884 882
f 790 788 1001
f 788 786 1001
f 1001 786 1003
f 786 784 1003
f 1003 784 1004
f 1000 1005 792
f 1005 1006 792
f 792 1006 998
f 918 993 920
f 993 1007 920
f 920 1007 778
f 1007 1008 778
f 778 1008 780
f 1008 1009 780
f 780 1009 782
f 1009 1010 782
f 782 1010 784
f 1010 1011 784
f 784 1011 1004
f 995 1012 908
f 1012 1013 908
f 908 1013 1014
f 994 916 1015
f 916 914 1015
f 1015 914 996
f 914 912 996
f 996 912 910
f 846 1016 848
f 1016 1017 848
f 848 1017 850
f 1017 1018 850
f 850 1018 852
f 1018 1019 852
f 852 1019 854
f 1019 1020 854
f 854 1020 856
f 1020 1021 856
f 856 1021 858
f 1021 1022 858
f 858 1022 860
f 1022 1023 860
f 860 1023 862
f 1023 1024 862
f 862 1024 864
f 1024 1025 864
f 864 1025 866
f 1025 1026 866
f 866 1026 868
f 1026 1027 868
f 868 1027 870
f 1027 1028 870
f 870 1028 872
f 1028 1029 872
f 872 1029 874
f 1029 1030 874
f 874 1030 876
f 1030 1031 876
f 876 1031 878
f 1031 1002 878
f 878 1002 880
f 1002 882 880
f 804 802 998
f 802 800 998
f 998 800 798
f 1014 1032 908
f 1032 1033 908
f 908 1033 997
f 816 814 999
f 814 812 999
f 999 812 998
f 812 810 998
f 998 810 808
f 798 796 998
f 796 794 998
f 998 794 792
f 818 999 820
f 999 1034 820
f 820 1034 822
f 1034 1035 822
f 822 1035 824
f 1035 1036 824
f 824 1036 826
f 1036 1037 826
f 826 1037 828
f 1037 1038 828
f 828 1038 830
f 1038 1039 830
f 830 1039 832
f 1039 1040 832
f 832 1040 834
f 1040 1041 834
f 834 1041 836
f 1041 1042 836
f 836 1042 838
f 1042 1043 838
f 838 1043 840
f 1043 1044 840
f 840 1044 842
f 1044 1045 842
f 842 1045 844
f 1045 1046 844
f 844 1046 846
f 1046 1047 846
f 846 1047 1016
f 1048 1049 1050
f 1051 1049 1052
f 1049 1053 1052
f 1054 1055 1049
f 1055 1056 1049
f 1049 1056 1057
f 1049 1058 1059
f 1060 1061 1049
f 1061 1062 1049
f 1049 1062 1063
f 1064 1065 1066
f 1065 1067 1066
f 1068 1069 1070
f 1069 1065 1070
f 1070 1065 1071
f 1065 1064 1071
f 1057 1072 1049
f 1072 1073 1049
f 1049 1073 1058
f 1059 1074 1049
f 1074 1075 1049
f 1049 1075 1060
f 1063 1076 1049
f 1076 1077 1049
f 1049 1077 1050
f 1051 1078 1049
f 1078 1079 1049
f 1049 1079 1080
f 1081 1050 1082
f 1050 1083 1082
f 1081 1084 1050
f 1084 1085 1050
f 1050 1085 1048
f 1086 1087 1088
f 1080 1089 1049
f 1089 1090 1049
f 1049 1090 1091
f 1091 1092 1049
f 1092 1093 1049
f 1049 1093 1054
f 1088 1087 1094
f 1087 1095 1094
f 1094 1095 1096
f 1095 1097 1096
f 1096 1097 1098
f 1097 1099 1098
f 1098 1099 1100
f 1099 1101 1100
f 1100 1101 1102
f 1101 1103 1102
f 1102 1103 1104
f 1103 1105 1104
f 1104 1105 1106
f 1105 1107 1106
f 1106 1107 1108
f 1107 1109 1108
f 1108 1109 1110
f 1109 1111 1110
f 1110 1111 1112
f 1111 1113 1112
f 1112 1113 1114
f 1113 1115 1114
f 1114 1115 1116
f 1115 1117 1116
f 1116 1117 1118
f 1117 1119 1118
f 1118 1119 1120
f 1120 1119 1121
f 1119 1122 1121
f 1121 1122 1123
f 1122 1124 1123
f 1123 1124 1125
f 1124 1126 1125
f 1125 1126 1127
f 1126 1128 1127
f 1127 1128 1129
f 1128 1130 1129
f 1129 1130 1131
f 1130 1132 1131
f 1131 1132 1133
f 1132 1134 1133
f 1133 1134 1135
f 1134 1136 1135
f 1135 1136 1137
f 1136 1138 1137
f 1137 1138 1139
f 1138 1067 1139
f 1139 1067 1140
f 1053 1049 1065
f 1049 1141 1065
f 1065 1141 1067
f 1141 1142 1067
f 1067 1142 1140
f 1143 1144 1145
f 1144 1146 1145
f 1145 1146 1147
f 1146 1148 1147
f 1147 1148 1149
f 1148 1150 1149
f 1149 1150 1151
f 1150 1152 1151
f 1151 1152 1153
f 1152 1154 1153
f 1153 1154 1155
f 1154 1156 1155
f 1155 1156 1157
f 1156 1158 1157
f 1157 1158 1159
f 1158 1160 1159
f 1159 1160 1161
f 1160 1162 1161
f 1161 1162 1163
f 1162 1164 1163
f 1163 1164 1165
f 1164 1166 1165
f 1165 1166 1167
f 1166 1168 1167
f 1167 1168 1169
f 1168 1170 1169
f 1169 1170 1171
f 1088 1172 1086
f 1172 1173 1086
f 1086 1173 1174
f 1173 1175 1174
f 1174 1175 1176
f 1175 1177 1176
f 1176 1177 1178
f 1177 1179 1178
f 1178 1179 1180
f 1179 1181 1180
f 1180 1181 1182
f 1181 1183 1182
f 1182 1183 1184
f 1183 1185 1184
f 1184 1185 1186
f 1185 1187 1186
f 1186 1187 1188
f 1187 1189 1188
f 1188 1189 1190
f 1189 1191 1190
f 1190 1191 1192
f 1191 1193 1192
f 1192 1193 1194
f 1193 1195 1194
f 1194 1195 1196
f 1195 1197 1196
f 1196 1197 1198
f 1197 1199 1198
f 1198 1199 1143
f 1199 1200 1143
f 1143 1200 1144
f 1170 1201 1171
f 1201 1202 1171
f 1171 1202 1203
f 1202 1204 1203
f 1203 1204 1205
f 1204 1206 1205
f 1205 1206 1207
f 1206 1208 1207
f 1207 1208 1209
f 1208 1210 1209
f 1209 1210 1211
f 1210 1212 1211
f 1211 1212 1213
f 1212 1214 1213
f 1213 1214 1215
f 1214 1216 1215
f 1215 1216 1217
f 1216 1218 1217
f 1217 1218 1219
f 1218 1220 1219
f 1219 1220 1221
f 1220 1222 1221
f 1221 1222 1223
f 1222 1224 1223
f 1223 1224 1225
f 1224 1226 1225
f 1225 1226 1227
f 1226 1228 1227
f 1227 1228 1229
f 1228 1230 1229
f 1229 1230 1068
f 1230 1231 1068
f 1068 1231 1069
f 410 409 1129
f 606 365 1224
f 1142 1141 371
f 621 640 1065
f 1065 1069 621
f 1069 1231 621
f 621 1231 623
f 1230 619 618
f 1230 618 1231
f 618 624 1231
f 1231 624 623
f 619 1230 615
f 1230 1228 615
f 615 1228 616
f 1224 365 1226
f 365 613 1226
f 613 612 1226
f 1226 612 1228
f 612 610 1228
f 1228 610 616
f 606 1224 607
f 1224 1222 607
f 607 1222 608
f 608 1222 602
f 1222 1220 602
f 602 1220 604
f 604 1220 605
f 1220 1218 605
f 605 1218 597
f 597 1218 599
f 1218 1216 599
f 599 1216 600
f 600 1216 594
f 1216 1214 594
f 594 1214 595
f 1212 592 1214
f 592 591 1214
f 1214 591 595
f 1210 586 1212
f 586 584 1212
f 1212 584 592
f 1208 589 1210
f 589 588 1210
f 1210 588 586
f 568 569 1170
f 569 571 1170
f 1170 571 1201
f 571 577 1201
f 1201 577 1202
f 577 575 1202
f 1202 575 1204
f 575 573 1204
f 1204 573 1206
f 573 582 1206
f 1206 582 1208
f 582 581 1208
f 1208 581 589
f 568 1170 566
f 1170 1168 566
f 566 1168 564
f 1168 1166 564
f 564 1166 563
f 563 1166 561
f 1166 1164 561
f 561 1164 559
f 559 1164 558
f 1164 1162 558
f 558 1162 556
f 556 1162 554
f 1162 1160 554
f 554 1160 552
f 1158 1156 546
f 546 548 1158
f 548 549 1158
f 1158 549 1160
f 549 551 1160
f 1160 551 552
f 1154 1152 539
f 539 541 1154
f 541 542 1154
f 1154 542 1156
f 542 544 1156
f 1156 544 546
f 1148 534 1150
f 534 536 1150
f 1150 536 1152
f 536 538 1152
f 1152 538 539
f 528 529 1146
f 529 531 1146
f 1146 531 1148
f 531 533 1148
f 1148 533 534
f 528 1146 526
f 1146 1144 526
f 526 1144 525
f 525 1144 523
f 1144 1200 523
f 523 1200 521
f 521 1200 520
f 1200 1199 520
f 520 1199 518
f 518 1199 516
f 1199 1197 516
f 516 1197 515
f 1195 510 512
f 1195 512 1197
f 512 513 1197
f 1197 513 515
f 510 1195 509
f 1195 1193 509
f 509 1193 507
f 507 1193 505
f 1193 1191 505
f 505 1191 504
f 504 1191 502
f 1191 1189 502
f 502 1189 501
f 501 1189 499
f 1189 1187 499
f 499 1187 498
f 1185 495 1187
f 495 496 1187
f 1187 496 498
f 1183 491 1185
f 491 493 1185
f 1185 493 495
f 1181 488 1183
f 488 489 1183
f 1183 489 491
f 482 483 1179
f 483 485 1179
f 1179 485 1181
f 485 486 1181
f 1181 486 488
f 482 1179 480
f 1179 1177 480
f 480 1177 478
f 478 1177 477
f 1177 1175 477
f 477 1175 475
f 1175 1173 475
f 475 1173 473
f 1173 1172 473
f 473 1172 471
f 1088 1094 464
f 464 466 1088
f 466 467 1088
f 1088 467 1172
f 467 469 1172
f 1172 469 471
f 1096 1098 457
f 457 459 1096
f 459 461 1096
f 1096 461 1094
f 461 462 1094
f 1094 462 464
f 1100 451 1098
f 451 450 1098
f 1098 450 457
f 1102 455 1100
f 455 453 1100
f 1100 453 451
f 1104 446 1102
f 446 456 1102
f 1102 456 455
f 1106 449 1104
f 449 448 1104
f 1104 448 446
f 1108 438 1106
f 438 444 1106
f 444 443 1106
f 443 441 1106
f 1106 441 449
f 1110 1112 435
f 435 433 1110
f 433 431 1110
f 1110 431 1108
f 431 439 1108
f 1108 439 438
f 1114 1116 428
f 428 427 1114
f 427 368 1114
f 1114 368 1112
f 368 436 1112
f 1112 436 435
f 1118 423 1116
f 423 429 1116
f 1116 429 428
f 1120 426 1118
f 426 425 1118
f 1118 425 423
f 415 421 1121
f 421 420 1121
f 1121 420 1120
f 420 418 1120
f 1120 418 426
f 415 1121 416
f 1121 1123 416
f 416 1123 412
f 412 1123 413
f 1123 1125 413
f 413 1125 401
f 401 1125 403
f 1125 1127 403
f 403 1127 405
f 1129 409 1127
f 409 407 1127
f 1127 407 405
f 410 1129 398
f 1129 1131 398
f 398 1131 399
f 399 1131 395
f 1131 1133 395
f 395 1133 396
f 396 1133 390
f 1133 1135 390
f 390 1135 392
f 392 1135 393
f 1135 1137 393
f 393 1137 385
f 385 1137 387
f 1137 1139 387
f 387 1139 388
f 371 373 1142
f 373 379 1142
f 1142 379 1140
f 379 381 1140
f 1140 381 1139
f 381 383 1139
f 1139 383 388
f 649 1083 1050
f 371 1141 1049
f 1048 374 1049
f 374 372 1049
f 1049 372 371
f 1085 376 1048
f 376 375 1048
f 1048 375 374
f 1084 641 1085
f 641 378 1085
f 1085 378 376
f 1081 643 1084
f 643 642 1084
f 1084 642 641
f 1082 645 1081
f 645 644 1081
f 1081 644 643
f 649 648 1083
f 648 647 1083
f 1083 647 1082
f 647 646 1082
f 1082 646 645
f 1077 363 1050
f 363 362 1050
f 1050 362 649
f 1091 1090 626
f 630 629 1089
f 629 628 1089
f 1089 628 1090
f 628 627 1090
f 1090 627 626
f 1078 631 1079
f 631 630 1079
f 1079 630 1080
f 630 1089 1080
f 635 634 1078
f 634 633 1078
f 633 632 1078
f 1078 632 631
f 1078 1051 635
f 1051 1052 635
f 635 1052 636
f 1053 1065 640
f 640 639 1053
f 639 638 1053
f 1053 638 1052
f 638 637 1052
f 1052 637 636
f 626 625 1091
f 625 717 1091
f 1091 717 1092
f 717 716 1092
f 1092 716 1093
f 716 714 1093
f 1093 714 1054
f 714 712 1054
f 1054 712 1055
f 712 710 1055
f 1055 710 1056
f 710 729 1056
f 1056 729 1057
f 729 728 1057
f 1057 728 1072
f 728 732 1072
f 1072 732 1073
f 732 731 1073
f 1073 731 1058
f 731 730 1058
f 1058 730 1059
f 730 726 1059
f 1059 726 1074
f 726 724 1074
f 1074 724 1075
f 724 723 1075
f 1075 723 1060
f 723 721 1060
f 1060 721 1061
f 721 720 1061
f 1061 720 1062
f 720 702 1062
f 1062 702 1063
f 702 703 1063
f 1063 703 1076
f 703 704 1076
f 1076 704 1077
f 704 708 1077
f 1077 708 363
f 239 979 238
f 979 980 238
f 238 980 237
f 980 981 237
f 237 981 236
f 981 982 236
f 236 982 235
f 982 983 235
f 235 983 234
f 983 984 234
f 234 984 233
f 984 985 233
f 233 985 232
f 985 986 232
f 232 986 231
f 986 987 231
f 231 987 230
f 987 988 230
f 230 988 229
f 988 989 229
f 229 989 228
f 989 990 228
f 228 990 227
f 990 991 227
f 227 991 226
f 991 992 226
f 226 992 225
f 992 921 225
f 225 921 224
f 921 922 224
f 224 922 223
f 922 923 223
f 223 923 222
f 923 924 222
f 222 924 221
f 924 925 221
f 221 925 220
f 925 926 220
f 220 926 219
f 926 927 219
f 219 927 218
f 927 928 218
f 218 928 217
f 928 929 217
f 217 929 288
f 929 930 288
f 288 930 287
f 930 931 287
f 287 931 286
f 931 932 286
f 286 932 285
f 932 933 285
f 285 933 284
f 933 934 284
f 284 934 283
f 934 935 283
f 283 935 282
f 935 936 282
f 282 936 281
f 936 937 281
f 281 937 280
f 937 938 280
f 280 938 279
f 938 939 279
f 279 939 278
f 939 940 278
f 278 940 277
f 940 941 277
f 277 941 276
f 941 942 276
f 276 942 275
f 942 943 275
f 275 943 274
f 943 944 274
f 274 944 273
f 944 945 273
f 273 945 272
f 945 946 272
f 272 946 271
f 946 947 271
f 271 947 270
f 947 948 270
f 270 948 269
f 948 949 269
f 269 949 268
f 949 950 268
f 268 950 267
f 950 951 267
f 267 951 266
f 951 952 266
f 266 952 265
f 952 953 265
f 265 953 264
f 953 954 264
f 264 954 263
f 954 955 263
f 263 955 262
f 955 956 262
f 262 956 261
f 956 957 261
f 261 957 260
f 957 958 260
f 260 958 259
f 958 959 259
f 259 959 258
f 959 960 258
f 258 960 257
f 960 961 257
f 257 961 256
f 961 962 256
f 256 962 255
f 962 963 255
f 255 963 254
f 963 964 254
f 254 964 253
f 964 965 253
f 253 965 252
f 965 966 252
f 252 966 251
f 966 967 251
f 251 967 250
f 967 968 250
f 250 968 249
f 968 969 249
f 249 969 248
f 969 970 248
f 248 970 247
f 970 971 247
f 247 971 246
f 971 972 246
f 246 972 245
f 972 973 245
f 245 973 244
f 973 974 244
f 244 974 243
f 974 975 243
f 243 975 242
f 975 976 242
f 242 976 241
f 976 977 241
f 241 977 240
f 977 978 240
f 240 978 239
f 978 979 239
f 1232 1233 1234
f 1233 1235 1234
f 1234 1235 1236
f 1235 1237 1236
f 1236 1237 1238
f 1237 1239 1238
f 1238 1239 1240
f 1239 1241 1240
f 1240 1241 1242
f 1241 1243 1242
f 1242 1243 1244
f 1243 1245 1244
f 1244 1245 1246
f 1245 1247 1246
f 1246 1247 1248
f 1247 1249 1248
f 1248 1249 1250
f 1249 1251 1250
f 1250 1251 1252
f 1251 1253 1252
f 1252 1253 1254
f 1253 1255 1254
f 1254 1255 1256
f 1255 1257 1256
f 1256 1257 1258
f 1257 1259 1258
f 1258 1259 1260
f 1259 1261 1260
f 1260 1261 1262
f 1261 1263 1262
f 1262 1263 1264
f 1263 1265 1264
f 1264 1265 1266
f 1265 1267 1266
f 1266 1267 1268
f 1267 1269 1268
f 1268 1269 1270
f 1269 1271 1270
f 1270 1271 1272
f 1271 1273 1272
f 1272 1273 1274
f 1273 1275 1274
f 1274 1275 1276
f 1275 1277 1276
f 1276 1277 1278
f 1277 1279 1278
f 1278 1279 1280
f 1279 1281 1280
f 1280 1281 1282
f 1281 1283 1282
f 1282 1283 1284
f 1283 1285 1284
f 1284 1285 1286
f 1285 1287 1286
f 1286 1287 1288
f 1287 1289 1288
f 1288 1289 1290
f 1289 1291 1290
f 1290 1291 1292
f 1291 1293 1292
f 1292 1293 1294
f 1293 1295 1294
f 1294 1295 1296
f 1295 1297 1296
f 1296 1297 1298
f 1297 1299 1298
f 1298 1299 1300
f 1299 1301 1300
f 1300 1301 1302
f 1301 1303 1302
f 1302 1303 1304
f 1303 1305 1304
f 1304 1305 1306
f 1305 1307 1306
f 1306 1307 1308
f 1307 1309 1308
f 1308 1309 1310
f 1309 1311 1310
f 1310 1311 1312
f 1311 1313 1312
f 1312 1313 1314
f 1313 1315 1314
f 1314 1315 1316
f 1315 1317 1316
f 1316 1317 1318
f 1317 1319 1318
f 1318 1319 1320
f 1319 1321 1320
f 1320 1321 1322
f 1321 1323 1322
f 1322 1323 1324
f 1323 1325 1324
f 1324 1325 1326
f 1325 1327 1326
f 1326 1327 1328
f 1327 1329 1328
f 1328 1329 1330
f 1329 1331 1330
f 1330 1331 1332
f 1331 1333 1332
f 1332 1333 1334
f 1333 1335 1334
f 1334 1335 1336
f 1335 1337 1336
f 1336 1337 1338
f 1337 1339 1338
f 1338 1339 1340
f 1339 1341 1340
f 1340 1341 1342
f 1341 1343 1342
f 1342 1343 1344
f 1343 1345 1344
f 1344 1345 1346
f 1345 1347 1346
f 1346 1347 1348
f 1347 1349 1348
f 1348 1349 1350
f 1349 1351 1350
f 1350 1351 1352
f 1351 1353 1352
f 1352 1353 1354
f 1353 1355 1354
f 1354 1355 1356
f 1355 1357 1356
f 1356 1357 1358
f 1357 1359 1358
f 1358 1359 1360
f 1359 1361 1360
f 1360 1361 1362
f 1361 1363 1362
f 1362 1363 1364
f 1363 1365 1364
f 1364 1365 1366
f 1365 1367 1366
f 1366 1367 1368
f 1367 1369 1368
f 1368 1369 1370
f 1369 1371 1370
f 1370 1371 1372
f 1371 1373 1372
f 1372 1373 1374
f 1373 1375 1374
f 1374 1375 1232
f 1375 1233 1232
f 677 676 757
f 676 1376 757
f 676 675 1376
f 675 1377 1376
f 1377 675 1378
f 675 700 1378
f 1378 700 1379
f 700 695 1379
f 1379 695 1380
f 695 681 1380
f 681 680 1380
f 680 1381 1380
f 680 679 1381
f 679 1382 1381
f 1382 679 1383
f 679 698 1383
f 1383 698 1384
f 698 699 1384
f 1384 699 1385
f 699 669 1385
f 669 668 1385
f 668 1386 1385
f 668 667 1386
f 667 774 1386
f 691 690 1387
f 690 734 1387
f 674 691 1388
f 691 1387 1388
f 1389 660 1390
f 660 678 1390
f 1390 678 1391
f 678 673 1391
f 1391 673 1388
f 673 674 1388
f 661 660 1392
f 660 1389 1392
f 659 661 1393
f 661 1392 1393
f 1394 650 1395
f 650 662 1395
f 1395 662 1396
f 662 663 1396
f 1396 663 1393
f 663 659 1393
f 651 650 1397
f 650 1394 1397
f 652 651 761
f 651 1397 761
f 1285 738 739
f 1285 739 1287
f 739 740 1287
f 1287 740 741
f 738 1285 737
f 1285 1283 737
f 737 1283 1281
f 1287 748 749
f 1337 1335 772
f 1335 1333 772
f 1333 1331 772
f 772 1331 1329
f 1392 1239 1393
f 1239 1237 1393
f 1393 1237 1396
f 1237 1235 1396
f 1396 1235 1395
f 1235 1233 1395
f 1395 1233 1394
f 1233 1375 1394
f 1394 1375 1397
f 1375 1373 1397
f 1397 1373 761
f 1281 1279 737
f 1279 1277 737
f 737 1277 1275
f 741 742 1287
f 742 743 1287
f 1287 743 744
f 753 1291 752
f 1291 1289 752
f 752 1289 751
f 1289 1287 751
f 751 1287 750
f 1287 749 750
f 1377 1305 1376
f 1305 1303 1376
f 1376 1303 757
f 1303 1301 757
f 757 1301 756
f 1301 1299 756
f 756 1299 755
f 1299 1297 755
f 755 1297 754
f 1297 1295 754
f 754 1295 753
f 1295 1293 753
f 753 1293 1291
f 1386 774 775
f 1275 1273 737
f 1273 1271 737
f 737 1271 1269
f 1263 1261 737
f 1261 1259 737
f 737 1259 736
f 1259 1257 736
f 736 1257 735
f 1257 1255 735
f 735 1255 734
f 1255 1253 734
f 734 1253 1387
f 1253 1251 1387
f 1387 1251 1388
f 1251 1249 1388
f 1388 1249 1391
f 1249 1247 1391
f 1391 1247 1390
f 1247 1245 1390
f 1390 1245 1389
f 1245 1243 1389
f 1389 1243 1392
f 1243 1241 1392
f 1392 1241 1239
f 747 748 746
f 748 1287 746
f 746 1287 745
f 1287 744 745
f 1269 1267 737
f 1267 1265 737
f 737 1265 1263
f 1385 1386 1327
f 1386 775 1327
f 1327 775 1329
f 775 776 1329
f 1329 776 772
f 776 773 772
f 1373 1371 761
f 1371 1369 761
f 761 1369 760
f 1369 1367 760
f 760 1367 759
f 1367 1365 759
f 759 1365 758
f 1365 1363 758
f 758 1363 762
f 1363 1361 762
f 762 1361 763
f 1361 1359 763
f 763 1359 766
f 1359 1357 766
f 766 1357 765
f 1357 1355 765
f 765 1355 764
f 1327 1325 1385
f 1325 1323 1385
f 1385 1323 1384
f 1323 1321 1384
f 1384 1321 1383
f 1321 1319 1383
f 1383 1319 1382
f 1319 1317 1382
f 1382 1317 1381
f 1317 1315 1381
f 1381 1315 1380
f 1315 1313 1380
f 1380 1313 1379
f 1313 1311 1379
f 1379 1311 1378
f 1311 1309 1378
f 1378 1309 1377
f 1309 1307 1377
f 1377 1307 1305
f 1355 1353 764
f 1353 1351 764
f 764 1351 767
f 1351 1349 767
f 767 1349 768
f 1349 1347 768
f 768 1347 771
f 1347 1345 771
f 771 1345 770
f 1345 1343 770
f 770 1343 769
f 1343 1341 769
f 769 1341 772
f 1341 1339 772
f 772 1339 1337
f 1398 1399 1400
f 1401 1402 1403
f 1398 1400 1404
f 1399 1405 1400
f 1405 1406 1400
f 1400 1406 1407
f 1408 1409 1403
f 1410 1411 1412
f 1413 1414 1415
f 1414 1416 1415
f 1415 1416 1400
f 1402 1417 1403
f 1417 1418 1403
f 1403 1418 1419
f 1400 1420 1421
f 1421 1422 1400
f 1422 1423 1400
f 1400 1423 1424
f 1424 1425 1400
f 1425 1426 1400
f 1400 1426 1404
f 1407 1427 1400
f 1427 1428 1400
f 1400 1428 1403
f 1428 1429 1403
f 1403 1429 1408
f 1412 1411 1430
f 1431 1432 1433
f 1409 1434 1403
f 1434 1435 1403
f 1403 1435 1436
f 1436 1437 1403
f 1437 1438 1403
f 1403 1438 1439
f 1419 1440 1403
f 1440 1441 1403
f 1403 1441 1442
f 1443 1444 1400
f 1445 1446 1413
f 1446 1433 1413
f 1413 1433 1447
f 1433 1432 1447
f 1439 1448 1403
f 1448 1449 1403
f 1403 1449 1401
f 1442 1450 1403
f 1450 1451 1403
f 1403 1451 1452
f 1452 1453 1403
f 1453 1454 1403
f 1403 1454 1415
f 1454 1455 1415
f 1415 1455 1413
f 1455 1456 1413
f 1413 1456 1445
f 1416 1457 1400
f 1457 1458 1400
f 1400 1458 1459
f 1444 1460 1400
f 1460 1461 1400
f 1400 1461 1420
f 1462 1463 1464
f 1463 1465 1464
f 1465 1463 1412
f 1463 1466 1412
f 1412 1466 1410
f 1430 1411 1433
f 1411 1467 1433
f 1433 1467 1468
f 1468 1469 1433
f 1469 1470 1433
f 1433 1470 1431
f 1459 1471 1400
f 1471 1472 1400
f 1400 1472 1443
f 1473 1442 1474
f 1442 1441 1474
f 1474 1441 1475
f 1441 1440 1475
f 1475 1440 1476
f 1440 1419 1476
f 1476 1419 1477
f 1419 1418 1477
f 1477 1418 1478
f 1418 1417 1478
f 1478 1417 1479
f 1417 1402 1479
f 1479 1402 1480
f 1402 1401 1480
f 1480 1401 1481
f 1401 1449 1481
f 1481 1449 1482
f 1449 1448 1482
f 1482 1448 1483
f 1448 1439 1483
f 1483 1439 1484
f 1439 1438 1484
f 1484 1438 1485
f 1438 1437 1485
f 1485 1437 1486
f 1437 1436 1486
f 1486 1436 1487
f 1436 1435 1487
f 1487 1435 1488
f 1435 1434 1488
f 1488 1434 1489
f 1434 1409 1489
f 1489 1409 1490
f 1409 1408 1490
f 1490 1408 1491
f 1408 1429 1491
f 1491 1429 1492
f 1429 1428 1492
f 1492 1428 1493
f 1428 1427 1493
f 1493 1427 1494
f 1427 1407 1494
f 1494 1407 1495
f 1407 1406 1495
f 1495 1406 1496
f 1406 1405 1496
f 1496 1405 1497
f 1405 1399 1497
f 1497 1399 1498
f 1399 1398 1498
f 1498 1398 1499
f 1398 1404 1499
f 1499 1404 1500
f 1404 1426 1500
f 1500 1426 1501
f 1426 1425 1501
f 1501 1425 1502
f 1425 1424 1502
f 1502 1424 1503
f 1424 1423 1503
f 1503 1423 1504
f 1423 1422 1504
f 1504 1422 1505
f 1422 1421 1505
f 1505 1421 1506
f 1421 1420 1506
f 1506 1420 1507
f 1420 1461 1507
f 1507 1461 1508
f 1461 1460 1508
f 1508 1460 1509
f 1460 1444 1509
f 1509 1444 1510
f 1444 1443 1510
f 1510 1443 1511
f 1443 1472 1511
f 1511 1472 1512
f 1472 1471 1512
f 1512 1471 1513
f 1471 1459 1513
f 1513 1459 1514
f 1459 1458 1514
f 1514 1458 1515
f 1458 1457 1515
f 1515 1457 1516
f 1457 1416 1516
f 1516 1416 1517
f 1416 1414 1517
f 1517 1414 1518
f 1414 1413 1518
f 1518 1413 1519
f 1413 1447 1519
f 1519 1447 1520
f 1447 1432 1520
f 1520 1432 1521
f 1432 1431 1521
f 1521 1431 1522
f 1431 1470 1522
f 1522 1470 1523
f 1470 1469 1523
f 1523 1469 1524
f 1469 1468 1524
f 1524 1468 1525
f 1468 1467 1525
f 1525 1467 1526
f 1467 1411 1526
f 1526 1411 1527
f 1411 1410 1527
f 1527 1410 1528
f 1410 1466 1528
f 1528 1466 1529
f 1466 1463 1529
f 1529 1463 1530
f 1463 1462 1530
f 1530 1462 1531
f 1462 1464 1531
f 1531 1464 1532
f 1464 1465 1532
f 1532 1465 1533
f 1465 1412 1533
f 1533 1412 1534
f 1412 1430 1534
f 1534 1430 1535
f 1430 1433 1535
f 1535 1433 1536
f 1433 1446 1536
f 1536 1446 1537
f 1446 1445 1537
f 1537 1445 1538
f 1445 1456 1538
f 1538 1456 1539
f 1456 1455 1539
f 1539 1455 1540
f 1455 1454 1540
f 1540 1454 1541
f 1454 1453 1541
f 1541 1453 1542
f 1453 1452 1542
f 1542 1452 1543
f 1452 1451 1543
f 1543 1451 1544
f 1451 1450 1544
f 1544 1450 1473
f 1450 1442 1473
f 1545 1415 1546
f 1415 1400 1546
f 1400 1547 1548
f 1548 1549 1340
f 1400 1548 1546
f 1548 1340 1546
f 1546 1340 1550
f 1551 1545 1546
f 1400 1403 1552
f 1403 1553 1552
f 1292 1554 1555
f 1547 1400 1555
f 1400 1552 1555
f 1555 1552 1292
f 1552 1556 1292
f 1548 1547 1555
f 1552 1553 1557
f 1557 1553 1403
f 1403 1415 1551
f 1415 1545 1551
f 1551 1558 1244
f 1403 1551 1557
f 1551 1244 1557
f 1557 1244 1559
f 1314 1316 1554
f 1314 1554 1312
f 1554 1292 1294
f 1294 1296 1554
f 1296 1298 1554
f 1554 1298 1300
f 1300 1302 1554
f 1302 1304 1554
f 1554 1304 1306
f 1306 1308 1554
f 1308 1310 1554
f 1554 1310 1312
f 1320 1549 1318
f 1549 1316 1318
f 1320 1322 1549
f 1322 1324 1549
f 1549 1324 1326
f 1549 1332 1334
f 1326 1328 1549
f 1328 1330 1549
f 1549 1330 1332
f 1334 1336 1549
f 1336 1338 1549
f 1549 1338 1340
f 1346 1348 1550
f 1348 1350 1550
f 1550 1350 1352
f 1340 1342 1550
f 1342 1344 1550
f 1550 1344 1346
f 1352 1354 1550
f 1354 1356 1550
f 1550 1356 1358
f 1358 1360 1550
f 1360 1362 1550
f 1550 1362 1364
f 1558 1551 1364
f 1551 1546 1364
f 1364 1546 1550
f 1242 1244 1558
f 1242 1558 1240
f 1558 1364 1366
f 1366 1368 1558
f 1368 1370 1558
f 1558 1370 1372
f 1372 1374 1558
f 1374 1232 1558
f 1558 1232 1234
f 1234 1236 1558
f 1236 1238 1558
f 1558 1238 1240
f 1268 1270 1556
f 1270 1272 1556
f 1272 1274 1556
f 1274 1276 1556
f 1556 1276 1278
f 1556 1284 1286
f 1278 1280 1556
f 1280 1282 1556
f 1556 1282 1284
f 1286 1288 1556
f 1288 1290 1556
f 1556 1290 1292
f 1266 1268 1559
f 1559 1244 1246
f 1258 1260 1559
f 1246 1248 1559
f 1248 1250 1559
f 1559 1250 1252
f 1252 1254 1559
f 1254 1256 1559
f 1559 1256 1258
f 1260 1262 1559
f 1262 1264 1559
f 1559 1264 1266
f 1549 1548 1316
f 1548 1555 1316
f 1316 1555 1554
f 1556 1552 1268
f 1552 1557 1268
f 1268 1557 1559
f 1560 1561 1562
f 1563 1564 1565
f 1564 1560 1565
f 1565 1560 1566
f 1560 1562 1566
f 1567 1560 1568
f 1560 1564 1568
f 1569 1194 1570
f 1194 1196 1570
f 1570 1196 1571
f 1196 1198 1571
f 1143 1572 1198
f 1572 1573 1198
f 1198 1573 1571
f 1145 1574 1143
f 1574 1575 1143
f 1143 1575 1572
f 1147 1576 1145
f 1576 1577 1145
f 1145 1577 1574
f 1012 995 1147
f 995 1578 1147
f 1147 1578 1576
f 1147 1149 1012
f 1149 1151 1012
f 1012 1151 1013
f 1151 1153 1013
f 1013 1153 1014
f 1153 1155 1014
f 1014 1155 1032
f 1155 1157 1032
f 1032 1157 1033
f 1157 1159 1033
f 1033 1159 997
f 1159 1161 997
f 997 1161 996
f 1161 1163 996
f 996 1163 1015
f 1163 1165 1015
f 1015 1165 994
f 1165 1167 994
f 994 1167 993
f 1167 1169 993
f 993 1169 1007
f 1169 1171 1007
f 1007 1171 1008
f 1171 1203 1008
f 1008 1203 1009
f 1203 1205 1009
f 1009 1205 1010
f 1205 1207 1010
f 1010 1207 1011
f 1207 1209 1011
f 1011 1209 1004
f 1209 1211 1004
f 1004 1211 1003
f 1211 1213 1003
f 1003 1213 1001
f 1213 1215 1001
f 1001 1215 1000
f 1215 1217 1000
f 1000 1217 1005
f 1217 1219 1005
f 1005 1219 1006
f 1006 1219 998
f 1219 1221 998
f 998 1221 1579
f 1579 1221 1580
f 1221 1223 1580
f 1580 1223 1581
f 1581 1223 1582
f 1223 1225 1582
f 1582 1225 1583
f 1583 1225 1584
f 1225 1227 1584
f 1584 1227 1585
f 1585 1227 1586
f 1227 1229 1586
f 1586 1229 1587
f 1587 1229 1588
f 1229 1068 1588
f 1588 1068 1589
f 1589 1068 1590
f 1068 1070 1590
f 1590 1070 1591
f 1070 1071 1591
f 1591 1071 1592
f 1071 1064 1592
f 1592 1064 1593
f 1064 1066 1593
f 1593 1066 1594
f 1066 1067 1594
f 1594 1067 1595
f 1067 1138 1595
f 1595 1138 1596
f 1138 1136 1596
f 1596 1136 1597
f 1136 1134 1597
f 1597 1134 1598
f 1134 1132 1598
f 1598 1132 1599
f 1132 1130 1599
f 1599 1130 1600
f 1130 1128 1600
f 1600 1128 1601
f 1128 1126 1601
f 1601 1126 1602
f 1126 1124 1602
f 1602 1124 1603
f 1124 1122 1603
f 1603 1122 1604
f 1122 1119 1604
f 1604 1119 1605
f 1119 1117 1605
f 1605 1117 1606
f 1117 1115 1606
f 1606 1115 1607
f 1115 1113 1607
f 1607 1113 1608
f 1113 1111 1608
f 1608 1111 1609
f 1111 1109 1609
f 1609 1109 1610
f 1109 1107 1610
f 1610 1107 1611
f 1107 1105 1611
f 1611 1105 1612
f 1105 1103 1612
f 1612 1103 1613
f 1103 1101 1613
f 1613 1101 1614
f 1101 1099 1614
f 1614 1099 1615
f 1099 1097 1615
f 1615 1097 1616
f 1097 1095 1616
f 1616 1095 1617
f 1095 1087 1617
f 1617 1087 1618
f 1087 1086 1618
f 1618 1086 1619
f 1086 1174 1619
f 1619 1174 1620
f 1174 1176 1620
f 1620 1176 1621
f 1176 1178 1621
f 1621 1178 1622
f 1178 1180 1622
f 1622 1180 1623
f 1180 1182 1623
f 1623 1182 1624
f 1182 1184 1624
f 1624 1184 1625
f 1184 1186 1625
f 1625 1186 1626
f 1186 1188 1626
f 1626 1188 1627
f 1188 1190 1627
f 1627 1190 1628
f 1190 1192 1628
f 1628 1192 1629
f 1192 1194 1629
f 1629 1194 1630
f 1194 1569 1630
f 1630 1569 1631
f 1589 1632 1633
f 1632 1634 1633
f 1632 1589 1590
f 1632 1590 1635
f 1590 1591 1635
f 1635 1591 1636
f 1591 1592 1636
f 1636 1592 1637
f 1592 1593 1637
f 1637 1593 1638
f 1593 1594 1638
f 1638 1594 1639
f 1594 1595 1639
f 1639 1595 1640
f 1595 1596 1640
f 1640 1596 1641
f 1596 1597 1641
f 1641 1597 1642
f 1597 1598 1642
f 1642 1598 1643
f 1598 1599 1643
f 1643 1599 1644
f 1599 1600 1644
f 1644 1600 1645
f 1600 1601 1645
f 1645 1601 1646
f 1601 1602 1646
f 1646 1602 1647
f 1602 1603 1647
f 1647 1603 1648
f 1603 1604 1648
f 1648 1604 1649
f 1604 1605 1649
f 1649 1605 1650
f 1605 1606 1650
f 1650 1606 1651
f 1606 1607 1651
f 1651 1607 1652
f 1607 1608 1652
f 1652 1608 1653
f 1608 1609 1653
f 1653 1609 1654
f 1609 1610 1654
f 1654 1610 1655
f 1610 1611 1655
f 1655 1611 1656
f 1611 1612 1656
f 1656 1612 1657
f 1612 1613 1657
f 1657 1613 1658
f 1613 1614 1658
f 1658 1614 1659
f 1614 1615 1659
f 1659 1615 1660
f 1615 1616 1660
f 1660 1616 1661
f 1616 1617 1661
f 1661 1617 1662
f 1617 1618 1662
f 1662 1618 1663
f 1618 1619 1663
f 1663 1619 1664
f 1619 1620 1664
f 1664 1620 1665
f 1620 1621 1665
f 1665 1621 1666
f 1621 1622 1666
f 1666 1622 1667
f 1622 1623 1667
f 1667 1623 1668
f 1623 1624 1668
f 1668 1624 1669
f 1624 1625 1669
f 1669 1625 1670
f 1625 1626 1670
f 1670 1626 1671
f 1626 1627 1671
f 1671 1627 1672
f 1627 1628 1672
f 1672 1628 1673
f 1628 1629 1673
f 1673 1629 1674
f 1629 1630 1674
f 1674 1630 1675
f 1630 1631 1675
f 1675 1631 1676
f 1561 1560 1677
f 1560 1567 1677
f 1677 1567 1678
f 1567 1679 1678
f 1679 1567 1680
f 1567 1681 1680
f 1568 1682 1567
f 1682 1683 1567
f 1567 1683 1681
f 1508 1509 1564
f 1495 1496 1632
f 1684 1682 1676
f 1682 1568 1676
f 1676 1568 1675
f 1672 1673 1568
f 1673 1674 1568
f 1568 1674 1675
f 1685 1686 1684
f 1501 1632 1500
f 1632 1499 1500
f 1634 1687 1688
f 1686 1689 1684
f 1689 1690 1684
f 1684 1690 1682
f 1511 1512 1568
f 1512 1513 1568
f 1496 1497 1632
f 1497 1498 1632
f 1632 1498 1499
f 1502 1503 1564
f 1503 1504 1564
f 1564 1504 1505
f 1634 1691 1692
f 1693 1684 1694
f 1684 1695 1694
f 1693 1696 1684
f 1696 1697 1684
f 1684 1697 1698
f 1698 1699 1684
f 1699 1700 1684
f 1684 1700 1685
f 1564 1509 1568
f 1509 1510 1568
f 1568 1510 1511
f 1516 1517 1568
f 1517 1518 1568
f 1568 1518 1672
f 1518 1519 1672
f 1672 1519 1520
f 1501 1502 1632
f 1502 1564 1632
f 1632 1564 1634
f 1564 1563 1634
f 1634 1563 1687
f 1505 1506 1564
f 1506 1507 1564
f 1564 1507 1508
f 1688 1701 1634
f 1701 1702 1634
f 1634 1702 1703
f 1513 1514 1568
f 1514 1515 1568
f 1568 1515 1516
f 1703 1704 1634
f 1704 1705 1634
f 1634 1705 1691
f 1692 1706 1634
f 1706 1707 1634
f 1634 1707 1708
f 1520 1521 1672
f 1521 1522 1672
f 1672 1522 1523
f 1523 1524 1672
f 1524 1525 1672
f 1672 1525 1526
f 1526 1527 1672
f 1527 1528 1672
f 1672 1528 1671
f 1528 1529 1671
f 1671 1529 1670
f 1529 1530 1670
f 1670 1530 1669
f 1530 1531 1669
f 1669 1531 1668
f 1531 1532 1668
f 1668 1532 1667
f 1532 1533 1667
f 1667 1533 1666
f 1533 1534 1666
f 1666 1534 1665
f 1534 1535 1665
f 1665 1535 1664
f 1535 1536 1664
f 1664 1536 1663
f 1536 1537 1663
f 1663 1537 1662
f 1537 1538 1662
f 1662 1538 1661
f 1538 1539 1661
f 1661 1539 1660
f 1539 1540 1660
f 1660 1540 1659
f 1540 1541 1659
f 1659 1541 1658
f 1541 1542 1658
f 1658 1542 1657
f 1542 1543 1657
f 1657 1543 1656
f 1543 1544 1656
f 1656 1544 1655
f 1544 1473 1655
f 1655 1473 1654
f 1473 1474 1654
f 1654 1474 1653
f 1474 1475 1653
f 1653 1475 1652
f 1475 1476 1652
f 1652 1476 1651
f 1476 1477 1651
f 1651 1477 1650
f 1477 1478 1650
f 1650 1478 1649
f 1478 1479 1649
f 1649 1479 1648
f 1479 1480 1648
f 1648 1480 1647
f 1480 1481 1647
f 1647 1481 1646
f 1481 1482 1646
f 1646 1482 1645
f 1482 1483 1645
f 1645 1483 1644
f 1483 1484 1644
f 1644 1484 1643
f 1484 1485 1643
f 1643 1485 1642
f 1485 1486 1642
f 1642 1486 1641
f 1486 1487 1641
f 1641 1487 1640
f 1487 1488 1640
f 1640 1488 1639
f 1488 1489 1639
f 1639 1489 1638
f 1489 1490 1638
f 1638 1490 1637
f 1490 1491 1637
f 1637 1491 1636
f 1491 1492 1636
f 1636 1492 1635
f 1492 1493 1635
f 1635 1493 1632
f 1493 1494 1632
f 1632 1494 1495
f 1676 1631 1684
f 1631 1709 1684
f 1683 1682 1690
f 1710 1711 1678
f 1711 1712 1678
f 1678 1712 1677
f 1677 1712 1561
f 1712 1713 1561
f 1561 1713 1562
f 1687 1563 1565
f 1678 1679 1710
f 1679 1680 1710
f 1710 1680 1714
f 1680 1681 1714
f 1681 1683 1714
f 1683 1690 1714
f 1714 1690 1715
f 1690 1689 1715
f 1715 1689 1716
f 1689 1686 1716
f 1716 1686 1717
f 1686 1685 1717
f 1717 1685 1718
f 1685 1700 1718
f 1718 1700 1719
f 1700 1699 1719
f 1719 1699 1720
f 1699 1698 1720
f 1720 1698 1721
f 1698 1697 1721
f 1721 1697 1722
f 1697 1696 1722
f 1722 1696 1723
f 1696 1693 1723
f 1723 1693 1724
f 1693 1694 1724
f 1724 1694 1725
f 1694 1695 1725
f 1725 1695 1726
f 1695 1684 1726
f 1726 1684 1709
f 1562 1713 1566
f 1713 1727 1566
f 1566 1727 1565
f 1727 1728 1565
f 1565 1728 1687
f 1728 1729 1687
f 1687 1729 1688
f 1729 1730 1688
f 1688 1730 1701
f 1730 1731 1701
f 1701 1731 1702
f 1731 1732 1702
f 1702 1732 1703
f 1732 1733 1703
f 1703 1733 1704
f 1733 1734 1704
f 1704 1734 1705
f 1734 1735 1705
f 1705 1735 1691
f 1735 1736 1691
f 1691 1736 1692
f 1736 1737 1692
f 1692 1737 1706
f 1737 1738 1706
f 1706 1738 1707
f 1738 1739 1707
f 1707 1739 1708
f 1739 1633 1708
f 1708 1633 1634
f 1589 1633 1588
f 1633 1740 1588
f 1709 1741 1742
f 1709 1742 1726
f 1742 1743 1726
f 1726 1743 1725
f 1743 1744 1725
f 1725 1744 1724
f 1744 1745 1724
f 1724 1745 1723
f 1745 1746 1723
f 1723 1746 1722
f 1746 1747 1722
f 1722 1747 1721
f 1747 1748 1721
f 1721 1748 1720
f 1748 1749 1720
f 1720 1749 1719
f 1749 1750 1719
f 1719 1750 1718
f 1750 1751 1718
f 1718 1751 1717
f 1751 1752 1717
f 1717 1752 1716
f 1752 1753 1716
f 1716 1753 1715
f 1753 1754 1715
f 1715 1754 1714
f 1754 1755 1714
f 1714 1755 1710
f 1755 1756 1710
f 1710 1756 1711
f 1756 1757 1711
f 1711 1757 1712
f 1757 1758 1712
f 1712 1758 1713
f 1758 1759 1713
f 1713 1759 1727
f 1759 1760 1727
f 1727 1760 1728
f 1760 1761 1728
f 1728 1761 1729
f 1761 1762 1729
f 1729 1762 1730
f 1762 1763 1730
f 1730 1763 1731
f 1763 1764 1731
f 1731 1764 1732
f 1764 1765 1732
f 1732 1765 1733
f 1765 1766 1733
f 1733 1766 1734
f 1766 1767 1734
f 1734 1767 1735
f 1767 1768 1735
f 1735 1768 1736
f 1768 1769 1736
f 1736 1769 1737
f 1769 1770 1737
f 1737 1770 1738
f 1770 1771 1738
f 1738 1771 1739
f 1771 1740 1739
f 1739 1740 1633
f 1709 1631 1741
f 1631 1569 1741
f 1569 1570 1741
f 1570 1571 1741
f 1741 1571 1002
f 1571 1573 1002
f 1002 1573 1572
f 1572 1575 1002
f 1575 1574 1002
f 1002 1574 1577
f 1577 1576 1002
f 1576 1578 1002
f 1002 1578 995
f 999 1740 1771
f 999 1771 1034
f 1771 1770 1034
f 1034 1770 1035
f 1770 1769 1035
f 1035 1769 1036
f 1769 1768 1036
f 1036 1768 1037
f 1768 1767 1037
f 1037 1767 1038
f 1767 1766 1038
f 1038 1766 1039
f 1766 1765 1039
f 1039 1765 1040
f 1765 1764 1040
f 1040 1764 1041
f 1764 1763 1041
f 1041 1763 1042
f 1763 1762 1042
f 1042 1762 1043
f 1762 1761 1043
f 1043 1761 1044
f 1761 1760 1044
f 1044 1760 1045
f 1760 1759 1045
f 1045 1759 1046
f 1759 1758 1046
f 1046 1758 1047
f 1758 1757 1047
f 1047 1757 1016
f 1757 1756 1016
f 1016 1756 1017
f 1756 1755 1017
f 1017 1755 1018
f 1755 1754 1018
f 1018 1754 1019
f 1754 1753 1019
f 1019 1753 1020
f 1753 1752 1020
f 1020 1752 1021
f 1752 1751 1021
f 1021 1751 1022
f 1751 1750 1022
f 1022 1750 1023
f 1750 1749 1023
f 1023 1749 1024
f 1749 1748 1024
f 1024 1748 1025
f 1748 1747 1025
f 1025 1747 1026
f 1747 1746 1026
f 1026 1746 1027
f 1746 1745 1027
f 1027 1745 1028
f 1745 1744 1028
f 1028 1744 1029
f 1744 1743 1029
f 1029 1743 1030
f 1743 1742 1030
f 1030 1742 1031
f 1742 1741 1031
f 1031 1741 1002
f 1588 1740 1587
f 1740 1586 1587
f 1583 1584 1740
f 1584 1585 1740
f 1740 1585 1586
f 1580 1581 1740
f 1581 1582 1740
f 1740 1582 1583
f 999 998 1740
f 998 1579 1740
f 1740 1579 1580
