v 0.000831 0.000495 0.004534
v 0.000837 0.000483 0.004533
v 0.000868 0.000426 0.004528
v 0.000876 0.000409 0.004533
v -0.000834 -0.000488 0.004383
v -0.000837 -0.000483 0.004383
v -0.000837 -0.000483 0.004333
v -0.000955 -0.000153 0.004311
v -0.000952 -0.000168 0.004312
v -0.000952 -0.000168 0.004361
v -0.000964 -7.7e-05 0.004306
v -0.000963 -8.4e-05 0.004306
v -0.000963 -8.4e-05 0.004356
v 0.000334 -0.000907 0.002873
v 0.000331 -0.000908 0.002873
v 0.000331 -0.000908 0.002821
v -0.000398 -0.000881 0.000422
v -0.000409 -0.000876 0.000422
v -0.000409 -0.000876 0.000373
v 0.000681 0.000686 0.000201
v 0.000684 0.000684 0.0002
v 0.000684 0.000684 0.00015
v 0.000734 0.000629 0.000195
v 0.000741 0.000621 0.00015
v 0.000741 0.000621 0.000194
v 0.000792 0.000555 0.00015
v 0.000782 0.000569 0.00019
v 0.000792 0.000555 0.000188
v 0.000837 0.000483 0.00015
v 0.000824 0.000506 0.000184
v 0.000837 0.000483 0.000183
v 0.000876 0.000409 0.00015
v 0.000861 0.000439 0.000179
v 0.00087 0.000421 0.000178
v 0.000876 0.000409 0.000177
v 0.000908 0.000331 0.00015
v 0.000901 0.00035 0.000173
v 0.000908 0.000331 0.000172
v 0.000934 0.00025 0.00015
v 0.000926 0.000278 0.000168
v 0.000952 0.000168 0.000161
v 0.000952 0.000168 0.00015
v 0.000945 0.000204 0.000163
v 0.000934 0.00025 0.000166
v 0.000958 0.000129 0.000159
v 0.000961 0.000109 0.000158
v 0.000963 8.4e-05 0.00015
v 0.000967 -0.0 0.000151
v 0.000968 -0.0 0.00015
v 0.000966 3.3e-05 0.000153
v 0.000963 8.4e-05 0.000156
v 0.000667 0.0007 0.000202
v 0.000627 0.000736 0.000155
v 0.000621 0.000741 0.000206
v 0.000621 0.000741 0.000156
v 0.00061 0.00075 0.000207
v 0.000566 0.000783 0.000161
v 0.000555 0.000792 0.000212
v 0.000555 0.000792 0.000162
v 0.000549 0.000796 0.000212
v 0.000503 0.000826 0.000166
v 0.000484 0.000837 0.000217
v 8.4e-05 0.000963 0.000195
v 8.4e-05 0.000963 0.000244
v 0.000102 0.000961 0.000242
v 0.000483 0.000837 0.000217
v 0.000483 0.000837 0.000167
v 0.000415 0.000873 0.000222
v 0.000432 0.000865 0.000172
v 0.000409 0.000876 0.000222
v 0.000409 0.000876 0.000173
v 0.000396 0.000882 0.000223
v 0.000361 0.000897 0.000177
v 0.000331 0.000908 0.000227
v 0.000331 0.000908 0.000179
v 0.000326 0.00091 0.000228
v 0.000289 0.000923 0.000182
v 0.000253 0.000933 0.000232
v 0.00025 0.000934 0.000184
v 0.00025 0.000934 0.000233
v 0.000215 0.000942 0.000187
v 0.000179 0.00095 0.000237
v 0.000168 0.000952 0.00019
v 0.000168 0.000952 0.000238
v 0.000141 0.000956 0.000191
v 0.00012 0.000959 0.000193
v -0.000889 0.000381 0.000324
v -0.000903 0.000345 0.000276
v -0.000908 0.000331 0.000328
v -0.000908 0.000331 0.000277
v -0.000916 0.000308 0.00033
v 8.2e-05 0.000963 0.000244
v 4.3e-05 0.000966 0.000197
v 6e-06 0.000967 0.000249
v -0.0 0.000967 0.0002
v -0.0 0.000967 0.000249
v -3.4e-05 0.000966 0.000202
v -7e-05 0.000964 0.000254
v -8.4e-05 0.000963 0.000205
v -8.4e-05 0.000963 0.000255
v -0.00011 0.000961 0.000207
v -0.000146 0.000956 0.00026
v -0.000168 0.000952 0.00021
v -0.000168 0.000952 0.000261
v -0.000185 0.000949 0.000211
v -0.000222 0.000941 0.000265
v -0.000205 0.000945 0.000213
v -0.000242 0.000936 0.000267
v -0.00025 0.000934 0.000216
v -0.00025 0.000934 0.000267
v -0.00028 0.000925 0.000218
v -0.000315 0.000914 0.000272
v -0.000331 0.000908 0.000222
v -0.000331 0.000908 0.000273
v -0.000352 0.0009 0.000224
v -0.000386 0.000886 0.000277
v -0.000409 0.000876 0.000228
v -0.000409 0.000876 0.000279
v -0.000422 0.00087 0.000229
v -0.000455 0.000853 0.000282
v -0.000483 0.000837 0.000234
v -0.000483 0.000837 0.000284
v -0.000489 0.000834 0.000234
v -0.000522 0.000814 0.000286
v -0.000506 0.000824 0.000236
v -0.000539 0.000803 0.000288
v -0.000555 0.000792 0.00024
v -0.000555 0.000792 0.000289
v -0.000571 0.00078 0.000241
v -0.0006 0.000758 0.000292
v -0.000621 0.000741 0.000246
v -0.000621 0.000741 0.000294
v -0.000631 0.000733 0.000246
v -0.000658 0.000708 0.000297
v -0.000684 0.000684 0.000251
v -0.000684 0.000684 0.000299
v -0.000686 0.000681 0.000251
v -0.000712 0.000654 0.000302
v -0.000738 0.000625 0.000256
v -0.000741 0.000621 0.000305
v -0.000741 0.000621 0.000256
v -0.000762 0.000595 0.000307
v -0.000751 0.000609 0.000257
v -0.000774 0.000579 0.000308
v -0.000792 0.000555 0.000261
v -0.000792 0.000555 0.00031
v -0.000797 0.000547 0.000262
v -0.000817 0.000516 0.000314
v -0.000837 0.000483 0.000266
v -0.000837 0.000483 0.000316
v -0.000838 0.000482 0.000266
v -0.000856 0.00045 0.000319
v -0.000873 0.000414 0.000271
v -0.000876 0.000409 0.000322
v -0.000876 0.000409 0.000271
v -0.000881 0.000398 0.000272
v -0.00091 0.000325 0.000277
v -0.000934 0.000251 0.000282
v -0.000934 0.00025 0.000334
v -0.000934 0.00025 0.000283
v -0.000939 0.000228 0.000336
v -0.000951 0.000176 0.000288
v -0.000963 8.4e-05 0.000295
v -0.000966 2.5e-05 0.000299
v -0.000967 0.0 0.00035
v -0.000964 7.8e-05 0.000345
v -0.000963 8.4e-05 0.000345
v -0.000961 0.000101 0.000293
v -0.000954 0.000154 0.000341
v -0.000952 0.000168 0.000289
v -0.000952 0.000168 0.00034
v -0.000948 0.00019 0.000338
v -0.000967 0.0 0.000301
v -0.000965 -5.3e-05 0.000353
v -0.000964 -7.7e-05 0.000306
v -0.000963 -8.4e-05 0.000355
v -0.000963 -8.4e-05 0.000306
v -0.000958 -0.000129 0.000358
v -0.000955 -0.000153 0.000311
v -0.000952 -0.000168 0.00036
v -0.000952 -0.000168 0.000312
v -0.000945 -0.000204 0.000363
v -0.00094 -0.000228 0.000316
v -0.00094 -0.000224 0.000364
v -0.000934 -0.00025 0.000366
v -0.000935 -0.000245 0.000317
v -0.000934 -0.00025 0.000317
v -0.00092 -0.000297 0.000369
v -0.000917 -0.000306 0.000321
v -0.000908 -0.000331 0.000371
v -0.000908 -0.000331 0.000322
v -0.000894 -0.000369 0.000374
v -0.000889 -0.000379 0.000326
v -0.000876 -0.000409 0.000377
v -0.000876 -0.000409 0.000328
v -0.000862 -0.000438 0.000379
v -0.000857 -0.000448 0.00033
v -0.000837 -0.000483 0.000383
v -0.000837 -0.000483 0.000333
v -0.000824 -0.000506 0.000385
v -0.000819 -0.000514 0.000335
v -0.000813 -0.000523 0.000386
v -0.000792 -0.000555 0.000389
v -0.000741 -0.000621 0.000344
v -0.000752 -0.000608 0.000394
v -0.000763 -0.000593 0.000341
v -0.00077 -0.000585 0.000392
v -0.000776 -0.000577 0.00034
v -0.000792 -0.000555 0.000338
v -0.000457 -0.000852 0.00037
v -0.000467 -0.000847 0.000418
v -0.000483 -0.000837 0.000368
v -0.000483 -0.000837 0.000417
v -0.000524 -0.000813 0.000364
v -0.000532 -0.000807 0.000413
v -0.00054 -0.000802 0.000363
v -0.000555 -0.000792 0.000411
v -0.000555 -0.000792 0.000362
v -0.000593 -0.000763 0.000409
v -0.000602 -0.000757 0.000357
v -0.00061 -0.00075 0.000407
v -0.000621 -0.000741 0.000356
v -0.000621 -0.000741 0.000406
v -0.000659 -0.000707 0.000352
v -0.000668 -0.000699 0.000402
v -0.000684 -0.000684 0.00035
v -0.000684 -0.000684 0.000401
v -0.000713 -0.000653 0.000347
v -0.000721 -0.000644 0.000397
v -0.000741 -0.000621 0.000395
v -0.000388 -0.000886 0.000375
v -0.000366 -0.000895 0.000376
v -0.000331 -0.000908 0.000427
v -0.000331 -0.000908 0.000379
v -0.000326 -0.00091 0.000427
v -0.000317 -0.000913 0.000379
v -0.000307 -0.000917 0.000429
v -0.00025 -0.000934 0.000432
v -0.000224 -0.00094 0.000385
v -0.000234 -0.000938 0.000434
v -0.000244 -0.000935 0.000384
v -0.00025 -0.000934 0.000384
v 1.4e-05 -0.000967 0.000451
v 0.0 -0.000967 0.00045
v 0.0 -0.000967 0.000399
v -6e-06 -0.000967 0.00045
v -7.2e-05 -0.000964 0.000395
v -8.3e-05 -0.000963 0.000444
v -8.4e-05 -0.000963 0.000394
v -8.4e-05 -0.000963 0.000444
v -0.000148 -0.000955 0.00039
v -0.000159 -0.000954 0.000439
v -0.000168 -0.000952 0.000389
v -0.000168 -0.000952 0.000438
v -0.000204 -0.000945 0.000436
v 4e-06 -0.000967 0.000399
v 8e-05 -0.000963 0.000404
v 8.4e-05 -0.000963 0.000456
v 8.4e-05 -0.000963 0.000405
v 9e-05 -0.000963 0.000456
v 0.0001 -0.000962 0.000406
v 0.000166 -0.000952 0.000462
v 0.000168 -0.000952 0.00041
v 0.000168 -0.000952 0.000462
v 0.000177 -0.00095 0.000411
v 0.00024 -0.000936 0.000467
v 0.00025 -0.000934 0.000417
v 0.00025 -0.000934 0.000468
v 0.000252 -0.000933 0.000417
v 0.000315 -0.000914 0.000472
v 0.000325 -0.000911 0.000422
v 0.000331 -0.000908 0.000473
v 0.000331 -0.000908 0.000423
v 0.000334 -0.000907 0.000473
v 0.000395 -0.000882 0.000427
v 0.000404 -0.000878 0.000478
v 0.000409 -0.000876 0.000478
v 0.000409 -0.000876 0.000429
v 0.000413 -0.000874 0.000429
v 0.000472 -0.000844 0.000482
v 0.000482 -0.000838 0.000434
v 0.000483 -0.000837 0.000483
v 0.000483 -0.000837 0.000434
v 0.0005 -0.000828 0.000436
v 0.000538 -0.000803 0.000487
v 0.000547 -0.000797 0.000439
v 0.000555 -0.000792 0.000488
v 0.000555 -0.000792 0.00044
v 0.0006 -0.000758 0.000492
v 0.000608 -0.000752 0.000444
v 0.000616 -0.000745 0.000493
v 0.000621 -0.000741 0.000445
v 0.000621 -0.000741 0.000494
v 0.000673 -0.000694 0.000498
v 0.000665 -0.000702 0.000449
v 0.00068 -0.000687 0.00045
v 0.000684 -0.000684 0.000499
v 0.000684 -0.000684 0.00045
v 0.000725 -0.000639 0.000503
v 0.000733 -0.000631 0.000455
v 0.000741 -0.000621 0.000505
v 0.000741 -0.000621 0.000455
v 0.000774 -0.00058 0.000509
v 0.00078 -0.00057 0.000459
v 0.000792 -0.000555 0.000511
v 0.000792 -0.000555 0.00046
v 0.000818 -0.000516 0.000514
v 0.000823 -0.000507 0.000464
v 0.000828 -0.000499 0.000516
v 0.000837 -0.000483 0.000466
v 0.000837 -0.000483 0.000517
v 0.00086 -0.000441 0.000469
v 0.000865 -0.000432 0.000521
v 0.000869 -0.000423 0.00047
v 0.000876 -0.000409 0.000523
v 0.000876 -0.000409 0.000471
v 0.000888 -0.000382 0.000525
v 0.0009 -0.000352 0.000476
v 0.000959 -0.000121 0.000542
v 0.000952 -0.000168 0.000539
v 0.000952 -0.000168 0.000489
v 0.000947 -0.000196 0.000538
v 0.000945 -0.000206 0.000487
v 0.000942 -0.000216 0.000536
v 0.000934 -0.00025 0.000483
v 0.000934 -0.00025 0.000534
v 0.000926 -0.000279 0.000481
v 0.000922 -0.000291 0.000531
v 0.000908 -0.000331 0.000477
v 0.000908 -0.000331 0.000529
v 0.000896 -0.000363 0.000526
v 0.000958 -0.000131 0.000492
v 0.00096 -0.000111 0.000493
v 0.000963 -8.4e-05 0.000544
v 0.000963 -8.4e-05 0.000495
v 0.000966 -4.7e-05 0.000547
v 0.000966 -3.4e-05 0.000499
v 0.000966 -4.5e-05 0.000547
v 0.000967 0.0 0.000549
v 0.000967 -0.0 0.000501
v 0.000966 3.2e-05 0.000551
v 0.000966 4.3e-05 0.000504
v 0.000963 8.4e-05 0.000555
v 0.000963 8.4e-05 0.000506
v 0.000961 0.000109 0.000556
v 0.000959 0.000119 0.000508
v 0.000958 0.000129 0.000558
v 0.000945 0.000204 0.000563
v 0.000943 0.000214 0.000514
v 0.000936 0.000242 0.000565
v 0.000934 0.00025 0.000517
v 0.000934 0.00025 0.000566
v 0.000952 0.000168 0.00056
v 0.000952 0.000168 0.000512
v 0.000947 0.000194 0.000513
v 0.000926 0.000278 0.000568
v 0.000923 0.000289 0.000519
v 0.000908 0.000331 0.000572
v 0.000908 0.000331 0.000522
v 0.000901 0.00035 0.000573
v 0.000897 0.000361 0.000524
v 0.000876 0.000409 0.000578
v 0.000876 0.000409 0.000527
v 0.00087 0.000422 0.000579
v 0.000866 0.000431 0.000528
v 0.000861 0.00044 0.00058
v 0.000837 0.000483 0.000532
v 0.000837 0.000483 0.000584
v 0.000829 0.000497 0.000534
v 0.000824 0.000506 0.000586
v 0.000818 0.000514 0.000535
v 0.000799 0.000544 0.000589
v 0.000792 0.000555 0.000538
v 0.000792 0.000555 0.00059
v 0.000782 0.000569 0.000591
v 0.000774 0.000579 0.00054
v 0.000741 0.000621 0.000595
v 0.000741 0.000621 0.000544
v 0.000734 0.000629 0.000596
v 0.000726 0.000638 0.000546
v 0.000684 0.000684 0.000601
v 0.000684 0.000684 0.00055
v 0.000681 0.000686 0.000601
v 0.000674 0.000693 0.000551
v 0.000666 0.0007 0.000602
v 0.000621 0.000741 0.000556
v 0.000621 0.000741 0.000606
v 0.000617 0.000744 0.000557
v 0.000609 0.000751 0.000607
v 0.000602 0.000757 0.000558
v 0.000555 0.000792 0.000611
v 0.000555 0.000792 0.000562
v 0.000548 0.000796 0.000611
v 0.000539 0.000802 0.000563
v 0.000521 0.000815 0.000565
v 0.000484 0.000837 0.000616
v 0.000483 0.000837 0.000616
v 0.000483 0.000837 0.000568
v 0.000474 0.000843 0.000568
v 0.000415 0.000873 0.000621
v 0.000409 0.000876 0.000573
v 0.000409 0.000876 0.000621
v 0.000397 0.000882 0.000622
v 0.000406 0.000877 0.000573
v 0.000331 0.000908 0.000627
v 0.000336 0.000906 0.000578
v 0.000331 0.000908 0.000578
v 0.000326 0.00091 0.000627
v 0.000317 0.000913 0.000579
v 0.000253 0.000933 0.000633
v 0.00025 0.000934 0.000583
v 0.00025 0.000934 0.000633
v 0.000242 0.000936 0.000584
v 0.000179 0.00095 0.000638
v 0.000168 0.000952 0.000588
v 0.000168 0.000952 0.000639
v 0.000167 0.000952 0.000588
v 0.000102 0.000961 0.000644
v 9.2e-05 0.000962 0.000593
v 8.4e-05 0.000963 0.000645
v 8.4e-05 0.000963 0.000594
v 8.2e-05 0.000963 0.000645
v 1.6e-05 0.000967 0.000598
v 6e-06 0.000967 0.00065
v -0.0 0.000967 0.000599
v 0.0 0.000967 0.000651
v -4e-06 0.000967 0.0006
v -2.4e-05 0.000966 0.000652
v -8.2e-05 0.000963 0.000605
v -0.000315 0.000914 0.000671
v -0.00025 0.000934 0.000667
v -0.00025 0.000934 0.000617
v -0.000243 0.000936 0.000666
v -0.000233 0.000938 0.000616
v -0.000223 0.000941 0.000665
v -0.000168 0.000952 0.000611
v -0.000168 0.000952 0.000662
v -0.000158 0.000954 0.000611
v -0.000146 0.000956 0.00066
v -8.4e-05 0.000963 0.000605
v -8.4e-05 0.000963 0.000656
v -7e-05 0.000964 0.000656
v -0.000306 0.000917 0.000621
v -0.000324 0.000911 0.000623
v -0.000331 0.000908 0.000672
v -0.000331 0.000908 0.000623
v -0.000386 0.000886 0.000676
v -0.000396 0.000882 0.000628
v -0.000409 0.000876 0.000677
v -0.000409 0.000876 0.000629
v -0.000455 0.000853 0.00068
v -0.000465 0.000848 0.000633
v -0.000483 0.000837 0.000682
v -0.000483 0.000837 0.000634
v -0.000522 0.000814 0.000685
v -0.00053 0.000808 0.000637
v -0.000539 0.000803 0.000687
v -0.000621 0.000741 0.000694
v -0.0006 0.000758 0.000692
v -0.000608 0.000751 0.000643
v -0.000555 0.000792 0.000688
v -0.000555 0.000792 0.000639
v -0.000592 0.000764 0.000642
v -0.000615 0.000746 0.000644
v -0.000621 0.000741 0.000644
v -0.000658 0.000708 0.000697
v -0.000667 0.0007 0.000648
v -0.000684 0.000684 0.0007
v -0.000684 0.000684 0.000649
v -0.000712 0.000654 0.000703
v -0.00072 0.000645 0.000653
v -0.000741 0.000621 0.000706
v -0.000741 0.000621 0.000655
v -0.000762 0.000595 0.000708
v -0.000768 0.000587 0.000658
v -0.000775 0.000579 0.00071
v -0.000792 0.000555 0.00066
v -0.000792 0.000555 0.000712
v -0.000812 0.000524 0.000663
v -0.000818 0.000516 0.000715
v -0.000823 0.000507 0.000664
v -0.000837 0.000483 0.000718
v -0.000837 0.000483 0.000666
v -0.000856 0.00045 0.00072
v -0.000861 0.000439 0.00067
v -0.000876 0.000409 0.000723
v -0.000876 0.000409 0.000672
v -0.000889 0.000381 0.000725
v -0.000893 0.00037 0.000675
v -0.000908 0.000331 0.000728
v -0.000908 0.000331 0.000678
v -0.000916 0.000308 0.00073
v -0.00092 0.000298 0.000681
v -0.000934 0.00025 0.000733
v -0.000934 0.00025 0.000684
v -0.000939 0.000228 0.000735
v -0.00094 0.000225 0.000686
v -0.000945 0.000206 0.000687
v -0.000952 0.000168 0.000738
v -0.000952 0.000168 0.00069
v -0.000955 0.000153 0.000739
v -0.000958 0.00013 0.000692
v -0.000963 8.4e-05 0.000744
v -0.000963 8.4e-05 0.000695
v -0.000964 7.7e-05 0.000744
v -0.000965 5.5e-05 0.000697
v -0.000967 -0.0 0.000749
v -0.000967 -0.0 0.000701
v -0.000965 -5.3e-05 0.000753
v -0.000964 -7.8e-05 0.000705
v -0.000963 -8.4e-05 0.000755
v -0.000963 -8.4e-05 0.000706
v -0.000963 -9e-05 0.000706
v -0.000958 -0.000129 0.000758
v -0.000954 -0.000154 0.00071
v -0.000952 -0.000168 0.000761
v -0.000952 -0.000168 0.000711
v -0.000945 -0.000204 0.000763
v -0.000939 -0.000228 0.000714
v -0.000941 -0.000223 0.000765
v -0.000937 -0.000236 0.000715
v -0.000934 -0.00025 0.000767
v -0.000934 -0.00025 0.000716
v -0.00092 -0.000297 0.00077
v -0.000917 -0.000307 0.00072
v -0.000908 -0.000331 0.000773
v -0.000908 -0.000331 0.000721
v -0.000769 -0.000585 0.000792
v -0.000792 -0.000555 0.00079
v -0.000792 -0.000555 0.000739
v -0.000813 -0.000523 0.000787
v -0.000818 -0.000515 0.000736
v -0.000824 -0.000506 0.000786
v -0.000837 -0.000483 0.000733
v -0.000837 -0.000483 0.000784
v -0.000856 -0.000449 0.00073
v -0.000862 -0.000438 0.000781
v -0.000876 -0.000409 0.000727
v -0.000876 -0.000409 0.000779
v -0.000889 -0.000379 0.000725
v -0.000894 -0.000368 0.000776
v -0.000902 -0.000349 0.000774
v -0.000775 -0.000577 0.000741
v -0.000763 -0.000593 0.000743
v -0.000741 -0.000621 0.000795
v -0.000741 -0.000621 0.000745
v -0.000721 -0.000644 0.000796
v -0.000713 -0.000653 0.000748
v -0.000684 -0.000684 0.0008
v -0.000684 -0.000684 0.000751
v -0.000668 -0.000699 0.000801
v -0.000659 -0.000707 0.000753
v -0.000621 -0.000741 0.000805
v -0.000621 -0.000741 0.000756
v -0.00061 -0.00075 0.000806
v -0.000602 -0.000757 0.000758
v -0.000594 -0.000763 0.000807
v -0.000555 -0.000792 0.00081
v -0.000555 -0.000792 0.000762
v -0.000532 -0.000807 0.000812
v -0.000541 -0.000802 0.000763
v -0.000523 -0.000813 0.000764
v -0.000483 -0.000837 0.000816
v -0.000483 -0.000837 0.000767
v -0.000467 -0.000847 0.000817
v -0.000456 -0.000852 0.000769
v -0.000409 -0.000876 0.000822
v -0.000409 -0.000876 0.000772
v -0.000398 -0.000881 0.000822
v -0.000387 -0.000886 0.000773
v -0.000331 -0.000908 0.000827
v -0.000331 -0.000908 0.000777
v -0.000326 -0.00091 0.000828
v -0.000317 -0.000913 0.000778
v -0.000307 -0.000917 0.000829
v -0.00025 -0.000934 0.000834
v -0.00025 -0.000934 0.000782
v -0.000244 -0.000935 0.000783
v -0.000234 -0.000938 0.000835
v -0.000224 -0.00094 0.000784
v -0.00021 -0.000944 0.000836
v -0.000168 -0.000952 0.000788
v -0.000168 -0.000952 0.00084
v -0.00016 -0.000953 0.00084
v -0.000148 -0.000955 0.000789
v -8.4e-05 -0.000963 0.000845
v -8.4e-05 -0.000963 0.000794
v -7.2e-05 -0.000964 0.000795
v -6e-06 -0.000967 0.00085
v 0.0 -0.000967 0.0008
v -0.0 -0.000967 0.000851
v 4e-06 -0.000967 0.0008
v 1.4e-05 -0.000967 0.000852
v 8e-05 -0.000963 0.000806
v 8.4e-05 -0.000963 0.000856
v 8.4e-05 -0.000963 0.000806
v 9e-05 -0.000963 0.000856
v 0.0001 -0.000962 0.000807
v 0.000166 -0.000952 0.000861
v 0.000168 -0.000952 0.000812
v 0.000168 -0.000952 0.000861
v 0.000177 -0.00095 0.000813
v 0.000241 -0.000936 0.000866
v 0.00025 -0.000934 0.000818
v 0.00025 -0.000934 0.000866
v 0.000252 -0.000933 0.000818
v 0.000271 -0.000928 0.000819
v 0.000315 -0.000914 0.00087
v 0.000324 -0.000911 0.000823
v 0.000331 -0.000908 0.000871
v 0.000331 -0.000908 0.000823
v 0.000334 -0.000907 0.000872
v 0.000404 -0.000878 0.000877
v 0.000395 -0.000882 0.000827
v 0.000409 -0.000876 0.000828
v 0.000865 -0.000432 0.000921
v 0.000837 -0.000483 0.000917
v 0.000837 -0.000483 0.000867
v 0.000828 -0.000499 0.000916
v 0.000823 -0.000507 0.000865
v 0.000818 -0.000516 0.000915
v 0.000792 -0.000555 0.000861
v 0.000792 -0.000555 0.000912
v 0.000781 -0.00057 0.00086
v 0.000773 -0.00058 0.00091
v 0.000741 -0.000621 0.000855
v 0.000741 -0.000621 0.000906
v 0.000733 -0.00063 0.000854
v 0.000725 -0.000639 0.000905
v 0.000684 -0.000684 0.000849
v 0.000684 -0.000684 0.0009
v 0.00068 -0.000687 0.000849
v 0.000672 -0.000695 0.000899
v 0.000665 -0.000701 0.000847
v 0.000621 -0.000741 0.000894
v 0.000621 -0.000741 0.000844
v 0.000616 -0.000745 0.000894
v 0.000608 -0.000751 0.000843
v 0.0006 -0.000758 0.000892
v 0.000555 -0.000792 0.000838
v 0.000555 -0.000792 0.000888
v 0.000547 -0.000797 0.000838
v 0.000537 -0.000804 0.000887
v 0.000483 -0.000837 0.000833
v 0.000483 -0.000837 0.000883
v 0.000482 -0.000838 0.000833
v 0.000472 -0.000844 0.000882
v 0.000414 -0.000874 0.000829
v 0.000426 -0.000868 0.000878
v 0.000409 -0.000876 0.000877
v 0.00086 -0.000441 0.00087
v 0.000869 -0.000423 0.000872
v 0.000876 -0.000409 0.000922
v 0.000876 -0.000409 0.000873
v 0.000896 -0.000363 0.000925
v 0.0009 -0.000352 0.000877
v 0.000908 -0.000331 0.000927
v 0.000908 -0.000331 0.000879
v 0.000922 -0.000291 0.00093
v 0.000925 -0.000279 0.000882
v 0.000934 -0.00025 0.000933
v 0.000934 -0.00025 0.000884
v 0.000942 -0.000216 0.000935
v 0.000945 -0.000206 0.000887
v 0.000947 -0.000196 0.000936
v 0.000952 -0.000168 0.000938
v 0.000952 -0.000168 0.00089
v 0.000959 -0.000121 0.000941
v 0.000958 -0.000131 0.000892
v 0.00096 -0.000111 0.000893
v 0.000963 -8.4e-05 0.000944
v 0.000963 -8.4e-05 0.000895
v 0.000966 -4.5e-05 0.000946
v 0.000966 -3.3e-05 0.000898
v 0.000967 0.0 0.000949
v 0.000967 0.0 0.0009
v 0.000966 3.2e-05 0.000952
v 0.000966 4.3e-05 0.000902
v 0.000963 8.4e-05 0.000955
v 0.000963 8.4e-05 0.000905
v 0.000961 0.000109 0.000957
v 0.000959 0.000119 0.000907
v 0.000958 0.000129 0.000959
v 0.000952 0.000168 0.000961
v 0.000934 0.00025 0.000916
v 0.000936 0.000242 0.000967
v 0.000943 0.000214 0.000913
v 0.000945 0.000204 0.000964
v 0.000947 0.000194 0.000912
v 0.000952 0.000168 0.00091
v 0.000621 0.000741 0.001005
v 0.000666 0.0007 0.001001
v 0.000674 0.000693 0.000952
v 0.000684 0.000684 0.000951
v 0.000681 0.000686 0.000999
v 0.000684 0.000684 0.000999
v 0.000726 0.000638 0.000947
v 0.000734 0.000629 0.000995
v 0.000741 0.000621 0.000945
v 0.000741 0.000621 0.000994
v 0.000775 0.000578 0.000942
v 0.000781 0.000569 0.00099
v 0.000792 0.000555 0.00094
v 0.000792 0.000555 0.000989
v 0.000819 0.000514 0.000936
v 0.000824 0.000506 0.000985
v 0.000829 0.000497 0.000935
v 0.000837 0.000483 0.000984
v 0.000837 0.000483 0.000934
v 0.000861 0.00044 0.000981
v 0.000865 0.000431 0.00093
v 0.00087 0.000421 0.000979
v 0.000876 0.000409 0.000928
v 0.000876 0.000409 0.000979
v 0.000897 0.000361 0.000924
v 0.000901 0.00035 0.000975
v 0.000908 0.000331 0.000922
v 0.000908 0.000331 0.000973
v 0.000922 0.000289 0.000919
v 0.000926 0.000278 0.000969
v 0.000934 0.00025 0.000967
v 0.000397 0.000882 0.001023
v 0.000409 0.000876 0.001022
v 0.000409 0.000876 0.000971
v 0.000415 0.000873 0.001022
v 0.000473 0.000843 0.000967
v 0.000483 0.000837 0.001016
v 0.000483 0.000837 0.000966
v 0.000484 0.000837 0.001016
v 0.000539 0.000803 0.000962
v 0.000549 0.000796 0.001011
v 0.000555 0.000792 0.000961
v 0.000555 0.000792 0.00101
v 0.000601 0.000757 0.000958
v 0.000609 0.00075 0.001006
v 0.000617 0.000744 0.000956
v 0.000621 0.000741 0.000956
v 0.000406 0.000878 0.000972
v 0.000336 0.000907 0.000977
v 0.000331 0.000908 0.001028
v 0.000331 0.000908 0.000977
v 0.000326 0.00091 0.001029
v 0.000316 0.000914 0.000978
v 0.000254 0.000933 0.001034
v 0.00025 0.000934 0.000983
v 0.00025 0.000934 0.001034
v 0.000242 0.000936 0.000983
v 0.000179 0.00095 0.001039
v 0.000168 0.000952 0.000989
v 0.000168 0.000952 0.00104
v 0.000167 0.000952 0.000989
v 0.000102 0.000961 0.001044
v 9.2e-05 0.000962 0.000994
v 8.4e-05 0.000963 0.001045
v 8.4e-05 0.000963 0.000995
v 8.2e-05 0.000963 0.001045
v 1.6e-05 0.000967 0.001
v 6e-06 0.000967 0.00105
v -0.0 0.000967 0.00105
v 0.0 0.000967 0.001001
v -4e-06 0.000967 0.001001
v -7e-05 0.000964 0.001054
v -8.2e-05 0.000963 0.001006
v -8.4e-05 0.000963 0.001055
v -8.4e-05 0.000963 0.001006
v -0.000146 0.000956 0.001059
v -0.000158 0.000954 0.001011
v -0.000168 0.000952 0.00106
v -0.000168 0.000952 0.001012
v -0.000223 0.000941 0.001064
v -0.000232 0.000938 0.001016
v -0.000242 0.000936 0.001065
v -0.00025 0.000934 0.001017
v -0.00025 0.000934 0.001066
v -0.000315 0.000914 0.00107
v -0.000305 0.000917 0.001021
v -0.000325 0.000911 0.001022
v -0.000331 0.000908 0.001071
v -0.000331 0.000908 0.001022
v -0.000386 0.000886 0.001075
v -0.000397 0.000882 0.001027
v -0.000409 0.000876 0.001077
v -0.000409 0.000876 0.001028
v -0.000455 0.000853 0.001081
v -0.000465 0.000847 0.001031
v -0.000483 0.000837 0.001083
v -0.000483 0.000837 0.001033
v -0.000522 0.000814 0.001086
v -0.000531 0.000808 0.001036
v -0.000539 0.000803 0.001088
v -0.000555 0.000792 0.001038
v -0.000555 0.000792 0.001089
v -0.000592 0.000764 0.001041
v -0.0006 0.000758 0.001093
v -0.000608 0.000751 0.001042
v -0.000621 0.000741 0.001095
v -0.000621 0.000741 0.001044
v -0.000636 0.000728 0.001096
v -0.000667 0.0007 0.001048
v -0.000818 0.000516 0.001114
v -0.000792 0.000555 0.001111
v -0.000792 0.000555 0.001062
v -0.000775 0.000578 0.00111
v -0.000769 0.000586 0.001059
v -0.000762 0.000595 0.001108
v -0.000741 0.000621 0.001056
v -0.000741 0.000621 0.001106
v -0.00072 0.000645 0.001053
v -0.000712 0.000654 0.001104
v -0.000684 0.000684 0.00105
v -0.000684 0.000684 0.001101
v -0.000658 0.000708 0.001099
v -0.000812 0.000524 0.001064
v -0.000823 0.000507 0.001066
v -0.000837 0.000483 0.001117
v -0.000837 0.000483 0.001068
v -0.000856 0.00045 0.001119
v -0.000861 0.00044 0.001071
v -0.000876 0.000409 0.001122
v -0.000876 0.000409 0.001073
v -0.000889 0.000381 0.001124
v -0.000893 0.00037 0.001076
v -0.000908 0.000331 0.001127
v -0.000908 0.000331 0.001079
v -0.000916 0.000308 0.001128
v -0.000919 0.000299 0.001081
v -0.000934 0.00025 0.001132
v -0.000934 0.00025 0.001084
v -0.000939 0.000228 0.001134
v -0.00094 0.000226 0.001085
v -0.000945 0.000205 0.001087
v -0.000952 0.000168 0.001138
v -0.000952 0.000168 0.001089
v -0.000955 0.000153 0.001139
v -0.000958 0.00013 0.001091
v -0.000963 8.4e-05 0.001144
v -0.000963 8.4e-05 0.001094
v -0.000964 7.7e-05 0.001145
v -0.000965 5.4e-05 0.001096
v -0.000967 -0.0 0.00115
v -0.000967 -0.0 0.001099
v -0.000967 -2.1e-05 0.001101
v -0.000965 -5.2e-05 0.001154
v -0.000964 -7.8e-05 0.001104
v -0.000963 -8.4e-05 0.001156
v -0.000963 -8.4e-05 0.001105
v -0.000958 -0.000128 0.001159
v -0.000954 -0.000154 0.00111
v -0.000952 -0.000168 0.001162
v -0.000952 -0.000168 0.001111
v -0.000945 -0.000204 0.001164
v -0.000939 -0.000228 0.001115
v -0.000941 -0.000224 0.001166
v -0.000934 -0.00025 0.001168
v -0.000934 -0.00025 0.001117
v -0.00092 -0.000297 0.001171
v -0.000917 -0.000307 0.001121
v -0.000908 -0.000331 0.001173
v -0.000908 -0.000331 0.001123
v -0.000894 -0.000368 0.001175
v -0.000889 -0.000379 0.001126
v -0.000876 -0.000409 0.001178
v -0.000876 -0.000409 0.001129
v -0.000862 -0.000438 0.00118
v -0.000856 -0.000448 0.001132
v -0.000837 -0.000483 0.001183
v -0.000837 -0.000483 0.001134
v -0.000824 -0.000506 0.001185
v -0.000819 -0.000514 0.001137
v -0.000813 -0.000523 0.001186
v -0.000792 -0.000555 0.001188
v -0.000792 -0.000555 0.00114
v -0.00077 -0.000585 0.001191
v -0.000776 -0.000577 0.001142
v -0.000763 -0.000593 0.001143
v -0.000741 -0.000621 0.001194
v -0.000741 -0.000621 0.001145
v -0.000721 -0.000644 0.001195
v -0.000713 -0.000653 0.001148
v -0.000684 -0.000684 0.001199
v -0.000684 -0.000684 0.00115
v -0.000668 -0.000699 0.001201
v -0.000659 -0.000707 0.001152
v -0.000621 -0.000741 0.001205
v -0.000621 -0.000741 0.001155
v -0.00061 -0.00075 0.001206
v -0.000602 -0.000757 0.001157
v -0.000594 -0.000763 0.001207
v -0.000555 -0.000792 0.001211
v -0.000555 -0.000792 0.00116
v -0.00054 -0.000802 0.001161
v -0.000532 -0.000807 0.001213
v -0.000523 -0.000813 0.001163
v -0.000507 -0.000823 0.001164
v -0.000483 -0.000837 0.001217
v -0.000483 -0.000837 0.001166
v -0.000467 -0.000846 0.001218
v -0.000456 -0.000852 0.001168
v -0.000409 -0.000876 0.001223
v -0.000409 -0.000876 0.001171
v -0.000399 -0.000881 0.001224
v -0.000387 -0.000886 0.001173
v -0.000331 -0.000908 0.001229
v -0.000331 -0.000908 0.001177
v -0.000326 -0.00091 0.001229
v -0.000316 -0.000914 0.001179
v -0.000307 -0.000917 0.00123
v -0.00025 -0.000934 0.001183
v -0.00025 -0.000934 0.001234
v -0.000244 -0.000936 0.001184
v -0.000234 -0.000938 0.001235
v -0.000224 -0.00094 0.001185
v -0.000168 -0.000952 0.001239
v -0.000168 -0.000952 0.001189
v -0.00016 -0.000953 0.00124
v -0.000148 -0.000955 0.001191
v -8.4e-05 -0.000963 0.001244
v -8.4e-05 -0.000963 0.001195
v -7.2e-05 -0.000964 0.001196
v -6e-06 -0.000967 0.001249
v -0.0 -0.000967 0.001201
v 0.0 -0.000967 0.001249
v 4e-06 -0.000967 0.001201
v 1.4e-05 -0.000967 0.00125
v 8.4e-05 -0.000963 0.001255
v 0.000409 -0.000876 0.001227
v 0.000404 -0.000878 0.001278
v 0.000395 -0.000882 0.001226
v 0.000334 -0.000907 0.001272
v 0.000331 -0.000908 0.001222
v 0.000331 -0.000908 0.001272
v 0.000325 -0.000911 0.001221
v 0.000315 -0.000914 0.001271
v 0.000252 -0.000933 0.001217
v 0.00025 -0.000934 0.001266
v 0.00025 -0.000934 0.001217
v 0.00024 -0.000936 0.001265
v 0.000177 -0.00095 0.001212
v 0.000168 -0.000952 0.00126
v 0.000168 -0.000952 0.001211
v 0.000166 -0.000952 0.00126
v 0.0001 -0.000962 0.001207
v 9e-05 -0.000963 0.001255
v 8.4e-05 -0.000963 0.001206
v 8e-05 -0.000963 0.001206
v 0.000673 -0.000695 0.0013
v 0.000621 -0.000741 0.001295
v 0.000621 -0.000741 0.001244
v 0.000616 -0.000745 0.001295
v 0.000608 -0.000751 0.001243
v 0.0006 -0.000758 0.001294
v 0.000555 -0.000792 0.001238
v 0.000555 -0.000792 0.00129
v 0.000547 -0.000797 0.001238
v 0.000537 -0.000804 0.001288
v 0.000483 -0.000837 0.001232
v 0.000483 -0.000837 0.001284
v 0.000483 -0.000838 0.001232
v 0.000472 -0.000844 0.001283
v 0.000414 -0.000874 0.001227
v 0.000422 -0.00087 0.001279
v 0.000409 -0.000876 0.001278
v 0.000666 -0.000701 0.001249
v 0.00068 -0.000687 0.00125
v 0.000684 -0.000684 0.0013
v 0.000684 -0.000684 0.00125
v 0.000725 -0.000639 0.001304
v 0.000733 -0.000631 0.001255
v 0.000741 -0.000621 0.001306
v 0.000741 -0.000621 0.001256
v 0.000773 -0.00058 0.001309
v 0.00078 -0.000571 0.001261
v 0.000792 -0.000555 0.001311
v 0.000792 -0.000555 0.001262
v 0.000817 -0.000516 0.001313
v 0.000823 -0.000507 0.001266
v 0.000828 -0.000499 0.001315
v 0.000837 -0.000483 0.001316
v 0.000837 -0.000483 0.001268
v 0.000865 -0.000432 0.00132
v 0.00086 -0.000441 0.001271
v 0.000869 -0.000423 0.001272
v 0.000876 -0.000409 0.001321
v 0.000876 -0.000409 0.001273
v 0.000896 -0.000363 0.001325
v 0.000901 -0.000352 0.001277
v 0.000908 -0.000331 0.001327
v 0.000908 -0.000331 0.001278
v 0.000922 -0.000291 0.00133
v 0.000926 -0.000279 0.001281
v 0.000934 -0.00025 0.001333
v 0.000934 -0.00025 0.001283
v 0.000942 -0.000216 0.001335
v 0.000945 -0.000206 0.001286
v 0.000947 -0.000196 0.001337
v 0.000952 -0.000168 0.001339
v 0.000963 -8.4e-05 0.001294
v 0.000963 -8.4e-05 0.001345
v 0.00096 -0.000111 0.001292
v 0.000959 -0.000121 0.001342
v 0.000958 -0.000131 0.00129
v 0.000952 -0.000168 0.001288
v 0.000945 0.000204 0.001364
v 0.000952 0.000168 0.001362
v 0.000952 0.000168 0.001311
v 0.000958 0.000129 0.001359
v 0.000959 0.000119 0.001308
v 0.000961 0.000109 0.001358
v 0.000963 8.4e-05 0.001305
v 0.000963 8.4e-05 0.001356
v 0.000966 4.4e-05 0.001302
v 0.000966 3.1e-05 0.001353
v 0.000967 0.0 0.001299
v 0.000967 -0.0 0.001351
v 0.000966 -3.3e-05 0.001297
v 0.000966 -4.5e-05 0.001348
v 0.000965 -6.3e-05 0.001346
v 0.000947 0.000194 0.001313
v 0.000943 0.000214 0.001315
v 0.000934 0.00025 0.001367
v 0.000934 0.00025 0.001317
v 0.000926 0.000278 0.001369
v 0.000923 0.000289 0.00132
v 0.000908 0.000331 0.001372
v 0.000908 0.000331 0.001323
v 0.000901 0.00035 0.001373
v 0.000897 0.000361 0.001325
v 0.000876 0.000409 0.001377
v 0.000876 0.000409 0.001329
v 0.00087 0.000421 0.001378
v 0.000866 0.00043 0.00133
v 0.000861 0.00044 0.001379
v 0.000837 0.000483 0.001382
v 0.000837 0.000483 0.001334
v 0.000829 0.000497 0.001335
v 0.000824 0.000506 0.001384
v 0.000818 0.000515 0.001336
v 0.000792 0.000555 0.001388
v 0.000792 0.000555 0.001339
v 0.000782 0.000569 0.001389
v 0.000774 0.000579 0.001341
v 0.000741 0.000621 0.001394
v 0.000741 0.000621 0.001344
v 0.000734 0.000629 0.001394
v 0.000726 0.000638 0.001346
v 0.000696 0.000671 0.001348
v 0.000684 0.000684 0.0014
v 0.000684 0.000684 0.001349
v 0.000681 0.000686 0.0014
v 0.000674 0.000693 0.00135
v 0.000667 0.0007 0.001401
v 0.000621 0.000741 0.001406
v 0.000621 0.000741 0.001355
v 0.000617 0.000744 0.001355
v 0.00061 0.00075 0.001407
v 0.000601 0.000757 0.001356
v 0.000582 0.000772 0.001409
v 0.000589 0.000766 0.001357
v 0.000555 0.000792 0.001412
v 0.000555 0.000792 0.00136
v 0.000549 0.000796 0.001412
v 0.000539 0.000803 0.001362
v 0.000484 0.000837 0.001418
v 0.000483 0.000837 0.001366
v 0.000483 0.000837 0.001418
v 0.000473 0.000843 0.001367
v 0.000415 0.000873 0.001423
v 0.000409 0.000876 0.001372
v 0.000409 0.000876 0.001423
v 0.000405 0.000878 0.001372
v 0.000397 0.000882 0.001424
v 0.000335 0.000907 0.001378
v 0.000331 0.000908 0.001428
v 0.000331 0.000908 0.001378
v 0.000326 0.00091 0.001429
v 0.000317 0.000913 0.001379
v 0.000254 0.000933 0.001433
v 0.00025 0.000934 0.001384
v 0.00025 0.000934 0.001433
v 0.000242 0.000936 0.001385
v 0.000179 0.00095 0.001438
v 0.000168 0.000952 0.00139
v 0.000168 0.000952 0.001438
v 0.000167 0.000952 0.00139
v 0.000102 0.000961 0.001443
v 9.2e-05 0.000962 0.001395
v 8.4e-05 0.000963 0.001444
v 8.4e-05 0.000963 0.001395
v 8.2e-05 0.000963 0.001444
v 6e-06 0.000967 0.001449
v 1.6e-05 0.000967 0.0014
v 0.0 0.000967 0.001401
v -0.0 0.000967 0.001449
v -4e-06 0.000967 0.001401
v -7e-05 0.000964 0.001454
v -8.2e-05 0.000963 0.001405
v -8.4e-05 0.000963 0.001455
v -8.4e-05 0.000963 0.001406
v -0.000146 0.000956 0.001459
v -0.000158 0.000954 0.00141
v -0.000168 0.000952 0.001461
v -0.000168 0.000952 0.001411
v -0.000223 0.000941 0.001465
v -0.000233 0.000938 0.001415
v -0.000242 0.000936 0.001466
v -0.00025 0.000934 0.001416
v -0.00025 0.000934 0.001467
v -0.000306 0.000917 0.00142
v -0.000315 0.000914 0.001471
v -0.000325 0.000911 0.001421
v -0.000331 0.000908 0.001473
v -0.000331 0.000908 0.001421
v -0.000386 0.000887 0.001477
v -0.000397 0.000881 0.001426
v -0.000409 0.000876 0.001479
v -0.000409 0.000876 0.001427
v -0.000455 0.000853 0.001482
v -0.000466 0.000847 0.001432
v -0.000483 0.000837 0.001484
v -0.000483 0.000837 0.001433
v -0.000522 0.000814 0.001487
v -0.000531 0.000808 0.001437
v -0.000539 0.000803 0.001488
v -0.000555 0.000792 0.001439
v -0.000555 0.000792 0.00149
v -0.0006 0.000758 0.001493
v -0.000593 0.000764 0.001443
v -0.000608 0.000751 0.001444
v -0.000621 0.000741 0.001495
v -0.000621 0.000741 0.001445
v -0.000658 0.000708 0.001498
v -0.000667 0.0007 0.001449
v -0.000684 0.000684 0.0015
v -0.000684 0.000684 0.001451
v -0.000712 0.000654 0.001502
v -0.00072 0.000645 0.001454
v -0.000741 0.000621 0.001505
v -0.000741 0.000621 0.001456
v -0.000762 0.000595 0.001507
v -0.000768 0.000587 0.001459
v -0.000812 0.000524 0.001464
v -0.000818 0.000516 0.001513
v -0.000792 0.000555 0.001462
v -0.000792 0.000555 0.00151
v -0.000775 0.000578 0.001508
v -0.000823 0.000507 0.001465
v -0.000826 0.000502 0.001466
v -0.000837 0.000483 0.001516
v -0.000837 0.000483 0.001467
v -0.000856 0.00045 0.001518
v -0.000861 0.000439 0.00147
v -0.000876 0.000409 0.001522
v -0.000876 0.000409 0.001472
v -0.000889 0.000381 0.001524
v -0.000893 0.00037 0.001475
v -0.000908 0.000331 0.001528
v -0.000908 0.000331 0.001477
v -0.000916 0.000308 0.001529
v -0.00092 0.000298 0.001479
v -0.000934 0.00025 0.001534
v -0.000934 0.00025 0.001482
v -0.000939 0.000228 0.001535
v -0.00094 0.000225 0.001484
v -0.000945 0.000205 0.001485
v -0.000952 0.000168 0.00154
v -0.000952 0.000168 0.001488
v -0.000954 0.000154 0.001541
v -0.000958 0.00013 0.001491
v -0.000963 8.4e-05 0.001545
v -0.000963 8.4e-05 0.001494
v -0.000964 7.8e-05 0.001546
v -0.000965 5.4e-05 0.001496
v -0.000966 3.2e-05 0.001549
v -0.000967 0.0 0.0015
v -0.000967 0.0 0.001551
v -0.000965 -5.2e-05 0.001554
v -0.000964 -7.7e-05 0.001506
v -0.000963 -8.4e-05 0.001556
v -0.000963 -8.4e-05 0.001506
v -0.000958 -0.000128 0.001559
v -0.000955 -0.000153 0.001511
v -0.000952 -0.000168 0.001561
v -0.000952 -0.000168 0.001512
v -0.000945 -0.000204 0.001563
v -0.00094 -0.000228 0.001516
v -0.00094 -0.000224 0.001564
v -0.000937 -0.000236 0.001517
v -0.000934 -0.00025 0.001566
v -0.000934 -0.00025 0.001518
v -0.00092 -0.000297 0.001569
v -0.000917 -0.000306 0.001521
v -0.000908 -0.000331 0.001571
v -0.000908 -0.000331 0.001523
v -0.000894 -0.000368 0.001574
v -0.000889 -0.000379 0.001526
v -0.000876 -0.000409 0.001577
v -0.000876 -0.000409 0.001528
v -0.000862 -0.000438 0.001579
v -0.000857 -0.000448 0.001531
v -0.000837 -0.000483 0.001583
v -0.000837 -0.000483 0.001533
v -0.000824 -0.000506 0.001584
v -0.000819 -0.000514 0.001536
v -0.000813 -0.000523 0.001586
v -0.000792 -0.000555 0.001588
v -0.000792 -0.000555 0.001538
v -0.000776 -0.000577 0.00154
v -0.00077 -0.000585 0.001591
v -0.000763 -0.000593 0.001541
v -0.000741 -0.000621 0.001594
v -0.000741 -0.000621 0.001544
v -0.000721 -0.000644 0.001597
v -0.000713 -0.000653 0.001546
v -0.000684 -0.000684 0.001601
v -0.000684 -0.000684 0.001549
v -0.000668 -0.000699 0.001602
v -0.000659 -0.000707 0.001551
v -0.000621 -0.000741 0.001606
v -0.000621 -0.000741 0.001555
v -0.00061 -0.00075 0.001607
v -0.000602 -0.000757 0.001557
v -0.000594 -0.000763 0.001609
v -0.000555 -0.000792 0.001561
v -0.000555 -0.000792 0.001612
v -0.000532 -0.000807 0.001614
v -0.00054 -0.000802 0.001562
v -0.000524 -0.000813 0.001564
v -0.000483 -0.000837 0.001617
v -0.000483 -0.000837 0.001567
v -0.000467 -0.000846 0.001618
v -0.000457 -0.000852 0.001569
v -0.000409 -0.000876 0.001622
v -0.000409 -0.000876 0.001573
v -0.000398 -0.000881 0.001623
v -0.000388 -0.000886 0.001575
v -0.000331 -0.000908 0.001627
v -0.000331 -0.000908 0.001579
v -0.000326 -0.00091 0.001628
v -0.000317 -0.000913 0.00158
v -0.000307 -0.000917 0.001629
v -0.00025 -0.000934 0.001633
v 1.4e-05 -0.000967 0.00165
v 0.0 -0.000967 0.001649
v 0.0 -0.000967 0.0016
v -6e-06 -0.000967 0.001649
v -7.2e-05 -0.000964 0.001595
v -8.4e-05 -0.000963 0.001644
v -8.4e-05 -0.000963 0.001595
v -0.000148 -0.000955 0.001591
v -0.00016 -0.000953 0.001639
v -0.000168 -0.000952 0.00159
v -0.000168 -0.000952 0.001638
v -0.000224 -0.00094 0.001586
v -0.000234 -0.000938 0.001634
v -0.000244 -0.000935 0.001585
v -0.00025 -0.000934 0.001584
v 4e-06 -0.000967 0.0016
v 8e-05 -0.000963 0.001605
v 8.4e-05 -0.000963 0.001655
v 8.4e-05 -0.000963 0.001605
v 9e-05 -0.000963 0.001656
v 0.0001 -0.000962 0.001606
v 0.000141 -0.000956 0.001659
v 0.000168 -0.000952 0.00161
v 0.000409 -0.000876 0.001679
v 0.000404 -0.000878 0.001678
v 0.000395 -0.000882 0.001627
v 0.000334 -0.000907 0.001673
v 0.000331 -0.000908 0.001622
v 0.000331 -0.000908 0.001673
v 0.000325 -0.000911 0.001621
v 0.000315 -0.000914 0.001672
v 0.000252 -0.000933 0.001616
v 0.00025 -0.000934 0.001667
v 0.00025 -0.000934 0.001616
v 0.00024 -0.000936 0.001667
v 0.000177 -0.00095 0.001611
v 0.000168 -0.000952 0.001661
v 0.000165 -0.000953 0.001661
v 0.000409 -0.000876 0.001628
v 0.000413 -0.000874 0.001628
v 0.000472 -0.000844 0.001683
v 0.000482 -0.000838 0.001634
v 0.000483 -0.000837 0.001684
v 0.000483 -0.000837 0.001634
v 0.000537 -0.000804 0.001687
v 0.000547 -0.000797 0.001639
v 0.000555 -0.000792 0.001689
v 0.000555 -0.000792 0.00164
v 0.0006 -0.000758 0.001692
v 0.000608 -0.000752 0.001644
v 0.000616 -0.000745 0.001693
v 0.000621 -0.000741 0.001645
v 0.000621 -0.000741 0.001694
v 0.000673 -0.000694 0.001698
v 0.000665 -0.000702 0.001649
v 0.00068 -0.000687 0.00165
v 0.000684 -0.000684 0.001699
v 0.000684 -0.000684 0.001651
v 0.000725 -0.000639 0.001703
v 0.000733 -0.000631 0.001655
v 0.000741 -0.000621 0.001705
v 0.000741 -0.000621 0.001656
v 0.000774 -0.00058 0.001708
v 0.00078 -0.000571 0.00166
v 0.000792 -0.000555 0.00171
v 0.000792 -0.000555 0.001661
v 0.000818 -0.000516 0.001714
v 0.000823 -0.000507 0.001664
v 0.000828 -0.000499 0.001715
v 0.000834 -0.000489 0.001666
v 0.000837 -0.000483 0.001716
v 0.000876 -0.000409 0.001671
v 0.000876 -0.000409 0.001722
v 0.000869 -0.000423 0.00167
v 0.000865 -0.000432 0.00172
v 0.00086 -0.000441 0.001669
v 0.000837 -0.000483 0.001666
v 0.000959 -0.000121 0.001743
v 0.000952 -0.000168 0.00174
v 0.000952 -0.000168 0.001689
v 0.000947 -0.000196 0.001738
v 0.000945 -0.000206 0.001686
v 0.000942 -0.000216 0.001737
v 0.000934 -0.00025 0.001683
v 0.000934 -0.00025 0.001734
v 0.000926 -0.000279 0.001681
v 0.000922 -0.000291 0.001731
v 0.000908 -0.000331 0.001677
v 0.000908 -0.000331 0.001728
v 0.0009 -0.000352 0.001675
v 0.000896 -0.000363 0.001726
v 0.000877 -0.000408 0.001722
v 0.000958 -0.000131 0.001691
v 0.00096 -0.000111 0.001693
v 0.000963 -8.4e-05 0.001745
v 0.000963 -8.4e-05 0.001695
v 0.000966 -4.5e-05 0.001747
v 0.000966 -3.3e-05 0.001698
v 0.000967 -0.0 0.00175
v 0.000967 -0.0 0.001701
v 0.000966 3.1e-05 0.001752
v 0.000966 4.3e-05 0.001704
v 0.000963 8.4e-05 0.001755
v 0.000963 8.4e-05 0.001706
v 0.000961 0.000109 0.001757
v 0.000959 0.000119 0.001709
v 0.000958 0.000129 0.001758
v 0.000952 0.000168 0.00176
v 0.000952 0.000168 0.001712
v 0.000945 0.000204 0.001763
v 0.000947 0.000194 0.001714
v 0.000943 0.000214 0.001715
v 0.000934 0.00025 0.001766
v 0.000934 0.00025 0.001717
v 0.000926 0.000278 0.001768
v 0.000923 0.000289 0.00172
v 0.000908 0.000331 0.001771
v 0.000908 0.000331 0.001722
v 0.000901 0.00035 0.001773
v 0.000897 0.000361 0.001724
v 0.000876 0.000409 0.001777
v 0.000876 0.000409 0.001727
v 0.00087 0.000421 0.001778
v 0.000866 0.00043 0.001729
v 0.000861 0.000439 0.00178
v 0.000837 0.000483 0.001783
v 0.000792 0.000555 0.001738
v 0.000794 0.000551 0.001789
v 0.000818 0.000514 0.001735
v 0.000824 0.000506 0.001785
v 0.000829 0.000497 0.001734
v 0.000837 0.000483 0.001733
v 0.000331 0.000908 0.001827
v 0.000396 0.000882 0.001822
v 0.000406 0.000877 0.001773
v 0.000409 0.000876 0.001822
v 0.000409 0.000876 0.001773
v 0.000415 0.000873 0.001821
v 0.000474 0.000843 0.001768
v 0.000483 0.000837 0.001816
v 0.000483 0.000837 0.001768
v 0.000484 0.000837 0.001816
v 0.000539 0.000803 0.001763
v 0.000549 0.000796 0.001812
v 0.000555 0.000792 0.001762
v 0.000555 0.000792 0.001811
v 0.000602 0.000757 0.001758
v 0.00061 0.00075 0.001807
v 0.000617 0.000744 0.001756
v 0.000621 0.000741 0.001806
v 0.000621 0.000741 0.001756
v 0.000667 0.0007 0.001802
v 0.000674 0.000693 0.001751
v 0.000681 0.000686 0.001801
v 0.000684 0.000684 0.00175
v 0.000684 0.000684 0.001801
v 0.000726 0.000638 0.001745
v 0.000734 0.000629 0.001796
v 0.000741 0.000621 0.001744
v 0.000741 0.000621 0.001795
v 0.000774 0.000579 0.00174
v 0.000782 0.000569 0.001791
v 0.000792 0.000555 0.001789
v -0.0 0.000967 0.001799
v 6e-06 0.000967 0.00185
v 1.6e-05 0.000967 0.001798
v 8.2e-05 0.000963 0.001844
v 8.4e-05 0.000963 0.001794
v 8.4e-05 0.000963 0.001844
v 9.2e-05 0.000962 0.001793
v 0.000102 0.000961 0.001843
v 0.000167 0.000952 0.001789
v 0.000168 0.000952 0.001838
v 0.000168 0.000952 0.001789
v 0.000179 0.00095 0.001837
v 0.000242 0.000936 0.001784
v 0.00025 0.000934 0.001832
v 0.00025 0.000934 0.001784
v 0.000253 0.000933 0.001832
v 0.000317 0.000913 0.001779
v 0.000326 0.00091 0.001827
v 0.000331 0.000908 0.001779
v 0.000336 0.000907 0.001778
v -0.000315 0.000914 0.001872
v -0.00025 0.000934 0.001868
v -0.00025 0.000934 0.001817
v -0.000242 0.000936 0.001867
v -0.000233 0.000938 0.001815
v -0.000222 0.000941 0.001866
v -0.000168 0.000952 0.001811
v -0.000168 0.000952 0.001862
v -0.000158 0.000954 0.00181
v -0.000146 0.000956 0.001861
v -8.4e-05 0.000963 0.001805
v -8.4e-05 0.000963 0.001856
v -8.2e-05 0.000963 0.001805
v -7e-05 0.000964 0.001855
v -4e-06 0.000967 0.001799
v -3.3e-05 0.000966 0.001853
v 0.0 0.000967 0.00185
v -0.000306 0.000917 0.001821
v -0.000324 0.000911 0.001822
v -0.000331 0.000908 0.001873
v -0.000331 0.000908 0.001823
v -0.000386 0.000886 0.001876
v -0.000397 0.000882 0.001828
v -0.000409 0.000876 0.001878
v -0.000409 0.000876 0.001829
v -0.000455 0.000853 0.001881
v -0.000465 0.000848 0.001833
v -0.000483 0.000837 0.001883
v -0.000483 0.000837 0.001834
v -0.000522 0.000814 0.001886
v -0.00053 0.000808 0.001838
v -0.000539 0.000803 0.001887
v -0.000555 0.000792 0.001888
v -0.000555 0.000792 0.00184
v -0.0006 0.000758 0.001892
v -0.000592 0.000764 0.001843
v -0.000608 0.000752 0.001844
v -0.000621 0.000741 0.001894
v -0.000621 0.000741 0.001845
v -0.000658 0.000708 0.001897
v -0.000667 0.0007 0.001849
v -0.000684 0.000684 0.001899
v -0.000684 0.000684 0.00185
v -0.000712 0.000654 0.001902
v -0.00072 0.000645 0.001853
v -0.000741 0.000621 0.001905
v -0.000741 0.000621 0.001855
v -0.000762 0.000595 0.001907
v -0.000768 0.000587 0.001858
v -0.000774 0.000579 0.001909
v -0.000792 0.000555 0.001911
v -0.000817 0.000516 0.001914
v -0.000831 0.000495 0.001865
v -0.000837 0.000483 0.001917
v -0.000837 0.000483 0.001866
v -0.000845 0.00047 0.001918
v -0.000792 0.000555 0.00186
v -0.000812 0.000525 0.001863
v -0.000823 0.000507 0.001864
v -0.000856 0.00045 0.00192
v -0.000861 0.000439 0.001869
v -0.000876 0.000409 0.001923
v -0.000876 0.000409 0.001872
v -0.000889 0.000381 0.001925
v -0.000893 0.00037 0.001874
v -0.000908 0.000331 0.001929
v -0.000908 0.000331 0.001877
v -0.000916 0.000308 0.00193
v -0.00092 0.000298 0.00188
v -0.000934 0.00025 0.001934
v -0.000934 0.00025 0.001884
v -0.000939 0.000228 0.001935
v -0.00094 0.000225 0.001885
v -0.000945 0.000206 0.001887
v -0.000952 0.000168 0.001939
v -0.000952 0.000168 0.00189
v -0.000954 0.000154 0.00194
v -0.000958 0.00013 0.001892
v -0.000963 8.4e-05 0.001944
v -0.000963 8.4e-05 0.001895
v -0.000964 7.8e-05 0.001945
v -0.000965 5.5e-05 0.001897
v -0.000967 0.0 0.001949
v -0.000967 0.0 0.001901
v -0.000965 -5.3e-05 0.001953
v -0.000964 -7.7e-05 0.001906
v -0.000963 -8.4e-05 0.001955
v -0.000963 -8.1e-05 0.001906
v -0.000963 -8.4e-05 0.001906
v -0.000958 -0.000129 0.001958
v -0.000955 -0.000153 0.001911
v -0.000952 -0.000168 0.00196
v -0.000952 -0.000168 0.001911
v -0.000945 -0.000204 0.001963
v -0.000939 -0.000228 0.001915
v -0.000941 -0.000224 0.001964
v -0.00092 -0.000297 0.001969
v -0.000911 -0.000323 0.001921
v -0.000908 -0.000331 0.001972
v -0.000908 -0.000331 0.001922
v -0.000907 -0.000335 0.001972
v -0.000934 -0.00025 0.001966
v -0.000934 -0.00025 0.001917
v -0.000917 -0.000307 0.00192
v -0.000894 -0.000368 0.001975
v -0.000889 -0.000379 0.001925
v -0.000876 -0.000409 0.001978
v -0.000876 -0.000409 0.001927
v -0.000862 -0.000438 0.00198
v -0.000856 -0.000448 0.00193
v -0.000837 -0.000483 0.001984
v -0.000837 -0.000483 0.001932
v -0.000824 -0.000506 0.001986
v -0.000819 -0.000514 0.001935
v -0.000813 -0.000523 0.001987
v -0.000792 -0.000555 0.001938
v -0.000792 -0.000555 0.00199
v -0.000776 -0.000577 0.00194
v -0.00077 -0.000585 0.001992
v -0.000763 -0.000593 0.001942
v -0.000741 -0.000621 0.001995
v -0.000741 -0.000621 0.001944
v -0.000721 -0.000644 0.001997
v -0.000713 -0.000653 0.001947
v -0.000684 -0.000684 0.002
v -0.000684 -0.000684 0.00195
v -0.000668 -0.000699 0.002002
v -0.000659 -0.000707 0.001953
v -0.000621 -0.000741 0.002006
v -0.000621 -0.000741 0.001956
v -0.00061 -0.00075 0.002006
v -0.000602 -0.000757 0.001958
v -0.000593 -0.000763 0.002008
v -0.000555 -0.000792 0.002011
v -0.000555 -0.000792 0.001962
v -0.000532 -0.000807 0.002012
v -0.00054 -0.000802 0.001963
v -0.000524 -0.000813 0.001964
v -0.000483 -0.000837 0.002016
v -0.000483 -0.000837 0.001967
v -0.000467 -0.000847 0.002017
v -0.000457 -0.000852 0.001969
v -0.000409 -0.000876 0.002021
v -0.000409 -0.000876 0.001973
v -0.000398 -0.000881 0.002022
v -0.000388 -0.000886 0.001974
v -0.000331 -0.000908 0.002027
v -0.000331 -0.000908 0.001978
v -0.000326 -0.00091 0.002027
v -0.000317 -0.000913 0.001979
v -0.000307 -0.000917 0.002029
v -0.00025 -0.000934 0.002033
v -0.00025 -0.000934 0.001983
v -0.000244 -0.000935 0.001983
v -0.000234 -0.000938 0.002034
v -0.000224 -0.00094 0.001985
v -0.000215 -0.000943 0.002035
v -0.000168 -0.000952 0.002039
v -0.000168 -0.000952 0.001988
v -0.00016 -0.000953 0.002039
v -0.000148 -0.000955 0.001989
v -8.4e-05 -0.000963 0.002045
v -8.4e-05 -0.000963 0.001994
v -7.2e-05 -0.000964 0.001994
v -6e-06 -0.000967 0.00205
v 0.0 -0.000967 0.001999
v -0.0 -0.000967 0.002051
v 4e-06 -0.000967 0.002
v 1.4e-05 -0.000967 0.002052
v 8e-05 -0.000963 0.002005
v 8.4e-05 -0.000963 0.002056
v 8.4e-05 -0.000963 0.002005
v 9e-05 -0.000963 0.002057
v 0.0001 -0.000962 0.002006
v 0.000166 -0.000952 0.002062
v 0.000168 -0.000952 0.002011
v 0.000168 -0.000952 0.002062
v 0.000177 -0.00095 0.002012
v 0.00024 -0.000936 0.002066
v 0.00025 -0.000934 0.002017
v 0.00025 -0.000934 0.002067
v 0.000252 -0.000933 0.002017
v 0.000315 -0.000914 0.002071
v 0.000324 -0.000911 0.002023
v 0.000331 -0.000908 0.002072
v 0.000331 -0.000908 0.002023
v 0.000334 -0.000907 0.002072
v 0.000405 -0.000878 0.002077
v 0.000395 -0.000882 0.002028
v 0.000409 -0.000876 0.002077
v 0.000409 -0.000876 0.002029
v 0.000413 -0.000874 0.002029
v 0.000472 -0.000844 0.002082
v 0.000482 -0.000838 0.002034
v 0.000483 -0.000837 0.002082
v 0.000483 -0.000837 0.002034
v 0.000538 -0.000803 0.002087
v 0.000547 -0.000797 0.002039
v 0.000555 -0.000792 0.002088
v 0.000555 -0.000792 0.002039
v 0.0006 -0.000758 0.002092
v 0.000608 -0.000752 0.002043
v 0.000616 -0.000745 0.002093
v 0.000621 -0.000741 0.002044
v 0.000621 -0.000741 0.002094
v 0.000665 -0.000702 0.002048
v 0.000672 -0.000695 0.002099
v 0.00068 -0.000687 0.002049
v 0.000684 -0.000684 0.0021
v 0.000684 -0.000684 0.002049
v 0.000725 -0.000639 0.002104
v 0.000733 -0.00063 0.002054
v 0.000741 -0.000621 0.002106
v 0.000741 -0.000621 0.002055
v 0.000773 -0.00058 0.00211
v 0.000781 -0.00057 0.002059
v 0.000792 -0.000555 0.002112
v 0.000792 -0.000555 0.00206
v 0.000818 -0.000516 0.002115
v 0.000823 -0.000507 0.002064
v 0.000828 -0.000499 0.002116
v 0.000837 -0.000483 0.002118
v 0.000837 -0.000483 0.002066
v 0.00086 -0.000441 0.00207
v 0.000865 -0.000432 0.002121
v 0.000869 -0.000423 0.002071
v 0.000876 -0.000409 0.002123
v 0.000876 -0.000409 0.002072
v 0.000896 -0.000363 0.002126
v 0.0009 -0.000352 0.002077
v 0.000908 -0.000331 0.002128
v 0.000908 -0.000331 0.002078
v 0.000922 -0.000291 0.002131
v 0.000925 -0.00028 0.002082
v 0.000934 -0.00025 0.002133
v 0.000934 -0.00025 0.002084
v 0.000942 -0.000216 0.002135
v 0.000945 -0.000206 0.002087
v 0.000947 -0.000195 0.002137
v 0.000952 -0.000168 0.002138
v 0.000952 -0.000168 0.00209
v 0.000959 -0.000121 0.002141
v 0.000958 -0.000131 0.002092
v 0.00096 -0.000111 0.002094
v 0.000963 -8.4e-05 0.002144
v 0.000963 -8.4e-05 0.002095
v 0.000966 -4.5e-05 0.002146
v 0.000966 -3.4e-05 0.002098
v 0.000967 0.0 0.002149
v 0.000967 -0.0 0.0021
v 0.000966 3.2e-05 0.002151
v 0.000966 4.3e-05 0.002103
v 0.000963 8.4e-05 0.002155
v 0.000963 8.4e-05 0.002106
v 0.000961 0.000109 0.002157
v 0.000959 0.000119 0.002108
v 0.000958 0.000129 0.002158
v 0.000952 0.000168 0.002161
v 0.000952 0.000168 0.002111
v 0.000947 0.000194 0.002112
v 0.000945 0.000204 0.002163
v 0.000943 0.000214 0.002114
v 0.000934 0.00025 0.002167
v 0.000934 0.00025 0.002116
v 0.000926 0.000278 0.002169
v 0.000923 0.000289 0.002118
v 0.000908 0.000331 0.002173
v 0.000908 0.000331 0.002121
v 0.000901 0.00035 0.002174
v 0.000897 0.000361 0.002124
v 0.000876 0.000409 0.002179
v 0.000876 0.000409 0.002127
v 0.00087 0.000421 0.00218
v 0.000866 0.000431 0.002129
v 0.000861 0.00044 0.002181
v 0.000837 0.000483 0.002133
v 0.000837 0.000483 0.002184
v 0.000829 0.000497 0.002134
v 0.000824 0.000506 0.002186
v 0.000819 0.000514 0.002136
v 0.000792 0.000555 0.002189
v 0.000792 0.000555 0.002139
v 0.000782 0.000569 0.002191
v 0.000775 0.000578 0.002141
v 0.000741 0.000621 0.002195
v 0.000741 0.000621 0.002145
v 0.000734 0.000629 0.002195
v 0.000726 0.000638 0.002147
v 0.000684 0.000684 0.0022
v 0.000684 0.000684 0.002151
v 0.000681 0.000686 0.0022
v 0.000674 0.000693 0.002152
v 0.000666 0.0007 0.002201
v 0.000621 0.000741 0.002205
v 0.000621 0.000741 0.002156
v 0.000617 0.000744 0.002157
v 0.000609 0.000751 0.002206
v 0.000602 0.000757 0.002158
v 0.000555 0.000792 0.00221
v 0.000555 0.000792 0.002162
v 0.000548 0.000796 0.002211
v 0.000539 0.000803 0.002163
v 0.000484 0.000837 0.002216
v 0.000483 0.000837 0.002216
v 0.000397 0.000882 0.002223
v 0.000409 0.000876 0.002222
v 0.000409 0.000876 0.002172
v 0.000415 0.000873 0.002221
v 0.000474 0.000843 0.002168
v 0.000483 0.000837 0.002167
v 0.00025 0.000934 0.002182
v 0.000281 0.000925 0.002231
v 0.000309 0.000916 0.002178
v 0.000326 0.00091 0.002228
v 0.000406 0.000877 0.002172
v 0.000336 0.000907 0.002177
v 0.000331 0.000908 0.002228
v 0.000331 0.000908 0.002177
v 0.000317 0.000913 0.002178
v 0.0 0.000967 0.002251
v 6e-06 0.000967 0.00225
v 1.6e-05 0.000967 0.002199
v 8.2e-05 0.000963 0.002246
v 8.4e-05 0.000963 0.002194
v 8.4e-05 0.000963 0.002245
v 9.2e-05 0.000962 0.002194
v 0.000102 0.000961 0.002244
v 0.000167 0.000952 0.002188
v 0.000168 0.000952 0.00224
v 0.000168 0.000952 0.002188
v 0.000179 0.00095 0.002239
v 0.000242 0.000936 0.002183
v 0.00025 0.000934 0.002234
v 0.000254 0.000933 0.002233
v 0.0 0.000967 0.0022
v -4e-06 0.000967 0.0022
v -7e-05 0.000964 0.002255
v -8.2e-05 0.000963 0.002206
v -8.4e-05 0.000963 0.002256
v -8.4e-05 0.000963 0.002206
v -0.000146 0.000956 0.00226
v -0.000158 0.000954 0.002211
v -0.000168 0.000952 0.002261
v -0.000168 0.000952 0.002212
v -0.000223 0.000941 0.002264
v -0.000232 0.000938 0.002216
v -0.000243 0.000936 0.002266
v -0.00025 0.000934 0.002218
v -0.00025 0.000934 0.002266
v -0.000315 0.000914 0.00227
v -0.000305 0.000917 0.002221
v -0.000324 0.000911 0.002223
v -0.000331 0.000908 0.002271
v -0.000331 0.000908 0.002223
v -0.000336 0.000907 0.002223
v -0.000386 0.000886 0.002275
v -0.000397 0.000882 0.002227
v -0.000409 0.000876 0.002277
v -0.000409 0.000876 0.002228
v -0.000455 0.000853 0.00228
v -0.000451 0.000855 0.002231
v -0.000465 0.000848 0.002232
v -0.000483 0.000837 0.002283
v -0.000483 0.000837 0.002233
v -0.000522 0.000814 0.002286
v -0.00053 0.000808 0.002237
v -0.000539 0.000803 0.002287
v -0.000555 0.000792 0.002288
v -0.000555 0.000792 0.002238
v -0.000592 0.000764 0.002241
v -0.0006 0.000758 0.002293
v -0.000608 0.000751 0.002243
v -0.000621 0.000741 0.002295
v -0.000611 0.00075 0.002243
v -0.000621 0.000741 0.002244
v -0.000658 0.000708 0.002298
v -0.000667 0.0007 0.002248
v -0.000684 0.000684 0.002301
v -0.000684 0.000684 0.002249
v -0.000712 0.000654 0.002303
v -0.00072 0.000645 0.002253
v -0.000741 0.000621 0.002306
v -0.000741 0.000621 0.002255
v -0.000762 0.000595 0.002309
v -0.000769 0.000587 0.002258
v -0.000775 0.000578 0.00231
v -0.000792 0.000555 0.002261
v -0.000792 0.000555 0.002312
v -0.000818 0.000516 0.002315
v -0.000952 0.000168 0.002338
v -0.00094 0.000228 0.002334
v -0.000945 0.000206 0.002287
v -0.000812 0.000524 0.002264
v -0.000823 0.000507 0.002265
v -0.000837 0.000483 0.002317
v -0.000837 0.000483 0.002267
v -0.000856 0.00045 0.00232
v -0.000861 0.00044 0.002271
v -0.000876 0.000409 0.002322
v -0.000876 0.000409 0.002273
v -0.000889 0.000381 0.002324
v -0.000893 0.00037 0.002276
v -0.000908 0.000331 0.002327
v -0.000908 0.000331 0.002279
v -0.000916 0.000308 0.002329
v -0.000919 0.000299 0.002281
v -0.000934 0.00025 0.002333
v -0.000934 0.00025 0.002284
v -0.00094 0.000226 0.002286
v -0.000947 0.000193 0.002288
v -0.000952 0.000168 0.002289
v -0.000955 0.000153 0.002339
v -0.000958 0.00013 0.002292
v -0.000963 8.4e-05 0.002344
v -0.000963 8.4e-05 0.002295
v -0.000964 7.7e-05 0.002344
v -0.000965 5.5e-05 0.002296
v -0.000967 -0.0 0.002349
v -0.000967 -0.0 0.0023
v -0.000965 -5.2e-05 0.002353
v -0.000964 -7.8e-05 0.002304
v -0.000963 -8.4e-05 0.002355
v -0.000963 -8.4e-05 0.002305
v -0.000958 -0.000128 0.002359
v -0.000954 -0.000154 0.002309
v -0.000952 -0.000168 0.002361
v -0.000952 -0.000168 0.00231
v -0.000945 -0.000204 0.002364
v -0.000939 -0.000228 0.002314
v -0.000941 -0.000223 0.002365
v -0.000934 -0.00025 0.002316
v -0.000934 -0.00025 0.002367
v -0.00092 -0.000297 0.002371
v -0.000917 -0.000307 0.00232
v -0.000908 -0.000331 0.002373
v -0.000908 -0.000331 0.002322
v -0.000906 -0.000337 0.002374
v -0.000889 -0.000379 0.002326
v -0.000894 -0.000368 0.002376
v -0.000876 -0.000409 0.002378
v -0.000876 -0.000409 0.002328
v -0.000862 -0.000438 0.00238
v -0.000856 -0.000449 0.002331
v -0.000837 -0.000483 0.002384
v -0.000837 -0.000483 0.002334
v -0.000824 -0.000505 0.002385
v -0.000818 -0.000515 0.002336
v -0.000813 -0.000523 0.002386
v -0.000792 -0.000555 0.002389
v -0.000792 -0.000555 0.00234
v -0.00077 -0.000585 0.002391
v -0.000776 -0.000577 0.002342
v -0.000763 -0.000593 0.002343
v -0.000741 -0.000621 0.002394
v -0.000741 -0.000621 0.002345
v -0.000721 -0.000644 0.002396
v -0.000713 -0.000653 0.002348
v -0.000684 -0.000684 0.002399
v -0.000684 -0.000684 0.002351
v -0.000668 -0.000699 0.002401
v -0.000659 -0.000707 0.002353
v -0.000621 -0.000741 0.002405
v -0.000621 -0.000741 0.002356
v -0.00061 -0.00075 0.002406
v -0.000602 -0.000757 0.002357
v -0.000594 -0.000763 0.002407
v -0.000555 -0.000792 0.00241
v -0.000483 -0.000837 0.002366
v -0.000491 -0.000833 0.002416
v -0.000523 -0.000813 0.002363
v -0.000532 -0.000807 0.002412
v -0.00054 -0.000802 0.002362
v -0.000555 -0.000792 0.002361
v 8.4e-05 -0.000963 0.002455
v 1.4e-05 -0.000967 0.002451
v 4e-06 -0.000967 0.002401
v 0.0 -0.000967 0.00245
v -0.0 -0.000967 0.002401
v -6e-06 -0.000967 0.00245
v -7.2e-05 -0.000964 0.002396
v -8.4e-05 -0.000963 0.002445
v -8.4e-05 -0.000963 0.002395
v -0.000148 -0.000955 0.00239
v -0.00016 -0.000953 0.00244
v -0.000168 -0.000952 0.002389
v -0.000168 -0.000952 0.00244
v -0.000224 -0.00094 0.002385
v -0.000234 -0.000938 0.002435
v -0.000244 -0.000936 0.002383
v -0.00025 -0.000934 0.002434
v -0.00025 -0.000934 0.002383
v -0.000307 -0.000917 0.00243
v -0.000316 -0.000913 0.002378
v -0.000327 -0.00091 0.002429
v -0.000331 -0.000908 0.002377
v -0.000331 -0.000908 0.002428
v -0.000387 -0.000886 0.002373
v -0.000399 -0.000881 0.002423
v -0.000409 -0.000876 0.002371
v -0.000409 -0.000876 0.002422
v -0.000456 -0.000852 0.002368
v -0.000467 -0.000846 0.002418
v -0.000483 -0.000837 0.002416
v 8e-05 -0.000963 0.002406
v 8.4e-05 -0.000963 0.002406
v 9e-05 -0.000963 0.002455
v 0.0001 -0.000962 0.002408
v 0.000166 -0.000952 0.00246
v 0.000168 -0.000952 0.002412
v 0.000168 -0.000952 0.00246
v 0.000177 -0.00095 0.002413
v 0.00024 -0.000936 0.002465
v 0.00025 -0.000934 0.002417
v 0.00025 -0.000934 0.002466
v 0.000252 -0.000933 0.002417
v 0.000315 -0.000914 0.00247
v 0.000324 -0.000911 0.002422
v 0.000331 -0.000908 0.002471
v 0.000331 -0.000908 0.002422
v 0.000334 -0.000907 0.002472
v 0.000395 -0.000882 0.002427
v 0.000404 -0.000878 0.002477
v 0.000409 -0.000876 0.002427
v 0.000409 -0.000876 0.002477
v 0.000423 -0.000869 0.002478
v 0.000414 -0.000874 0.002428
v 0.000472 -0.000844 0.002482
v 0.000482 -0.000838 0.002433
v 0.000483 -0.000837 0.002483
v 0.000483 -0.000837 0.002433
v 0.000537 -0.000804 0.002488
v 0.000547 -0.000797 0.002437
v 0.000555 -0.000792 0.002489
v 0.000555 -0.000792 0.002438
v 0.0006 -0.000758 0.002493
v 0.000608 -0.000751 0.002443
v 0.000616 -0.000745 0.002495
v 0.000621 -0.000741 0.002444
v 0.000621 -0.000741 0.002495
v 0.000665 -0.000701 0.002448
v 0.000672 -0.000695 0.0025
v 0.00068 -0.000687 0.002449
v 0.000684 -0.000684 0.002501
v 0.000684 -0.000684 0.00245
v 0.000725 -0.00064 0.002505
v 0.000733 -0.00063 0.002455
v 0.000741 -0.000621 0.002506
v 0.000741 -0.000621 0.002456
v 0.000773 -0.00058 0.002509
v 0.000781 -0.00057 0.00246
v 0.000792 -0.000555 0.002511
v 0.000792 -0.000555 0.002462
v 0.000817 -0.000516 0.002514
v 0.000823 -0.000507 0.002466
v 0.000828 -0.000499 0.002515
v 0.000837 -0.000483 0.002516
v 0.000837 -0.000483 0.002468
v 0.000865 -0.000432 0.00252
v 0.00086 -0.000441 0.002471
v 0.000869 -0.000423 0.002472
v 0.000876 -0.000409 0.002522
v 0.000876 -0.000409 0.002473
v 0.000896 -0.000363 0.002525
v 0.0009 -0.000352 0.002477
v 0.000908 -0.000331 0.002527
v 0.000908 -0.000331 0.002478
v 0.000922 -0.000291 0.00253
v 0.000925 -0.000279 0.002482
v 0.000934 -0.00025 0.002532
v 0.000934 -0.00025 0.002484
v 0.000942 -0.000216 0.002535
v 0.000945 -0.000206 0.002486
v 0.000947 -0.000196 0.002536
v 0.000952 -0.000168 0.002538
v 0.000963 -8.4e-05 0.002494
v 0.000963 -8.4e-05 0.002544
v 0.00096 -0.000111 0.002492
v 0.000959 -0.000121 0.002542
v 0.000958 -0.000131 0.002491
v 0.000952 -0.000168 0.002489
v 0.000837 0.000483 0.002583
v 0.000861 0.00044 0.00258
v 0.000866 0.000431 0.00253
v 0.00087 0.000421 0.002579
v 0.000876 0.000409 0.002529
v 0.000876 0.000409 0.002578
v 0.000897 0.000361 0.002525
v 0.000901 0.00035 0.002574
v 0.000908 0.000331 0.002523
v 0.000908 0.000331 0.002573
v 0.000923 0.000289 0.00252
v 0.000926 0.000277 0.002569
v 0.000934 0.00025 0.002517
v 0.000934 0.00025 0.002567
v 0.000943 0.000214 0.002514
v 0.000945 0.000204 0.002564
v 0.000947 0.000194 0.002513
v 0.000952 0.000168 0.002562
v 0.000952 0.000168 0.002511
v 0.000958 0.000129 0.002559
v 0.000959 0.000119 0.002507
v 0.000961 0.000109 0.002558
v 0.000963 8.4e-05 0.002505
v 0.000963 8.4e-05 0.002556
v 0.000966 4.4e-05 0.002502
v 0.000966 3.1e-05 0.002552
v 0.000967 0.0 0.002499
v 0.000967 -0.0 0.00255
v 0.000966 -3.3e-05 0.002497
v 0.000966 -4.5e-05 0.002547
v 0.000963 -8e-05 0.002544
v 0.000837 0.000483 0.002534
v 0.000829 0.000497 0.002535
v 0.000824 0.000506 0.002584
v 0.000819 0.000514 0.002537
v 0.000792 0.000555 0.002588
v 0.000792 0.000555 0.00254
v 0.000781 0.000569 0.002589
v 0.000775 0.000578 0.002542
v 0.000741 0.000621 0.002594
v 0.000741 0.000621 0.002545
v 0.000734 0.000629 0.002594
v 0.000726 0.000638 0.002546
v 0.000684 0.000684 0.002599
v 0.000684 0.000684 0.00255
v 0.000681 0.000686 0.002599
v 0.000674 0.000693 0.002551
v 0.000667 0.0007 0.002601
v 0.000621 0.000741 0.002605
v 0.000621 0.000741 0.002555
v 0.000617 0.000744 0.002555
v 0.00061 0.00075 0.002606
v 0.000601 0.000757 0.002557
v 0.000555 0.000792 0.002611
v 0.000555 0.000792 0.00256
v 0.000549 0.000796 0.002612
v 0.000539 0.000803 0.002562
v 0.000484 0.000837 0.002617
v 0.000483 0.000837 0.002566
v 0.000483 0.000837 0.002617
v 0.000473 0.000843 0.002567
v 0.000415 0.000873 0.002623
v 0.000409 0.000876 0.002572
v 0.000409 0.000876 0.002623
v 0.000406 0.000878 0.002572
v 0.000397 0.000882 0.002624
v 0.000335 0.000907 0.002577
v 0.000331 0.000908 0.002629
v 0.000331 0.000908 0.002578
v 0.000326 0.00091 0.002629
v 0.000317 0.000913 0.002579
v 0.000254 0.000933 0.002634
v 0.00025 0.000934 0.002584
v 0.00025 0.000934 0.002634
v 0.000242 0.000936 0.002584
v 0.000179 0.00095 0.002638
v 0.000168 0.000952 0.00259
v 0.000168 0.000952 0.002639
v 0.000167 0.000952 0.00259
v 0.000102 0.000961 0.002643
v 9.2e-05 0.000962 0.002595
v 8.4e-05 0.000963 0.002644
v 8.4e-05 0.000963 0.002595
v 8.2e-05 0.000963 0.002644
v 6e-06 0.000967 0.002649
v 1.6e-05 0.000967 0.0026
v -0.0 0.000967 0.002649
v 0.0 0.000967 0.002601
v -4e-06 0.000967 0.002601
v -7e-05 0.000964 0.002654
v -8.2e-05 0.000963 0.002606
v -8.4e-05 0.000963 0.002655
v -8.4e-05 0.000963 0.002606
v -0.000146 0.000956 0.002659
v -0.000158 0.000954 0.002611
v -0.000168 0.000952 0.00266
v -0.000168 0.000952 0.002611
v -0.000223 0.000941 0.002664
v -0.000232 0.000938 0.002615
v -0.000242 0.000936 0.002665
v -0.00025 0.000934 0.002616
v -0.00025 0.000934 0.002666
v -0.000305 0.000917 0.00262
v -0.000315 0.000914 0.002671
v -0.000325 0.000911 0.002621
v -0.000331 0.000908 0.002672
v -0.000331 0.000908 0.002622
v -0.00037 0.000893 0.002675
v -0.000397 0.000882 0.002626
v -0.000386 0.000887 0.002676
v -0.000409 0.000876 0.002627
v -0.000555 0.000792 0.00269
v -0.000539 0.000803 0.002689
v -0.000531 0.000808 0.002636
v -0.000522 0.000814 0.002687
v -0.000483 0.000837 0.002633
v -0.000483 0.000837 0.002684
v -0.000465 0.000847 0.002631
v -0.000455 0.000853 0.002682
v -0.000409 0.000876 0.002678
v -0.000555 0.000792 0.002638
v -0.000592 0.000764 0.002642
v -0.0006 0.000758 0.002694
v -0.000608 0.000751 0.002643
v -0.000621 0.000741 0.002695
v -0.000621 0.000741 0.002644
v -0.000658 0.000708 0.002698
v -0.000667 0.0007 0.002649
v -0.000684 0.000684 0.0027
v -0.000684 0.000684 0.00265
v -0.000712 0.000654 0.002703
v -0.00072 0.000645 0.002654
v -0.000741 0.000621 0.002705
v -0.000741 0.000621 0.002656
v -0.000762 0.000595 0.002708
v -0.000768 0.000587 0.002659
v -0.000775 0.000578 0.002709
v -0.000792 0.000555 0.002711
v -0.000792 0.000555 0.002662
v -0.000818 0.000516 0.002713
v -0.000812 0.000524 0.002664
v -0.000823 0.000507 0.002666
v -0.000837 0.000483 0.002716
v -0.000837 0.000483 0.002667
v -0.000856 0.00045 0.002718
v -0.000861 0.00044 0.002671
v -0.000876 0.000409 0.002721
v -0.000876 0.000409 0.002673
v -0.000889 0.000381 0.002723
v -0.000893 0.00037 0.002675
v -0.000908 0.000331 0.002727
v -0.000908 0.000331 0.002678
v -0.000916 0.000308 0.002729
v -0.000919 0.000299 0.00268
v -0.000934 0.00025 0.002733
v -0.000934 0.00025 0.002683
v -0.000939 0.000228 0.002734
v -0.00094 0.000226 0.002684
v -0.000945 0.000206 0.002686
v -0.000952 0.000168 0.002739
v -0.000952 0.000168 0.002688
v -0.000954 0.000154 0.00274
v -0.000958 0.00013 0.002691
v -0.000963 8.4e-05 0.002745
v -0.000963 8.4e-05 0.002694
v -0.000964 7.8e-05 0.002745
v -0.000965 5.4e-05 0.002696
v -0.000967 0.0 0.002751
v -0.000967 0.0 0.002699
v -0.000965 -5.3e-05 0.002754
v -0.000964 -7.7e-05 0.002705
v -0.000963 -8.4e-05 0.002756
v -0.000963 -8.4e-05 0.002705
v -0.000958 -0.000128 0.002759
v -0.000954 -0.000154 0.00271
v -0.000952 -0.000168 0.002762
v -0.000952 -0.000168 0.002711
v -0.000945 -0.000204 0.002764
v -0.000939 -0.000228 0.002716
v -0.00094 -0.000224 0.002765
v -0.000934 -0.00025 0.002767
v -0.000934 -0.00025 0.002717
v -0.00092 -0.000297 0.00277
v -0.000917 -0.000306 0.002721
v -0.000908 -0.000331 0.002772
v -0.000908 -0.000331 0.002723
v -0.000894 -0.000368 0.002774
v -0.000889 -0.000379 0.002727
v -0.000876 -0.000409 0.002777
v -0.000882 -0.000396 0.002728
v -0.000876 -0.000409 0.002729
v -0.000862 -0.000438 0.002779
v -0.000857 -0.000448 0.002731
v -0.000837 -0.000483 0.002782
v -0.000837 -0.000483 0.002734
v -0.000824 -0.000506 0.002784
v -0.000819 -0.000514 0.002736
v -0.000813 -0.000523 0.002785
v -0.000792 -0.000555 0.002788
v -0.000792 -0.000555 0.002739
v -0.00077 -0.000585 0.002791
v -0.000776 -0.000577 0.002741
v -0.000763 -0.000593 0.002742
v -0.000741 -0.000621 0.002794
v -0.000741 -0.000621 0.002744
v -0.000721 -0.000644 0.002796
v -0.000713 -0.000653 0.002747
v -0.000684 -0.000684 0.0028
v -0.000684 -0.000684 0.002749
v -0.000668 -0.000699 0.002801
v -0.000659 -0.000707 0.002751
v -0.000621 -0.000741 0.002806
v -0.000621 -0.000741 0.002755
v -0.00061 -0.00075 0.002807
v -0.000602 -0.000757 0.002756
v -0.000594 -0.000763 0.002808
v -0.000555 -0.000792 0.00276
v -0.000555 -0.000792 0.002812
v -0.000532 -0.000807 0.002814
v -0.00054 -0.000802 0.002762
v -0.000523 -0.000813 0.002763
v -0.000508 -0.000823 0.002816
v -0.000483 -0.000837 0.002766
v -0.0 -0.000967 0.0028
v 0.0 -0.000967 0.002849
v -6e-06 -0.000967 0.002849
v -7.2e-05 -0.000964 0.002796
v -8.4e-05 -0.000963 0.002844
v -8.4e-05 -0.000963 0.002795
v -0.000148 -0.000955 0.002791
v -0.00016 -0.000953 0.002839
v -0.000168 -0.000952 0.00279
v -0.000168 -0.000952 0.002838
v -0.000224 -0.00094 0.002786
v -0.000234 -0.000938 0.002834
v -0.000244 -0.000936 0.002785
v -0.00025 -0.000934 0.002833
v -0.00025 -0.000934 0.002784
v -0.000307 -0.000917 0.00283
v -0.000316 -0.000913 0.002779
v -0.000326 -0.00091 0.002828
v -0.000331 -0.000908 0.002778
v -0.000331 -0.000908 0.002828
v -0.000387 -0.000886 0.002774
v -0.000399 -0.000881 0.002824
v -0.000409 -0.000876 0.002772
v -0.000409 -0.000876 0.002823
v -0.000456 -0.000852 0.002768
v -0.000467 -0.000846 0.002819
v -0.000483 -0.000837 0.002818
v 1.4e-05 -0.000967 0.00285
v 4e-06 -0.000967 0.002801
v 8.4e-05 -0.000963 0.002855
v 8e-05 -0.000963 0.002805
v 8.4e-05 -0.000963 0.002806
v 9e-05 -0.000963 0.002855
v 0.0001 -0.000962 0.002807
v 0.000325 -0.000911 0.002821
v 0.000315 -0.000914 0.002872
v 0.000252 -0.000933 0.002816
v 0.00025 -0.000934 0.002867
v 0.00025 -0.000934 0.002816
v 0.00024 -0.000936 0.002866
v 0.000177 -0.00095 0.002811
v 0.000168 -0.000952 0.002861
v 0.000168 -0.000952 0.002811
v 0.000165 -0.000952 0.002861
v 0.000128 -0.000958 0.002858
v 0.000404 -0.000878 0.002878
v 0.000395 -0.000882 0.002826
v 0.000409 -0.000876 0.002879
v 0.000409 -0.000876 0.002827
v 0.000414 -0.000874 0.002828
v 0.000472 -0.000844 0.002883
v 0.000482 -0.000838 0.002833
v 0.000483 -0.000837 0.002884
v 0.000483 -0.000837 0.002833
v 0.000537 -0.000804 0.002888
v 0.000547 -0.000797 0.002839
v 0.000555 -0.000792 0.002889
v 0.000555 -0.000792 0.002839
v 0.0006 -0.000758 0.002893
v 0.000608 -0.000751 0.002844
v 0.000616 -0.000745 0.002894
v 0.000621 -0.000741 0.002845
v 0.000621 -0.000741 0.002895
v 0.000673 -0.000694 0.002899
v 0.000665 -0.000701 0.002849
v 0.00068 -0.000687 0.002851
v 0.000684 -0.000684 0.0029
v 0.000684 -0.000684 0.002851
v 0.000725 -0.000639 0.002903
v 0.000733 -0.000631 0.002856
v 0.000741 -0.000621 0.002905
v 0.000741 -0.000621 0.002856
v 0.000774 -0.00058 0.002908
v 0.00078 -0.000571 0.00286
v 0.000792 -0.000555 0.00291
v 0.000792 -0.000555 0.002862
v 0.000818 -0.000516 0.002913
v 0.000823 -0.000507 0.002865
v 0.000828 -0.000499 0.002915
v 0.000865 -0.000432 0.00292
v 0.000869 -0.000423 0.002871
v 0.000874 -0.000413 0.002921
v 0.000876 -0.000409 0.002872
v 0.000876 -0.000409 0.002922
v 0.000837 -0.000483 0.002916
v 0.000837 -0.000483 0.002867
v 0.00086 -0.000441 0.00287
v 0.000896 -0.000363 0.002925
v 0.000901 -0.000352 0.002876
v 0.000908 -0.000331 0.002928
v 0.000908 -0.000331 0.002877
v 0.000922 -0.000291 0.002931
v 0.000926 -0.000279 0.00288
v 0.000934 -0.00025 0.002934
v 0.000934 -0.00025 0.002882
v 0.000942 -0.000216 0.002936
v 0.000945 -0.000206 0.002885
v 0.000947 -0.000196 0.002938
v 0.000952 -0.000168 0.002888
v 0.000952 -0.000168 0.00294
v 0.000958 -0.000131 0.002891
v 0.000959 -0.000121 0.002943
v 0.00096 -0.000111 0.002892
v 0.000963 -8.4e-05 0.002945
v 0.000963 -8.4e-05 0.002894
v 0.000964 -6.8e-05 0.002946
v 0.000966 -3.3e-05 0.002898
v 0.000966 -4.5e-05 0.002948
v 0.000967 -0.0 0.002951
v 0.000967 -0.0 0.0029
v 0.000966 3.1e-05 0.002953
v 0.000966 4.3e-05 0.002903
v 0.000963 8.4e-05 0.002956
v 0.000963 8.4e-05 0.002906
v 0.000961 0.000109 0.002957
v 0.000959 0.000119 0.002909
v 0.000958 0.000129 0.002959
v 0.000952 0.000168 0.002961
v 0.000952 0.000168 0.002912
v 0.000945 0.000204 0.002963
v 0.000947 0.000194 0.002914
v 0.000943 0.000214 0.002915
v 0.000934 0.00025 0.002966
v 0.000934 0.00025 0.002918
v 0.000926 0.000278 0.002968
v 0.000923 0.000289 0.00292
v 0.000908 0.000331 0.002971
v 0.000908 0.000331 0.002923
v 0.000901 0.00035 0.002973
v 0.000897 0.000361 0.002925
v 0.000876 0.000409 0.002977
v 0.000876 0.000409 0.002928
v 0.00087 0.000421 0.002978
v 0.000866 0.00043 0.00293
v 0.000861 0.000439 0.002979
v 0.000837 0.000483 0.002983
v 0.000792 0.000555 0.002938
v 0.000804 0.000537 0.002987
v 0.000816 0.000519 0.002936
v 0.000824 0.000506 0.002984
v 0.000837 0.000483 0.002933
v 0.000829 0.000497 0.002934
v 0.000818 0.000515 0.002935
v 0.000331 0.000908 0.003027
v 0.000396 0.000882 0.003023
v 0.000406 0.000877 0.002973
v 0.000409 0.000876 0.003022
v 0.000409 0.000876 0.002973
v 0.000415 0.000873 0.003022
v 0.000473 0.000843 0.002968
v 0.000483 0.000837 0.003017
v 0.000483 0.000837 0.002967
v 0.000484 0.000837 0.003017
v 0.000539 0.000803 0.002962
v 0.000549 0.000796 0.003012
v 0.000555 0.000792 0.002961
v 0.000555 0.000792 0.003012
v 0.000601 0.000757 0.002957
v 0.00061 0.00075 0.003007
v 0.000617 0.000744 0.002955
v 0.000621 0.000741 0.003006
v 0.000621 0.000741 0.002955
v 0.000667 0.0007 0.003002
v 0.000674 0.000693 0.00295
v 0.000681 0.000686 0.003001
v 0.000684 0.000684 0.002949
v 0.000684 0.000684 0.003001
v 0.000726 0.000638 0.002945
v 0.000734 0.000629 0.002995
v 0.000741 0.000621 0.002944
v 0.000741 0.000621 0.002995
v 0.000774 0.000579 0.00294
v 0.000782 0.000569 0.00299
v 0.000792 0.000555 0.002989
v 0.000336 0.000907 0.002978
v 0.000331 0.000908 0.002979
v 0.000326 0.00091 0.003028
v 0.000317 0.000913 0.00298
v 0.000253 0.000933 0.003032
v 0.00025 0.000934 0.002984
v 0.00025 0.000934 0.003033
v 0.000242 0.000936 0.002985
v 0.000179 0.00095 0.003037
v 0.000168 0.000952 0.002989
v 0.000168 0.000952 0.003038
v 0.000167 0.000952 0.002989
v 0.000102 0.000961 0.003042
v 9.2e-05 0.000962 0.002994
v 8.4e-05 0.000963 0.003044
v 8.4e-05 0.000963 0.002995
v 8.2e-05 0.000963 0.003044
v 1.6e-05 0.000967 0.002999
v 6e-06 0.000967 0.003049
v -0.0 0.000967 0.003
v -0.0 0.000967 0.003049
v -4e-06 0.000967 0.003
v -1.6e-05 0.000967 0.003051
v -2.1e-05 0.000967 0.003001
v -7e-05 0.000964 0.003054
v -8.2e-05 0.000963 0.003005
v -8.4e-05 0.000963 0.003055
v -8.4e-05 0.000963 0.003005
v -0.000146 0.000956 0.00306
v -0.000158 0.000954 0.00301
v -0.000168 0.000952 0.003062
v -0.000168 0.000952 0.00301
v -0.000222 0.000941 0.003065
v -0.000233 0.000938 0.003015
v -0.000242 0.000936 0.003067
v -0.00025 0.000934 0.003016
v -0.00025 0.000934 0.003067
v -0.000306 0.000917 0.00302
v -0.000315 0.000914 0.003072
v -0.000325 0.000911 0.003021
v -0.000331 0.000908 0.003073
v -0.000331 0.000908 0.003022
v -0.000386 0.000886 0.003077
v -0.000397 0.000882 0.003027
v -0.000409 0.000876 0.003078
v -0.000409 0.000876 0.003028
v -0.000455 0.000853 0.003082
v -0.000465 0.000847 0.003033
v -0.000483 0.000837 0.003084
v -0.000483 0.000837 0.003034
v -0.000522 0.000814 0.003086
v -0.000531 0.000808 0.003038
v -0.000539 0.000803 0.003088
v -0.000555 0.000792 0.003089
v -0.000555 0.000792 0.00304
v -0.0006 0.000758 0.003092
v -0.000592 0.000764 0.003043
v -0.000608 0.000752 0.003044
v -0.000621 0.000741 0.003094
v -0.000614 0.000747 0.003045
v -0.000621 0.000741 0.003045
v -0.000658 0.000708 0.003097
v -0.000667 0.0007 0.003049
v -0.000684 0.000684 0.003099
v -0.000684 0.000684 0.003051
v -0.000712 0.000654 0.003102
v -0.00072 0.000645 0.003054
v -0.000741 0.000621 0.003105
v -0.000741 0.000621 0.003056
v -0.000762 0.000595 0.003107
v -0.000768 0.000587 0.003059
v -0.000774 0.000579 0.003108
v -0.000792 0.000555 0.00311
v -0.000792 0.000555 0.003061
v -0.000812 0.000525 0.003063
v -0.000817 0.000516 0.003114
v -0.000823 0.000507 0.003064
v -0.000837 0.000483 0.003116
v -0.000837 0.000483 0.003066
v -0.000856 0.00045 0.003119
v -0.000861 0.000439 0.003069
v -0.000876 0.000409 0.003122
v -0.000876 0.000409 0.003071
v -0.000889 0.000381 0.003125
v -0.000893 0.00037 0.003074
v -0.000908 0.000331 0.003128
v -0.000908 0.000331 0.003077
v -0.000916 0.000308 0.00313
v -0.00092 0.000298 0.003079
v -0.000934 0.00025 0.003134
v -0.000934 0.00025 0.003083
v -0.00094 0.000225 0.003085
v -0.000939 0.000228 0.003136
v -0.000945 0.000206 0.003086
v -0.000952 0.000168 0.00314
v -0.000952 0.000168 0.003089
v -0.000954 0.000154 0.003141
v -0.000958 0.00013 0.003092
v -0.000963 8.4e-05 0.003145
v -0.000963 8.4e-05 0.003095
v -0.000964 7.8e-05 0.003145
v -0.000965 5.4e-05 0.003097
v -0.000967 0.0 0.00315
v -0.000741 -0.000621 0.003144
v -0.000742 -0.00062 0.003195
v -0.000763 -0.000593 0.003141
v -0.00077 -0.000585 0.003192
v -0.000776 -0.000577 0.00314
v -0.000792 -0.000555 0.003189
v -0.000792 -0.000555 0.003138
v -0.000813 -0.000523 0.003187
v -0.000819 -0.000514 0.003135
v -0.000824 -0.000506 0.003185
v -0.000837 -0.000483 0.003133
v -0.000837 -0.000483 0.003183
v -0.000857 -0.000448 0.00313
v -0.000862 -0.000438 0.00318
v -0.000876 -0.000409 0.003127
v -0.000876 -0.000409 0.003177
v -0.000889 -0.000379 0.003125
v -0.000894 -0.000368 0.003174
v -0.000908 -0.000331 0.003122
v -0.000908 -0.000331 0.003171
v -0.000917 -0.000306 0.003121
v -0.00092 -0.000297 0.003169
v -0.000934 -0.00025 0.003117
v -0.000934 -0.00025 0.003166
v -0.000937 -0.000237 0.003116
v -0.00094 -0.000224 0.003164
v -0.00094 -0.000228 0.003116
v -0.000945 -0.000204 0.003163
v -0.000952 -0.000168 0.003112
v -0.000952 -0.000168 0.00316
v -0.000955 -0.000153 0.003111
v -0.000958 -0.000129 0.003158
v -0.000963 -8.4e-05 0.003106
v -0.000963 -8.4e-05 0.003155
v -0.000964 -7.7e-05 0.003106
v -0.000965 -5.3e-05 0.003153
v -0.000967 0.0 0.003101
v -0.00025 -0.000934 0.003232
v -0.000307 -0.000917 0.003229
v -0.000317 -0.000913 0.003179
v -0.000326 -0.00091 0.003227
v -0.000331 -0.000908 0.003178
v -0.000331 -0.000908 0.003227
v -0.000388 -0.000886 0.003175
v -0.000398 -0.000881 0.003222
v -0.000409 -0.000876 0.003173
v -0.000409 -0.000876 0.003222
v -0.000457 -0.000852 0.00317
v -0.000467 -0.000847 0.003218
v -0.000483 -0.000837 0.003168
v -0.000483 -0.000837 0.003216
v -0.000524 -0.000813 0.003164
v -0.000532 -0.000807 0.003213
v -0.00054 -0.000802 0.003163
v -0.000555 -0.000792 0.003211
v -0.000555 -0.000792 0.003162
v -0.000593 -0.000763 0.003208
v -0.000602 -0.000757 0.003158
v -0.00061 -0.00075 0.003207
v -0.000621 -0.000741 0.003156
v -0.000621 -0.000741 0.003206
v -0.000659 -0.000707 0.003152
v -0.000668 -0.000699 0.003202
v -0.000684 -0.000684 0.00315
v -0.000684 -0.000684 0.003201
v -0.000713 -0.000653 0.003147
v -0.000721 -0.000644 0.003197
v -0.000741 -0.000621 0.003195
v -0.000168 -0.000952 0.003189
v -0.000185 -0.000949 0.003237
v -0.000224 -0.00094 0.003185
v -0.000234 -0.000938 0.003234
v -0.000244 -0.000935 0.003184
v -0.00025 -0.000934 0.003184
v 1.4e-05 -0.000967 0.003251
v -0.0 -0.000967 0.00325
v 0.0 -0.000967 0.003199
v -6e-06 -0.000967 0.00325
v -7.2e-05 -0.000964 0.003195
v -8.3e-05 -0.000963 0.003244
v -8.4e-05 -0.000963 0.003194
v -8.4e-05 -0.000963 0.003244
v -0.000148 -0.000955 0.00319
v -0.00016 -0.000954 0.003239
v -0.000168 -0.000952 0.003238
v 4e-06 -0.000967 0.003199
v 8e-05 -0.000963 0.003204
v 8.4e-05 -0.000963 0.003256
v 8.4e-05 -0.000963 0.003205
v 9e-05 -0.000963 0.003257
v 0.0001 -0.000962 0.003206
v 0.000119 -0.000959 0.003259
v 0.000168 -0.000952 0.003211
v 0.000409 -0.000876 0.003278
v 0.000405 -0.000878 0.003277
v 0.000395 -0.000882 0.003228
v 0.000334 -0.000907 0.003273
v 0.000331 -0.000908 0.003223
v 0.000331 -0.000908 0.003273
v 0.000324 -0.000911 0.003222
v 0.000315 -0.000914 0.003272
v 0.000252 -0.000933 0.003217
v 0.00025 -0.000934 0.003267
v 0.00025 -0.000934 0.003217
v 0.000241 -0.000936 0.003267
v 0.000177 -0.00095 0.003211
v 0.000168 -0.000952 0.003262
v 0.000166 -0.000952 0.003262
v 0.000409 -0.000876 0.003229
v 0.000413 -0.000874 0.003229
v 0.000472 -0.000844 0.003282
v 0.000482 -0.000838 0.003234
v 0.000483 -0.000837 0.003283
v 0.000483 -0.000837 0.003234
v 0.000538 -0.000803 0.003287
v 0.000547 -0.000797 0.003239
v 0.000555 -0.000792 0.003288
v 0.000555 -0.000792 0.00324
v 0.0006 -0.000758 0.003292
v 0.000608 -0.000752 0.003244
v 0.000616 -0.000745 0.003293
v 0.000621 -0.000741 0.003245
v 0.000621 -0.000741 0.003294
v 0.000684 -0.000684 0.00325
v 0.000684 -0.000684 0.003299
v 0.00068 -0.000687 0.00325
v 0.000673 -0.000694 0.003298
v 0.000665 -0.000702 0.003248
v 0.000959 -0.000121 0.003342
v 0.000952 -0.000168 0.003339
v 0.000952 -0.000168 0.00329
v 0.000947 -0.000195 0.003337
v 0.000945 -0.000206 0.003287
v 0.000942 -0.000216 0.003336
v 0.000934 -0.00025 0.003284
v 0.000934 -0.00025 0.003334
v 0.000925 -0.000279 0.003281
v 0.000922 -0.000291 0.003331
v 0.000908 -0.000331 0.003278
v 0.000908 -0.000331 0.003329
v 0.0009 -0.000352 0.003276
v 0.000896 -0.000363 0.003326
v 0.000876 -0.000409 0.003272
v 0.000876 -0.000409 0.003323
v 0.000869 -0.000423 0.00327
v 0.000865 -0.000432 0.003321
v 0.00086 -0.000441 0.003269
v 0.000837 -0.000483 0.003317
v 0.000837 -0.000483 0.003266
v 0.000828 -0.000499 0.003316
v 0.000823 -0.000507 0.003264
v 0.000818 -0.000516 0.003314
v 0.000792 -0.000555 0.00326
v 0.000792 -0.000555 0.003311
v 0.00078 -0.000571 0.003259
v 0.000774 -0.00058 0.003309
v 0.000741 -0.000621 0.003255
v 0.000741 -0.000621 0.003305
v 0.000733 -0.000631 0.003254
v 0.000725 -0.000639 0.003303
v 0.000696 -0.00067 0.0033
v 0.000958 -0.000131 0.003292
v 0.00096 -0.000111 0.003294
v 0.000963 -8.4e-05 0.003344
v 0.000963 -8.4e-05 0.003295
v 0.000966 -4.5e-05 0.003347
v 0.000966 -3.4e-05 0.003299
v 0.000967 0.0 0.003349
v 0.000967 -1.2e-05 0.0033
v 0.000967 -0.0 0.003301
v 0.000966 3.2e-05 0.003351
v 0.000966 4.3e-05 0.003304
v 0.000963 8.4e-05 0.003355
v 0.000963 8.4e-05 0.003306
v 0.000961 0.000109 0.003356
v 0.000959 0.000119 0.003308
v 0.000958 0.000129 0.003358
v 0.000952 0.000168 0.00336
v 0.000952 0.000168 0.003311
v 0.000945 0.000204 0.003363
v 0.000947 0.000194 0.003313
v 0.000943 0.000214 0.003314
v 0.000934 0.00025 0.003366
v 0.000934 0.00025 0.003316
v 0.000926 0.000278 0.003368
v 0.000923 0.000289 0.003319
v 0.000908 0.000331 0.003372
v 0.000908 0.000331 0.003322
v 0.000901 0.00035 0.003374
v 0.000897 0.000361 0.003324
v 0.000876 0.000409 0.003378
v 0.000876 0.000409 0.003327
v 0.00087 0.000422 0.003379
v 0.000866 0.00043 0.003328
v 0.000861 0.00044 0.003381
v 0.000837 0.000483 0.003333
v 0.000837 0.000483 0.003384
v 0.000829 0.000497 0.003334
v 0.000824 0.000506 0.003386
v 0.000819 0.000514 0.003335
v 0.000792 0.000555 0.00339
v 0.000792 0.000555 0.003338
v 0.000782 0.000569 0.003391
v 0.000775 0.000579 0.003341
v 0.000741 0.000621 0.003395
v 0.000741 0.000621 0.003345
v 0.000734 0.000629 0.003396
v 0.000726 0.000638 0.003346
v 0.000684 0.000684 0.0034
v 0.000684 0.000684 0.003351
v 0.000681 0.000686 0.003401
v 0.000674 0.000693 0.003351
v 0.000666 0.0007 0.003402
v 0.000621 0.000741 0.003356
v 0.000621 0.000741 0.003405
v 0.000617 0.000744 0.003357
v 0.000609 0.000751 0.003406
v 0.000602 0.000757 0.003358
v 0.000555 0.000792 0.003411
v 0.000555 0.000792 0.003362
v 0.000548 0.000796 0.003411
v 0.000539 0.000802 0.003363
v 0.000484 0.000837 0.003416
v 0.000483 0.000837 0.003416
v 0.000483 0.000837 0.003367
v 0.000474 0.000843 0.003368
v 0.000415 0.000873 0.003421
v 0.000409 0.000876 0.003373
v 0.000409 0.000876 0.003421
v 0.000397 0.000882 0.003422
v 0.000406 0.000877 0.003373
v 0.000331 0.000908 0.003427
v 0.000336 0.000906 0.003377
v 0.000331 0.000908 0.003378
v 0.000326 0.00091 0.003427
v 0.000317 0.000913 0.003379
v 0.000254 0.000933 0.003433
v 0.00025 0.000934 0.003383
v 0.00025 0.000934 0.003433
v 0.000242 0.000936 0.003383
v 0.000179 0.00095 0.003438
v 0.000168 0.000952 0.003388
v 0.000168 0.000952 0.003439
v 0.000167 0.000952 0.003388
v 0.000102 0.000961 0.003444
v 9.2e-05 0.000962 0.003393
v 8.4e-05 0.000963 0.003445
v 8.4e-05 0.000963 0.003394
v 8.2e-05 0.000963 0.003445
v 6e-06 0.000967 0.00345
v 1.6e-05 0.000967 0.003398
v 0.0 0.000967 0.003451
v -0.0 0.000967 0.003399
v -4e-06 0.000967 0.0034
v -4.5e-05 0.000966 0.003454
v -8.2e-05 0.000963 0.003405
v -0.000315 0.000914 0.003471
v -0.00025 0.000934 0.003467
v -0.00025 0.000934 0.003417
v -0.000243 0.000936 0.003466
v -0.000232 0.000938 0.003416
v -0.000223 0.000941 0.003465
v -0.000168 0.000952 0.003411
v -0.000168 0.000952 0.003462
v -0.000158 0.000954 0.003411
v -0.000146 0.000956 0.00346
v -8.4e-05 0.000963 0.003405
v -8.4e-05 0.000963 0.003456
v -7e-05 0.000964 0.003456
v -0.000305 0.000917 0.003421
v -0.000324 0.000911 0.003423
v -0.000331 0.000908 0.003472
v -0.000331 0.000908 0.003423
v -0.000386 0.000886 0.003476
v -0.000396 0.000882 0.003428
v -0.000409 0.000876 0.003477
v -0.000409 0.000876 0.003429
v -0.000455 0.000853 0.00348
v -0.000465 0.000848 0.003433
v -0.000483 0.000837 0.003482
v -0.000483 0.000837 0.003434
v -0.000522 0.000814 0.003485
v -0.00053 0.000808 0.003437
v -0.000539 0.000803 0.003487
v -0.000555 0.000792 0.003488
v -0.000555 0.000792 0.003439
v -0.0006 0.000758 0.003492
v -0.000592 0.000764 0.003442
v -0.000608 0.000751 0.003443
v -0.000621 0.000741 0.003494
v -0.000621 0.000741 0.003444
v -0.000658 0.000708 0.003497
v -0.000667 0.0007 0.003448
v -0.000684 0.000684 0.0035
v -0.000684 0.000684 0.003449
v -0.000712 0.000654 0.003503
v -0.00072 0.000645 0.003453
v -0.000741 0.000621 0.003506
v -0.000741 0.000621 0.003455
v -0.000762 0.000595 0.003508
v -0.000768 0.000587 0.003458
v -0.000775 0.000578 0.00351
v -0.000792 0.000555 0.00346
v -0.000792 0.000555 0.003512
v -0.000812 0.000524 0.003463
v -0.000818 0.000516 0.003515
v -0.000823 0.000507 0.003464
v -0.000836 0.000486 0.003517
v -0.000837 0.000483 0.003466
v -0.000837 0.000483 0.003518
v -0.000856 0.00045 0.00352
v -0.000861 0.00044 0.00347
v -0.000876 0.000409 0.003523
v -0.000876 0.000409 0.003472
v -0.000889 0.000381 0.003525
v -0.000893 0.00037 0.003475
v -0.000908 0.000331 0.003528
v -0.000908 0.000331 0.003478
v -0.000916 0.000308 0.00353
v -0.000919 0.000299 0.003481
v -0.000934 0.00025 0.003533
v -0.000934 0.00025 0.003484
v -0.00094 0.000228 0.003535
v -0.00094 0.000225 0.003486
v -0.000945 0.000206 0.003487
v -0.000952 0.000168 0.003538
v -0.000952 0.000168 0.00349
v -0.000955 0.000153 0.003539
v -0.000958 0.000131 0.003492
v -0.000963 8.4e-05 0.003544
v -0.000963 8.4e-05 0.003495
v -0.000964 7.7e-05 0.003544
v -0.000965 5.5e-05 0.003497
v -0.000967 -0.0 0.003549
v -0.000967 -0.0 0.0035
v -0.000965 -5.3e-05 0.003553
v -0.000964 -7.8e-05 0.003505
v -0.000963 -8.4e-05 0.003555
v -0.000963 -8.4e-05 0.003505
v -0.000958 -0.000129 0.003558
v -0.000954 -0.000154 0.00351
v -0.000952 -0.000168 0.003561
v -0.000952 -0.000168 0.003511
v -0.000945 -0.000204 0.003563
v -0.000939 -0.000228 0.003514
v -0.000941 -0.000224 0.003565
v -0.000937 -0.000236 0.003515
v -0.000934 -0.00025 0.003567
v -0.000934 -0.00025 0.003516
v -0.00092 -0.000297 0.00357
v -0.000917 -0.000307 0.00352
v -0.000908 -0.000331 0.003573
v -0.000908 -0.000331 0.003521
v -0.000769 -0.000585 0.003592
v -0.000792 -0.000555 0.003589
v -0.000792 -0.000555 0.003539
v -0.000813 -0.000523 0.003587
v -0.000818 -0.000515 0.003536
v -0.000824 -0.000506 0.003586
v -0.000837 -0.000483 0.003533
v -0.000837 -0.000483 0.003584
v -0.000856 -0.000449 0.00353
v -0.000862 -0.000438 0.003581
v -0.000876 -0.000409 0.003527
v -0.000876 -0.000409 0.003579
v -0.000889 -0.000379 0.003525
v -0.000894 -0.000368 0.003576
v -0.000908 -0.000332 0.003573
v -0.000775 -0.000577 0.003541
v -0.000763 -0.000593 0.003543
v -0.000741 -0.000621 0.003594
v -0.000741 -0.000621 0.003545
v -0.000721 -0.000644 0.003596
v -0.000713 -0.000653 0.003548
v -0.000684 -0.000684 0.0036
v -0.000684 -0.000684 0.003551
v -0.000668 -0.000699 0.003601
v -0.000659 -0.000707 0.003553
v -0.000621 -0.000741 0.003605
v -0.000621 -0.000741 0.003556
v -0.000609 -0.00075 0.003606
v -0.000602 -0.000757 0.003558
v -0.000594 -0.000763 0.003607
v -0.000555 -0.000792 0.00361
v -0.000555 -0.000792 0.003562
v -0.000532 -0.000807 0.003612
v -0.000541 -0.000802 0.003563
v -0.000523 -0.000813 0.003564
v -0.000483 -0.000837 0.003616
v -0.000483 -0.000837 0.003567
v -0.000467 -0.000847 0.003617
v -0.000456 -0.000852 0.003569
v -0.000409 -0.000876 0.003622
v -0.000409 -0.000876 0.003572
v -0.000398 -0.000881 0.003622
v -0.000387 -0.000886 0.003573
v -0.000331 -0.000908 0.003628
v -0.000331 -0.000908 0.003577
v -0.000326 -0.00091 0.003628
v -0.000317 -0.000913 0.003578
v -0.000307 -0.000917 0.003629
v -0.00025 -0.000934 0.003582
v -0.00025 -0.000934 0.003634
v -0.000244 -0.000935 0.003583
v -0.000234 -0.000938 0.003635
v -0.000224 -0.00094 0.003584
v -0.000168 -0.000952 0.00364
v -0.000168 -0.000952 0.003588
v -0.00016 -0.000953 0.00364
v -0.000148 -0.000955 0.00359
v -8.4e-05 -0.000963 0.003645
v -8.4e-05 -0.000963 0.003594
v -7.2e-05 -0.000964 0.003595
v -6e-06 -0.000967 0.00365
v -0.0 -0.000967 0.0036
v -0.0 -0.000967 0.003651
v 4e-06 -0.000967 0.003601
v 1.4e-05 -0.000967 0.003652
v 8e-05 -0.000963 0.003606
v 8.4e-05 -0.000963 0.003656
v 8.4e-05 -0.000963 0.003606
v 9e-05 -0.000963 0.003656
v 0.0001 -0.000962 0.003607
v 0.000166 -0.000952 0.003661
v 0.000168 -0.000952 0.003612
v 0.000168 -0.000952 0.003661
v 0.000177 -0.00095 0.003613
v 0.000241 -0.000936 0.003665
v 0.00025 -0.000934 0.003618
v 0.00025 -0.000934 0.003666
v 0.000252 -0.000933 0.003618
v 0.000315 -0.000914 0.00367
v 0.000324 -0.000911 0.003623
v 0.000331 -0.000908 0.003671
v 0.000331 -0.000908 0.003623
v 0.000334 -0.000907 0.003672
v 0.000404 -0.000878 0.003677
v 0.000395 -0.000882 0.003627
v 0.000409 -0.000876 0.003628
v 0.000409 -0.000876 0.003677
v 0.000414 -0.000874 0.003628
v 0.000472 -0.000844 0.003682
v 0.000482 -0.000838 0.003633
v 0.000483 -0.000837 0.003683
v 0.000483 -0.000837 0.003633
v 0.000537 -0.000804 0.003687
v 0.000547 -0.000797 0.003638
v 0.000555 -0.000792 0.003689
v 0.000555 -0.000792 0.003638
v 0.0006 -0.000758 0.003693
v 0.000608 -0.000751 0.003642
v 0.000616 -0.000745 0.003694
v 0.000621 -0.000741 0.003644
v 0.000621 -0.000741 0.003695
v 0.000665 -0.000701 0.003647
v 0.000672 -0.000695 0.0037
v 0.00068 -0.000687 0.003649
v 0.000684 -0.000684 0.003701
v 0.000684 -0.000684 0.003649
v 0.000725 -0.00064 0.003705
v 0.000733 -0.00063 0.003654
v 0.000741 -0.000621 0.003706
v 0.000741 -0.000621 0.003655
v 0.000773 -0.00058 0.00371
v 0.000781 -0.00057 0.00366
v 0.000792 -0.000555 0.003712
v 0.000792 -0.000555 0.003661
v 0.000817 -0.000516 0.003715
v 0.000823 -0.000507 0.003665
v 0.000828 -0.000499 0.003716
v 0.000837 -0.000483 0.003667
v 0.000837 -0.000483 0.003717
v 0.000865 -0.000432 0.003721
v 0.00086 -0.000441 0.003671
v 0.000869 -0.000423 0.003672
v 0.000876 -0.000409 0.003722
v 0.000876 -0.000409 0.003673
v 0.000896 -0.000363 0.003725
v 0.0009 -0.000352 0.003677
v 0.000908 -0.000331 0.003727
v 0.000908 -0.000331 0.003679
v 0.000922 -0.000291 0.00373
v 0.000925 -0.000279 0.003682
v 0.000934 -0.00025 0.003733
v 0.000934 -0.00025 0.003684
v 0.000942 -0.000216 0.003735
v 0.000945 -0.000206 0.003687
v 0.000947 -0.000196 0.003736
v 0.000952 -0.000168 0.003738
v 0.000952 -0.000168 0.003689
v 0.000959 -0.000121 0.003741
v 0.000958 -0.000131 0.003692
v 0.00096 -0.000111 0.003693
v 0.000963 -8.4e-05 0.003744
v 0.000963 -8.4e-05 0.003695
v 0.000966 -4.5e-05 0.003746
v 0.000966 -3.3e-05 0.003698
v 0.000967 0.0 0.003749
v 0.000967 0.0 0.0037
v 0.000966 3.2e-05 0.003752
v 0.000966 4.4e-05 0.003702
v 0.000963 8.4e-05 0.003756
v 0.000963 8.4e-05 0.003705
v 0.000961 0.000109 0.003757
v 0.000959 0.000119 0.003707
v 0.000958 0.000129 0.003759
v 0.000952 0.000168 0.00371
v 0.000952 0.000168 0.003762
v 0.000945 0.000204 0.003764
v 0.000934 0.00025 0.003716
v 0.000934 0.00025 0.003767
v 0.000943 0.000214 0.003713
v 0.000947 0.000194 0.003712
v 0.000621 0.000741 0.003805
v 0.000667 0.0007 0.003801
v 0.000674 0.000693 0.003752
v 0.000681 0.000686 0.003799
v 0.000684 0.000684 0.003751
v 0.000684 0.000684 0.003799
v 0.000726 0.000638 0.003747
v 0.000734 0.000629 0.003794
v 0.000741 0.000621 0.003745
v 0.000741 0.000621 0.003794
v 0.000775 0.000578 0.003742
v 0.000781 0.000569 0.00379
v 0.000792 0.000555 0.00374
v 0.000792 0.000555 0.003789
v 0.000819 0.000514 0.003737
v 0.000824 0.000506 0.003785
v 0.000829 0.000497 0.003735
v 0.000837 0.000483 0.003784
v 0.000837 0.000483 0.003734
v 0.000861 0.00044 0.003781
v 0.000865 0.000431 0.00373
v 0.00087 0.000421 0.003779
v 0.000876 0.000409 0.003728
v 0.000876 0.000409 0.003778
v 0.000897 0.000361 0.003724
v 0.000901 0.00035 0.003774
v 0.000908 0.000331 0.003722
v 0.000908 0.000331 0.003773
v 0.000922 0.000289 0.003719
v 0.000926 0.000278 0.003769
v 0.000934 0.000251 0.003768
v 0.000397 0.000882 0.003823
v 0.000409 0.000876 0.003822
v 0.000409 0.000876 0.003771
v 0.000415 0.000873 0.003822
v 0.000473 0.000843 0.003767
v 0.000483 0.000837 0.003816
v 0.000483 0.000837 0.003766
v 0.000484 0.000837 0.003816
v 0.000539 0.000803 0.003762
v 0.000549 0.000796 0.003811
v 0.000555 0.000792 0.003761
v 0.000555 0.000792 0.00381
v 0.000601 0.000757 0.003757
v 0.000609 0.00075 0.003806
v 0.000617 0.000744 0.003756
v 0.000621 0.000741 0.003756
v 0.000406 0.000878 0.003772
v 0.000336 0.000907 0.003777
v 0.000331 0.000908 0.003828
v 0.000331 0.000908 0.003777
v 0.000326 0.00091 0.003829
v 0.000316 0.000914 0.003778
v 0.000296 0.00092 0.003831
v 0.00025 0.000934 0.003783
v -0.0 0.000967 0.00385
v 6e-06 0.000967 0.00385
v 1.6e-05 0.000967 0.0038
v 8.2e-05 0.000963 0.003845
v 8.4e-05 0.000963 0.003795
v 8.4e-05 0.000963 0.003845
v 9.2e-05 0.000962 0.003794
v 0.000102 0.000961 0.003844
v 0.000167 0.000952 0.003789
v 0.000168 0.000952 0.00384
v 0.000168 0.000952 0.003789
v 0.000179 0.00095 0.003839
v 0.000242 0.000936 0.003783
v 0.00025 0.000934 0.003834
v 0.000254 0.000933 0.003834
v 0.0 0.000967 0.003801
v -4e-06 0.000967 0.003801
v -7e-05 0.000964 0.003854
v -8.2e-05 0.000963 0.003806
v -8.4e-05 0.000963 0.003855
v -8.4e-05 0.000963 0.003806
v -0.000146 0.000956 0.003859
v -0.000158 0.000954 0.003811
v -0.000168 0.000952 0.00386
v -0.000168 0.000952 0.003812
v -0.000223 0.000941 0.003864
v -0.000232 0.000938 0.003816
v -0.000242 0.000936 0.003865
v -0.00025 0.000934 0.003817
v -0.00025 0.000934 0.003866
v -0.000315 0.000914 0.00387
v -0.000305 0.000917 0.003821
v -0.000325 0.000911 0.003822
v -0.000331 0.000908 0.003871
v -0.000331 0.000908 0.003822
v -0.000386 0.000886 0.003876
v -0.000397 0.000881 0.003827
v -0.000409 0.000876 0.003877
v -0.000409 0.000876 0.003827
v -0.000455 0.000853 0.003881
v -0.000466 0.000847 0.003831
v -0.000483 0.000837 0.003883
v -0.000483 0.000837 0.003833
v -0.000522 0.000814 0.003887
v -0.000531 0.000808 0.003836
v -0.000539 0.000803 0.003888
v -0.000555 0.000792 0.003838
v -0.000555 0.000792 0.003889
v -0.000592 0.000764 0.003841
v -0.0006 0.000758 0.003893
v -0.000608 0.000751 0.003843
v -0.000621 0.000741 0.003895
v -0.000621 0.000741 0.003844
v -0.000658 0.000708 0.003899
v -0.000667 0.0007 0.003848
v -0.000684 0.000684 0.003901
v -0.000684 0.000684 0.00385
v -0.000712 0.000654 0.003903
v -0.00072 0.000645 0.003854
v -0.000741 0.000621 0.003906
v -0.000741 0.000621 0.003856
v -0.000762 0.000595 0.003908
v -0.000769 0.000586 0.003859
v -0.000775 0.000578 0.003909
v -0.000792 0.000555 0.003862
v -0.000792 0.000555 0.003911
v -0.000818 0.000516 0.003914
v -0.000812 0.000524 0.003864
v -0.000823 0.000507 0.003866
v -0.000837 0.000483 0.003916
v -0.000837 0.000483 0.003868
v -0.000856 0.00045 0.003919
v -0.000861 0.00044 0.003871
v -0.000876 0.000409 0.003922
v -0.000876 0.000409 0.003873
v -0.000889 0.000381 0.003923
v -0.000893 0.00037 0.003876
v -0.000908 0.000331 0.003927
v -0.000908 0.000331 0.003878
v -0.000916 0.000308 0.003928
v -0.000919 0.000299 0.003881
v -0.000934 0.00025 0.003932
v -0.000934 0.00025 0.003884
v -0.000939 0.000228 0.003934
v -0.00094 0.000226 0.003885
v -0.000945 0.000205 0.003886
v -0.000951 0.000175 0.003888
v -0.000952 0.000168 0.003938
v -0.000952 0.000168 0.003889
v -0.000954 0.000153 0.003939
v -0.000958 0.00013 0.003891
v -0.000963 8.4e-05 0.003944
v -0.000963 8.4e-05 0.003894
v -0.000964 7.7e-05 0.003945
v -0.000965 5.4e-05 0.003896
v -0.000967 -0.0 0.00395
v -0.000967 -0.0 0.003899
v -0.000965 -5.3e-05 0.003954
v -0.000964 -7.8e-05 0.003904
v -0.000963 -8.4e-05 0.003956
v -0.000963 -8.4e-05 0.003905
v -0.000958 -0.000128 0.003959
v -0.000954 -0.000154 0.00391
v -0.000952 -0.000168 0.003962
v -0.000952 -0.000168 0.003911
v -0.000945 -0.000204 0.003964
v -0.000939 -0.000228 0.003915
v -0.000941 -0.000224 0.003966
v -0.000934 -0.00025 0.003967
v -0.000934 -0.00025 0.003917
v -0.00092 -0.000297 0.00397
v -0.000917 -0.000307 0.003921
v -0.000908 -0.000331 0.003973
v -0.000908 -0.000331 0.003923
v -0.000894 -0.000368 0.003975
v -0.000889 -0.000379 0.003926
v -0.000876 -0.000409 0.003978
v -0.000876 -0.000409 0.003929
v -0.000862 -0.000438 0.00398
v -0.000856 -0.000448 0.003932
v -0.000837 -0.000483 0.003983
v -0.000845 -0.000469 0.003933
v -0.000837 -0.000483 0.003934
v -0.000824 -0.000506 0.003984
v -0.000819 -0.000514 0.003937
v -0.000813 -0.000523 0.003986
v -0.000792 -0.000555 0.003988
v -0.000792 -0.000555 0.00394
v -0.000769 -0.000585 0.00399
v -0.000776 -0.000577 0.003941
v -0.000763 -0.000593 0.003943
v -0.000741 -0.000621 0.003994
v -0.000741 -0.000621 0.003945
v -0.000721 -0.000644 0.003996
v -0.000713 -0.000653 0.003947
v -0.000684 -0.000684 0.003999
v -0.000684 -0.000684 0.00395
v -0.000668 -0.000699 0.004001
v -0.000659 -0.000707 0.003952
v -0.000621 -0.000741 0.004005
v -0.000621 -0.000741 0.003955
v -0.00061 -0.00075 0.004006
v -0.000602 -0.000757 0.003957
v -0.000594 -0.000763 0.004008
v -0.000555 -0.000792 0.004011
v -0.000555 -0.000792 0.00396
v -0.00054 -0.000802 0.003961
v -0.000532 -0.000807 0.004013
v -0.000523 -0.000813 0.003963
v -0.000483 -0.000837 0.004017
v -0.000483 -0.000837 0.003966
v -0.000467 -0.000846 0.004019
v -0.000456 -0.000852 0.003968
v -0.000409 -0.000876 0.004023
v -0.000409 -0.000876 0.003972
v -0.000399 -0.000881 0.004024
v -0.000387 -0.000886 0.003973
v -0.000331 -0.000908 0.004029
v -0.000331 -0.000908 0.003978
v -0.000326 -0.00091 0.004029
v -0.000316 -0.000914 0.003979
v -0.000307 -0.000917 0.00403
v -0.00025 -0.000934 0.003984
v -0.00025 -0.000934 0.004034
v -0.000244 -0.000936 0.003984
v -0.000234 -0.000938 0.004035
v -0.000224 -0.00094 0.003986
v -0.000168 -0.000952 0.004039
v -0.000168 -0.000952 0.00399
v -0.00016 -0.000953 0.004039
v -0.000148 -0.000955 0.003991
v -8.4e-05 -0.000963 0.004044
v -8.4e-05 -0.000963 0.003995
v -7.2e-05 -0.000964 0.003996
v -6e-06 -0.000967 0.004049
v -0.0 -0.000967 0.004001
v 0.0 -0.000967 0.004049
v 1.4e-05 -0.000967 0.00405
v 4e-06 -0.000967 0.004001
v 8.4e-05 -0.000963 0.004055
v 0.000409 -0.000876 0.004027
v 0.000404 -0.000878 0.004078
v 0.000395 -0.000882 0.004026
v 0.000334 -0.000907 0.004072
v 0.000331 -0.000908 0.004022
v 0.000331 -0.000908 0.004072
v 0.000325 -0.000911 0.004021
v 0.000315 -0.000914 0.004071
v 0.000252 -0.000933 0.004016
v 0.00025 -0.000934 0.004066
v 0.00025 -0.000934 0.004016
v 0.00024 -0.000936 0.004065
v 0.000177 -0.00095 0.004012
v 0.000168 -0.000952 0.00406
v 0.000168 -0.000952 0.004011
v 0.000166 -0.000952 0.00406
v 0.0001 -0.000962 0.004007
v 9e-05 -0.000963 0.004055
v 8.4e-05 -0.000963 0.004006
v 8e-05 -0.000963 0.004006
v 0.000673 -0.000694 0.004099
v 0.000621 -0.000741 0.004095
v 0.000621 -0.000741 0.004045
v 0.000616 -0.000745 0.004095
v 0.000608 -0.000751 0.004043
v 0.0006 -0.000758 0.004093
v 0.000555 -0.000792 0.004039
v 0.000555 -0.000792 0.00409
v 0.000547 -0.000797 0.004038
v 0.000537 -0.000804 0.004088
v 0.000483 -0.000837 0.004033
v 0.000483 -0.000837 0.004084
v 0.000483 -0.000838 0.004032
v 0.000472 -0.000844 0.004083
v 0.000414 -0.000874 0.004027
v 0.000443 -0.000859 0.004081
v 0.000409 -0.000876 0.004078
v 0.000666 -0.000701 0.004049
v 0.00068 -0.000687 0.00405
v 0.000684 -0.000684 0.0041
v 0.000684 -0.000684 0.004051
v 0.000725 -0.000639 0.004104
v 0.000733 -0.000631 0.004056
v 0.000741 -0.000621 0.004105
v 0.000741 -0.000621 0.004056
v 0.000773 -0.00058 0.004109
v 0.00078 -0.000571 0.004061
v 0.000792 -0.000555 0.004111
v 0.000792 -0.000555 0.004062
v 0.000818 -0.000516 0.004113
v 0.000823 -0.000507 0.004066
v 0.000828 -0.000499 0.004115
v 0.000837 -0.000483 0.004116
v 0.000837 -0.000483 0.004067
v 0.000865 -0.000432 0.00412
v 0.00086 -0.000441 0.00407
v 0.000869 -0.000423 0.004072
v 0.000876 -0.000409 0.004121
v 0.000876 -0.000409 0.004073
v 0.000896 -0.000363 0.004125
v 0.000901 -0.000352 0.004076
v 0.000908 -0.000331 0.004127
v 0.000908 -0.000331 0.004078
v 0.000922 -0.000291 0.00413
v 0.000926 -0.000279 0.004081
v 0.000934 -0.00025 0.004133
v 0.000934 -0.00025 0.004083
v 0.000942 -0.000216 0.004135
v 0.000945 -0.000206 0.004086
v 0.000947 -0.000196 0.004137
v 0.000952 -0.000168 0.004139
v 0.000963 -8.4e-05 0.004094
v 0.000962 -9.3e-05 0.004144
v 0.00096 -0.000111 0.004092
v 0.000959 -0.000121 0.004142
v 0.000958 -0.000131 0.00409
v 0.000952 -0.000168 0.004088
v 0.000945 0.000204 0.004164
v 0.000952 0.000168 0.004162
v 0.000952 0.000168 0.004112
v 0.000958 0.000129 0.004159
v 0.000959 0.00012 0.004108
v 0.000961 0.000109 0.004158
v 0.000963 8.4e-05 0.004105
v 0.000963 8.4e-05 0.004156
v 0.000966 4.4e-05 0.004103
v 0.000966 3.1e-05 0.004153
v 0.000967 0.0 0.004099
v 0.000967 -0.0 0.004151
v 0.000966 -3.3e-05 0.004097
v 0.000966 -4.5e-05 0.004148
v 0.000963 -8.4e-05 0.004145
v 0.000947 0.000195 0.004113
v 0.000943 0.000214 0.004115
v 0.000934 0.00025 0.004167
v 0.000934 0.00025 0.004117
v 0.000926 0.000278 0.004168
v 0.000923 0.000289 0.00412
v 0.000908 0.000331 0.004172
v 0.000908 0.000331 0.004123
v 0.000901 0.00035 0.004173
v 0.000897 0.000361 0.004125
v 0.000876 0.000409 0.004177
v 0.000876 0.000409 0.004129
v 0.00087 0.000421 0.004178
v 0.000866 0.00043 0.00413
v 0.000861 0.00044 0.004179
v 0.000837 0.000483 0.004182
v 0.000837 0.000483 0.004134
v 0.000829 0.000497 0.004135
v 0.000824 0.000506 0.004184
v 0.000818 0.000515 0.004136
v 0.000792 0.000555 0.004188
v 0.000792 0.000555 0.004139
v 0.000782 0.000569 0.004189
v 0.000774 0.000579 0.004141
v 0.000741 0.000621 0.004194
v 0.000741 0.000621 0.004144
v 0.000734 0.000629 0.004195
v 0.000726 0.000638 0.004145
v 0.000684 0.000684 0.0042
v 0.000684 0.000684 0.004149
v 0.000681 0.000686 0.0042
v 0.000674 0.000693 0.00415
v 0.000667 0.0007 0.004202
v 0.000621 0.000741 0.004155
v 0.000621 0.000741 0.004206
v 0.000617 0.000744 0.004155
v 0.00061 0.00075 0.004207
v 0.000601 0.000757 0.004156
v 0.000555 0.000792 0.004212
v 0.000555 0.000792 0.00416
v 0.000549 0.000796 0.004212
v 0.000539 0.000803 0.004162
v 0.000484 0.000837 0.004218
v 0.000483 0.000837 0.004166
v 0.000483 0.000837 0.004218
v 0.000473 0.000843 0.004167
v 0.000415 0.000873 0.004222
v 0.000409 0.000876 0.004172
v 0.000409 0.000876 0.004223
v 0.000405 0.000878 0.004173
v 0.000397 0.000882 0.004224
v 0.000335 0.000907 0.004178
v 0.000331 0.000908 0.004228
v 0.000331 0.000908 0.004178
v 0.000326 0.00091 0.004228
v 0.000317 0.000913 0.004179
v 0.000254 0.000933 0.004233
v 0.00025 0.000934 0.004184
v 0.00025 0.000934 0.004233
v 0.000242 0.000936 0.004185
v 0.000179 0.00095 0.004238
v 0.000168 0.000952 0.00419
v 0.000168 0.000952 0.004238
v 0.000167 0.000952 0.00419
v 0.000102 0.000961 0.004242
v 9.2e-05 0.000962 0.004195
v 8.4e-05 0.000963 0.004244
v 8.4e-05 0.000963 0.004195
v 8.2e-05 0.000963 0.004244
v 6e-06 0.000967 0.004249
v -0.000331 0.000908 0.004221
v -0.000331 0.000908 0.004273
v -0.000325 0.000911 0.004221
v -0.000315 0.000914 0.004272
v -0.000306 0.000917 0.00422
v -0.00025 0.000934 0.004267
v -0.00025 0.000934 0.004216
v -0.000242 0.000936 0.004266
v -0.000233 0.000938 0.004215
v -0.000222 0.000941 0.004265
v -0.000168 0.000952 0.004211
v -0.000168 0.000952 0.004261
v -0.000158 0.000954 0.00421
v -0.000146 0.000956 0.004259
v -8.4e-05 0.000963 0.004205
v -8.4e-05 0.000963 0.004255
v -8.2e-05 0.000963 0.004205
v -7e-05 0.000964 0.004254
v -5e-06 0.000967 0.004201
v -0.0 0.000967 0.004249
v 0.0 0.000967 0.0042
v 1.6e-05 0.000967 0.004199
v -0.0006 0.000758 0.004293
v -0.000555 0.000792 0.004289
v -0.000555 0.000792 0.004239
v -0.000539 0.000803 0.004288
v -0.000531 0.000808 0.004237
v -0.000522 0.000814 0.004287
v -0.000483 0.000837 0.004233
v -0.000483 0.000837 0.004284
v -0.000466 0.000847 0.004232
v -0.000455 0.000853 0.004282
v -0.000409 0.000876 0.004227
v -0.000409 0.000876 0.004279
v -0.000397 0.000881 0.004226
v -0.000386 0.000886 0.004277
v -0.000358 0.000898 0.004275
v -0.000593 0.000764 0.004243
v -0.000608 0.000751 0.004244
v -0.000621 0.000741 0.004294
v -0.000621 0.000741 0.004245
v -0.000658 0.000708 0.004297
v -0.000667 0.0007 0.004249
v -0.000684 0.000684 0.0043
v -0.000684 0.000684 0.004251
v -0.000712 0.000654 0.004302
v -0.00072 0.000645 0.004254
v -0.000741 0.000621 0.004305
v -0.000741 0.000621 0.004256
v -0.000762 0.000595 0.004307
v -0.000768 0.000587 0.004259
v -0.000775 0.000579 0.004308
v -0.000792 0.000555 0.00431
v -0.000792 0.000555 0.004262
v -0.000818 0.000516 0.004313
v -0.000812 0.000524 0.004264
v -0.000823 0.000507 0.004265
v -0.000837 0.000483 0.004316
v -0.000837 0.000483 0.004267
v -0.000856 0.00045 0.004318
v -0.000861 0.000439 0.00427
v -0.000876 0.000409 0.004322
v -0.000876 0.000409 0.004272
v -0.000889 0.000381 0.004324
v -0.000893 0.00037 0.004274
v -0.000908 0.000331 0.004328
v -0.000908 0.000331 0.004277
v -0.000916 0.000308 0.004329
v -0.00092 0.000298 0.004279
v -0.000934 0.00025 0.004334
v -0.000934 0.00025 0.004282
v -0.000939 0.000228 0.004335
v -0.000967 0.0 0.0043
v -0.00094 0.000225 0.004284
v -0.000945 0.000205 0.004286
v -0.000952 0.000168 0.00434
v -0.000952 0.000168 0.004288
v -0.000954 0.000154 0.004341
v -0.000958 0.00013 0.004291
v -0.000963 8.4e-05 0.004345
v -0.000963 8.4e-05 0.004294
v -0.000964 7.8e-05 0.004346
v -0.000965 5.4e-05 0.004296
v -0.000967 1.7e-05 0.00435
v -0.000967 0.0 0.004351
v -0.000966 -3.2e-05 0.004353
v -0.000961 -0.000108 0.004357
v -0.000859 -0.000444 0.00433
v -0.000871 -0.00042 0.004378
v -0.000876 -0.000409 0.004328
v -0.000876 -0.000409 0.004377
v -0.000891 -0.000375 0.004326
v -0.000901 -0.000349 0.004373
v -0.000908 -0.000331 0.004323
v -0.000908 -0.000331 0.004371
v -0.000918 -0.000302 0.004321
v -0.000926 -0.000277 0.004368
v -0.000934 -0.00025 0.004318
v -0.000934 -0.00025 0.004366
v -0.00094 -0.000228 0.004316
v -0.000945 -0.000204 0.004363
v -0.000949 -0.000184 0.004362
v -0.000741 -0.000621 0.004395
v -0.000782 -0.000568 0.00439
v -0.000766 -0.00059 0.004341
v -0.000824 -0.000505 0.004385
v -0.000821 -0.00051 0.004335
v -0.000792 -0.000555 0.004389
v -0.000792 -0.000555 0.004338
v -0.000778 -0.000573 0.00434
v -0.000759 -0.000599 0.004342
v -0.000741 -0.000621 0.004344
v -0.000735 -0.000628 0.004395
v -0.000716 -0.000649 0.004346
v -0.000684 -0.000684 0.004401
v -0.000684 -0.000684 0.004349
v -0.000683 -0.000684 0.004401
v -0.000663 -0.000704 0.004351
v -0.000626 -0.000737 0.004406
v -0.000621 -0.000741 0.004355
v -0.000621 -0.000741 0.004407
v -0.00061 -0.00075 0.004408
v -0.000605 -0.000754 0.004357
v -0.000555 -0.000792 0.004412
v -0.000555 -0.000792 0.004361
v -0.000549 -0.000796 0.004412
v -0.000544 -0.000799 0.004362
v -0.000527 -0.00081 0.004363
v -0.000485 -0.000836 0.004417
v -0.000483 -0.000837 0.004367
v -0.000483 -0.000837 0.004417
v -0.000461 -0.00085 0.004369
v -0.000417 -0.000872 0.004422
v -0.000409 -0.000876 0.004373
v -0.000409 -0.000876 0.004422
v -0.000392 -0.000884 0.004374
v -0.000346 -0.000903 0.004426
v -0.000331 -0.000908 0.004379
v -0.000249 -0.000934 0.004384
v -0.00025 -0.000934 0.004432
v -0.00025 -0.000934 0.004384
v -0.000254 -0.000933 0.004432
v -0.000321 -0.000912 0.004379
v -0.000326 -0.00091 0.004427
v -0.000331 -0.000908 0.004427
v -0.000229 -0.000939 0.004386
v -0.000217 -0.000942 0.004386
v -0.00018 -0.00095 0.004437
v -0.000168 -0.000952 0.004389
v -0.000168 -0.000952 0.004438
v -0.000153 -0.000955 0.00439
v -0.000104 -0.000961 0.004442
v -8.4e-05 -0.000963 0.004395
v -8.4e-05 -0.000963 0.004443
v -7.7e-05 -0.000964 0.004395
v -2.6e-05 -0.000966 0.004448
v -1e-06 -0.000967 0.0044
v -7e-06 -0.000967 0.004449
v 0.0 -0.000967 0.004449
v 0.0 -0.000967 0.0044
v 6.9e-05 -0.000964 0.004454
v 7.5e-05 -0.000964 0.004404
v 8.4e-05 -0.000963 0.004455
v 8.4e-05 -0.000963 0.004405
v 9.6e-05 -0.000962 0.004405
v 0.000145 -0.000956 0.00446
v 0.000168 -0.000952 0.00441
v 0.000168 -0.000952 0.004461
v 0.000173 -0.000951 0.004411
v 0.00022 -0.000941 0.004465
v 0.000247 -0.000935 0.004416
v 0.00025 -0.000934 0.004467
v 0.00025 -0.000934 0.004416
v 0.000295 -0.000921 0.004471
v 0.00032 -0.000912 0.004421
v 0.000409 -0.000876 0.004478
v 0.000385 -0.000887 0.004477
v 0.000391 -0.000884 0.004427
v 0.000369 -0.000894 0.004476
v 0.000331 -0.000908 0.004422
v 0.000331 -0.000908 0.004473
v 0.000315 -0.000914 0.004472
v 0.000409 -0.000876 0.004428
v 0.000454 -0.000854 0.004481
v 0.000478 -0.00084 0.004434
v 0.000483 -0.000837 0.004483
v 0.000483 -0.000837 0.004434
v 0.00052 -0.000815 0.004486
v 0.000543 -0.0008 0.004439
v 0.000555 -0.000792 0.004489
v 0.000555 -0.000792 0.00444
v 0.000584 -0.000771 0.004491
v 0.000604 -0.000755 0.004444
v 0.0006 -0.000758 0.004492
v 0.000621 -0.000741 0.004494
v 0.000621 -0.000741 0.004445
v 0.000658 -0.000709 0.004497
v 0.000662 -0.000705 0.004449
v 0.000684 -0.000684 0.004499
v 0.000676 -0.000691 0.00445
v 0.000684 -0.000684 0.004451
v 0.000711 -0.000655 0.004501
v 0.000716 -0.00065 0.004454
v 0.000741 -0.000621 0.004504
v 0.00073 -0.000634 0.004455
v 0.000741 -0.000621 0.004456
v 0.000761 -0.000596 0.004507
v 0.000778 -0.000574 0.004459
v 0.000792 -0.000555 0.00451
v 0.000792 -0.000555 0.004461
v 0.000806 -0.000533 0.004512
v 0.00082 -0.000511 0.004464
v 0.000837 -0.000483 0.004516
v 0.000837 -0.000483 0.004466
v 0.000848 -0.000465 0.004517
v 0.000858 -0.000445 0.004469
v 0.000867 -0.000427 0.00447
v 0.000876 -0.000409 0.004522
v 0.000876 -0.000409 0.004471
v 0.000882 -0.000396 0.004523
v 0.000908 -0.000331 0.004528
v 0.000899 -0.000356 0.004475
v 0.000908 -0.000331 0.004477
v 0.00091 -0.000325 0.004528
v 0.000933 -0.000251 0.004533
v 0.000924 -0.000284 0.00448
v 0.000934 -0.00025 0.004533
v 0.000934 -0.00025 0.004483
v 0.000944 -0.00021 0.004486
v 0.000952 -0.000168 0.004533
v 0.00096 -0.000116 0.004493
v 0.000963 -8.4e-05 0.004533
v 0.000957 -0.000135 0.004491
v 0.000952 -0.000168 0.004489
v 0.000963 -8.4e-05 0.004495
v 0.000966 -3.8e-05 0.004498
v 0.000967 -0.0 0.004533
v 0.000967 -0.0 0.004501
v 0.000966 3.8e-05 0.004503
v 0.000963 8.4e-05 0.004533
v 0.000952 0.000168 0.004512
v 0.000952 0.000168 0.004533
v 0.00096 0.000114 0.004508
v 0.000963 8.4e-05 0.004506
v 0.000948 0.000189 0.004513
v 0.000944 0.000209 0.004514
v 0.000934 0.00025 0.004533
v 0.000934 0.00025 0.004517
v 0.000924 0.000284 0.004519
v 0.000908 0.000331 0.004533
v 0.000908 0.000331 0.004522
v 0.000899 0.000356 0.004524
v 0.000876 0.000409 0.004527
v -0.000709 0.000209 0.00015
v -0.000714 0.000191 0.00015
v -0.000723 0.000155 0.000155
v -0.000728 0.000128 0.00015
v -0.00066 0.000333 0.000452
v -0.00067 0.000312 0.000454
v -0.000666 0.00032 0.00054
v -0.000726 0.000139 0.000869
v -0.000728 0.000128 0.00087
v -0.000726 0.000139 0.000956
v -2e-05 0.000739 0.001183
v -6.4e-05 0.000736 0.001187
v -6.4e-05 0.000736 0.001274
v -0.000737 -6e-05 0.002486
v -0.000736 -6.4e-05 0.002487
v -0.000737 -5.9e-05 0.002573
v -0.000576 -0.000463 0.004525
v -0.000566 -0.000475 0.004526
v -0.000566 -0.000475 0.004533
v -0.000538 -0.000507 0.00453
v -0.000523 -0.000523 0.004533
v -0.000508 -0.000537 0.004533
v -0.000586 -0.000451 0.004523
v -0.000605 -0.000424 0.004533
v -0.000605 -0.000424 0.00452
v -0.00064 -0.000369 0.004533
v -0.00067 -0.000312 0.004533
v -0.00067 -0.000312 0.004509
v -0.000649 -0.000353 0.004513
v -0.00064 -0.00037 0.004514
v -0.000619 -0.000403 0.004518
v -0.000702 -0.000231 0.004501
v -0.000697 -0.000245 0.004502
v -0.000694 -0.000253 0.004533
v -0.000694 -0.000253 0.004503
v -0.000675 -0.000301 0.004508
v -0.000714 -0.000191 0.004498
v -0.000714 -0.000191 0.004533
v -0.000718 -0.000175 0.004496
v -0.000728 -0.000128 0.004533
v -0.000728 -0.000128 0.004492
v -0.00073 -0.000118 0.004492
v -0.000736 -6.4e-05 0.004533
v -0.000736 -6.4e-05 0.004487
v -0.000736 6.4e-05 0.004533
v -0.000736 6.4e-05 0.004477
v -0.000739 -0.0 0.004533
v -0.000739 2.4e-05 0.00448
v -0.000739 0.0 0.004482
v -0.000737 -5.9e-05 0.004487
v -0.000714 0.000191 0.004533
v -0.000714 0.000191 0.004465
v -0.000723 0.000154 0.004469
v -0.000728 0.000128 0.004533
v -0.000726 0.000139 0.00447
v -0.000728 0.000128 0.004471
v -0.000734 8.2e-05 0.004475
v -0.00067 0.000312 0.004533
v -0.00069 0.000266 0.004458
v -0.000694 0.000253 0.004533
v -0.000694 0.000253 0.004459
v -0.000708 0.000211 0.004463
v -0.000638 0.000372 0.004447
v -0.00064 0.000369 0.004448
v -0.00064 0.000369 0.004533
v -0.000666 0.00032 0.004453
v -0.00067 0.000312 0.004453
v -0.00063 0.000386 0.004446
v -0.000629 0.000389 0.004533
v -0.000605 0.000424 0.004442
v -0.000605 0.000424 0.00453
v -0.000598 0.000434 0.004529
v -0.000598 0.000434 0.004441
v -0.000566 0.000475 0.004524
v -0.000566 0.000475 0.004436
v -0.000562 0.00048 0.004524
v -0.000562 0.00048 0.004436
v -0.000523 0.000523 0.004519
v -0.000523 0.000523 0.004431
v -0.000522 0.000523 0.004519
v -0.000522 0.000523 0.004431
v -0.000478 0.000563 0.004514
v -0.000479 0.000563 0.004426
v -0.000475 0.000566 0.004514
v -0.000475 0.000566 0.004426
v -0.000466 0.000573 0.004425
v -0.000466 0.000573 0.004513
v -0.000424 0.000605 0.004421
v -0.000424 0.000605 0.004508
v -0.00042 0.000608 0.00442
v -0.00025 0.000695 0.004404
v -0.000253 0.000694 0.004404
v -0.000253 0.000694 0.004491
v -0.000264 0.00069 0.004405
v -0.000264 0.00069 0.004492
v -0.000312 0.00067 0.00441
v -0.000312 0.00067 0.004497
v -0.000319 0.000667 0.004411
v -0.000319 0.000667 0.004498
v -0.000369 0.00064 0.004415
v -0.000369 0.00064 0.004503
v -0.000371 0.000639 0.004416
v -0.000371 0.000639 0.004503
v -0.00042 0.000608 0.004508
v -0.00025 0.000695 0.004491
v -0.000194 0.000713 0.004486
v -0.000194 0.000713 0.004399
v -0.000191 0.000714 0.004485
v -0.000191 0.000714 0.004398
v 0.000226 0.000703 0.004362
v 0.000241 0.000698 0.004448
v 0.000241 0.000698 0.00436
v 0.000253 0.000694 0.004447
v 0.000253 0.000694 0.004359
v -0.000138 0.000726 0.004393
v -0.000138 0.000726 0.00448
v -0.000128 0.000728 0.004392
v -0.000128 0.000728 0.004479
v -7.9e-05 0.000735 0.004388
v -8e-05 0.000735 0.004475
v -6.4e-05 0.000736 0.004386
v -6.4e-05 0.000736 0.004473
v -2e-05 0.000739 0.004383
v -2e-05 0.000739 0.00447
v -5e-06 0.000739 0.004381
v -4e-06 0.000739 0.004468
v -0.0 0.000739 0.004381
v -0.0 0.000739 0.004468
v 5.4e-05 0.000737 0.004376
v 5.4e-05 0.000737 0.004463
v 6.4e-05 0.000736 0.004375
v 6.4e-05 0.000736 0.004462
v 0.000111 0.000731 0.004371
v 0.000111 0.000731 0.004459
v 0.000128 0.000728 0.00437
v 0.000128 0.000728 0.004457
v 0.000169 0.000719 0.004367
v 0.000169 0.000719 0.004454
v 0.000191 0.000714 0.004365
v 0.000191 0.000714 0.004452
v 0.000226 0.000703 0.004449
v 0.000296 0.000677 0.004356
v 0.000296 0.000677 0.004443
v 0.000312 0.00067 0.004354
v 0.000312 0.00067 0.004441
v 0.000348 0.000652 0.004351
v 0.000348 0.000652 0.004438
v 0.00037 0.00064 0.004349
v 0.00037 0.00064 0.004436
v 0.000399 0.000622 0.004346
v 0.000399 0.000622 0.004433
v 0.000424 0.000605 0.004343
v 0.000424 0.000605 0.00443
v 0.000447 0.000588 0.004428
v 0.000447 0.000588 0.004341
v 0.000459 0.000579 0.004426
v 0.000459 0.000579 0.004339
v 0.000475 0.000566 0.004337
v 0.000475 0.000566 0.004424
v 0.000503 0.000541 0.004334
v 0.000503 0.000541 0.004421
v 0.000523 0.000523 0.004331
v 0.000523 0.000523 0.004418
v 0.000545 0.0005 0.004328
v 0.000544 0.0005 0.004415
v 0.000566 0.000475 0.004326
v 0.000566 0.000475 0.004412
v 0.000582 0.000455 0.004323
v 0.000582 0.000455 0.00441
v 0.000605 0.000424 0.00432
v 0.000605 0.000424 0.004407
v 0.000617 0.000406 0.004318
v 0.000617 0.000407 0.004405
v 0.000626 0.000393 0.004317
v 0.000626 0.000393 0.004403
v 0.00064 0.00037 0.004314
v 0.00064 0.00037 0.004401
v 0.000655 0.000343 0.004312
v 0.000655 0.000343 0.004399
v 0.00067 0.000312 0.004309
v 0.00067 0.000312 0.004396
v 0.00068 0.00029 0.004307
v 0.00068 0.00029 0.004394
v 0.000694 0.000253 0.004303
v 0.000694 0.000253 0.004391
v 0.0007 0.000236 0.004302
v 0.0007 0.000236 0.004389
v 0.000714 0.000191 0.004298
v 0.000714 0.000191 0.004385
v 0.000717 0.000178 0.004297
v 0.000717 0.000178 0.004384
v 0.000721 0.000163 0.004296
v 0.000721 0.000163 0.004383
v 0.000728 0.000128 0.004293
v 0.000728 0.000128 0.00438
v 0.000731 0.000106 0.004291
v 0.000731 0.000106 0.004378
v 0.000736 6.4e-05 0.004288
v 0.000736 6.4e-05 0.004375
v 0.000737 4.8e-05 0.004286
v 0.000737 4.8e-05 0.004373
v 0.000739 -0.0 0.004282
v 0.000739 -0.0 0.004369
v 0.000739 -1.1e-05 0.004281
v 0.000739 -1.1e-05 0.004368
v 0.000736 -6.4e-05 0.004276
v 0.000728 -0.000128 0.00427
v 0.000734 -8.5e-05 0.004274
v 0.000734 -8.5e-05 0.004361
v 0.000736 -7e-05 0.004276
v 0.000736 -7e-05 0.004363
v 0.000736 -6.4e-05 0.004363
v 0.000728 -0.000128 0.004357
v 0.000725 -0.000143 0.004356
v 0.000725 -0.000143 0.004269
v 0.000714 -0.000191 0.004352
v 0.000714 -0.000191 0.004265
v 0.000712 -0.000199 0.004351
v 0.000712 -0.000199 0.004264
v 0.000694 -0.000253 0.004346
v 0.000694 -0.000253 0.004259
v 0.000694 -0.000255 0.004345
v 0.000694 -0.000255 0.004258
v 0.000671 -0.00031 0.00434
v 0.000671 -0.00031 0.004253
v 0.00067 -0.000312 0.004253
v 0.00067 -0.000312 0.00434
v 0.000664 -0.000324 0.004339
v 0.000664 -0.000324 0.004252
v 0.000655 -0.000342 0.004337
v 0.00064 -0.000369 0.004247
v 0.00064 -0.000369 0.004335
v 0.000636 -0.000376 0.004334
v 0.000636 -0.000375 0.004247
v 0.000605 -0.000424 0.004329
v 0.000605 -0.000424 0.004242
v 0.000569 -0.000471 0.004325
v 0.000569 -0.000471 0.004237
v 0.000566 -0.000475 0.004237
v 0.000518 -0.000527 0.004231
v 0.000523 -0.000523 0.004232
v 0.000523 -0.000523 0.004319
v 0.00053 -0.000515 0.004233
v 0.00053 -0.000515 0.00432
v 0.000566 -0.000475 0.004324
v 0.000518 -0.000527 0.004319
v 0.000475 -0.000566 0.004314
v 0.000475 -0.000566 0.004227
v 0.000429 -0.000601 0.004309
v 0.000429 -0.000601 0.004222
v 0.000424 -0.000605 0.004308
v 0.000424 -0.000605 0.004221
v 0.00038 -0.000634 0.004304
v 0.00038 -0.000634 0.004217
v 0.000369 -0.00064 0.004302
v 0.000369 -0.00064 0.004215
v 0.000328 -0.000662 0.004298
v 0.000328 -0.000662 0.004211
v 0.000315 -0.000669 0.004297
v 0.000315 -0.000669 0.00421
v 0.000312 -0.00067 0.004297
v 0.000312 -0.00067 0.00421
v 0.000261 -0.000691 0.004204
v 0.000261 -0.000691 0.004291
v 0.000253 -0.000694 0.004204
v 0.000253 -0.000694 0.004291
v 0.000206 -0.00071 0.004199
v 0.000206 -0.00071 0.004286
v 0.000191 -0.000714 0.004198
v 0.000191 -0.000714 0.004285
v 0.000149 -0.000724 0.004194
v 0.000149 -0.000724 0.004281
v 0.000128 -0.000728 0.004192
v 0.000128 -0.000728 0.004279
v 9e-05 -0.000734 0.004189
v 9e-05 -0.000734 0.004276
v 7.4e-05 -0.000735 0.004187
v 7.4e-05 -0.000735 0.004274
v 6.4e-05 -0.000736 0.004186
v 6.4e-05 -0.000736 0.004273
v 1.6e-05 -0.000739 0.004182
v 1.6e-05 -0.000739 0.004269
v 0.0 -0.000739 0.004181
v 0.0 -0.000739 0.004268
v -4.2e-05 -0.000738 0.004177
v -4.2e-05 -0.000738 0.004265
v -6.4e-05 -0.000736 0.004176
v -6.4e-05 -0.000736 0.004263
v -0.0001 -0.000732 0.004173
v -0.0001 -0.000732 0.00426
v -0.000128 -0.000728 0.00417
v -0.000128 -0.000728 0.004258
v -0.000159 -0.000722 0.004168
v -0.000159 -0.000722 0.004255
v -0.000174 -0.000718 0.004167
v -0.000174 -0.000718 0.004254
v -0.000191 -0.000714 0.004165
v -0.000191 -0.000714 0.004252
v -0.00023 -0.000702 0.004162
v -0.00023 -0.000702 0.004249
v -0.000253 -0.000694 0.00416
v -0.000253 -0.000694 0.004247
v -0.000285 -0.000682 0.004157
v -0.000285 -0.000682 0.004244
v -0.000312 -0.00067 0.004154
v -0.000312 -0.00067 0.004241
v -0.000338 -0.000657 0.004152
v -0.000338 -0.000657 0.004239
v -0.00037 -0.00064 0.004149
v -0.00037 -0.00064 0.004236
v -0.00039 -0.000628 0.004233
v -0.00039 -0.000628 0.004146
v -0.000402 -0.00062 0.004232
v -0.000402 -0.00062 0.004145
v -0.000424 -0.000605 0.004143
v -0.000424 -0.000605 0.00423
v -0.00045 -0.000586 0.00414
v -0.00045 -0.000586 0.004227
v -0.000475 -0.000566 0.004137
v -0.000475 -0.000566 0.004224
v -0.000495 -0.000549 0.004134
v -0.000495 -0.000549 0.004221
v -0.000523 -0.000523 0.004131
v -0.000523 -0.000523 0.004218
v -0.000537 -0.000508 0.004129
v -0.000537 -0.000508 0.004216
v -0.000566 -0.000475 0.004125
v -0.000566 -0.000475 0.004212
v -0.000576 -0.000463 0.004124
v -0.000576 -0.000463 0.004211
v -0.000586 -0.000451 0.004123
v -0.000586 -0.000451 0.00421
v -0.000605 -0.000424 0.00412
v -0.000605 -0.000424 0.004207
v -0.000619 -0.000403 0.004118
v -0.000619 -0.000403 0.004205
v -0.00064 -0.00037 0.004114
v -0.00064 -0.00037 0.004202
v -0.000649 -0.000353 0.004113
v -0.000649 -0.000353 0.0042
v -0.00067 -0.000312 0.004109
v -0.00067 -0.000312 0.004196
v -0.000675 -0.000301 0.004108
v -0.000675 -0.000301 0.004195
v -0.000694 -0.000253 0.004104
v -0.000694 -0.000253 0.004191
v -0.000697 -0.000245 0.004103
v -0.000697 -0.000245 0.004191
v -0.000702 -0.000231 0.004102
v -0.000702 -0.000231 0.004189
v -0.000714 -0.000191 0.004099
v -0.000714 -0.000191 0.004186
v -0.000718 -0.000175 0.004097
v -0.000718 -0.000175 0.004184
v -0.000728 -0.000128 0.004093
v -0.000728 -0.000128 0.00418
v -0.00073 -0.000118 0.004092
v -0.00073 -0.000118 0.004179
v -0.000736 -6.4e-05 0.004088
v -0.000736 -6.4e-05 0.004175
v -0.000737 -5.9e-05 0.004087
v -0.000737 -5.9e-05 0.004174
v -0.000739 -0.0 0.004082
v -0.000739 0.0 0.004169
v -0.000739 2.3e-05 0.00408
v -0.000739 2.3e-05 0.004167
v -0.000736 6.4e-05 0.004076
v -0.000736 6.4e-05 0.004163
v -0.000735 8.1e-05 0.004074
v -0.000735 8.1e-05 0.004161
v -0.000728 0.000128 0.00407
v -0.000728 0.000128 0.004157
v -0.000726 0.000139 0.004156
v -0.000726 0.000139 0.004069
v -0.000723 0.000154 0.004155
v -0.000723 0.000154 0.004068
v -0.000714 0.000191 0.004064
v -0.000714 0.000191 0.004151
v -0.000708 0.00021 0.004062
v -0.000708 0.000211 0.004149
v -0.000694 0.000253 0.004059
v -0.000694 0.000253 0.004146
v -0.00069 0.000266 0.004145
v -0.00069 0.000266 0.004057
v -0.00067 0.000312 0.00414
v -0.00067 0.000312 0.004053
v -0.000666 0.000319 0.00414
v -0.000666 0.000319 0.004053
v -0.00064 0.00037 0.004135
v -0.00064 0.000369 0.004048
v -0.000639 0.000372 0.004135
v -0.000639 0.000372 0.004048
v -0.000522 0.000523 0.004032
v -0.000478 0.000563 0.004114
v -0.000479 0.000563 0.004027
v -0.000475 0.000566 0.004114
v -0.000475 0.000566 0.004027
v -0.00063 0.000386 0.004046
v -0.00063 0.000386 0.004134
v -0.000605 0.000424 0.004043
v -0.000605 0.000424 0.00413
v -0.000598 0.000434 0.004042
v -0.000598 0.000434 0.004129
v -0.000566 0.000475 0.004038
v -0.000566 0.000475 0.004125
v -0.000562 0.00048 0.004037
v -0.000562 0.00048 0.004124
v -0.000523 0.000523 0.004032
v -0.000523 0.000523 0.004119
v -0.000522 0.000523 0.004119
v -0.00042 0.000608 0.00402
v -0.000371 0.000639 0.004102
v -0.000371 0.000639 0.004015
v -0.00037 0.00064 0.004102
v -0.00037 0.00064 0.004015
v -0.000467 0.000573 0.004026
v -0.000467 0.000573 0.004113
v -0.000424 0.000605 0.004021
v -0.000424 0.000605 0.004108
v -0.00042 0.000608 0.004107
v -0.000319 0.000667 0.00401
v -0.000319 0.000667 0.004097
v -0.000312 0.00067 0.004009
v -0.000312 0.00067 0.004096
v -0.000265 0.00069 0.004004
v -0.000265 0.00069 0.004091
v -0.000253 0.000694 0.004003
v -0.000253 0.000694 0.00409
v -0.00025 0.000695 0.00409
v -0.00025 0.000695 0.004003
v -0.000194 0.000713 0.004085
v -0.000195 0.000713 0.003998
v -0.000191 0.000714 0.003997
v -0.000191 0.000714 0.004084
v -0.000138 0.000726 0.003993
v -0.000138 0.000726 0.00408
v -0.000128 0.000728 0.003992
v -0.000128 0.000728 0.004079
v -8e-05 0.000735 0.003988
v -8e-05 0.000735 0.004075
v -6.4e-05 0.000736 0.003987
v -6.4e-05 0.000736 0.004074
v -2e-05 0.000739 0.003983
v -2e-05 0.000739 0.00407
v -5e-06 0.000739 0.003982
v 6.4e-05 0.000736 0.004064
v 6.4e-05 0.000736 0.003976
v 5.4e-05 0.000737 0.003977
v -4e-06 0.000739 0.004069
v 0.0 0.000739 0.004069
v -0.0 0.000739 0.003981
v 2.9e-05 0.000738 0.004066
v 5.4e-05 0.000737 0.004064
v 0.000111 0.000731 0.003972
v 0.000112 0.000731 0.00406
v 0.000128 0.000728 0.003971
v 0.000128 0.000728 0.004058
v 0.000169 0.000719 0.003967
v 0.000169 0.000719 0.004055
v 0.000191 0.000714 0.003966
v 0.000191 0.000714 0.004053
v 0.000226 0.000703 0.004049
v 0.000226 0.000703 0.003962
v 0.000241 0.000699 0.004048
v 0.000241 0.000699 0.003961
v 0.000253 0.000694 0.004047
v 0.000253 0.000694 0.00396
v 0.000295 0.000678 0.003956
v 0.000295 0.000678 0.004043
v 0.000312 0.00067 0.003954
v 0.000312 0.00067 0.004041
v 0.000347 0.000652 0.00395
v 0.000347 0.000652 0.004037
v 0.000369 0.00064 0.003948
v 0.000369 0.00064 0.004035
v 0.000398 0.000623 0.003945
v 0.000398 0.000623 0.004032
v 0.000424 0.000605 0.003942
v 0.000424 0.000605 0.004029
v 0.000447 0.000589 0.00394
v 0.000447 0.000589 0.004027
v 0.000459 0.000579 0.003938
v 0.000459 0.000579 0.004025
v 0.000475 0.000566 0.003936
v 0.000475 0.000566 0.004023
v 0.000503 0.000541 0.003933
v 0.000503 0.000541 0.00402
v 0.000523 0.000523 0.003931
v 0.000523 0.000523 0.004018
v 0.000544 0.0005 0.003928
v 0.000544 0.0005 0.004015
v 0.000566 0.000475 0.003925
v 0.000566 0.000475 0.004013
v 0.000582 0.000455 0.003923
v 0.000582 0.000455 0.004011
v 0.000605 0.000424 0.00392
v 0.000605 0.000424 0.004007
v 0.000617 0.000407 0.003919
v 0.000617 0.000407 0.004006
v 0.000626 0.000393 0.003917
v 0.000626 0.000393 0.004005
v 0.00064 0.000369 0.003915
v 0.00064 0.000369 0.004002
v 0.000655 0.000343 0.003913
v 0.000655 0.000343 0.004
v 0.00067 0.000312 0.00391
v 0.00067 0.000312 0.003997
v 0.00068 0.00029 0.003908
v 0.00068 0.00029 0.003995
v 0.000694 0.000253 0.003904
v 0.000694 0.000253 0.003991
v 0.0007 0.000236 0.003903
v 0.0007 0.000235 0.00399
v 0.000714 0.000191 0.003899
v 0.000714 0.000191 0.003986
v 0.000717 0.000178 0.003985
v 0.000717 0.000178 0.003898
v 0.000721 0.000164 0.003983
v 0.000721 0.000164 0.003896
v 0.000728 0.000128 0.003893
v 0.000728 0.000128 0.00398
v 0.000731 0.000106 0.003891
v 0.000731 0.000106 0.003978
v 0.000736 6.4e-05 0.003887
v 0.000736 6.4e-05 0.003974
v 0.000737 4.9e-05 0.003886
v 0.000737 4.8e-05 0.003973
v 0.000739 0.0 0.003881
v 0.000739 0.0 0.003968
v 0.000739 -1e-05 0.003967
v 0.000739 -1e-05 0.00388
v 0.000736 -6.4e-05 0.003962
v 0.000736 -6.4e-05 0.003875
v 0.000736 -7e-05 0.003962
v 0.000736 -7e-05 0.003875
v 0.000734 -8.5e-05 0.00396
v 0.000734 -8.5e-05 0.003873
v 0.000728 -0.000128 0.00387
v 0.000728 -0.000128 0.003957
v 0.000725 -0.000142 0.003868
v 0.000725 -0.000143 0.003956
v 0.000714 -0.000191 0.003864
v 0.000714 -0.000191 0.003951
v 0.000712 -0.000199 0.003951
v 0.000712 -0.000199 0.003864
v 0.000694 -0.000253 0.003946
v 0.000694 -0.000253 0.003859
v 0.000694 -0.000255 0.003946
v 0.000694 -0.000255 0.003859
v 0.000671 -0.00031 0.003941
v 0.000671 -0.00031 0.003854
v 0.00067 -0.000312 0.003941
v 0.00067 -0.000312 0.003854
v 0.000664 -0.000324 0.003853
v 0.000664 -0.000324 0.00394
v 0.00064 -0.00037 0.003849
v 0.00064 -0.00037 0.003936
v 0.000636 -0.000376 0.003848
v 0.000636 -0.000376 0.003935
v 0.000605 -0.000424 0.003843
v 0.000605 -0.000424 0.00393
v 0.000519 -0.000526 0.003832
v 0.000523 -0.000523 0.003832
v 0.000523 -0.000523 0.003919
v 0.00053 -0.000515 0.003833
v 0.00053 -0.000515 0.00392
v 0.000566 -0.000475 0.003838
v 0.000566 -0.000475 0.003925
v 0.000569 -0.000471 0.003838
v 0.000569 -0.000471 0.003925
v 0.000605 -0.000425 0.00393
v 0.000519 -0.000526 0.003918
v 0.000476 -0.000565 0.003913
v 0.000476 -0.000565 0.003826
v 0.000475 -0.000566 0.003913
v 0.000475 -0.000566 0.003826
v 9e-05 -0.000733 0.003789
v 7.4e-05 -0.000735 0.003875
v 7.4e-05 -0.000735 0.003788
v 6.4e-05 -0.000736 0.003875
v 6.4e-05 -0.000736 0.003787
v 0.00043 -0.000601 0.003821
v 0.00043 -0.000601 0.003908
v 0.000424 -0.000605 0.00382
v 0.000424 -0.000605 0.003907
v 0.000381 -0.000633 0.003815
v 0.000381 -0.000633 0.003902
v 0.00037 -0.00064 0.003814
v 0.00037 -0.00064 0.003901
v 0.000329 -0.000662 0.00381
v 0.000329 -0.000662 0.003897
v 0.000315 -0.000669 0.003809
v 0.000314 -0.000669 0.003896
v 0.000312 -0.00067 0.003809
v 0.000312 -0.00067 0.003896
v 0.000261 -0.000691 0.003804
v 0.000261 -0.000691 0.003891
v 0.000253 -0.000694 0.003803
v 0.000253 -0.000694 0.00389
v 0.000206 -0.00071 0.003799
v 0.000206 -0.00071 0.003886
v 0.000191 -0.000714 0.003798
v 0.000191 -0.000714 0.003885
v 0.000149 -0.000724 0.003794
v 0.000149 -0.000724 0.003881
v 0.000128 -0.000728 0.003792
v 0.000128 -0.000728 0.00388
v 9e-05 -0.000733 0.003877
v 1.6e-05 -0.000739 0.003783
v 1.6e-05 -0.000739 0.003871
v -0.0 -0.000739 0.003782
v -0.0 -0.000739 0.003869
v -4.2e-05 -0.000738 0.003779
v -4.2e-05 -0.000738 0.003866
v -6.4e-05 -0.000736 0.003777
v -6.4e-05 -0.000736 0.003864
v -0.0001 -0.000732 0.003774
v -0.0001 -0.000732 0.00386
v -0.000128 -0.000728 0.003771
v -0.000128 -0.000728 0.003858
v -0.000159 -0.000722 0.003855
v -0.000159 -0.000722 0.003768
v -0.000174 -0.000718 0.003854
v -0.000174 -0.000718 0.003767
v -0.000191 -0.000714 0.003765
v -0.000191 -0.000714 0.003852
v -0.00023 -0.000702 0.003761
v -0.00023 -0.000702 0.003848
v -0.000253 -0.000694 0.003759
v -0.000253 -0.000694 0.003846
v -0.000284 -0.000682 0.003756
v -0.000284 -0.000682 0.003843
v -0.000312 -0.00067 0.003753
v -0.000312 -0.00067 0.00384
v -0.000337 -0.000657 0.003751
v -0.000337 -0.000657 0.003838
v -0.000369 -0.00064 0.003748
v -0.000369 -0.00064 0.003834
v -0.000389 -0.000628 0.003745
v -0.000389 -0.000628 0.003832
v -0.000402 -0.00062 0.003744
v -0.000403 -0.00062 0.003831
v -0.000424 -0.000605 0.003742
v -0.000424 -0.000605 0.003829
v -0.00045 -0.000586 0.003739
v -0.00045 -0.000586 0.003826
v -0.000475 -0.000566 0.003736
v -0.000475 -0.000566 0.003824
v -0.000495 -0.000549 0.003734
v -0.000495 -0.000549 0.003822
v -0.000523 -0.000523 0.003731
v -0.000523 -0.000523 0.003818
v -0.000537 -0.000508 0.00373
v -0.000537 -0.000508 0.003817
v -0.000566 -0.000475 0.003726
v -0.000566 -0.000475 0.003813
v -0.000576 -0.000463 0.003725
v -0.000576 -0.000463 0.003812
v -0.000586 -0.000451 0.003723
v -0.000586 -0.000451 0.003811
v -0.000605 -0.000424 0.003721
v -0.000605 -0.000424 0.003808
v -0.000619 -0.000403 0.003719
v -0.000619 -0.000403 0.003806
v -0.00064 -0.000369 0.003715
v -0.00064 -0.000369 0.003803
v -0.000649 -0.000353 0.003714
v -0.000649 -0.000353 0.003801
v -0.00067 -0.000312 0.00371
v -0.00067 -0.000312 0.003797
v -0.000675 -0.000301 0.003709
v -0.000675 -0.000301 0.003796
v -0.000694 -0.000253 0.003704
v -0.000694 -0.000253 0.003791
v -0.000697 -0.000245 0.00379
v -0.000697 -0.000246 0.003703
v -0.000702 -0.000231 0.003789
v -0.000702 -0.000231 0.003702
v -0.000714 -0.000191 0.003698
v -0.000714 -0.000191 0.003785
v -0.000718 -0.000175 0.003697
v -0.000718 -0.000175 0.003784
v -0.000728 -0.000128 0.003692
v -0.000728 -0.000128 0.003779
v -0.00073 -0.000118 0.003778
v -0.00073 -0.000118 0.003691
v -0.000736 -6.4e-05 0.003773
v -0.000736 -6.4e-05 0.003686
v -0.000737 -6e-05 0.003773
v -0.000737 -6e-05 0.003686
v -0.000739 -0.0 0.003768
v -0.000739 -0.0 0.003681
v -0.000739 2.3e-05 0.003679
v -0.000739 2.3e-05 0.003766
v -0.000736 6.4e-05 0.003675
v -0.000736 6.4e-05 0.003762
v -0.000735 8.1e-05 0.003674
v -0.000735 8.1e-05 0.003761
v -0.000728 0.000128 0.00367
v -0.000728 0.000128 0.003757
v -0.000726 0.000139 0.003756
v -0.000726 0.000139 0.003669
v -0.000723 0.000155 0.003755
v -0.000723 0.000155 0.003668
v -0.000714 0.000191 0.003665
v -0.000714 0.000191 0.003752
v -0.000708 0.000211 0.003663
v -0.000708 0.000211 0.00375
v -0.000694 0.000253 0.00366
v -0.000694 0.000253 0.003747
v -0.000689 0.000266 0.003658
v -0.000689 0.000266 0.003746
v -0.00067 0.000312 0.003654
v -0.00067 0.000312 0.003741
v -0.000666 0.00032 0.003654
v -0.000666 0.00032 0.003741
v -0.00064 0.00037 0.003649
v -0.00064 0.00037 0.003736
v -0.000638 0.000373 0.003649
v -0.000638 0.000373 0.003736
v -0.00063 0.000386 0.003647
v -0.00063 0.000386 0.003734
v -0.000605 0.000424 0.003643
v -0.000605 0.000424 0.00373
v -0.000598 0.000434 0.003642
v -0.000598 0.000434 0.003729
v -0.000566 0.000475 0.003637
v -0.000566 0.000475 0.003724
v -0.000562 0.00048 0.003637
v -0.000562 0.00048 0.003724
v -0.000523 0.000523 0.003631
v -0.000523 0.000523 0.003718
v -0.000522 0.000523 0.003718
v -0.000522 0.000523 0.003631
v -0.000478 0.000563 0.003713
v -0.000478 0.000563 0.003626
v -0.000475 0.000566 0.003625
v -0.000475 0.000566 0.003712
v -0.000466 0.000573 0.003711
v -0.000467 0.000573 0.003624
v -0.000424 0.000605 0.003707
v -0.000424 0.000605 0.00362
v -0.00042 0.000608 0.003706
v -0.00042 0.000608 0.003619
v -0.000371 0.000639 0.003701
v -0.000371 0.000639 0.003614
v -0.00037 0.00064 0.003614
v -0.00037 0.00064 0.003701
v -0.000319 0.000667 0.003609
v -0.000319 0.000667 0.003697
v -0.000312 0.00067 0.003609
v -0.000312 0.00067 0.003696
v -0.000264 0.00069 0.003604
v -0.000264 0.00069 0.003692
v -0.000253 0.000694 0.003603
v -0.000253 0.000694 0.003691
v -0.000249 0.000696 0.00369
v -0.000249 0.000696 0.003603
v -0.000237 0.0007 0.003689
v -0.000194 0.000713 0.003686
v -0.000194 0.000713 0.003598
v -0.000191 0.000714 0.003686
v -0.000191 0.000714 0.003598
v -0.000137 0.000726 0.003681
v -0.000137 0.000726 0.003594
v -0.000128 0.000728 0.00368
v -0.000128 0.000728 0.003593
v -7.9e-05 0.000735 0.003589
v -7.9e-05 0.000735 0.003676
v -6.4e-05 0.000736 0.003588
v -6.4e-05 0.000736 0.003675
v -2e-05 0.000739 0.003584
v -2e-05 0.000739 0.003671
v -5e-06 0.000739 0.00367
v -4e-06 0.000739 0.003583
v 0.0 0.000739 0.003669
v 0.0 0.000739 0.003582
v 5.4e-05 0.000737 0.003664
v 5.4e-05 0.000737 0.003577
v 6.4e-05 0.000736 0.003663
v 6.4e-05 0.000736 0.003576
v 0.000112 0.000731 0.003572
v 0.000111 0.000731 0.003659
v 0.000128 0.000728 0.00357
v 0.000128 0.000728 0.003657
v 0.000169 0.000719 0.003567
v 0.000169 0.000719 0.003654
v 0.000191 0.000714 0.003564
v 0.000191 0.000714 0.003651
v 0.000227 0.000703 0.003561
v 0.000226 0.000703 0.003648
v 0.000241 0.000699 0.003647
v 0.000241 0.000699 0.00356
v 0.000253 0.000694 0.003646
v 0.000253 0.000694 0.003559
v 0.000295 0.000677 0.003555
v 0.000295 0.000677 0.003642
v 0.000312 0.00067 0.003553
v 0.000312 0.00067 0.00364
v 0.000348 0.000652 0.00355
v 0.000348 0.000652 0.003637
v 0.000369 0.00064 0.003548
v 0.000369 0.00064 0.003635
v 0.000398 0.000622 0.003545
v 0.000398 0.000622 0.003632
v 0.000424 0.000605 0.003542
v 0.000424 0.000605 0.003629
v 0.000447 0.000588 0.00354
v 0.000447 0.000588 0.003627
v 0.00046 0.000579 0.003539
v 0.00046 0.000579 0.003626
v 0.000475 0.000566 0.003537
v 0.000475 0.000566 0.003624
v 0.000504 0.000541 0.003534
v 0.000504 0.000541 0.003621
v 0.000523 0.000523 0.003532
v 0.000523 0.000523 0.003619
v 0.000545 0.000499 0.003529
v 0.000545 0.000499 0.003616
v 0.000566 0.000475 0.003527
v 0.000566 0.000475 0.003614
v 0.000583 0.000454 0.003524
v 0.000583 0.000455 0.003611
v 0.000605 0.000424 0.003521
v 0.000605 0.000424 0.003608
v 0.000617 0.000406 0.003606
v 0.000617 0.000406 0.003519
v 0.000626 0.000393 0.003605
v 0.000626 0.000393 0.003518
v 0.00064 0.000369 0.003515
v 0.00064 0.000369 0.003602
v 0.000655 0.000343 0.003513
v 0.000655 0.000343 0.0036
v 0.00067 0.000312 0.003509
v 0.00067 0.000312 0.003596
v 0.00068 0.00029 0.003507
v 0.00068 0.00029 0.003594
v 0.000694 0.000253 0.003504
v 0.000694 0.000253 0.003591
v 0.000701 0.000235 0.003502
v 0.0007 0.000235 0.003589
v 0.000714 0.000191 0.003498
v 0.000714 0.000191 0.003585
v 0.000717 0.000178 0.003583
v 0.000717 0.000178 0.003496
v 0.000721 0.000163 0.003582
v 0.000721 0.000163 0.003495
v 0.000728 0.000128 0.003492
v 0.000728 0.000128 0.003579
v 0.000731 0.000106 0.00349
v 0.000731 0.000106 0.003577
v 0.000736 6.4e-05 0.003486
v 0.000736 6.4e-05 0.003573
v 0.000737 4.8e-05 0.003485
v 0.000737 4.8e-05 0.003572
v 0.000739 0.0 0.003481
v 0.000739 0.0 0.003568
v 0.000739 -1.1e-05 0.003567
v 0.000739 -1.1e-05 0.00348
v 0.000736 -6.4e-05 0.003563
v 0.000736 -6.4e-05 0.003476
v 0.000736 -7e-05 0.003563
v 0.000736 -7e-05 0.003475
v 0.000693 -0.000256 0.00346
v 0.000671 -0.000311 0.003542
v 0.000671 -0.000311 0.003455
v 0.00067 -0.000312 0.003541
v 0.00067 -0.000312 0.003454
v 0.000734 -8.6e-05 0.003474
v 0.000734 -8.6e-05 0.003561
v 0.000728 -0.000128 0.003471
v 0.000728 -0.000128 0.003558
v 0.000725 -0.000143 0.003469
v 0.000725 -0.000143 0.003557
v 0.000714 -0.000191 0.003465
v 0.000714 -0.000191 0.003552
v 0.000711 -0.0002 0.003465
v 0.000711 -0.0002 0.003552
v 0.000694 -0.000253 0.00346
v 0.000694 -0.000253 0.003547
v 0.000693 -0.000256 0.003547
v 0.000664 -0.000324 0.003453
v 0.000664 -0.000324 0.00354
v 0.00064 -0.00037 0.003449
v 0.00064 -0.00037 0.003536
v 0.000636 -0.000376 0.003448
v 0.000636 -0.000375 0.003535
v 0.000605 -0.000424 0.003443
v 0.000605 -0.000424 0.00353
v 0.000605 -0.000425 0.003443
v 0.000569 -0.000471 0.003524
v 0.000569 -0.000471 0.003437
v 0.000566 -0.000475 0.003437
v 0.000566 -0.000475 0.003524
v 0.000529 -0.000516 0.003432
v 0.00053 -0.000515 0.003519
v 0.000523 -0.000523 0.003431
v 0.000523 -0.000523 0.003518
v 0.000519 -0.000527 0.003517
v 0.000519 -0.000526 0.00343
v 0.000476 -0.000566 0.003512
v 0.000476 -0.000566 0.003425
v 0.000475 -0.000566 0.003425
v 0.000475 -0.000566 0.003512
v 0.00043 -0.000601 0.00342
v 0.00043 -0.000601 0.003508
v 0.000424 -0.000605 0.00342
v 0.000424 -0.000605 0.003507
v 0.00038 -0.000634 0.003415
v 0.000381 -0.000633 0.003503
v 0.00037 -0.00064 0.003414
v 0.000369 -0.00064 0.003502
v 0.000328 -0.000662 0.003411
v 0.000328 -0.000662 0.003498
v 0.000314 -0.000669 0.003409
v 0.000314 -0.000669 0.003497
v 0.000312 -0.00067 0.003497
v 0.000312 -0.00067 0.003409
v 0.00026 -0.000692 0.003492
v 0.00026 -0.000692 0.003405
v 0.000253 -0.000694 0.003491
v 0.000253 -0.000694 0.003404
v 0.000205 -0.00071 0.0034
v 0.000205 -0.00071 0.003487
v 0.000191 -0.000714 0.003399
v 0.000191 -0.000714 0.003486
v 0.000148 -0.000724 0.003395
v 0.000148 -0.000724 0.003482
v 0.000128 -0.000728 0.003393
v 0.000128 -0.000728 0.00348
v 9e-05 -0.000734 0.003477
v 8.9e-05 -0.000734 0.00339
v 7.4e-05 -0.000735 0.003475
v 7.4e-05 -0.000735 0.003388
v 6.4e-05 -0.000736 0.003475
v 6.4e-05 -0.000736 0.003388
v 1.6e-05 -0.000739 0.003383
v 1.6e-05 -0.000739 0.00347
v -0.0 -0.000739 0.003382
v -0.0 -0.000739 0.003469
v -4.2e-05 -0.000738 0.003378
v -4.2e-05 -0.000738 0.003465
v -6.4e-05 -0.000736 0.003376
v -6.4e-05 -0.000736 0.003463
v -0.0001 -0.000732 0.003372
v -0.0001 -0.000732 0.003459
v -0.000128 -0.000728 0.00337
v -0.000128 -0.000728 0.003457
v -0.000159 -0.000722 0.003367
v -0.000159 -0.000722 0.003454
v -0.000174 -0.000718 0.003366
v -0.000174 -0.000718 0.003453
v -0.000191 -0.000714 0.003364
v -0.000191 -0.000714 0.003451
v -0.00023 -0.000702 0.003361
v -0.00023 -0.000702 0.003448
v -0.000253 -0.000694 0.003359
v -0.000253 -0.000694 0.003446
v -0.000285 -0.000682 0.003356
v -0.000285 -0.000682 0.003443
v -0.000312 -0.00067 0.003353
v -0.000312 -0.00067 0.00344
v -0.000338 -0.000657 0.003351
v -0.000338 -0.000657 0.003438
v -0.000369 -0.00064 0.003348
v -0.00037 -0.00064 0.003435
v -0.00039 -0.000628 0.003346
v -0.00039 -0.000628 0.003433
v -0.000403 -0.000619 0.003345
v -0.000403 -0.000619 0.003432
v -0.000424 -0.000605 0.003343
v -0.000424 -0.000605 0.00343
v -0.000451 -0.000586 0.00334
v -0.00045 -0.000586 0.003427
v -0.000475 -0.000566 0.003338
v -0.000475 -0.000566 0.003425
v -0.000495 -0.000549 0.003335
v -0.000495 -0.000549 0.003422
v -0.000523 -0.000523 0.003332
v -0.000523 -0.000523 0.003419
v -0.000537 -0.000508 0.00333
v -0.000537 -0.000508 0.003417
v -0.000566 -0.000475 0.003327
v -0.000566 -0.000475 0.003414
v -0.000576 -0.000463 0.003412
v -0.000576 -0.000463 0.003325
v -0.000586 -0.000451 0.003411
v -0.000586 -0.000451 0.003324
v -0.000605 -0.000424 0.003321
v -0.000605 -0.000424 0.003408
v -0.000619 -0.000403 0.003318
v -0.000619 -0.000403 0.003405
v -0.00064 -0.00037 0.003315
v -0.00064 -0.000369 0.003402
v -0.000649 -0.000353 0.003313
v -0.000649 -0.000353 0.0034
v -0.00067 -0.000312 0.003309
v -0.00067 -0.000312 0.003396
v -0.000675 -0.000301 0.003395
v -0.000675 -0.000301 0.003308
v -0.000694 -0.000253 0.00339
v -0.000694 -0.000253 0.003303
v -0.000697 -0.000245 0.003389
v -0.000697 -0.000245 0.003302
v -0.000702 -0.000231 0.003388
v -0.000702 -0.000231 0.003301
v -0.000714 -0.000191 0.003297
v -0.000714 -0.000191 0.003385
v -0.000718 -0.000175 0.003296
v -0.000718 -0.000175 0.003383
v -0.000728 -0.000128 0.003292
v -0.000728 -0.000128 0.003379
v -0.00073 -0.000118 0.003378
v -0.00073 -0.000118 0.003291
v -0.000736 -6.4e-05 0.003374
v -0.000736 -6.4e-05 0.003287
v -0.000737 -5.9e-05 0.003374
v -0.000737 -5.9e-05 0.003286
v -0.000739 -0.0 0.003369
v -0.000739 0.0 0.003281
v -0.000739 2.4e-05 0.00328
v -0.000739 2.4e-05 0.003367
v -0.000736 6.4e-05 0.003276
v -0.000736 6.4e-05 0.003364
v -0.000734 8.2e-05 0.003275
v -0.000734 8.2e-05 0.003362
v -0.000728 0.000128 0.003271
v -0.000728 0.000128 0.003358
v -0.000726 0.00014 0.00327
v -0.000726 0.00014 0.003357
v -0.000723 0.000155 0.003269
v -0.000723 0.000155 0.003356
v -0.000714 0.000191 0.003266
v -0.000714 0.000191 0.003353
v -0.000708 0.000211 0.003264
v -0.000708 0.000211 0.003351
v -0.000694 0.000253 0.00326
v -0.000694 0.000253 0.003347
v -0.000689 0.000266 0.003258
v -0.000689 0.000266 0.003345
v -0.00067 0.000312 0.003254
v -0.00067 0.000312 0.003341
v -0.000666 0.00032 0.00334
v -0.000666 0.00032 0.003253
v -0.00064 0.000369 0.003335
v -0.00064 0.000369 0.003248
v -0.000638 0.000373 0.003335
v -0.000638 0.000373 0.003248
v -0.00063 0.000386 0.003333
v -0.00063 0.000386 0.003246
v -0.000605 0.000424 0.003329
v -0.000605 0.000424 0.003242
v -0.000598 0.000434 0.003328
v -0.000598 0.000434 0.003241
v -0.000566 0.000475 0.003323
v -0.000566 0.000475 0.003236
v -0.000562 0.00048 0.003323
v -0.000562 0.00048 0.003236
v -0.000523 0.000523 0.003318
v -0.000523 0.000523 0.003231
v -0.000522 0.000523 0.003318
v -0.000522 0.000523 0.003231
v -0.000478 0.000563 0.003313
v -0.000478 0.000563 0.003226
v -0.000475 0.000566 0.003225
v -0.000475 0.000566 0.003313
v -0.000466 0.000573 0.003312
v -0.000466 0.000573 0.003225
v -0.000443 0.000592 0.003309
v -0.000424 0.000605 0.00322
v -0.000424 0.000605 0.003308
v -0.00042 0.000608 0.00322
v -0.000249 0.000696 0.003204
v -0.000253 0.000694 0.003204
v -0.000253 0.000694 0.003291
v -0.000264 0.00069 0.003205
v -0.000264 0.00069 0.003292
v -0.000312 0.00067 0.00321
v -0.000312 0.00067 0.003297
v -0.000319 0.000667 0.00321
v -0.000319 0.000667 0.003298
v -0.000369 0.00064 0.003215
v -0.000369 0.00064 0.003302
v -0.00037 0.000639 0.003215
v -0.00037 0.000639 0.003302
v -0.00042 0.000608 0.003307
v -0.000249 0.000696 0.003291
v -0.000194 0.000713 0.003286
v -0.000194 0.000713 0.003199
v -0.000191 0.000714 0.003286
v -0.000191 0.000714 0.003199
v -0.000137 0.000726 0.003281
v -0.000137 0.000726 0.003194
v -0.000128 0.000728 0.00328
v -0.000128 0.000728 0.003193
v -7.9e-05 0.000735 0.003275
v -7.9e-05 0.000735 0.003188
v -6.4e-05 0.000736 0.003274
v -6.4e-05 0.000736 0.003187
v -2e-05 0.000739 0.003183
v -2e-05 0.000739 0.00327
v -4e-06 0.000739 0.003268
v -4e-06 0.000739 0.003181
v -0.0 0.000739 0.003268
v -0.0 0.000739 0.003181
v 5.4e-05 0.000737 0.003176
v 5.4e-05 0.000737 0.003263
v 6.4e-05 0.000736 0.003175
v 6.4e-05 0.000736 0.003262
v 0.000112 0.000731 0.003171
v 0.000112 0.000731 0.003258
v 0.000128 0.000728 0.00317
v 0.000128 0.000728 0.003257
v 0.000169 0.000719 0.003166
v 0.000169 0.000719 0.003253
v 0.000191 0.000714 0.003164
v 0.000191 0.000714 0.003251
v 0.000227 0.000703 0.003161
v 0.000227 0.000703 0.003248
v 0.000242 0.000698 0.00316
v 0.000242 0.000698 0.003247
v 0.000253 0.000694 0.003159
v 0.000253 0.000694 0.003246
v 0.000296 0.000677 0.003155
v 0.000296 0.000677 0.003243
v 0.000312 0.00067 0.003154
v 0.000312 0.00067 0.003241
v 0.000348 0.000652 0.003151
v 0.000348 0.000652 0.003238
v 0.00037 0.00064 0.003149
v 0.00037 0.00064 0.003236
v 0.000399 0.000622 0.003146
v 0.000399 0.000622 0.003233
v 0.000424 0.000605 0.003143
v 0.000424 0.000605 0.00323
v 0.000448 0.000588 0.003141
v 0.000448 0.000588 0.003228
v 0.00046 0.000579 0.003139
v 0.00046 0.000579 0.003226
v 0.000475 0.000566 0.003138
v 0.000475 0.000566 0.003225
v 0.000504 0.000541 0.003134
v 0.000504 0.000541 0.003221
v 0.000523 0.000523 0.003132
v 0.000523 0.000523 0.003219
v 0.000545 0.000499 0.003129
v 0.000545 0.000499 0.003216
v 0.000566 0.000475 0.003126
v 0.000566 0.000475 0.003213
v 0.000583 0.000455 0.003124
v 0.000583 0.000455 0.003211
v 0.000605 0.000424 0.00312
v 0.000605 0.000424 0.003207
v 0.000617 0.000406 0.003118
v 0.000617 0.000406 0.003205
v 0.000626 0.000393 0.003204
v 0.000626 0.000393 0.003117
v 0.00064 0.00037 0.003201
v 0.00064 0.00037 0.003114
v 0.000655 0.000343 0.003112
v 0.000655 0.000343 0.003199
v 0.00067 0.000312 0.003109
v 0.00067 0.000312 0.003196
v 0.00068 0.00029 0.003106
v 0.00068 0.00029 0.003194
v 0.000694 0.000253 0.003103
v 0.000694 0.000253 0.00319
v 0.000701 0.000235 0.003102
v 0.000701 0.000235 0.003189
v 0.000714 0.000191 0.003098
v 0.000714 0.000191 0.003185
v 0.000717 0.000178 0.003184
v 0.000717 0.000178 0.003097
v 0.000721 0.000163 0.003183
v 0.000721 0.000163 0.003095
v 0.000728 0.000128 0.003092
v 0.000728 0.000128 0.00318
v 0.000731 0.000106 0.003091
v 0.000731 0.000106 0.003178
v 0.000736 6.4e-05 0.003087
v 0.000736 6.4e-05 0.003175
v 0.000737 4.8e-05 0.003086
v 0.000737 4.8e-05 0.003173
v 0.000739 -0.0 0.003082
v 0.000739 -0.0 0.003169
v 0.000739 -1.1e-05 0.003081
v 0.000739 -1.1e-05 0.003168
v 0.000736 -6.4e-05 0.003077
v 0.000736 -6.4e-05 0.003164
v 0.000736 -7e-05 0.003076
v 0.000736 -7e-05 0.003163
v 0.000734 -8.6e-05 0.003075
v 0.000734 -8.5e-05 0.003162
v 0.000728 -0.000128 0.003071
v 0.000728 -0.000128 0.003158
v 0.000725 -0.000143 0.00307
v 0.000725 -0.000143 0.003157
v 0.000714 -0.000191 0.003065
v 0.000714 -0.000191 0.003152
v 0.000711 -0.0002 0.003064
v 0.000712 -0.0002 0.003151
v 0.000694 -0.000253 0.003059
v 0.000694 -0.000253 0.003146
v 0.000693 -0.000255 0.003146
v 0.000693 -0.000256 0.003059
v 0.000671 -0.00031 0.00314
v 0.000671 -0.000311 0.003053
v 0.00067 -0.000312 0.003053
v 0.00067 -0.000312 0.00314
v 0.000664 -0.000324 0.003139
v 0.000664 -0.000324 0.003052
v 0.00064 -0.000369 0.003134
v 0.00064 -0.000369 0.003047
v 0.000636 -0.000376 0.003134
v 0.000636 -0.000376 0.003047
v 0.000605 -0.000424 0.003129
v 0.000605 -0.000424 0.003042
v 0.000605 -0.000425 0.003129
v 0.000605 -0.000425 0.003042
v 0.000569 -0.000471 0.003124
v 0.000569 -0.000471 0.003037
v 0.000566 -0.000475 0.003036
v 0.000566 -0.000475 0.003124
v 0.000529 -0.000516 0.003032
v 0.00053 -0.000515 0.003119
v 0.000523 -0.000523 0.003031
v 0.000328 -0.000662 0.003011
v 0.000369 -0.00064 0.003015
v 0.000369 -0.00064 0.003103
v 0.00038 -0.000634 0.003017
v 0.00038 -0.000634 0.003104
v 0.000424 -0.000605 0.003021
v 0.000424 -0.000605 0.003108
v 0.000429 -0.000602 0.003021
v 0.000429 -0.000602 0.003109
v 0.000475 -0.000566 0.003026
v 0.000475 -0.000566 0.003113
v 0.000518 -0.000527 0.003031
v 0.000518 -0.000527 0.003118
v 0.000523 -0.000523 0.003119
v 0.000328 -0.000662 0.003098
v 0.000314 -0.000669 0.003097
v 0.000314 -0.000669 0.00301
v 0.000312 -0.00067 0.003097
v 0.000312 -0.00067 0.00301
v 0.000261 -0.000691 0.003092
v 0.000261 -0.000692 0.003005
v 0.000253 -0.000694 0.003091
v 0.000253 -0.000694 0.003004
v 0.000205 -0.00071 0.003087
v 0.000205 -0.00071 0.003
v 0.000191 -0.000714 0.003085
v 0.000191 -0.000714 0.002998
v 0.000148 -0.000724 0.002994
v 0.000148 -0.000724 0.003081
v 0.000128 -0.000728 0.002992
v 0.000128 -0.000728 0.003079
v 9e-05 -0.000734 0.002989
v 9e-05 -0.000734 0.003076
v 7.4e-05 -0.000735 0.003074
v 7.4e-05 -0.000735 0.002987
v 6.4e-05 -0.000736 0.003073
v 6.4e-05 -0.000736 0.002986
v 1.6e-05 -0.000739 0.002982
v 1.6e-05 -0.000739 0.003069
v 0.0 -0.000739 0.002981
v 0.0 -0.000739 0.003068
v -4.2e-05 -0.000738 0.002977
v -4.2e-05 -0.000738 0.003064
v -6.4e-05 -0.000736 0.002975
v -6.4e-05 -0.000736 0.003062
v -0.0001 -0.000732 0.002972
v -0.0001 -0.000732 0.00306
v -0.000128 -0.000728 0.00297
v -0.000128 -0.000728 0.003057
v -0.000159 -0.000722 0.002967
v -0.000159 -0.000722 0.003055
v -0.000175 -0.000718 0.002966
v -0.000174 -0.000718 0.003053
v -0.000191 -0.000714 0.002965
v -0.000191 -0.000714 0.003052
v -0.00023 -0.000702 0.002961
v -0.00023 -0.000702 0.003049
v -0.000253 -0.000694 0.00296
v -0.000253 -0.000694 0.003047
v -0.000285 -0.000682 0.002957
v -0.000285 -0.000682 0.003044
v -0.000312 -0.00067 0.002954
v -0.000312 -0.00067 0.003041
v -0.000338 -0.000657 0.002952
v -0.000338 -0.000657 0.003039
v -0.00037 -0.00064 0.002949
v -0.00037 -0.00064 0.003036
v -0.00039 -0.000628 0.003034
v -0.00039 -0.000628 0.002947
v -0.000403 -0.00062 0.003032
v -0.000403 -0.00062 0.002945
v -0.000424 -0.000605 0.002943
v -0.000424 -0.000605 0.00303
v -0.00045 -0.000586 0.00294
v -0.00045 -0.000586 0.003027
v -0.000475 -0.000566 0.002937
v -0.000475 -0.000566 0.003024
v -0.000495 -0.000549 0.002935
v -0.000495 -0.000549 0.003022
v -0.000523 -0.000523 0.002931
v -0.000523 -0.000523 0.003018
v -0.000537 -0.000508 0.002929
v -0.000537 -0.000508 0.003016
v -0.000566 -0.000475 0.002925
v -0.000566 -0.000475 0.003012
v -0.000576 -0.000463 0.002924
v -0.000576 -0.000463 0.003011
v -0.000586 -0.000451 0.002923
v -0.000586 -0.000451 0.00301
v -0.000605 -0.000424 0.00292
v -0.000605 -0.000424 0.003007
v -0.000619 -0.000403 0.002918
v -0.000619 -0.000403 0.003005
v -0.00064 -0.00037 0.002914
v -0.00064 -0.00037 0.003001
v -0.000649 -0.000353 0.002913
v -0.000649 -0.000353 0.003
v -0.00067 -0.000312 0.002909
v -0.00067 -0.000312 0.002996
v -0.000675 -0.000301 0.002995
v -0.000675 -0.000301 0.002908
v -0.000694 -0.000253 0.002991
v -0.000694 -0.000253 0.002903
v -0.000697 -0.000245 0.00299
v -0.000697 -0.000245 0.002903
v -0.000702 -0.000231 0.002902
v -0.000702 -0.000231 0.002989
v -0.000714 -0.000191 0.002898
v -0.000714 -0.000191 0.002986
v -0.000718 -0.000175 0.002897
v -0.000718 -0.000175 0.002984
v -0.000728 -0.000128 0.002893
v -0.000728 -0.000128 0.00298
v -0.00073 -0.000118 0.002892
v -0.00073 -0.000118 0.002979
v -0.000736 -6.4e-05 0.002888
v -0.000736 -6.4e-05 0.002975
v -0.000737 -5.9e-05 0.002887
v -0.000737 -5.9e-05 0.002974
v -0.000739 0.0 0.002882
v -0.000739 0.0 0.002969
v -0.000739 2.3e-05 0.00288
v -0.000739 2.3e-05 0.002967
v -0.000736 6.4e-05 0.002876
v -0.000736 6.4e-05 0.002963
v -0.000735 8.1e-05 0.002875
v -0.000735 8.1e-05 0.002962
v -0.000728 0.000128 0.00287
v -0.000728 0.000128 0.002957
v -0.000726 0.000139 0.002956
v -0.000726 0.000139 0.002869
v -0.000723 0.000154 0.002955
v -0.000723 0.000154 0.002868
v -0.000714 0.000191 0.002951
v -0.000714 0.000191 0.002864
v -0.000708 0.00021 0.002863
v -0.000708 0.00021 0.00295
v -0.000694 0.000253 0.002859
v -0.000694 0.000253 0.002946
v -0.00069 0.000266 0.002944
v -0.00069 0.000265 0.002857
v -0.00067 0.000312 0.00294
v -0.00067 0.000312 0.002853
v -0.000666 0.000319 0.002939
v -0.000666 0.000319 0.002852
v -0.00064 0.000369 0.002935
v -0.00064 0.000369 0.002848
v -0.000639 0.000372 0.002934
v -0.000639 0.000372 0.002847
v -0.00063 0.000386 0.002933
v -0.000631 0.000385 0.002846
v -0.000605 0.000424 0.002842
v -0.000605 0.000424 0.00293
v -0.000598 0.000434 0.002929
v -0.000598 0.000434 0.002841
v -0.000566 0.000475 0.002924
v -0.000566 0.000475 0.002837
v -0.000522 0.000523 0.002832
v -0.000479 0.000563 0.002914
v -0.000479 0.000563 0.002827
v -0.000475 0.000566 0.002914
v -0.000475 0.000566 0.002827
v -0.000562 0.00048 0.002837
v -0.000562 0.00048 0.002924
v -0.000523 0.000523 0.002832
v -0.000523 0.000523 0.002919
v -0.000522 0.000523 0.002919
v -0.000467 0.000573 0.002826
v -0.000467 0.000573 0.002913
v -0.000424 0.000605 0.002821
v -0.000424 0.000605 0.002908
v -0.00042 0.000608 0.002821
v -0.00042 0.000608 0.002908
v -0.000371 0.000639 0.002902
v -0.000371 0.000639 0.002816
v -0.000369 0.00064 0.002902
v -0.000369 0.00064 0.002815
v -0.000319 0.000667 0.002897
v -0.000319 0.000666 0.00281
v -0.000312 0.00067 0.002896
v -0.000312 0.00067 0.002809
v -0.000265 0.00069 0.002805
v -0.000265 0.00069 0.002892
v -0.000253 0.000694 0.002804
v -0.000253 0.000694 0.002891
v -0.00025 0.000695 0.00289
v -0.00025 0.000695 0.002803
v -0.000195 0.000713 0.002885
v -0.000195 0.000713 0.002798
v 0.000226 0.000704 0.002762
v 0.000241 0.000699 0.002848
v 0.000241 0.000699 0.002761
v 0.000253 0.000694 0.002847
v 0.000253 0.000694 0.00276
v -0.000191 0.000714 0.002798
v -0.000191 0.000714 0.002885
v -0.000138 0.000726 0.002793
v -0.000138 0.000726 0.00288
v -0.000128 0.000728 0.002792
v -0.000128 0.000728 0.002879
v -8e-05 0.000735 0.002788
v -8e-05 0.000735 0.002875
v -6.4e-05 0.000736 0.002786
v -6.4e-05 0.000736 0.002873
v -2.1e-05 0.000739 0.002783
v -2e-05 0.000739 0.00287
v -5e-06 0.000739 0.002781
v -5e-06 0.000739 0.002869
v -0.0 0.000739 0.002781
v -0.0 0.000739 0.002868
v 5.3e-05 0.000737 0.002777
v 5.3e-05 0.000737 0.002864
v 6.4e-05 0.000736 0.002776
v 6.4e-05 0.000736 0.002863
v 0.000111 0.000731 0.002772
v 0.000111 0.000731 0.002859
v 0.000128 0.000728 0.002771
v 0.000128 0.000728 0.002858
v 0.000169 0.000719 0.002767
v 0.000169 0.000719 0.002854
v 0.000191 0.000714 0.002765
v 0.000191 0.000714 0.002852
v 0.000226 0.000704 0.002849
v 0.000295 0.000678 0.002756
v 0.000295 0.000678 0.002843
v 0.000312 0.00067 0.002754
v 0.000312 0.00067 0.002841
v 0.000347 0.000652 0.002751
v 0.000347 0.000652 0.002838
v 0.00037 0.00064 0.002748
v 0.00037 0.00064 0.002835
v 0.000398 0.000623 0.002745
v 0.000398 0.000623 0.002832
v 0.000424 0.000605 0.002743
v 0.000424 0.000605 0.00283
v 0.000447 0.000589 0.00274
v 0.000447 0.000589 0.002827
v 0.000459 0.000579 0.002826
v 0.000459 0.000579 0.002739
v 0.000475 0.000566 0.002824
v 0.000475 0.000566 0.002737
v 0.000503 0.000541 0.002733
v 0.000503 0.000541 0.00282
v 0.000523 0.000523 0.002731
v 0.000523 0.000523 0.002818
v 0.000544 0.0005 0.002728
v 0.000544 0.0005 0.002815
v 0.000566 0.000475 0.002725
v 0.000566 0.000475 0.002812
v 0.000582 0.000455 0.002723
v 0.000582 0.000455 0.00281
v 0.000605 0.000424 0.00272
v 0.000605 0.000424 0.002807
v 0.000617 0.000407 0.002718
v 0.000617 0.000407 0.002805
v 0.000625 0.000394 0.002717
v 0.000626 0.000393 0.002804
v 0.00064 0.00037 0.002714
v 0.00064 0.00037 0.002802
v 0.000654 0.000343 0.002712
v 0.000655 0.000343 0.002799
v 0.00067 0.000312 0.002709
v 0.00067 0.000312 0.002797
v 0.000679 0.000291 0.002707
v 0.00068 0.00029 0.002795
v 0.000694 0.000253 0.002704
v 0.000694 0.000253 0.002791
v 0.0007 0.000236 0.002703
v 0.0007 0.000236 0.00279
v 0.000714 0.000191 0.002699
v 0.000714 0.000191 0.002786
v 0.000717 0.000179 0.002698
v 0.000717 0.000179 0.002785
v 0.000721 0.000164 0.002696
v 0.000721 0.000164 0.002783
v 0.000728 0.000128 0.002693
v 0.000728 0.000128 0.00278
v 0.000731 0.000106 0.002691
v 0.000731 0.000106 0.002778
v 0.000736 6.4e-05 0.002688
v 0.000736 6.4e-05 0.002775
v 0.000737 4.9e-05 0.002686
v 0.000737 4.9e-05 0.002773
v 0.000739 -0.0 0.002682
v 0.000739 -0.0 0.002769
v 0.000739 -1e-05 0.002768
v 0.000739 -1e-05 0.002681
v 0.000736 -6.4e-05 0.002763
v 0.000736 -6.4e-05 0.002676
v 0.000736 -7e-05 0.002762
v 0.000736 -6.9e-05 0.002675
v 0.000734 -8.5e-05 0.002761
v 0.000734 -8.5e-05 0.002674
v 0.000728 -0.000128 0.002757
v 0.000728 -0.000128 0.00267
v 0.000725 -0.000142 0.002756
v 0.000725 -0.000142 0.002669
v 0.000714 -0.000191 0.002751
v 0.000714 -0.000191 0.002664
v 0.000712 -0.000199 0.00275
v 0.000712 -0.000199 0.002663
v 0.000694 -0.000253 0.002746
v 0.000694 -0.000253 0.002659
v 0.000694 -0.000255 0.002746
v 0.000694 -0.000255 0.002658
v 0.000671 -0.00031 0.002741
v 0.000671 -0.00031 0.002653
v 0.00067 -0.000312 0.002653
v 0.00067 -0.000312 0.00274
v 0.000664 -0.000324 0.002739
v 0.000664 -0.000324 0.002652
v 0.00064 -0.00037 0.002735
v 0.00064 -0.000369 0.002648
v 0.000637 -0.000375 0.002647
v 0.000637 -0.000375 0.002735
v 0.000605 -0.000424 0.002643
v 0.000605 -0.000424 0.00273
v 0.000519 -0.000526 0.002632
v 0.000523 -0.000523 0.002632
v 0.000523 -0.000523 0.002719
v 0.00053 -0.000515 0.002633
v 0.00053 -0.000515 0.00272
v 0.000566 -0.000475 0.002638
v 0.000566 -0.000475 0.002725
v 0.00057 -0.000471 0.002638
v 0.000569 -0.000471 0.002725
v 0.000519 -0.000526 0.002719
v 0.000476 -0.000565 0.002714
v 0.000476 -0.000565 0.002627
v 0.000475 -0.000566 0.002714
v 0.000475 -0.000566 0.002627
v 0.00043 -0.000601 0.002708
v 0.00043 -0.000601 0.002621
v 0.000424 -0.000605 0.002708
v 0.000424 -0.000605 0.002621
v 0.000381 -0.000633 0.002703
v 0.000381 -0.000633 0.002616
v 0.00037 -0.00064 0.002702
v 0.00037 -0.00064 0.002615
v 0.000329 -0.000662 0.002611
v 0.000329 -0.000662 0.002697
v 0.000315 -0.000669 0.002696
v 0.000315 -0.000669 0.002609
v 0.000312 -0.00067 0.002696
v 0.000312 -0.00067 0.002609
v 0.000261 -0.000691 0.002604
v 0.000261 -0.000691 0.002691
v 0.000253 -0.000694 0.002603
v 0.000253 -0.000694 0.00269
v 0.000206 -0.00071 0.002599
v 0.000206 -0.00071 0.002686
v 0.000191 -0.000714 0.002597
v 0.000191 -0.000714 0.002685
v 0.000149 -0.000724 0.002594
v 0.000149 -0.000724 0.002681
v 0.000128 -0.000728 0.002592
v 0.000128 -0.000728 0.002679
v 9e-05 -0.000733 0.002589
v 9e-05 -0.000733 0.002676
v 7.5e-05 -0.000735 0.002588
v 7.5e-05 -0.000735 0.002675
v 6.4e-05 -0.000736 0.002587
v 6.4e-05 -0.000736 0.002674
v 1.7e-05 -0.000739 0.002583
v 1.6e-05 -0.000739 0.00267
v -0.0 -0.000739 0.002582
v -0.0 -0.000739 0.002669
v -4.2e-05 -0.000738 0.002578
v -4.2e-05 -0.000738 0.002665
v -6.4e-05 -0.000736 0.002576
v -6.4e-05 -0.000736 0.002664
v -0.0001 -0.000732 0.002573
v -0.0001 -0.000732 0.002661
v -0.000128 -0.000728 0.002571
v -0.000128 -0.000728 0.002658
v -0.000159 -0.000722 0.002568
v -0.000159 -0.000722 0.002655
v -0.000174 -0.000718 0.002567
v -0.000174 -0.000718 0.002654
v -0.000191 -0.000714 0.002566
v -0.000191 -0.000714 0.002652
v -0.00023 -0.000702 0.002562
v -0.00023 -0.000702 0.002649
v -0.000253 -0.000694 0.00256
v -0.000253 -0.000694 0.002647
v -0.000284 -0.000682 0.002557
v -0.000284 -0.000682 0.002644
v -0.000312 -0.00067 0.002554
v -0.000312 -0.00067 0.002641
v -0.000337 -0.000658 0.002551
v -0.000337 -0.000657 0.002638
v -0.000369 -0.00064 0.002548
v -0.000369 -0.00064 0.002635
v -0.000389 -0.000628 0.002546
v -0.000389 -0.000628 0.002633
v -0.000402 -0.00062 0.002544
v -0.000402 -0.00062 0.002631
v -0.000424 -0.000605 0.002542
v -0.000424 -0.000605 0.002629
v -0.00045 -0.000586 0.002539
v -0.00045 -0.000586 0.002626
v -0.000475 -0.000566 0.002536
v -0.000475 -0.000566 0.002623
v -0.000494 -0.000549 0.002534
v -0.000495 -0.000549 0.002621
v -0.000523 -0.000523 0.002531
v -0.000523 -0.000523 0.002618
v -0.000536 -0.000508 0.002529
v -0.000537 -0.000508 0.002616
v -0.000566 -0.000475 0.002525
v -0.000566 -0.000475 0.002613
v -0.000576 -0.000463 0.002524
v -0.000576 -0.000463 0.002612
v -0.000585 -0.000451 0.002523
v -0.000586 -0.000451 0.00261
v -0.000605 -0.000424 0.00252
v -0.000605 -0.000424 0.002608
v -0.000619 -0.000404 0.002518
v -0.000619 -0.000403 0.002606
v -0.00064 -0.000369 0.002515
v -0.00064 -0.000369 0.002602
v -0.000649 -0.000354 0.002514
v -0.000649 -0.000353 0.002601
v -0.00067 -0.000312 0.00251
v -0.00067 -0.000312 0.002597
v -0.000675 -0.000301 0.002509
v -0.000675 -0.000301 0.002596
v -0.000694 -0.000253 0.002504
v -0.000694 -0.000253 0.002591
v -0.000697 -0.000246 0.002504
v -0.000697 -0.000246 0.002591
v -0.000702 -0.000231 0.002502
v -0.000702 -0.000231 0.002589
v -0.000714 -0.000191 0.002499
v -0.000714 -0.000191 0.002586
v -0.000718 -0.000175 0.002497
v -0.000718 -0.000175 0.002584
v -0.000728 -0.000128 0.002493
v -0.000728 -0.000128 0.00258
v -0.00073 -0.000118 0.002492
v -0.00073 -0.000118 0.002579
v -0.000736 -6.4e-05 0.002574
v -0.000739 -0.0 0.002481
v -0.000739 -0.0 0.002568
v -0.000739 2.3e-05 0.002479
v -0.000739 2.3e-05 0.002566
v -0.000736 6.4e-05 0.002475
v -0.000736 6.4e-05 0.002562
v -0.000735 8.1e-05 0.002474
v -0.000734 8.1e-05 0.002561
v -0.000728 0.000128 0.00247
v -0.000728 0.000128 0.002557
v -0.000726 0.000139 0.002556
v -0.000726 0.000139 0.002469
v -0.000723 0.000155 0.002555
v -0.000723 0.000155 0.002467
v -0.000714 0.000191 0.002464
v -0.000714 0.000191 0.002551
v -0.000708 0.000211 0.002463
v -0.000708 0.000211 0.00255
v -0.000694 0.000253 0.002459
v -0.000694 0.000253 0.002546
v -0.000689 0.000266 0.002458
v -0.000689 0.000266 0.002545
v -0.00067 0.000312 0.002454
v -0.00067 0.000312 0.002541
v -0.000666 0.00032 0.002453
v -0.000666 0.00032 0.00254
v -0.00064 0.00037 0.002449
v -0.00064 0.00037 0.002536
v -0.000638 0.000372 0.002448
v -0.000638 0.000373 0.002535
v -0.00063 0.000386 0.002447
v -0.00063 0.000386 0.002534
v -0.000605 0.000424 0.002443
v -0.000605 0.000424 0.00253
v -0.000598 0.000434 0.002442
v -0.000598 0.000434 0.002529
v -0.000566 0.000475 0.002438
v -0.000566 0.000475 0.002525
v -0.000562 0.00048 0.002437
v -0.000562 0.00048 0.002524
v -0.000523 0.000523 0.002432
v -0.000523 0.000523 0.002519
v -0.000522 0.000523 0.002432
v -0.000522 0.000523 0.002519
v -0.000478 0.000563 0.002513
v -0.000478 0.000563 0.002426
v -0.000475 0.000566 0.002513
v -0.000475 0.000566 0.002426
v -0.000467 0.000573 0.002512
v -0.000467 0.000573 0.002425
v -0.000424 0.000605 0.002507
v -0.000424 0.000605 0.00242
v -0.00042 0.000608 0.002507
v -0.00042 0.000608 0.00242
v -0.000371 0.000639 0.002501
v -0.000371 0.000639 0.002414
v -0.00037 0.00064 0.002414
v -0.00037 0.00064 0.002501
v -0.000319 0.000667 0.002409
v -0.000319 0.000667 0.002496
v -0.000312 0.00067 0.002409
v -0.000312 0.00067 0.002496
v -0.000264 0.00069 0.002404
v -0.000264 0.00069 0.002491
v -0.000253 0.000694 0.002403
v -0.000253 0.000694 0.00249
v -0.000249 0.000696 0.00249
v -0.000249 0.000696 0.002403
v -0.000235 0.000701 0.002489
v -0.000194 0.000713 0.002398
v -0.000194 0.000713 0.002485
v -0.000191 0.000714 0.002398
v -0.000191 0.000714 0.002485
v -0.000137 0.000726 0.002393
v -0.000137 0.000726 0.002481
v -0.000128 0.000728 0.002393
v -0.000128 0.000728 0.00248
v -7.9e-05 0.000735 0.002389
v -7.9e-05 0.000735 0.002476
v -6.4e-05 0.000736 0.002387
v -6.4e-05 0.000736 0.002475
v -2e-05 0.000739 0.002384
v 6.4e-05 0.000736 0.002464
v 6.4e-05 0.000736 0.002377
v 5.4e-05 0.000737 0.002378
v -2e-05 0.000739 0.002471
v -4e-06 0.000739 0.00247
v -4e-06 0.000739 0.002382
v 0.0 0.000739 0.002469
v 0.0 0.000739 0.002382
v 2.5e-05 0.000739 0.002467
v 5.4e-05 0.000737 0.002465
v 0.000112 0.00073 0.002372
v 0.000112 0.00073 0.002459
v 0.000128 0.000728 0.002371
v 0.000128 0.000728 0.002458
v 0.000169 0.000719 0.002367
v 0.000169 0.000719 0.002454
v 0.000191 0.000714 0.002365
v 0.000191 0.000714 0.002452
v 0.000227 0.000703 0.002449
v 0.000227 0.000703 0.002362
v 0.000241 0.000699 0.002447
v 0.000241 0.000699 0.00236
v 0.000253 0.000694 0.002446
v 0.000253 0.000694 0.002359
v 0.000295 0.000677 0.002355
v 0.000295 0.000677 0.002442
v 0.000312 0.00067 0.002353
v 0.000312 0.00067 0.00244
v 0.000348 0.000652 0.00235
v 0.000348 0.000652 0.002437
v 0.000369 0.00064 0.002347
v 0.000369 0.00064 0.002434
v 0.000398 0.000622 0.002345
v 0.000398 0.000622 0.002432
v 0.000424 0.000605 0.002342
v 0.000424 0.000605 0.002429
v 0.000447 0.000588 0.002339
v 0.000447 0.000588 0.002427
v 0.00046 0.000579 0.002338
v 0.00046 0.000579 0.002425
v 0.000475 0.000566 0.002337
v 0.000475 0.000566 0.002424
v 0.000477 0.000564 0.002424
v 0.000504 0.000541 0.002333
v 0.000504 0.000541 0.002421
v 0.000523 0.000523 0.002331
v 0.000523 0.000523 0.002419
v 0.000545 0.000499 0.002329
v 0.000545 0.000499 0.002416
v 0.000566 0.000475 0.002326
v 0.000566 0.000475 0.002413
v 0.000583 0.000455 0.002324
v 0.000583 0.000455 0.002411
v 0.000605 0.000424 0.002321
v 0.000605 0.000424 0.002408
v 0.000617 0.000406 0.002319
v 0.000617 0.000406 0.002406
v 0.000626 0.000393 0.002318
v 0.000626 0.000393 0.002405
v 0.00064 0.000369 0.002316
v 0.00064 0.000369 0.002403
v 0.000655 0.000343 0.002313
v 0.000655 0.000343 0.0024
v 0.00067 0.000312 0.00231
v 0.00067 0.000312 0.002397
v 0.00068 0.00029 0.002308
v 0.00068 0.00029 0.002395
v 0.000694 0.000253 0.002304
v 0.000694 0.000253 0.002391
v 0.000701 0.000235 0.002302
v 0.000701 0.000235 0.002389
v 0.000714 0.000191 0.002298
v 0.000714 0.000191 0.002385
v 0.000717 0.000178 0.002384
v 0.000717 0.000178 0.002297
v 0.000721 0.000163 0.002383
v 0.000721 0.000163 0.002296
v 0.000728 0.000128 0.002379
v 0.000728 0.000128 0.002292
v 0.000731 0.000106 0.00229
v 0.000731 0.000106 0.002377
v 0.000736 6.4e-05 0.002286
v 0.000736 6.4e-05 0.002373
v 0.000737 4.8e-05 0.002285
v 0.000737 4.8e-05 0.002372
v 0.000739 0.0 0.002281
v 0.000739 0.0 0.002368
v 0.000739 -1.1e-05 0.002367
v 0.000739 -1e-05 0.00228
v 0.000736 -6.4e-05 0.002362
v 0.000736 -6.4e-05 0.002275
v 0.000736 -7e-05 0.002362
v 0.000736 -7e-05 0.002275
v 0.000734 -8.6e-05 0.002361
v 0.000734 -8.6e-05 0.002274
v 0.000693 -0.000255 0.002259
v 0.000671 -0.000311 0.002342
v 0.000671 -0.00031 0.002254
v 0.00067 -0.000312 0.002341
v 0.00067 -0.000312 0.002254
v 0.000728 -0.000128 0.00227
v 0.000728 -0.000128 0.002357
v 0.000725 -0.000143 0.002269
v 0.000725 -0.000143 0.002356
v 0.000714 -0.000191 0.002265
v 0.000714 -0.000191 0.002352
v 0.000712 -0.0002 0.002264
v 0.000711 -0.0002 0.002351
v 0.000694 -0.000253 0.00226
v 0.000694 -0.000253 0.002347
v 0.000693 -0.000256 0.002347
v 0.000605 -0.000425 0.002243
v 0.000569 -0.000471 0.002325
v 0.000569 -0.000471 0.002238
v 0.000566 -0.000475 0.002324
v 0.000566 -0.000475 0.002237
v 0.000664 -0.000325 0.002253
v 0.000664 -0.000324 0.00234
v 0.00064 -0.00037 0.002249
v 0.00064 -0.00037 0.002336
v 0.000636 -0.000376 0.002248
v 0.000636 -0.000376 0.002335
v 0.000605 -0.000424 0.002243
v 0.000605 -0.000424 0.00233
v 0.000605 -0.000425 0.00233
v 0.000529 -0.000516 0.002232
v 0.000529 -0.000516 0.002319
v 0.000523 -0.000523 0.002231
v 0.000523 -0.000523 0.002318
v 0.000519 -0.000526 0.002318
v 0.000519 -0.000526 0.002231
v 0.000476 -0.000566 0.002312
v 0.000476 -0.000566 0.002226
v 9e-05 -0.000734 0.00219
v 7.4e-05 -0.000735 0.002276
v 7.4e-05 -0.000735 0.002189
v 6.4e-05 -0.000736 0.002275
v 6.4e-05 -0.000736 0.002188
v 0.000475 -0.000566 0.002225
v 0.000475 -0.000566 0.002312
v 0.00043 -0.000601 0.00222
v 0.00043 -0.000601 0.002307
v 0.000424 -0.000605 0.00222
v 0.000424 -0.000605 0.002307
v 0.000381 -0.000633 0.002215
v 0.000381 -0.000633 0.002302
v 0.00037 -0.00064 0.002214
v 0.00037 -0.00064 0.002301
v 0.000328 -0.000662 0.00221
v 0.000328 -0.000662 0.002297
v 0.000314 -0.000669 0.002209
v 0.000314 -0.000669 0.002296
v 0.000312 -0.00067 0.002209
v 0.000312 -0.00067 0.002296
v 0.000261 -0.000692 0.002204
v 0.00026 -0.000692 0.002291
v 0.000253 -0.000694 0.002203
v 0.000253 -0.000694 0.002291
v 0.000205 -0.00071 0.002199
v 0.000205 -0.00071 0.002287
v 0.000191 -0.000714 0.002198
v 0.000191 -0.000714 0.002286
v 0.000148 -0.000724 0.002195
v 0.000148 -0.000724 0.002282
v 0.000128 -0.000728 0.002193
v 0.000128 -0.000728 0.00228
v 9e-05 -0.000734 0.002277
v 1.6e-05 -0.000739 0.002184
v 1.6e-05 -0.000739 0.002271
v -0.0 -0.000739 0.002182
v -0.0 -0.000739 0.002269
v -4.2e-05 -0.000738 0.002178
v -4.2e-05 -0.000738 0.002265
v -6.4e-05 -0.000736 0.002176
v -6.4e-05 -0.000736 0.002263
v -0.0001 -0.000732 0.002173
v -0.0001 -0.000732 0.00226
v -0.000128 -0.000728 0.00217
v -0.000128 -0.000728 0.002257
v -0.000159 -0.000722 0.002167
v -0.000159 -0.000722 0.002254
v -0.000174 -0.000718 0.002253
v -0.000174 -0.000718 0.002166
v -0.000191 -0.000714 0.002251
v -0.000191 -0.000714 0.002164
v -0.00023 -0.000702 0.002161
v -0.00023 -0.000702 0.002248
v -0.000253 -0.000694 0.002159
v -0.000253 -0.000694 0.002246
v -0.000284 -0.000682 0.002156
v -0.000285 -0.000682 0.002243
v -0.000312 -0.00067 0.002153
v -0.000312 -0.00067 0.00224
v -0.000338 -0.000657 0.002151
v -0.000338 -0.000657 0.002238
v -0.000369 -0.00064 0.002148
v -0.000369 -0.00064 0.002235
v -0.00039 -0.000628 0.002146
v -0.00039 -0.000628 0.002233
v -0.000403 -0.00062 0.002144
v -0.000403 -0.000619 0.002232
v -0.000424 -0.000605 0.002142
v -0.000424 -0.000605 0.00223
v -0.00045 -0.000586 0.00214
v -0.00045 -0.000586 0.002227
v -0.000475 -0.000566 0.002137
v -0.000475 -0.000566 0.002224
v -0.000495 -0.000549 0.002135
v -0.000495 -0.000549 0.002222
v -0.000523 -0.000523 0.002132
v -0.000523 -0.000523 0.002219
v -0.000537 -0.000508 0.00213
v -0.000537 -0.000508 0.002217
v -0.000566 -0.000475 0.002127
v -0.000566 -0.000475 0.002214
v -0.000576 -0.000463 0.002125
v -0.000576 -0.000463 0.002212
v -0.000586 -0.000451 0.002124
v -0.000586 -0.000451 0.002211
v -0.000605 -0.000424 0.002121
v -0.000605 -0.000424 0.002208
v -0.000619 -0.000403 0.002119
v -0.000619 -0.000403 0.002206
v -0.00064 -0.000369 0.002115
v -0.00064 -0.000369 0.002202
v -0.000649 -0.000353 0.002114
v -0.000649 -0.000353 0.002201
v -0.00067 -0.000312 0.002109
v -0.00067 -0.000312 0.002196
v -0.000675 -0.000301 0.002195
v -0.000675 -0.000301 0.002108
v -0.000694 -0.000253 0.00219
v -0.000694 -0.000253 0.002103
v -0.000697 -0.000245 0.00219
v -0.000697 -0.000245 0.002103
v -0.000702 -0.000231 0.002188
v -0.000702 -0.000231 0.002101
v -0.000714 -0.000191 0.002185
v -0.000714 -0.000191 0.002098
v -0.000718 -0.000175 0.002096
v -0.000718 -0.000175 0.002183
v -0.000728 -0.000128 0.002092
v -0.000728 -0.000128 0.002179
v -0.00073 -0.000118 0.002178
v -0.00073 -0.000118 0.002091
v -0.000736 -6.4e-05 0.002174
v -0.000736 -6.4e-05 0.002086
v -0.000737 -6e-05 0.002173
v -0.000737 -5.9e-05 0.002086
v -0.000739 -0.0 0.002168
v -0.000739 0.0 0.002081
v -0.000739 2.4e-05 0.002079
v -0.000739 2.4e-05 0.002166
v -0.000736 6.4e-05 0.002076
v -0.000736 6.4e-05 0.002163
v -0.000734 8.2e-05 0.002074
v -0.000734 8.2e-05 0.002162
v -0.000728 0.000128 0.002071
v -0.000728 0.000128 0.002158
v -0.000726 0.00014 0.00207
v -0.000726 0.00014 0.002157
v -0.000723 0.000155 0.002068
v -0.000723 0.000155 0.002156
v -0.000714 0.000191 0.002065
v -0.000714 0.000191 0.002153
v -0.000708 0.000211 0.002064
v -0.000708 0.000211 0.002151
v -0.000694 0.000253 0.00206
v -0.000694 0.000253 0.002147
v -0.000689 0.000266 0.002059
v -0.000689 0.000266 0.002146
v -0.00067 0.000312 0.002054
v -0.00067 0.000312 0.002141
v -0.000666 0.00032 0.002054
v -0.000666 0.00032 0.002141
v -0.00064 0.00037 0.002048
v -0.00064 0.00037 0.002135
v -0.000605 0.000424 0.002043
v -0.00063 0.000386 0.002047
v -0.00063 0.000386 0.002134
v -0.000638 0.000373 0.002048
v -0.000638 0.000373 0.002135
v -0.000639 0.000371 0.002135
v -0.000605 0.000424 0.00213
v -0.000598 0.000434 0.002128
v -0.000598 0.000434 0.002041
v -0.000566 0.000475 0.002124
v -0.000566 0.000475 0.002037
v -0.000562 0.00048 0.002123
v -0.000562 0.00048 0.002036
v -0.000523 0.000523 0.002118
v -0.000523 0.000523 0.002031
v -0.000522 0.000523 0.002118
v -0.000522 0.000523 0.002031
v -0.000478 0.000563 0.002113
v -0.000478 0.000563 0.002026
v -0.000475 0.000566 0.002025
v -0.000475 0.000566 0.002112
v -0.000466 0.000573 0.002111
v -0.000466 0.000573 0.002024
v -0.000424 0.000605 0.002107
v -0.000424 0.000605 0.00202
v -0.00042 0.000608 0.002107
v -0.00042 0.000608 0.002019
v -0.00037 0.000639 0.002102
v -0.000371 0.000639 0.002015
v -0.00037 0.00064 0.002014
v -0.000249 0.000696 0.002004
v -0.000253 0.000694 0.002004
v -0.000253 0.000694 0.002091
v -0.000264 0.00069 0.002005
v -0.000264 0.00069 0.002092
v -0.000312 0.00067 0.002009
v -0.000312 0.00067 0.002097
v -0.000319 0.000667 0.00201
v -0.000319 0.000667 0.002097
v -0.000369 0.00064 0.002102
v -0.000249 0.000696 0.002091
v -0.000194 0.000713 0.002086
v -0.000194 0.000713 0.001999
v -0.000191 0.000714 0.002086
v -0.000191 0.000714 0.001999
v -0.000137 0.000726 0.002081
v -0.000137 0.000726 0.001994
v -0.000128 0.000728 0.00208
v -0.000128 0.000728 0.001993
v -7.9e-05 0.000735 0.002076
v -7.9e-05 0.000735 0.001989
v -6.4e-05 0.000736 0.002074
v -6.4e-05 0.000736 0.001988
v -2e-05 0.000739 0.00207
v -2e-05 0.000739 0.001983
v -4e-06 0.000739 0.002069
v -4e-06 0.000739 0.001982
v 0.0 0.000739 0.002069
v -0.0 0.000739 0.001982
v 5.4e-05 0.000737 0.001977
v 5.4e-05 0.000737 0.002064
v 6.4e-05 0.000736 0.001976
v 6.4e-05 0.000736 0.002063
v 0.000112 0.000731 0.001971
v 0.000112 0.000731 0.002058
v 0.000128 0.000728 0.00197
v 0.000128 0.000728 0.002057
v 0.000169 0.000719 0.001966
v 0.000169 0.000719 0.002053
v 0.000191 0.000714 0.001964
v 0.000191 0.000714 0.002051
v 0.000227 0.000703 0.001961
v 0.000227 0.000703 0.002048
v 0.000241 0.000698 0.00196
v 0.000242 0.000698 0.002047
v 0.000253 0.000694 0.001959
v 0.000253 0.000694 0.002046
v 0.000296 0.000677 0.001955
v 0.000296 0.000677 0.002042
v 0.000312 0.00067 0.001953
v 0.000312 0.00067 0.002041
v 0.000348 0.000652 0.00195
v 0.000348 0.000652 0.002037
v 0.000369 0.00064 0.001948
v 0.00037 0.00064 0.002035
v 0.000399 0.000622 0.001945
v 0.000399 0.000622 0.002033
v 0.000424 0.000605 0.001943
v 0.000424 0.000605 0.00203
v 0.000447 0.000588 0.00194
v 0.000447 0.000588 0.002028
v 0.00046 0.000578 0.001939
v 0.00046 0.000579 0.002026
v 0.000475 0.000566 0.001938
v 0.000475 0.000566 0.002025
v 0.000476 0.000565 0.002025
v 0.000504 0.00054 0.001934
v 0.000504 0.000541 0.002021
v 0.000523 0.000523 0.001932
v 0.000523 0.000523 0.002019
v 0.000545 0.000499 0.001929
v 0.000545 0.000499 0.002016
v 0.000566 0.000475 0.001927
v 0.000566 0.000475 0.002013
v 0.000583 0.000454 0.001924
v 0.000583 0.000454 0.002011
v 0.000605 0.000424 0.001921
v 0.000605 0.000424 0.002008
v 0.000617 0.000406 0.002006
v 0.000617 0.000406 0.001919
v 0.000626 0.000393 0.002004
v 0.000626 0.000393 0.001917
v 0.00064 0.00037 0.002002
v 0.00064 0.00037 0.001915
v 0.000655 0.000343 0.001912
v 0.000655 0.000343 0.001999
v 0.00067 0.000312 0.001909
v 0.00067 0.000312 0.001996
v 0.00068 0.00029 0.001907
v 0.00068 0.00029 0.001994
v 0.000694 0.000253 0.001903
v 0.000694 0.000253 0.00199
v 0.000701 0.000235 0.001901
v 0.000701 0.000235 0.001988
v 0.000714 0.000191 0.001897
v 0.000714 0.000191 0.001985
v 0.000717 0.000178 0.001983
v 0.000717 0.000178 0.001896
v 0.000721 0.000163 0.001982
v 0.000721 0.000163 0.001895
v 0.000728 0.000128 0.001892
v 0.000728 0.000128 0.001979
v 0.000731 0.000106 0.00189
v 0.000731 0.000106 0.001977
v 0.000736 6.4e-05 0.001887
v 0.000736 6.4e-05 0.001974
v 0.000737 4.8e-05 0.001885
v 0.000737 4.8e-05 0.001973
v 0.000739 0.0 0.001882
v 0.000739 -0.0 0.001969
v 0.000739 -1.1e-05 0.001881
v 0.000739 -1.1e-05 0.001968
v 0.000736 -6.4e-05 0.001876
v 0.000736 -6.4e-05 0.001964
v 0.000736 -7e-05 0.001876
v 0.000736 -7e-05 0.001963
v 0.000734 -8.6e-05 0.001875
v 0.000734 -8.6e-05 0.001962
v 0.000728 -0.000128 0.001871
v 0.000728 -0.000128 0.001958
v 0.000725 -0.000143 0.00187
v 0.000725 -0.000143 0.001957
v 0.000714 -0.000191 0.001865
v 0.000714 -0.000191 0.001952
v 0.000711 -0.0002 0.001865
v 0.000711 -0.0002 0.001952
v 0.000694 -0.000253 0.00186
v 0.000694 -0.000253 0.001947
v 0.000693 -0.000256 0.001859
v 0.000693 -0.000256 0.001946
v 0.000671 -0.000311 0.001941
v 0.000671 -0.000311 0.001854
v 0.00067 -0.000312 0.001941
v 0.00067 -0.000312 0.001854
v 0.000664 -0.000324 0.00194
v 0.000664 -0.000324 0.001853
v 0.00064 -0.000369 0.001935
v 0.00064 -0.000369 0.001848
v 0.000636 -0.000376 0.001934
v 0.000636 -0.000376 0.001847
v 0.000605 -0.000424 0.001929
v 0.000605 -0.000424 0.001842
v 0.000605 -0.000425 0.001929
v 0.000605 -0.000425 0.001842
v 0.000569 -0.000471 0.001924
v 0.000569 -0.000471 0.001837
v 0.000566 -0.000475 0.001836
v 0.000566 -0.000475 0.001923
v 0.000529 -0.000516 0.001832
v 0.000529 -0.000516 0.001919
v 0.000523 -0.000523 0.001831
v 0.000523 -0.000523 0.001918
v 0.000518 -0.000527 0.001918
v 0.000518 -0.000527 0.00183
v 0.000475 -0.000566 0.001913
v 0.000475 -0.000566 0.001826
v 0.000429 -0.000601 0.001821
v 0.000429 -0.000602 0.001908
v 0.000424 -0.000605 0.00182
v 0.000328 -0.000662 0.001811
v 0.000369 -0.00064 0.001815
v 0.000369 -0.00064 0.001902
v 0.00038 -0.000634 0.001816
v 0.00038 -0.000634 0.001903
v 0.000424 -0.000605 0.001908
v 0.000328 -0.000662 0.001898
v 0.000314 -0.000669 0.001897
v 0.000314 -0.000669 0.00181
v 0.000312 -0.00067 0.001897
v 0.000312 -0.00067 0.00181
v 0.00026 -0.000692 0.001892
v 0.00026 -0.000692 0.001805
v 0.000253 -0.000694 0.001891
v 0.000253 -0.000694 0.001804
v 0.000205 -0.00071 0.001887
v 0.000205 -0.00071 0.0018
v 0.000191 -0.000714 0.001886
v 0.000191 -0.000714 0.001799
v 0.000148 -0.000724 0.001795
v 0.000148 -0.000724 0.001882
v 0.000128 -0.000728 0.001793
v 0.000128 -0.000728 0.00188
v 9e-05 -0.000734 0.001876
v 8.9e-05 -0.000734 0.001789
v 7.4e-05 -0.000735 0.001875
v 7.4e-05 -0.000735 0.001788
v 6.4e-05 -0.000736 0.001874
v 6.4e-05 -0.000736 0.001787
v 1.6e-05 -0.000739 0.001782
v 1.6e-05 -0.000739 0.001869
v 0.0 -0.000739 0.001781
v 0.0 -0.000739 0.001868
v -4.2e-05 -0.000738 0.001777
v -4.2e-05 -0.000738 0.001864
v -6.4e-05 -0.000736 0.001775
v -6.4e-05 -0.000736 0.001862
v -0.0001 -0.000732 0.001772
v -0.0001 -0.000732 0.001859
v -0.000128 -0.000728 0.00177
v -0.000128 -0.000728 0.001857
v -0.000159 -0.000722 0.001767
v -0.000159 -0.000722 0.001854
v -0.000174 -0.000718 0.001766
v -0.000174 -0.000718 0.001853
v -0.000191 -0.000714 0.001764
v -0.000191 -0.000714 0.001852
v -0.00023 -0.000702 0.001761
v -0.00023 -0.000702 0.001848
v -0.000253 -0.000694 0.001759
v -0.000253 -0.000694 0.001846
v -0.000285 -0.000682 0.001756
v -0.000285 -0.000682 0.001844
v -0.000312 -0.00067 0.001754
v -0.000312 -0.00067 0.001841
v -0.000338 -0.000657 0.001752
v -0.000338 -0.000657 0.001839
v -0.00037 -0.00064 0.001749
v -0.00037 -0.00064 0.001836
v -0.00039 -0.000628 0.001747
v -0.00039 -0.000628 0.001834
v -0.000403 -0.000619 0.001745
v -0.000403 -0.00062 0.001832
v -0.000424 -0.000605 0.001743
v -0.000424 -0.000605 0.00183
v -0.00045 -0.000586 0.00174
v -0.00045 -0.000586 0.001827
v -0.000475 -0.000566 0.001738
v -0.000475 -0.000566 0.001825
v -0.000495 -0.000549 0.001735
v -0.000495 -0.000549 0.001822
v -0.000523 -0.000523 0.001732
v -0.000523 -0.000523 0.001819
v -0.000537 -0.000508 0.00173
v -0.000537 -0.000508 0.001817
v -0.000566 -0.000475 0.001726
v -0.000566 -0.000475 0.001813
v -0.000576 -0.000463 0.001812
v -0.000576 -0.000463 0.001724
v -0.000586 -0.000451 0.00181
v -0.000586 -0.000451 0.001723
v -0.000605 -0.000424 0.001807
v -0.000605 -0.000424 0.00172
v -0.000619 -0.000403 0.001718
v -0.000619 -0.000403 0.001805
v -0.00064 -0.00037 0.001714
v -0.00064 -0.00037 0.001801
v -0.000649 -0.000353 0.001713
v -0.000649 -0.000353 0.0018
v -0.00067 -0.000312 0.001709
v -0.00067 -0.000312 0.001796
v -0.000675 -0.000301 0.001795
v -0.000675 -0.000301 0.001707
v -0.000694 -0.000253 0.00179
v -0.000694 -0.000253 0.001703
v -0.000697 -0.000245 0.00179
v -0.000697 -0.000245 0.001702
v -0.000702 -0.000231 0.001788
v -0.000702 -0.000231 0.001701
v -0.000714 -0.000191 0.001698
v -0.000714 -0.000191 0.001785
v -0.000718 -0.000175 0.001696
v -0.000718 -0.000175 0.001784
v -0.000728 -0.000128 0.001693
v -0.000728 -0.000128 0.00178
v -0.00073 -0.000118 0.001692
v -0.00073 -0.000118 0.001779
v -0.000736 -6.4e-05 0.001687
v -0.000736 -6.4e-05 0.001775
v -0.000737 -5.9e-05 0.001687
v -0.000737 -5.9e-05 0.001774
v -0.000739 -0.0 0.001682
v -0.000739 0.0 0.001769
v -0.000739 2.3e-05 0.00168
v -0.000739 2.3e-05 0.001767
v -0.000736 6.4e-05 0.001677
v -0.000736 6.4e-05 0.001764
v -0.000734 8.1e-05 0.001675
v -0.000735 8.1e-05 0.001762
v -0.000728 0.000128 0.001671
v -0.000728 0.000128 0.001758
v -0.000726 0.000139 0.001757
v -0.000726 0.000139 0.00167
v -0.000723 0.000154 0.001756
v -0.000723 0.000154 0.001669
v -0.000714 0.000191 0.001665
v -0.000714 0.000191 0.001752
v -0.000708 0.000211 0.001663
v -0.000708 0.000211 0.00175
v -0.000694 0.000253 0.001659
v -0.000694 0.000253 0.001746
v -0.00069 0.000266 0.001745
v -0.00069 0.000266 0.001658
v -0.00067 0.000312 0.00174
v -0.00067 0.000312 0.001653
v -0.000666 0.00032 0.001739
v -0.000666 0.00032 0.001652
v -0.00064 0.000369 0.001734
v -0.00064 0.000369 0.001647
v -0.000638 0.000372 0.001734
v -0.000638 0.000372 0.001647
v -0.00063 0.000386 0.001733
v -0.00063 0.000386 0.001646
v -0.000605 0.000424 0.001642
v -0.000605 0.000424 0.001729
v -0.000598 0.000434 0.001728
v -0.000598 0.000434 0.001641
v -0.000566 0.000475 0.001724
v -0.000566 0.000475 0.001637
v -0.000562 0.00048 0.001723
v -0.000562 0.00048 0.001636
v -0.000523 0.000523 0.001719
v -0.000523 0.000523 0.001631
v -0.000522 0.000523 0.001631
v -0.000466 0.000573 0.001625
v -0.000475 0.000566 0.001626
v -0.000475 0.000566 0.001713
v -0.000479 0.000563 0.001626
v -0.000479 0.000563 0.001714
v -0.000522 0.000523 0.001719
v -0.000466 0.000573 0.001712
v -0.000454 0.000583 0.001711
v -0.000424 0.000605 0.001621
v -0.000424 0.000605 0.001708
v -0.00042 0.000608 0.00162
v -0.00025 0.000695 0.001604
v -0.000253 0.000694 0.001604
v -0.000253 0.000694 0.001691
v -0.000264 0.00069 0.001605
v -0.000264 0.00069 0.001692
v -0.000312 0.00067 0.00161
v -0.000312 0.00067 0.001697
v -0.000319 0.000667 0.001611
v -0.000319 0.000667 0.001698
v -0.000369 0.00064 0.001616
v -0.000369 0.00064 0.001703
v -0.000371 0.000639 0.001616
v -0.000371 0.000639 0.001703
v -0.00042 0.000608 0.001708
v -0.00025 0.000695 0.001691
v -0.000195 0.000713 0.001685
v -0.000194 0.000713 0.001598
v -0.000191 0.000714 0.001685
v -0.000191 0.000714 0.001598
v -0.000138 0.000726 0.001593
v -0.000138 0.000726 0.00168
v -0.000128 0.000728 0.001592
v -0.000128 0.000728 0.001679
v -8e-05 0.000735 0.001588
v -8e-05 0.000735 0.001675
v -6.4e-05 0.000736 0.001586
v -6.4e-05 0.000736 0.001673
v -2e-05 0.000739 0.001583
v -2e-05 0.000739 0.00167
v -5e-06 0.000739 0.001581
v -5e-06 0.000739 0.001668
v -0.0 0.000739 0.001581
v 0.000226 0.000704 0.001562
v 0.000241 0.000699 0.001648
v 0.000241 0.000698 0.001561
v 0.000253 0.000694 0.001647
v 0.000253 0.000694 0.00156
v -0.0 0.000739 0.001668
v 1.5e-05 0.000739 0.001667
v 5.3e-05 0.000737 0.001576
v 5.4e-05 0.000737 0.001663
v 6.4e-05 0.000736 0.001575
v 6.4e-05 0.000736 0.001663
v 0.000111 0.000731 0.001571
v 0.000111 0.000731 0.001659
v 0.000128 0.000728 0.00157
v 0.000128 0.000728 0.001657
v 0.000169 0.000719 0.001567
v 0.000169 0.000719 0.001654
v 0.000191 0.000714 0.001565
v 0.000191 0.000714 0.001652
v 0.000226 0.000703 0.001649
v 0.000296 0.000677 0.001556
v 0.000295 0.000677 0.001643
v 0.000312 0.00067 0.001554
v 0.000312 0.00067 0.001641
v 0.000348 0.000652 0.001551
v 0.000348 0.000652 0.001638
v 0.00037 0.00064 0.001549
v 0.00037 0.00064 0.001636
v 0.000398 0.000622 0.001546
v 0.000398 0.000622 0.001633
v 0.000424 0.000605 0.001543
v 0.000424 0.000605 0.00163
v 0.000447 0.000588 0.001627
v 0.000447 0.000588 0.00154
v 0.000459 0.000579 0.001626
v 0.000459 0.000579 0.001539
v 0.000475 0.000566 0.001537
v 0.000475 0.000566 0.001624
v 0.000503 0.000541 0.001534
v 0.000503 0.000541 0.001621
v 0.000523 0.000523 0.001531
v 0.000523 0.000523 0.001618
v 0.000544 0.0005 0.001528
v 0.000544 0.0005 0.001615
v 0.000566 0.000475 0.001525
v 0.000566 0.000475 0.001612
v 0.000582 0.000455 0.001523
v 0.000582 0.000455 0.00161
v 0.000605 0.000424 0.00152
v 0.000605 0.000424 0.001607
v 0.000617 0.000407 0.001518
v 0.000617 0.000407 0.001605
v 0.000626 0.000393 0.001517
v 0.000626 0.000393 0.001604
v 0.00064 0.00037 0.001514
v 0.00064 0.00037 0.001601
v 0.000655 0.000343 0.001512
v 0.000655 0.000343 0.001599
v 0.00067 0.000312 0.001509
v 0.00067 0.000312 0.001596
v 0.00068 0.00029 0.001507
v 0.00068 0.00029 0.001594
v 0.000694 0.000253 0.001504
v 0.000694 0.000253 0.001591
v 0.0007 0.000236 0.001502
v 0.0007 0.000236 0.001589
v 0.000714 0.000191 0.001498
v 0.000714 0.000191 0.001586
v 0.000717 0.000179 0.001497
v 0.000717 0.000178 0.001585
v 0.000721 0.000163 0.001496
v 0.000721 0.000163 0.001583
v 0.000728 0.000128 0.001493
v 0.000728 0.000128 0.00158
v 0.000731 0.000106 0.001491
v 0.000731 0.000106 0.001578
v 0.000736 6.4e-05 0.001488
v 0.000736 6.4e-05 0.001575
v 0.000737 4.8e-05 0.001486
v 0.000737 4.8e-05 0.001573
v 0.000739 -0.0 0.001482
v 0.000739 -0.0 0.001569
v 0.000739 -1.1e-05 0.001481
v 0.000739 -1.1e-05 0.001568
v 0.000736 -6.4e-05 0.001476
v 0.000728 -0.000128 0.00147
v 0.000734 -8.5e-05 0.001474
v 0.000734 -8.5e-05 0.001561
v 0.000736 -7e-05 0.001476
v 0.000736 -7e-05 0.001563
v 0.000736 -6.4e-05 0.001563
v 0.000728 -0.000128 0.001557
v 0.000725 -0.000143 0.001556
v 0.000725 -0.000143 0.001469
v 0.000714 -0.000191 0.001551
v 0.000714 -0.000191 0.001464
v 0.000712 -0.000199 0.001551
v 0.000712 -0.000199 0.001464
v 0.000694 -0.000253 0.001546
v 0.000694 -0.000253 0.001459
v 0.000694 -0.000255 0.001545
v 0.000694 -0.000255 0.001458
v 0.000671 -0.00031 0.00154
v 0.000671 -0.00031 0.001453
v 0.00067 -0.000312 0.001453
v 0.000519 -0.000527 0.001431
v 0.000523 -0.000523 0.001432
v 0.000523 -0.000523 0.001519
v 0.00053 -0.000515 0.001433
v 0.00053 -0.000515 0.00152
v 0.000566 -0.000475 0.001437
v 0.000566 -0.000475 0.001524
v 0.000569 -0.000471 0.001437
v 0.000569 -0.000471 0.001525
v 0.000605 -0.000424 0.001442
v 0.000605 -0.000424 0.00153
v 0.000637 -0.000375 0.001447
v 0.000636 -0.000375 0.001534
v 0.00064 -0.000369 0.001448
v 0.00064 -0.000369 0.001535
v 0.000664 -0.000324 0.001452
v 0.000664 -0.000324 0.001539
v 0.00067 -0.000312 0.00154
v 0.000519 -0.000526 0.001519
v 0.000476 -0.000566 0.001514
v 0.000476 -0.000566 0.001427
v 0.000475 -0.000566 0.001514
v 0.000475 -0.000566 0.001427
v 0.00043 -0.000601 0.001509
v 0.00043 -0.000601 0.001422
v 0.000424 -0.000605 0.001508
v 0.000424 -0.000605 0.001421
v 0.000381 -0.000633 0.001503
v 0.000381 -0.000633 0.001416
v 0.000369 -0.00064 0.001502
v 0.000369 -0.00064 0.001415
v 0.000328 -0.000662 0.001498
v 0.000328 -0.000662 0.001411
v 0.000315 -0.000669 0.001497
v 0.000315 -0.000669 0.00141
v 0.000312 -0.00067 0.001496
v 0.000312 -0.00067 0.001409
v 0.000261 -0.000691 0.001404
v 0.000261 -0.000691 0.001491
v 0.000253 -0.000694 0.001403
v 0.000253 -0.000694 0.00149
v 0.000206 -0.00071 0.001399
v 0.000206 -0.00071 0.001486
v 0.000191 -0.000714 0.001398
v 0.000191 -0.000714 0.001485
v 0.000149 -0.000724 0.001394
v 0.000149 -0.000724 0.001481
v 0.000128 -0.000728 0.001392
v 0.000128 -0.000728 0.001479
v 9e-05 -0.000733 0.001389
v 9e-05 -0.000733 0.001476
v 7.5e-05 -0.000735 0.001387
v 7.4e-05 -0.000735 0.001474
v 6.4e-05 -0.000736 0.001386
v 6.4e-05 -0.000736 0.001474
v 1.6e-05 -0.000739 0.001382
v 1.6e-05 -0.000739 0.00147
v 0.0 -0.000739 0.001381
v 0.0 -0.000739 0.001468
v -4.2e-05 -0.000738 0.001378
v -4.2e-05 -0.000738 0.001465
v -6.4e-05 -0.000736 0.001376
v -6.4e-05 -0.000736 0.001463
v -0.0001 -0.000732 0.001373
v -0.0001 -0.000732 0.00146
v -0.000128 -0.000728 0.001371
v -0.000128 -0.000728 0.001458
v -0.000159 -0.000722 0.001368
v -0.000159 -0.000722 0.001455
v -0.000174 -0.000718 0.001367
v -0.000174 -0.000718 0.001454
v -0.000191 -0.000714 0.001365
v -0.000191 -0.000714 0.001453
v -0.00023 -0.000702 0.001362
v -0.00023 -0.000702 0.001449
v -0.000253 -0.000694 0.00136
v -0.000253 -0.000694 0.001447
v -0.000285 -0.000682 0.001357
v -0.000285 -0.000682 0.001444
v -0.000312 -0.00067 0.001354
v -0.000312 -0.00067 0.001441
v -0.000338 -0.000657 0.001352
v -0.000338 -0.000657 0.001439
v -0.00037 -0.00064 0.001348
v -0.00037 -0.00064 0.001435
v -0.000389 -0.000628 0.001433
v -0.000389 -0.000628 0.001346
v -0.000402 -0.00062 0.001432
v -0.000402 -0.00062 0.001345
v -0.000424 -0.000605 0.00143
v -0.000424 -0.000605 0.001342
v -0.00045 -0.000586 0.00134
v -0.00045 -0.000586 0.001427
v -0.000475 -0.000566 0.001337
v -0.000475 -0.000566 0.001424
v -0.000495 -0.000549 0.001334
v -0.000495 -0.000549 0.001421
v -0.000523 -0.000523 0.001331
v -0.000523 -0.000523 0.001418
v -0.000537 -0.000508 0.001329
v -0.000537 -0.000508 0.001416
v -0.000566 -0.000475 0.001325
v -0.000566 -0.000475 0.001412
v -0.000576 -0.000463 0.001324
v -0.000576 -0.000463 0.001411
v -0.000586 -0.000451 0.001323
v -0.000586 -0.000451 0.00141
v -0.000605 -0.000424 0.00132
v -0.000605 -0.000424 0.001407
v -0.000619 -0.000403 0.001318
v -0.000619 -0.000403 0.001405
v -0.00064 -0.00037 0.001315
v -0.00064 -0.000369 0.001402
v -0.000649 -0.000353 0.001313
v -0.000649 -0.000353 0.0014
v -0.00067 -0.000312 0.001309
v -0.00067 -0.000312 0.001397
v -0.000675 -0.000301 0.001308
v -0.000675 -0.000301 0.001396
v -0.000694 -0.000253 0.001304
v -0.000694 -0.000253 0.001391
v -0.000697 -0.000246 0.001304
v -0.000697 -0.000245 0.001391
v -0.000702 -0.000231 0.001302
v -0.000702 -0.000231 0.001389
v -0.000714 -0.000191 0.001299
v -0.000714 -0.000191 0.001386
v -0.000718 -0.000175 0.001297
v -0.000718 -0.000175 0.001384
v -0.000728 -0.000128 0.001293
v -0.000728 -0.000128 0.00138
v -0.00073 -0.000118 0.001292
v -0.00073 -0.000118 0.001379
v -0.000736 -6.4e-05 0.001287
v -0.000736 -6.4e-05 0.001374
v -0.000737 -5.9e-05 0.001287
v -0.000737 -5.9e-05 0.001374
v -0.000739 -0.0 0.001282
v -0.000739 0.0 0.001369
v -0.000739 2.3e-05 0.001279
v -0.000739 2.3e-05 0.001366
v -0.000736 6.4e-05 0.001276
v -0.000736 6.4e-05 0.001363
v -0.000735 8.1e-05 0.001274
v -0.000735 8.1e-05 0.001361
v -0.000728 0.000128 0.00127
v -0.000728 0.000128 0.001357
v -0.000726 0.000139 0.001356
v -0.000726 0.000139 0.001269
v -0.000723 0.000154 0.001354
v -0.000723 0.000154 0.001267
v -0.000714 0.000191 0.001264
v -0.000714 0.000191 0.001351
v -0.000708 0.000211 0.001262
v -0.000708 0.000211 0.001349
v -0.000694 0.000253 0.001259
v -0.000694 0.000253 0.001346
v -0.00069 0.000266 0.001345
v -0.00069 0.000266 0.001257
v -0.00067 0.000312 0.001341
v -0.00067 0.000312 0.001253
v -0.000666 0.00032 0.00134
v -0.000666 0.00032 0.001253
v -0.00064 0.00037 0.001335
v -0.00064 0.000369 0.001248
v -0.000522 0.000523 0.001232
v -0.000478 0.000563 0.001314
v -0.000478 0.000563 0.001227
v -0.000475 0.000566 0.001313
v -0.000475 0.000566 0.001226
v -0.000638 0.000372 0.001248
v -0.000638 0.000372 0.001335
v -0.00063 0.000386 0.001247
v -0.00063 0.000386 0.001334
v -0.000605 0.000424 0.001243
v -0.000605 0.000424 0.00133
v -0.000598 0.000434 0.001242
v -0.000598 0.000434 0.001329
v -0.000566 0.000475 0.001238
v -0.000566 0.000475 0.001325
v -0.000562 0.00048 0.001237
v -0.000562 0.00048 0.001324
v -0.000523 0.000523 0.001232
v -0.000523 0.000523 0.001319
v -0.000522 0.000523 0.001319
v -0.000467 0.000573 0.001226
v -0.000467 0.000573 0.001313
v -0.000424 0.000605 0.001221
v -0.000424 0.000605 0.001308
v -0.00042 0.000608 0.00122
v -0.00042 0.000608 0.001307
v -0.000371 0.000639 0.001215
v -0.000371 0.000639 0.001302
v -0.00037 0.00064 0.001215
v -0.00037 0.00064 0.001302
v -0.000319 0.000667 0.001209
v -0.000319 0.000667 0.001296
v -0.000312 0.00067 0.001209
v -0.000312 0.00067 0.001296
v -0.000264 0.00069 0.001204
v -0.000264 0.00069 0.001291
v -0.000253 0.000694 0.001203
v -0.000253 0.000694 0.00129
v -0.00025 0.000696 0.00129
v -0.00025 0.000695 0.001203
v -0.000194 0.000713 0.001285
v -8e-05 0.000735 0.001275
v -8e-05 0.000735 0.001188
v -0.000128 0.000728 0.001279
v -0.000128 0.000728 0.001192
v -0.000138 0.000726 0.00128
v -0.000138 0.000726 0.001193
v -0.000191 0.000714 0.001285
v -0.000191 0.000714 0.001197
v -0.000194 0.000713 0.001198
v 6.4e-05 0.000736 0.001264
v 6.4e-05 0.000736 0.001176
v 5.4e-05 0.000737 0.001177
v -2e-05 0.000739 0.001271
v -4e-06 0.000739 0.001269
v -4e-06 0.000739 0.001182
v 0.0 0.000739 0.001269
v 0.0 0.000739 0.001182
v 2.4e-05 0.000739 0.001267
v 5.4e-05 0.000737 0.001264
v 0.000112 0.000731 0.001172
v 0.000112 0.000731 0.00126
v 0.000128 0.000728 0.001171
v 0.000128 0.000728 0.001258
v 0.000169 0.000719 0.001167
v 0.000169 0.000719 0.001254
v 0.000191 0.000714 0.001165
v 0.000191 0.000714 0.001252
v 0.000226 0.000703 0.001249
v 0.000226 0.000703 0.001162
v 0.000241 0.000699 0.001248
v 0.000241 0.000699 0.001161
v 0.000253 0.000694 0.001247
v 0.000253 0.000694 0.00116
v 0.000295 0.000678 0.001155
v 0.000295 0.000678 0.001242
v 0.000312 0.00067 0.001154
v 0.000312 0.00067 0.001241
v 0.000348 0.000652 0.00115
v 0.000348 0.000652 0.001237
v 0.000369 0.00064 0.001148
v 0.000369 0.00064 0.001235
v 0.000398 0.000623 0.001145
v 0.000398 0.000623 0.001232
v 0.000424 0.000605 0.001142
v 0.000424 0.000605 0.001229
v 0.000447 0.000588 0.001139
v 0.000447 0.000588 0.001226
v 0.000459 0.000579 0.001138
v 0.000459 0.000579 0.001225
v 0.000475 0.000566 0.001136
v 0.000475 0.000566 0.001223
v 0.000503 0.000541 0.001133
v 0.000504 0.000541 0.00122
v 0.000523 0.000523 0.001131
v 0.000523 0.000523 0.001218
v 0.000544 0.0005 0.001128
v 0.000545 0.0005 0.001215
v 0.000566 0.000475 0.001126
v 0.000566 0.000475 0.001213
v 0.000582 0.000455 0.001123
v 0.000582 0.000455 0.001211
v 0.000605 0.000424 0.00112
v 0.000605 0.000424 0.001208
v 0.000617 0.000407 0.001119
v 0.000617 0.000407 0.001206
v 0.000626 0.000393 0.001117
v 0.000626 0.000393 0.001205
v 0.00064 0.000369 0.001115
v 0.00064 0.000369 0.001202
v 0.000655 0.000343 0.001113
v 0.000655 0.000343 0.0012
v 0.00067 0.000312 0.00111
v 0.00067 0.000312 0.001197
v 0.00068 0.00029 0.001108
v 0.00068 0.00029 0.001195
v 0.000694 0.000253 0.001104
v 0.000694 0.000253 0.001191
v 0.0007 0.000235 0.001103
v 0.000701 0.000235 0.00119
v 0.000714 0.000191 0.001099
v 0.000714 0.000191 0.001186
v 0.000717 0.000178 0.001184
v 0.000717 0.000178 0.001097
v 0.000721 0.000164 0.001183
v 0.000721 0.000164 0.001096
v 0.000728 0.000128 0.001093
v 0.000728 0.000128 0.00118
v 0.000731 0.000106 0.001091
v 0.000731 0.000106 0.001178
v 0.000736 6.4e-05 0.001087
v 0.000736 6.4e-05 0.001174
v 0.000737 4.8e-05 0.001085
v 0.000737 4.8e-05 0.001172
v 0.000739 0.0 0.001081
v 0.000739 0.0 0.001168
v 0.000739 -1e-05 0.001167
v 0.000739 -1e-05 0.00108
v 0.000736 -6.4e-05 0.001162
v 0.000736 -6.4e-05 0.001075
v 0.000736 -7e-05 0.001162
v 0.000736 -7e-05 0.001075
v 0.000734 -8.5e-05 0.00116
v 0.000734 -8.5e-05 0.001073
v 0.000728 -0.000128 0.00107
v 0.000728 -0.000128 0.001157
v 0.000725 -0.000143 0.001068
v 0.000725 -0.000143 0.001156
v 0.000714 -0.000191 0.001064
v 0.000714 -0.000191 0.001152
v 0.000712 -0.000199 0.001151
v 0.000712 -0.000199 0.001064
v 0.000694 -0.000253 0.001146
v 0.000694 -0.000253 0.001059
v 0.000694 -0.000255 0.001059
v 0.000694 -0.000255 0.001146
v 0.000671 -0.00031 0.001141
v 0.000671 -0.00031 0.001054
v 0.00067 -0.000312 0.001141
v 0.00067 -0.000312 0.001054
v 0.000664 -0.000324 0.001053
v 0.000664 -0.000324 0.00114
v 0.00064 -0.00037 0.001049
v 0.00064 -0.00037 0.001136
v 0.000636 -0.000376 0.001048
v 0.000636 -0.000376 0.001135
v 0.000605 -0.000424 0.001043
v 0.000605 -0.000424 0.00113
v 0.000605 -0.000425 0.001043
v 0.000519 -0.000526 0.001031
v 0.000523 -0.000523 0.001032
v 0.000523 -0.000523 0.001119
v 0.00053 -0.000515 0.001033
v 0.00053 -0.000515 0.00112
v 0.000566 -0.000475 0.001038
v 0.000566 -0.000475 0.001125
v 0.000569 -0.000471 0.001038
v 0.000569 -0.000471 0.001125
v 0.000605 -0.000425 0.00113
v 0.000519 -0.000526 0.001118
v 0.000476 -0.000565 0.001113
v 0.000476 -0.000565 0.001026
v 0.000475 -0.000566 0.001113
v 0.000475 -0.000566 0.001026
v 9e-05 -0.000733 0.000989
v 7.4e-05 -0.000735 0.001075
v 7.4e-05 -0.000735 0.000988
v 6.4e-05 -0.000736 0.001075
v 6.4e-05 -0.000736 0.000987
v 0.00043 -0.000601 0.001021
v 0.00043 -0.000601 0.001108
v 0.000424 -0.000605 0.00102
v 0.000424 -0.000605 0.001107
v 0.000381 -0.000633 0.001015
v 0.000381 -0.000633 0.001102
v 0.00037 -0.00064 0.001014
v 0.00037 -0.00064 0.001101
v 0.000329 -0.000662 0.00101
v 0.000329 -0.000662 0.001097
v 0.000315 -0.000669 0.001009
v 0.000314 -0.000669 0.001096
v 0.000312 -0.00067 0.001009
v 0.000312 -0.00067 0.001096
v 0.000261 -0.000691 0.001004
v 0.000261 -0.000691 0.001091
v 0.000253 -0.000694 0.001003
v 0.000253 -0.000694 0.00109
v 0.000206 -0.00071 0.000999
v 0.000206 -0.00071 0.001086
v 0.000191 -0.000714 0.000998
v 0.000191 -0.000714 0.001085
v 0.000149 -0.000724 0.000994
v 0.000149 -0.000724 0.001082
v 0.000128 -0.000728 0.000993
v 0.000128 -0.000728 0.00108
v 9e-05 -0.000734 0.001077
v 1.6e-05 -0.000739 0.000983
v 1.6e-05 -0.000739 0.001071
v -0.0 -0.000739 0.000982
v -0.0 -0.000739 0.001069
v -4.2e-05 -0.000738 0.000979
v -4.2e-05 -0.000738 0.001066
v -6.4e-05 -0.000736 0.000977
v -6.4e-05 -0.000736 0.001064
v -0.0001 -0.000732 0.000973
v -0.0001 -0.000732 0.00106
v -0.000128 -0.000728 0.000971
v -0.000128 -0.000728 0.001058
v -0.000159 -0.000722 0.001055
v -0.000159 -0.000722 0.000968
v -0.000174 -0.000718 0.001054
v -0.000174 -0.000718 0.000967
v -0.000191 -0.000714 0.000965
v -0.000191 -0.000714 0.001052
v -0.00023 -0.000702 0.000961
v -0.00023 -0.000702 0.001048
v -0.000253 -0.000694 0.000959
v -0.000253 -0.000694 0.001046
v -0.000284 -0.000682 0.000956
v -0.000284 -0.000682 0.001043
v -0.000312 -0.00067 0.000953
v -0.000312 -0.00067 0.00104
v -0.000337 -0.000657 0.000951
v -0.000338 -0.000657 0.001038
v -0.000369 -0.00064 0.000947
v -0.000369 -0.00064 0.001034
v -0.000389 -0.000628 0.000945
v -0.000389 -0.000628 0.001032
v -0.000402 -0.00062 0.000944
v -0.000403 -0.00062 0.001031
v -0.000424 -0.000605 0.000942
v -0.000424 -0.000605 0.001029
v -0.00045 -0.000586 0.000939
v -0.00045 -0.000586 0.001026
v -0.000475 -0.000566 0.000937
v -0.000475 -0.000566 0.001024
v -0.000495 -0.000549 0.000934
v -0.000495 -0.000549 0.001022
v -0.000523 -0.000523 0.000931
v -0.000523 -0.000523 0.001019
v -0.000537 -0.000508 0.00093
v -0.000537 -0.000508 0.001017
v -0.000566 -0.000475 0.000926
v -0.000566 -0.000475 0.001013
v -0.000576 -0.000463 0.000925
v -0.000576 -0.000463 0.001012
v -0.000586 -0.000451 0.000924
v -0.000586 -0.000451 0.001011
v -0.000605 -0.000424 0.000921
v -0.000605 -0.000424 0.001008
v -0.000619 -0.000403 0.000919
v -0.000619 -0.000403 0.001006
v -0.00064 -0.000369 0.000916
v -0.00064 -0.000369 0.001003
v -0.000649 -0.000353 0.000914
v -0.000649 -0.000353 0.001001
v -0.00067 -0.000312 0.00091
v -0.00067 -0.000312 0.000997
v -0.000675 -0.000301 0.000909
v -0.000675 -0.000301 0.000996
v -0.000694 -0.000253 0.000904
v -0.000694 -0.000253 0.000991
v -0.000697 -0.000245 0.00099
v -0.000697 -0.000245 0.000903
v -0.000702 -0.000231 0.000989
v -0.000702 -0.000231 0.000902
v -0.000714 -0.000191 0.000898
v -0.000714 -0.000191 0.000985
v -0.000718 -0.000175 0.000897
v -0.000718 -0.000175 0.000984
v -0.000728 -0.000128 0.000892
v -0.000728 -0.000128 0.000979
v -0.00073 -0.000118 0.000978
v -0.00073 -0.000118 0.000891
v -0.000736 -6.4e-05 0.000973
v -0.000736 -6.4e-05 0.000886
v -0.000737 -6e-05 0.000973
v -0.000737 -6e-05 0.000886
v -0.000739 -0.0 0.000968
v -0.000739 -0.0 0.000881
v -0.000739 2.3e-05 0.000879
v -0.000739 2.3e-05 0.000966
v -0.000736 6.4e-05 0.000875
v -0.000736 6.4e-05 0.000963
v -0.000734 8.1e-05 0.000874
v -0.000735 8.1e-05 0.000961
v -0.000728 0.000128 0.000957
v -0.000723 0.000155 0.000868
v -0.000723 0.000155 0.000955
v -0.000714 0.000191 0.000865
v -0.000714 0.000191 0.000952
v -0.000708 0.000211 0.000863
v -0.000708 0.000211 0.00095
v -0.000694 0.000253 0.00086
v -0.000694 0.000253 0.000947
v -0.000689 0.000266 0.000858
v -0.000689 0.000266 0.000946
v -0.00067 0.000312 0.000854
v -0.00067 0.000312 0.000941
v -0.000666 0.00032 0.000854
v -0.000666 0.00032 0.000941
v -0.00064 0.00037 0.000849
v -0.00064 0.00037 0.000936
v -0.000638 0.000373 0.000936
v -0.000638 0.000373 0.000849
v -0.00063 0.000386 0.000934
v -0.00063 0.000386 0.000847
v -0.000605 0.000424 0.000843
v -0.000605 0.000424 0.00093
v -0.000598 0.000434 0.000842
v -0.000598 0.000434 0.000929
v -0.000566 0.000475 0.000837
v -0.000566 0.000475 0.000924
v -0.000562 0.00048 0.000924
v -0.000562 0.00048 0.000837
v -0.000523 0.000523 0.000918
v -0.000523 0.000523 0.000831
v -0.000522 0.000523 0.000918
v -0.000522 0.000523 0.000831
v -0.000478 0.000563 0.000913
v -0.000478 0.000563 0.000826
v -0.000475 0.000566 0.000825
v -0.000475 0.000566 0.000912
v -0.000466 0.000573 0.000911
v -0.000466 0.000573 0.000824
v -0.000424 0.000605 0.000907
v -0.000424 0.000605 0.00082
v -0.00042 0.000608 0.000906
v -0.00042 0.000608 0.000819
v -0.000371 0.000639 0.000901
v -0.000371 0.000639 0.000814
v -0.000194 0.000713 0.000799
v -0.000249 0.000696 0.000803
v -0.000216 0.000707 0.000888
v -0.00037 0.00064 0.000814
v -0.00037 0.00064 0.000901
v -0.000319 0.000667 0.000809
v -0.000319 0.000667 0.000897
v -0.000312 0.00067 0.000809
v -0.000312 0.00067 0.000896
v -0.000264 0.00069 0.000805
v -0.000264 0.00069 0.000892
v -0.000253 0.000694 0.000804
v -0.000253 0.000694 0.000891
v -0.000249 0.000696 0.000891
v -0.000194 0.000713 0.000886
v -0.000191 0.000714 0.000886
v -0.000191 0.000714 0.000798
v -0.000137 0.000726 0.000881
v -0.000137 0.000726 0.000794
v -0.000128 0.000728 0.00088
v -0.000128 0.000728 0.000793
v -7.9e-05 0.000735 0.000876
v -7.9e-05 0.000735 0.000789
v -6.4e-05 0.000736 0.000875
v -6.4e-05 0.000736 0.000788
v -2e-05 0.000739 0.000871
v -2e-05 0.000739 0.000784
v -5e-06 0.000739 0.000869
v -4e-06 0.000739 0.000782
v 0.0 0.000739 0.000869
v 0.0 0.000739 0.000782
v 5.4e-05 0.000737 0.000864
v 5.4e-05 0.000737 0.000777
v 6.4e-05 0.000736 0.000863
v 6.4e-05 0.000736 0.000776
v 0.000112 0.000731 0.000772
v 0.000111 0.000731 0.000859
v 0.000128 0.000728 0.00077
v 0.000128 0.000728 0.000857
v 0.000169 0.000719 0.000766
v 0.000169 0.000719 0.000853
v 0.000191 0.000714 0.000764
v 0.000191 0.000714 0.000851
v 0.000227 0.000703 0.000761
v 0.000226 0.000703 0.000848
v 0.000241 0.000699 0.00076
v 0.000241 0.000699 0.000847
v 0.000253 0.000694 0.000759
v 0.000253 0.000694 0.000846
v 0.000295 0.000677 0.000755
v 0.000295 0.000677 0.000842
v 0.000312 0.00067 0.000753
v 0.000312 0.00067 0.00084
v 0.000348 0.000652 0.00075
v 0.000348 0.000652 0.000837
v 0.000369 0.00064 0.000748
v 0.000369 0.00064 0.000835
v 0.000399 0.000622 0.000745
v 0.000398 0.000622 0.000832
v 0.000424 0.000605 0.000742
v 0.000424 0.000605 0.00083
v 0.000447 0.000588 0.00074
v 0.000447 0.000588 0.000827
v 0.00046 0.000578 0.000739
v 0.00046 0.000579 0.000826
v 0.000475 0.000566 0.000737
v 0.000475 0.000566 0.000824
v 0.000504 0.000541 0.000734
v 0.000504 0.000541 0.000821
v 0.000523 0.000523 0.000732
v 0.000523 0.000523 0.000819
v 0.000545 0.000499 0.000729
v 0.000545 0.000499 0.000816
v 0.000566 0.000475 0.000727
v 0.000566 0.000475 0.000814
v 0.000583 0.000454 0.000724
v 0.000583 0.000455 0.000811
v 0.000605 0.000424 0.000721
v 0.000605 0.000424 0.000808
v 0.000617 0.000406 0.000806
v 0.000617 0.000406 0.000719
v 0.000626 0.000393 0.000805
v 0.000626 0.000393 0.000718
v 0.00064 0.000369 0.000715
v 0.00064 0.000369 0.000802
v 0.000655 0.000343 0.000712
v 0.000655 0.000343 0.000799
v 0.00067 0.000312 0.000709
v 0.00067 0.000312 0.000796
v 0.00068 0.00029 0.000707
v 0.00068 0.00029 0.000794
v 0.000694 0.000253 0.000703
v 0.000694 0.000253 0.00079
v 0.000701 0.000235 0.000702
v 0.0007 0.000235 0.000789
v 0.000714 0.000191 0.000698
v 0.000714 0.000191 0.000785
v 0.000717 0.000178 0.000783
v 0.000717 0.000178 0.000696
v 0.000721 0.000163 0.000782
v 0.000721 0.000163 0.000695
v 0.000728 0.000128 0.000692
v 0.000728 0.000128 0.000779
v 0.000731 0.000106 0.00069
v 0.000731 0.000106 0.000777
v 0.000736 6.4e-05 0.000686
v 0.000736 6.4e-05 0.000774
v 0.000737 4.8e-05 0.000685
v 0.000737 4.8e-05 0.000772
v 0.000739 0.0 0.000681
v 0.000739 0.0 0.000768
v 0.000739 -1.1e-05 0.000767
v 0.000739 -1.1e-05 0.00068
v 0.000736 -6.4e-05 0.000763
v 0.000736 -6.4e-05 0.000676
v 0.000693 -0.000256 0.00066
v 0.000671 -0.000311 0.000741
v 0.000671 -0.000311 0.000654
v 0.00067 -0.000312 0.000741
v 0.00067 -0.000312 0.000654
v 0.000736 -7e-05 0.000675
v 0.000736 -7e-05 0.000763
v 0.000734 -8.6e-05 0.000674
v 0.000734 -8.6e-05 0.000761
v 0.000728 -0.000128 0.000671
v 0.000728 -0.000128 0.000758
v 0.000725 -0.000143 0.000669
v 0.000725 -0.000143 0.000757
v 0.000714 -0.000191 0.000665
v 0.000714 -0.000191 0.000753
v 0.000711 -0.0002 0.000665
v 0.000711 -0.0002 0.000752
v 0.000694 -0.000253 0.00066
v 0.000694 -0.000253 0.000747
v 0.000693 -0.000256 0.000747
v 0.000664 -0.000324 0.000653
v 0.000664 -0.000324 0.00074
v 0.00064 -0.00037 0.000648
v 0.00064 -0.00037 0.000735
v 0.000636 -0.000376 0.000648
v 0.000637 -0.000375 0.000735
v 0.000605 -0.000424 0.000642
v 0.000605 -0.000424 0.000729
v 0.000605 -0.000425 0.000642
v 0.000569 -0.000471 0.000724
v 0.000569 -0.000471 0.000637
v 0.000566 -0.000475 0.000637
v 0.000566 -0.000475 0.000724
v 0.000529 -0.000516 0.000632
v 0.00053 -0.000515 0.000719
v 0.000523 -0.000523 0.000631
v 0.000523 -0.000523 0.000718
v 0.000519 -0.000527 0.000717
v 0.000519 -0.000527 0.00063
v 0.000476 -0.000566 0.000712
v 0.000476 -0.000566 0.000625
v 0.000475 -0.000566 0.000625
v 0.000475 -0.000566 0.000712
v 0.00043 -0.000601 0.00062
v 0.00043 -0.000601 0.000708
v 0.000424 -0.000605 0.00062
v 0.000424 -0.000605 0.000707
v 0.00038 -0.000634 0.000616
v 0.000381 -0.000634 0.000703
v 0.00037 -0.00064 0.000615
v 0.000369 -0.00064 0.000702
v 0.000328 -0.000662 0.000611
v 0.000328 -0.000662 0.000698
v 0.000314 -0.000669 0.00061
v 0.000314 -0.000669 0.000697
v 0.000312 -0.00067 0.000697
v 0.000312 -0.00067 0.000609
v 0.00026 -0.000692 0.000692
v 0.00026 -0.000692 0.000605
v 0.000253 -0.000694 0.000691
v 0.000253 -0.000694 0.000604
v 0.000205 -0.00071 0.000687
v 0.000205 -0.00071 0.0006
v 0.000191 -0.000714 0.000686
v 0.000191 -0.000714 0.000599
v 0.000148 -0.000724 0.000595
v 0.000148 -0.000724 0.000682
v 0.000128 -0.000728 0.000593
v 0.000128 -0.000728 0.00068
v 9e-05 -0.000734 0.000677
v 8.9e-05 -0.000734 0.00059
v 7.5e-05 -0.000735 0.000675
v 7.4e-05 -0.000735 0.000588
v 6.4e-05 -0.000736 0.000674
v 6.4e-05 -0.000736 0.000587
v 1.6e-05 -0.000739 0.000583
v 1.6e-05 -0.000739 0.00067
v 0.0 -0.000739 0.000582
v -0.0 -0.000739 0.000669
v -4.2e-05 -0.000738 0.000578
v -4.2e-05 -0.000738 0.000665
v -6.4e-05 -0.000736 0.000576
v -6.4e-05 -0.000736 0.000663
v -0.0001 -0.000732 0.000572
v -0.0001 -0.000732 0.000659
v -0.000128 -0.000728 0.00057
v -0.000128 -0.000728 0.000657
v -0.000159 -0.000722 0.000567
v -0.000159 -0.000722 0.000654
v -0.000174 -0.000718 0.000566
v -0.000174 -0.000718 0.000653
v -0.000191 -0.000714 0.000564
v -0.000191 -0.000714 0.000651
v -0.00023 -0.000702 0.000561
v -0.00023 -0.000702 0.000648
v -0.000253 -0.000694 0.000559
v -0.000253 -0.000694 0.000646
v -0.000285 -0.000682 0.000556
v -0.000285 -0.000682 0.000643
v -0.000312 -0.00067 0.000553
v -0.000312 -0.00067 0.000641
v -0.000338 -0.000657 0.000551
v -0.000338 -0.000657 0.000638
v -0.000369 -0.00064 0.000548
v -0.00037 -0.00064 0.000635
v -0.00039 -0.000628 0.000546
v -0.00039 -0.000628 0.000634
v -0.000403 -0.000619 0.000545
v -0.000403 -0.000619 0.000632
v -0.000424 -0.000605 0.000543
v -0.000424 -0.000605 0.00063
v -0.000451 -0.000586 0.00054
v -0.00045 -0.000586 0.000627
v -0.000475 -0.000566 0.000538
v -0.000475 -0.000566 0.000625
v -0.000495 -0.000548 0.000535
v -0.000495 -0.000549 0.000622
v -0.000523 -0.000523 0.000532
v -0.000523 -0.000523 0.000619
v -0.000537 -0.000508 0.00053
v -0.000537 -0.000508 0.000617
v -0.000566 -0.000475 0.000526
v -0.000566 -0.000475 0.000613
v -0.000576 -0.000463 0.000612
v -0.000576 -0.000463 0.000525
v -0.000586 -0.000451 0.000611
v -0.000586 -0.000451 0.000524
v -0.000605 -0.000424 0.000521
v -0.000605 -0.000424 0.000608
v -0.000619 -0.000403 0.000518
v -0.000619 -0.000403 0.000605
v -0.00064 -0.00037 0.000515
v -0.00064 -0.00037 0.000602
v -0.000649 -0.000353 0.000513
v -0.000649 -0.000353 0.0006
v -0.00067 -0.000312 0.000509
v -0.00067 -0.000312 0.000596
v -0.000675 -0.000301 0.000595
v -0.000675 -0.000301 0.000508
v -0.000694 -0.000253 0.00059
v -0.000694 -0.000253 0.000503
v -0.000697 -0.000245 0.000589
v -0.000697 -0.000245 0.000502
v -0.000702 -0.000231 0.000588
v -0.000702 -0.000231 0.000501
v -0.000714 -0.000191 0.000497
v -0.000714 -0.000191 0.000585
v -0.000718 -0.000175 0.000496
v -0.000718 -0.000175 0.000583
v -0.000728 -0.000128 0.000492
v -0.000728 -0.000128 0.000579
v -0.00073 -0.000118 0.000578
v -0.00073 -0.000118 0.000491
v -0.000736 -6.4e-05 0.000574
v -0.000736 6.4e-05 0.000564
v -0.000736 6.4e-05 0.000476
v -0.000738 3.7e-05 0.000479
v -0.000739 2.4e-05 0.000567
v -0.000739 0.0 0.000482
v -0.000739 -0.0 0.000569
v -0.000737 -5.9e-05 0.000574
v -0.000737 -5.9e-05 0.000486
v -0.000736 -6.4e-05 0.000487
v -0.000733 9.5e-05 0.000474
v -0.000734 8.2e-05 0.000562
v -0.000731 0.000111 0.000473
v -0.000728 0.000128 0.000558
v -0.000728 0.000128 0.000471
v -0.000726 0.00014 0.000557
v -0.000723 0.000154 0.000556
v -0.00072 0.000168 0.000468
v -0.000714 0.000191 0.000552
v -0.000714 0.000191 0.000465
v -0.000704 0.000224 0.000462
v -0.000708 0.000211 0.000551
v -0.000694 0.000253 0.00046
v -0.000694 0.000253 0.000547
v -0.000684 0.000279 0.000457
v -0.000689 0.000266 0.000545
v -0.00067 0.000312 0.000541
v -0.000653 0.000347 0.00045
v -0.00064 0.000369 0.000535
v -0.00064 0.000369 0.000448
v -0.000638 0.000372 0.000534
v -0.00063 0.000386 0.000533
v -0.000623 0.000397 0.000445
v -0.000605 0.000424 0.000529
v -0.000605 0.000424 0.000442
v -0.000598 0.000434 0.000528
v -0.00059 0.000445 0.00044
v -0.000566 0.000475 0.000523
v -0.000566 0.000475 0.000436
v -0.000562 0.00048 0.000523
v -0.000553 0.00049 0.000435
v -0.000523 0.000523 0.000518
v -0.000523 0.000523 0.000431
v -0.000522 0.000523 0.000518
v -0.000512 0.000533 0.00043
v -0.0005 0.000544 0.000428
v -0.000478 0.000563 0.000513
v -0.000475 0.000566 0.000426
v -0.000475 0.000566 0.000513
v -0.000466 0.000573 0.000512
v -0.000456 0.000582 0.000424
v -0.000424 0.000605 0.000508
v -0.000424 0.000605 0.00042
v -0.000409 0.000616 0.000419
v -0.00042 0.000608 0.000507
v -0.000371 0.000639 0.000502
v -0.000369 0.00064 0.000415
v -0.000369 0.00064 0.000502
v -0.000358 0.000646 0.000414
v -0.000319 0.000667 0.000498
v -0.000312 0.00067 0.00041
v -0.000312 0.00067 0.000497
v -0.000305 0.000673 0.000409
v -0.000291 0.000679 0.000408
v -0.000264 0.00069 0.000492
v -0.000253 0.000694 0.000404
v -0.000253 0.000694 0.000491
v -0.00025 0.000696 0.000404
v -0.00025 0.000696 0.000491
v -0.000237 0.0007 0.000403
v -0.000194 0.000713 0.000486
v -0.000191 0.000714 0.000399
v -0.000191 0.000714 0.000486
v -0.000181 0.000716 0.000398
v -0.000137 0.000726 0.000481
v -0.000128 0.000728 0.000393
v -0.000128 0.000728 0.00048
v -0.000124 0.000729 0.000392
v -7.9e-05 0.000735 0.000475
v -6.5e-05 0.000736 0.000387
v -6.4e-05 0.000736 0.000387
v -6.4e-05 0.000736 0.000474
v -4.9e-05 0.000737 0.000385
v -2e-05 0.000739 0.00047
v -0.0 0.000739 0.000381
v -4e-06 0.000739 0.000468
v -0.0 0.000739 0.000468
v 9e-06 0.000739 0.00038
v 5.4e-05 0.000737 0.000463
v 6.4e-05 0.000736 0.000375
v 6.4e-05 0.000736 0.000462
v 6.7e-05 0.000736 0.000375
v 0.000111 0.000731 0.000458
v 0.000125 0.000728 0.00037
v 0.000128 0.000728 0.00037
v 0.000128 0.000728 0.000457
v 0.000183 0.000716 0.000365
v 0.000169 0.000719 0.000453
v 0.000191 0.000714 0.000364
v 0.000191 0.000714 0.000452
v 0.000199 0.000712 0.000364
v 0.000226 0.000703 0.000449
v 0.000242 0.000698 0.000447
v 0.000253 0.000694 0.000359
v 0.000253 0.000694 0.000446
v 0.000254 0.000694 0.000359
v 0.000312 0.00067 0.000441
v 0.0003 0.000675 0.000355
v 0.000296 0.000677 0.000443
v 0.000269 0.000688 0.000445
v 0.000424 0.000605 0.000343
v 0.000411 0.000614 0.000345
v 0.000424 0.000605 0.00043
v 0.000399 0.000622 0.000433
v 0.00037 0.00064 0.000349
v 0.00037 0.00064 0.000436
v 0.00036 0.000645 0.000349
v 0.000348 0.000652 0.000438
v 0.000312 0.00067 0.000354
v 0.000308 0.000672 0.000354
v 0.000447 0.000588 0.000428
v 0.00047 0.00057 0.000338
v 0.000459 0.000579 0.000426
v 0.000475 0.000566 0.000425
v 0.000475 0.000566 0.000338
v 0.000504 0.000541 0.000421
v 0.000513 0.000531 0.000333
v 0.000523 0.000523 0.000419
v 0.000523 0.000523 0.000332
v 0.000545 0.0005 0.000416
v 0.000554 0.000489 0.000328
v 0.000566 0.000475 0.000413
v 0.000566 0.000475 0.000326
v 0.000583 0.000455 0.00041
v 0.000592 0.000443 0.000322
v 0.000605 0.000424 0.000407
v 0.000601 0.000431 0.000321
v 0.000605 0.000424 0.00032
v 0.000617 0.000406 0.000405
v 0.000633 0.000382 0.000316
v 0.000626 0.000393 0.000404
v 0.00064 0.00037 0.000314
v 0.00064 0.00037 0.000401
v 0.000661 0.000331 0.00031
v 0.000655 0.000343 0.000399
v 0.00067 0.000312 0.000309
v 0.00067 0.000312 0.000396
v 0.00068 0.00029 0.000394
v 0.000685 0.000277 0.000305
v 0.000694 0.000253 0.00039
v 0.000694 0.000253 0.000303
v 0.0007 0.000235 0.000389
v 0.000705 0.000221 0.0003
v 0.000714 0.000191 0.000385
v 0.00071 0.000206 0.000299
v 0.000714 0.000191 0.000298
v 0.000717 0.000178 0.000384
v 0.000724 0.00015 0.000294
v 0.000721 0.000163 0.000383
v 0.000728 0.000128 0.000293
v 0.000728 0.000128 0.00038
v 0.000733 9.2e-05 0.00029
v 0.000731 0.000106 0.000378
v 0.000736 6.4e-05 0.000288
v 0.000736 6.4e-05 0.000375
v 0.000738 3.4e-05 0.000285
v 0.000737 4.8e-05 0.000373
v 0.000739 -0.0 0.000282
v 0.000739 -0.0 0.000369
v 0.000739 -2.6e-05 0.00028
v 0.000739 -1.1e-05 0.000368
v 0.000738 -4.1e-05 0.000279
v 0.000736 -6.4e-05 0.000364
v 0.000736 -6.4e-05 0.000277
v 0.000736 -7e-05 0.000363
v 0.000732 -9.9e-05 0.000274
v 0.000734 -8.5e-05 0.000362
v 0.000728 -0.000128 0.000271
v 0.000728 -0.000128 0.000358
v 0.000722 -0.000156 0.000268
v 0.000725 -0.000143 0.000356
v 0.000714 -0.000191 0.000265
v 0.000714 -0.000191 0.000352
v 0.000712 -0.000199 0.000351
v 0.000708 -0.000213 0.000263
v 0.000694 -0.000253 0.000346
v 0.000694 -0.000253 0.000259
v 0.000693 -0.000255 0.000346
v 0.000688 -0.000269 0.000257
v 0.000682 -0.000283 0.000256
v 0.000671 -0.00031 0.00034
v 0.00067 -0.000312 0.000253
v 0.00067 -0.000312 0.00034
v 0.000665 -0.000322 0.000252
v 0.000664 -0.000324 0.000339
v 0.000658 -0.000336 0.000251
v 0.00064 -0.000369 0.000334
v 0.00064 -0.000369 0.000247
v 0.000636 -0.000376 0.000334
v 0.00063 -0.000387 0.000246
v 0.000605 -0.000424 0.000329
v 0.000605 -0.000424 0.000242
v 0.000605 -0.000425 0.000329
v 0.000597 -0.000436 0.000241
v 0.000569 -0.000471 0.000324
v 0.000566 -0.000475 0.000236
v 0.000566 -0.000475 0.000324
v 0.00056 -0.000482 0.000236
v 0.000549 -0.000494 0.000234
v 0.00053 -0.000515 0.000319
v 0.000523 -0.000523 0.000231
v 0.000523 -0.000523 0.000319
v 0.000509 -0.000536 0.00023
v 0.000312 -0.00067 0.000297
v 0.000315 -0.000669 0.00021
v 0.000314 -0.000669 0.000297
v 0.000354 -0.000649 0.000214
v 0.000328 -0.000662 0.000298
v 0.000369 -0.00064 0.000303
v 0.000518 -0.000527 0.000318
v 0.000475 -0.000566 0.000313
v 0.000475 -0.000566 0.000226
v 0.000465 -0.000574 0.000225
v 0.000429 -0.000601 0.000309
v 0.000424 -0.000605 0.000221
v 0.000424 -0.000605 0.000308
v 0.000418 -0.000609 0.00022
v 0.00038 -0.000634 0.000304
v 0.000369 -0.00064 0.000216
v 0.000368 -0.000641 0.000215
v 0.000191 -0.000714 0.000285
v 0.000191 -0.000714 0.000198
v 0.000192 -0.000714 0.000198
v 0.000206 -0.00071 0.000286
v 0.000248 -0.000696 0.000204
v 0.000253 -0.000694 0.000291
v 0.000253 -0.000694 0.000204
v 0.000261 -0.000691 0.000292
v 0.000302 -0.000674 0.000209
v 0.000312 -0.00067 0.00021
v 0.000134 -0.000727 0.000193
v 0.000149 -0.000724 0.000281
v 0.000128 -0.000728 0.000192
v 0.000128 -0.000728 0.000279
v 0.000119 -0.000729 0.000191
v 9e-05 -0.000734 0.000276
v 6.4e-05 -0.000736 0.000186
v 7.4e-05 -0.000735 0.000274
v 6.4e-05 -0.000736 0.000273
v 6.1e-05 -0.000736 0.000186
v 1.6e-05 -0.000739 0.000269
v 3e-06 -0.000739 0.000181
v 0.0 -0.000739 0.000181
v 0.0 -0.000739 0.000268
v -5.6e-05 -0.000737 0.000176
v -4.2e-05 -0.000738 0.000264
v -6.4e-05 -0.000736 0.000175
v -6.4e-05 -0.000736 0.000263
v -0.000115 -0.00073 0.000171
v -0.0001 -0.000732 0.00026
v -0.000128 -0.000728 0.00017
v -0.000128 -0.000728 0.000257
v -0.00013 -0.000727 0.000169
v -0.000159 -0.000722 0.000255
v -0.000187 -0.000715 0.000165
v -0.000174 -0.000718 0.000254
v -0.000191 -0.000714 0.000164
v -0.000191 -0.000714 0.000252
v -0.00023 -0.000702 0.000249
v -0.000243 -0.000698 0.00016
v -0.000253 -0.000694 0.000247
v -0.000253 -0.000694 0.000159
v -0.000285 -0.000682 0.000244
v -0.000297 -0.000677 0.000155
v -0.000312 -0.00067 0.000241
v -0.000312 -0.00067 0.000154
v -0.000338 -0.000657 0.000239
v -0.000351 -0.00065 0.00015
v -0.00037 -0.00064 0.000236
v -0.000369 -0.00064 0.00015
v -0.00039 -0.000628 0.000234
v -0.000403 -0.00062 0.000232
v -0.000424 -0.000605 0.00015
v -0.000424 -0.000605 0.00023
v -0.00045 -0.000586 0.000227
v -0.000475 -0.000566 0.00015
v -0.000475 -0.000566 0.000224
v -0.000495 -0.000549 0.000222
v -0.000523 -0.000523 0.00015
v -0.000566 -0.000475 0.000212
v -0.000566 -0.000475 0.00015
v -0.000537 -0.000508 0.000216
v -0.000523 -0.000523 0.000218
v -0.000576 -0.000463 0.000211
v -0.000586 -0.000451 0.00021
v -0.000605 -0.000424 0.00015
v -0.000605 -0.000424 0.000207
v -0.000619 -0.000403 0.000205
v -0.00064 -0.000369 0.00015
v -0.00064 -0.00037 0.000201
v -0.000649 -0.000353 0.0002
v -0.00067 -0.000312 0.00015
v -0.000694 -0.000253 0.000191
v -0.000694 -0.000253 0.00015
v -0.000675 -0.000301 0.000195
v -0.00067 -0.000312 0.000196
v -0.000697 -0.000245 0.00019
v -0.000702 -0.000231 0.000189
v -0.000714 -0.000191 0.00015
v -0.000714 -0.000191 0.000186
v -0.000718 -0.000175 0.000184
v -0.000728 -0.000128 0.00015
v -0.000728 -0.000128 0.00018
v -0.00073 -0.000118 0.000179
v -0.000736 -6.4e-05 0.00015
v -0.000739 0.0 0.000169
v -0.000739 -0.0 0.00015
v -0.000737 -5.9e-05 0.000174
v -0.000736 -6.4e-05 0.000175
v -0.000738 3.9e-05 0.000165
v -0.000736 6.4e-05 0.00015
v -0.000736 6.4e-05 0.000163
v -0.000733 9.7e-05 0.00016
v -0.000728 0.000128 0.000157
v 0.0 -0.0019 0.00015
v 0.000166 -0.001901 0.00015
v 0.000166 -0.001893 0.00015
v 0.000331 -0.00188 0.00015
v 0.00033 -0.001871 0.00015
v 0.000494 -0.001844 0.00015
v 0.000492 -0.001835 0.00015
v 0.000653 -0.001794 0.00015
v 0.00065 -0.001785 0.00015
v 0.000807 -0.00173 0.00015
v 0.000803 -0.001722 0.00015
v 0.000954 -0.001653 0.00015
v 0.00095 -0.001645 0.00015
v 0.001095 -0.001564 0.00015
v 0.00109 -0.001556 0.00015
v 0.001227 -0.001462 0.00015
v 0.001221 -0.001455 0.00015
v 0.00135 -0.00135 0.00015
v 0.001344 -0.001344 0.00015
v 0.001462 -0.001227 0.00015
v 0.001455 -0.001221 0.00015
v 0.001564 -0.001095 0.00015
v 0.001556 -0.00109 0.00015
v 0.001653 -0.000954 0.00015
v 0.001645 -0.00095 0.00015
v 0.00173 -0.000807 0.00015
v 0.001722 -0.000803 0.00015
v 0.001794 -0.000653 0.00015
v 0.001785 -0.00065 0.00015
v 0.001844 -0.000494 0.00015
v 0.001835 -0.000492 0.00015
v 0.00188 -0.000331 0.00015
v 0.001871 -0.00033 0.00015
v 0.001901 -0.000166 0.00015
v 0.001893 -0.000166 0.00015
v 0.001909 -0.0 0.00015
v 0.0019 -0.0 0.00015
v 0.001901 0.000166 0.00015
v 0.001893 0.000166 0.00015
v 0.00188 0.000331 0.00015
v 0.001871 0.00033 0.00015
v 0.001844 0.000494 0.00015
v 0.001835 0.000492 0.00015
v 0.001794 0.000653 0.00015
v 0.001785 0.00065 0.00015
v 0.00173 0.000807 0.00015
v 0.001722 0.000803 0.00015
v 0.001653 0.000954 0.00015
v 0.001645 0.00095 0.00015
v 0.001564 0.001095 0.00015
v 0.001556 0.00109 0.00015
v 0.001462 0.001227 0.00015
v 0.001455 0.001221 0.00015
v 0.00135 0.00135 0.00015
v 0.001344 0.001344 0.00015
v 0.001227 0.001462 0.00015
v 0.001221 0.001455 0.00015
v 0.001095 0.001564 0.00015
v 0.00109 0.001556 0.00015
v 0.000954 0.001653 0.00015
v 0.00095 0.001645 0.00015
v 0.000807 0.00173 0.00015
v 0.000803 0.001722 0.00015
v 0.000653 0.001794 0.00015
v 0.00065 0.001785 0.00015
v 0.000494 0.001844 0.00015
v 0.000492 0.001835 0.00015
v 0.000331 0.00188 0.00015
v 0.00033 0.001871 0.00015
v 0.000166 0.001901 0.00015
v 0.000166 0.001893 0.00015
v 0.0 0.001909 0.00015
v 0.0 0.0019 0.00015
v -0.000166 0.001901 0.00015
v -0.000166 0.001893 0.00015
v -0.000331 0.00188 0.00015
v -0.00033 0.001871 0.00015
v -0.000494 0.001844 0.00015
v -0.000492 0.001835 0.00015
v -0.000653 0.001794 0.00015
v -0.00065 0.001785 0.00015
v -0.000807 0.00173 0.00015
v -0.000803 0.001722 0.00015
v -0.000954 0.001653 0.00015
v -0.00095 0.001645 0.00015
v -0.001095 0.001564 0.00015
v -0.00109 0.001556 0.00015
v -0.001227 0.001462 0.00015
v -0.001221 0.001455 0.00015
v -0.00135 0.00135 0.00015
v -0.001344 0.001344 0.00015
v -0.001462 0.001227 0.00015
v -0.001455 0.001221 0.00015
v -0.001564 0.001095 0.00015
v -0.001556 0.00109 0.00015
v -0.001653 0.000954 0.00015
v -0.001645 0.00095 0.00015
v -0.00173 0.000807 0.00015
v -0.001722 0.000803 0.00015
v -0.001794 0.000653 0.00015
v -0.001785 0.00065 0.00015
v -0.001844 0.000494 0.00015
v -0.001835 0.000492 0.00015
v -0.00188 0.000331 0.00015
v -0.001871 0.00033 0.00015
v -0.001901 0.000166 0.00015
v -0.001893 0.000166 0.00015
v -0.001909 0.0 0.00015
v -0.0019 0.0 0.00015
v -0.001901 -0.000166 0.00015
v -0.001893 -0.000166 0.00015
v -0.00188 -0.000331 0.00015
v -0.001871 -0.00033 0.00015
v -0.001844 -0.000494 0.00015
v -0.001835 -0.000492 0.00015
v -0.001794 -0.000653 0.00015
v -0.001785 -0.00065 0.00015
v -0.00173 -0.000807 0.00015
v -0.001722 -0.000803 0.00015
v -0.001653 -0.000954 0.00015
v -0.001645 -0.00095 0.00015
v -0.001564 -0.001095 0.00015
v -0.001556 -0.00109 0.00015
v -0.001462 -0.001227 0.00015
v -0.001455 -0.001221 0.00015
v -0.00135 -0.00135 0.00015
v -0.001344 -0.001344 0.00015
v -0.001227 -0.001462 0.00015
v -0.001221 -0.001455 0.00015
v -0.001095 -0.001564 0.00015
v -0.00109 -0.001556 0.00015
v -0.000954 -0.001653 0.00015
v -0.00095 -0.001645 0.00015
v -0.000807 -0.00173 0.00015
v -0.000803 -0.001722 0.00015
v -0.000653 -0.001794 0.00015
v -0.00065 -0.001785 0.00015
v -0.000494 -0.001844 0.00015
v -0.000492 -0.001835 0.00015
v -0.000331 -0.00188 0.00015
v -0.00033 -0.001871 0.00015
v -0.000166 -0.001901 0.00015
v -0.000166 -0.001893 0.00015
v 0.0 -0.001909 0.00015
v 0.000167 -0.00191 0.000148
v 0.000333 -0.001888 0.000148
v 0.000496 -0.001852 0.000148
v 0.000656 -0.001802 0.000148
v 0.00081 -0.001738 0.000148
v 0.000959 -0.00166 0.000148
v 0.0011 -0.001571 0.000148
v 0.001232 -0.001469 0.000148
v 0.001356 -0.001356 0.000148
v 0.001469 -0.001232 0.000148
v 0.001571 -0.0011 0.000148
v 0.00166 -0.000959 0.000148
v 0.001738 -0.00081 0.000148
v 0.001802 -0.000656 0.000148
v 0.001852 -0.000496 0.000148
v 0.001888 -0.000333 0.000148
v 0.00191 -0.000167 0.000148
v 0.001917 -0.0 0.000148
v 0.00191 0.000167 0.000148
v 0.001888 0.000333 0.000148
v 0.001852 0.000496 0.000148
v 0.001802 0.000656 0.000148
v 0.001738 0.00081 0.000148
v 0.00166 0.000959 0.000148
v 0.001571 0.0011 0.000148
v 0.001469 0.001232 0.000148
v 0.001356 0.001356 0.000148
v 0.001232 0.001469 0.000148
v 0.0011 0.001571 0.000148
v 0.000959 0.00166 0.000148
v 0.00081 0.001738 0.000148
v 0.000656 0.001802 0.000148
v 0.000496 0.001852 0.000148
v 0.000333 0.001888 0.000148
v 0.000167 0.00191 0.000148
v 0.0 0.001917 0.000148
v -0.000167 0.00191 0.000148
v -0.000333 0.001888 0.000148
v -0.000496 0.001852 0.000148
v -0.000656 0.001802 0.000148
v -0.00081 0.001738 0.000148
v -0.000959 0.00166 0.000148
v -0.0011 0.001571 0.000148
v -0.001232 0.001469 0.000148
v -0.001356 0.001356 0.000148
v -0.001469 0.001232 0.000148
v -0.001571 0.0011 0.000148
v -0.00166 0.000959 0.000148
v -0.001738 0.00081 0.000148
v -0.001802 0.000656 0.000148
v -0.001852 0.000496 0.000148
v -0.001888 0.000333 0.000148
v -0.00191 0.000167 0.000148
v -0.001917 0.0 0.000148
v -0.00191 -0.000167 0.000148
v -0.001888 -0.000333 0.000148
v -0.001852 -0.000496 0.000148
v -0.001802 -0.000656 0.000148
v -0.001738 -0.00081 0.000148
v -0.00166 -0.000959 0.000148
v -0.001571 -0.0011 0.000148
v -0.001469 -0.001232 0.000148
v -0.001356 -0.001356 0.000148
v -0.001232 -0.001469 0.000148
v -0.0011 -0.001571 0.000148
v -0.000959 -0.00166 0.000148
v -0.00081 -0.001738 0.000148
v -0.000656 -0.001802 0.000148
v -0.000496 -0.001852 0.000148
v -0.000333 -0.001888 0.000148
v -0.000167 -0.00191 0.000148
v 0.0 -0.001917 0.000148
v 0.000168 -0.001919 0.000147
v 0.000334 -0.001897 0.000147
v 0.000498 -0.00186 0.000147
v 0.000659 -0.00181 0.000147
v 0.000814 -0.001745 0.000147
v 0.000963 -0.001668 0.000147
v 0.001105 -0.001578 0.000147
v 0.001238 -0.001475 0.000147
v 0.001362 -0.001362 0.000147
v 0.001475 -0.001238 0.000147
v 0.001578 -0.001105 0.000147
v 0.001668 -0.000963 0.000147
v 0.001745 -0.000814 0.000147
v 0.00181 -0.000659 0.000147
v 0.00186 -0.000498 0.000147
v 0.001897 -0.000334 0.000147
v 0.001919 -0.000168 0.000147
v 0.001926 -0.0 0.000147
v 0.001919 0.000168 0.000147
v 0.001897 0.000334 0.000147
v 0.00186 0.000498 0.000147
v 0.00181 0.000659 0.000147
v 0.001745 0.000814 0.000147
v 0.001668 0.000963 0.000147
v 0.001578 0.001105 0.000147
v 0.001475 0.001238 0.000147
v 0.001362 0.001362 0.000147
v 0.001238 0.001475 0.000147
v 0.001105 0.001578 0.000147
v 0.000963 0.001668 0.000147
v 0.000814 0.001745 0.000147
v 0.000659 0.00181 0.000147
v 0.000498 0.00186 0.000147
v 0.000334 0.001897 0.000147
v 0.000168 0.001919 0.000147
v 0.0 0.001926 0.000147
v -0.000168 0.001919 0.000147
v -0.000334 0.001897 0.000147
v -0.000498 0.00186 0.000147
v -0.000659 0.00181 0.000147
v -0.000814 0.001745 0.000147
v -0.000963 0.001668 0.000147
v -0.001105 0.001578 0.000147
v -0.001238 0.001475 0.000147
v -0.001362 0.001362 0.000147
v -0.001475 0.001238 0.000147
v -0.001578 0.001105 0.000147
v -0.001668 0.000963 0.000147
v -0.001745 0.000814 0.000147
v -0.00181 0.000659 0.000147
v -0.00186 0.000498 0.000147
v -0.001897 0.000334 0.000147
v -0.001919 0.000168 0.000147
v -0.001926 0.0 0.000147
v -0.001919 -0.000168 0.000147
v -0.001897 -0.000334 0.000147
v -0.00186 -0.000498 0.000147
v -0.00181 -0.000659 0.000147
v -0.001745 -0.000814 0.000147
v -0.001668 -0.000963 0.000147
v -0.001578 -0.001105 0.000147
v -0.001475 -0.001238 0.000147
v -0.001362 -0.001362 0.000147
v -0.001238 -0.001475 0.000147
v -0.001105 -0.001578 0.000147
v -0.000963 -0.001668 0.000147
v -0.000814 -0.001745 0.000147
v -0.000659 -0.00181 0.000147
v -0.000498 -0.00186 0.000147
v -0.000334 -0.001897 0.000147
v -0.000168 -0.001919 0.000147
v 0.0 -0.001926 0.000147
v 0.000169 -0.001927 0.000144
v 0.000336 -0.001905 0.000144
v 0.000501 -0.001868 0.000144
v 0.000662 -0.001818 0.000144
v 0.000817 -0.001753 0.000144
v 0.000967 -0.001675 0.000144
v 0.001109 -0.001584 0.000144
v 0.001243 -0.001482 0.000144
v 0.001368 -0.001368 0.000144
v 0.001482 -0.001243 0.000144
v 0.001584 -0.001109 0.000144
v 0.001675 -0.000967 0.000144
v 0.001753 -0.000817 0.000144
v 0.001818 -0.000662 0.000144
v 0.001868 -0.000501 0.000144
v 0.001905 -0.000336 0.000144
v 0.001927 -0.000169 0.000144
v 0.001934 -0.0 0.000144
v 0.001927 0.000169 0.000144
v 0.001905 0.000336 0.000144
v 0.001868 0.000501 0.000144
v 0.001818 0.000662 0.000144
v 0.001753 0.000817 0.000144
v 0.001675 0.000967 0.000144
v 0.001584 0.001109 0.000144
v 0.001482 0.001243 0.000144
v 0.001368 0.001368 0.000144
v 0.001243 0.001482 0.000144
v 0.001109 0.001584 0.000144
v 0.000967 0.001675 0.000144
v 0.000817 0.001753 0.000144
v 0.000662 0.001818 0.000144
v 0.000501 0.001868 0.000144
v 0.000336 0.001905 0.000144
v 0.000169 0.001927 0.000144
v 0.0 0.001934 0.000144
v -0.000169 0.001927 0.000144
v -0.000336 0.001905 0.000144
v -0.000501 0.001868 0.000144
v -0.000662 0.001818 0.000144
v -0.000817 0.001753 0.000144
v -0.000967 0.001675 0.000144
v -0.001109 0.001584 0.000144
v -0.001243 0.001482 0.000144
v -0.001368 0.001368 0.000144
v -0.001482 0.001243 0.000144
v -0.001584 0.001109 0.000144
v -0.001675 0.000967 0.000144
v -0.001753 0.000817 0.000144
v -0.001818 0.000662 0.000144
v -0.001868 0.000501 0.000144
v -0.001905 0.000336 0.000144
v -0.001927 0.000169 0.000144
v -0.001934 0.0 0.000144
v -0.001927 -0.000169 0.000144
v -0.001905 -0.000336 0.000144
v -0.001868 -0.000501 0.000144
v -0.001818 -0.000662 0.000144
v -0.001753 -0.000817 0.000144
v -0.001675 -0.000967 0.000144
v -0.001584 -0.001109 0.000144
v -0.001482 -0.001243 0.000144
v -0.001368 -0.001368 0.000144
v -0.001243 -0.001482 0.000144
v -0.001109 -0.001584 0.000144
v -0.000967 -0.001675 0.000144
v -0.000817 -0.001753 0.000144
v -0.000662 -0.001818 0.000144
v -0.000501 -0.001868 0.000144
v -0.000336 -0.001905 0.000144
v -0.000169 -0.001927 0.000144
v 0.0 -0.001934 0.000144
v 0.000169 -0.001935 0.000141
v 0.000337 -0.001913 0.000141
v 0.000503 -0.001876 0.000141
v 0.000664 -0.001825 0.000141
v 0.000821 -0.00176 0.000141
v 0.000971 -0.001682 0.000141
v 0.001114 -0.001591 0.000141
v 0.001248 -0.001488 0.000141
v 0.001373 -0.001373 0.000141
v 0.001488 -0.001248 0.000141
v 0.001591 -0.001114 0.000141
v 0.001682 -0.000971 0.000141
v 0.00176 -0.000821 0.000141
v 0.001825 -0.000664 0.000141
v 0.001876 -0.000503 0.000141
v 0.001913 -0.000337 0.000141
v 0.001935 -0.000169 0.000141
v 0.001942 -0.0 0.000141
v 0.001935 0.000169 0.000141
v 0.001913 0.000337 0.000141
v 0.001876 0.000503 0.000141
v 0.001825 0.000664 0.000141
v 0.00176 0.000821 0.000141
v 0.001682 0.000971 0.000141
v 0.001591 0.001114 0.000141
v 0.001488 0.001248 0.000141
v 0.001373 0.001373 0.000141
v 0.001248 0.001488 0.000141
v 0.001114 0.001591 0.000141
v 0.000971 0.001682 0.000141
v 0.000821 0.00176 0.000141
v 0.000664 0.001825 0.000141
v 0.000503 0.001876 0.000141
v 0.000337 0.001913 0.000141
v 0.000169 0.001935 0.000141
v 0.0 0.001942 0.000141
v -0.000169 0.001935 0.000141
v -0.000337 0.001913 0.000141
v -0.000503 0.001876 0.000141
v -0.000664 0.001825 0.000141
v -0.000821 0.00176 0.000141
v -0.000971 0.001682 0.000141
v -0.001114 0.001591 0.000141
v -0.001248 0.001488 0.000141
v -0.001373 0.001373 0.000141
v -0.001488 0.001248 0.000141
v -0.001591 0.001114 0.000141
v -0.001682 0.000971 0.000141
v -0.00176 0.000821 0.000141
v -0.001825 0.000664 0.000141
v -0.001876 0.000503 0.000141
v -0.001913 0.000337 0.000141
v -0.001935 0.000169 0.000141
v -0.001942 0.0 0.000141
v -0.001935 -0.000169 0.000141
v -0.001913 -0.000337 0.000141
v -0.001876 -0.000503 0.000141
v -0.001825 -0.000664 0.000141
v -0.00176 -0.000821 0.000141
v -0.001682 -0.000971 0.000141
v -0.001591 -0.001114 0.000141
v -0.001488 -0.001248 0.000141
v -0.001373 -0.001373 0.000141
v -0.001248 -0.001488 0.000141
v -0.001114 -0.001591 0.000141
v -0.000971 -0.001682 0.000141
v -0.000821 -0.00176 0.000141
v -0.000664 -0.001825 0.000141
v -0.000503 -0.001876 0.000141
v -0.000337 -0.001913 0.000141
v -0.000169 -0.001935 0.000141
v 0.0 -0.001942 0.000141
v 0.00017 -0.001943 0.000137
v 0.000339 -0.00192 0.000137
v 0.000505 -0.001884 0.000137
v 0.000667 -0.001832 0.000137
v 0.000824 -0.001767 0.000137
v 0.000975 -0.001689 0.000137
v 0.001118 -0.001597 0.000137
v 0.001253 -0.001494 0.000137
v 0.001379 -0.001379 0.000137
v 0.001494 -0.001253 0.000137
v 0.001597 -0.001118 0.000137
v 0.001689 -0.000975 0.000137
v 0.001767 -0.000824 0.000137
v 0.001832 -0.000667 0.000137
v 0.001884 -0.000505 0.000137
v 0.00192 -0.000339 0.000137
v 0.001943 -0.00017 0.000137
v 0.00195 -0.0 0.000137
v 0.001943 0.00017 0.000137
v 0.00192 0.000339 0.000137
v 0.001884 0.000505 0.000137
v 0.001832 0.000667 0.000137
v 0.001767 0.000824 0.000137
v 0.001689 0.000975 0.000137
v 0.001597 0.001118 0.000137
v 0.001494 0.001253 0.000137
v 0.001379 0.001379 0.000137
v 0.001253 0.001494 0.000137
v 0.001118 0.001597 0.000137
v 0.000975 0.001689 0.000137
v 0.000824 0.001767 0.000137
v 0.000667 0.001832 0.000137
v 0.000505 0.001884 0.000137
v 0.000339 0.00192 0.000137
v 0.00017 0.001943 0.000137
v 0.0 0.00195 0.000137
v -0.00017 0.001943 0.000137
v -0.000339 0.00192 0.000137
v -0.000505 0.001884 0.000137
v -0.000667 0.001832 0.000137
v -0.000824 0.001767 0.000137
v -0.000975 0.001689 0.000137
v -0.001118 0.001597 0.000137
v -0.001253 0.001494 0.000137
v -0.001379 0.001379 0.000137
v -0.001494 0.001253 0.000137
v -0.001597 0.001118 0.000137
v -0.001689 0.000975 0.000137
v -0.001767 0.000824 0.000137
v -0.001832 0.000667 0.000137
v -0.001884 0.000505 0.000137
v -0.00192 0.000339 0.000137
v -0.001943 0.00017 0.000137
v -0.00195 0.0 0.000137
v -0.001943 -0.00017 0.000137
v -0.00192 -0.000339 0.000137
v -0.001884 -0.000505 0.000137
v -0.001832 -0.000667 0.000137
v -0.001767 -0.000824 0.000137
v -0.001689 -0.000975 0.000137
v -0.001597 -0.001118 0.000137
v -0.001494 -0.001253 0.000137
v -0.001379 -0.001379 0.000137
v -0.001253 -0.001494 0.000137
v -0.001118 -0.001597 0.000137
v -0.000975 -0.001689 0.000137
v -0.000824 -0.001767 0.000137
v -0.000667 -0.001832 0.000137
v -0.000505 -0.001884 0.000137
v -0.000339 -0.00192 0.000137
v -0.00017 -0.001943 0.000137
v 0.0 -0.00195 0.000137
v 0.000171 -0.00195 0.000132
v 0.00034 -0.001928 0.000132
v 0.000507 -0.001891 0.000132
v 0.000669 -0.001839 0.000132
v 0.000827 -0.001774 0.000132
v 0.000979 -0.001695 0.000132
v 0.001123 -0.001603 0.000132
v 0.001258 -0.001499 0.000132
v 0.001384 -0.001384 0.000132
v 0.001499 -0.001258 0.000132
v 0.001603 -0.001123 0.000132
v 0.001695 -0.000979 0.000132
v 0.001774 -0.000827 0.000132
v 0.001839 -0.000669 0.000132
v 0.001891 -0.000507 0.000132
v 0.001928 -0.00034 0.000132
v 0.00195 -0.000171 0.000132
v 0.001957 -0.0 0.000132
v 0.00195 0.000171 0.000132
v 0.001928 0.00034 0.000132
v 0.001891 0.000507 0.000132
v 0.001839 0.000669 0.000132
v 0.001774 0.000827 0.000132
v 0.001695 0.000979 0.000132
v 0.001603 0.001123 0.000132
v 0.001499 0.001258 0.000132
v 0.001384 0.001384 0.000132
v 0.001258 0.001499 0.000132
v 0.001123 0.001603 0.000132
v 0.000979 0.001695 0.000132
v 0.000827 0.001774 0.000132
v 0.000669 0.001839 0.000132
v 0.000507 0.001891 0.000132
v 0.00034 0.001928 0.000132
v 0.000171 0.00195 0.000132
v 0.0 0.001957 0.000132
v -0.000171 0.00195 0.000132
v -0.00034 0.001928 0.000132
v -0.000507 0.001891 0.000132
v -0.000669 0.001839 0.000132
v -0.000827 0.001774 0.000132
v -0.000979 0.001695 0.000132
v -0.001123 0.001603 0.000132
v -0.001258 0.001499 0.000132
v -0.001384 0.001384 0.000132
v -0.001499 0.001258 0.000132
v -0.001603 0.001123 0.000132
v -0.001695 0.000979 0.000132
v -0.001774 0.000827 0.000132
v -0.001839 0.000669 0.000132
v -0.001891 0.000507 0.000132
v -0.001928 0.00034 0.000132
v -0.00195 0.000171 0.000132
v -0.001957 0.0 0.000132
v -0.00195 -0.000171 0.000132
v -0.001928 -0.00034 0.000132
v -0.001891 -0.000507 0.000132
v -0.001839 -0.000669 0.000132
v -0.001774 -0.000827 0.000132
v -0.001695 -0.000979 0.000132
v -0.001603 -0.001123 0.000132
v -0.001499 -0.001258 0.000132
v -0.001384 -0.001384 0.000132
v -0.001258 -0.001499 0.000132
v -0.001123 -0.001603 0.000132
v -0.000979 -0.001695 0.000132
v -0.000827 -0.001774 0.000132
v -0.000669 -0.001839 0.000132
v -0.000507 -0.001891 0.000132
v -0.00034 -0.001928 0.000132
v -0.000171 -0.00195 0.000132
v 0.0 -0.001957 0.000132
v 0.000171 -0.001957 0.000127
v 0.000341 -0.001934 0.000127
v 0.000508 -0.001897 0.000127
v 0.000672 -0.001846 0.000127
v 0.00083 -0.00178 0.000127
v 0.000982 -0.001701 0.000127
v 0.001127 -0.001609 0.000127
v 0.001263 -0.001505 0.000127
v 0.001389 -0.001389 0.000127
v 0.001505 -0.001263 0.000127
v 0.001609 -0.001127 0.000127
v 0.001701 -0.000982 0.000127
v 0.00178 -0.00083 0.000127
v 0.001846 -0.000672 0.000127
v 0.001897 -0.000508 0.000127
v 0.001934 -0.000341 0.000127
v 0.001957 -0.000171 0.000127
v 0.001964 -0.0 0.000127
v 0.001957 0.000171 0.000127
v 0.001934 0.000341 0.000127
v 0.001897 0.000508 0.000127
v 0.001846 0.000672 0.000127
v 0.00178 0.00083 0.000127
v 0.001701 0.000982 0.000127
v 0.001609 0.001127 0.000127
v 0.001505 0.001263 0.000127
v 0.001389 0.001389 0.000127
v 0.001263 0.001505 0.000127
v 0.001127 0.001609 0.000127
v 0.000982 0.001701 0.000127
v 0.00083 0.00178 0.000127
v 0.000672 0.001846 0.000127
v 0.000508 0.001897 0.000127
v 0.000341 0.001934 0.000127
v 0.000171 0.001957 0.000127
v 0.0 0.001964 0.000127
v -0.000171 0.001957 0.000127
v -0.000341 0.001934 0.000127
v -0.000508 0.001897 0.000127
v -0.000672 0.001846 0.000127
v -0.00083 0.00178 0.000127
v -0.000982 0.001701 0.000127
v -0.001127 0.001609 0.000127
v -0.001263 0.001505 0.000127
v -0.001389 0.001389 0.000127
v -0.001505 0.001263 0.000127
v -0.001609 0.001127 0.000127
v -0.001701 0.000982 0.000127
v -0.00178 0.00083 0.000127
v -0.001846 0.000672 0.000127
v -0.001897 0.000508 0.000127
v -0.001934 0.000341 0.000127
v -0.001957 0.000171 0.000127
v -0.001964 0.0 0.000127
v -0.001957 -0.000171 0.000127
v -0.001934 -0.000341 0.000127
v -0.001897 -0.000508 0.000127
v -0.001846 -0.000672 0.000127
v -0.00178 -0.00083 0.000127
v -0.001701 -0.000982 0.000127
v -0.001609 -0.001127 0.000127
v -0.001505 -0.001263 0.000127
v -0.001389 -0.001389 0.000127
v -0.001263 -0.001505 0.000127
v -0.001127 -0.001609 0.000127
v -0.000982 -0.001701 0.000127
v -0.00083 -0.00178 0.000127
v -0.000672 -0.001846 0.000127
v -0.000508 -0.001897 0.000127
v -0.000341 -0.001934 0.000127
v -0.000171 -0.001957 0.000127
v 0.0 -0.001964 0.000127
v 0.000172 -0.001963 0.000121
v 0.000342 -0.001941 0.000121
v 0.00051 -0.001904 0.000121
v 0.000674 -0.001852 0.000121
v 0.000833 -0.001786 0.000121
v 0.000985 -0.001707 0.000121
v 0.00113 -0.001614 0.000121
v 0.001267 -0.00151 0.000121
v 0.001394 -0.001394 0.000121
v 0.00151 -0.001267 0.000121
v 0.001614 -0.00113 0.000121
v 0.001707 -0.000985 0.000121
v 0.001786 -0.000833 0.000121
v 0.001852 -0.000674 0.000121
v 0.001904 -0.00051 0.000121
v 0.001941 -0.000342 0.000121
v 0.001963 -0.000172 0.000121
v 0.001971 -0.0 0.000121
v 0.001963 0.000172 0.000121
v 0.001941 0.000342 0.000121
v 0.001904 0.00051 0.000121
v 0.001852 0.000674 0.000121
v 0.001786 0.000833 0.000121
v 0.001707 0.000985 0.000121
v 0.001614 0.00113 0.000121
v 0.00151 0.001267 0.000121
v 0.001394 0.001394 0.000121
v 0.001267 0.00151 0.000121
v 0.00113 0.001614 0.000121
v 0.000985 0.001707 0.000121
v 0.000833 0.001786 0.000121
v 0.000674 0.001852 0.000121
v 0.00051 0.001904 0.000121
v 0.000342 0.001941 0.000121
v 0.000172 0.001963 0.000121
v 0.0 0.001971 0.000121
v -0.000172 0.001963 0.000121
v -0.000342 0.001941 0.000121
v -0.00051 0.001904 0.000121
v -0.000674 0.001852 0.000121
v -0.000833 0.001786 0.000121
v -0.000985 0.001707 0.000121
v -0.00113 0.001614 0.000121
v -0.001267 0.00151 0.000121
v -0.001394 0.001394 0.000121
v -0.00151 0.001267 0.000121
v -0.001614 0.00113 0.000121
v -0.001707 0.000985 0.000121
v -0.001786 0.000833 0.000121
v -0.001852 0.000674 0.000121
v -0.001904 0.00051 0.000121
v -0.001941 0.000342 0.000121
v -0.001963 0.000172 0.000121
v -0.001971 0.0 0.000121
v -0.001963 -0.000172 0.000121
v -0.001941 -0.000342 0.000121
v -0.001904 -0.00051 0.000121
v -0.001852 -0.000674 0.000121
v -0.001786 -0.000833 0.000121
v -0.001707 -0.000985 0.000121
v -0.001614 -0.00113 0.000121
v -0.00151 -0.001267 0.000121
v -0.001394 -0.001394 0.000121
v -0.001267 -0.00151 0.000121
v -0.00113 -0.001614 0.000121
v -0.000985 -0.001707 0.000121
v -0.000833 -0.001786 0.000121
v -0.000674 -0.001852 0.000121
v -0.00051 -0.001904 0.000121
v -0.000342 -0.001941 0.000121
v -0.000172 -0.001963 0.000121
v 0.0 -0.001971 0.000121
v 0.000172 -0.001969 0.000114
v 0.000343 -0.001947 0.000114
v 0.000512 -0.001909 0.000114
v 0.000676 -0.001857 0.000114
v 0.000835 -0.001791 0.000114
v 0.000988 -0.001712 0.000114
v 0.001134 -0.001619 0.000114
v 0.001271 -0.001514 0.000114
v 0.001398 -0.001398 0.000114
v 0.001514 -0.001271 0.000114
v 0.001619 -0.001134 0.000114
v 0.001712 -0.000988 0.000114
v 0.001791 -0.000835 0.000114
v 0.001857 -0.000676 0.000114
v 0.001909 -0.000512 0.000114
v 0.001947 -0.000343 0.000114
v 0.001969 -0.000172 0.000114
v 0.001977 -0.0 0.000114
v 0.001969 0.000172 0.000114
v 0.001947 0.000343 0.000114
v 0.001909 0.000512 0.000114
v 0.001857 0.000676 0.000114
v 0.001791 0.000835 0.000114
v 0.001712 0.000988 0.000114
v 0.001619 0.001134 0.000114
v 0.001514 0.001271 0.000114
v 0.001398 0.001398 0.000114
v 0.001271 0.001514 0.000114
v 0.001134 0.001619 0.000114
v 0.000988 0.001712 0.000114
v 0.000835 0.001791 0.000114
v 0.000676 0.001857 0.000114
v 0.000512 0.001909 0.000114
v 0.000343 0.001947 0.000114
v 0.000172 0.001969 0.000114
v 0.0 0.001977 0.000114
v -0.000172 0.001969 0.000114
v -0.000343 0.001947 0.000114
v -0.000512 0.001909 0.000114
v -0.000676 0.001857 0.000114
v -0.000835 0.001791 0.000114
v -0.000988 0.001712 0.000114
v -0.001134 0.001619 0.000114
v -0.001271 0.001514 0.000114
v -0.001398 0.001398 0.000114
v -0.001514 0.001271 0.000114
v -0.001619 0.001134 0.000114
v -0.001712 0.000988 0.000114
v -0.001791 0.000835 0.000114
v -0.001857 0.000676 0.000114
v -0.001909 0.000512 0.000114
v -0.001947 0.000343 0.000114
v -0.001969 0.000172 0.000114
v -0.001977 0.0 0.000114
v -0.001969 -0.000172 0.000114
v -0.001947 -0.000343 0.000114
v -0.001909 -0.000512 0.000114
v -0.001857 -0.000676 0.000114
v -0.001791 -0.000835 0.000114
v -0.001712 -0.000988 0.000114
v -0.001619 -0.001134 0.000114
v -0.001514 -0.001271 0.000114
v -0.001398 -0.001398 0.000114
v -0.001271 -0.001514 0.000114
v -0.001134 -0.001619 0.000114
v -0.000988 -0.001712 0.000114
v -0.000835 -0.001791 0.000114
v -0.000676 -0.001857 0.000114
v -0.000512 -0.001909 0.000114
v -0.000343 -0.001947 0.000114
v -0.000172 -0.001969 0.000114
v 0.0 -0.001977 0.000114
v 0.000173 -0.001974 0.000107
v 0.000344 -0.001952 0.000107
v 0.000513 -0.001914 0.000107
v 0.000678 -0.001862 0.000107
v 0.000838 -0.001796 0.000107
v 0.000991 -0.001716 0.000107
v 0.001137 -0.001623 0.000107
v 0.001274 -0.001518 0.000107
v 0.001401 -0.001401 0.000107
v 0.001518 -0.001274 0.000107
v 0.001623 -0.001137 0.000107
v 0.001716 -0.000991 0.000107
v 0.001796 -0.000838 0.000107
v 0.001862 -0.000678 0.000107
v 0.001914 -0.000513 0.000107
v 0.001952 -0.000344 0.000107
v 0.001974 -0.000173 0.000107
v 0.001982 -0.0 0.000107
v 0.001974 0.000173 0.000107
v 0.001952 0.000344 0.000107
v 0.001914 0.000513 0.000107
v 0.001862 0.000678 0.000107
v 0.001796 0.000838 0.000107
v 0.001716 0.000991 0.000107
v 0.001623 0.001137 0.000107
v 0.001518 0.001274 0.000107
v 0.001401 0.001401 0.000107
v 0.001274 0.001518 0.000107
v 0.001137 0.001623 0.000107
v 0.000991 0.001716 0.000107
v 0.000838 0.001796 0.000107
v 0.000678 0.001862 0.000107
v 0.000513 0.001914 0.000107
v 0.000344 0.001952 0.000107
v 0.000173 0.001974 0.000107
v 0.0 0.001982 0.000107
v -0.000173 0.001974 0.000107
v -0.000344 0.001952 0.000107
v -0.000513 0.001914 0.000107
v -0.000678 0.001862 0.000107
v -0.000838 0.001796 0.000107
v -0.000991 0.001716 0.000107
v -0.001137 0.001623 0.000107
v -0.001274 0.001518 0.000107
v -0.001401 0.001401 0.000107
v -0.001518 0.001274 0.000107
v -0.001623 0.001137 0.000107
v -0.001716 0.000991 0.000107
v -0.001796 0.000838 0.000107
v -0.001862 0.000678 0.000107
v -0.001914 0.000513 0.000107
v -0.001952 0.000344 0.000107
v -0.001974 0.000173 0.000107
v -0.001982 0.0 0.000107
v -0.001974 -0.000173 0.000107
v -0.001952 -0.000344 0.000107
v -0.001914 -0.000513 0.000107
v -0.001862 -0.000678 0.000107
v -0.001796 -0.000838 0.000107
v -0.001716 -0.000991 0.000107
v -0.001623 -0.001137 0.000107
v -0.001518 -0.001274 0.000107
v -0.001401 -0.001401 0.000107
v -0.001274 -0.001518 0.000107
v -0.001137 -0.001623 0.000107
v -0.000991 -0.001716 0.000107
v -0.000838 -0.001796 0.000107
v -0.000678 -0.001862 0.000107
v -0.000513 -0.001914 0.000107
v -0.000344 -0.001952 0.000107
v -0.000173 -0.001974 0.000107
v 0.0 -0.001982 0.000107
v 0.000173 -0.001979 0.0001
v 0.000345 -0.001956 0.0001
v 0.000514 -0.001919 0.0001
v 0.000679 -0.001867 0.0001
v 0.00084 -0.0018 0.0001
v 0.000993 -0.00172 0.0001
v 0.001139 -0.001627 0.0001
v 0.001277 -0.001522 0.0001
v 0.001405 -0.001405 0.0001
v 0.001522 -0.001277 0.0001
v 0.001627 -0.001139 0.0001
v 0.00172 -0.000993 0.0001
v 0.0018 -0.00084 0.0001
v 0.001867 -0.000679 0.0001
v 0.001919 -0.000514 0.0001
v 0.001956 -0.000345 0.0001
v 0.001979 -0.000173 0.0001
v 0.001987 -0.0 0.0001
v 0.001979 0.000173 0.0001
v 0.001956 0.000345 0.0001
v 0.001919 0.000514 0.0001
v 0.001867 0.000679 0.0001
v 0.0018 0.00084 0.0001
v 0.00172 0.000993 0.0001
v 0.001627 0.001139 0.0001
v 0.001522 0.001277 0.0001
v 0.001405 0.001405 0.0001
v 0.001277 0.001522 0.0001
v 0.001139 0.001627 0.0001
v 0.000993 0.00172 0.0001
v 0.00084 0.0018 0.0001
v 0.000679 0.001867 0.0001
v 0.000514 0.001919 0.0001
v 0.000345 0.001956 0.0001
v 0.000173 0.001979 0.0001
v 0.0 0.001987 0.0001
v -0.000173 0.001979 0.0001
v -0.000345 0.001956 0.0001
v -0.000514 0.001919 0.0001
v -0.000679 0.001867 0.0001
v -0.00084 0.0018 0.0001
v -0.000993 0.00172 0.0001
v -0.001139 0.001627 0.0001
v -0.001277 0.001522 0.0001
v -0.001405 0.001405 0.0001
v -0.001522 0.001277 0.0001
v -0.001627 0.001139 0.0001
v -0.00172 0.000993 0.0001
v -0.0018 0.00084 0.0001
v -0.001867 0.000679 0.0001
v -0.001919 0.000514 0.0001
v -0.001956 0.000345 0.0001
v -0.001979 0.000173 0.0001
v -0.001987 0.0 0.0001
v -0.001979 -0.000173 0.0001
v -0.001956 -0.000345 0.0001
v -0.001919 -0.000514 0.0001
v -0.001867 -0.000679 0.0001
v -0.0018 -0.00084 0.0001
v -0.00172 -0.000993 0.0001
v -0.001627 -0.001139 0.0001
v -0.001522 -0.001277 0.0001
v -0.001405 -0.001405 0.0001
v -0.001277 -0.001522 0.0001
v -0.001139 -0.001627 0.0001
v -0.000993 -0.00172 0.0001
v -0.00084 -0.0018 0.0001
v -0.000679 -0.001867 0.0001
v -0.000514 -0.001919 0.0001
v -0.000345 -0.001956 0.0001
v -0.000173 -0.001979 0.0001
v 0.0 -0.001987 0.0001
v 0.000173 -0.001983 9.2e-05
v 0.000346 -0.00196 9.2e-05
v 0.000515 -0.001923 9.2e-05
v 0.000681 -0.001871 9.2e-05
v 0.000841 -0.001804 9.2e-05
v 0.000995 -0.001724 9.2e-05
v 0.001142 -0.001631 9.2e-05
v 0.00128 -0.001525 9.2e-05
v 0.001408 -0.001408 9.2e-05
v 0.001525 -0.00128 9.2e-05
v 0.001631 -0.001142 9.2e-05
v 0.001724 -0.000995 9.2e-05
v 0.001804 -0.000841 9.2e-05
v 0.001871 -0.000681 9.2e-05
v 0.001923 -0.000515 9.2e-05
v 0.00196 -0.000346 9.2e-05
v 0.001983 -0.000173 9.2e-05
v 0.001991 -0.0 9.2e-05
v 0.001983 0.000173 9.2e-05
v 0.00196 0.000346 9.2e-05
v 0.001923 0.000515 9.2e-05
v 0.001871 0.000681 9.2e-05
v 0.001804 0.000841 9.2e-05
v 0.001724 0.000995 9.2e-05
v 0.001631 0.001142 9.2e-05
v 0.001525 0.00128 9.2e-05
v 0.001408 0.001408 9.2e-05
v 0.00128 0.001525 9.2e-05
v 0.001142 0.001631 9.2e-05
v 0.000995 0.001724 9.2e-05
v 0.000841 0.001804 9.2e-05
v 0.000681 0.001871 9.2e-05
v 0.000515 0.001923 9.2e-05
v 0.000346 0.00196 9.2e-05
v 0.000173 0.001983 9.2e-05
v 0.0 0.001991 9.2e-05
v -0.000173 0.001983 9.2e-05
v -0.000346 0.00196 9.2e-05
v -0.000515 0.001923 9.2e-05
v -0.000681 0.001871 9.2e-05
v -0.000841 0.001804 9.2e-05
v -0.000995 0.001724 9.2e-05
v -0.001142 0.001631 9.2e-05
v -0.00128 0.001525 9.2e-05
v -0.001408 0.001408 9.2e-05
v -0.001525 0.00128 9.2e-05
v -0.001631 0.001142 9.2e-05
v -0.001724 0.000995 9.2e-05
v -0.001804 0.000841 9.2e-05
v -0.001871 0.000681 9.2e-05
v -0.001923 0.000515 9.2e-05
v -0.00196 0.000346 9.2e-05
v -0.001983 0.000173 9.2e-05
v -0.001991 0.0 9.2e-05
v -0.001983 -0.000173 9.2e-05
v -0.00196 -0.000346 9.2e-05
v -0.001923 -0.000515 9.2e-05
v -0.001871 -0.000681 9.2e-05
v -0.001804 -0.000841 9.2e-05
v -0.001724 -0.000995 9.2e-05
v -0.001631 -0.001142 9.2e-05
v -0.001525 -0.00128 9.2e-05
v -0.001408 -0.001408 9.2e-05
v -0.00128 -0.001525 9.2e-05
v -0.001142 -0.001631 9.2e-05
v -0.000995 -0.001724 9.2e-05
v -0.000841 -0.001804 9.2e-05
v -0.000681 -0.001871 9.2e-05
v -0.000515 -0.001923 9.2e-05
v -0.000346 -0.00196 9.2e-05
v -0.000173 -0.001983 9.2e-05
v 0.0 -0.001991 9.2e-05
v 0.000174 -0.001986 8.4e-05
v 0.000346 -0.001964 8.4e-05
v 0.000516 -0.001926 8.4e-05
v 0.000682 -0.001874 8.4e-05
v 0.000843 -0.001807 8.4e-05
v 0.000997 -0.001727 8.4e-05
v 0.001144 -0.001633 8.4e-05
v 0.001282 -0.001527 8.4e-05
v 0.00141 -0.00141 8.4e-05
v 0.001527 -0.001282 8.4e-05
v 0.001633 -0.001144 8.4e-05
v 0.001727 -0.000997 8.4e-05
v 0.001807 -0.000843 8.4e-05
v 0.001874 -0.000682 8.4e-05
v 0.001926 -0.000516 8.4e-05
v 0.001964 -0.000346 8.4e-05
v 0.001986 -0.000174 8.4e-05
v 0.001994 -0.0 8.4e-05
v 0.001986 0.000174 8.4e-05
v 0.001964 0.000346 8.4e-05
v 0.001926 0.000516 8.4e-05
v 0.001874 0.000682 8.4e-05
v 0.001807 0.000843 8.4e-05
v 0.001727 0.000997 8.4e-05
v 0.001633 0.001144 8.4e-05
v 0.001527 0.001282 8.4e-05
v 0.00141 0.00141 8.4e-05
v 0.001282 0.001527 8.4e-05
v 0.001144 0.001633 8.4e-05
v 0.000997 0.001727 8.4e-05
v 0.000843 0.001807 8.4e-05
v 0.000682 0.001874 8.4e-05
v 0.000516 0.001926 8.4e-05
v 0.000346 0.001964 8.4e-05
v 0.000174 0.001986 8.4e-05
v 0.0 0.001994 8.4e-05
v -0.000174 0.001986 8.4e-05
v -0.000346 0.001964 8.4e-05
v -0.000516 0.001926 8.4e-05
v -0.000682 0.001874 8.4e-05
v -0.000843 0.001807 8.4e-05
v -0.000997 0.001727 8.4e-05
v -0.001144 0.001633 8.4e-05
v -0.001282 0.001527 8.4e-05
v -0.00141 0.00141 8.4e-05
v -0.001527 0.001282 8.4e-05
v -0.001633 0.001144 8.4e-05
v -0.001727 0.000997 8.4e-05
v -0.001807 0.000843 8.4e-05
v -0.001874 0.000682 8.4e-05
v -0.001926 0.000516 8.4e-05
v -0.001964 0.000346 8.4e-05
v -0.001986 0.000174 8.4e-05
v -0.001994 0.0 8.4e-05
v -0.001986 -0.000174 8.4e-05
v -0.001964 -0.000346 8.4e-05
v -0.001926 -0.000516 8.4e-05
v -0.001874 -0.000682 8.4e-05
v -0.001807 -0.000843 8.4e-05
v -0.001727 -0.000997 8.4e-05
v -0.001633 -0.001144 8.4e-05
v -0.001527 -0.001282 8.4e-05
v -0.00141 -0.00141 8.4e-05
v -0.001282 -0.001527 8.4e-05
v -0.001144 -0.001633 8.4e-05
v -0.000997 -0.001727 8.4e-05
v -0.000843 -0.001807 8.4e-05
v -0.000682 -0.001874 8.4e-05
v -0.000516 -0.001926 8.4e-05
v -0.000346 -0.001964 8.4e-05
v -0.000174 -0.001986 8.4e-05
v 0.0 -0.001994 8.4e-05
v 0.000174 -0.001989 7.6e-05
v 0.000347 -0.001966 7.6e-05
v 0.000517 -0.001929 7.6e-05
v 0.000683 -0.001876 7.6e-05
v 0.000844 -0.00181 7.6e-05
v 0.000998 -0.001729 7.6e-05
v 0.001145 -0.001636 7.6e-05
v 0.001283 -0.001529 7.6e-05
v 0.001412 -0.001412 7.6e-05
v 0.001529 -0.001283 7.6e-05
v 0.001636 -0.001145 7.6e-05
v 0.001729 -0.000998 7.6e-05
v 0.00181 -0.000844 7.6e-05
v 0.001876 -0.000683 7.6e-05
v 0.001929 -0.000517 7.6e-05
v 0.001966 -0.000347 7.6e-05
v 0.001989 -0.000174 7.6e-05
v 0.001997 -0.0 7.6e-05
v 0.001989 0.000174 7.6e-05
v 0.001966 0.000347 7.6e-05
v 0.001929 0.000517 7.6e-05
v 0.001876 0.000683 7.6e-05
v 0.00181 0.000844 7.6e-05
v 0.001729 0.000998 7.6e-05
v 0.001636 0.001145 7.6e-05
v 0.001529 0.001283 7.6e-05
v 0.001412 0.001412 7.6e-05
v 0.001283 0.001529 7.6e-05
v 0.001145 0.001636 7.6e-05
v 0.000998 0.001729 7.6e-05
v 0.000844 0.00181 7.6e-05
v 0.000683 0.001876 7.6e-05
v 0.000517 0.001929 7.6e-05
v 0.000347 0.001966 7.6e-05
v 0.000174 0.001989 7.6e-05
v 0.0 0.001997 7.6e-05
v -0.000174 0.001989 7.6e-05
v -0.000347 0.001966 7.6e-05
v -0.000517 0.001929 7.6e-05
v -0.000683 0.001876 7.6e-05
v -0.000844 0.00181 7.6e-05
v -0.000998 0.001729 7.6e-05
v -0.001145 0.001636 7.6e-05
v -0.001283 0.001529 7.6e-05
v -0.001412 0.001412 7.6e-05
v -0.001529 0.001283 7.6e-05
v -0.001636 0.001145 7.6e-05
v -0.001729 0.000998 7.6e-05
v -0.00181 0.000844 7.6e-05
v -0.001876 0.000683 7.6e-05
v -0.001929 0.000517 7.6e-05
v -0.001966 0.000347 7.6e-05
v -0.001989 0.000174 7.6e-05
v -0.001997 0.0 7.6e-05
v -0.001989 -0.000174 7.6e-05
v -0.001966 -0.000347 7.6e-05
v -0.001929 -0.000517 7.6e-05
v -0.001876 -0.000683 7.6e-05
v -0.00181 -0.000844 7.6e-05
v -0.001729 -0.000998 7.6e-05
v -0.001636 -0.001145 7.6e-05
v -0.001529 -0.001283 7.6e-05
v -0.001412 -0.001412 7.6e-05
v -0.001283 -0.001529 7.6e-05
v -0.001145 -0.001636 7.6e-05
v -0.000998 -0.001729 7.6e-05
v -0.000844 -0.00181 7.6e-05
v -0.000683 -0.001876 7.6e-05
v -0.000517 -0.001929 7.6e-05
v -0.000347 -0.001966 7.6e-05
v -0.000174 -0.001989 7.6e-05
v 0.0 -0.001997 7.6e-05
v 0.000174 -0.001991 6.7e-05
v 0.000347 -0.001968 6.7e-05
v 0.000517 -0.00193 6.7e-05
v 0.000684 -0.001878 6.7e-05
v 0.000845 -0.001811 6.7e-05
v 0.000999 -0.001731 6.7e-05
v 0.001146 -0.001637 6.7e-05
v 0.001285 -0.001531 6.7e-05
v 0.001413 -0.001413 6.7e-05
v 0.001531 -0.001285 6.7e-05
v 0.001637 -0.001146 6.7e-05
v 0.001731 -0.000999 6.7e-05
v 0.001811 -0.000845 6.7e-05
v 0.001878 -0.000684 6.7e-05
v 0.00193 -0.000517 6.7e-05
v 0.001968 -0.000347 6.7e-05
v 0.001991 -0.000174 6.7e-05
v 0.001998 -0.0 6.7e-05
v 0.001991 0.000174 6.7e-05
v 0.001968 0.000347 6.7e-05
v 0.00193 0.000517 6.7e-05
v 0.001878 0.000684 6.7e-05
v 0.001811 0.000845 6.7e-05
v 0.001731 0.000999 6.7e-05
v 0.001637 0.001146 6.7e-05
v 0.001531 0.001285 6.7e-05
v 0.001413 0.001413 6.7e-05
v 0.001285 0.001531 6.7e-05
v 0.001146 0.001637 6.7e-05
v 0.000999 0.001731 6.7e-05
v 0.000845 0.001811 6.7e-05
v 0.000684 0.001878 6.7e-05
v 0.000517 0.00193 6.7e-05
v 0.000347 0.001968 6.7e-05
v 0.000174 0.001991 6.7e-05
v 0.0 0.001998 6.7e-05
v -0.000174 0.001991 6.7e-05
v -0.000347 0.001968 6.7e-05
v -0.000517 0.00193 6.7e-05
v -0.000684 0.001878 6.7e-05
v -0.000845 0.001811 6.7e-05
v -0.000999 0.001731 6.7e-05
v -0.001146 0.001637 6.7e-05
v -0.001285 0.001531 6.7e-05
v -0.001413 0.001413 6.7e-05
v -0.001531 0.001285 6.7e-05
v -0.001637 0.001146 6.7e-05
v -0.001731 0.000999 6.7e-05
v -0.001811 0.000845 6.7e-05
v -0.001878 0.000684 6.7e-05
v -0.00193 0.000517 6.7e-05
v -0.001968 0.000347 6.7e-05
v -0.001991 0.000174 6.7e-05
v -0.001998 0.0 6.7e-05
v -0.001991 -0.000174 6.7e-05
v -0.001968 -0.000347 6.7e-05
v -0.00193 -0.000517 6.7e-05
v -0.001878 -0.000684 6.7e-05
v -0.001811 -0.000845 6.7e-05
v -0.001731 -0.000999 6.7e-05
v -0.001637 -0.001146 6.7e-05
v -0.001531 -0.001285 6.7e-05
v -0.001413 -0.001413 6.7e-05
v -0.001285 -0.001531 6.7e-05
v -0.001146 -0.001637 6.7e-05
v -0.000999 -0.001731 6.7e-05
v -0.000845 -0.001811 6.7e-05
v -0.000684 -0.001878 6.7e-05
v -0.000517 -0.00193 6.7e-05
v -0.000347 -0.001968 6.7e-05
v -0.000174 -0.001991 6.7e-05
v 0.0 -0.001998 6.7e-05
v 0.000174 -0.001992 5.9e-05
v 0.000347 -0.001969 5.9e-05
v 0.000518 -0.001931 5.9e-05
v 0.000684 -0.001879 5.9e-05
v 0.000845 -0.001812 5.9e-05
v 0.001 -0.001732 5.9e-05
v 0.001147 -0.001638 5.9e-05
v 0.001285 -0.001532 5.9e-05
v 0.001414 -0.001414 5.9e-05
v 0.001532 -0.001285 5.9e-05
v 0.001638 -0.001147 5.9e-05
v 0.001732 -0.001 5.9e-05
v 0.001812 -0.000845 5.9e-05
v 0.001879 -0.000684 5.9e-05
v 0.001931 -0.000518 5.9e-05
v 0.001969 -0.000347 5.9e-05
v 0.001992 -0.000174 5.9e-05
v 0.002 -0.0 5.9e-05
v 0.001992 0.000174 5.9e-05
v 0.001969 0.000347 5.9e-05
v 0.001931 0.000518 5.9e-05
v 0.001879 0.000684 5.9e-05
v 0.001812 0.000845 5.9e-05
v 0.001732 0.001 5.9e-05
v 0.001638 0.001147 5.9e-05
v 0.001532 0.001285 5.9e-05
v 0.001414 0.001414 5.9e-05
v 0.001285 0.001532 5.9e-05
v 0.001147 0.001638 5.9e-05
v 0.001 0.001732 5.9e-05
v 0.000845 0.001812 5.9e-05
v 0.000684 0.001879 5.9e-05
v 0.000518 0.001931 5.9e-05
v 0.000347 0.001969 5.9e-05
v 0.000174 0.001992 5.9e-05
v 0.0 0.002 5.9e-05
v -0.000174 0.001992 5.9e-05
v -0.000347 0.001969 5.9e-05
v -0.000518 0.001931 5.9e-05
v -0.000684 0.001879 5.9e-05
v -0.000845 0.001812 5.9e-05
v -0.001 0.001732 5.9e-05
v -0.001147 0.001638 5.9e-05
v -0.001285 0.001532 5.9e-05
v -0.001414 0.001414 5.9e-05
v -0.001532 0.001285 5.9e-05
v -0.001638 0.001147 5.9e-05
v -0.001732 0.001 5.9e-05
v -0.001812 0.000845 5.9e-05
v -0.001879 0.000684 5.9e-05
v -0.001931 0.000518 5.9e-05
v -0.001969 0.000347 5.9e-05
v -0.001992 0.000174 5.9e-05
v -0.002 0.0 5.9e-05
v -0.001992 -0.000174 5.9e-05
v -0.001969 -0.000347 5.9e-05
v -0.001931 -0.000518 5.9e-05
v -0.001879 -0.000684 5.9e-05
v -0.001812 -0.000845 5.9e-05
v -0.001732 -0.001 5.9e-05
v -0.001638 -0.001147 5.9e-05
v -0.001532 -0.001285 5.9e-05
v -0.001414 -0.001414 5.9e-05
v -0.001285 -0.001532 5.9e-05
v -0.001147 -0.001638 5.9e-05
v -0.001 -0.001732 5.9e-05
v -0.000845 -0.001812 5.9e-05
v -0.000684 -0.001879 5.9e-05
v -0.000518 -0.001931 5.9e-05
v -0.000347 -0.001969 5.9e-05
v -0.000174 -0.001992 5.9e-05
v 0.0 -0.002 5.9e-05
v 0.000174 -0.001992 5e-05
v 0.000347 -0.00197 5e-05
v 0.000518 -0.001932 5e-05
v 0.000684 -0.001879 5e-05
v 0.000845 -0.001813 5e-05
v 0.001 -0.001732 5e-05
v 0.001147 -0.001638 5e-05
v 0.001286 -0.001532 5e-05
v 0.001414 -0.001414 5e-05
v 0.001532 -0.001286 5e-05
v 0.001638 -0.001147 5e-05
v 0.001732 -0.001 5e-05
v 0.001813 -0.000845 5e-05
v 0.001879 -0.000684 5e-05
v 0.001932 -0.000518 5e-05
v 0.00197 -0.000347 5e-05
v 0.001992 -0.000174 5e-05
v 0.002 -0.0 5e-05
v 0.001992 0.000174 5e-05
v 0.00197 0.000347 5e-05
v 0.001932 0.000518 5e-05
v 0.001879 0.000684 5e-05
v 0.001813 0.000845 5e-05
v 0.001732 0.001 5e-05
v 0.001638 0.001147 5e-05
v 0.001532 0.001286 5e-05
v 0.001414 0.001414 5e-05
v 0.001286 0.001532 5e-05
v 0.001147 0.001638 5e-05
v 0.001 0.001732 5e-05
v 0.000845 0.001813 5e-05
v 0.000684 0.001879 5e-05
v 0.000518 0.001932 5e-05
v 0.000347 0.00197 5e-05
v 0.000174 0.001992 5e-05
v 0.0 0.002 5e-05
v -0.000174 0.001992 5e-05
v -0.000347 0.00197 5e-05
v -0.000518 0.001932 5e-05
v -0.000684 0.001879 5e-05
v -0.000845 0.001813 5e-05
v -0.001 0.001732 5e-05
v -0.001147 0.001638 5e-05
v -0.001286 0.001532 5e-05
v -0.001414 0.001414 5e-05
v -0.001532 0.001286 5e-05
v -0.001638 0.001147 5e-05
v -0.001732 0.001 5e-05
v -0.001813 0.000845 5e-05
v -0.001879 0.000684 5e-05
v -0.001932 0.000518 5e-05
v -0.00197 0.000347 5e-05
v -0.001992 0.000174 5e-05
v -0.002 0.0 5e-05
v -0.001992 -0.000174 5e-05
v -0.00197 -0.000347 5e-05
v -0.001932 -0.000518 5e-05
v -0.001879 -0.000684 5e-05
v -0.001813 -0.000845 5e-05
v -0.001732 -0.001 5e-05
v -0.001638 -0.001147 5e-05
v -0.001532 -0.001286 5e-05
v -0.001414 -0.001414 5e-05
v -0.001286 -0.001532 5e-05
v -0.001147 -0.001638 5e-05
v -0.001 -0.001732 5e-05
v -0.000845 -0.001813 5e-05
v -0.000684 -0.001879 5e-05
v -0.000518 -0.001932 5e-05
v -0.000347 -0.00197 5e-05
v -0.000174 -0.001992 5e-05
v -0.0 -0.002 5e-05
v 0.002 0.0 -5e-05
v 0.001992 -0.000174 -5e-05
v 0.00197 -0.000347 -5e-05
v 0.001932 -0.000518 -5e-05
v 0.001879 -0.000684 -5e-05
v 0.001813 -0.000845 -5e-05
v 0.001732 -0.001 -5e-05
v 0.001638 -0.001147 -5e-05
v 0.001532 -0.001286 -5e-05
v 0.001414 -0.001414 -5e-05
v 0.001286 -0.001532 -5e-05
v 0.001147 -0.001638 -5e-05
v 0.001 -0.001732 -5e-05
v 0.000845 -0.001813 -5e-05
v 0.000684 -0.001879 -5e-05
v 0.000518 -0.001932 -5e-05
v 0.000347 -0.00197 -5e-05
v 0.000174 -0.001992 -5e-05
v 0.0 -0.002 -5e-05
v -0.000174 -0.001992 -5e-05
v -0.000347 -0.00197 -5e-05
v -0.000518 -0.001932 -5e-05
v -0.000684 -0.001879 -5e-05
v -0.000845 -0.001813 -5e-05
v -0.001 -0.001732 -5e-05
v -0.001147 -0.001638 -5e-05
v -0.001286 -0.001532 -5e-05
v -0.001414 -0.001414 -5e-05
v -0.001532 -0.001286 -5e-05
v -0.001638 -0.001147 -5e-05
v -0.001732 -0.001 -5e-05
v -0.001813 -0.000845 -5e-05
v -0.001879 -0.000684 -5e-05
v -0.001932 -0.000518 -5e-05
v -0.00197 -0.000347 -5e-05
v -0.001992 -0.000174 -5e-05
v -0.002 -0.0 -5e-05
v -0.001992 0.000174 -5e-05
v -0.00197 0.000347 -5e-05
v -0.001932 0.000518 -5e-05
v -0.001879 0.000684 -5e-05
v -0.001813 0.000845 -5e-05
v -0.001732 0.001 -5e-05
v -0.001638 0.001147 -5e-05
v -0.001532 0.001286 -5e-05
v -0.001414 0.001414 -5e-05
v -0.001286 0.001532 -5e-05
v -0.001147 0.001638 -5e-05
v -0.001 0.001732 -5e-05
v -0.000845 0.001813 -5e-05
v -0.000684 0.001879 -5e-05
v -0.000518 0.001932 -5e-05
v -0.000347 0.00197 -5e-05
v -0.000174 0.001992 -5e-05
v -0.0 0.002 -5e-05
v 0.000174 0.001992 -5e-05
v 0.000347 0.00197 -5e-05
v 0.000518 0.001932 -5e-05
v 0.000684 0.001879 -5e-05
v 0.000845 0.001813 -5e-05
v 0.001 0.001732 -5e-05
v 0.001147 0.001638 -5e-05
v 0.001286 0.001532 -5e-05
v 0.001414 0.001414 -5e-05
v 0.001532 0.001286 -5e-05
v 0.001638 0.001147 -5e-05
v 0.001732 0.001 -5e-05
v 0.001813 0.000845 -5e-05
v 0.001879 0.000684 -5e-05
v 0.001932 0.000518 -5e-05
v 0.00197 0.000347 -5e-05
v 0.001992 0.000174 -5e-05
v -0.000335 -0.000662 0.00015
v -0.000511 0.000619 0.00015
v -0.000462 0.000668 0.00015
v -0.000409 0.000713 0.00015
v -0.000352 0.000754 0.00015
v -0.000292 0.000789 0.00015
v -0.00023 0.000819 0.00015
v -0.000168 0.000843 0.00015
v -0.000148 0.00085 0.00015
v -8.5e-05 0.000866 0.00015
v -1.9e-05 0.000878 0.00015
v 5.1e-05 0.000885 0.00015
v 0.000123 0.000886 0.00015
v 0.000197 0.000881 0.00015
v 0.000273 0.00087 0.00015
v -0.0007 0.000265 0.00015
v -0.000685 0.00032 0.00015
v -0.000666 0.000374 0.00015
v -0.000642 0.000428 0.00015
v -0.000613 0.000483 0.00015
v -0.000577 0.000537 0.00015
v -0.000536 0.00059 0.00015
v 0.000349 0.000852 0.00015
v 0.000376 0.000845 0.00015
v 0.000424 0.000828 0.00015
v 0.000498 0.000798 0.00015
v 0.000568 0.000762 0.00015
v 0.000633 0.000721 0.00015
v 0.000958 -6.9e-05 0.00015
v 0.000941 -0.00014 0.00015
v 0.000919 -0.00021 0.00015
v 0.00089 -0.00028 0.00015
v 0.000855 -0.000348 0.00015
v 0.000814 -0.000415 0.00015
v 0.000766 -0.000479 0.00015
v 0.000714 -0.000538 0.00015
v 0.000658 -0.000592 0.00015
v 0.000599 -0.00064 0.00015
v 0.000584 -0.00065 0.00015
v 0.000538 -0.000681 0.00015
v 0.000478 -0.000715 0.00015
v 0.000416 -0.000743 0.00015
v 0.000355 -0.000764 0.00015
v 0.000292 -0.000781 0.00015
v 0.000227 -0.000792 0.00015
v 0.00016 -0.000799 0.00015
v 9.2e-05 -0.000799 0.00015
v 2.3e-05 -0.000795 0.00015
v -4.5e-05 -0.000784 0.00015
v -0.000111 -0.000768 0.00015
v -0.000175 -0.000747 0.00015
v -0.000234 -0.000721 0.00015
v -0.000289 -0.000692 0.00015
v -0.00025 -0.000691 -0.000523
v -0.00025 -0.000637 -0.000534
v -0.00025 -0.00045 -6.1e-05
v -0.00025 -0.000557 -0.000548
v -0.00025 -0.00045 -0.000564
v -0.00025 -0.00125 -0.0003
v -0.00025 -0.00125 -0.000316
v -0.00025 -0.001231 -0.0003
v -0.00025 -0.00121 -0.00034
v -0.00025 -0.001204 -0.000344
v -0.00025 -0.00113 -0.000382
v -0.00025 -0.001119 -0.000387
v -0.00025 -0.001022 -0.000428
v -0.00025 -0.000881 -0.000475
v -0.00025 -0.0007 -0.000521
v -0.000691 0.00025 -0.000523
v -0.000637 0.00025 -0.000534
v -0.00045 0.00025 -6.1e-05
v -0.000557 0.00025 -0.000548
v -0.00045 0.00025 -0.000564
v -0.00125 0.00025 -0.0003
v -0.00125 0.00025 -0.000316
v -0.001231 0.00025 -0.0003
v -0.00121 0.00025 -0.00034
v -0.001204 0.00025 -0.000344
v -0.00113 0.00025 -0.000382
v -0.001119 0.00025 -0.000387
v -0.001022 0.00025 -0.000428
v -0.000881 0.00025 -0.000475
v -0.0007 0.00025 -0.000521
v 0.00025 0.000691 -0.000523
v 0.00025 0.000637 -0.000534
v 0.00025 0.00045 -6.1e-05
v 0.00025 0.000557 -0.000548
v 0.00025 0.00045 -0.000564
v 0.00025 0.00125 -0.0003
v 0.00025 0.00125 -0.000316
v 0.00025 0.001231 -0.0003
v 0.00025 0.00121 -0.00034
v 0.00025 0.001204 -0.000344
v 0.00025 0.00113 -0.000382
v 0.00025 0.001119 -0.000387
v 0.00025 0.001022 -0.000428
v 0.00025 0.000881 -0.000475
v 0.00025 0.0007 -0.000521
v 0.000309 0.000309 -1.8e-05
v 0.000293 0.000293 -1.3e-05
v 0.000297 0.000321 -2.2e-05
v -0.000293 0.000293 -1.3e-05
v -0.000309 0.000309 -1.8e-05
v -0.00025 0.00045 -6.1e-05
v -0.00025 0.001231 -0.0003
v -0.000297 0.000321 -2.2e-05
v -0.000286 0.000335 -2.6e-05
v 0.000286 0.000335 -2.6e-05
v -0.000277 0.00035 -3.1e-05
v 0.000277 0.00035 -3.1e-05
v -0.000269 0.000365 -3.5e-05
v 0.000269 0.000365 -3.5e-05
v -0.000262 0.000382 -4e-05
v 0.000262 0.000382 -4e-05
v -0.000257 0.000398 -4.5e-05
v 0.000257 0.000398 -4.5e-05
v -0.000253 0.000415 -5.1e-05
v 0.000253 0.000415 -5.1e-05
v -0.000251 0.000433 -5.6e-05
v 0.000251 0.000433 -5.6e-05
v -0.00125 -0.00025 -0.000316
v -0.00125 -0.000233 -0.000318
v -0.00125 -0.00025 -0.0003
v -0.00125 -7.9e-05 -0.00033
v -0.00125 9.2e-05 -0.00033
v -0.00125 0.0 -0.000332
v 0.00025 -0.00125 -0.000316
v 0.000233 -0.00125 -0.000318
v 0.00025 -0.00125 -0.0003
v 7.9e-05 -0.00125 -0.00033
v -9.2e-05 -0.00125 -0.00033
v -0.0 -0.00125 -0.000332
v 0.00025 -0.001231 -0.0003
v -0.001231 -0.00025 -0.0003
v -0.00025 0.00125 -0.0003
v 0.00125 0.00025 -0.0003
v 0.00125 -0.00025 -0.0003
v 0.001231 0.00025 -0.0003
v 0.001231 -0.00025 -0.0003
v -0.000391 -0.000656 0.004533
v -0.000435 -0.000619 0.004533
v 2e-06 -0.000822 0.004533
v -6.7e-05 -0.000809 0.004533
v 0.00078 -0.000508 0.004533
v 0.000726 -0.000566 0.004533
v 0.000908 -0.00031 0.004533
v 0.000871 -0.000379 0.004533
v 0.000828 -0.000445 0.004533
v 0.000669 -0.000619 0.004533
v 0.000618 -0.00066 0.004533
v 0.000609 -0.000666 0.004533
v 0.000547 -0.000708 0.004533
v 0.000484 -0.000742 0.004533
v 0.00042 -0.000771 0.004533
v 0.000357 -0.000794 0.004533
v 0.000294 -0.00081 0.004533
v 0.000275 -0.000815 0.004533
v 0.000209 -0.000825 0.004533
v 0.000141 -0.00083 0.004533
v 7.2e-05 -0.000829 0.004533
v -0.000134 -0.000791 0.004533
v -0.000171 -0.000779 0.004533
v -0.000233 -0.000753 0.004533
v -0.00029 -0.000724 0.004533
v -0.000343 -0.000691 0.004533
v -0.000474 -0.000579 0.004533
v 0.0 -0.0 0.0055
v 0.000876 -0.000409 0.004533
v 0.000908 -0.000331 0.004533
v 0.000837 -0.000483 0.004533
v 0.000792 -0.000555 0.004533
v 0.000741 -0.000621 0.004533
v 0.000684 -0.000684 0.004533
v 0.000621 -0.000741 0.004533
v 0.000555 -0.000792 0.004533
v 0.000483 -0.000837 0.004533
v 0.000409 -0.000876 0.004533
v 0.000331 -0.000908 0.004533
v 0.00025 -0.000934 0.004533
v 0.000168 -0.000952 0.004533
v 8.4e-05 -0.000963 0.004533
v 0.0 -0.000967 0.004533
v -8.4e-05 -0.000963 0.004533
v -0.000168 -0.000952 0.004533
v -0.00025 -0.000934 0.004533
v -0.000331 -0.000908 0.004533
v -0.000409 -0.000876 0.004533
v -0.000483 -0.000837 0.004533
v -0.000555 -0.000792 0.004533
v -0.000621 -0.000741 0.004533
v -0.000684 -0.000684 0.004533
v -0.000741 -0.000621 0.004533
v -0.000792 -0.000555 0.004533
v -0.000837 -0.000483 0.004533
v -0.000876 -0.000409 0.004533
v -0.000908 -0.000331 0.004533
v -0.000934 -0.00025 0.004533
v -0.000952 -0.000168 0.004533
v -0.000963 -8.4e-05 0.004533
v -0.000967 -0.0 0.004533
v -0.000963 8.4e-05 0.004533
v -0.000952 0.000168 0.004533
v -0.000934 0.00025 0.004533
v -0.000908 0.000331 0.004533
v -0.000876 0.000409 0.004533
v -0.000837 0.000483 0.004533
v -0.000792 0.000555 0.004533
v -0.000741 0.000621 0.004533
v -0.000684 0.000684 0.004533
v -0.000621 0.000741 0.004533
v -0.000555 0.000792 0.004533
v -0.000483 0.000837 0.004533
v -0.000409 0.000876 0.004533
v -0.000331 0.000908 0.004533
v -0.00025 0.000934 0.004533
v -0.000168 0.000952 0.004533
v -8.4e-05 0.000963 0.004533
v -0.0 0.000967 0.004533
v 8.4e-05 0.000963 0.004533
v 0.000168 0.000952 0.004533
v 0.00025 0.000934 0.004533
v 0.000331 0.000908 0.004533
v 0.000409 0.000876 0.004533
v 0.000483 0.000837 0.004533
v 0.000555 0.000792 0.004533
v 0.000621 0.000741 0.004533
v 0.000684 0.000684 0.004533
v 0.000741 0.000621 0.004533
v 0.000792 0.000555 0.004533
v -0.000492 0.000597 0.004533
v -0.000487 0.000602 0.004533
v -0.000569 0.000499 0.004533
v -0.000531 0.000552 0.004533
v -0.000601 0.000446 0.004533
v -0.000605 0.000439 0.004533
v -0.000625 0.000397 0.004533
v -0.000386 0.000693 0.004533
v -0.000439 0.00065 0.004533
v -0.00027 0.000767 0.004533
v -0.000329 0.000733 0.004533
v -0.000209 0.000796 0.004533
v -0.000147 0.000819 0.004533
v -8.5e-05 0.000837 0.004533
v -2.1e-05 0.00085 0.004533
v 0.000114 0.000859 0.004533
v 4.6e-05 0.000857 0.004533
v 0.000187 0.000855 0.004533
v 0.000262 0.000844 0.004533
v 0.000338 0.000826 0.004533
v 0.000486 0.000771 0.004533
v 0.000413 0.000802 0.004533
v 0.000556 0.000735 0.004533
v 0.000621 0.000694 0.004533
v 0.000682 0.000648 0.004533
v 0.000788 0.000547 0.004533
v 0.000737 0.0006 0.004533
v 0.00125 0.00025 -0.000316
v 0.00125 0.000125 -0.000328
v 0.00125 0.0 -0.000332
v 0.00125 -0.000125 -0.000328
v 0.00125 -0.00025 -0.000316
v -0.00025 0.00125 -0.000316
v -0.000233 0.00125 -0.000318
v -7.9e-05 0.00125 -0.00033
v 9.2e-05 0.00125 -0.00033
v 0.0 0.00125 -0.000332
v -0.000321 0.000297 -2.2e-05
v -0.000293 -0.000293 -1.3e-05
v -0.000309 -0.000309 -1.8e-05
v -0.00045 -0.00025 -6.1e-05
v -0.000321 -0.000297 -2.2e-05
v -0.000335 -0.000286 -2.6e-05
v -0.000335 0.000286 -2.6e-05
v -0.00035 -0.000277 -3.1e-05
v -0.00035 0.000277 -3.1e-05
v -0.000365 -0.000269 -3.5e-05
v -0.000365 0.000269 -3.5e-05
v -0.000382 -0.000262 -4e-05
v -0.000382 0.000262 -4e-05
v -0.000398 -0.000257 -4.5e-05
v -0.000398 0.000257 -4.5e-05
v -0.000415 -0.000253 -5.1e-05
v -0.000415 0.000253 -5.1e-05
v -0.000433 -0.000251 -5.6e-05
v -0.000433 0.000251 -5.6e-05
v 0.00025 -0.001204 -0.000344
v 0.00025 -0.001177 -0.000358
v 0.00025 -0.00045 -6.1e-05
v 0.00025 -0.00045 -0.000564
v 0.00025 -0.000576 -0.000545
v 0.00025 -0.000639 -0.000534
v 0.00025 -0.000787 -0.000501
v 0.00025 -0.000839 -0.000487
v 0.00025 -0.000955 -0.000452
v 0.00025 -0.000991 -0.000439
v 0.00025 -0.001085 -0.000402
v 0.00025 -0.001119 -0.000387
v 0.000691 -0.00025 -0.000523
v 0.000637 -0.00025 -0.000534
v 0.00045 -0.00025 -6.1e-05
v 0.000557 -0.00025 -0.000548
v 0.00045 -0.00025 -0.000564
v 0.00121 -0.00025 -0.00034
v 0.001204 -0.00025 -0.000344
v 0.00113 -0.00025 -0.000382
v 0.001119 -0.00025 -0.000387
v 0.001022 -0.00025 -0.000428
v 0.000881 -0.00025 -0.000475
v 0.0007 -0.00025 -0.000521
v 0.000309 -0.000309 -1.8e-05
v 0.000309 -0.000309 -0.000574
v 0.000304 -0.000313 -0.000574
v 0.000297 -0.000321 -2.2e-05
v 0.000297 -0.000321 -0.000574
v 0.000293 -0.000326 -0.000574
v 0.000286 -0.000335 -2.6e-05
v 0.000286 -0.000335 -0.000574
v 0.000284 -0.000339 -0.000573
v 0.000277 -0.00035 -3.1e-05
v 0.000277 -0.00035 -0.000573
v 0.000275 -0.000353 -0.000573
v 0.000269 -0.000365 -3.5e-05
v 0.000262 -0.000382 -0.000571
v 0.000262 -0.000382 -4e-05
v 0.000268 -0.000367 -0.000572
v 0.000269 -0.000365 -0.000572
v 0.000257 -0.000398 -0.000569
v 0.000257 -0.000398 -4.5e-05
v 0.000253 -0.000414 -0.000568
v 0.000253 -0.000415 -5.1e-05
v 0.000253 -0.000415 -0.000568
v 0.000251 -0.00043 -0.000566
v 0.000251 -0.000433 -5.6e-05
v 0.00025 -0.000446 -0.000564
v 0.000251 -0.000433 -0.000566
v 0.000316 -0.000302 -0.000574
v 0.000321 -0.000297 -2.2e-05
v 0.000321 -0.000297 -0.000574
v 0.000328 -0.000291 -0.000574
v 0.000335 -0.000286 -2.6e-05
v 0.000335 -0.000286 -0.000574
v 0.000342 -0.000282 -0.000573
v 0.00035 -0.000277 -3.1e-05
v 0.00035 -0.000277 -0.000573
v 0.000356 -0.000274 -0.000573
v 0.000365 -0.000269 -3.5e-05
v 0.000365 -0.000269 -0.000572
v 0.00037 -0.000266 -0.000572
v 0.000382 -0.000262 -4e-05
v 0.000382 -0.000262 -0.000571
v 0.000386 -0.000261 -0.00057
v 0.000398 -0.000257 -4.5e-05
v 0.000398 -0.000257 -0.000569
v 0.000402 -0.000256 -0.000569
v 0.000415 -0.000253 -5.1e-05
v 0.000415 -0.000253 -0.000568
v 0.000418 -0.000253 -0.000567
v 0.000433 -0.000251 -5.6e-05
v 0.000433 -0.000251 -0.000566
v 0.000434 -0.000251 -0.000565
v -0.001204 -0.00025 -0.000344
v -0.001177 -0.00025 -0.000358
v -0.00045 -0.00025 -0.000564
v -0.000576 -0.00025 -0.000545
v -0.000639 -0.00025 -0.000534
v -0.000787 -0.00025 -0.000501
v -0.000839 -0.00025 -0.000487
v -0.000955 -0.00025 -0.000452
v -0.000991 -0.00025 -0.000439
v -0.001085 -0.00025 -0.000402
v -0.001119 -0.00025 -0.000387
v -0.000309 -0.000309 -0.000574
v -0.000313 -0.000304 -0.000574
v -0.000321 -0.000297 -0.000574
v -0.000326 -0.000293 -0.000574
v -0.000335 -0.000286 -0.000574
v -0.000339 -0.000284 -0.000573
v -0.00035 -0.000277 -0.000573
v -0.000353 -0.000275 -0.000573
v -0.000382 -0.000262 -0.000571
v -0.000367 -0.000268 -0.000572
v -0.000365 -0.000269 -0.000572
v -0.000398 -0.000257 -0.000569
v -0.000414 -0.000253 -0.000568
v -0.000415 -0.000253 -0.000568
v -0.00043 -0.000251 -0.000566
v -0.000446 -0.00025 -0.000564
v -0.000433 -0.000251 -0.000566
v -0.000302 -0.000316 -0.000574
v -0.000297 -0.000321 -2.2e-05
v -0.000297 -0.000321 -0.000574
v -0.000291 -0.000328 -0.000574
v -0.000286 -0.000335 -2.6e-05
v -0.000286 -0.000335 -0.000574
v -0.000282 -0.000342 -0.000573
v -0.000277 -0.00035 -3.1e-05
v -0.000277 -0.00035 -0.000573
v -0.000274 -0.000356 -0.000573
v -0.000269 -0.000365 -3.5e-05
v -0.000269 -0.000365 -0.000572
v -0.000266 -0.00037 -0.000572
v -0.000262 -0.000382 -4e-05
v -0.000262 -0.000382 -0.000571
v -0.000261 -0.000386 -0.00057
v -0.000257 -0.000398 -4.5e-05
v -0.000257 -0.000398 -0.000569
v -0.000256 -0.000402 -0.000569
v -0.000253 -0.000415 -5.1e-05
v -0.000253 -0.000415 -0.000568
v -0.000253 -0.000418 -0.000567
v -0.000251 -0.000433 -5.6e-05
v -0.000251 -0.000433 -0.000566
v -0.000251 -0.000434 -0.000565
v -0.00025 0.001204 -0.000344
v -0.00025 0.001177 -0.000358
v -0.00025 0.00045 -0.000564
v -0.00025 0.000576 -0.000545
v -0.00025 0.000639 -0.000534
v -0.00025 0.000787 -0.000501
v -0.00025 0.000839 -0.000487
v -0.00025 0.000955 -0.000452
v -0.00025 0.000991 -0.000439
v -0.00025 0.001085 -0.000402
v -0.00025 0.001119 -0.000387
v -0.000309 0.000309 -0.000574
v -0.000304 0.000313 -0.000574
v -0.000297 0.000321 -0.000574
v -0.000293 0.000326 -0.000574
v -0.000286 0.000335 -0.000574
v -0.000284 0.000339 -0.000573
v -0.000277 0.00035 -0.000573
v -0.000275 0.000353 -0.000573
v -0.000262 0.000382 -0.000571
v -0.000268 0.000367 -0.000572
v -0.000269 0.000365 -0.000572
v -0.000257 0.000398 -0.000569
v -0.000253 0.000414 -0.000568
v -0.000253 0.000415 -0.000568
v -0.000251 0.00043 -0.000566
v -0.00025 0.000446 -0.000564
v -0.000251 0.000433 -0.000566
v -0.000316 0.000302 -0.000574
v -0.000321 0.000297 -0.000574
v -0.000328 0.000291 -0.000574
v -0.000335 0.000286 -0.000574
v -0.000342 0.000282 -0.000573
v -0.00035 0.000277 -0.000573
v -0.000356 0.000274 -0.000573
v -0.000365 0.000269 -0.000572
v -0.00037 0.000266 -0.000572
v -0.000382 0.000262 -0.000571
v -0.000386 0.000261 -0.00057
v -0.000398 0.000257 -0.000569
v -0.000402 0.000256 -0.000569
v -0.000415 0.000253 -0.000568
v -0.000418 0.000253 -0.000567
v -0.000433 0.000251 -0.000566
v -0.000434 0.000251 -0.000565
v 0.0003 0.000823 -0.000487
v -0.000265 0.000988 -0.000439
v -0.0003 0.000823 -0.000487
v -0.000291 0.000623 -0.000533
v -0.000823 0.0003 -0.000487
v -0.000988 -0.000265 -0.000439
v -0.000823 -0.0003 -0.000487
v -0.000623 -0.000291 -0.000533
v -0.0003 -0.000823 -0.000487
v 0.000265 -0.000988 -0.000439
v 0.0003 -0.000823 -0.000487
v 0.000291 -0.000623 -0.000533
v 0.000823 -0.0003 -0.000487
v 0.000955 0.00025 -0.000452
v 0.000988 0.000265 -0.000439
v 0.000991 0.00025 -0.000439
v 0.000787 0.00025 -0.000501
v 0.000823 0.0003 -0.000487
v 0.000839 0.00025 -0.000487
v 0.000576 0.00025 -0.000545
v 0.000623 0.000291 -0.000533
v 0.000639 0.00025 -0.000534
v 0.000595 0.000344 -0.000533
v 0.00045 0.00025 -0.000564
v 0.000446 0.00025 -0.000564
v 0.000794 0.00037 -0.000487
v 0.000961 0.00035 -0.000439
v 0.001108 0.000297 -0.000387
v 0.001119 0.00025 -0.000387
v 0.001085 0.00025 -0.000402
v 0.001187 0.000318 -0.000344
v 0.001204 0.00025 -0.000344
v 0.001177 0.00025 -0.000358
v 0.001249 0.000335 -0.000304
v 0.001273 0.000224 -0.000304
v 0.001288 0.000113 -0.000304
v 0.001293 -0.0 -0.000304
v 0.001288 -0.000113 -0.000304
v 0.001273 -0.000224 -0.000304
v 0.001249 -0.000335 -0.000304
v 0.001187 -0.000318 -0.000344
v 0.001108 -0.000297 -0.000387
v 0.000988 -0.000265 -0.000439
v 0.000623 -0.000291 -0.000533
v 0.000595 -0.000344 -0.000533
v 0.000563 -0.000394 -0.000533
v 0.000527 -0.000442 -0.000533
v 0.000486 -0.000486 -0.000533
v 0.000442 -0.000527 -0.000533
v 0.000394 -0.000563 -0.000533
v 0.000344 -0.000595 -0.000533
v 0.00037 -0.000794 -0.000487
v 0.00035 -0.000961 -0.000439
v 0.000297 -0.001108 -0.000387
v 0.000318 -0.001187 -0.000344
v 0.000335 -0.001249 -0.000304
v 0.000224 -0.001273 -0.000304
v 0.000113 -0.001288 -0.000304
v -0.0 -0.001293 -0.000304
v -0.000113 -0.001288 -0.000304
v -0.000224 -0.001273 -0.000304
v -0.000335 -0.001249 -0.000304
v -0.000318 -0.001187 -0.000344
v -0.000297 -0.001108 -0.000387
v -0.000265 -0.000988 -0.000439
v -0.000291 -0.000623 -0.000533
v -0.000344 -0.000595 -0.000533
v -0.000394 -0.000563 -0.000533
v -0.000442 -0.000527 -0.000533
v -0.000486 -0.000486 -0.000533
v -0.000527 -0.000442 -0.000533
v -0.000563 -0.000394 -0.000533
v -0.000595 -0.000344 -0.000533
v -0.000794 -0.00037 -0.000487
v -0.000961 -0.00035 -0.000439
v -0.001108 -0.000297 -0.000387
v -0.001187 -0.000318 -0.000344
v -0.001249 -0.000335 -0.000304
v -0.001273 -0.000224 -0.000304
v -0.001288 -0.000113 -0.000304
v -0.001293 0.0 -0.000304
v -0.001288 0.000113 -0.000304
v -0.001273 0.000224 -0.000304
v -0.001249 0.000335 -0.000304
v -0.001187 0.000318 -0.000344
v -0.001108 0.000297 -0.000387
v -0.000988 0.000265 -0.000439
v -0.000623 0.000291 -0.000533
v -0.000595 0.000344 -0.000533
v -0.000563 0.000394 -0.000533
v -0.000527 0.000442 -0.000533
v -0.000486 0.000486 -0.000533
v -0.000442 0.000527 -0.000533
v -0.000394 0.000563 -0.000533
v -0.000344 0.000595 -0.000533
v -0.00037 0.000794 -0.000487
v -0.00035 0.000961 -0.000439
v -0.000297 0.001108 -0.000387
v -0.000318 0.001187 -0.000344
v -0.000335 0.001249 -0.000304
v -0.000224 0.001273 -0.000304
v -0.000113 0.001288 -0.000304
v 0.0 0.001293 -0.000304
v 0.000113 0.001288 -0.000304
v 0.000224 0.001273 -0.000304
v 0.000335 0.001249 -0.000304
v 0.000318 0.001187 -0.000344
v 0.000297 0.001108 -0.000387
v 0.000265 0.000988 -0.000439
v 0.000291 0.000623 -0.000533
v 0.000344 0.000595 -0.000533
v 0.000394 0.000563 -0.000533
v 0.000262 0.000382 -0.000571
v 0.000261 0.000386 -0.00057
v 0.000257 0.000398 -0.000569
v 0.000256 0.000402 -0.000569
v 0.000253 0.000415 -0.000568
v 0.000253 0.000418 -0.000567
v 0.000251 0.000433 -0.000566
v 0.000251 0.000434 -0.000565
v 0.000277 0.00035 -0.000573
v 0.000274 0.000356 -0.000573
v 0.000442 0.000527 -0.000533
v 0.000269 0.000365 -0.000572
v 0.000266 0.00037 -0.000572
v 0.000313 0.000304 -0.000574
v 0.000309 0.000309 -0.000574
v 0.000486 0.000486 -0.000533
v 0.000302 0.000316 -0.000574
v 0.000297 0.000321 -0.000574
v 0.000291 0.000328 -0.000574
v 0.000286 0.000335 -0.000574
v 0.000282 0.000342 -0.000573
v 0.000527 0.000442 -0.000533
v 0.000339 0.000284 -0.000573
v 0.000335 0.000286 -0.000574
v 0.000326 0.000293 -0.000574
v 0.000321 0.000297 -0.000574
v 0.000367 0.000268 -0.000572
v 0.000365 0.000269 -0.000572
v 0.000353 0.000275 -0.000573
v 0.00035 0.000277 -0.000573
v 0.000414 0.000253 -0.000568
v 0.000398 0.000257 -0.000569
v 0.000563 0.000394 -0.000533
v 0.000433 0.000251 -0.000566
v 0.00043 0.000251 -0.000566
v 0.000415 0.000253 -0.000568
v 0.000382 0.000262 -0.000571
v -0.000794 0.00037 -0.000487
v -0.000758 0.000438 -0.000487
v -0.000717 0.000502 -0.000487
v -0.000671 0.000563 -0.000487
v -0.000619 0.000619 -0.000487
v -0.000563 0.000671 -0.000487
v -0.000502 0.000717 -0.000487
v -0.000438 0.000758 -0.000487
v 0.00037 0.000794 -0.000487
v 0.000438 0.000758 -0.000487
v 0.000502 0.000717 -0.000487
v 0.000563 0.000671 -0.000487
v 0.000619 0.000619 -0.000487
v 0.000671 0.000563 -0.000487
v 0.000717 0.000502 -0.000487
v 0.000758 0.000438 -0.000487
v 0.000794 -0.00037 -0.000487
v 0.000758 -0.000438 -0.000487
v 0.000717 -0.000502 -0.000487
v 0.000671 -0.000563 -0.000487
v 0.000619 -0.000619 -0.000487
v 0.000563 -0.000671 -0.000487
v 0.000502 -0.000717 -0.000487
v 0.000438 -0.000758 -0.000487
v -0.00037 -0.000794 -0.000487
v -0.000438 -0.000758 -0.000487
v -0.000502 -0.000717 -0.000487
v -0.000563 -0.000671 -0.000487
v -0.000619 -0.000619 -0.000487
v -0.000671 -0.000563 -0.000487
v -0.000717 -0.000502 -0.000487
v -0.000758 -0.000438 -0.000487
v -0.000961 0.00035 -0.000439
v -0.000927 0.000432 -0.000439
v -0.000886 0.000511 -0.000439
v -0.000838 0.000587 -0.000439
v -0.000783 0.000657 -0.000439
v -0.000723 0.000723 -0.000439
v -0.000657 0.000783 -0.000439
v -0.000587 0.000838 -0.000439
v -0.000511 0.000886 -0.000439
v -0.000432 0.000927 -0.000439
v 0.00035 0.000961 -0.000439
v 0.000432 0.000927 -0.000439
v 0.000511 0.000886 -0.000439
v 0.000587 0.000838 -0.000439
v 0.000657 0.000783 -0.000439
v 0.000723 0.000723 -0.000439
v 0.000783 0.000657 -0.000439
v 0.000838 0.000587 -0.000439
v 0.000886 0.000511 -0.000439
v 0.000927 0.000432 -0.000439
v 0.000961 -0.00035 -0.000439
v 0.000927 -0.000432 -0.000439
v 0.000886 -0.000511 -0.000439
v 0.000838 -0.000587 -0.000439
v 0.000783 -0.000657 -0.000439
v 0.000723 -0.000723 -0.000439
v 0.000657 -0.000783 -0.000439
v 0.000587 -0.000838 -0.000439
v 0.000511 -0.000886 -0.000439
v 0.000432 -0.000927 -0.000439
v -0.00035 -0.000961 -0.000439
v -0.000432 -0.000927 -0.000439
v -0.000511 -0.000886 -0.000439
v -0.000587 -0.000838 -0.000439
v -0.000657 -0.000783 -0.000439
v -0.000723 -0.000723 -0.000439
v -0.000783 -0.000657 -0.000439
v -0.000838 -0.000587 -0.000439
v -0.000886 -0.000511 -0.000439
v -0.000927 -0.000432 -0.000439
v -0.001077 0.000392 -0.000387
v -0.001039 0.000485 -0.000387
v -0.000993 0.000573 -0.000387
v -0.000939 0.000658 -0.000387
v -0.000878 0.000737 -0.000387
v -0.000811 0.000811 -0.000387
v -0.000737 0.000878 -0.000387
v -0.000658 0.000939 -0.000387
v -0.000573 0.000993 -0.000387
v -0.000485 0.001039 -0.000387
v -0.000392 0.001077 -0.000387
v 0.000392 0.001077 -0.000387
v 0.000485 0.001039 -0.000387
v 0.000573 0.000993 -0.000387
v 0.000658 0.000939 -0.000387
v 0.000737 0.000878 -0.000387
v 0.000811 0.000811 -0.000387
v 0.000878 0.000737 -0.000387
v 0.000939 0.000658 -0.000387
v 0.000993 0.000573 -0.000387
v 0.001039 0.000485 -0.000387
v 0.001077 0.000392 -0.000387
v 0.001077 -0.000392 -0.000387
v 0.001039 -0.000485 -0.000387
v 0.000993 -0.000573 -0.000387
v 0.000939 -0.000658 -0.000387
v 0.000878 -0.000737 -0.000387
v 0.000811 -0.000811 -0.000387
v 0.000737 -0.000878 -0.000387
v 0.000658 -0.000939 -0.000387
v 0.000573 -0.000993 -0.000387
v 0.000485 -0.001039 -0.000387
v 0.000392 -0.001077 -0.000387
v -0.000392 -0.001077 -0.000387
v -0.000485 -0.001039 -0.000387
v -0.000573 -0.000993 -0.000387
v -0.000658 -0.000939 -0.000387
v -0.000737 -0.000878 -0.000387
v -0.000811 -0.000811 -0.000387
v -0.000878 -0.000737 -0.000387
v -0.000939 -0.000658 -0.000387
v -0.000993 -0.000573 -0.000387
v -0.001039 -0.000485 -0.000387
v -0.001077 -0.000392 -0.000387
v -0.001155 0.00042 -0.000344
v -0.001114 0.00052 -0.000344
v -0.001065 0.000615 -0.000344
v -0.001007 0.000705 -0.000344
v -0.000942 0.00079 -0.000344
v -0.000869 0.000869 -0.000344
v -0.00079 0.000942 -0.000344
v -0.000705 0.001007 -0.000344
v -0.000615 0.001065 -0.000344
v -0.00052 0.001114 -0.000344
v -0.00042 0.001155 -0.000344
v 0.00042 0.001155 -0.000344
v 0.00052 0.001114 -0.000344
v 0.000615 0.001065 -0.000344
v 0.000705 0.001007 -0.000344
v 0.00079 0.000942 -0.000344
v 0.000869 0.000869 -0.000344
v 0.000942 0.00079 -0.000344
v 0.001007 0.000705 -0.000344
v 0.001065 0.000615 -0.000344
v 0.001114 0.00052 -0.000344
v 0.001155 0.00042 -0.000344
v 0.001155 -0.00042 -0.000344
v 0.001114 -0.00052 -0.000344
v 0.001065 -0.000615 -0.000344
v 0.001007 -0.000705 -0.000344
v 0.000942 -0.00079 -0.000344
v 0.000869 -0.000869 -0.000344
v 0.00079 -0.000942 -0.000344
v 0.000705 -0.001007 -0.000344
v 0.000615 -0.001065 -0.000344
v 0.00052 -0.001114 -0.000344
v 0.00042 -0.001155 -0.000344
v -0.00042 -0.001155 -0.000344
v -0.00052 -0.001114 -0.000344
v -0.000615 -0.001065 -0.000344
v -0.000705 -0.001007 -0.000344
v -0.00079 -0.000942 -0.000344
v -0.000869 -0.000869 -0.000344
v -0.000942 -0.00079 -0.000344
v -0.001007 -0.000705 -0.000344
v -0.001065 -0.000615 -0.000344
v -0.001114 -0.00052 -0.000344
v -0.001155 -0.00042 -0.000344
v -0.001215 0.000442 -0.000304
v -0.001172 0.000546 -0.000304
v -0.00112 0.000646 -0.000304
v -0.001059 0.000741 -0.000304
v -0.00099 0.000831 -0.000304
v -0.000914 0.000914 -0.000304
v -0.000831 0.00099 -0.000304
v -0.000741 0.001059 -0.000304
v -0.000646 0.00112 -0.000304
v -0.000546 0.001172 -0.000304
v -0.000442 0.001215 -0.000304
v 0.000442 0.001215 -0.000304
v 0.000546 0.001172 -0.000304
v 0.000646 0.00112 -0.000304
v 0.000741 0.001059 -0.000304
v 0.000831 0.00099 -0.000304
v 0.000914 0.000914 -0.000304
v 0.00099 0.000831 -0.000304
v 0.001059 0.000741 -0.000304
v 0.00112 0.000646 -0.000304
v 0.001172 0.000546 -0.000304
v 0.001215 0.000442 -0.000304
v 0.001215 -0.000442 -0.000304
v 0.001172 -0.000546 -0.000304
v 0.00112 -0.000646 -0.000304
v 0.001059 -0.000741 -0.000304
v 0.00099 -0.000831 -0.000304
v 0.000914 -0.000914 -0.000304
v 0.000831 -0.00099 -0.000304
v 0.000741 -0.001059 -0.000304
v 0.000646 -0.00112 -0.000304
v 0.000546 -0.001172 -0.000304
v 0.000442 -0.001215 -0.000304
v -0.000442 -0.001215 -0.000304
v -0.000546 -0.001172 -0.000304
v -0.000646 -0.00112 -0.000304
v -0.000741 -0.001059 -0.000304
v -0.000831 -0.00099 -0.000304
v -0.000914 -0.000914 -0.000304
v -0.00099 -0.000831 -0.000304
v -0.001059 -0.000741 -0.000304
v -0.00112 -0.000646 -0.000304
v -0.001172 -0.000546 -0.000304
v -0.001215 -0.000442 -0.000304
v -0.001341 0.0 -0.000268
v -0.001336 0.000117 -0.000268
v -0.001321 0.000233 -0.000268
v -0.001296 0.000347 -0.000268
v -0.001261 0.000459 -0.000268
v -0.001216 0.000567 -0.000268
v -0.001162 0.000671 -0.000268
v -0.001099 0.000769 -0.000268
v -0.001028 0.000862 -0.000268
v -0.000949 0.000949 -0.000268
v -0.000862 0.001028 -0.000268
v -0.000769 0.001099 -0.000268
v -0.000671 0.001162 -0.000268
v -0.000567 0.001216 -0.000268
v -0.000459 0.001261 -0.000268
v -0.000347 0.001296 -0.000268
v -0.000233 0.001321 -0.000268
v -0.000117 0.001336 -0.000268
v 0.0 0.001341 -0.000268
v 0.000117 0.001336 -0.000268
v 0.000233 0.001321 -0.000268
v 0.000347 0.001296 -0.000268
v 0.000459 0.001261 -0.000268
v 0.000567 0.001216 -0.000268
v 0.000671 0.001162 -0.000268
v 0.000769 0.001099 -0.000268
v 0.000862 0.001028 -0.000268
v 0.000949 0.000949 -0.000268
v 0.001028 0.000862 -0.000268
v 0.001099 0.000769 -0.000268
v 0.001162 0.000671 -0.000268
v 0.001216 0.000567 -0.000268
v 0.001261 0.000459 -0.000268
v 0.001296 0.000347 -0.000268
v 0.001321 0.000233 -0.000268
v 0.001336 0.000117 -0.000268
v 0.001341 -0.0 -0.000268
v 0.001336 -0.000117 -0.000268
v 0.001321 -0.000233 -0.000268
v 0.001296 -0.000347 -0.000268
v 0.001261 -0.000459 -0.000268
v 0.001216 -0.000567 -0.000268
v 0.001162 -0.000671 -0.000268
v 0.001099 -0.000769 -0.000268
v 0.001028 -0.000862 -0.000268
v 0.000949 -0.000949 -0.000268
v 0.000862 -0.001028 -0.000268
v 0.000769 -0.001099 -0.000268
v 0.000671 -0.001162 -0.000268
v 0.000567 -0.001216 -0.000268
v 0.000459 -0.001261 -0.000268
v 0.000347 -0.001296 -0.000268
v 0.000233 -0.001321 -0.000268
v 0.000117 -0.001336 -0.000268
v -0.0 -0.001341 -0.000268
v -0.000117 -0.001336 -0.000268
v -0.000233 -0.001321 -0.000268
v -0.000347 -0.001296 -0.000268
v -0.000459 -0.001261 -0.000268
v -0.000567 -0.001216 -0.000268
v -0.000671 -0.001162 -0.000268
v -0.000769 -0.001099 -0.000268
v -0.000862 -0.001028 -0.000268
v -0.000949 -0.000949 -0.000268
v -0.001028 -0.000862 -0.000268
v -0.001099 -0.000769 -0.000268
v -0.001162 -0.000671 -0.000268
v -0.001216 -0.000567 -0.000268
v -0.001261 -0.000459 -0.000268
v -0.001296 -0.000347 -0.000268
v -0.001321 -0.000233 -0.000268
v -0.001336 -0.000117 -0.000268
v -0.001379 0.0 -0.000236
v -0.001374 0.00012 -0.000236
v -0.001358 0.000239 -0.000236
v -0.001332 0.000357 -0.000236
v -0.001296 0.000472 -0.000236
v -0.00125 0.000583 -0.000236
v -0.001194 0.00069 -0.000236
v -0.00113 0.000791 -0.000236
v -0.001056 0.000886 -0.000236
v -0.000975 0.000975 -0.000236
v -0.000886 0.001056 -0.000236
v -0.000791 0.00113 -0.000236
v -0.00069 0.001194 -0.000236
v -0.000583 0.00125 -0.000236
v -0.000472 0.001296 -0.000236
v -0.000357 0.001332 -0.000236
v -0.000239 0.001358 -0.000236
v -0.00012 0.001374 -0.000236
v 0.0 0.001379 -0.000236
v 0.00012 0.001374 -0.000236
v 0.000239 0.001358 -0.000236
v 0.000357 0.001332 -0.000236
v 0.000472 0.001296 -0.000236
v 0.000583 0.00125 -0.000236
v 0.00069 0.001194 -0.000236
v 0.000791 0.00113 -0.000236
v 0.000886 0.001056 -0.000236
v 0.000975 0.000975 -0.000236
v 0.001056 0.000886 -0.000236
v 0.00113 0.000791 -0.000236
v 0.001194 0.00069 -0.000236
v 0.00125 0.000583 -0.000236
v 0.001296 0.000472 -0.000236
v 0.001332 0.000357 -0.000236
v 0.001358 0.000239 -0.000236
v 0.001374 0.00012 -0.000236
v 0.001379 -0.0 -0.000236
v 0.001374 -0.00012 -0.000236
v 0.001358 -0.000239 -0.000236
v 0.001332 -0.000357 -0.000236
v 0.001296 -0.000472 -0.000236
v 0.00125 -0.000583 -0.000236
v 0.001194 -0.00069 -0.000236
v 0.00113 -0.000791 -0.000236
v 0.001056 -0.000886 -0.000236
v 0.000975 -0.000975 -0.000236
v 0.000886 -0.001056 -0.000236
v 0.000791 -0.00113 -0.000236
v 0.00069 -0.001194 -0.000236
v 0.000583 -0.00125 -0.000236
v 0.000472 -0.001296 -0.000236
v 0.000357 -0.001332 -0.000236
v 0.000239 -0.001358 -0.000236
v 0.00012 -0.001374 -0.000236
v -0.0 -0.001379 -0.000236
v -0.00012 -0.001374 -0.000236
v -0.000239 -0.001358 -0.000236
v -0.000357 -0.001332 -0.000236
v -0.000472 -0.001296 -0.000236
v -0.000583 -0.00125 -0.000236
v -0.00069 -0.001194 -0.000236
v -0.000791 -0.00113 -0.000236
v -0.000886 -0.001056 -0.000236
v -0.000975 -0.000975 -0.000236
v -0.001056 -0.000886 -0.000236
v -0.00113 -0.000791 -0.000236
v -0.001194 -0.00069 -0.000236
v -0.00125 -0.000583 -0.000236
v -0.001296 -0.000472 -0.000236
v -0.001332 -0.000357 -0.000236
v -0.001358 -0.000239 -0.000236
v -0.001374 -0.00012 -0.000236
v -0.001409 0.0 -0.000206
v -0.001404 0.000123 -0.000206
v -0.001388 0.000245 -0.000206
v -0.001361 0.000365 -0.000206
v -0.001324 0.000482 -0.000206
v -0.001277 0.000595 -0.000206
v -0.00122 0.000704 -0.000206
v -0.001154 0.000808 -0.000206
v -0.001079 0.000906 -0.000206
v -0.000996 0.000996 -0.000206
v -0.000906 0.001079 -0.000206
v -0.000808 0.001154 -0.000206
v -0.000704 0.00122 -0.000206
v -0.000595 0.001277 -0.000206
v -0.000482 0.001324 -0.000206
v -0.000365 0.001361 -0.000206
v -0.000245 0.001388 -0.000206
v -0.000123 0.001404 -0.000206
v 0.0 0.001409 -0.000206
v 0.000123 0.001404 -0.000206
v 0.000245 0.001388 -0.000206
v 0.000365 0.001361 -0.000206
v 0.000482 0.001324 -0.000206
v 0.000595 0.001277 -0.000206
v 0.000704 0.00122 -0.000206
v 0.000808 0.001154 -0.000206
v 0.000906 0.001079 -0.000206
v 0.000996 0.000996 -0.000206
v 0.001079 0.000906 -0.000206
v 0.001154 0.000808 -0.000206
v 0.00122 0.000704 -0.000206
v 0.001277 0.000595 -0.000206
v 0.001324 0.000482 -0.000206
v 0.001361 0.000365 -0.000206
v 0.001388 0.000245 -0.000206
v 0.001404 0.000123 -0.000206
v 0.001409 -0.0 -0.000206
v 0.001404 -0.000123 -0.000206
v 0.001388 -0.000245 -0.000206
v 0.001361 -0.000365 -0.000206
v 0.001324 -0.000482 -0.000206
v 0.001277 -0.000595 -0.000206
v 0.00122 -0.000704 -0.000206
v 0.001154 -0.000808 -0.000206
v 0.001079 -0.000906 -0.000206
v 0.000996 -0.000996 -0.000206
v 0.000906 -0.001079 -0.000206
v 0.000808 -0.001154 -0.000206
v 0.000704 -0.00122 -0.000206
v 0.000595 -0.001277 -0.000206
v 0.000482 -0.001324 -0.000206
v 0.000365 -0.001361 -0.000206
v 0.000245 -0.001388 -0.000206
v 0.000123 -0.001404 -0.000206
v -0.0 -0.001409 -0.000206
v -0.000123 -0.001404 -0.000206
v -0.000245 -0.001388 -0.000206
v -0.000365 -0.001361 -0.000206
v -0.000482 -0.001324 -0.000206
v -0.000595 -0.001277 -0.000206
v -0.000704 -0.00122 -0.000206
v -0.000808 -0.001154 -0.000206
v -0.000906 -0.001079 -0.000206
v -0.000996 -0.000996 -0.000206
v -0.001079 -0.000906 -0.000206
v -0.001154 -0.000808 -0.000206
v -0.00122 -0.000704 -0.000206
v -0.001277 -0.000595 -0.000206
v -0.001324 -0.000482 -0.000206
v -0.001361 -0.000365 -0.000206
v -0.001388 -0.000245 -0.000206
v -0.001404 -0.000123 -0.000206
v -0.001432 0.0 -0.000178
v -0.001427 0.000125 -0.000178
v -0.00141 0.000249 -0.000178
v -0.001383 0.000371 -0.000178
v -0.001346 0.00049 -0.000178
v -0.001298 0.000605 -0.000178
v -0.00124 0.000716 -0.000178
v -0.001173 0.000821 -0.000178
v -0.001097 0.00092 -0.000178
v -0.001013 0.001013 -0.000178
v -0.00092 0.001097 -0.000178
v -0.000821 0.001173 -0.000178
v -0.000716 0.00124 -0.000178
v -0.000605 0.001298 -0.000178
v -0.00049 0.001346 -0.000178
v -0.000371 0.001383 -0.000178
v -0.000249 0.00141 -0.000178
v -0.000125 0.001427 -0.000178
v 0.0 0.001432 -0.000178
v 0.000125 0.001427 -0.000178
v 0.000249 0.00141 -0.000178
v 0.000371 0.001383 -0.000178
v 0.00049 0.001346 -0.000178
v 0.000605 0.001298 -0.000178
v 0.000716 0.00124 -0.000178
v 0.000821 0.001173 -0.000178
v 0.00092 0.001097 -0.000178
v 0.001013 0.001013 -0.000178
v 0.001097 0.00092 -0.000178
v 0.001173 0.000821 -0.000178
v 0.00124 0.000716 -0.000178
v 0.001298 0.000605 -0.000178
v 0.001346 0.00049 -0.000178
v 0.001383 0.000371 -0.000178
v 0.00141 0.000249 -0.000178
v 0.001427 0.000125 -0.000178
v 0.001432 -0.0 -0.000178
v 0.001427 -0.000125 -0.000178
v 0.00141 -0.000249 -0.000178
v 0.001383 -0.000371 -0.000178
v 0.001346 -0.00049 -0.000178
v 0.001298 -0.000605 -0.000178
v 0.00124 -0.000716 -0.000178
v 0.001173 -0.000821 -0.000178
v 0.001097 -0.00092 -0.000178
v 0.001013 -0.001013 -0.000178
v 0.00092 -0.001097 -0.000178
v 0.000821 -0.001173 -0.000178
v 0.000716 -0.00124 -0.000178
v 0.000605 -0.001298 -0.000178
v 0.00049 -0.001346 -0.000178
v 0.000371 -0.001383 -0.000178
v 0.000249 -0.00141 -0.000178
v 0.000125 -0.001427 -0.000178
v -0.0 -0.001432 -0.000178
v -0.000125 -0.001427 -0.000178
v -0.000249 -0.00141 -0.000178
v -0.000371 -0.001383 -0.000178
v -0.00049 -0.001346 -0.000178
v -0.000605 -0.001298 -0.000178
v -0.000716 -0.00124 -0.000178
v -0.000821 -0.001173 -0.000178
v -0.00092 -0.001097 -0.000178
v -0.001013 -0.001013 -0.000178
v -0.001097 -0.00092 -0.000178
v -0.001173 -0.000821 -0.000178
v -0.00124 -0.000716 -0.000178
v -0.001298 -0.000605 -0.000178
v -0.001346 -0.00049 -0.000178
v -0.001383 -0.000371 -0.000178
v -0.00141 -0.000249 -0.000178
v -0.001427 -0.000125 -0.000178
v -0.00145 0.0 -0.000153
v -0.001445 0.000126 -0.000153
v -0.001428 0.000252 -0.000153
v -0.001401 0.000375 -0.000153
v -0.001363 0.000496 -0.000153
v -0.001314 0.000613 -0.000153
v -0.001256 0.000725 -0.000153
v -0.001188 0.000832 -0.000153
v -0.001111 0.000932 -0.000153
v -0.001025 0.001025 -0.000153
v -0.000932 0.001111 -0.000153
v -0.000832 0.001188 -0.000153
v -0.000725 0.001256 -0.000153
v -0.000613 0.001314 -0.000153
v -0.000496 0.001363 -0.000153
v -0.000375 0.001401 -0.000153
v -0.000252 0.001428 -0.000153
v -0.000126 0.001445 -0.000153
v 0.0 0.00145 -0.000153
v 0.000126 0.001445 -0.000153
v 0.000252 0.001428 -0.000153
v 0.000375 0.001401 -0.000153
v 0.000496 0.001363 -0.000153
v 0.000613 0.001314 -0.000153
v 0.000725 0.001256 -0.000153
v 0.000832 0.001188 -0.000153
v 0.000932 0.001111 -0.000153
v 0.001025 0.001025 -0.000153
v 0.001111 0.000932 -0.000153
v 0.001188 0.000832 -0.000153
v 0.001256 0.000725 -0.000153
v 0.001314 0.000613 -0.000153
v 0.001363 0.000496 -0.000153
v 0.001401 0.000375 -0.000153
v 0.001428 0.000252 -0.000153
v 0.001445 0.000126 -0.000153
v 0.00145 -0.0 -0.000153
v 0.001445 -0.000126 -0.000153
v 0.001428 -0.000252 -0.000153
v 0.001401 -0.000375 -0.000153
v 0.001363 -0.000496 -0.000153
v 0.001314 -0.000613 -0.000153
v 0.001256 -0.000725 -0.000153
v 0.001188 -0.000832 -0.000153
v 0.001111 -0.000932 -0.000153
v 0.001025 -0.001025 -0.000153
v 0.000932 -0.001111 -0.000153
v 0.000832 -0.001188 -0.000153
v 0.000725 -0.001256 -0.000153
v 0.000613 -0.001314 -0.000153
v 0.000496 -0.001363 -0.000153
v 0.000375 -0.001401 -0.000153
v 0.000252 -0.001428 -0.000153
v 0.000126 -0.001445 -0.000153
v -0.0 -0.00145 -0.000153
v -0.000126 -0.001445 -0.000153
v -0.000252 -0.001428 -0.000153
v -0.000375 -0.001401 -0.000153
v -0.000496 -0.001363 -0.000153
v -0.000613 -0.001314 -0.000153
v -0.000725 -0.001256 -0.000153
v -0.000832 -0.001188 -0.000153
v -0.000932 -0.001111 -0.000153
v -0.001025 -0.001025 -0.000153
v -0.001111 -0.000932 -0.000153
v -0.001188 -0.000832 -0.000153
v -0.001256 -0.000725 -0.000153
v -0.001314 -0.000613 -0.000153
v -0.001363 -0.000496 -0.000153
v -0.001401 -0.000375 -0.000153
v -0.001428 -0.000252 -0.000153
v -0.001445 -0.000126 -0.000153
v -0.001447 -0.000127 -0.00015
v -0.00143 -0.000252 -0.00015
v -0.001403 -0.000376 -0.00015
v -0.001365 -0.000497 -0.00015
v -0.001316 -0.000614 -0.00015
v -0.001258 -0.000726 -0.00015
v -0.00119 -0.000833 -0.00015
v -0.001113 -0.000934 -0.00015
v -0.001027 -0.001027 -0.00015
v -0.000934 -0.001113 -0.00015
v -0.000833 -0.00119 -0.00015
v -0.000726 -0.001258 -0.00015
v -0.000614 -0.001316 -0.00015
v -0.000497 -0.001365 -0.00015
v -0.000376 -0.001403 -0.00015
v -0.000252 -0.00143 -0.00015
v -0.000127 -0.001447 -0.00015
v -0.0 -0.001452 -0.00015
v 0.000127 -0.001447 -0.00015
v 0.000252 -0.00143 -0.00015
v 0.000376 -0.001403 -0.00015
v 0.000497 -0.001365 -0.00015
v 0.000614 -0.001316 -0.00015
v 0.000726 -0.001258 -0.00015
v 0.000833 -0.00119 -0.00015
v 0.000934 -0.001113 -0.00015
v 0.001027 -0.001027 -0.00015
v 0.001113 -0.000934 -0.00015
v 0.00119 -0.000833 -0.00015
v 0.001258 -0.000726 -0.00015
v 0.001316 -0.000614 -0.00015
v 0.001365 -0.000497 -0.00015
v 0.001403 -0.000376 -0.00015
v 0.00143 -0.000252 -0.00015
v 0.001447 -0.000127 -0.00015
v 0.001452 -0.0 -0.00015
v 0.001447 0.000127 -0.00015
v 0.00143 0.000252 -0.00015
v 0.001403 0.000376 -0.00015
v 0.001365 0.000497 -0.00015
v 0.001316 0.000614 -0.00015
v 0.001258 0.000726 -0.00015
v 0.00119 0.000833 -0.00015
v 0.001113 0.000934 -0.00015
v 0.001027 0.001027 -0.00015
v 0.000934 0.001113 -0.00015
v 0.000833 0.00119 -0.00015
v 0.000726 0.001258 -0.00015
v 0.000614 0.001316 -0.00015
v 0.000497 0.001365 -0.00015
v 0.000376 0.001403 -0.00015
v 0.000252 0.00143 -0.00015
v 0.000127 0.001447 -0.00015
v 0.0 0.001452 -0.00015
v -0.000127 0.001447 -0.00015
v -0.000252 0.00143 -0.00015
v -0.000376 0.001403 -0.00015
v -0.000497 0.001365 -0.00015
v -0.000614 0.001316 -0.00015
v -0.000726 0.001258 -0.00015
v -0.000833 0.00119 -0.00015
v -0.000934 0.001113 -0.00015
v -0.001027 0.001027 -0.00015
v -0.001113 0.000934 -0.00015
v -0.00119 0.000833 -0.00015
v -0.001258 0.000726 -0.00015
v -0.001316 0.000614 -0.00015
v -0.001365 0.000497 -0.00015
v -0.001403 0.000376 -0.00015
v -0.00143 0.000252 -0.00015
v -0.001447 0.000127 -0.00015
v -0.001452 0.0 -0.00015
v 0.00045 0.00025 -6.1e-05
v 0.000321 0.000297 -2.2e-05
v 0.000335 0.000286 -2.6e-05
v 0.00035 0.000277 -3.1e-05
v 0.000365 0.000269 -3.5e-05
v 0.000382 0.000262 -4e-05
v 0.000398 0.000257 -4.5e-05
v 0.000415 0.000253 -5.1e-05
v 0.000433 0.000251 -5.6e-05
v -0.000205 -0.000205 0.0
v -0.000205 0.000205 0.0
v 0.000205 -0.000205 0.0
v 0.000205 0.000205 0.0
v 0.000293 -0.000293 -1.3e-05
v -0.000271 0.000271 -7e-06
v -0.000271 -0.000271 -7e-06
v -0.00025 0.00025 -3e-06
v -0.00025 -0.00025 -3e-06
v -0.000227 0.000227 -1e-06
v -0.000227 -0.000227 -1e-06
v 0.000271 0.000271 -7e-06
v 0.00025 0.00025 -3e-06
v 0.000227 0.000227 -1e-06
v 0.000227 -0.000227 -1e-06
v 0.00025 -0.00025 -3e-06
v 0.000271 -0.000271 -7e-06
v -0.001455 0.001221 -0.00015
v -0.001344 0.001344 -0.00015
v -0.001221 0.001455 -0.00015
v -0.00109 0.001556 -0.00015
v -0.00095 0.001645 -0.00015
v -0.000803 0.001722 -0.00015
v -0.00065 0.001785 -0.00015
v -0.000492 0.001835 -0.00015
v -0.00033 0.001871 -0.00015
v -0.000166 0.001893 -0.00015
v 0.0 0.0019 -0.00015
v 0.000166 0.001893 -0.00015
v 0.00033 0.001871 -0.00015
v 0.000492 0.001835 -0.00015
v 0.00065 0.001785 -0.00015
v 0.000803 0.001722 -0.00015
v 0.00095 0.001645 -0.00015
v 0.00109 0.001556 -0.00015
v 0.001221 0.001455 -0.00015
v 0.001344 0.001344 -0.00015
v 0.001455 0.001221 -0.00015
v 0.001556 0.00109 -0.00015
v 0.001645 0.00095 -0.00015
v 0.001722 0.000803 -0.00015
v 0.001785 0.00065 -0.00015
v 0.001835 0.000492 -0.00015
v 0.001871 0.00033 -0.00015
v 0.001893 0.000166 -0.00015
v 0.0019 0.0 -0.00015
v 0.001893 -0.000166 -0.00015
v 0.001871 -0.00033 -0.00015
v 0.001835 -0.000492 -0.00015
v 0.001785 -0.00065 -0.00015
v 0.001722 -0.000803 -0.00015
v 0.001645 -0.00095 -0.00015
v 0.001556 -0.00109 -0.00015
v 0.001455 -0.001221 -0.00015
v 0.001344 -0.001344 -0.00015
v 0.001221 -0.001455 -0.00015
v 0.00109 -0.001556 -0.00015
v 0.00095 -0.001645 -0.00015
v 0.000803 -0.001722 -0.00015
v 0.00065 -0.001785 -0.00015
v 0.000492 -0.001835 -0.00015
v 0.00033 -0.001871 -0.00015
v 0.000166 -0.001893 -0.00015
v 0.0 -0.0019 -0.00015
v -0.000166 -0.001893 -0.00015
v -0.00033 -0.001871 -0.00015
v -0.000492 -0.001835 -0.00015
v -0.00065 -0.001785 -0.00015
v -0.000803 -0.001722 -0.00015
v -0.00095 -0.001645 -0.00015
v -0.00109 -0.001556 -0.00015
v -0.001221 -0.001455 -0.00015
v -0.001344 -0.001344 -0.00015
v -0.001455 -0.001221 -0.00015
v -0.001556 -0.00109 -0.00015
v -0.001645 -0.00095 -0.00015
v -0.001722 -0.000803 -0.00015
v -0.001785 -0.00065 -0.00015
v -0.001835 -0.000492 -0.00015
v -0.001871 -0.00033 -0.00015
v -0.001893 -0.000166 -0.00015
v -0.0019 -0.0 -0.00015
v -0.001893 0.000166 -0.00015
v -0.001871 0.00033 -0.00015
v -0.001835 0.000492 -0.00015
v -0.001785 0.00065 -0.00015
v -0.001722 0.000803 -0.00015
v -0.001645 0.00095 -0.00015
v -0.001556 0.00109 -0.00015
v 0.000166 0.001901 -0.00015
v 0.000331 0.00188 -0.00015
v 0.000494 0.001844 -0.00015
v 0.000653 0.001794 -0.00015
v 0.000807 0.00173 -0.00015
v 0.000954 0.001653 -0.00015
v 0.001095 0.001564 -0.00015
v 0.001227 0.001462 -0.00015
v 0.00135 0.00135 -0.00015
v 0.001462 0.001227 -0.00015
v 0.001564 0.001095 -0.00015
v 0.001653 0.000954 -0.00015
v 0.00173 0.000807 -0.00015
v 0.001794 0.000653 -0.00015
v 0.001844 0.000494 -0.00015
v 0.00188 0.000331 -0.00015
v 0.001901 0.000166 -0.00015
v 0.001909 0.0 -0.00015
v 0.001901 -0.000166 -0.00015
v 0.00188 -0.000331 -0.00015
v 0.001844 -0.000494 -0.00015
v 0.001794 -0.000653 -0.00015
v 0.00173 -0.000807 -0.00015
v 0.001653 -0.000954 -0.00015
v 0.001564 -0.001095 -0.00015
v 0.001462 -0.001227 -0.00015
v 0.00135 -0.00135 -0.00015
v 0.001227 -0.001462 -0.00015
v 0.001095 -0.001564 -0.00015
v 0.000954 -0.001653 -0.00015
v 0.000807 -0.00173 -0.00015
v 0.000653 -0.001794 -0.00015
v 0.000494 -0.001844 -0.00015
v 0.000331 -0.00188 -0.00015
v 0.000166 -0.001901 -0.00015
v 0.0 -0.001909 -0.00015
v -0.000166 -0.001901 -0.00015
v -0.000331 -0.00188 -0.00015
v -0.000494 -0.001844 -0.00015
v -0.000653 -0.001794 -0.00015
v -0.000807 -0.00173 -0.00015
v -0.000954 -0.001653 -0.00015
v -0.001095 -0.001564 -0.00015
v -0.001227 -0.001462 -0.00015
v -0.00135 -0.00135 -0.00015
v -0.001462 -0.001227 -0.00015
v -0.001564 -0.001095 -0.00015
v -0.001653 -0.000954 -0.00015
v -0.00173 -0.000807 -0.00015
v -0.001794 -0.000653 -0.00015
v -0.001844 -0.000494 -0.00015
v -0.00188 -0.000331 -0.00015
v -0.001901 -0.000166 -0.00015
v -0.001909 -0.0 -0.00015
v -0.001901 0.000166 -0.00015
v -0.00188 0.000331 -0.00015
v -0.001844 0.000494 -0.00015
v -0.001794 0.000653 -0.00015
v -0.00173 0.000807 -0.00015
v -0.001653 0.000954 -0.00015
v -0.001564 0.001095 -0.00015
v -0.001462 0.001227 -0.00015
v -0.00135 0.00135 -0.00015
v -0.001227 0.001462 -0.00015
v -0.001095 0.001564 -0.00015
v -0.000954 0.001653 -0.00015
v -0.000807 0.00173 -0.00015
v -0.000653 0.001794 -0.00015
v -0.000494 0.001844 -0.00015
v -0.000331 0.00188 -0.00015
v -0.000166 0.001901 -0.00015
v 0.0 0.001909 -0.00015
v 0.000167 0.00191 -0.000148
v 0.000333 0.001888 -0.000148
v 0.000496 0.001852 -0.000148
v 0.000656 0.001802 -0.000148
v 0.00081 0.001738 -0.000148
v 0.000959 0.00166 -0.000148
v 0.0011 0.001571 -0.000148
v 0.001232 0.001469 -0.000148
v 0.001356 0.001356 -0.000148
v 0.001469 0.001232 -0.000148
v 0.001571 0.0011 -0.000148
v 0.00166 0.000959 -0.000148
v 0.001738 0.00081 -0.000148
v 0.001802 0.000656 -0.000148
v 0.001852 0.000496 -0.000148
v 0.001888 0.000333 -0.000148
v 0.00191 0.000167 -0.000148
v 0.001917 0.0 -0.000148
v 0.00191 -0.000167 -0.000148
v 0.001888 -0.000333 -0.000148
v 0.001852 -0.000496 -0.000148
v 0.001802 -0.000656 -0.000148
v 0.001738 -0.00081 -0.000148
v 0.00166 -0.000959 -0.000148
v 0.001571 -0.0011 -0.000148
v 0.001469 -0.001232 -0.000148
v 0.001356 -0.001356 -0.000148
v 0.001232 -0.001469 -0.000148
v 0.0011 -0.001571 -0.000148
v 0.000959 -0.00166 -0.000148
v 0.00081 -0.001738 -0.000148
v 0.000656 -0.001802 -0.000148
v 0.000496 -0.001852 -0.000148
v 0.000333 -0.001888 -0.000148
v 0.000167 -0.00191 -0.000148
v 0.0 -0.001917 -0.000148
v -0.000167 -0.00191 -0.000148
v -0.000333 -0.001888 -0.000148
v -0.000496 -0.001852 -0.000148
v -0.000656 -0.001802 -0.000148
v -0.00081 -0.001738 -0.000148
v -0.000959 -0.00166 -0.000148
v -0.0011 -0.001571 -0.000148
v -0.001232 -0.001469 -0.000148
v -0.001356 -0.001356 -0.000148
v -0.001469 -0.001232 -0.000148
v -0.001571 -0.0011 -0.000148
v -0.00166 -0.000959 -0.000148
v -0.001738 -0.00081 -0.000148
v -0.001802 -0.000656 -0.000148
v -0.001852 -0.000496 -0.000148
v -0.001888 -0.000333 -0.000148
v -0.00191 -0.000167 -0.000148
v -0.001917 -0.0 -0.000148
v -0.00191 0.000167 -0.000148
v -0.001888 0.000333 -0.000148
v -0.001852 0.000496 -0.000148
v -0.001802 0.000656 -0.000148
v -0.001738 0.00081 -0.000148
v -0.00166 0.000959 -0.000148
v -0.001571 0.0011 -0.000148
v -0.001469 0.001232 -0.000148
v -0.001356 0.001356 -0.000148
v -0.001232 0.001469 -0.000148
v -0.0011 0.001571 -0.000148
v -0.000959 0.00166 -0.000148
v -0.00081 0.001738 -0.000148
v -0.000656 0.001802 -0.000148
v -0.000496 0.001852 -0.000148
v -0.000333 0.001888 -0.000148
v -0.000167 0.00191 -0.000148
v 0.0 0.001917 -0.000148
v 0.000168 0.001919 -0.000147
v 0.000334 0.001897 -0.000147
v 0.000498 0.00186 -0.000147
v 0.000659 0.00181 -0.000147
v 0.000814 0.001745 -0.000147
v 0.000963 0.001668 -0.000147
v 0.001105 0.001578 -0.000147
v 0.001238 0.001475 -0.000147
v 0.001362 0.001362 -0.000147
v 0.001475 0.001238 -0.000147
v 0.001578 0.001105 -0.000147
v 0.001668 0.000963 -0.000147
v 0.001745 0.000814 -0.000147
v 0.00181 0.000659 -0.000147
v 0.00186 0.000498 -0.000147
v 0.001897 0.000334 -0.000147
v 0.001919 0.000168 -0.000147
v 0.001926 0.0 -0.000147
v 0.001919 -0.000168 -0.000147
v 0.001897 -0.000334 -0.000147
v 0.00186 -0.000498 -0.000147
v 0.00181 -0.000659 -0.000147
v 0.001745 -0.000814 -0.000147
v 0.001668 -0.000963 -0.000147
v 0.001578 -0.001105 -0.000147
v 0.001475 -0.001238 -0.000147
v 0.001362 -0.001362 -0.000147
v 0.001238 -0.001475 -0.000147
v 0.001105 -0.001578 -0.000147
v 0.000963 -0.001668 -0.000147
v 0.000814 -0.001745 -0.000147
v 0.000659 -0.00181 -0.000147
v 0.000498 -0.00186 -0.000147
v 0.000334 -0.001897 -0.000147
v 0.000168 -0.001919 -0.000147
v 0.0 -0.001926 -0.000147
v -0.000168 -0.001919 -0.000147
v -0.000334 -0.001897 -0.000147
v -0.000498 -0.00186 -0.000147
v -0.000659 -0.00181 -0.000147
v -0.000814 -0.001745 -0.000147
v -0.000963 -0.001668 -0.000147
v -0.001105 -0.001578 -0.000147
v -0.001238 -0.001475 -0.000147
v -0.001362 -0.001362 -0.000147
v -0.001475 -0.001238 -0.000147
v -0.001578 -0.001105 -0.000147
v -0.001668 -0.000963 -0.000147
v -0.001745 -0.000814 -0.000147
v -0.00181 -0.000659 -0.000147
v -0.00186 -0.000498 -0.000147
v -0.001897 -0.000334 -0.000147
v -0.001919 -0.000168 -0.000147
v -0.001926 -0.0 -0.000147
v -0.001919 0.000168 -0.000147
v -0.001897 0.000334 -0.000147
v -0.00186 0.000498 -0.000147
v -0.00181 0.000659 -0.000147
v -0.001745 0.000814 -0.000147
v -0.001668 0.000963 -0.000147
v -0.001578 0.001105 -0.000147
v -0.001475 0.001238 -0.000147
v -0.001362 0.001362 -0.000147
v -0.001238 0.001475 -0.000147
v -0.001105 0.001578 -0.000147
v -0.000963 0.001668 -0.000147
v -0.000814 0.001745 -0.000147
v -0.000659 0.00181 -0.000147
v -0.000498 0.00186 -0.000147
v -0.000334 0.001897 -0.000147
v -0.000168 0.001919 -0.000147
v 0.0 0.001926 -0.000147
v 0.000169 0.001927 -0.000144
v 0.000336 0.001905 -0.000144
v 0.000501 0.001868 -0.000144
v 0.000662 0.001818 -0.000144
v 0.000817 0.001753 -0.000144
v 0.000967 0.001675 -0.000144
v 0.001109 0.001584 -0.000144
v 0.001243 0.001482 -0.000144
v 0.001368 0.001368 -0.000144
v 0.001482 0.001243 -0.000144
v 0.001584 0.001109 -0.000144
v 0.001675 0.000967 -0.000144
v 0.001753 0.000817 -0.000144
v 0.001818 0.000662 -0.000144
v 0.001868 0.000501 -0.000144
v 0.001905 0.000336 -0.000144
v 0.001927 0.000169 -0.000144
v 0.001934 0.0 -0.000144
v 0.001927 -0.000169 -0.000144
v 0.001905 -0.000336 -0.000144
v 0.001868 -0.000501 -0.000144
v 0.001818 -0.000662 -0.000144
v 0.001753 -0.000817 -0.000144
v 0.001675 -0.000967 -0.000144
v 0.001584 -0.001109 -0.000144
v 0.001482 -0.001243 -0.000144
v 0.001368 -0.001368 -0.000144
v 0.001243 -0.001482 -0.000144
v 0.001109 -0.001584 -0.000144
v 0.000967 -0.001675 -0.000144
v 0.000817 -0.001753 -0.000144
v 0.000662 -0.001818 -0.000144
v 0.000501 -0.001868 -0.000144
v 0.000336 -0.001905 -0.000144
v 0.000169 -0.001927 -0.000144
v 0.0 -0.001934 -0.000144
v -0.000169 -0.001927 -0.000144
v -0.000336 -0.001905 -0.000144
v -0.000501 -0.001868 -0.000144
v -0.000662 -0.001818 -0.000144
v -0.000817 -0.001753 -0.000144
v -0.000967 -0.001675 -0.000144
v -0.001109 -0.001584 -0.000144
v -0.001243 -0.001482 -0.000144
v -0.001368 -0.001368 -0.000144
v -0.001482 -0.001243 -0.000144
v -0.001584 -0.001109 -0.000144
v -0.001675 -0.000967 -0.000144
v -0.001753 -0.000817 -0.000144
v -0.001818 -0.000662 -0.000144
v -0.001868 -0.000501 -0.000144
v -0.001905 -0.000336 -0.000144
v -0.001927 -0.000169 -0.000144
v -0.001934 -0.0 -0.000144
v -0.001927 0.000169 -0.000144
v -0.001905 0.000336 -0.000144
v -0.001868 0.000501 -0.000144
v -0.001818 0.000662 -0.000144
v -0.001753 0.000817 -0.000144
v -0.001675 0.000967 -0.000144
v -0.001584 0.001109 -0.000144
v -0.001482 0.001243 -0.000144
v -0.001368 0.001368 -0.000144
v -0.001243 0.001482 -0.000144
v -0.001109 0.001584 -0.000144
v -0.000967 0.001675 -0.000144
v -0.000817 0.001753 -0.000144
v -0.000662 0.001818 -0.000144
v -0.000501 0.001868 -0.000144
v -0.000336 0.001905 -0.000144
v -0.000169 0.001927 -0.000144
v 0.0 0.001934 -0.000144
v 0.000169 0.001935 -0.000141
v 0.000337 0.001913 -0.000141
v 0.000503 0.001876 -0.000141
v 0.000664 0.001825 -0.000141
v 0.000821 0.00176 -0.000141
v 0.000971 0.001682 -0.000141
v 0.001114 0.001591 -0.000141
v 0.001248 0.001488 -0.000141
v 0.001373 0.001373 -0.000141
v 0.001488 0.001248 -0.000141
v 0.001591 0.001114 -0.000141
v 0.001682 0.000971 -0.000141
v 0.00176 0.000821 -0.000141
v 0.001825 0.000664 -0.000141
v 0.001876 0.000503 -0.000141
v 0.001913 0.000337 -0.000141
v 0.001935 0.000169 -0.000141
v 0.001942 0.0 -0.000141
v 0.001935 -0.000169 -0.000141
v 0.001913 -0.000337 -0.000141
v 0.001876 -0.000503 -0.000141
v 0.001825 -0.000664 -0.000141
v 0.00176 -0.000821 -0.000141
v 0.001682 -0.000971 -0.000141
v 0.001591 -0.001114 -0.000141
v 0.001488 -0.001248 -0.000141
v 0.001373 -0.001373 -0.000141
v 0.001248 -0.001488 -0.000141
v 0.001114 -0.001591 -0.000141
v 0.000971 -0.001682 -0.000141
v 0.000821 -0.00176 -0.000141
v 0.000664 -0.001825 -0.000141
v 0.000503 -0.001876 -0.000141
v 0.000337 -0.001913 -0.000141
v 0.000169 -0.001935 -0.000141
v 0.0 -0.001942 -0.000141
v -0.000169 -0.001935 -0.000141
v -0.000337 -0.001913 -0.000141
v -0.000503 -0.001876 -0.000141
v -0.000664 -0.001825 -0.000141
v -0.000821 -0.00176 -0.000141
v -0.000971 -0.001682 -0.000141
v -0.001114 -0.001591 -0.000141
v -0.001248 -0.001488 -0.000141
v -0.001373 -0.001373 -0.000141
v -0.001488 -0.001248 -0.000141
v -0.001591 -0.001114 -0.000141
v -0.001682 -0.000971 -0.000141
v -0.00176 -0.000821 -0.000141
v -0.001825 -0.000664 -0.000141
v -0.001876 -0.000503 -0.000141
v -0.001913 -0.000337 -0.000141
v -0.001935 -0.000169 -0.000141
v -0.001942 -0.0 -0.000141
v -0.001935 0.000169 -0.000141
v -0.001913 0.000337 -0.000141
v -0.001876 0.000503 -0.000141
v -0.001825 0.000664 -0.000141
v -0.00176 0.000821 -0.000141
v -0.001682 0.000971 -0.000141
v -0.001591 0.001114 -0.000141
v -0.001488 0.001248 -0.000141
v -0.001373 0.001373 -0.000141
v -0.001248 0.001488 -0.000141
v -0.001114 0.001591 -0.000141
v -0.000971 0.001682 -0.000141
v -0.000821 0.00176 -0.000141
v -0.000664 0.001825 -0.000141
v -0.000503 0.001876 -0.000141
v -0.000337 0.001913 -0.000141
v -0.000169 0.001935 -0.000141
v 0.0 0.001942 -0.000141
v 0.00017 0.001943 -0.000137
v 0.000339 0.00192 -0.000137
v 0.000505 0.001884 -0.000137
v 0.000667 0.001832 -0.000137
v 0.000824 0.001767 -0.000137
v 0.000975 0.001689 -0.000137
v 0.001118 0.001597 -0.000137
v 0.001253 0.001494 -0.000137
v 0.001379 0.001379 -0.000137
v 0.001494 0.001253 -0.000137
v 0.001597 0.001118 -0.000137
v 0.001689 0.000975 -0.000137
v 0.001767 0.000824 -0.000137
v 0.001832 0.000667 -0.000137
v 0.001884 0.000505 -0.000137
v 0.00192 0.000339 -0.000137
v 0.001943 0.00017 -0.000137
v 0.00195 0.0 -0.000137
v 0.001943 -0.00017 -0.000137
v 0.00192 -0.000339 -0.000137
v 0.001884 -0.000505 -0.000137
v 0.001832 -0.000667 -0.000137
v 0.001767 -0.000824 -0.000137
v 0.001689 -0.000975 -0.000137
v 0.001597 -0.001118 -0.000137
v 0.001494 -0.001253 -0.000137
v 0.001379 -0.001379 -0.000137
v 0.001253 -0.001494 -0.000137
v 0.001118 -0.001597 -0.000137
v 0.000975 -0.001689 -0.000137
v 0.000824 -0.001767 -0.000137
v 0.000667 -0.001832 -0.000137
v 0.000505 -0.001884 -0.000137
v 0.000339 -0.00192 -0.000137
v 0.00017 -0.001943 -0.000137
v 0.0 -0.00195 -0.000137
v -0.00017 -0.001943 -0.000137
v -0.000339 -0.00192 -0.000137
v -0.000505 -0.001884 -0.000137
v -0.000667 -0.001832 -0.000137
v -0.000824 -0.001767 -0.000137
v -0.000975 -0.001689 -0.000137
v -0.001118 -0.001597 -0.000137
v -0.001253 -0.001494 -0.000137
v -0.001379 -0.001379 -0.000137
v -0.001494 -0.001253 -0.000137
v -0.001597 -0.001118 -0.000137
v -0.001689 -0.000975 -0.000137
v -0.001767 -0.000824 -0.000137
v -0.001832 -0.000667 -0.000137
v -0.001884 -0.000505 -0.000137
v -0.00192 -0.000339 -0.000137
v -0.001943 -0.00017 -0.000137
v -0.00195 -0.0 -0.000137
v -0.001943 0.00017 -0.000137
v -0.00192 0.000339 -0.000137
v -0.001884 0.000505 -0.000137
v -0.001832 0.000667 -0.000137
v -0.001767 0.000824 -0.000137
v -0.001689 0.000975 -0.000137
v -0.001597 0.001118 -0.000137
v -0.001494 0.001253 -0.000137
v -0.001379 0.001379 -0.000137
v -0.001253 0.001494 -0.000137
v -0.001118 0.001597 -0.000137
v -0.000975 0.001689 -0.000137
v -0.000824 0.001767 -0.000137
v -0.000667 0.001832 -0.000137
v -0.000505 0.001884 -0.000137
v -0.000339 0.00192 -0.000137
v -0.00017 0.001943 -0.000137
v 0.0 0.00195 -0.000137
v 0.000171 0.00195 -0.000132
v 0.00034 0.001928 -0.000132
v 0.000507 0.001891 -0.000132
v 0.000669 0.001839 -0.000132
v 0.000827 0.001774 -0.000132
v 0.000979 0.001695 -0.000132
v 0.001123 0.001603 -0.000132
v 0.001258 0.001499 -0.000132
v 0.001384 0.001384 -0.000132
v 0.001499 0.001258 -0.000132
v 0.001603 0.001123 -0.000132
v 0.001695 0.000979 -0.000132
v 0.001774 0.000827 -0.000132
v 0.001839 0.000669 -0.000132
v 0.001891 0.000507 -0.000132
v 0.001928 0.00034 -0.000132
v 0.00195 0.000171 -0.000132
v 0.001957 0.0 -0.000132
v 0.00195 -0.000171 -0.000132
v 0.001928 -0.00034 -0.000132
v 0.001891 -0.000507 -0.000132
v 0.001839 -0.000669 -0.000132
v 0.001774 -0.000827 -0.000132
v 0.001695 -0.000979 -0.000132
v 0.001603 -0.001123 -0.000132
v 0.001499 -0.001258 -0.000132
v 0.001384 -0.001384 -0.000132
v 0.001258 -0.001499 -0.000132
v 0.001123 -0.001603 -0.000132
v 0.000979 -0.001695 -0.000132
v 0.000827 -0.001774 -0.000132
v 0.000669 -0.001839 -0.000132
v 0.000507 -0.001891 -0.000132
v 0.00034 -0.001928 -0.000132
v 0.000171 -0.00195 -0.000132
v 0.0 -0.001957 -0.000132
v -0.000171 -0.00195 -0.000132
v -0.00034 -0.001928 -0.000132
v -0.000507 -0.001891 -0.000132
v -0.000669 -0.001839 -0.000132
v -0.000827 -0.001774 -0.000132
v -0.000979 -0.001695 -0.000132
v -0.001123 -0.001603 -0.000132
v -0.001258 -0.001499 -0.000132
v -0.001384 -0.001384 -0.000132
v -0.001499 -0.001258 -0.000132
v -0.001603 -0.001123 -0.000132
v -0.001695 -0.000979 -0.000132
v -0.001774 -0.000827 -0.000132
v -0.001839 -0.000669 -0.000132
v -0.001891 -0.000507 -0.000132
v -0.001928 -0.00034 -0.000132
v -0.00195 -0.000171 -0.000132
v -0.001957 -0.0 -0.000132
v -0.00195 0.000171 -0.000132
v -0.001928 0.00034 -0.000132
v -0.001891 0.000507 -0.000132
v -0.001839 0.000669 -0.000132
v -0.001774 0.000827 -0.000132
v -0.001695 0.000979 -0.000132
v -0.001603 0.001123 -0.000132
v -0.001499 0.001258 -0.000132
v -0.001384 0.001384 -0.000132
v -0.001258 0.001499 -0.000132
v -0.001123 0.001603 -0.000132
v -0.000979 0.001695 -0.000132
v -0.000827 0.001774 -0.000132
v -0.000669 0.001839 -0.000132
v -0.000507 0.001891 -0.000132
v -0.00034 0.001928 -0.000132
v -0.000171 0.00195 -0.000132
v 0.0 0.001957 -0.000132
v 0.000171 0.001957 -0.000127
v 0.000341 0.001934 -0.000127
v 0.000508 0.001897 -0.000127
v 0.000672 0.001846 -0.000127
v 0.00083 0.00178 -0.000127
v 0.000982 0.001701 -0.000127
v 0.001127 0.001609 -0.000127
v 0.001263 0.001505 -0.000127
v 0.001389 0.001389 -0.000127
v 0.001505 0.001263 -0.000127
v 0.001609 0.001127 -0.000127
v 0.001701 0.000982 -0.000127
v 0.00178 0.00083 -0.000127
v 0.001846 0.000672 -0.000127
v 0.001897 0.000508 -0.000127
v 0.001934 0.000341 -0.000127
v 0.001957 0.000171 -0.000127
v 0.001964 0.0 -0.000127
v 0.001957 -0.000171 -0.000127
v 0.001934 -0.000341 -0.000127
v 0.001897 -0.000508 -0.000127
v 0.001846 -0.000672 -0.000127
v 0.00178 -0.00083 -0.000127
v 0.001701 -0.000982 -0.000127
v 0.001609 -0.001127 -0.000127
v 0.001505 -0.001263 -0.000127
v 0.001389 -0.001389 -0.000127
v 0.001263 -0.001505 -0.000127
v 0.001127 -0.001609 -0.000127
v 0.000982 -0.001701 -0.000127
v 0.00083 -0.00178 -0.000127
v 0.000672 -0.001846 -0.000127
v 0.000508 -0.001897 -0.000127
v 0.000341 -0.001934 -0.000127
v 0.000171 -0.001957 -0.000127
v 0.0 -0.001964 -0.000127
v -0.000171 -0.001957 -0.000127
v -0.000341 -0.001934 -0.000127
v -0.000508 -0.001897 -0.000127
v -0.000672 -0.001846 -0.000127
v -0.00083 -0.00178 -0.000127
v -0.000982 -0.001701 -0.000127
v -0.001127 -0.001609 -0.000127
v -0.001263 -0.001505 -0.000127
v -0.001389 -0.001389 -0.000127
v -0.001505 -0.001263 -0.000127
v -0.001609 -0.001127 -0.000127
v -0.001701 -0.000982 -0.000127
v -0.00178 -0.00083 -0.000127
v -0.001846 -0.000672 -0.000127
v -0.001897 -0.000508 -0.000127
v -0.001934 -0.000341 -0.000127
v -0.001957 -0.000171 -0.000127
v -0.001964 -0.0 -0.000127
v -0.001957 0.000171 -0.000127
v -0.001934 0.000341 -0.000127
v -0.001897 0.000508 -0.000127
v -0.001846 0.000672 -0.000127
v -0.00178 0.00083 -0.000127
v -0.001701 0.000982 -0.000127
v -0.001609 0.001127 -0.000127
v -0.001505 0.001263 -0.000127
v -0.001389 0.001389 -0.000127
v -0.001263 0.001505 -0.000127
v -0.001127 0.001609 -0.000127
v -0.000982 0.001701 -0.000127
v -0.00083 0.00178 -0.000127
v -0.000672 0.001846 -0.000127
v -0.000508 0.001897 -0.000127
v -0.000341 0.001934 -0.000127
v -0.000171 0.001957 -0.000127
v 0.0 0.001964 -0.000127
v 0.000172 0.001963 -0.000121
v 0.000342 0.001941 -0.000121
v 0.00051 0.001904 -0.000121
v 0.000674 0.001852 -0.000121
v 0.000833 0.001786 -0.000121
v 0.000985 0.001707 -0.000121
v 0.00113 0.001614 -0.000121
v 0.001267 0.00151 -0.000121
v 0.001394 0.001394 -0.000121
v 0.00151 0.001267 -0.000121
v 0.001614 0.00113 -0.000121
v 0.001707 0.000985 -0.000121
v 0.001786 0.000833 -0.000121
v 0.001852 0.000674 -0.000121
v 0.001904 0.00051 -0.000121
v 0.001941 0.000342 -0.000121
v 0.001963 0.000172 -0.000121
v 0.001971 0.0 -0.000121
v 0.001963 -0.000172 -0.000121
v 0.001941 -0.000342 -0.000121
v 0.001904 -0.00051 -0.000121
v 0.001852 -0.000674 -0.000121
v 0.001786 -0.000833 -0.000121
v 0.001707 -0.000985 -0.000121
v 0.001614 -0.00113 -0.000121
v 0.00151 -0.001267 -0.000121
v 0.001394 -0.001394 -0.000121
v 0.001267 -0.00151 -0.000121
v 0.00113 -0.001614 -0.000121
v 0.000985 -0.001707 -0.000121
v 0.000833 -0.001786 -0.000121
v 0.000674 -0.001852 -0.000121
v 0.00051 -0.001904 -0.000121
v 0.000342 -0.001941 -0.000121
v 0.000172 -0.001963 -0.000121
v 0.0 -0.001971 -0.000121
v -0.000172 -0.001963 -0.000121
v -0.000342 -0.001941 -0.000121
v -0.00051 -0.001904 -0.000121
v -0.000674 -0.001852 -0.000121
v -0.000833 -0.001786 -0.000121
v -0.000985 -0.001707 -0.000121
v -0.00113 -0.001614 -0.000121
v -0.001267 -0.00151 -0.000121
v -0.001394 -0.001394 -0.000121
v -0.00151 -0.001267 -0.000121
v -0.001614 -0.00113 -0.000121
v -0.001707 -0.000985 -0.000121
v -0.001786 -0.000833 -0.000121
v -0.001852 -0.000674 -0.000121
v -0.001904 -0.00051 -0.000121
v -0.001941 -0.000342 -0.000121
v -0.001963 -0.000172 -0.000121
v -0.001971 -0.0 -0.000121
v -0.001963 0.000172 -0.000121
v -0.001941 0.000342 -0.000121
v -0.001904 0.00051 -0.000121
v -0.001852 0.000674 -0.000121
v -0.001786 0.000833 -0.000121
v -0.001707 0.000985 -0.000121
v -0.001614 0.00113 -0.000121
v -0.00151 0.001267 -0.000121
v -0.001394 0.001394 -0.000121
v -0.001267 0.00151 -0.000121
v -0.00113 0.001614 -0.000121
v -0.000985 0.001707 -0.000121
v -0.000833 0.001786 -0.000121
v -0.000674 0.001852 -0.000121
v -0.00051 0.001904 -0.000121
v -0.000342 0.001941 -0.000121
v -0.000172 0.001963 -0.000121
v 0.0 0.001971 -0.000121
v 0.000172 0.001969 -0.000114
v 0.000343 0.001947 -0.000114
v 0.000512 0.001909 -0.000114
v 0.000676 0.001857 -0.000114
v 0.000835 0.001791 -0.000114
v 0.000988 0.001712 -0.000114
v 0.001134 0.001619 -0.000114
v 0.001271 0.001514 -0.000114
v 0.001398 0.001398 -0.000114
v 0.001514 0.001271 -0.000114
v 0.001619 0.001134 -0.000114
v 0.001712 0.000988 -0.000114
v 0.001791 0.000835 -0.000114
v 0.001857 0.000676 -0.000114
v 0.001909 0.000512 -0.000114
v 0.001947 0.000343 -0.000114
v 0.001969 0.000172 -0.000114
v 0.001977 0.0 -0.000114
v 0.001969 -0.000172 -0.000114
v 0.001947 -0.000343 -0.000114
v 0.001909 -0.000512 -0.000114
v 0.001857 -0.000676 -0.000114
v 0.001791 -0.000835 -0.000114
v 0.001712 -0.000988 -0.000114
v 0.001619 -0.001134 -0.000114
v 0.001514 -0.001271 -0.000114
v 0.001398 -0.001398 -0.000114
v 0.001271 -0.001514 -0.000114
v 0.001134 -0.001619 -0.000114
v 0.000988 -0.001712 -0.000114
v 0.000835 -0.001791 -0.000114
v 0.000676 -0.001857 -0.000114
v 0.000512 -0.001909 -0.000114
v 0.000343 -0.001947 -0.000114
v 0.000172 -0.001969 -0.000114
v 0.0 -0.001977 -0.000114
v -0.000172 -0.001969 -0.000114
v -0.000343 -0.001947 -0.000114
v -0.000512 -0.001909 -0.000114
v -0.000676 -0.001857 -0.000114
v -0.000835 -0.001791 -0.000114
v -0.000988 -0.001712 -0.000114
v -0.001134 -0.001619 -0.000114
v -0.001271 -0.001514 -0.000114
v -0.001398 -0.001398 -0.000114
v -0.001514 -0.001271 -0.000114
v -0.001619 -0.001134 -0.000114
v -0.001712 -0.000988 -0.000114
v -0.001791 -0.000835 -0.000114
v -0.001857 -0.000676 -0.000114
v -0.001909 -0.000512 -0.000114
v -0.001947 -0.000343 -0.000114
v -0.001969 -0.000172 -0.000114
v -0.001977 -0.0 -0.000114
v -0.001969 0.000172 -0.000114
v -0.001947 0.000343 -0.000114
v -0.001909 0.000512 -0.000114
v -0.001857 0.000676 -0.000114
v -0.001791 0.000835 -0.000114
v -0.001712 0.000988 -0.000114
v -0.001619 0.001134 -0.000114
v -0.001514 0.001271 -0.000114
v -0.001398 0.001398 -0.000114
v -0.001271 0.001514 -0.000114
v -0.001134 0.001619 -0.000114
v -0.000988 0.001712 -0.000114
v -0.000835 0.001791 -0.000114
v -0.000676 0.001857 -0.000114
v -0.000512 0.001909 -0.000114
v -0.000343 0.001947 -0.000114
v -0.000172 0.001969 -0.000114
v 0.0 0.001977 -0.000114
v 0.000173 0.001974 -0.000107
v 0.000344 0.001952 -0.000107
v 0.000513 0.001914 -0.000107
v 0.000678 0.001862 -0.000107
v 0.000838 0.001796 -0.000107
v 0.000991 0.001716 -0.000107
v 0.001137 0.001623 -0.000107
v 0.001274 0.001518 -0.000107
v 0.001401 0.001401 -0.000107
v 0.001518 0.001274 -0.000107
v 0.001623 0.001137 -0.000107
v 0.001716 0.000991 -0.000107
v 0.001796 0.000838 -0.000107
v 0.001862 0.000678 -0.000107
v 0.001914 0.000513 -0.000107
v 0.001952 0.000344 -0.000107
v 0.001974 0.000173 -0.000107
v 0.001982 0.0 -0.000107
v 0.001974 -0.000173 -0.000107
v 0.001952 -0.000344 -0.000107
v 0.001914 -0.000513 -0.000107
v 0.001862 -0.000678 -0.000107
v 0.001796 -0.000838 -0.000107
v 0.001716 -0.000991 -0.000107
v 0.001623 -0.001137 -0.000107
v 0.001518 -0.001274 -0.000107
v 0.001401 -0.001401 -0.000107
v 0.001274 -0.001518 -0.000107
v 0.001137 -0.001623 -0.000107
v 0.000991 -0.001716 -0.000107
v 0.000838 -0.001796 -0.000107
v 0.000678 -0.001862 -0.000107
v 0.000513 -0.001914 -0.000107
v 0.000344 -0.001952 -0.000107
v 0.000173 -0.001974 -0.000107
v 0.0 -0.001982 -0.000107
v -0.000173 -0.001974 -0.000107
v -0.000344 -0.001952 -0.000107
v -0.000513 -0.001914 -0.000107
v -0.000678 -0.001862 -0.000107
v -0.000838 -0.001796 -0.000107
v -0.000991 -0.001716 -0.000107
v -0.001137 -0.001623 -0.000107
v -0.001274 -0.001518 -0.000107
v -0.001401 -0.001401 -0.000107
v -0.001518 -0.001274 -0.000107
v -0.001623 -0.001137 -0.000107
v -0.001716 -0.000991 -0.000107
v -0.001796 -0.000838 -0.000107
v -0.001862 -0.000678 -0.000107
v -0.001914 -0.000513 -0.000107
v -0.001952 -0.000344 -0.000107
v -0.001974 -0.000173 -0.000107
v -0.001982 -0.0 -0.000107
v -0.001974 0.000173 -0.000107
v -0.001952 0.000344 -0.000107
v -0.001914 0.000513 -0.000107
v -0.001862 0.000678 -0.000107
v -0.001796 0.000838 -0.000107
v -0.001716 0.000991 -0.000107
v -0.001623 0.001137 -0.000107
v -0.001518 0.001274 -0.000107
v -0.001401 0.001401 -0.000107
v -0.001274 0.001518 -0.000107
v -0.001137 0.001623 -0.000107
v -0.000991 0.001716 -0.000107
v -0.000838 0.001796 -0.000107
v -0.000678 0.001862 -0.000107
v -0.000513 0.001914 -0.000107
v -0.000344 0.001952 -0.000107
v -0.000173 0.001974 -0.000107
v 0.0 0.001982 -0.000107
v 0.000173 0.001979 -0.0001
v 0.000345 0.001956 -0.0001
v 0.000514 0.001919 -0.0001
v 0.000679 0.001867 -0.0001
v 0.00084 0.0018 -0.0001
v 0.000993 0.00172 -0.0001
v 0.001139 0.001627 -0.0001
v 0.001277 0.001522 -0.0001
v 0.001405 0.001405 -0.0001
v 0.001522 0.001277 -0.0001
v 0.001627 0.001139 -0.0001
v 0.00172 0.000993 -0.0001
v 0.0018 0.00084 -0.0001
v 0.001867 0.000679 -0.0001
v 0.001919 0.000514 -0.0001
v 0.001956 0.000345 -0.0001
v 0.001979 0.000173 -0.0001
v 0.001987 0.0 -0.0001
v 0.001979 -0.000173 -0.0001
v 0.001956 -0.000345 -0.0001
v 0.001919 -0.000514 -0.0001
v 0.001867 -0.000679 -0.0001
v 0.0018 -0.00084 -0.0001
v 0.00172 -0.000993 -0.0001
v 0.001627 -0.001139 -0.0001
v 0.001522 -0.001277 -0.0001
v 0.001405 -0.001405 -0.0001
v 0.001277 -0.001522 -0.0001
v 0.001139 -0.001627 -0.0001
v 0.000993 -0.00172 -0.0001
v 0.00084 -0.0018 -0.0001
v 0.000679 -0.001867 -0.0001
v 0.000514 -0.001919 -0.0001
v 0.000345 -0.001956 -0.0001
v 0.000173 -0.001979 -0.0001
v 0.0 -0.001987 -0.0001
v -0.000173 -0.001979 -0.0001
v -0.000345 -0.001956 -0.0001
v -0.000514 -0.001919 -0.0001
v -0.000679 -0.001867 -0.0001
v -0.00084 -0.0018 -0.0001
v -0.000993 -0.00172 -0.0001
v -0.001139 -0.001627 -0.0001
v -0.001277 -0.001522 -0.0001
v -0.001405 -0.001405 -0.0001
v -0.001522 -0.001277 -0.0001
v -0.001627 -0.001139 -0.0001
v -0.00172 -0.000993 -0.0001
v -0.0018 -0.00084 -0.0001
v -0.001867 -0.000679 -0.0001
v -0.001919 -0.000514 -0.0001
v -0.001956 -0.000345 -0.0001
v -0.001979 -0.000173 -0.0001
v -0.001987 -0.0 -0.0001
v -0.001979 0.000173 -0.0001
v -0.001956 0.000345 -0.0001
v -0.001919 0.000514 -0.0001
v -0.001867 0.000679 -0.0001
v -0.0018 0.00084 -0.0001
v -0.00172 0.000993 -0.0001
v -0.001627 0.001139 -0.0001
v -0.001522 0.001277 -0.0001
v -0.001405 0.001405 -0.0001
v -0.001277 0.001522 -0.0001
v -0.001139 0.001627 -0.0001
v -0.000993 0.00172 -0.0001
v -0.00084 0.0018 -0.0001
v -0.000679 0.001867 -0.0001
v -0.000514 0.001919 -0.0001
v -0.000345 0.001956 -0.0001
v -0.000173 0.001979 -0.0001
v 0.0 0.001987 -0.0001
v 0.000173 0.001983 -9.2e-05
v 0.000346 0.00196 -9.2e-05
v 0.000515 0.001923 -9.2e-05
v 0.000681 0.001871 -9.2e-05
v 0.000841 0.001804 -9.2e-05
v 0.000995 0.001724 -9.2e-05
v 0.001142 0.001631 -9.2e-05
v 0.00128 0.001525 -9.2e-05
v 0.001408 0.001408 -9.2e-05
v 0.001525 0.00128 -9.2e-05
v 0.001631 0.001142 -9.2e-05
v 0.001724 0.000995 -9.2e-05
v 0.001804 0.000841 -9.2e-05
v 0.001871 0.000681 -9.2e-05
v 0.001923 0.000515 -9.2e-05
v 0.00196 0.000346 -9.2e-05
v 0.001983 0.000173 -9.2e-05
v 0.001991 0.0 -9.2e-05
v 0.001983 -0.000173 -9.2e-05
v 0.00196 -0.000346 -9.2e-05
v 0.001923 -0.000515 -9.2e-05
v 0.001871 -0.000681 -9.2e-05
v 0.001804 -0.000841 -9.2e-05
v 0.001724 -0.000995 -9.2e-05
v 0.001631 -0.001142 -9.2e-05
v 0.001525 -0.00128 -9.2e-05
v 0.001408 -0.001408 -9.2e-05
v 0.00128 -0.001525 -9.2e-05
v 0.001142 -0.001631 -9.2e-05
v 0.000995 -0.001724 -9.2e-05
v 0.000841 -0.001804 -9.2e-05
v 0.000681 -0.001871 -9.2e-05
v 0.000515 -0.001923 -9.2e-05
v 0.000346 -0.00196 -9.2e-05
v 0.000173 -0.001983 -9.2e-05
v 0.0 -0.001991 -9.2e-05
v -0.000173 -0.001983 -9.2e-05
v -0.000346 -0.00196 -9.2e-05
v -0.000515 -0.001923 -9.2e-05
v -0.000681 -0.001871 -9.2e-05
v -0.000841 -0.001804 -9.2e-05
v -0.000995 -0.001724 -9.2e-05
v -0.001142 -0.001631 -9.2e-05
v -0.00128 -0.001525 -9.2e-05
v -0.001408 -0.001408 -9.2e-05
v -0.001525 -0.00128 -9.2e-05
v -0.001631 -0.001142 -9.2e-05
v -0.001724 -0.000995 -9.2e-05
v -0.001804 -0.000841 -9.2e-05
v -0.001871 -0.000681 -9.2e-05
v -0.001923 -0.000515 -9.2e-05
v -0.00196 -0.000346 -9.2e-05
v -0.001983 -0.000173 -9.2e-05
v -0.001991 -0.0 -9.2e-05
v -0.001983 0.000173 -9.2e-05
v -0.00196 0.000346 -9.2e-05
v -0.001923 0.000515 -9.2e-05
v -0.001871 0.000681 -9.2e-05
v -0.001804 0.000841 -9.2e-05
v -0.001724 0.000995 -9.2e-05
v -0.001631 0.001142 -9.2e-05
v -0.001525 0.00128 -9.2e-05
v -0.001408 0.001408 -9.2e-05
v -0.00128 0.001525 -9.2e-05
v -0.001142 0.001631 -9.2e-05
v -0.000995 0.001724 -9.2e-05
v -0.000841 0.001804 -9.2e-05
v -0.000681 0.001871 -9.2e-05
v -0.000515 0.001923 -9.2e-05
v -0.000346 0.00196 -9.2e-05
v -0.000173 0.001983 -9.2e-05
v 0.0 0.001991 -9.2e-05
v 0.000174 0.001986 -8.4e-05
v 0.000346 0.001964 -8.4e-05
v 0.000516 0.001926 -8.4e-05
v 0.000682 0.001874 -8.4e-05
v 0.000843 0.001807 -8.4e-05
v 0.000997 0.001727 -8.4e-05
v 0.001144 0.001633 -8.4e-05
v 0.001282 0.001527 -8.4e-05
v 0.00141 0.00141 -8.4e-05
v 0.001527 0.001282 -8.4e-05
v 0.001633 0.001144 -8.4e-05
v 0.001727 0.000997 -8.4e-05
v 0.001807 0.000843 -8.4e-05
v 0.001874 0.000682 -8.4e-05
v 0.001926 0.000516 -8.4e-05
v 0.001964 0.000346 -8.4e-05
v 0.001986 0.000174 -8.4e-05
v 0.001994 0.0 -8.4e-05
v 0.001986 -0.000174 -8.4e-05
v 0.001964 -0.000346 -8.4e-05
v 0.001926 -0.000516 -8.4e-05
v 0.001874 -0.000682 -8.4e-05
v 0.001807 -0.000843 -8.4e-05
v 0.001727 -0.000997 -8.4e-05
v 0.001633 -0.001144 -8.4e-05
v 0.001527 -0.001282 -8.4e-05
v 0.00141 -0.00141 -8.4e-05
v 0.001282 -0.001527 -8.4e-05
v 0.001144 -0.001633 -8.4e-05
v 0.000997 -0.001727 -8.4e-05
v 0.000843 -0.001807 -8.4e-05
v 0.000682 -0.001874 -8.4e-05
v 0.000516 -0.001926 -8.4e-05
v 0.000346 -0.001964 -8.4e-05
v 0.000174 -0.001986 -8.4e-05
v 0.0 -0.001994 -8.4e-05
v -0.000174 -0.001986 -8.4e-05
v -0.000346 -0.001964 -8.4e-05
v -0.000516 -0.001926 -8.4e-05
v -0.000682 -0.001874 -8.4e-05
v -0.000843 -0.001807 -8.4e-05
v -0.000997 -0.001727 -8.4e-05
v -0.001144 -0.001633 -8.4e-05
v -0.001282 -0.001527 -8.4e-05
v -0.00141 -0.00141 -8.4e-05
v -0.001527 -0.001282 -8.4e-05
v -0.001633 -0.001144 -8.4e-05
v -0.001727 -0.000997 -8.4e-05
v -0.001807 -0.000843 -8.4e-05
v -0.001874 -0.000682 -8.4e-05
v -0.001926 -0.000516 -8.4e-05
v -0.001964 -0.000346 -8.4e-05
v -0.001986 -0.000174 -8.4e-05
v -0.001994 -0.0 -8.4e-05
v -0.001986 0.000174 -8.4e-05
v -0.001964 0.000346 -8.4e-05
v -0.001926 0.000516 -8.4e-05
v -0.001874 0.000682 -8.4e-05
v -0.001807 0.000843 -8.4e-05
v -0.001727 0.000997 -8.4e-05
v -0.001633 0.001144 -8.4e-05
v -0.001527 0.001282 -8.4e-05
v -0.00141 0.00141 -8.4e-05
v -0.001282 0.001527 -8.4e-05
v -0.001144 0.001633 -8.4e-05
v -0.000997 0.001727 -8.4e-05
v -0.000843 0.001807 -8.4e-05
v -0.000682 0.001874 -8.4e-05
v -0.000516 0.001926 -8.4e-05
v -0.000346 0.001964 -8.4e-05
v -0.000174 0.001986 -8.4e-05
v 0.0 0.001994 -8.4e-05
v 0.000174 0.001989 -7.6e-05
v 0.000347 0.001966 -7.6e-05
v 0.000517 0.001929 -7.6e-05
v 0.000683 0.001876 -7.6e-05
v 0.000844 0.00181 -7.6e-05
v 0.000998 0.001729 -7.6e-05
v 0.001145 0.001636 -7.6e-05
v 0.001283 0.001529 -7.6e-05
v 0.001412 0.001412 -7.6e-05
v 0.001529 0.001283 -7.6e-05
v 0.001636 0.001145 -7.6e-05
v 0.001729 0.000998 -7.6e-05
v 0.00181 0.000844 -7.6e-05
v 0.001876 0.000683 -7.6e-05
v 0.001929 0.000517 -7.6e-05
v 0.001966 0.000347 -7.6e-05
v 0.001989 0.000174 -7.6e-05
v 0.001997 0.0 -7.6e-05
v 0.001989 -0.000174 -7.6e-05
v 0.001966 -0.000347 -7.6e-05
v 0.001929 -0.000517 -7.6e-05
v 0.001876 -0.000683 -7.6e-05
v 0.00181 -0.000844 -7.6e-05
v 0.001729 -0.000998 -7.6e-05
v 0.001636 -0.001145 -7.6e-05
v 0.001529 -0.001283 -7.6e-05
v 0.001412 -0.001412 -7.6e-05
v 0.001283 -0.001529 -7.6e-05
v 0.001145 -0.001636 -7.6e-05
v 0.000998 -0.001729 -7.6e-05
v 0.000844 -0.00181 -7.6e-05
v 0.000683 -0.001876 -7.6e-05
v 0.000517 -0.001929 -7.6e-05
v 0.000347 -0.001966 -7.6e-05
v 0.000174 -0.001989 -7.6e-05
v 0.0 -0.001997 -7.6e-05
v -0.000174 -0.001989 -7.6e-05
v -0.000347 -0.001966 -7.6e-05
v -0.000517 -0.001929 -7.6e-05
v -0.000683 -0.001876 -7.6e-05
v -0.000844 -0.00181 -7.6e-05
v -0.000998 -0.001729 -7.6e-05
v -0.001145 -0.001636 -7.6e-05
v -0.001283 -0.001529 -7.6e-05
v -0.001412 -0.001412 -7.6e-05
v -0.001529 -0.001283 -7.6e-05
v -0.001636 -0.001145 -7.6e-05
v -0.001729 -0.000998 -7.6e-05
v -0.00181 -0.000844 -7.6e-05
v -0.001876 -0.000683 -7.6e-05
v -0.001929 -0.000517 -7.6e-05
v -0.001966 -0.000347 -7.6e-05
v -0.001989 -0.000174 -7.6e-05
v -0.001997 -0.0 -7.6e-05
v -0.001989 0.000174 -7.6e-05
v -0.001966 0.000347 -7.6e-05
v -0.001929 0.000517 -7.6e-05
v -0.001876 0.000683 -7.6e-05
v -0.00181 0.000844 -7.6e-05
v -0.001729 0.000998 -7.6e-05
v -0.001636 0.001145 -7.6e-05
v -0.001529 0.001283 -7.6e-05
v -0.001412 0.001412 -7.6e-05
v -0.001283 0.001529 -7.6e-05
v -0.001145 0.001636 -7.6e-05
v -0.000998 0.001729 -7.6e-05
v -0.000844 0.00181 -7.6e-05
v -0.000683 0.001876 -7.6e-05
v -0.000517 0.001929 -7.6e-05
v -0.000347 0.001966 -7.6e-05
v -0.000174 0.001989 -7.6e-05
v 0.0 0.001997 -7.6e-05
v 0.000174 0.001991 -6.7e-05
v 0.000347 0.001968 -6.7e-05
v 0.000517 0.00193 -6.7e-05
v 0.000684 0.001878 -6.7e-05
v 0.000845 0.001811 -6.7e-05
v 0.000999 0.001731 -6.7e-05
v 0.001146 0.001637 -6.7e-05
v 0.001285 0.001531 -6.7e-05
v 0.001413 0.001413 -6.7e-05
v 0.001531 0.001285 -6.7e-05
v 0.001637 0.001146 -6.7e-05
v 0.001731 0.000999 -6.7e-05
v 0.001811 0.000845 -6.7e-05
v 0.001878 0.000684 -6.7e-05
v 0.00193 0.000517 -6.7e-05
v 0.001968 0.000347 -6.7e-05
v 0.001991 0.000174 -6.7e-05
v 0.001998 0.0 -6.7e-05
v 0.001991 -0.000174 -6.7e-05
v 0.001968 -0.000347 -6.7e-05
v 0.00193 -0.000517 -6.7e-05
v 0.001878 -0.000684 -6.7e-05
v 0.001811 -0.000845 -6.7e-05
v 0.001731 -0.000999 -6.7e-05
v 0.001637 -0.001146 -6.7e-05
v 0.001531 -0.001285 -6.7e-05
v 0.001413 -0.001413 -6.7e-05
v 0.001285 -0.001531 -6.7e-05
v 0.001146 -0.001637 -6.7e-05
v 0.000999 -0.001731 -6.7e-05
v 0.000845 -0.001811 -6.7e-05
v 0.000684 -0.001878 -6.7e-05
v 0.000517 -0.00193 -6.7e-05
v 0.000347 -0.001968 -6.7e-05
v 0.000174 -0.001991 -6.7e-05
v 0.0 -0.001998 -6.7e-05
v -0.000174 -0.001991 -6.7e-05
v -0.000347 -0.001968 -6.7e-05
v -0.000517 -0.00193 -6.7e-05
v -0.000684 -0.001878 -6.7e-05
v -0.000845 -0.001811 -6.7e-05
v -0.000999 -0.001731 -6.7e-05
v -0.001146 -0.001637 -6.7e-05
v -0.001285 -0.001531 -6.7e-05
v -0.001413 -0.001413 -6.7e-05
v -0.001531 -0.001285 -6.7e-05
v -0.001637 -0.001146 -6.7e-05
v -0.001731 -0.000999 -6.7e-05
v -0.001811 -0.000845 -6.7e-05
v -0.001878 -0.000684 -6.7e-05
v -0.00193 -0.000517 -6.7e-05
v -0.001968 -0.000347 -6.7e-05
v -0.001991 -0.000174 -6.7e-05
v -0.001998 -0.0 -6.7e-05
v -0.001991 0.000174 -6.7e-05
v -0.001968 0.000347 -6.7e-05
v -0.00193 0.000517 -6.7e-05
v -0.001878 0.000684 -6.7e-05
v -0.001811 0.000845 -6.7e-05
v -0.001731 0.000999 -6.7e-05
v -0.001637 0.001146 -6.7e-05
v -0.001531 0.001285 -6.7e-05
v -0.001413 0.001413 -6.7e-05
v -0.001285 0.001531 -6.7e-05
v -0.001146 0.001637 -6.7e-05
v -0.000999 0.001731 -6.7e-05
v -0.000845 0.001811 -6.7e-05
v -0.000684 0.001878 -6.7e-05
v -0.000517 0.00193 -6.7e-05
v -0.000347 0.001968 -6.7e-05
v -0.000174 0.001991 -6.7e-05
v 0.0 0.001998 -6.7e-05
v 0.000174 0.001992 -5.9e-05
v 0.000347 0.001969 -5.9e-05
v 0.000518 0.001931 -5.9e-05
v 0.000684 0.001879 -5.9e-05
v 0.000845 0.001812 -5.9e-05
v 0.001 0.001732 -5.9e-05
v 0.001147 0.001638 -5.9e-05
v 0.001285 0.001532 -5.9e-05
v 0.001414 0.001414 -5.9e-05
v 0.001532 0.001285 -5.9e-05
v 0.001638 0.001147 -5.9e-05
v 0.001732 0.001 -5.9e-05
v 0.001812 0.000845 -5.9e-05
v 0.001879 0.000684 -5.9e-05
v 0.001931 0.000518 -5.9e-05
v 0.001969 0.000347 -5.9e-05
v 0.001992 0.000174 -5.9e-05
v 0.002 0.0 -5.9e-05
v 0.001992 -0.000174 -5.9e-05
v 0.001969 -0.000347 -5.9e-05
v 0.001931 -0.000518 -5.9e-05
v 0.001879 -0.000684 -5.9e-05
v 0.001812 -0.000845 -5.9e-05
v 0.001732 -0.001 -5.9e-05
v 0.001638 -0.001147 -5.9e-05
v 0.001532 -0.001285 -5.9e-05
v 0.001414 -0.001414 -5.9e-05
v 0.001285 -0.001532 -5.9e-05
v 0.001147 -0.001638 -5.9e-05
v 0.001 -0.001732 -5.9e-05
v 0.000845 -0.001812 -5.9e-05
v 0.000684 -0.001879 -5.9e-05
v 0.000518 -0.001931 -5.9e-05
v 0.000347 -0.001969 -5.9e-05
v 0.000174 -0.001992 -5.9e-05
v 0.0 -0.002 -5.9e-05
v -0.000174 -0.001992 -5.9e-05
v -0.000347 -0.001969 -5.9e-05
v -0.000518 -0.001931 -5.9e-05
v -0.000684 -0.001879 -5.9e-05
v -0.000845 -0.001812 -5.9e-05
v -0.001 -0.001732 -5.9e-05
v -0.001147 -0.001638 -5.9e-05
v -0.001285 -0.001532 -5.9e-05
v -0.001414 -0.001414 -5.9e-05
v -0.001532 -0.001285 -5.9e-05
v -0.001638 -0.001147 -5.9e-05
v -0.001732 -0.001 -5.9e-05
v -0.001812 -0.000845 -5.9e-05
v -0.001879 -0.000684 -5.9e-05
v -0.001931 -0.000518 -5.9e-05
v -0.001969 -0.000347 -5.9e-05
v -0.001992 -0.000174 -5.9e-05
v -0.002 -0.0 -5.9e-05
v -0.001992 0.000174 -5.9e-05
v -0.001969 0.000347 -5.9e-05
v -0.001931 0.000518 -5.9e-05
v -0.001879 0.000684 -5.9e-05
v -0.001812 0.000845 -5.9e-05
v -0.001732 0.001 -5.9e-05
v -0.001638 0.001147 -5.9e-05
v -0.001532 0.001285 -5.9e-05
v -0.001414 0.001414 -5.9e-05
v -0.001285 0.001532 -5.9e-05
v -0.001147 0.001638 -5.9e-05
v -0.001 0.001732 -5.9e-05
v -0.000845 0.001812 -5.9e-05
v -0.000684 0.001879 -5.9e-05
v -0.000518 0.001931 -5.9e-05
v -0.000347 0.001969 -5.9e-05
v -0.000174 0.001992 -5.9e-05
v 0.0 0.002 -5.9e-05
f 1 2 3
f 2 4 3
f 5 6 7
f 8 9 10
f 11 12 13
f 14 15 16
f 17 18 19
f 20 21 22
f 21 23 22
f 22 23 24
f 23 25 24
f 24 25 26
f 25 27 26
f 27 28 26
f 26 28 29
f 28 30 29
f 30 31 29
f 29 31 32
f 31 33 32
f 33 34 32
f 34 35 32
f 32 35 36
f 35 37 36
f 37 38 36
f 36 38 39
f 38 40 39
f 41 42 43
f 42 39 43
f 43 39 44
f 39 40 44
f 41 45 42
f 45 46 42
f 42 46 47
f 48 49 50
f 49 47 50
f 50 47 51
f 47 46 51
f 20 22 52
f 22 53 52
f 52 53 54
f 53 55 54
f 54 55 56
f 55 57 56
f 56 57 58
f 57 59 58
f 58 59 60
f 59 61 60
f 60 61 62
f 63 64 65
f 62 61 66
f 61 67 66
f 66 67 68
f 67 69 68
f 68 69 70
f 69 71 70
f 70 71 72
f 71 73 72
f 72 73 74
f 73 75 74
f 74 75 76
f 75 77 76
f 76 77 78
f 77 79 78
f 78 79 80
f 79 81 80
f 80 81 82
f 81 83 82
f 82 83 84
f 83 85 84
f 84 85 65
f 85 86 65
f 65 86 63
f 87 88 89
f 88 90 89
f 89 90 91
f 64 63 92
f 63 93 92
f 92 93 94
f 93 95 94
f 94 95 96
f 95 97 96
f 96 97 98
f 97 99 98
f 98 99 100
f 99 101 100
f 100 101 102
f 101 103 102
f 102 103 104
f 103 105 104
f 104 105 106
f 105 107 106
f 106 107 108
f 107 109 108
f 108 109 110
f 109 111 110
f 110 111 112
f 111 113 112
f 112 113 114
f 113 115 114
f 114 115 116
f 115 117 116
f 116 117 118
f 117 119 118
f 118 119 120
f 119 121 120
f 120 121 122
f 121 123 122
f 122 123 124
f 123 125 124
f 124 125 126
f 125 127 126
f 126 127 128
f 127 129 128
f 128 129 130
f 129 131 130
f 130 131 132
f 131 133 132
f 132 133 134
f 133 135 134
f 134 135 136
f 135 137 136
f 136 137 138
f 137 139 138
f 138 139 140
f 139 141 140
f 140 141 142
f 141 143 142
f 142 143 144
f 143 145 144
f 144 145 146
f 145 147 146
f 146 147 148
f 147 149 148
f 148 149 150
f 149 151 150
f 150 151 152
f 151 153 152
f 152 153 154
f 153 155 154
f 154 155 87
f 155 156 87
f 87 156 88
f 90 157 91
f 157 158 91
f 91 158 159
f 158 160 159
f 159 160 161
f 160 162 161
f 163 164 165
f 165 166 163
f 166 167 163
f 163 167 168
f 167 169 168
f 168 169 170
f 169 171 170
f 170 171 162
f 171 172 162
f 162 172 161
f 164 173 165
f 173 173 165
f 165 173 174
f 173 175 174
f 174 175 176
f 175 177 176
f 176 177 178
f 177 179 178
f 178 179 180
f 179 181 180
f 180 181 182
f 181 183 182
f 182 183 184
f 183 185 184
f 183 186 185
f 186 187 185
f 185 187 188
f 187 189 188
f 188 189 190
f 189 191 190
f 190 191 192
f 191 193 192
f 192 193 194
f 193 195 194
f 194 195 196
f 195 197 196
f 196 197 198
f 197 199 198
f 198 199 200
f 199 201 200
f 200 201 202
f 201 203 202
f 204 205 206
f 205 207 206
f 206 207 208
f 207 203 208
f 208 203 209
f 203 201 209
f 19 18 210
f 18 211 210
f 210 211 212
f 211 213 212
f 212 213 214
f 213 215 214
f 214 215 216
f 215 217 216
f 216 217 218
f 217 219 218
f 218 219 220
f 219 221 220
f 220 221 222
f 221 223 222
f 222 223 224
f 223 225 224
f 224 225 226
f 225 227 226
f 226 227 228
f 227 229 228
f 228 229 204
f 229 230 204
f 204 230 205
f 19 231 17
f 231 232 17
f 17 232 233
f 232 234 233
f 233 234 235
f 234 236 235
f 235 236 237
f 236 238 237
f 239 240 241
f 240 238 241
f 241 238 242
f 238 236 242
f 243 244 245
f 244 246 245
f 245 246 247
f 246 248 247
f 247 248 249
f 248 250 249
f 249 250 251
f 250 252 251
f 251 252 253
f 252 254 253
f 253 254 239
f 254 255 239
f 239 255 240
f 245 256 243
f 256 257 243
f 243 257 258
f 257 259 258
f 258 259 260
f 259 261 260
f 260 261 262
f 261 263 262
f 262 263 264
f 263 265 264
f 264 265 266
f 265 267 266
f 266 267 268
f 267 269 268
f 268 269 270
f 269 271 270
f 270 271 272
f 271 273 272
f 272 273 274
f 273 275 274
f 274 275 276
f 275 277 276
f 275 278 277
f 278 279 277
f 277 279 280
f 279 281 280
f 280 281 282
f 281 283 282
f 283 284 282
f 282 284 285
f 284 286 285
f 285 286 287
f 286 288 287
f 287 288 289
f 288 290 289
f 289 290 291
f 290 292 291
f 291 292 293
f 292 294 293
f 292 295 294
f 295 296 294
f 294 296 297
f 296 298 297
f 297 298 299
f 298 300 299
f 299 300 301
f 300 302 301
f 301 302 303
f 302 304 303
f 303 304 305
f 304 306 305
f 305 306 307
f 306 308 307
f 307 308 309
f 308 310 309
f 309 310 311
f 310 312 311
f 311 312 313
f 312 314 313
f 313 314 315
f 314 316 315
f 315 316 317
f 316 318 317
f 319 320 321
f 320 322 321
f 321 322 323
f 322 324 323
f 323 324 325
f 324 326 325
f 325 326 327
f 326 328 327
f 327 328 329
f 328 330 329
f 329 330 318
f 330 331 318
f 318 331 317
f 321 332 319
f 332 333 319
f 319 333 334
f 333 335 334
f 334 335 336
f 335 337 336
f 336 337 338
f 338 337 339
f 337 340 339
f 339 340 341
f 340 342 341
f 341 342 343
f 342 344 343
f 343 344 345
f 344 346 345
f 345 346 347
f 348 349 350
f 349 351 350
f 350 351 352
f 347 346 353
f 346 354 353
f 353 354 348
f 354 355 348
f 348 355 349
f 352 351 356
f 351 357 356
f 356 357 358
f 357 359 358
f 358 359 360
f 359 361 360
f 360 361 362
f 361 363 362
f 362 363 364
f 363 365 364
f 364 365 366
f 365 367 366
f 366 367 368
f 367 369 368
f 368 369 370
f 369 371 370
f 370 371 372
f 371 373 372
f 372 373 374
f 374 373 375
f 373 376 375
f 375 376 377
f 376 378 377
f 377 378 379
f 378 380 379
f 379 380 381
f 380 382 381
f 381 382 383
f 382 384 383
f 383 384 385
f 384 386 385
f 385 386 387
f 386 388 387
f 387 388 389
f 388 390 389
f 389 390 391
f 390 392 391
f 391 392 393
f 392 394 393
f 394 395 393
f 393 395 396
f 395 397 396
f 395 398 397
f 398 399 397
f 397 399 400
f 399 401 400
f 400 401 402
f 402 401 403
f 401 404 403
f 403 404 405
f 404 406 405
f 406 407 405
f 405 407 408
f 407 409 408
f 408 409 410
f 409 411 410
f 410 411 412
f 411 413 412
f 412 413 414
f 413 415 414
f 414 415 416
f 415 417 416
f 416 417 418
f 417 419 418
f 418 419 420
f 419 421 420
f 420 421 422
f 421 423 422
f 422 423 424
f 423 425 424
f 424 425 426
f 425 427 426
f 426 427 428
f 427 429 428
f 430 431 432
f 431 433 432
f 432 433 434
f 433 435 434
f 434 435 436
f 435 437 436
f 436 437 438
f 437 439 438
f 438 439 440
f 439 441 440
f 440 441 429
f 441 442 429
f 429 442 428
f 432 443 430
f 443 444 430
f 430 444 445
f 444 446 445
f 445 446 447
f 446 448 447
f 447 448 449
f 448 450 449
f 449 450 451
f 450 452 451
f 451 452 453
f 452 454 453
f 453 454 455
f 454 456 455
f 455 456 457
f 458 459 460
f 457 456 461
f 456 462 461
f 461 462 459
f 462 463 459
f 459 463 460
f 460 464 458
f 464 465 458
f 458 465 466
f 465 467 466
f 466 467 468
f 467 469 468
f 468 469 470
f 469 471 470
f 470 471 472
f 471 473 472
f 472 473 474
f 473 475 474
f 474 475 476
f 475 477 476
f 476 477 478
f 477 479 478
f 478 479 480
f 479 481 480
f 480 481 482
f 481 483 482
f 482 483 484
f 483 485 484
f 484 485 486
f 485 487 486
f 486 487 488
f 487 489 488
f 488 489 490
f 489 491 490
f 490 491 492
f 491 493 492
f 492 493 494
f 493 495 494
f 494 495 496
f 495 497 496
f 497 498 496
f 496 498 499
f 498 500 499
f 499 500 501
f 500 502 501
f 501 502 503
f 502 504 503
f 503 504 505
f 504 506 505
f 505 506 507
f 506 508 507
f 507 508 509
f 508 510 509
f 509 510 511
f 510 512 511
f 512 513 511
f 511 513 514
f 513 515 514
f 514 515 516
f 515 517 516
f 516 517 518
f 517 519 518
f 518 519 520
f 519 521 520
f 520 521 522
f 521 523 522
f 522 523 524
f 523 525 524
f 524 525 526
f 525 527 526
f 528 529 530
f 529 531 530
f 530 531 532
f 531 533 532
f 532 533 534
f 533 535 534
f 534 535 536
f 535 537 536
f 536 537 538
f 537 539 538
f 538 539 540
f 539 541 540
f 540 541 527
f 541 542 527
f 527 542 526
f 530 543 528
f 543 544 528
f 528 544 545
f 544 546 545
f 545 546 547
f 546 548 547
f 547 548 549
f 548 550 549
f 549 550 551
f 550 552 551
f 551 552 553
f 552 554 553
f 553 554 555
f 554 556 555
f 555 556 557
f 557 556 558
f 556 559 558
f 558 559 560
f 559 561 560
f 561 562 560
f 560 562 563
f 562 564 563
f 563 564 565
f 564 566 565
f 565 566 567
f 566 568 567
f 567 568 569
f 568 570 569
f 569 570 571
f 570 572 571
f 571 572 573
f 572 574 573
f 573 574 575
f 574 576 575
f 574 577 576
f 577 578 576
f 576 578 579
f 578 580 579
f 579 580 581
f 580 582 581
f 581 582 583
f 583 582 584
f 582 585 584
f 584 585 586
f 585 587 586
f 586 587 586
f 587 588 586
f 586 588 589
f 588 590 589
f 589 590 591
f 590 592 591
f 591 592 593
f 592 594 593
f 593 594 595
f 594 596 595
f 595 596 597
f 596 598 597
f 597 598 599
f 598 600 599
f 599 600 601
f 600 602 601
f 601 602 603
f 602 604 603
f 603 604 605
f 604 606 605
f 606 607 605
f 605 607 608
f 607 609 608
f 608 609 610
f 609 611 610
f 610 611 612
f 612 611 613
f 611 614 613
f 613 614 615
f 616 617 618
f 617 619 618
f 618 619 620
f 619 621 620
f 620 621 622
f 621 623 622
f 622 623 624
f 623 625 624
f 624 625 626
f 625 627 626
f 626 627 628
f 627 629 628
f 628 629 630
f 629 631 630
f 630 631 632
f 631 633 632
f 632 633 634
f 633 635 634
f 634 635 636
f 635 637 636
f 636 637 638
f 637 639 638
f 638 639 640
f 639 641 640
f 640 641 642
f 641 643 642
f 642 643 644
f 643 645 644
f 644 645 646
f 645 647 646
f 646 647 648
f 647 649 648
f 648 649 615
f 649 650 615
f 615 650 613
f 618 651 616
f 651 652 616
f 616 652 653
f 652 654 653
f 653 654 655
f 654 656 655
f 655 656 657
f 656 658 657
f 657 658 659
f 658 660 659
f 659 660 661
f 660 662 661
f 661 662 663
f 662 664 663
f 663 664 665
f 665 664 666
f 664 667 666
f 666 667 668
f 667 669 668
f 669 670 668
f 668 670 671
f 670 672 671
f 671 672 673
f 672 674 673
f 673 674 675
f 674 676 675
f 675 676 677
f 676 678 677
f 677 678 679
f 678 680 679
f 679 680 681
f 680 682 681
f 681 682 683
f 682 684 683
f 685 686 687
f 686 688 687
f 687 688 689
f 688 684 689
f 689 684 690
f 684 682 690
f 691 692 693
f 693 692 694
f 692 695 694
f 695 696 694
f 694 696 697
f 696 698 697
f 697 698 699
f 698 700 699
f 699 700 701
f 700 702 701
f 701 702 703
f 702 704 703
f 703 704 705
f 704 706 705
f 705 706 707
f 706 708 707
f 707 708 709
f 708 710 709
f 709 710 711
f 710 712 711
f 711 712 713
f 712 714 713
f 713 714 715
f 714 716 715
f 715 716 717
f 716 718 717
f 717 718 719
f 718 720 719
f 719 720 685
f 720 721 685
f 685 721 686
f 722 723 724
f 723 725 724
f 724 725 726
f 725 727 726
f 726 727 728
f 727 729 728
f 728 729 730
f 729 731 730
f 730 731 732
f 731 733 732
f 732 733 734
f 733 735 734
f 734 735 736
f 735 691 736
f 736 691 737
f 691 693 737
f 724 738 722
f 738 739 722
f 722 739 740
f 739 741 740
f 740 741 742
f 741 743 742
f 742 743 744
f 743 745 744
f 744 745 746
f 745 747 746
f 746 747 748
f 747 749 748
f 748 749 750
f 749 751 750
f 750 751 752
f 751 753 752
f 752 753 754
f 753 755 754
f 754 755 756
f 755 757 756
f 756 757 758
f 757 759 758
f 757 760 759
f 760 761 759
f 759 761 762
f 761 763 762
f 762 763 764
f 763 765 764
f 764 765 766
f 765 767 766
f 766 767 768
f 767 769 768
f 768 769 770
f 769 771 770
f 770 771 772
f 771 773 772
f 772 773 774
f 773 775 774
f 773 776 775
f 776 777 775
f 775 777 778
f 777 779 778
f 778 779 780
f 779 781 780
f 780 781 782
f 781 783 782
f 782 783 784
f 783 785 784
f 784 785 786
f 785 787 786
f 786 787 788
f 787 789 788
f 788 789 790
f 789 791 790
f 790 791 792
f 791 793 792
f 792 793 794
f 793 795 794
f 794 795 796
f 795 797 796
f 796 797 798
f 797 799 798
f 800 801 802
f 801 803 802
f 802 803 804
f 803 805 804
f 804 805 806
f 805 807 806
f 806 807 808
f 807 809 808
f 808 809 810
f 809 811 810
f 810 811 799
f 811 812 799
f 799 812 798
f 802 813 800
f 813 814 800
f 800 814 815
f 814 816 815
f 815 816 817
f 816 818 817
f 817 818 819
f 818 820 819
f 819 820 821
f 820 822 821
f 821 822 823
f 822 824 823
f 823 824 825
f 824 826 825
f 825 826 827
f 826 828 827
f 827 828 829
f 828 830 829
f 830 831 829
f 829 831 832
f 831 833 832
f 832 833 834
f 833 835 834
f 834 835 836
f 835 837 836
f 836 837 838
f 837 839 838
f 838 839 840
f 839 841 840
f 841 842 840
f 840 842 843
f 842 844 843
f 843 844 845
f 844 846 845
f 845 846 847
f 846 848 847
f 847 848 849
f 848 850 849
f 849 850 851
f 850 852 851
f 851 852 853
f 853 852 854
f 852 855 854
f 854 855 856
f 855 857 856
f 856 857 858
f 857 859 858
f 858 859 860
f 859 861 860
f 860 861 862
f 861 863 862
f 862 863 864
f 863 865 864
f 864 865 866
f 865 867 866
f 866 867 868
f 867 869 868
f 868 869 870
f 870 869 871
f 869 872 871
f 871 872 873
f 872 874 873
f 874 875 873
f 873 875 876
f 875 877 876
f 876 877 878
f 877 879 878
f 878 879 880
f 879 881 880
f 880 881 882
f 881 883 882
f 882 883 884
f 883 885 884
f 884 885 886
f 885 887 886
f 886 887 888
f 887 889 888
f 887 890 889
f 890 891 889
f 889 891 892
f 891 893 892
f 893 894 892
f 892 894 895
f 894 896 895
f 895 896 897
f 896 898 897
f 897 898 899
f 898 900 899
f 899 900 901
f 900 902 901
f 901 902 903
f 902 904 903
f 903 904 905
f 904 906 905
f 905 906 907
f 906 908 907
f 907 908 909
f 908 910 909
f 909 910 911
f 910 912 911
f 911 912 913
f 912 914 913
f 913 914 915
f 914 916 915
f 915 916 917
f 916 918 917
f 917 918 917
f 918 919 917
f 917 919 920
f 919 921 920
f 920 921 922
f 921 923 922
f 922 923 924
f 923 925 924
f 926 927 928
f 927 929 928
f 928 929 930
f 929 931 930
f 930 931 932
f 931 933 932
f 932 933 934
f 933 935 934
f 934 935 936
f 935 937 936
f 936 937 938
f 937 939 938
f 938 939 940
f 939 941 940
f 940 941 942
f 941 943 942
f 942 943 944
f 943 925 944
f 944 925 945
f 925 923 945
f 946 947 948
f 947 949 948
f 948 949 950
f 949 951 950
f 950 951 952
f 951 953 952
f 952 953 954
f 953 955 954
f 954 955 956
f 955 957 956
f 956 957 958
f 957 959 958
f 958 959 960
f 959 961 960
f 960 961 926
f 961 962 926
f 926 962 927
f 948 963 946
f 963 964 946
f 946 964 965
f 964 966 965
f 965 966 967
f 966 968 967
f 967 968 969
f 968 970 969
f 969 970 971
f 970 972 971
f 971 972 973
f 972 974 973
f 973 974 975
f 974 976 975
f 975 976 977
f 977 976 978
f 976 979 978
f 978 979 980
f 979 981 980
f 981 982 980
f 980 982 983
f 982 984 983
f 983 984 985
f 984 986 985
f 985 986 987
f 986 988 987
f 987 988 989
f 988 990 989
f 989 990 991
f 990 992 991
f 991 992 993
f 992 994 993
f 993 994 995
f 994 996 995
f 997 998 999
f 998 1000 999
f 999 1000 1001
f 1000 996 1001
f 1001 996 1002
f 996 994 1002
f 1003 1004 1005
f 1004 1006 1005
f 1005 1006 1007
f 1006 1008 1007
f 1007 1008 1009
f 1008 1010 1009
f 1009 1010 1011
f 1010 1012 1011
f 1011 1012 1013
f 1012 1014 1013
f 1013 1014 1015
f 1014 1016 1015
f 1015 1016 997
f 1016 1017 997
f 997 1017 998
f 1005 1018 1003
f 1018 1019 1003
f 1003 1019 1020
f 1019 1021 1020
f 1020 1021 1022
f 1021 1023 1022
f 1022 1023 1024
f 1023 1025 1024
f 1024 1025 1026
f 1025 1027 1026
f 1026 1027 1028
f 1027 1029 1028
f 1028 1029 1030
f 1029 1031 1030
f 1030 1031 1032
f 1031 1033 1032
f 1031 1034 1033
f 1034 1035 1033
f 1033 1035 1036
f 1035 1037 1036
f 1036 1037 1038
f 1037 1039 1038
f 1038 1039 1040
f 1039 1041 1040
f 1040 1041 1042
f 1041 1043 1042
f 1042 1043 1044
f 1043 1045 1044
f 1045 1046 1044
f 1044 1046 1047
f 1046 1048 1047
f 1047 1048 1049
f 1048 1050 1049
f 1049 1050 1051
f 1050 1052 1051
f 1050 1053 1052
f 1053 1054 1052
f 1052 1054 1055
f 1054 1056 1055
f 1055 1056 1057
f 1056 1058 1057
f 1057 1058 1059
f 1058 1060 1059
f 1059 1060 1061
f 1060 1062 1061
f 1061 1062 1063
f 1062 1064 1063
f 1063 1064 1065
f 1064 1066 1065
f 1065 1066 1067
f 1066 1068 1067
f 1067 1068 1069
f 1068 1070 1069
f 1069 1070 1071
f 1070 1072 1071
f 1071 1072 1073
f 1072 1074 1073
f 1073 1074 1075
f 1074 1076 1075
f 1075 1076 1077
f 1076 1078 1077
f 1077 1078 1079
f 1078 1080 1079
f 1079 1080 1081
f 1080 1082 1081
f 1081 1082 1083
f 1082 1084 1083
f 1083 1084 1085
f 1084 1086 1085
f 1085 1086 1087
f 1086 1088 1087
f 1087 1088 1089
f 1088 1090 1089
f 1088 1091 1090
f 1091 1092 1090
f 1090 1092 1093
f 1092 1094 1093
f 1093 1094 1095
f 1094 1096 1095
f 1095 1096 1097
f 1096 1098 1097
f 1097 1098 1099
f 1098 1100 1099
f 1099 1100 1101
f 1100 1102 1101
f 1101 1102 1103
f 1102 1104 1103
f 1103 1104 1105
f 1104 1106 1105
f 1105 1106 1107
f 1106 1108 1107
f 1107 1108 1109
f 1108 1110 1109
f 1109 1110 1111
f 1110 1112 1111
f 1111 1112 1113
f 1112 1114 1113
f 1113 1114 1115
f 1114 1116 1115
f 1115 1116 1117
f 1116 1118 1117
f 1117 1118 1119
f 1118 1120 1119
f 1119 1120 1121
f 1120 1122 1121
f 1121 1122 1123
f 1122 1124 1123
f 1123 1124 1125
f 1124 1126 1125
f 1124 1127 1126
f 1127 1128 1126
f 1126 1128 1129
f 1128 1130 1129
f 1129 1130 1131
f 1130 1132 1131
f 1131 1132 1133
f 1132 1134 1133
f 1133 1134 1135
f 1134 1136 1135
f 1135 1136 1137
f 1136 1138 1137
f 1137 1138 1139
f 1138 1140 1139
f 1141 1142 1143
f 1142 1144 1143
f 1143 1144 1140
f 1144 1145 1140
f 1140 1145 1139
f 1141 1146 1142
f 1146 1147 1142
f 1142 1147 1148
f 1147 1149 1148
f 1148 1149 1150
f 1149 1151 1150
f 1150 1151 1152
f 1151 1153 1152
f 1152 1153 1154
f 1153 1155 1154
f 1154 1155 1156
f 1155 1157 1156
f 1156 1157 1158
f 1157 1159 1158
f 1158 1159 1160
f 1159 1161 1160
f 1160 1161 1162
f 1161 1163 1162
f 1163 1164 1162
f 1162 1164 1165
f 1164 1166 1165
f 1165 1166 1167
f 1166 1168 1167
f 1167 1168 1169
f 1168 1170 1169
f 1169 1170 1171
f 1170 1172 1171
f 1171 1172 1173
f 1172 1174 1173
f 1173 1174 1175
f 1174 1174 1175
f 1175 1174 1176
f 1174 1177 1176
f 1176 1177 1178
f 1177 1179 1178
f 1178 1179 1180
f 1179 1181 1180
f 1180 1181 1182
f 1181 1183 1182
f 1182 1183 1184
f 1183 1185 1184
f 1184 1185 1186
f 1185 1187 1186
f 1186 1187 1188
f 1187 1189 1188
f 1188 1189 1190
f 1189 1191 1190
f 1190 1191 1192
f 1191 1193 1192
f 1192 1193 1194
f 1193 1195 1194
f 1194 1195 1196
f 1195 1197 1196
f 1196 1197 1198
f 1197 1199 1198
f 1198 1199 1200
f 1199 1201 1200
f 1200 1201 1202
f 1201 1203 1202
f 1202 1203 1204
f 1203 1205 1204
f 1203 1206 1205
f 1206 1207 1205
f 1205 1207 1208
f 1207 1209 1208
f 1208 1209 1210
f 1209 1211 1210
f 1210 1211 1212
f 1211 1213 1212
f 1212 1213 1214
f 1213 1215 1214
f 1214 1215 1216
f 1215 1217 1216
f 1216 1217 1218
f 1217 1219 1218
f 1218 1219 1220
f 1219 1221 1220
f 1220 1221 1222
f 1221 1223 1222
f 1222 1223 1224
f 1223 1225 1224
f 1223 1226 1225
f 1226 1227 1225
f 1225 1227 1228
f 1227 1229 1228
f 1228 1229 1230
f 1229 1231 1230
f 1230 1231 1232
f 1231 1233 1232
f 1232 1233 1234
f 1233 1235 1234
f 1234 1235 1236
f 1235 1237 1236
f 1236 1237 1238
f 1237 1239 1238
f 1238 1239 1240
f 1239 1241 1240
f 1242 1243 1244
f 1243 1245 1244
f 1244 1245 1246
f 1245 1247 1246
f 1246 1247 1248
f 1247 1247 1248
f 1248 1247 1249
f 1247 1250 1249
f 1249 1250 1251
f 1250 1252 1251
f 1251 1252 1253
f 1252 1254 1253
f 1253 1254 1255
f 1254 1241 1255
f 1255 1241 1256
f 1241 1239 1256
f 1244 1257 1242
f 1257 1258 1242
f 1242 1258 1259
f 1258 1260 1259
f 1259 1260 1261
f 1260 1262 1261
f 1261 1262 1263
f 1262 1264 1263
f 1265 1266 1267
f 1266 1268 1267
f 1267 1268 1269
f 1268 1270 1269
f 1269 1270 1271
f 1270 1272 1271
f 1271 1272 1273
f 1272 1274 1273
f 1273 1274 1275
f 1274 1276 1275
f 1275 1276 1277
f 1276 1278 1277
f 1277 1278 1264
f 1278 1279 1264
f 1264 1279 1263
f 1267 1280 1265
f 1280 1281 1265
f 1265 1281 1282
f 1281 1283 1282
f 1282 1283 1284
f 1283 1285 1284
f 1284 1285 1286
f 1285 1287 1286
f 1286 1287 1288
f 1287 1289 1288
f 1288 1289 1290
f 1289 1291 1290
f 1290 1291 1292
f 1291 1293 1292
f 1292 1293 1294
f 1293 1295 1294
f 1293 1296 1295
f 1296 1297 1295
f 1295 1297 1298
f 1297 1299 1298
f 1298 1299 1300
f 1299 1301 1300
f 1300 1301 1302
f 1301 1303 1302
f 1302 1303 1304
f 1303 1305 1304
f 1304 1305 1306
f 1305 1307 1306
f 1306 1307 1308
f 1307 1309 1308
f 1308 1309 1310
f 1309 1311 1310
f 1310 1311 1312
f 1313 1314 1315
f 1314 1316 1315
f 1315 1316 1317
f 1316 1312 1317
f 1317 1312 1318
f 1312 1311 1318
f 1319 1320 1321
f 1320 1322 1321
f 1321 1322 1323
f 1322 1324 1323
f 1323 1324 1325
f 1324 1326 1325
f 1325 1326 1327
f 1326 1328 1327
f 1327 1328 1329
f 1328 1330 1329
f 1329 1330 1331
f 1330 1332 1331
f 1331 1332 1313
f 1332 1333 1313
f 1313 1333 1314
f 1321 1334 1319
f 1334 1335 1319
f 1319 1335 1336
f 1335 1337 1336
f 1336 1337 1338
f 1337 1339 1338
f 1338 1339 1340
f 1339 1341 1340
f 1340 1341 1342
f 1341 1343 1342
f 1342 1343 1344
f 1343 1345 1344
f 1344 1345 1346
f 1345 1347 1346
f 1346 1347 1348
f 1348 1347 1349
f 1347 1350 1349
f 1349 1350 1351
f 1350 1352 1351
f 1352 1353 1351
f 1351 1353 1354
f 1353 1355 1354
f 1354 1355 1356
f 1355 1357 1356
f 1356 1357 1358
f 1357 1359 1358
f 1358 1359 1360
f 1359 1361 1360
f 1360 1361 1362
f 1361 1363 1362
f 1362 1363 1364
f 1363 1365 1364
f 1364 1365 1366
f 1365 1367 1366
f 1368 1369 1370
f 1369 1371 1370
f 1370 1371 1372
f 1371 1367 1372
f 1372 1367 1373
f 1367 1365 1373
f 1374 1375 1376
f 1375 1377 1376
f 1376 1377 1378
f 1377 1379 1378
f 1378 1379 1380
f 1379 1381 1380
f 1380 1381 1382
f 1381 1383 1382
f 1382 1383 1384
f 1383 1385 1384
f 1384 1385 1386
f 1385 1387 1386
f 1386 1387 1388
f 1387 1389 1388
f 1388 1389 1390
f 1389 1391 1390
f 1390 1391 1392
f 1391 1393 1392
f 1392 1393 1394
f 1393 1395 1394
f 1394 1395 1396
f 1395 1397 1396
f 1396 1397 1398
f 1397 1399 1398
f 1398 1399 1400
f 1399 1401 1400
f 1400 1401 1402
f 1401 1403 1402
f 1402 1403 1368
f 1403 1404 1368
f 1368 1404 1369
f 1405 1406 1407
f 1406 1408 1407
f 1407 1408 1409
f 1408 1410 1409
f 1409 1410 1411
f 1410 1412 1411
f 1411 1412 1413
f 1412 1414 1413
f 1413 1414 1415
f 1414 1416 1415
f 1415 1416 1417
f 1416 1418 1417
f 1417 1418 1419
f 1418 1420 1419
f 1419 1420 1421
f 1420 1422 1421
f 1421 1422 1423
f 1422 1374 1423
f 1423 1374 1424
f 1374 1376 1424
f 1425 1426 1427
f 1426 1428 1427
f 1427 1428 1429
f 1428 1430 1429
f 1429 1430 1431
f 1430 1432 1431
f 1431 1432 1433
f 1432 1434 1433
f 1433 1434 1435
f 1434 1436 1435
f 1435 1436 1437
f 1436 1438 1437
f 1437 1438 1439
f 1438 1440 1439
f 1439 1440 1405
f 1440 1441 1405
f 1405 1441 1406
f 1427 1442 1425
f 1442 1443 1425
f 1425 1443 1444
f 1443 1445 1444
f 1444 1445 1446
f 1445 1447 1446
f 1446 1447 1448
f 1447 1449 1448
f 1448 1449 1450
f 1449 1451 1450
f 1450 1451 1452
f 1451 1453 1452
f 1452 1453 1454
f 1453 1455 1454
f 1454 1455 1456
f 1456 1455 1457
f 1455 1458 1457
f 1457 1458 1459
f 1458 1460 1459
f 1460 1461 1459
f 1459 1461 1462
f 1461 1463 1462
f 1462 1463 1464
f 1463 1465 1464
f 1464 1465 1466
f 1465 1467 1466
f 1466 1467 1468
f 1467 1469 1468
f 1468 1469 1470
f 1469 1471 1470
f 1470 1471 1472
f 1471 1473 1472
f 1472 1473 1474
f 1473 1475 1474
f 1476 1477 1478
f 1477 1479 1478
f 1478 1479 1480
f 1473 1481 1475
f 1481 1482 1475
f 1475 1482 1476
f 1482 1483 1476
f 1476 1483 1477
f 1480 1479 1484
f 1479 1485 1484
f 1484 1485 1486
f 1485 1487 1486
f 1486 1487 1488
f 1487 1489 1488
f 1488 1489 1490
f 1489 1491 1490
f 1490 1491 1492
f 1491 1493 1492
f 1492 1493 1494
f 1493 1495 1494
f 1494 1495 1496
f 1495 1497 1496
f 1497 1498 1496
f 1496 1498 1499
f 1498 1500 1499
f 1499 1500 1501
f 1500 1502 1501
f 1501 1502 1503
f 1502 1504 1503
f 1503 1504 1505
f 1504 1506 1505
f 1505 1506 1507
f 1506 1508 1507
f 1508 1508 1507
f 1507 1508 1509
f 1508 1510 1509
f 1509 1510 1511
f 1510 1512 1511
f 1512 1513 1511
f 1511 1513 1514
f 1513 1515 1514
f 1514 1515 1516
f 1515 1517 1516
f 1516 1517 1518
f 1517 1519 1518
f 1518 1519 1520
f 1521 1522 1523
f 1522 1524 1523
f 1523 1524 1525
f 1520 1519 1526
f 1519 1527 1526
f 1526 1527 1521
f 1527 1528 1521
f 1521 1528 1522
f 1525 1524 1529
f 1524 1530 1529
f 1529 1530 1531
f 1530 1532 1531
f 1531 1532 1533
f 1532 1534 1533
f 1533 1534 1535
f 1534 1536 1535
f 1535 1536 1537
f 1536 1538 1537
f 1537 1538 1539
f 1538 1540 1539
f 1539 1540 1541
f 1540 1542 1541
f 1541 1542 1543
f 1542 1544 1543
f 1543 1544 1545
f 1544 1546 1545
f 1545 1546 1547
f 1546 1548 1547
f 1547 1548 1549
f 1548 1550 1549
f 1549 1550 1551
f 1550 1552 1551
f 1551 1552 1553
f 1552 1554 1553
f 1553 1554 1555
f 1554 1556 1555
f 1555 1556 1557
f 1557 1556 1558
f 1556 1559 1558
f 1558 1559 1560
f 1559 1561 1560
f 1561 1562 1560
f 1560 1562 1563
f 1562 1564 1563
f 1563 1564 1565
f 1564 1566 1565
f 1565 1566 1567
f 1566 1568 1567
f 1567 1568 1569
f 1568 1570 1569
f 1569 1570 1571
f 1570 1572 1571
f 1571 1572 1573
f 1572 1574 1573
f 1573 1574 1575
f 1574 1576 1575
f 1574 1577 1576
f 1577 1578 1576
f 1576 1578 1579
f 1578 1580 1579
f 1579 1580 1581
f 1581 1580 1582
f 1580 1583 1582
f 1582 1583 1584
f 1583 1585 1584
f 1584 1585 1586
f 1585 1587 1586
f 1586 1587 1586
f 1587 1588 1586
f 1586 1588 1589
f 1588 1590 1589
f 1589 1590 1591
f 1590 1592 1591
f 1591 1592 1593
f 1592 1594 1593
f 1593 1594 1595
f 1594 1596 1595
f 1595 1596 1597
f 1596 1598 1597
f 1597 1598 1599
f 1598 1600 1599
f 1599 1600 1601
f 1600 1602 1601
f 1601 1602 1603
f 1602 1604 1603
f 1603 1604 1605
f 1604 1606 1605
f 1605 1606 1607
f 1606 1608 1607
f 1607 1608 1609
f 1608 1610 1609
f 1609 1610 1611
f 1611 1610 1612
f 1610 1613 1612
f 1612 1613 1614
f 1613 1615 1614
f 1615 1616 1614
f 1614 1616 1617
f 1616 1618 1617
f 1617 1618 1619
f 1618 1620 1619
f 1619 1620 1621
f 1620 1622 1621
f 1621 1622 1623
f 1622 1624 1623
f 1623 1624 1625
f 1624 1626 1625
f 1625 1626 1627
f 1626 1628 1627
f 1627 1628 1629
f 1628 1630 1629
f 1629 1630 1631
f 1630 1632 1631
f 1631 1632 1633
f 1632 1634 1633
f 1633 1634 1635
f 1634 1636 1635
f 1635 1636 1637
f 1636 1638 1637
f 1637 1638 1639
f 1638 1640 1639
f 1639 1640 1641
f 1640 1642 1641
f 1641 1642 1643
f 1642 1644 1643
f 1643 1644 1645
f 1644 1646 1645
f 1644 1647 1646
f 1647 1648 1646
f 1646 1648 1649
f 1648 1650 1649
f 1649 1650 1651
f 1650 1652 1651
f 1651 1652 1653
f 1652 1654 1653
f 1653 1654 1655
f 1654 1656 1655
f 1655 1656 1657
f 1656 1658 1657
f 1657 1658 1659
f 1658 1660 1659
f 1659 1660 1661
f 1660 1662 1661
f 1661 1662 1663
f 1663 1662 1664
f 1662 1665 1664
f 1664 1665 1666
f 1665 1667 1666
f 1667 1668 1666
f 1666 1668 1669
f 1668 1670 1669
f 1669 1670 1671
f 1670 1672 1671
f 1671 1672 1673
f 1672 1674 1673
f 1673 1674 1675
f 1674 1676 1675
f 1675 1676 1677
f 1676 1678 1677
f 1677 1678 1679
f 1678 1680 1679
f 1679 1680 1681
f 1680 1682 1681
f 1680 1683 1682
f 1683 1684 1682
f 1682 1684 1685
f 1684 1686 1685
f 1685 1686 1687
f 1686 1688 1687
f 1687 1688 1689
f 1688 1690 1689
f 1689 1690 1691
f 1690 1692 1691
f 1691 1692 1693
f 1692 1694 1693
f 1693 1694 1695
f 1694 1696 1695
f 1695 1696 1697
f 1696 1698 1697
f 1697 1698 1699
f 1698 1700 1699
f 1699 1700 1701
f 1700 1702 1701
f 1701 1702 1703
f 1702 1704 1703
f 1703 1704 1705
f 1704 1706 1705
f 1705 1706 1707
f 1706 1708 1707
f 1707 1708 1709
f 1708 1710 1709
f 1709 1710 1711
f 1710 1712 1711
f 1711 1712 1713
f 1712 1714 1713
f 1713 1714 1715
f 1714 1716 1715
f 1715 1716 1717
f 1716 1718 1717
f 1716 1719 1718
f 1719 1720 1718
f 1718 1720 1721
f 1720 1722 1721
f 1721 1722 1723
f 1722 1724 1723
f 1723 1724 1725
f 1724 1726 1725
f 1725 1726 1727
f 1726 1728 1727
f 1729 1730 1731
f 1730 1732 1731
f 1731 1732 1733
f 1732 1728 1733
f 1733 1728 1734
f 1728 1726 1734
f 1735 1736 1737
f 1736 1738 1737
f 1731 1739 1729
f 1739 1740 1729
f 1729 1740 1741
f 1740 1742 1741
f 1741 1742 1738
f 1742 1743 1738
f 1738 1743 1737
f 1744 1745 1746
f 1745 1747 1746
f 1746 1747 1748
f 1747 1749 1748
f 1748 1749 1750
f 1749 1751 1750
f 1750 1751 1752
f 1751 1753 1752
f 1752 1753 1754
f 1753 1755 1754
f 1754 1755 1756
f 1755 1757 1756
f 1756 1757 1735
f 1757 1758 1735
f 1735 1758 1736
f 1746 1759 1744
f 1759 1760 1744
f 1744 1760 1761
f 1760 1762 1761
f 1761 1762 1763
f 1762 1764 1763
f 1763 1764 1765
f 1764 1766 1765
f 1765 1766 1767
f 1766 1768 1767
f 1767 1768 1769
f 1768 1770 1769
f 1769 1770 1771
f 1770 1772 1771
f 1771 1772 1773
f 1772 1774 1773
f 1772 1775 1774
f 1775 1776 1774
f 1774 1776 1777
f 1776 1778 1777
f 1778 1779 1777
f 1777 1779 1780
f 1779 1781 1780
f 1780 1781 1782
f 1781 1783 1782
f 1782 1783 1784
f 1783 1785 1784
f 1785 1786 1784
f 1784 1786 1787
f 1786 1788 1787
f 1787 1788 1789
f 1788 1790 1789
f 1789 1790 1791
f 1790 1792 1791
f 1790 1793 1792
f 1793 1794 1792
f 1792 1794 1795
f 1794 1796 1795
f 1795 1796 1797
f 1796 1798 1797
f 1797 1798 1797
f 1798 1799 1797
f 1797 1799 1800
f 1799 1801 1800
f 1800 1801 1802
f 1801 1803 1802
f 1802 1803 1804
f 1803 1805 1804
f 1804 1805 1806
f 1805 1807 1806
f 1806 1807 1808
f 1807 1809 1808
f 1808 1809 1810
f 1809 1811 1810
f 1810 1811 1812
f 1811 1813 1812
f 1814 1815 1816
f 1811 1817 1813
f 1817 1818 1813
f 1813 1818 1819
f 1818 1820 1819
f 1819 1820 1821
f 1820 1822 1821
f 1821 1822 1823
f 1822 1824 1823
f 1823 1824 1825
f 1824 1826 1825
f 1825 1826 1827
f 1826 1828 1827
f 1827 1828 1829
f 1828 1830 1829
f 1829 1830 1831
f 1830 1832 1831
f 1831 1832 1815
f 1832 1833 1815
f 1815 1833 1816
f 1816 1834 1814
f 1834 1835 1814
f 1814 1835 1836
f 1835 1837 1836
f 1836 1837 1838
f 1837 1839 1838
f 1838 1839 1840
f 1839 1841 1840
f 1840 1841 1842
f 1841 1843 1842
f 1842 1843 1842
f 1843 1843 1842
f 1842 1843 1844
f 1843 1845 1844
f 1844 1845 1846
f 1845 1847 1846
f 1846 1847 1848
f 1847 1849 1848
f 1848 1849 1850
f 1849 1851 1850
f 1850 1851 1852
f 1851 1853 1852
f 1852 1853 1854
f 1853 1855 1854
f 1854 1855 1856
f 1856 1855 1857
f 1855 1858 1857
f 1857 1858 1859
f 1858 1860 1859
f 1859 1860 1861
f 1860 1862 1861
f 1861 1862 1863
f 1863 1862 1864
f 1862 1865 1864
f 1864 1865 1866
f 1865 1867 1866
f 1866 1867 1868
f 1867 1869 1868
f 1868 1869 1870
f 1869 1871 1870
f 1870 1871 1872
f 1872 1871 1873
f 1871 1874 1873
f 1873 1874 1875
f 1874 1876 1875
f 1876 1877 1875
f 1875 1877 1878
f 1877 1879 1878
f 1878 1879 1880
f 1879 1881 1880
f 1880 1881 1882
f 1881 1883 1882
f 1882 1883 1884
f 1883 1885 1884
f 1884 1885 1886
f 1885 1887 1886
f 1886 1887 1888
f 1887 1889 1888
f 1888 1889 1890
f 1889 1891 1890
f 1892 1893 1894
f 1893 1895 1894
f 1894 1895 1896
f 1895 1891 1896
f 1896 1891 1897
f 1891 1889 1897
f 1898 1899 1900
f 1899 1901 1900
f 1900 1901 1902
f 1901 1903 1902
f 1902 1903 1904
f 1903 1905 1904
f 1904 1905 1906
f 1905 1905 1906
f 1906 1905 1907
f 1905 1908 1907
f 1907 1908 1909
f 1908 1910 1909
f 1909 1910 1911
f 1910 1912 1911
f 1911 1912 1913
f 1912 1914 1913
f 1913 1914 1915
f 1914 1916 1915
f 1915 1916 1917
f 1916 1918 1917
f 1917 1918 1919
f 1918 1920 1919
f 1919 1920 1921
f 1920 1922 1921
f 1921 1922 1923
f 1922 1924 1923
f 1923 1924 1925
f 1924 1926 1925
f 1925 1926 1892
f 1926 1927 1892
f 1892 1927 1893
f 1900 1928 1898
f 1928 1929 1898
f 1898 1929 1930
f 1929 1931 1930
f 1930 1931 1932
f 1931 1933 1932
f 1932 1933 1934
f 1933 1935 1934
f 1934 1935 1936
f 1935 1937 1936
f 1936 1937 1938
f 1937 1939 1938
f 1938 1939 1940
f 1939 1941 1940
f 1940 1941 1942
f 1941 1943 1942
f 1942 1943 1944
f 1943 1945 1944
f 1944 1945 1946
f 1945 1947 1946
f 1946 1947 1948
f 1948 1947 1949
f 1947 1950 1949
f 1949 1950 1951
f 1950 1952 1951
f 1951 1952 1953
f 1952 1954 1953
f 1953 1954 1955
f 1954 1956 1955
f 1955 1956 1957
f 1956 1958 1957
f 1957 1958 1959
f 1958 1960 1959
f 1959 1960 1961
f 1960 1962 1961
f 1961 1962 1963
f 1962 1964 1963
f 1963 1964 1965
f 1964 1966 1965
f 1965 1966 1967
f 1966 1968 1967
f 1967 1968 1969
f 1968 1970 1969
f 1969 1970 1971
f 1970 1972 1971
f 1971 1972 1973
f 1972 1974 1973
f 1973 1974 1975
f 1974 1976 1975
f 1975 1976 1977
f 1976 1978 1977
f 1977 1978 1979
f 1979 1978 1980
f 1978 1981 1980
f 1980 1981 1982
f 1981 1983 1982
f 1983 1984 1982
f 1982 1984 1985
f 1984 1986 1985
f 1985 1986 1987
f 1986 1988 1987
f 1987 1988 1989
f 1988 1990 1989
f 1989 1990 1991
f 1990 1992 1991
f 1991 1992 1993
f 1992 1994 1993
f 1993 1994 1995
f 1994 1996 1995
f 1995 1996 1997
f 1996 1998 1997
f 1999 2000 2001
f 2000 2002 2001
f 2001 2002 2003
f 2002 1998 2003
f 2003 1998 2004
f 1998 1996 2004
f 2005 2006 2007
f 2006 2008 2007
f 2007 2008 2009
f 2008 2010 2009
f 2009 2010 2011
f 2010 2012 2011
f 2011 2012 2013
f 2012 2014 2013
f 2013 2014 2015
f 2014 2016 2015
f 2015 2016 2017
f 2016 2018 2017
f 2017 2018 2019
f 2018 2020 2019
f 2019 2020 2021
f 2020 2022 2021
f 2021 2022 2023
f 2022 2024 2023
f 2023 2024 2025
f 2024 2026 2025
f 2025 2026 2027
f 2026 2028 2027
f 2027 2028 2029
f 2028 2030 2029
f 2029 2030 2031
f 2030 2032 2031
f 2031 2032 2033
f 2032 2034 2033
f 2033 2034 1999
f 2034 2035 1999
f 1999 2035 2000
f 2007 2036 2005
f 2036 2037 2005
f 2005 2037 2038
f 2037 2039 2038
f 2038 2039 2040
f 2039 2041 2040
f 2040 2041 2042
f 2041 2043 2042
f 2042 2043 2044
f 2043 2045 2044
f 2044 2045 2046
f 2045 2047 2046
f 2046 2047 2048
f 2047 2049 2048
f 2048 2049 2050
f 2049 2051 2050
f 2050 2051 2052
f 2051 2053 2052
f 2051 2054 2053
f 2054 2055 2053
f 2053 2055 2056
f 2055 2057 2056
f 2056 2057 2058
f 2057 2059 2058
f 2058 2059 2060
f 2059 2061 2060
f 2060 2061 2062
f 2061 2063 2062
f 2062 2063 2064
f 2063 2065 2064
f 2064 2065 2066
f 2065 2067 2066
f 2066 2067 2068
f 2067 2069 2068
f 2068 2069 2070
f 2069 2071 2070
f 2070 2071 2072
f 2071 2073 2072
f 2072 2073 2074
f 2073 2075 2074
f 2074 2075 2076
f 2075 2077 2076
f 2076 2077 2078
f 2077 2079 2078
f 2078 2079 2080
f 2079 2081 2080
f 2080 2081 2082
f 2081 2083 2082
f 2082 2083 2084
f 2083 2085 2084
f 2084 2085 2086
f 2085 2087 2086
f 2086 2087 2088
f 2088 2087 2089
f 2087 2090 2089
f 2089 2090 2091
f 2090 2092 2091
f 2092 2093 2091
f 2091 2093 2094
f 2093 2095 2094
f 2094 2095 2096
f 2095 2097 2096
f 2096 2097 2098
f 2097 2099 2098
f 2098 2099 2100
f 2099 2101 2100
f 2100 2101 2102
f 2101 2103 2102
f 2102 2103 2104
f 2103 2105 2104
f 2104 2105 2106
f 2105 2107 2106
f 2106 2107 2108
f 2107 2109 2108
f 2108 2109 2110
f 2109 2111 2110
f 2110 2111 2112
f 2111 2113 2112
f 2112 2113 2114
f 2113 2115 2114
f 2116 2117 2118
f 2117 2119 2118
f 2118 2119 2120
f 2119 2121 2120
f 2120 2121 2122
f 2121 2123 2122
f 2122 2123 2115
f 2123 2124 2115
f 2115 2124 2114
f 2118 2125 2116
f 2125 2126 2116
f 2116 2126 2127
f 2126 2128 2127
f 2127 2128 2129
f 2128 2130 2129
f 2129 2130 2131
f 2130 2132 2131
f 2131 2132 2133
f 2132 2134 2133
f 2133 2134 2135
f 2134 2136 2135
f 2135 2136 2137
f 2136 2138 2137
f 2137 2138 2139
f 2138 2140 2139
f 2139 2140 2141
f 2141 2140 2142
f 2140 2143 2142
f 2142 2143 2144
f 2143 2145 2144
f 2145 2146 2144
f 2144 2146 2147
f 2146 2148 2147
f 2147 2148 2149
f 2148 2150 2149
f 2149 2150 2151
f 2150 2152 2151
f 2151 2152 2153
f 2152 2154 2153
f 2153 2154 2155
f 2154 2156 2155
f 2155 2156 2157
f 2156 2158 2157
f 2157 2158 2159
f 2158 2160 2159
f 2159 2160 2161
f 2160 2162 2161
f 2162 2163 2161
f 2161 2163 2164
f 2163 2165 2164
f 2164 2165 2166
f 2165 2167 2166
f 2166 2167 2168
f 2167 2169 2168
f 2168 2169 2170
f 2169 2171 2170
f 2170 2171 2172
f 2171 2173 2172
f 2172 2173 2174
f 2173 2175 2174
f 2174 2175 2176
f 2175 2177 2176
f 2176 2177 2178
f 2177 2179 2178
f 2178 2179 2180
f 2179 2181 2180
f 2180 2181 2182
f 2181 2183 2182
f 2182 2183 2184
f 2184 2183 2185
f 2183 2186 2185
f 2185 2186 2187
f 2186 2188 2187
f 2187 2188 2189
f 2188 2190 2189
f 2189 2190 2191
f 2190 2192 2191
f 2191 2192 2193
f 2192 2194 2193
f 2194 2195 2193
f 2193 2195 2196
f 2195 2197 2196
f 2196 2197 2198
f 2197 2199 2198
f 2198 2199 2200
f 2199 2201 2200
f 2200 2201 2202
f 2202 2201 2203
f 2201 2204 2203
f 2203 2204 2205
f 2204 2206 2205
f 2206 2207 2205
f 2205 2207 2208
f 2207 2209 2208
f 2208 2209 2210
f 2209 2211 2210
f 2210 2211 2212
f 2211 2213 2212
f 2212 2213 2214
f 2213 2215 2214
f 2214 2215 2216
f 2215 2217 2216
f 2216 2217 2218
f 2217 2219 2218
f 2218 2219 2220
f 2219 2221 2220
f 2220 2221 2222
f 2221 2223 2222
f 2221 2224 2223
f 2224 2225 2223
f 2223 2225 2226
f 2225 2227 2226
f 2228 2229 2230
f 2228 2230 2231
f 2230 2232 2231
f 2231 2232 2233
f 2232 2232 2233
f 2233 2232 2234
f 2232 2235 2234
f 2234 2235 2236
f 2235 2237 2236
f 2236 2237 2238
f 2237 2239 2238
f 2238 2239 2240
f 2239 2241 2240
f 2240 2241 2242
f 2241 2243 2242
f 2242 2243 2244
f 2243 2245 2244
f 2244 2245 2246
f 2245 2247 2246
f 2246 2247 2248
f 2247 2249 2248
f 2248 2249 2250
f 2249 2251 2250
f 2250 2251 2252
f 2251 2253 2252
f 2252 2253 2227
f 2253 2254 2227
f 2227 2254 2226
f 2229 2228 2255
f 2228 2256 2255
f 2255 2256 2257
f 2256 2258 2257
f 2258 2259 2257
f 2257 2259 2260
f 2259 2261 2260
f 16 15 2262
f 15 2263 2262
f 2262 2263 2264
f 2263 2265 2264
f 2264 2265 2266
f 2265 2267 2266
f 2266 2267 2268
f 2267 2269 2268
f 2268 2269 2270
f 2269 2271 2270
f 2270 2271 2261
f 2271 2272 2261
f 2261 2272 2260
f 14 16 2273
f 16 2274 2273
f 2273 2274 2275
f 2274 2276 2275
f 2276 2277 2275
f 2275 2277 2278
f 2277 2279 2278
f 2278 2279 2280
f 2279 2281 2280
f 2280 2281 2282
f 2281 2283 2282
f 2282 2283 2284
f 2283 2285 2284
f 2284 2285 2286
f 2285 2287 2286
f 2286 2287 2288
f 2287 2289 2288
f 2288 2289 2290
f 2289 2291 2290
f 2289 2292 2291
f 2292 2293 2291
f 2291 2293 2294
f 2293 2295 2294
f 2294 2295 2296
f 2295 2297 2296
f 2296 2297 2298
f 2297 2299 2298
f 2298 2299 2300
f 2299 2301 2300
f 2300 2301 2302
f 2301 2303 2302
f 2302 2303 2304
f 2303 2305 2304
f 2304 2305 2306
f 2307 2308 2309
f 2308 2310 2309
f 2309 2310 2311
f 2306 2305 2312
f 2305 2313 2312
f 2312 2313 2307
f 2313 2314 2307
f 2307 2314 2308
f 2311 2310 2315
f 2310 2316 2315
f 2315 2316 2317
f 2316 2318 2317
f 2317 2318 2319
f 2318 2320 2319
f 2319 2320 2321
f 2320 2322 2321
f 2321 2322 2323
f 2322 2324 2323
f 2323 2324 2325
f 2324 2326 2325
f 2325 2326 2327
f 2326 2328 2327
f 2327 2328 2329
f 2328 2330 2329
f 2329 2330 2331
f 2330 2332 2331
f 2331 2332 2333
f 2332 2334 2333
f 2333 2334 2335
f 2335 2334 2336
f 2334 2337 2336
f 2336 2337 2338
f 2337 2339 2338
f 2338 2339 2340
f 2339 2341 2340
f 2340 2341 2342
f 2341 2343 2342
f 2342 2343 2344
f 2344 2343 2345
f 2343 2346 2345
f 2345 2346 2347
f 2346 2348 2347
f 2348 2349 2347
f 2347 2349 2350
f 2349 2351 2350
f 2350 2351 2352
f 2351 2353 2352
f 2352 2353 2354
f 2353 2355 2354
f 2354 2355 2356
f 2355 2357 2356
f 2356 2357 2358
f 2357 2359 2358
f 2358 2359 2360
f 2359 2361 2360
f 2360 2361 2362
f 2361 2363 2362
f 2364 2365 2366
f 2365 2367 2366
f 2361 2368 2363
f 2368 2369 2363
f 2363 2369 2367
f 2369 2370 2367
f 2367 2370 2366
f 2371 2372 2373
f 2372 2374 2373
f 2373 2374 2375
f 2374 2376 2375
f 2375 2376 2377
f 2376 2378 2377
f 2377 2378 2379
f 2378 2380 2379
f 2379 2380 2381
f 2380 2382 2381
f 2381 2382 2383
f 2382 2384 2383
f 2383 2384 2385
f 2384 2386 2385
f 2385 2386 2387
f 2386 2388 2387
f 2387 2388 2389
f 2388 2390 2389
f 2389 2390 2391
f 2390 2392 2391
f 2391 2392 2393
f 2392 2394 2393
f 2393 2394 2395
f 2394 2396 2395
f 2395 2396 2397
f 2396 2398 2397
f 2397 2398 2399
f 2398 2400 2399
f 2399 2400 2364
f 2400 2401 2364
f 2364 2401 2365
f 2373 2402 2371
f 2402 2403 2371
f 2371 2403 2404
f 2403 2405 2404
f 2404 2405 2406
f 2405 2407 2406
f 2406 2407 2408
f 2407 2409 2408
f 2408 2409 2410
f 2409 2411 2410
f 2410 2411 2412
f 2411 2413 2412
f 2412 2413 2414
f 2413 2415 2414
f 2414 2415 2416
f 2415 2417 2416
f 2416 2417 2418
f 2417 2419 2418
f 2418 2419 2420
f 2419 2421 2420
f 2420 2421 2422
f 2421 2423 2422
f 2422 2423 2424
f 2423 2425 2424
f 2424 2425 2426
f 2425 2427 2426
f 2426 2427 2428
f 2427 2429 2428
f 2428 2429 2430
f 2429 2431 2430
f 2430 2431 2432
f 2431 2433 2432
f 2432 2433 2434
f 2433 2435 2434
f 2434 2435 2436
f 2435 2437 2436
f 2436 2437 2438
f 2437 2439 2438
f 2438 2439 2440
f 2439 2441 2440
f 2440 2441 2442
f 2441 2443 2442
f 2442 2443 2444
f 2443 2445 2444
f 2444 2445 2446
f 2445 2447 2446
f 2446 2447 2448
f 2447 2449 2448
f 2448 2449 2450
f 2449 2451 2450
f 2450 2451 2452
f 2451 2453 2452
f 2452 2453 2454
f 2454 2453 2455
f 2453 2456 2455
f 2455 2456 2457
f 2456 2458 2457
f 2458 2459 2457
f 2457 2459 2460
f 2459 2461 2460
f 2461 2462 2460
f 2460 2462 2463
f 2462 2464 2463
f 2463 2464 2465
f 2464 2466 2465
f 2465 2466 2467
f 2466 2468 2467
f 2467 2468 2469
f 2468 2470 2469
f 2469 2470 2471
f 2470 2472 2471
f 2471 2472 2473
f 2472 2474 2473
f 2472 2475 2474
f 2475 2476 2474
f 2474 2476 2477
f 2476 2478 2477
f 2477 2478 2479
f 2478 2480 2479
f 2479 2480 2481
f 2480 2482 2481
f 2481 2482 2483
f 2482 2484 2483
f 2483 2484 2485
f 2484 2486 2485
f 2485 2486 2487
f 2486 2488 2487
f 2487 2488 2489
f 2488 2490 2489
f 2489 2490 2491
f 2490 2492 2491
f 2492 2493 2491
f 2491 2493 2494
f 2493 2495 2494
f 2494 2495 2496
f 2495 2497 2496
f 2496 2497 2498
f 2497 2499 2498
f 2498 2499 2500
f 2499 2501 2500
f 2500 2501 2502
f 2501 2503 2502
f 2502 2503 2504
f 2505 2506 2507
f 2506 2508 2507
f 2507 2508 2509
f 2508 2510 2509
f 2509 2510 2511
f 2510 2512 2511
f 2511 2512 2513
f 2512 2514 2513
f 2513 2514 2515
f 2514 2516 2515
f 2515 2516 2517
f 2516 2518 2517
f 2517 2518 2519
f 2518 2520 2519
f 2519 2520 2521
f 2520 2522 2521
f 2521 2522 2523
f 2522 2524 2523
f 2523 2524 2525
f 2524 2526 2525
f 2525 2526 2527
f 2526 2528 2527
f 2527 2528 2529
f 2528 2530 2529
f 2529 2530 2531
f 2530 2532 2531
f 2531 2532 2533
f 2532 2534 2533
f 2533 2534 2535
f 2534 2536 2535
f 2535 2536 2537
f 2536 2538 2537
f 2537 2538 2539
f 2538 2540 2539
f 2539 2540 2541
f 2540 2504 2541
f 2541 2504 2541
f 2504 2503 2541
f 2542 2543 2544
f 2543 2545 2544
f 2544 2545 2546
f 2545 2547 2546
f 2546 2547 2548
f 2547 2549 2548
f 2548 2549 2550
f 2549 2551 2550
f 2550 2551 2552
f 2551 2553 2552
f 2552 2553 2554
f 2553 2555 2554
f 2554 2555 2556
f 2555 2557 2556
f 2556 2557 2558
f 2557 2559 2558
f 2558 2559 2560
f 2559 2561 2560
f 2560 2561 2562
f 2561 2563 2562
f 2562 2563 2564
f 2563 2565 2564
f 2564 2565 2566
f 2565 2567 2566
f 2566 2567 2568
f 2567 2569 2568
f 2568 2569 2570
f 2569 2571 2570
f 2570 2571 2505
f 2571 2572 2505
f 2505 2572 2506
f 2573 2574 2575
f 2574 2576 2575
f 2575 2576 2577
f 2576 2542 2577
f 2577 2542 2578
f 2542 2544 2578
f 2579 2580 2581
f 2580 2582 2581
f 2581 2582 2583
f 2582 2584 2583
f 2583 2584 2585
f 2584 2586 2585
f 2585 2586 2587
f 2586 2588 2587
f 2587 2588 2573
f 2588 2589 2573
f 2573 2589 2574
f 2581 2590 2579
f 2590 2591 2579
f 2579 2591 2592
f 2591 2593 2592
f 2592 2593 2594
f 2593 2595 2594
f 2594 2595 2596
f 2595 2597 2596
f 2598 2599 2600
f 2599 2601 2600
f 2600 2601 2602
f 2601 2603 2602
f 2602 2603 2604
f 2603 2605 2604
f 2604 2605 2606
f 2605 2607 2606
f 2606 2607 2608
f 2607 2609 2608
f 2608 2609 2610
f 2609 2611 2610
f 2610 2611 2597
f 2611 2612 2597
f 2597 2612 2596
f 2600 2613 2598
f 2613 2614 2598
f 2598 2614 2615
f 2614 2616 2615
f 2615 2616 2617
f 2616 2618 2617
f 2617 2618 2619
f 2618 2620 2619
f 2619 2620 2621
f 2620 2622 2621
f 2621 2622 2623
f 2622 2624 2623
f 2623 2624 2625
f 2624 2626 2625
f 2625 2626 2627
f 2628 2629 2630
f 2629 2631 2630
f 2627 2626 2631
f 2626 2632 2631
f 2631 2632 2630
f 2633 2634 2635
f 2634 2636 2635
f 2635 2636 2637
f 2636 2638 2637
f 2637 2638 2639
f 2638 2640 2639
f 2639 2640 2641
f 2640 2642 2641
f 2641 2642 2643
f 2642 2644 2643
f 2643 2644 2645
f 2644 2646 2645
f 2645 2646 2647
f 2646 2648 2647
f 2647 2648 2649
f 2648 2650 2649
f 2649 2650 2651
f 2650 2652 2651
f 2651 2652 2653
f 2652 2654 2653
f 2653 2654 2655
f 2654 2656 2655
f 2655 2656 2657
f 2656 2658 2657
f 2657 2658 2659
f 2658 2660 2659
f 2659 2660 2661
f 2660 2662 2661
f 2661 2662 2663
f 2662 2664 2663
f 2663 2664 2628
f 2664 2665 2628
f 2628 2665 2629
f 2635 2666 2633
f 2666 2667 2633
f 2633 2667 2668
f 2667 2669 2668
f 2668 2669 2670
f 2669 2671 2670
f 2670 2671 2672
f 2671 2673 2672
f 2673 2674 2672
f 2672 2674 2675
f 2674 2676 2675
f 2675 2676 2677
f 2676 2678 2677
f 2677 2678 2679
f 2678 2680 2679
f 2679 2680 2681
f 2681 2680 2682
f 2680 2683 2682
f 2682 2683 2684
f 2683 2685 2684
f 2685 2686 2684
f 2684 2686 2687
f 2686 2688 2687
f 2687 2688 2689
f 2688 2690 2689
f 2689 2690 2691
f 2690 2692 2691
f 2691 2692 2693
f 2692 2694 2693
f 2693 2694 2695
f 2694 2696 2695
f 2695 2696 2697
f 2696 2698 2697
f 2697 2698 2699
f 2698 2700 2699
f 2699 2700 2701
f 2700 2702 2701
f 2701 2702 2703
f 2702 2704 2703
f 2703 2704 2705
f 2704 2706 2705
f 2705 2706 2707
f 2706 2708 2707
f 2707 2708 2709
f 2708 2710 2709
f 2709 2710 2711
f 2710 2712 2711
f 2711 2712 2713
f 2712 2714 2713
f 2713 2714 2715
f 2714 2716 2715
f 2715 2716 2717
f 2716 2718 2717
f 2717 2718 2719
f 2718 2720 2719
f 2719 2720 2721
f 2720 2722 2721
f 2721 2722 2723
f 2722 2724 2723
f 2723 2724 2725
f 2724 2726 2725
f 2725 2726 2727
f 2726 2728 2727
f 2726 2729 2728
f 2729 2730 2728
f 2728 2730 2731
f 2730 2732 2731
f 2731 2732 2733
f 2733 2732 2734
f 2732 2735 2734
f 2734 2735 2736
f 2735 2737 2736
f 2737 2738 2736
f 2736 2738 2739
f 2738 2740 2739
f 2739 2740 2741
f 2740 2742 2741
f 2741 2742 2743
f 2742 2744 2743
f 2743 2744 2745
f 2744 2746 2745
f 2745 2746 2747
f 2746 2748 2747
f 2747 2748 2749
f 2748 2750 2749
f 2749 2750 2751
f 2750 2752 2751
f 2751 2752 2753
f 2753 2752 2754
f 2752 2755 2754
f 2754 2755 2756
f 2755 2757 2756
f 2757 2758 2756
f 2756 2758 2759
f 2758 2760 2759
f 2761 2762 2763
f 2762 2764 2763
f 2763 2764 2765
f 2764 2766 2765
f 2765 2766 2767
f 2766 2768 2767
f 2767 2768 2769
f 2768 2770 2769
f 2769 2770 2771
f 2770 2772 2771
f 2771 2772 2760
f 2772 2773 2760
f 2760 2773 2759
f 2763 2774 2761
f 2774 2775 2761
f 2761 2775 2776
f 2775 2777 2776
f 2776 2777 2778
f 2777 2779 2778
f 2778 2779 2780
f 2779 2781 2780
f 2780 2781 2782
f 2781 2783 2782
f 2782 2783 2784
f 2783 2785 2784
f 2784 2785 2786
f 2785 2787 2786
f 2786 2787 2788
f 2788 2787 2789
f 2787 2790 2789
f 2789 2790 2791
f 2790 2792 2791
f 2792 2793 2791
f 2791 2793 2794
f 2793 2795 2794
f 2794 2795 2796
f 2795 2797 2796
f 2796 2797 2798
f 2797 2799 2798
f 2798 2799 2800
f 2799 2801 2800
f 2800 2801 2802
f 2801 2803 2802
f 2802 2803 2804
f 2803 2805 2804
f 2804 2805 2806
f 2805 2807 2806
f 2806 2807 2808
f 2807 2809 2808
f 2808 2809 2810
f 2809 2811 2810
f 2810 2811 2812
f 2811 2813 2812
f 2812 2813 2814
f 2814 2813 2815
f 2813 2816 2815
f 2815 2816 2817
f 2816 2818 2817
f 2817 2818 2819
f 2818 2820 2819
f 2819 2820 2821
f 2820 2822 2821
f 2821 2822 2823
f 2822 2824 2823
f 2823 2824 2825
f 2824 2826 2825
f 2825 2826 2827
f 2826 2828 2827
f 2828 2829 2827
f 2827 2829 2830
f 2829 2831 2830
f 2830 2831 2832
f 2831 2833 2832
f 2832 2833 2834
f 2833 2835 2834
f 2834 2835 2836
f 2835 2837 2836
f 2836 2837 2838
f 2837 2839 2838
f 2838 2839 2840
f 2839 2841 2840
f 2840 2841 2842
f 2841 2843 2842
f 2842 2843 2844
f 2843 2845 2844
f 2844 2845 2846
f 2845 2847 2846
f 2846 2847 2848
f 2847 2849 2848
f 2848 2849 2850
f 2849 2851 2850
f 2850 2851 2852
f 2851 2853 2852
f 2852 2853 2854
f 2853 2855 2854
f 2854 2855 2856
f 2855 2857 2856
f 2858 2859 2860
f 2859 2861 2860
f 2860 2861 2862
f 2861 2863 2862
f 2862 2863 2864
f 2863 2865 2864
f 2864 2865 2866
f 2865 2867 2866
f 2866 2867 2868
f 2867 2869 2868
f 2868 2869 2870
f 2869 2871 2870
f 2870 2871 2857
f 2871 2872 2857
f 2857 2872 2856
f 2860 2873 2858
f 2873 2874 2858
f 2858 2874 2875
f 2874 2876 2875
f 2875 2876 2877
f 2876 2878 2877
f 2877 2878 2879
f 2878 2880 2879
f 2879 2880 2881
f 2880 2882 2881
f 2881 2882 2883
f 2882 2884 2883
f 2883 2884 2885
f 2884 2886 2885
f 2885 2886 2887
f 2887 2886 2888
f 2886 2889 2888
f 2888 2889 2890
f 2889 2891 2890
f 2891 2892 2890
f 2890 2892 2893
f 2892 2894 2893
f 2893 2894 2895
f 2894 2896 2895
f 2895 2896 2897
f 2896 2898 2897
f 2897 2898 2899
f 2898 2900 2899
f 2899 2900 2901
f 2900 2902 2901
f 2901 2902 2903
f 2902 2904 2903
f 2903 2904 2905
f 2904 2906 2905
f 2905 2906 2907
f 2906 2908 2907
f 2907 2908 2909
f 2908 2910 2909
f 2909 2910 2911
f 2910 2912 2911
f 2911 2912 2913
f 2912 2914 2913
f 2913 2914 2915
f 2914 2916 2915
f 2915 2916 2915
f 2916 2917 2915
f 2915 2917 2918
f 2917 2919 2918
f 2918 2919 2920
f 2919 2921 2920
f 2920 2921 2922
f 2921 2923 2922
f 2922 2923 2924
f 2923 2925 2924
f 2924 2925 2926
f 2925 2927 2926
f 2926 2927 2928
f 2927 2929 2928
f 2928 2929 2930
f 2929 2931 2930
f 2930 2931 2932
f 2931 2933 2932
f 2932 2933 2934
f 2933 2935 2934
f 2934 2935 2936
f 2935 2937 2936
f 2936 2937 2938
f 2937 2939 2938
f 2938 2939 2940
f 2939 2941 2940
f 2939 2942 2941
f 2942 2943 2941
f 2941 2943 2944
f 2943 2945 2944
f 2944 2945 2946
f 2945 2947 2946
f 2946 2947 2948
f 2947 2949 2948
f 2948 2949 2950
f 2949 2951 2950
f 2950 2951 2952
f 2951 2953 2952
f 2952 2953 2954
f 2953 2955 2954
f 2954 2955 2956
f 2955 2957 2956
f 2956 2957 2958
f 2957 2959 2958
f 2958 2959 2960
f 2959 2961 2960
f 2960 2961 2962
f 2961 2963 2962
f 2962 2963 2964
f 2963 2965 2964
f 2964 2965 2966
f 2965 2967 2966
f 2966 2967 2968
f 2967 2969 2968
f 2968 2969 2970
f 2969 2971 2970
f 2970 2971 2972
f 2971 2973 2972
f 2972 2973 2974
f 2973 2975 2974
f 2974 2975 2976
f 2975 2977 2976
f 2975 2978 2977
f 2978 2979 2977
f 2977 2979 2980
f 2979 2981 2980
f 2980 2981 2982
f 2981 2983 2982
f 2982 2983 2984
f 2983 2985 2984
f 2984 2985 2986
f 2985 2987 2986
f 2986 2987 2988
f 2987 2989 2988
f 2988 2989 2990
f 2989 2991 2990
f 2990 2991 2992
f 2992 2991 2993
f 2991 2994 2993
f 2993 2994 2995
f 2994 2996 2995
f 2996 2997 2995
f 2995 2997 2998
f 2997 2999 2998
f 2998 2999 3000
f 2999 3001 3000
f 3000 3001 3002
f 3001 3003 3002
f 3002 3003 3004
f 3003 3005 3004
f 3004 3005 3006
f 3005 3007 3006
f 3006 3007 3008
f 3007 3009 3008
f 3008 3009 3010
f 3009 3011 3010
f 3010 3011 3012
f 3011 3013 3012
f 3014 3015 3016
f 3015 3013 3016
f 3016 3013 3017
f 3013 3011 3017
f 3018 3019 3020
f 3019 3021 3020
f 3020 3021 3022
f 3021 3023 3022
f 3022 3023 3024
f 3023 3025 3024
f 3024 3025 3026
f 3025 3027 3026
f 3026 3027 3028
f 3027 3029 3028
f 3028 3029 3030
f 3029 3031 3030
f 3030 3031 3032
f 3031 3033 3032
f 3032 3033 3034
f 3033 3035 3034
f 3034 3035 3036
f 3035 3037 3036
f 3036 3037 3038
f 3037 3039 3038
f 3038 3039 3040
f 3039 3041 3040
f 3040 3041 3042
f 3041 3043 3042
f 3042 3043 3044
f 3043 3045 3044
f 3044 3045 3046
f 3045 3047 3046
f 3046 3047 3014
f 3047 3048 3014
f 3014 3048 3015
f 3049 3050 3051
f 3050 3052 3051
f 3051 3052 3053
f 3052 3054 3053
f 3053 3054 3055
f 3054 3056 3055
f 3055 3056 3057
f 3056 3058 3057
f 3057 3058 3059
f 3058 3060 3059
f 3059 3060 3061
f 3060 3062 3061
f 3061 3062 3063
f 3062 3018 3063
f 3063 3018 3064
f 3018 3020 3064
f 3051 3065 3049
f 3065 3066 3049
f 3049 3066 3067
f 3066 3068 3067
f 3067 3068 3069
f 3068 3070 3069
f 3069 3070 3071
f 3070 3072 3071
f 3073 3074 3075
f 3074 3076 3075
f 3075 3076 3077
f 3076 3078 3077
f 3077 3078 3079
f 3078 3080 3079
f 3079 3080 3081
f 3080 3082 3081
f 3081 3082 3083
f 3082 3084 3083
f 3083 3084 3085
f 3084 3086 3085
f 3085 3086 3072
f 3086 3087 3072
f 3072 3087 3071
f 3075 3088 3073
f 3088 3089 3073
f 3073 3089 3090
f 3089 3091 3090
f 3090 3091 3092
f 3091 3093 3092
f 3092 3093 3094
f 3093 3095 3094
f 3094 3095 3096
f 3095 3097 3096
f 3096 3097 3098
f 3097 3099 3098
f 3098 3099 3100
f 3099 3101 3100
f 3100 3101 3102
f 3101 3103 3102
f 3101 3104 3103
f 3104 3105 3103
f 3103 3105 3106
f 3105 3107 3106
f 3106 3107 3108
f 3107 3109 3108
f 3108 3109 3110
f 3109 3111 3110
f 3110 3111 3112
f 3111 3113 3112
f 3112 3113 3114
f 3113 3115 3114
f 3114 3115 3116
f 3115 3117 3116
f 3116 3117 3118
f 3117 3119 3118
f 3118 3119 3120
f 3119 3121 3120
f 3120 3121 3122
f 3121 3123 3122
f 3122 3123 3124
f 3123 3125 3124
f 3124 3125 3126
f 3125 3127 3126
f 3126 3127 3128
f 3127 3129 3128
f 3128 3129 3130
f 3129 3131 3130
f 3130 3131 3132
f 3131 3133 3132
f 3132 3133 3134
f 3133 3135 3134
f 3134 3135 3136
f 3135 3137 3136
f 3136 3137 3138
f 3137 3139 3138
f 3137 3140 3139
f 3140 3141 3139
f 3139 3141 3142
f 3141 3143 3142
f 3142 3143 3144
f 3143 3145 3144
f 3144 3145 3146
f 3145 3147 3146
f 3146 3147 3148
f 3147 3149 3148
f 3148 3149 3150
f 3149 3151 3150
f 3150 3151 3152
f 3151 3153 3152
f 3152 3153 3154
f 3153 3155 3154
f 3154 3155 3156
f 3155 3157 3156
f 3157 3158 3156
f 3158 3159 3156
f 3156 3159 3160
f 3159 3161 3160
f 3160 3161 3162
f 3161 3163 3162
f 3162 3163 3164
f 3163 3165 3164
f 3164 3165 3166
f 3165 3167 3166
f 3166 3167 3168
f 3167 3169 3168
f 3168 3169 3170
f 3169 3171 3170
f 3170 3171 3172
f 3171 3173 3172
f 3172 3173 3174
f 3173 3175 3174
f 3174 3175 3176
f 3175 3177 3176
f 3176 3177 3178
f 3177 3179 3178
f 3178 3179 3180
f 3180 3179 3181
f 3179 3182 3181
f 3181 3182 3183
f 3182 3184 3183
f 3183 3184 3185
f 3184 3186 3185
f 3185 3186 3187
f 3186 3188 3187
f 3187 3188 3189
f 3188 3190 3189
f 3189 3190 3191
f 3190 3192 3191
f 3191 3192 3193
f 3192 3194 3193
f 3194 3195 3193
f 3193 3195 3196
f 3195 3197 3196
f 3196 3197 3198
f 3198 3197 3199
f 3197 3200 3199
f 3199 3200 3201
f 3200 3202 3201
f 3202 3203 3201
f 3201 3203 3204
f 3203 3205 3204
f 3204 3205 3206
f 3205 3207 3206
f 3206 3207 3208
f 3207 3209 3208
f 3208 3209 3210
f 3209 3211 3210
f 3210 3211 3212
f 3211 3213 3212
f 3212 3213 3214
f 3213 3215 3214
f 3214 3215 3216
f 3215 3217 3216
f 3215 3218 3217
f 3218 3219 3217
f 3217 3219 3220
f 3219 3221 3220
f 3220 3221 3222
f 3221 3223 3222
f 3222 3223 3224
f 3223 3225 3224
f 3224 3225 3226
f 3225 3227 3226
f 3226 3227 3228
f 3227 3229 3228
f 3228 3229 3230
f 3229 3231 3230
f 3230 3231 3232
f 3231 3233 3232
f 3232 3233 3234
f 3233 3235 3234
f 3234 3235 3236
f 3235 3237 3236
f 3236 3237 3238
f 3237 3239 3238
f 3238 3239 3240
f 3239 3241 3240
f 3240 3241 3242
f 3241 3243 3242
f 3242 3243 3244
f 3243 3245 3244
f 3244 3245 3244
f 3245 3246 3244
f 3244 3246 3247
f 3246 3248 3247
f 3247 3248 3249
f 3249 3248 3250
f 3248 3251 3250
f 3250 3251 3252
f 3253 3254 3255
f 3254 3256 3255
f 3255 3256 3257
f 3256 3258 3257
f 3257 3258 3259
f 3258 3260 3259
f 3259 3260 3261
f 3260 3262 3261
f 3261 3262 3263
f 3262 3264 3263
f 3263 3264 3265
f 3264 3266 3265
f 3265 3266 3267
f 3266 3268 3267
f 3267 3268 3269
f 3268 3270 3269
f 3269 3270 3271
f 3270 3252 3271
f 3271 3252 3272
f 3252 3251 3272
f 3273 3274 3275
f 3274 3276 3275
f 3275 3276 3277
f 3276 3278 3277
f 3277 3278 3279
f 3278 3280 3279
f 3279 3280 3281
f 3280 3282 3281
f 3281 3282 3283
f 3282 3284 3283
f 3283 3284 3285
f 3284 3286 3285
f 3285 3286 3287
f 3286 3288 3287
f 3287 3288 3253
f 3288 3289 3253
f 3253 3289 3254
f 3275 3290 3273
f 3290 3291 3273
f 3273 3291 3292
f 3291 3293 3292
f 3292 3293 3294
f 3293 3295 3294
f 3294 3295 3296
f 3295 3297 3296
f 3296 3297 3298
f 3297 3299 3298
f 3298 3299 3300
f 3299 3301 3300
f 3300 3301 3302
f 3301 3303 3302
f 3302 3303 3304
f 3304 3303 3305
f 3303 3306 3305
f 3305 3306 3307
f 3306 3308 3307
f 3308 3309 3307
f 3307 3309 3310
f 3309 3311 3310
f 3310 3311 3312
f 3311 3313 3312
f 3312 3313 3314
f 3313 3315 3314
f 3314 3315 3316
f 3315 3317 3316
f 3316 3317 3318
f 3317 3319 3318
f 3318 3319 3320
f 3319 3321 3320
f 3320 3321 3322
f 3321 3323 3322
f 3324 3325 3326
f 3325 3327 3326
f 3326 3327 3328
f 3327 3323 3328
f 3328 3323 3329
f 3323 3321 3329
f 3330 3331 3332
f 3331 3333 3332
f 3332 3333 3334
f 3333 3335 3334
f 3334 3335 3336
f 3335 3337 3336
f 3336 3337 3338
f 3337 3339 3338
f 3338 3339 3340
f 3339 3341 3340
f 3340 3341 3342
f 3341 3343 3342
f 3342 3343 3324
f 3343 3344 3324
f 3324 3344 3325
f 3332 3345 3330
f 3345 3346 3330
f 3330 3346 3347
f 3346 3348 3347
f 3347 3348 3349
f 3348 3350 3349
f 3349 3350 3351
f 3350 3352 3351
f 3351 3352 3353
f 3352 3354 3353
f 3353 3354 3355
f 3354 3356 3355
f 3355 3356 3357
f 3356 3358 3357
f 3357 3358 3359
f 3358 3360 3359
f 3358 3361 3360
f 3361 3362 3360
f 3360 3362 3363
f 3362 3364 3363
f 3363 3364 3365
f 3364 3366 3365
f 3365 3366 3367
f 3366 3368 3367
f 3367 3368 3369
f 3368 3370 3369
f 3369 3370 3371
f 3370 3372 3371
f 3371 3372 3373
f 3372 3374 3373
f 3373 3374 3375
f 3374 3376 3375
f 3375 3376 3377
f 3376 3378 3377
f 3377 3378 3379
f 3378 3380 3379
f 3379 3380 3381
f 3380 3382 3381
f 3381 3382 3383
f 3382 3384 3383
f 3383 3384 3385
f 3384 3386 3385
f 3385 3386 3387
f 3386 3388 3387
f 3387 3388 3389
f 3388 3390 3389
f 3389 3390 3391
f 3390 3392 3391
f 3391 3392 3393
f 3392 3394 3393
f 3393 3394 3395
f 3394 3396 3395
f 3395 3396 3397
f 3396 3398 3397
f 3397 3398 3399
f 3398 3400 3399
f 3399 3400 3401
f 3400 3402 3401
f 3401 3402 3403
f 3402 3404 3403
f 3403 3404 3405
f 3404 3406 3405
f 3405 3406 3407
f 3406 3408 3407
f 3407 3408 3409
f 3408 3410 3409
f 3409 3410 3411
f 3410 3412 3411
f 3411 3412 3413
f 3412 3414 3413
f 3415 3416 3417
f 3416 3418 3417
f 3417 3418 3419
f 3418 3420 3419
f 3419 3420 3421
f 3420 3422 3421
f 3421 3422 3423
f 3422 3424 3423
f 3423 3424 3425
f 3424 3426 3425
f 3425 3426 3427
f 3426 3428 3427
f 3427 3428 3429
f 3428 3430 3429
f 3429 3430 3431
f 3430 3432 3431
f 3431 3432 3433
f 3432 3434 3433
f 3433 3434 3435
f 3434 3414 3435
f 3435 3414 3436
f 3414 3412 3436
f 3437 3438 3439
f 3438 3440 3439
f 3439 3440 3441
f 3440 3442 3441
f 3441 3442 3443
f 3442 3444 3443
f 3443 3444 3445
f 3444 3446 3445
f 3445 3446 3447
f 3446 3448 3447
f 3447 3448 3449
f 3448 3450 3449
f 3449 3450 3415
f 3450 3451 3415
f 3415 3451 3416
f 3439 3452 3437
f 3452 3453 3437
f 3437 3453 3454
f 3453 3455 3454
f 3454 3455 3456
f 3455 3457 3456
f 3456 3457 3458
f 3457 3459 3458
f 3458 3459 3460
f 3459 3461 3460
f 3460 3461 3462
f 3461 3463 3462
f 3462 3463 3464
f 3463 3465 3464
f 3464 3465 3466
f 3466 3465 3467
f 3465 3468 3467
f 3467 3468 3469
f 3468 3470 3469
f 3470 3471 3469
f 3469 3471 3472
f 3471 3473 3472
f 3472 3473 3474
f 3473 3475 3474
f 3474 3475 3476
f 3475 3477 3476
f 3476 3477 3478
f 3477 3479 3478
f 3478 3479 3480
f 3479 3481 3480
f 3480 3481 3482
f 3481 3483 3482
f 3482 3483 3484
f 3483 3485 3484
f 3484 3485 3486
f 11 13 3487
f 3485 3488 3486
f 3488 3489 3486
f 3486 3489 3490
f 3489 3491 3490
f 3490 3491 3492
f 3491 3493 3492
f 3492 3493 3494
f 3493 3495 3494
f 3494 3495 3496
f 3495 3497 3496
f 3496 3497 3498
f 3497 3487 3498
f 3498 3487 3499
f 3487 3487 3499
f 3499 3487 3500
f 3487 13 3500
f 8 10 12
f 10 3501 12
f 12 3501 13
f 7 6 3502
f 6 3503 3502
f 3502 3503 3504
f 3503 3505 3504
f 3504 3505 3506
f 3505 3507 3506
f 3506 3507 3508
f 3507 3509 3508
f 3508 3509 3510
f 3509 3511 3510
f 3510 3511 3512
f 3511 3513 3512
f 3512 3513 3514
f 3513 3515 3514
f 3514 3515 9
f 3515 3516 9
f 9 3516 10
f 3517 3518 3519
f 5 7 3520
f 7 3521 3520
f 3520 3521 3522
f 3521 3523 3522
f 3522 3523 3518
f 3523 3524 3518
f 3518 3524 3519
f 3519 3525 3517
f 3525 3526 3517
f 3517 3526 3527
f 3526 3528 3527
f 3527 3528 3529
f 3528 3530 3529
f 3529 3530 3531
f 3530 3532 3531
f 3531 3532 3533
f 3532 3534 3533
f 3533 3534 3535
f 3535 3534 3536
f 3534 3537 3536
f 3536 3537 3538
f 3537 3539 3538
f 3538 3539 3540
f 3539 3541 3540
f 3541 3542 3540
f 3540 3542 3543
f 3542 3544 3543
f 3543 3544 3545
f 3544 3546 3545
f 3545 3546 3547
f 3546 3548 3547
f 3547 3548 3549
f 3548 3550 3549
f 3549 3550 3551
f 3550 3552 3551
f 3553 3554 3555
f 3554 3556 3555
f 3555 3556 3557
f 3556 3558 3557
f 3557 3558 3552
f 3558 3559 3552
f 3552 3559 3551
f 3553 3560 3554
f 3560 3561 3554
f 3554 3561 3562
f 3561 3563 3562
f 3562 3563 3564
f 3563 3565 3564
f 3564 3565 3566
f 3565 3567 3566
f 3566 3567 3568
f 3567 3569 3568
f 3568 3569 3570
f 3569 3571 3570
f 3570 3571 3572
f 3572 3571 3573
f 3571 3574 3573
f 3573 3574 3575
f 3574 3576 3575
f 3575 3576 3577
f 3576 3578 3577
f 3578 3579 3577
f 3577 3579 3580
f 3579 3581 3580
f 3580 3581 3582
f 3581 3583 3582
f 3582 3583 3584
f 3583 3585 3584
f 3584 3585 3586
f 3585 3587 3586
f 3586 3587 3588
f 3587 3589 3588
f 3590 3591 3592
f 3591 3593 3592
f 3592 3593 3594
f 3593 3595 3594
f 3594 3595 3589
f 3595 3596 3589
f 3589 3596 3588
f 3592 3597 3590
f 3597 3597 3590
f 3590 3597 3598
f 3597 3599 3598
f 3598 3599 3600
f 3599 3601 3600
f 3600 3601 3602
f 3601 3603 3602
f 3602 3603 3604
f 3603 3605 3604
f 3604 3605 3606
f 3605 3607 3606
f 3606 3607 3608
f 3608 3607 3609
f 3607 3610 3609
f 3609 3610 3611
f 3610 3612 3611
f 3611 3612 3613
f 3612 3614 3613
f 3614 3615 3613
f 3613 3615 3616
f 3615 3617 3616
f 3616 3617 3618
f 3617 3619 3618
f 3619 3620 3618
f 3618 3620 3621
f 3620 3622 3621
f 3621 3622 3623
f 3622 3624 3623
f 3623 3624 3625
f 3624 3626 3625
f 3625 3626 3627
f 3626 3628 3627
f 3627 3628 3629
f 3628 3630 3629
f 3630 3631 3629
f 3629 3631 3632
f 3631 3633 3632
f 3632 3633 3634
f 3633 3635 3634
f 3633 3636 3635
f 3636 3637 3635
f 3635 3637 3638
f 3638 3637 3639
f 3637 3640 3639
f 3639 3640 3641
f 3640 3642 3641
f 3642 3643 3641
f 3641 3643 3644
f 3645 3646 3647
f 3646 3644 3647
f 3647 3644 3648
f 3644 3643 3648
f 3645 3649 3646
f 3649 3650 3646
f 3646 3650 3651
f 3650 3652 3651
f 3652 3653 3651
f 3651 3653 3654
f 3655 3656 3657
f 3656 3654 3657
f 3657 3654 3658
f 3654 3653 3658
f 3655 3659 3656
f 3659 3660 3656
f 3656 3660 3661
f 3660 3662 3661
f 3662 3663 3661
f 3661 3663 3664
f 3663 3665 3664
f 3665 3666 3664
f 3664 3666 4
f 3666 3667 4
f 4 3667 3
f 3668 3669 3670
f 3669 3671 3670
f 3672 3673 3674
f 3675 3676 3677
f 3678 3679 3680
f 3681 3682 3683
f 3684 3685 3686
f 3685 3687 3686
f 3686 3687 3688
f 3687 3689 3688
f 3684 3686 3690
f 3686 3691 3690
f 3690 3691 3692
f 3693 3694 3695
f 3695 3696 3693
f 3696 3697 3693
f 3693 3697 3691
f 3697 3698 3691
f 3691 3698 3692
f 3699 3700 3701
f 3700 3702 3701
f 3701 3702 3694
f 3702 3703 3694
f 3694 3703 3695
f 3699 3701 3704
f 3701 3705 3704
f 3704 3705 3706
f 3705 3707 3706
f 3706 3707 3708
f 3708 3707 3709
f 3707 3710 3709
f 3709 3710 3711
f 3712 3713 3714
f 3713 3715 3714
f 3715 3716 3714
f 3716 3716 3714
f 3714 3716 3710
f 3716 3717 3710
f 3710 3717 3711
f 3718 3719 3720
f 3718 3720 3721
f 3720 3722 3721
f 3722 3723 3721
f 3721 3723 3712
f 3723 3724 3712
f 3712 3724 3713
f 3725 3726 3727
f 3726 3728 3727
f 3727 3728 3718
f 3728 3729 3718
f 3718 3729 3719
f 3730 3731 3732
f 3731 3733 3732
f 3732 3733 3725
f 3733 3734 3725
f 3725 3734 3726
f 3730 3732 3735
f 3732 3736 3735
f 3735 3736 3737
f 3736 3738 3737
f 3738 3739 3737
f 3737 3739 3740
f 3739 3741 3740
f 3740 3741 3742
f 3741 3743 3742
f 3742 3743 3744
f 3743 3745 3744
f 3744 3745 3746
f 3745 3747 3746
f 3746 3747 3748
f 3747 3749 3748
f 3748 3749 3750
f 3749 3751 3750
f 3750 3751 3752
f 3752 3751 3753
f 3751 3754 3753
f 3753 3754 3755
f 3754 3756 3755
f 3755 3756 3757
f 3758 3759 3760
f 3759 3761 3760
f 3760 3761 3762
f 3761 3763 3762
f 3762 3763 3764
f 3763 3765 3764
f 3764 3765 3766
f 3765 3767 3766
f 3766 3767 3768
f 3767 3769 3768
f 3768 3769 3770
f 3769 3757 3770
f 3770 3757 3771
f 3757 3756 3771
f 3760 3772 3758
f 3772 3773 3758
f 3758 3773 3774
f 3773 3775 3774
f 3774 3775 3776
f 3777 3778 3779
f 3778 3780 3779
f 3779 3780 3781
f 3776 3775 3782
f 3775 3783 3782
f 3782 3783 3784
f 3783 3785 3784
f 3784 3785 3786
f 3785 3787 3786
f 3786 3787 3788
f 3787 3789 3788
f 3788 3789 3790
f 3789 3791 3790
f 3790 3791 3792
f 3791 3793 3792
f 3792 3793 3794
f 3793 3795 3794
f 3794 3795 3796
f 3795 3797 3796
f 3796 3797 3798
f 3797 3799 3798
f 3798 3799 3800
f 3799 3801 3800
f 3800 3801 3802
f 3801 3803 3802
f 3802 3803 3804
f 3803 3805 3804
f 3804 3805 3806
f 3805 3807 3806
f 3806 3807 3777
f 3807 3808 3777
f 3777 3808 3778
f 3781 3780 3809
f 3780 3810 3809
f 3809 3810 3811
f 3810 3812 3811
f 3811 3812 3813
f 3812 3814 3813
f 3813 3814 3815
f 3814 3816 3815
f 3815 3816 3817
f 3816 3818 3817
f 3817 3818 3819
f 3818 3820 3819
f 3820 3821 3819
f 3819 3821 3822
f 3821 3823 3822
f 3822 3823 3824
f 3824 3823 3825
f 3823 3826 3825
f 3825 3826 3827
f 3826 3828 3827
f 3827 3828 3829
f 3828 3830 3829
f 3829 3830 3831
f 3830 3832 3831
f 3831 3832 3833
f 3832 3834 3833
f 3833 3834 3835
f 3834 3836 3835
f 3835 3836 3837
f 3836 3838 3837
f 3837 3838 3839
f 3838 3840 3839
f 3839 3840 3841
f 3840 3842 3841
f 3841 3842 3843
f 3842 3844 3843
f 3843 3844 3845
f 3844 3846 3845
f 3845 3846 3847
f 3846 3848 3847
f 3847 3848 3849
f 3848 3850 3849
f 3849 3850 3851
f 3850 3852 3851
f 3851 3852 3853
f 3852 3854 3853
f 3853 3854 3855
f 3854 3856 3855
f 3855 3856 3857
f 3856 3858 3857
f 3857 3858 3859
f 3858 3860 3859
f 3859 3860 3861
f 3860 3862 3861
f 3861 3862 3863
f 3862 3864 3863
f 3863 3864 3865
f 3864 3866 3865
f 3865 3866 3867
f 3866 3868 3867
f 3867 3868 3869
f 3868 3870 3869
f 3869 3870 3871
f 3870 3872 3871
f 3871 3872 3873
f 3874 3875 3876
f 3875 3877 3876
f 3876 3877 3878
f 3877 3873 3878
f 3878 3873 3879
f 3873 3872 3879
f 3876 3880 3874
f 3880 3881 3874
f 3874 3881 3882
f 3881 3883 3882
f 3882 3883 3884
f 3883 3885 3884
f 3884 3885 3886
f 3885 3887 3886
f 3886 3887 3888
f 3887 3889 3888
f 3888 3889 3890
f 3889 3891 3890
f 3890 3891 3892
f 3891 3893 3892
f 3891 3894 3893
f 3894 3895 3893
f 3893 3895 3896
f 3895 3897 3896
f 3896 3897 3898
f 3897 3899 3898
f 3899 3900 3898
f 3898 3900 3901
f 3900 3902 3901
f 3901 3902 3903
f 3902 3902 3903
f 3903 3902 3903
f 3902 3904 3903
f 3903 3904 3905
f 3904 3906 3905
f 3907 3908 3909
f 3908 3910 3909
f 3909 3910 3911
f 3910 3906 3911
f 3911 3906 3912
f 3906 3904 3912
f 3909 3913 3907
f 3913 3914 3907
f 3907 3914 3915
f 3914 3914 3915
f 3915 3914 3915
f 3914 3916 3915
f 3915 3916 3917
f 3916 3918 3917
f 3917 3918 3919
f 3918 3920 3919
f 3919 3920 3921
f 3920 3922 3921
f 3921 3922 3923
f 3922 3924 3923
f 3923 3924 3925
f 3924 3926 3925
f 3925 3926 3927
f 3926 3928 3927
f 3927 3928 3929
f 3929 3928 3930
f 3928 3931 3930
f 3930 3931 3932
f 3931 3933 3932
f 3932 3933 3934
f 3933 3935 3934
f 3934 3935 3936
f 3935 3937 3936
f 3936 3937 3938
f 3937 3939 3938
f 3938 3939 3940
f 3939 3941 3940
f 3940 3941 3942
f 3941 3943 3942
f 3942 3943 3944
f 3943 3945 3944
f 3944 3945 3946
f 3945 3947 3946
f 3946 3947 3948
f 3947 3949 3948
f 3948 3949 3950
f 3949 3951 3950
f 3950 3951 3952
f 3951 3953 3952
f 3952 3953 3954
f 3953 3955 3954
f 3954 3955 3956
f 3955 3957 3956
f 3956 3957 3958
f 3957 3959 3958
f 3958 3959 3960
f 3959 3961 3960
f 3960 3961 3962
f 3961 3963 3962
f 3962 3963 3964
f 3963 3965 3964
f 3964 3965 3966
f 3965 3967 3966
f 3966 3967 3968
f 3967 3969 3968
f 3968 3969 3970
f 3969 3971 3970
f 3970 3971 3972
f 3971 3973 3972
f 3972 3973 3974
f 3973 3975 3974
f 3974 3975 3976
f 3975 3977 3976
f 3977 3978 3976
f 3976 3978 3979
f 3978 3980 3979
f 3979 3980 3981
f 3981 3980 3982
f 3980 3983 3982
f 3982 3983 3984
f 3983 3985 3984
f 3984 3985 3986
f 3985 3987 3986
f 3986 3987 3988
f 3987 3989 3988
f 3988 3989 3990
f 3989 3991 3990
f 3990 3991 3992
f 3991 3993 3992
f 3992 3993 3994
f 3993 3995 3994
f 3994 3995 3996
f 3995 3997 3996
f 3996 3997 3998
f 3997 3999 3998
f 3998 3999 4000
f 3999 4001 4000
f 4000 4001 4002
f 4001 4003 4002
f 4002 4003 4004
f 4003 4005 4004
f 4004 4005 4006
f 4005 4007 4006
f 4006 4007 4008
f 4007 4009 4008
f 4008 4009 4010
f 4009 4011 4010
f 4010 4011 4012
f 4011 4013 4012
f 4012 4013 4014
f 4013 4015 4014
f 4014 4015 4016
f 4015 4017 4016
f 4016 4017 4018
f 4017 4019 4018
f 4018 4019 4020
f 4019 4021 4020
f 4020 4021 4022
f 4021 4023 4022
f 4022 4023 4024
f 4023 4025 4024
f 4024 4025 4026
f 4025 4027 4026
f 4026 4027 4028
f 4027 4029 4028
f 4028 4029 4030
f 4029 4031 4030
f 4031 4031 4030
f 4030 4031 4032
f 4031 4033 4032
f 4032 4033 4034
f 4033 4035 4034
f 4034 4035 4036
f 4035 4037 4036
f 4036 4037 4038
f 4037 4039 4038
f 4039 4040 4038
f 4038 4040 4041
f 4040 4042 4041
f 4041 4042 4043
f 4043 4042 4044
f 4042 4045 4044
f 4044 4045 4046
f 4045 4047 4046
f 4046 4047 4048
f 4047 4049 4048
f 4049 4050 4048
f 4048 4050 4051
f 4050 4052 4051
f 4051 4052 4053
f 4052 4054 4053
f 4053 4054 4055
f 4054 4056 4055
f 4055 4056 4057
f 4056 4058 4057
f 4057 4058 4059
f 4060 4061 4062
f 4061 4063 4062
f 4062 4063 4064
f 4059 4058 4065
f 4058 4066 4065
f 4065 4066 4067
f 4066 4068 4067
f 4067 4068 4069
f 4068 4070 4069
f 4069 4070 4071
f 4070 4072 4071
f 4071 4072 4073
f 4072 4074 4073
f 4073 4074 4075
f 4074 4076 4075
f 4075 4076 4060
f 4076 4077 4060
f 4060 4077 4061
f 4078 4079 4080
f 4079 4081 4080
f 4080 4081 4082
f 4064 4063 4083
f 4063 4084 4083
f 4083 4084 4085
f 4084 4086 4085
f 4085 4086 4078
f 4086 4087 4078
f 4078 4087 4079
f 4082 4081 4088
f 4081 4089 4088
f 4088 4089 4090
f 4089 4091 4090
f 4090 4091 4092
f 4091 4093 4092
f 4092 4093 4094
f 4093 4095 4094
f 4095 4096 4094
f 4094 4096 4097
f 4096 4098 4097
f 4097 4098 4099
f 4099 4098 4100
f 4098 4101 4100
f 4100 4101 4102
f 4101 4103 4102
f 4102 4103 4104
f 4103 4105 4104
f 4104 4105 4106
f 4105 4107 4106
f 4106 4107 4108
f 4107 4109 4108
f 4108 4109 4110
f 4109 4111 4110
f 4110 4111 4112
f 4113 4114 4115
f 4111 4116 4112
f 4116 4117 4112
f 4112 4117 4118
f 4117 4119 4118
f 4118 4119 4115
f 4119 4120 4115
f 4115 4120 4113
f 4114 4113 4121
f 4113 4122 4121
f 4121 4122 4123
f 4122 4124 4123
f 4123 4124 4125
f 4124 4126 4125
f 4125 4126 4127
f 4126 4128 4127
f 4128 4129 4127
f 4127 4129 4130
f 4129 4131 4130
f 4130 4131 4132
f 4131 4133 4132
f 4132 4133 4134
f 4134 4133 4135
f 4133 4136 4135
f 4135 4136 4137
f 4136 4138 4137
f 4137 4138 4139
f 4138 4140 4139
f 4139 4140 4141
f 4140 4142 4141
f 4141 4142 4143
f 4142 4144 4143
f 4143 4144 4145
f 4144 4146 4145
f 4145 4146 4147
f 4146 4148 4147
f 4147 4148 4149
f 4148 4150 4149
f 4149 4150 4151
f 4150 4152 4151
f 4151 4152 4153
f 4152 4154 4153
f 4153 4154 4155
f 4154 4156 4155
f 4155 4156 4157
f 4156 4158 4157
f 4157 4158 4159
f 4158 4160 4159
f 4159 4160 4161
f 4160 4162 4161
f 4161 4162 4163
f 4162 4164 4163
f 4163 4164 4165
f 4164 4166 4165
f 4165 4166 4167
f 4166 4168 4167
f 4167 4168 4169
f 4168 4170 4169
f 4169 4170 4171
f 4170 4172 4171
f 4171 4172 4173
f 4172 4174 4173
f 4173 4174 4175
f 4174 4176 4175
f 4175 4176 4177
f 4176 4178 4177
f 4177 4178 4179
f 4178 4180 4179
f 4179 4180 4181
f 4180 4182 4181
f 4182 4183 4181
f 4181 4183 4184
f 4183 4185 4184
f 4184 4185 4186
f 4186 4185 4187
f 4185 4188 4187
f 4187 4188 4189
f 4188 4190 4189
f 4189 4190 4191
f 4190 4192 4191
f 4191 4192 4193
f 4192 4194 4193
f 4193 4194 4195
f 4194 4196 4195
f 4196 4197 4195
f 4195 4197 4198
f 4197 4199 4198
f 4198 4199 4200
f 4199 4201 4200
f 4200 4201 4202
f 4201 4203 4202
f 4202 4203 4204
f 4204 4203 4205
f 4203 4206 4205
f 4205 4206 4207
f 4206 4208 4207
f 4207 4208 4209
f 4208 4210 4209
f 4210 4211 4209
f 4209 4211 4212
f 4211 4213 4212
f 4212 4213 4214
f 4213 4215 4214
f 4214 4215 4216
f 4215 4217 4216
f 4216 4217 4218
f 4217 4219 4218
f 4218 4219 4220
f 4220 4219 4221
f 4219 4222 4221
f 4221 4222 4223
f 4222 4224 4223
f 4223 4224 4225
f 4224 4226 4225
f 4225 4226 4227
f 4226 4228 4227
f 4227 4228 4227
f 4229 4230 4231
f 4230 4232 4231
f 4231 4232 4233
f 4232 4234 4233
f 4233 4234 4235
f 4234 4236 4235
f 4235 4236 4237
f 4236 4227 4237
f 4237 4227 4238
f 4227 4228 4238
f 4231 4239 4229
f 4239 4240 4229
f 4229 4240 4241
f 4240 4242 4241
f 4241 4242 4243
f 4244 4245 4246
f 4245 4247 4246
f 4246 4247 4248
f 4243 4242 4249
f 4242 4250 4249
f 4249 4250 4251
f 4250 4252 4251
f 4251 4252 4253
f 4252 4254 4253
f 4253 4254 4255
f 4254 4256 4255
f 4255 4256 4257
f 4256 4258 4257
f 4257 4258 4259
f 4258 4260 4259
f 4259 4260 4261
f 4260 4262 4261
f 4261 4262 4263
f 4262 4264 4263
f 4263 4264 4265
f 4264 4266 4265
f 4265 4266 4267
f 4266 4268 4267
f 4267 4268 4269
f 4268 4270 4269
f 4269 4270 4271
f 4270 4272 4271
f 4271 4272 4273
f 4272 4274 4273
f 4273 4274 4244
f 4274 4275 4244
f 4244 4275 4245
f 4248 4247 4276
f 4247 4277 4276
f 4276 4277 4278
f 4277 4279 4278
f 4278 4279 4280
f 4279 4281 4280
f 4280 4281 4282
f 4281 4283 4282
f 4282 4283 4284
f 4283 4285 4284
f 4284 4285 4286
f 4285 4287 4286
f 4287 4288 4286
f 4286 4288 4289
f 4288 4290 4289
f 4289 4290 4291
f 4291 4290 4292
f 4290 4293 4292
f 4292 4293 4294
f 4293 4295 4294
f 4294 4295 4296
f 4295 4297 4296
f 4296 4297 4298
f 4297 4299 4298
f 4298 4299 4300
f 4299 4301 4300
f 4300 4301 4302
f 4301 4303 4302
f 4302 4303 4304
f 4303 4305 4304
f 4304 4305 4306
f 4305 4307 4306
f 4306 4307 4308
f 4307 4309 4308
f 4308 4309 4310
f 4309 4311 4310
f 4310 4311 4312
f 4311 4313 4312
f 4312 4313 4314
f 4313 4315 4314
f 4314 4315 4316
f 4315 4317 4316
f 4316 4317 4318
f 4317 4319 4318
f 4318 4319 4320
f 4319 4321 4320
f 4320 4321 4322
f 4321 4323 4322
f 4322 4323 4324
f 4323 4325 4324
f 4324 4325 4326
f 4325 4327 4326
f 4326 4327 4328
f 4327 4329 4328
f 4328 4329 4330
f 4329 4331 4330
f 4330 4331 4332
f 4331 4333 4332
f 4332 4333 4334
f 4333 4335 4334
f 4334 4335 4336
f 4335 4337 4336
f 4336 4337 4338
f 4337 4339 4338
f 4338 4339 4340
f 4339 4341 4340
f 4341 4342 4340
f 4340 4342 4343
f 4342 4344 4343
f 4343 4344 4345
f 4345 4344 4346
f 4344 4347 4346
f 4346 4347 4348
f 4347 4349 4348
f 4348 4349 4350
f 4349 4351 4350
f 4351 4352 4350
f 4350 4352 4353
f 4352 4354 4353
f 4353 4354 4355
f 4354 4356 4355
f 4355 4356 4357
f 4356 4358 4357
f 4357 4358 4359
f 4359 4358 4360
f 4358 4361 4360
f 4360 4361 4362
f 4361 4363 4362
f 4362 4363 4364
f 4363 4365 4364
f 4364 4365 4366
f 4365 4367 4366
f 4367 4368 4366
f 4366 4368 4369
f 4368 4370 4369
f 4369 4370 4371
f 4371 4370 4372
f 4370 4373 4372
f 4372 4373 4374
f 4373 4375 4374
f 4374 4375 4376
f 4375 4377 4376
f 4376 4377 4378
f 4377 4379 4378
f 4378 4379 4380
f 4379 4381 4380
f 4380 4381 4382
f 4381 4383 4382
f 4382 4383 4384
f 4383 4385 4384
f 4384 4385 4386
f 4385 4387 4386
f 4386 4387 4388
f 4387 4389 4388
f 4388 4389 4390
f 4389 4391 4390
f 4390 4391 4392
f 4391 4393 4392
f 4392 4393 4394
f 4393 4395 4394
f 4394 4395 4396
f 4395 4397 4396
f 4396 4397 4398
f 4397 4399 4398
f 4399 4400 4398
f 4398 4400 4401
f 4400 4402 4401
f 4401 4402 4403
f 4402 4404 4403
f 4402 4405 4404
f 4405 4406 4404
f 4404 4406 4407
f 4406 4408 4407
f 4407 4408 4409
f 4408 4410 4409
f 4409 4410 4411
f 4410 4412 4411
f 4411 4412 4413
f 4413 4412 4414
f 4412 4415 4414
f 4414 4415 4416
f 4415 4417 4416
f 4416 4417 4418
f 4417 4419 4418
f 4418 4419 4420
f 4419 4421 4420
f 4420 4421 4422
f 4421 4423 4422
f 4423 4424 4422
f 4422 4424 4425
f 4424 4426 4425
f 4426 4427 4425
f 4425 4427 4428
f 4427 4429 4428
f 4428 4429 4430
f 4429 4431 4430
f 4430 4431 4432
f 4431 4433 4432
f 4432 4433 4434
f 4434 4433 4435
f 4433 4436 4435
f 4435 4436 4437
f 4436 4438 4437
f 4437 4438 4439
f 4438 4440 4439
f 4440 4441 4439
f 4439 4441 4442
f 4441 4443 4442
f 4442 4443 4444
f 4443 4445 4444
f 4444 4445 4446
f 4445 4447 4446
f 4446 4447 4448
f 4448 4447 4449
f 4447 4450 4449
f 4449 4450 4451
f 4450 4452 4451
f 4451 4452 4453
f 4452 4454 4453
f 4453 4454 4455
f 4454 4456 4455
f 4455 4456 4457
f 4456 4458 4457
f 4458 4459 4457
f 4457 4459 4460
f 4459 4461 4460
f 4460 4461 4462
f 4462 4461 4463
f 4461 4464 4463
f 4463 4464 4465
f 4464 4466 4465
f 4465 4466 4467
f 4466 4468 4467
f 4467 4468 4469
f 4468 4470 4469
f 4469 4470 4471
f 4470 4472 4471
f 4471 4472 4473
f 4472 4474 4473
f 4473 4474 4475
f 4474 4476 4475
f 4475 4476 4477
f 4476 4478 4477
f 4477 4478 4479
f 4478 4480 4479
f 4479 4480 4481
f 4480 4482 4481
f 4481 4482 4483
f 4482 4484 4483
f 4483 4484 4485
f 4484 4486 4485
f 4485 4486 4487
f 4486 4488 4487
f 4487 4488 4489
f 4488 4490 4489
f 4489 4490 4491
f 4490 4492 4491
f 4492 4493 4491
f 4491 4493 4494
f 4493 4495 4494
f 4494 4495 4496
f 4496 4495 4497
f 4495 4498 4497
f 4497 4498 4499
f 4498 4500 4499
f 4499 4500 4501
f 4500 4502 4501
f 4501 4502 4503
f 4502 4504 4503
f 4503 4504 4505
f 4504 4506 4505
f 4505 4506 4507
f 4506 4508 4507
f 4507 4508 4509
f 4508 4510 4509
f 4510 4511 4509
f 4509 4511 4512
f 4511 4513 4512
f 4512 4513 4514
f 4514 4513 4515
f 4513 4516 4515
f 4515 4516 4517
f 4516 4518 4517
f 4517 4518 4519
f 4518 4520 4519
f 4519 4520 4521
f 4520 4522 4521
f 4521 4522 4523
f 4522 4524 4523
f 4524 4525 4523
f 4523 4525 4526
f 4525 4527 4526
f 4526 4527 4528
f 4527 4529 4528
f 4528 4529 4530
f 4531 4532 4533
f 4532 4534 4533
f 4533 4534 4535
f 4530 4529 4536
f 4529 4537 4536
f 4536 4537 4538
f 4537 4539 4538
f 4538 4539 4540
f 4539 4541 4540
f 4540 4541 4542
f 4541 4543 4542
f 4542 4543 4544
f 4543 4545 4544
f 4544 4545 4546
f 4545 4547 4546
f 4546 4547 4531
f 4547 4548 4531
f 4531 4548 4532
f 4535 4534 4549
f 4534 4550 4549
f 4549 4550 4551
f 4550 4552 4551
f 4551 4552 4553
f 4552 4554 4553
f 4553 4554 4555
f 4554 4556 4555
f 4556 4556 4555
f 4555 4556 4557
f 4556 4558 4557
f 4557 4558 4559
f 4559 4558 4560
f 4558 4561 4560
f 4560 4561 4562
f 4561 4563 4562
f 4562 4563 4564
f 4563 4565 4564
f 4565 4566 4564
f 4564 4566 4567
f 4566 4568 4567
f 4567 4568 4569
f 4569 4568 4570
f 4568 4571 4570
f 4570 4571 4572
f 4571 4573 4572
f 4572 4573 4574
f 4573 4575 4574
f 4574 4575 4576
f 4575 4577 4576
f 4576 4577 4578
f 4577 4579 4578
f 4578 4579 4580
f 4579 4581 4580
f 4580 4581 4582
f 4581 4583 4582
f 4583 4584 4582
f 4582 4584 4585
f 4584 4586 4585
f 4585 4586 4587
f 4586 4588 4587
f 4587 4588 4589
f 4589 4588 4590
f 4588 4591 4590
f 4590 4591 4592
f 4591 4593 4592
f 4592 4593 4594
f 4593 4595 4594
f 4594 4595 4596
f 4595 4597 4596
f 4597 4598 4596
f 4596 4598 4599
f 4598 4600 4599
f 4599 4600 4601
f 4600 4602 4601
f 4601 4602 4603
f 4603 4602 4604
f 4602 4605 4604
f 4604 4605 4606
f 4605 4607 4606
f 4606 4607 4608
f 4607 4609 4608
f 4608 4609 4610
f 4609 4611 4610
f 4610 4611 4612
f 4611 4613 4612
f 4612 4613 4614
f 4613 4615 4614
f 4614 4615 4616
f 4615 4617 4616
f 4616 4617 4618
f 4617 4619 4618
f 4618 4619 4620
f 4619 4621 4620
f 4620 4621 4622
f 4621 4623 4622
f 4622 4623 4624
f 4623 4625 4624
f 4624 4625 4626
f 4625 4627 4626
f 4626 4627 4628
f 4627 4629 4628
f 4628 4629 4630
f 4629 4631 4630
f 4630 4631 4632
f 4631 4633 4632
f 4632 4633 4634
f 4633 4635 4634
f 4634 4635 4636
f 4635 4637 4636
f 4636 4637 4638
f 4637 4639 4638
f 4638 4639 4640
f 4639 4641 4640
f 4640 4641 4642
f 4641 4643 4642
f 4642 4643 4644
f 4643 4645 4644
f 4644 4645 4646
f 4645 4647 4646
f 4646 4647 4648
f 4647 4649 4648
f 4648 4649 4650
f 4649 4651 4650
f 4651 4652 4650
f 4650 4652 4653
f 4652 4654 4653
f 4653 4654 4655
f 4655 4654 4656
f 4654 4657 4656
f 4656 4657 4658
f 4657 4659 4658
f 4658 4659 4660
f 4659 4661 4660
f 4660 4661 4662
f 4661 4663 4662
f 4662 4663 4664
f 4663 4665 4664
f 4665 4666 4664
f 4664 4666 4667
f 4666 4668 4667
f 4667 4668 4669
f 4668 4670 4669
f 4669 4670 4671
f 4670 4672 4671
f 4671 4672 4673
f 4673 4672 4674
f 4672 4675 4674
f 4674 4675 4676
f 4675 4677 4676
f 4676 4677 4678
f 4677 4679 4678
f 4679 4680 4678
f 4678 4680 4681
f 4680 4682 4681
f 4681 4682 4683
f 4682 4684 4683
f 4683 4684 4685
f 4684 4686 4685
f 4685 4686 4687
f 4687 4686 4688
f 4686 4689 4688
f 4688 4689 4690
f 4689 4691 4690
f 4690 4691 4692
f 4691 4693 4692
f 4692 4693 4694
f 4693 4695 4694
f 4694 4695 4696
f 4695 4697 4696
f 4696 4697 4698
f 4697 4699 4698
f 4698 4699 4700
f 4699 4701 4700
f 4700 4701 4702
f 4701 4703 4702
f 4702 4703 4704
f 4703 4705 4704
f 4704 4705 4706
f 4705 4707 4706
f 4706 4707 4708
f 4707 4709 4708
f 4709 4710 4708
f 4708 4710 4711
f 4710 4712 4711
f 4711 4712 4713
f 4712 4714 4713
f 4713 4714 4715
f 4714 4716 4715
f 4715 4716 4717
f 4716 4718 4717
f 4717 4718 4719
f 4718 4720 4719
f 4719 4720 4721
f 4720 4722 4721
f 4721 4722 4723
f 4722 4724 4723
f 4723 4724 4725
f 4724 4726 4725
f 4725 4726 4727
f 4726 4728 4727
f 4727 4728 4729
f 4728 4730 4729
f 4729 4730 4731
f 4730 4732 4731
f 4730 4733 4732
f 4733 4734 4732
f 4732 4734 4735
f 4734 4736 4735
f 4735 4736 4737
f 4736 4738 4737
f 4737 4738 4739
f 4740 4741 4742
f 4741 4743 4742
f 4742 4743 4744
f 4743 4745 4744
f 4744 4745 4746
f 4745 4747 4746
f 4746 4747 4748
f 4747 4749 4748
f 4748 4749 4750
f 4749 4751 4750
f 4750 4751 4752
f 4751 4739 4752
f 4752 4739 4753
f 4739 4738 4753
f 4742 4754 4740
f 4754 4755 4740
f 4740 4755 4756
f 4755 4757 4756
f 4756 4757 4758
f 4757 4759 4758
f 4758 4759 4760
f 4759 4761 4760
f 4760 4761 4762
f 4761 4763 4762
f 4762 4763 4764
f 4763 4765 4764
f 4764 4765 4766
f 4765 4767 4766
f 4765 4768 4767
f 4768 4769 4767
f 4767 4769 4770
f 4769 4771 4770
f 4770 4771 4772
f 4772 4771 4773
f 4771 4774 4773
f 4773 4774 4775
f 4774 4776 4775
f 4775 4776 4777
f 4776 4778 4777
f 4777 4778 4779
f 4778 4780 4779
f 4779 4780 4781
f 4780 4782 4781
f 4781 4782 4783
f 4782 4784 4783
f 4783 4784 4785
f 4784 4786 4785
f 4785 4786 4787
f 4786 4788 4787
f 4787 4788 4789
f 4788 4790 4789
f 4789 4790 4791
f 4790 4792 4791
f 4791 4792 4793
f 4792 4794 4793
f 4793 4794 4795
f 4794 4796 4795
f 4795 4796 4797
f 4796 4798 4797
f 4797 4798 4799
f 4798 4800 4799
f 4799 4800 4801
f 4800 4802 4801
f 4801 4802 4803
f 4802 4804 4803
f 4803 4804 4805
f 4804 4806 4805
f 4805 4806 4807
f 4806 4808 4807
f 4807 4808 4809
f 4808 4810 4809
f 4809 4810 4811
f 4810 4812 4811
f 4811 4812 4813
f 4812 4814 4813
f 4813 4814 4815
f 4814 4816 4815
f 4815 4816 4817
f 4816 4818 4817
f 4817 4818 4819
f 4818 4820 4819
f 4819 4820 4821
f 4820 4822 4821
f 4822 4823 4821
f 4821 4823 4824
f 4823 4825 4824
f 4824 4825 4826
f 4826 4825 4827
f 4825 4828 4827
f 4827 4828 4829
f 4828 4830 4829
f 4829 4830 4831
f 4830 4832 4831
f 4831 4832 4833
f 4832 4834 4833
f 4833 4834 4835
f 4834 4836 4835
f 4835 4836 4837
f 4836 4838 4837
f 4838 4839 4837
f 4837 4839 4840
f 4839 4841 4840
f 4840 4841 4842
f 4842 4841 4843
f 4841 4844 4843
f 4843 4844 4845
f 4844 4846 4845
f 4845 4846 4847
f 4846 4848 4847
f 4847 4848 4849
f 4848 4850 4849
f 4849 4850 4851
f 4850 4852 4851
f 4851 4852 4853
f 4852 4854 4853
f 4853 4854 4855
f 4854 4856 4855
f 4855 4856 4857
f 4856 4858 4857
f 4857 4858 4859
f 4858 4860 4859
f 4859 4860 4861
f 4860 4862 4861
f 4861 4862 4863
f 4862 4864 4863
f 4863 4864 4865
f 4864 4866 4865
f 4865 4866 4867
f 4866 4868 4867
f 4867 4868 4869
f 4868 4870 4869
f 4870 4871 4869
f 4869 4871 4872
f 4871 4873 4872
f 4872 4873 4874
f 4873 4875 4874
f 4873 4876 4875
f 4876 4877 4875
f 4875 4877 4878
f 4877 4879 4878
f 4878 4879 4880
f 4879 4881 4880
f 4880 4881 4882
f 4881 4883 4882
f 4882 4883 4884
f 4883 4885 4884
f 4884 4885 4886
f 4885 4887 4886
f 4886 4887 4888
f 4888 4887 4889
f 4887 4890 4889
f 4889 4890 4891
f 4890 4892 4891
f 4891 4892 4893
f 4894 4895 4896
f 4895 4897 4896
f 4896 4897 4898
f 4897 4899 4898
f 4898 4899 4900
f 4899 4901 4900
f 4900 4901 4902
f 4901 4903 4902
f 4902 4903 4904
f 4903 4903 4904
f 4904 4903 4904
f 4903 4905 4904
f 4904 4905 4906
f 4905 4893 4906
f 4906 4893 4907
f 4893 4892 4907
f 4896 4908 4894
f 4908 4909 4894
f 4894 4909 4910
f 4909 4911 4910
f 4910 4911 4912
f 4911 4913 4912
f 4912 4913 4914
f 4913 4915 4914
f 4914 4915 4916
f 4915 4917 4916
f 4916 4917 4918
f 4917 4919 4918
f 4918 4919 4920
f 4920 4919 4921
f 4919 4922 4921
f 4921 4922 4923
f 4922 4924 4923
f 4923 4924 4925
f 4924 4926 4925
f 4926 4927 4925
f 4925 4927 4928
f 4927 4929 4928
f 4928 4929 4930
f 4930 4929 4931
f 4929 4932 4931
f 4931 4932 4933
f 4932 4934 4933
f 4933 4934 4935
f 4934 4936 4935
f 4935 4936 4937
f 4936 4938 4937
f 4937 4938 4939
f 4938 4940 4939
f 4939 4940 4941
f 4940 4942 4941
f 4941 4942 4943
f 4942 4944 4943
f 4943 4944 4945
f 4944 4946 4945
f 4945 4946 4947
f 4946 4948 4947
f 4947 4948 4949
f 4948 4950 4949
f 4949 4950 4951
f 4950 4952 4951
f 4951 4952 4953
f 4952 4954 4953
f 4953 4954 4955
f 4954 4956 4955
f 4955 4956 4957
f 4956 4958 4957
f 4957 4958 4959
f 4958 4960 4959
f 4960 4961 4959
f 4959 4961 4962
f 4961 4963 4962
f 4962 4963 4964
f 4964 4963 4965
f 4963 4966 4965
f 4965 4966 4967
f 4966 4968 4967
f 4967 4968 4969
f 4968 4970 4969
f 4969 4970 4971
f 4970 4972 4971
f 4971 4972 4973
f 4972 4974 4973
f 4973 4974 4975
f 4974 4976 4975
f 4975 4976 4977
f 4976 4978 4977
f 4977 4978 4979
f 4978 4980 4979
f 4979 4980 4981
f 4980 4982 4981
f 4981 4982 4983
f 4982 4984 4983
f 4983 4984 4985
f 4984 4986 4985
f 4985 4986 4987
f 4986 4988 4987
f 4987 4988 4989
f 4988 4990 4989
f 4989 4990 4991
f 4990 4992 4991
f 4992 4993 4991
f 4991 4993 4994
f 4993 4995 4994
f 4994 4995 4996
f 4995 4997 4996
f 4996 4997 4998
f 4998 4997 4999
f 4997 5000 4999
f 4999 5000 5001
f 5000 5002 5001
f 5001 5002 5003
f 5002 5004 5003
f 5003 5004 5005
f 5004 5006 5005
f 5005 5006 5007
f 5006 5008 5007
f 5007 5008 5009
f 5008 5010 5009
f 5009 5010 5011
f 5010 5012 5011
f 5011 5012 5013
f 5012 5014 5013
f 5014 5014 5013
f 5013 5014 5015
f 5014 5016 5015
f 5015 5016 5017
f 5016 5018 5017
f 5017 5018 5019
f 5018 5020 5019
f 5019 5020 5021
f 5020 5022 5021
f 5022 5023 5021
f 5021 5023 5024
f 5023 5025 5024
f 5024 5025 5026
f 5025 5027 5026
f 5026 5027 5028
f 5028 5027 5029
f 5027 5030 5029
f 5029 5030 5031
f 5030 5032 5031
f 5032 5033 5031
f 5031 5033 5034
f 5033 5035 5034
f 5034 5035 5036
f 5035 5037 5036
f 5036 5037 5038
f 5037 5039 5038
f 5038 5039 5040
f 5039 5041 5040
f 5040 5041 5042
f 5041 5043 5042
f 5042 5043 5044
f 5043 5045 5044
f 5043 5046 5045
f 5046 5047 5045
f 5045 5047 5048
f 5047 5049 5048
f 5048 5049 5050
f 5051 5052 5053
f 5052 5054 5053
f 5053 5054 5055
f 5050 5049 5056
f 5049 5057 5056
f 5056 5057 5058
f 5057 5059 5058
f 5058 5059 5051
f 5059 5060 5051
f 5051 5060 5052
f 5055 5054 5061
f 5054 5062 5061
f 5061 5062 5063
f 5062 5064 5063
f 5063 5064 5065
f 5064 5066 5065
f 5066 5067 5065
f 5065 5067 5068
f 5067 5069 5068
f 5068 5069 5070
f 5069 5071 5070
f 5070 5071 5072
f 5071 5073 5072
f 5072 5073 5074
f 5074 5073 5075
f 5073 5076 5075
f 5075 5076 5077
f 5076 5078 5077
f 5078 5079 5077
f 5077 5079 5080
f 5079 5081 5080
f 5080 5081 5082
f 5083 5084 5085
f 5084 5086 5085
f 5085 5086 5087
f 5082 5081 5088
f 5081 5089 5088
f 5088 5089 5090
f 5089 5091 5090
f 5090 5091 5092
f 5091 5093 5092
f 5092 5093 5094
f 5093 5095 5094
f 5094 5095 5096
f 5095 5097 5096
f 5096 5097 5098
f 5097 5099 5098
f 5098 5099 5100
f 5099 5101 5100
f 5100 5101 5102
f 5101 5103 5102
f 5102 5103 5104
f 5103 5105 5104
f 5104 5105 5106
f 5105 5107 5106
f 5106 5107 5108
f 5107 5109 5108
f 5108 5109 5110
f 5109 5111 5110
f 5110 5111 5112
f 5111 5113 5112
f 5112 5113 5114
f 5113 5115 5114
f 5114 5115 5083
f 5115 5116 5083
f 5083 5116 5084
f 5087 5086 5117
f 5086 5118 5117
f 5117 5118 5119
f 5118 5120 5119
f 5119 5120 5121
f 5120 5122 5121
f 5121 5122 5123
f 5122 5124 5123
f 5123 5124 5125
f 5124 5126 5125
f 5125 5126 5127
f 5126 5128 5127
f 5127 5128 5129
f 5128 5130 5129
f 5130 5131 5129
f 5129 5131 5132
f 5131 5133 5132
f 5132 5133 5134
f 5134 5133 5135
f 5133 5136 5135
f 5135 5136 5137
f 5136 5138 5137
f 5137 5138 5139
f 5138 5140 5139
f 5139 5140 5141
f 5140 5142 5141
f 5141 5142 5143
f 5142 5144 5143
f 5143 5144 5145
f 5144 5146 5145
f 5145 5146 5147
f 5146 5148 5147
f 5147 5148 5149
f 5148 5150 5149
f 5149 5150 5151
f 5150 5152 5151
f 5151 5152 5153
f 5152 5154 5153
f 5153 5154 5155
f 5154 5156 5155
f 5155 5156 5157
f 5156 5158 5157
f 5157 5158 5159
f 5158 5160 5159
f 5159 5160 5161
f 5160 5162 5161
f 5161 5162 5163
f 5162 5164 5163
f 5163 5164 5165
f 5164 5166 5165
f 5165 5166 5167
f 5166 5168 5167
f 5167 5168 5169
f 5168 5170 5169
f 5169 5170 5171
f 5170 5172 5171
f 5171 5172 5173
f 5172 5174 5173
f 5173 5174 5175
f 5174 5176 5175
f 5175 5176 5177
f 5176 5178 5177
f 5178 5179 5177
f 5177 5179 5180
f 5179 5181 5180
f 5180 5181 5182
f 5181 5183 5182
f 5182 5183 5184
f 5183 5185 5184
f 5184 5185 5186
f 5185 5187 5186
f 5186 5187 5188
f 5187 5189 5188
f 5188 5189 5190
f 5189 5191 5190
f 5190 5191 5192
f 5191 5193 5192
f 5192 5193 5194
f 5193 5195 5194
f 5194 5195 5196
f 5195 5197 5196
f 5196 5197 5198
f 5197 5199 5198
f 5198 5199 5200
f 5199 5201 5200
f 5199 5202 5201
f 5202 5203 5201
f 5201 5203 5204
f 5203 5205 5204
f 5204 5205 5206
f 5206 5205 5207
f 5205 5208 5207
f 5207 5208 5209
f 5208 5210 5209
f 5209 5210 5209
f 5211 5212 5213
f 5212 5214 5213
f 5213 5214 5215
f 5214 5216 5215
f 5215 5216 5217
f 5216 5218 5217
f 5217 5218 5219
f 5218 5209 5219
f 5219 5209 5210
f 5209 5210 5210
f 5213 5220 5211
f 5220 5221 5211
f 5211 5221 5222
f 5221 5223 5222
f 5222 5223 5224
f 5223 5225 5224
f 5224 5225 5226
f 5225 5227 5226
f 5226 5227 5228
f 5227 5229 5228
f 5228 5229 5230
f 5229 5231 5230
f 5230 5231 5232
f 5231 5233 5232
f 5231 5234 5233
f 5234 5235 5233
f 5233 5235 5236
f 5235 5237 5236
f 5236 5237 5238
f 5238 5237 5239
f 5237 5240 5239
f 5239 5240 5241
f 5240 5242 5241
f 5241 5242 5243
f 5242 5244 5243
f 5243 5244 5245
f 5244 5246 5245
f 5245 5246 5247
f 5246 5248 5247
f 5247 5248 5249
f 5248 5250 5249
f 5249 5250 5251
f 5250 5252 5251
f 5251 5252 5253
f 5252 5254 5253
f 5253 5254 5255
f 5254 5256 5255
f 5255 5256 5257
f 5256 5258 5257
f 5257 5258 5259
f 5258 5260 5259
f 5259 5260 5261
f 5260 5262 5261
f 5261 5262 5263
f 5262 5264 5263
f 5263 5264 5265
f 5264 5266 5265
f 5265 5266 5267
f 5266 5268 5267
f 5267 5268 5269
f 5268 5270 5269
f 5269 5270 5271
f 5270 5272 5271
f 5271 5272 5273
f 5272 5274 5273
f 5273 5274 5275
f 5274 5276 5275
f 5275 5276 5277
f 5276 5278 5277
f 5277 5278 5279
f 5278 5280 5279
f 5279 5280 5281
f 5280 5282 5281
f 5281 5282 5283
f 5282 5284 5283
f 5283 5284 5285
f 5284 5286 5285
f 5285 5286 5287
f 5286 5288 5287
f 5287 5288 5289
f 5288 5290 5289
f 5289 5290 5291
f 5290 5292 5291
f 5291 5292 5293
f 5292 5294 5293
f 5293 5294 5295
f 5294 5296 5295
f 5295 5296 5297
f 5296 5298 5297
f 5297 5298 5299
f 5298 5300 5299
f 5299 5300 5301
f 5300 5302 5301
f 5301 5302 5303
f 5302 5304 5303
f 5303 5304 5305
f 5304 5306 5305
f 5305 5306 5307
f 5306 5308 5307
f 5307 5308 5309
f 5308 5310 5309
f 5309 5310 5311
f 5310 5312 5311
f 5311 5312 5313
f 5312 5314 5313
f 5313 5314 5315
f 5314 5316 5315
f 5315 5316 5317
f 5316 5318 5317
f 5317 5318 5319
f 5318 5320 5319
f 5319 5320 5321
f 5320 5322 5321
f 5321 5322 5323
f 5322 5324 5323
f 5323 5324 5325
f 5324 5326 5325
f 5325 5326 5327
f 5326 5328 5327
f 5327 5328 5329
f 5328 5330 5329
f 5329 5330 5331
f 5330 5332 5331
f 5331 5332 5333
f 5332 5334 5333
f 5333 5334 3682
f 5334 5335 3682
f 3682 5335 3683
f 3681 3683 5336
f 3683 5337 5336
f 5336 5337 5336
f 5336 5337 5338
f 5337 5339 5338
f 5338 5339 5340
f 5339 5341 5340
f 5340 5341 5342
f 5341 5343 5342
f 5342 5343 5344
f 5343 5345 5344
f 5345 5346 5344
f 5344 5346 5347
f 5346 5348 5347
f 5347 5348 5349
f 5349 5348 5350
f 5348 5351 5350
f 5350 5351 5352
f 5351 5353 5352
f 5352 5353 5354
f 5353 5355 5354
f 5354 5355 5356
f 5355 5357 5356
f 5356 5357 5358
f 5357 5359 5358
f 5358 5359 5360
f 5359 5361 5360
f 5360 5361 5362
f 5361 5363 5362
f 5362 5363 5364
f 5363 5365 5364
f 5364 5365 5366
f 5365 5367 5366
f 5366 5367 5368
f 5367 5369 5368
f 5368 5369 5370
f 5369 5371 5370
f 5370 5371 5372
f 5371 5373 5372
f 5372 5373 5374
f 5373 5375 5374
f 5374 5375 5376
f 5375 5377 5376
f 5376 5377 5378
f 5377 5379 5378
f 5379 5380 5378
f 5378 5380 5381
f 5380 5382 5381
f 5381 5382 5383
f 5382 5384 5383
f 5383 5384 5385
f 5384 5386 5385
f 5385 5386 5387
f 5386 5388 5387
f 5387 5388 5389
f 5388 5390 5389
f 5389 5390 5391
f 5391 5390 5392
f 5390 5393 5392
f 5392 5393 5394
f 5393 5395 5394
f 5394 5395 5396
f 5395 5397 5396
f 5396 5397 5398
f 5397 5399 5398
f 5398 5399 5400
f 5399 5401 5400
f 5401 5402 5400
f 5400 5402 5403
f 5402 5404 5403
f 5403 5404 5405
f 5404 5406 5405
f 5405 5406 5407
f 5406 5408 5407
f 5407 5408 5409
f 5408 5410 5409
f 5409 5410 5411
f 5410 5412 5411
f 5411 5412 5413
f 5412 5414 5413
f 5413 5414 5415
f 5414 5416 5415
f 5415 5416 5417
f 5418 5419 5420
f 5416 5421 5417
f 5421 5422 5417
f 5417 5422 5423
f 5422 5424 5423
f 5423 5424 5425
f 5424 5426 5425
f 5425 5426 5420
f 5426 5427 5420
f 5420 5427 5418
f 5419 5418 5428
f 5418 5429 5428
f 5428 5429 5430
f 5429 5431 5430
f 5430 5431 5432
f 5431 5433 5432
f 5432 5433 5434
f 5433 5435 5434
f 5435 5436 5434
f 5434 5436 5437
f 5436 5438 5437
f 5437 5438 5439
f 5438 5440 5439
f 5439 5440 5441
f 5441 5440 5442
f 5440 5443 5442
f 5442 5443 5444
f 5443 5445 5444
f 5444 5445 5446
f 5445 5447 5446
f 5446 5447 5448
f 5447 5449 5448
f 5448 5449 5450
f 5449 5451 5450
f 5450 5451 5452
f 5451 5453 5452
f 5452 5453 5454
f 5453 5455 5454
f 5454 5455 5456
f 5455 5457 5456
f 5456 5457 5458
f 5457 5459 5458
f 5459 5460 5458
f 5458 5460 5461
f 5460 5462 5461
f 5461 5462 5463
f 5462 5464 5463
f 5463 5464 5465
f 5464 5466 5465
f 5465 5466 5467
f 5466 5468 5467
f 5467 5468 5469
f 5468 5470 5469
f 5469 5470 5471
f 5470 5472 5471
f 5471 5472 5473
f 5472 5474 5473
f 5473 5474 5475
f 5474 5476 5475
f 5475 5476 5477
f 5476 5478 5477
f 5477 5478 5479
f 5478 5480 5479
f 5479 5480 5481
f 5480 5482 5481
f 5481 5482 5483
f 5482 5484 5483
f 5483 5484 5485
f 5484 5486 5485
f 5485 5486 5487
f 5486 5488 5487
f 5487 5488 5489
f 5488 5490 5489
f 5490 5491 5489
f 5489 5491 5492
f 5491 5493 5492
f 5492 5493 5494
f 5493 5495 5494
f 5494 5495 5496
f 5496 5495 5497
f 5495 5498 5497
f 5497 5498 5499
f 5498 5500 5499
f 5499 5500 5501
f 5500 5502 5501
f 5501 5502 5503
f 5502 5504 5503
f 5504 5505 5503
f 5503 5505 5506
f 5505 5507 5506
f 5506 5507 5508
f 5507 5509 5508
f 5508 5509 5510
f 5509 5511 5510
f 5510 5511 5512
f 5513 5514 5515
f 5514 5516 5515
f 5515 5516 5517
f 5512 5511 5518
f 5511 5519 5518
f 5518 5519 5520
f 5519 5521 5520
f 5520 5521 5522
f 5521 5523 5522
f 5522 5523 5524
f 5523 5525 5524
f 5524 5525 5526
f 5525 5527 5526
f 5526 5527 5513
f 5527 5528 5513
f 5513 5528 5514
f 5529 5530 5531
f 5530 5532 5531
f 5531 5532 5533
f 5517 5516 5534
f 5516 5535 5534
f 5534 5535 5536
f 5535 5537 5536
f 5536 5537 5538
f 5537 5539 5538
f 5538 5539 5540
f 5539 5541 5540
f 5540 5541 5529
f 5541 5542 5529
f 5529 5542 5530
f 5533 5532 5543
f 5532 5544 5543
f 5543 5544 5545
f 5544 5546 5545
f 5546 5547 5545
f 5545 5547 5548
f 5547 5549 5548
f 5548 5549 5550
f 5551 5552 5553
f 5552 5554 5553
f 5553 5554 5555
f 5550 5549 5556
f 5549 5557 5556
f 5556 5557 5558
f 5557 5559 5558
f 5558 5559 5560
f 5559 5561 5560
f 5560 5561 5562
f 5561 5563 5562
f 5562 5563 5564
f 5563 5565 5564
f 5564 5565 5566
f 5565 5567 5566
f 5566 5567 5568
f 5567 5569 5568
f 5568 5569 5570
f 5569 5571 5570
f 5570 5571 5572
f 5571 5573 5572
f 5572 5573 5574
f 5573 5575 5574
f 5574 5575 5576
f 5575 5577 5576
f 5576 5577 5578
f 5577 5579 5578
f 5578 5579 5580
f 5579 5581 5580
f 5580 5581 5582
f 5581 5583 5582
f 5582 5583 5551
f 5583 5584 5551
f 5551 5584 5552
f 5555 5554 5585
f 5554 5586 5585
f 5585 5586 5587
f 5586 5588 5587
f 5587 5588 5589
f 5588 5590 5589
f 5589 5590 5591
f 5590 5592 5591
f 5591 5592 5593
f 5592 5594 5593
f 5593 5594 5595
f 5594 5596 5595
f 5595 5596 5597
f 5596 5598 5597
f 5598 5599 5597
f 5597 5599 5600
f 5599 5601 5600
f 5600 5601 5602
f 5602 5601 5603
f 5601 5604 5603
f 5603 5604 5605
f 5604 5606 5605
f 5605 5606 5607
f 5606 5608 5607
f 5607 5608 5609
f 5608 5610 5609
f 5609 5610 5611
f 5610 5612 5611
f 5611 5612 5613
f 5612 5614 5613
f 5613 5614 5615
f 5614 5616 5615
f 5615 5616 5617
f 5616 5618 5617
f 5617 5618 5619
f 5618 5620 5619
f 5619 5620 5621
f 5620 5622 5621
f 5621 5622 5623
f 5622 5624 5623
f 5623 5624 5625
f 5624 5626 5625
f 5625 5626 5627
f 5626 5628 5627
f 5627 5628 5629
f 5628 5630 5629
f 5629 5630 5631
f 5630 5632 5631
f 5631 5632 5633
f 5632 5634 5633
f 5633 5634 5635
f 5634 5636 5635
f 5635 5636 5637
f 5636 5638 5637
f 5637 5638 5639
f 5638 5640 5639
f 5639 5640 5641
f 5640 5642 5641
f 5641 5642 5643
f 5642 5644 5643
f 5643 5644 5645
f 5644 5646 5645
f 5646 5647 5645
f 5645 5647 5648
f 5647 5649 5648
f 5648 5649 5650
f 5649 5651 5650
f 5650 5651 5652
f 5651 5653 5652
f 5652 5653 5654
f 5653 5655 5654
f 5654 5655 5656
f 5656 5655 5657
f 5655 5658 5657
f 5657 5658 5659
f 5658 5660 5659
f 5660 5661 5659
f 5659 5661 5662
f 5661 5663 5662
f 5662 5663 5664
f 5663 5665 5664
f 5664 5665 5666
f 5665 5667 5666
f 5666 5667 5668
f 5667 5667 5668
f 5668 5667 5669
f 5667 5670 5669
f 5669 5670 5671
f 5670 5672 5671
f 5671 5672 5673
f 5672 5674 5673
f 5673 5674 5675
f 5674 5676 5675
f 5675 5676 5677
f 5676 5678 5677
f 5677 5678 5679
f 5678 5680 5679
f 5679 5680 5681
f 5680 5682 5681
f 5681 5682 5683
f 5682 5684 5683
f 5683 5684 5685
f 5684 5686 5685
f 5685 5686 5687
f 5686 5688 5687
f 5687 5688 5689
f 5688 5690 5689
f 5689 5690 5691
f 5690 5692 5691
f 5691 5692 5693
f 5692 5694 5693
f 5695 5696 5697
f 5696 5698 5697
f 5697 5698 5699
f 5698 5693 5699
f 5699 5693 5700
f 5693 5694 5700
f 5697 5701 5695
f 5701 5702 5695
f 5695 5702 5703
f 5702 5704 5703
f 5703 5704 5705
f 5704 5706 5705
f 5705 5706 5707
f 5706 5708 5707
f 5707 5708 5709
f 5708 5710 5709
f 5709 5710 5711
f 5710 5712 5711
f 5711 5712 5713
f 5712 5714 5713
f 5712 5715 5714
f 5715 5716 5714
f 5714 5716 5717
f 5716 5718 5717
f 5717 5718 5719
f 5718 5720 5719
f 5719 5720 5721
f 5720 5722 5721
f 5721 5722 5723
f 5722 5724 5723
f 5725 5726 5727
f 5726 5728 5727
f 5727 5728 5729
f 5728 5730 5729
f 5729 5730 5731
f 5730 5732 5731
f 5731 5732 5733
f 5732 5724 5733
f 5733 5724 5734
f 5724 5722 5734
f 5727 5735 5725
f 5735 5736 5725
f 5725 5736 5737
f 5736 5738 5737
f 5737 5738 5739
f 5738 5740 5739
f 5739 5740 5741
f 5740 5742 5741
f 5741 5742 5743
f 5742 5744 5743
f 5743 5744 5745
f 5744 5746 5745
f 5745 5746 5747
f 5746 5748 5747
f 5747 5748 5749
f 5748 5750 5749
f 5749 5750 5751
f 5750 5752 5751
f 5751 5752 5753
f 5753 5752 5754
f 5752 5755 5754
f 5754 5755 5756
f 5755 5757 5756
f 5756 5757 5758
f 5757 5759 5758
f 5758 5759 5760
f 5759 5761 5760
f 5760 5761 5762
f 5761 5763 5762
f 5762 5763 5764
f 5763 5765 5764
f 5764 5765 5766
f 5765 5767 5766
f 5766 5767 5768
f 5767 5769 5768
f 5768 5769 5770
f 5769 5771 5770
f 5770 5771 5772
f 5771 5773 5772
f 5772 5773 5774
f 5773 5775 5774
f 5774 5775 5776
f 5775 5777 5776
f 5776 5777 5778
f 5777 5779 5778
f 5778 5779 5780
f 5779 5781 5780
f 5780 5781 5782
f 5781 5783 5782
f 5782 5783 5784
f 5783 5785 5784
f 5784 5785 5786
f 5785 5787 5786
f 5786 5787 5788
f 5787 5789 5788
f 5789 5790 5788
f 5788 5790 5791
f 5790 5792 5791
f 5791 5792 5793
f 5792 5794 5793
f 5793 5794 5795
f 5794 5796 5795
f 5795 5796 5797
f 5796 5798 5797
f 5797 5798 5799
f 5798 5800 5799
f 5799 5800 5801
f 5800 5802 5801
f 5802 5803 5801
f 5801 5803 5804
f 5803 5805 5804
f 5804 5805 5806
f 5805 5807 5806
f 5806 5807 5808
f 5808 5807 5809
f 5807 5810 5809
f 5809 5810 5811
f 5810 5812 5811
f 5811 5812 5813
f 5812 5814 5813
f 5813 5814 5815
f 5814 5816 5815
f 5815 5816 5817
f 5816 5818 5817
f 5817 5818 5819
f 5818 5820 5819
f 5820 5821 5819
f 5819 5821 5822
f 5821 5823 5822
f 5822 5823 5824
f 5824 5823 5825
f 5823 5826 5825
f 5825 5826 5827
f 5826 5828 5827
f 5827 5828 5829
f 5828 5830 5829
f 5829 5830 5831
f 5830 5832 5831
f 5831 5832 5833
f 5832 5834 5833
f 5833 5834 5835
f 5834 5836 5835
f 5835 5836 5837
f 5836 5838 5837
f 5837 5838 5839
f 5838 5840 5839
f 5839 5840 5841
f 5840 5842 5841
f 5841 5842 5843
f 5842 5844 5843
f 5843 5844 5845
f 5844 5846 5845
f 5845 5846 5847
f 5846 5848 5847
f 5847 5848 5849
f 5848 5850 5849
f 5849 5850 5851
f 5850 5852 5851
f 5851 5852 5853
f 5852 5854 5853
f 5854 5855 5853
f 5853 5855 5856
f 5855 5857 5856
f 5856 5857 5858
f 5857 5859 5858
f 5858 5859 5860
f 5859 5861 5860
f 5860 5861 5862
f 5861 5863 5862
f 5862 5863 5864
f 5863 5865 5864
f 5864 5865 5866
f 5865 5867 5866
f 5866 5867 5868
f 5867 5869 5868
f 5868 5869 5870
f 5870 5869 5871
f 5869 5872 5871
f 5871 5872 5873
f 5872 5874 5873
f 5873 5874 5875
f 5874 5876 5875
f 5876 5877 5875
f 5875 5877 5878
f 5877 5879 5878
f 5878 5879 5880
f 5880 5879 5880
f 5879 5879 5880
f 5880 5879 5881
f 5879 5882 5881
f 5881 5882 5883
f 5884 5885 5886
f 5885 5887 5886
f 5886 5887 5888
f 5887 5883 5888
f 5888 5883 5889
f 5883 5882 5889
f 5886 5890 5884
f 5890 5891 5884
f 5884 5891 5892
f 5891 5893 5892
f 5892 5893 5894
f 5893 5895 5894
f 5894 5895 5896
f 5895 5897 5896
f 5896 5897 5898
f 5897 5899 5898
f 5898 5899 5900
f 5899 5901 5900
f 5900 5901 5902
f 5902 5901 5903
f 5901 5904 5903
f 5903 5904 5905
f 5904 5906 5905
f 5906 5907 5905
f 5905 5907 5908
f 5907 5909 5908
f 5908 5909 5910
f 5909 5911 5910
f 5910 5911 5912
f 5912 5911 5913
f 5911 5914 5913
f 5913 5914 5915
f 5914 5916 5915
f 5915 5916 5917
f 5916 5918 5917
f 5917 5918 5919
f 5918 5920 5919
f 5919 5920 5921
f 5920 5922 5921
f 5921 5922 5923
f 5922 5924 5923
f 5923 5924 5925
f 5924 5926 5925
f 5925 5926 5927
f 5926 5928 5927
f 5927 5928 5929
f 5928 5930 5929
f 5929 5930 5931
f 5930 5932 5931
f 5931 5932 5933
f 5932 5934 5933
f 5933 5934 5935
f 5934 5936 5935
f 5935 5936 5937
f 5936 5938 5937
f 5937 5938 5939
f 5938 5940 5939
f 5939 5940 5941
f 5940 5942 5941
f 5941 5942 5943
f 5942 5944 5943
f 5943 5944 5945
f 5944 5946 5945
f 5945 5946 5947
f 5946 5948 5947
f 5947 5948 5949
f 5948 5950 5949
f 5949 5950 5951
f 5950 5952 5951
f 5951 5952 5953
f 5952 5954 5953
f 5953 5954 5955
f 5954 5956 5955
f 5955 5956 5957
f 5956 5958 5957
f 5957 5958 5959
f 5958 5960 5959
f 5960 5961 5959
f 5959 5961 5962
f 5961 5963 5962
f 5962 5963 5964
f 5963 5965 5964
f 5964 5965 5966
f 5966 5965 5967
f 5965 5968 5967
f 5967 5968 5969
f 5968 5970 5969
f 5969 5970 5971
f 5970 5972 5971
f 5971 5972 5973
f 5972 5974 5973
f 5974 5975 5973
f 5973 5975 5976
f 5975 5977 5976
f 5976 5977 5978
f 5977 5979 5978
f 5978 5979 5980
f 5979 5981 5980
f 5980 5981 5982
f 5982 5981 5983
f 5981 5984 5983
f 5983 5984 5985
f 5984 5986 5985
f 5985 5986 5987
f 5986 5988 5987
f 5987 5988 5989
f 5988 5990 5989
f 5989 5990 5991
f 5990 5992 5991
f 5991 5992 5993
f 5992 5994 5993
f 5993 5994 5995
f 5994 5996 5995
f 5995 5996 5995
f 5995 5996 5997
f 5996 5998 5997
f 5997 5998 5999
f 5998 6000 5999
f 5999 6000 6001
f 6000 6002 6001
f 6001 6002 6003
f 6002 6004 6003
f 6004 6005 6003
f 6003 6005 6006
f 6005 6007 6006
f 6006 6007 6008
f 6008 6007 6009
f 6007 6010 6009
f 6009 6010 6011
f 6010 6012 6011
f 6011 6012 6013
f 6012 6014 6013
f 6014 6015 6013
f 6013 6015 6016
f 6015 6017 6016
f 6016 6017 6018
f 6017 6019 6018
f 6018 6019 6020
f 6019 6021 6020
f 6020 6021 6022
f 6021 6023 6022
f 6022 6023 6024
f 6023 6025 6024
f 6024 6025 6026
f 6025 6027 6026
f 6025 6028 6027
f 6028 6029 6027
f 6027 6029 6030
f 6029 6031 6030
f 6030 6031 6032
f 6031 6033 6032
f 6032 6033 6034
f 6033 6035 6034
f 6034 6035 6036
f 6035 6037 6036
f 6038 6039 6040
f 6039 6041 6040
f 6040 6041 6042
f 6041 6037 6042
f 6042 6037 6043
f 6037 6035 6043
f 6040 6044 6038
f 6044 6045 6038
f 6038 6045 6046
f 6045 6047 6046
f 6046 6047 6048
f 6049 6050 6051
f 6050 6052 6051
f 6051 6052 6053
f 6052 6054 6053
f 6053 6054 6055
f 6054 6056 6055
f 6055 6056 6057
f 6056 6058 6057
f 6057 6058 6059
f 6058 6060 6059
f 6059 6060 6061
f 6060 6048 6061
f 6061 6048 6062
f 6048 6047 6062
f 6051 6063 6049
f 6063 6064 6049
f 6049 6064 6065
f 6064 6066 6065
f 6065 6066 6067
f 6067 6066 6068
f 6066 6069 6068
f 6068 6069 6070
f 6069 6071 6070
f 6070 6071 6072
f 6071 6073 6072
f 6072 6073 6074
f 6073 6075 6074
f 6074 6075 6076
f 6075 6077 6076
f 6076 6077 6078
f 6077 6079 6078
f 6078 6079 6080
f 6081 6082 6083
f 6082 6084 6083
f 6083 6084 6085
f 6079 6086 6080
f 6086 6087 6080
f 6080 6087 6088
f 6087 6089 6088
f 6088 6089 6090
f 6089 6091 6090
f 6090 6091 6092
f 6091 6093 6092
f 6092 6093 6094
f 6093 6095 6094
f 6094 6095 6096
f 6095 6097 6096
f 6096 6097 6098
f 6097 6099 6098
f 6098 6099 6081
f 6099 6100 6081
f 6081 6100 6082
f 6085 6084 6101
f 6084 6102 6101
f 6101 6102 6103
f 6102 6104 6103
f 6103 6104 6105
f 6104 6106 6105
f 6105 6106 6107
f 6106 6108 6107
f 6107 6108 6109
f 6108 6110 6109
f 6109 6110 6111
f 6110 6112 6111
f 6112 6113 6111
f 6111 6113 6114
f 6113 6115 6114
f 6114 6115 6116
f 6116 6115 6117
f 6115 6118 6117
f 6117 6118 6119
f 6118 6120 6119
f 6119 6120 6121
f 6120 6122 6121
f 6121 6122 6123
f 6122 6124 6123
f 6123 6124 6125
f 6124 6126 6125
f 6125 6126 6127
f 6126 6128 6127
f 6127 6128 6129
f 6128 6130 6129
f 6129 6130 6131
f 6130 6132 6131
f 6131 6132 6133
f 6132 6134 6133
f 6133 6134 6135
f 6134 6136 6135
f 6135 6136 6137
f 6136 6138 6137
f 6137 6138 6139
f 6138 6140 6139
f 6139 6140 6141
f 6140 6142 6141
f 6141 6142 6143
f 6142 6144 6143
f 6143 6144 6145
f 6144 6146 6145
f 6145 6146 6147
f 6146 6148 6147
f 6147 6148 6149
f 6148 6150 6149
f 6149 6150 6151
f 6150 6152 6151
f 6151 6152 6153
f 6152 6154 6153
f 6153 6154 6155
f 6154 6156 6155
f 6155 6156 6157
f 6156 6158 6157
f 6157 6158 6159
f 6158 6160 6159
f 6159 6160 6161
f 6160 6162 6161
f 6161 6162 6163
f 6162 6164 6163
f 6163 6164 6165
f 6166 6167 6168
f 6167 6169 6168
f 6168 6169 6170
f 6169 6165 6170
f 6170 6165 6171
f 6165 6164 6171
f 6168 6172 6166
f 6172 6173 6166
f 6166 6173 6174
f 6173 6175 6174
f 6174 6175 6176
f 6175 6177 6176
f 6176 6177 6178
f 6177 6179 6178
f 6178 6179 6180
f 6179 6181 6180
f 6180 6181 6182
f 6181 6183 6182
f 6182 6183 6184
f 6183 6185 6184
f 6186 6187 6188
f 6187 6189 6188
f 6188 6189 6190
f 6189 6191 6190
f 6190 6191 6192
f 6191 6193 6192
f 6192 6193 6194
f 6193 6195 6194
f 6194 6195 6196
f 6195 6195 6196
f 6196 6195 6196
f 6195 6197 6196
f 6196 6197 6198
f 6197 6199 6198
f 6198 6199 6200
f 6199 6201 6200
f 6200 6201 6202
f 6201 6185 6202
f 6202 6185 6203
f 6185 6183 6203
f 6188 6204 6186
f 6204 6205 6186
f 6186 6205 6206
f 6205 6207 6206
f 6206 6207 6208
f 6207 6209 6208
f 6208 6209 6210
f 6209 6211 6210
f 6210 6211 6212
f 6211 6213 6212
f 6212 6213 6214
f 6213 6215 6214
f 6214 6215 6216
f 6215 6217 6216
f 6216 6217 6218
f 6217 6219 6218
f 6218 6219 6220
f 6219 6221 6220
f 6220 6221 6222
f 6222 6221 6223
f 6221 6224 6223
f 6223 6224 6225
f 6224 6226 6225
f 6225 6226 6227
f 6226 6228 6227
f 6227 6228 6229
f 6228 6230 6229
f 6229 6230 6231
f 6230 6232 6231
f 6231 6232 6233
f 6232 6234 6233
f 6233 6234 6235
f 6234 6236 6235
f 6235 6236 6237
f 6236 6238 6237
f 6237 6238 6239
f 6238 6240 6239
f 6239 6240 6241
f 6240 6242 6241
f 6241 6242 6243
f 6242 6244 6243
f 6243 6244 6245
f 6244 6246 6245
f 6245 6246 6247
f 6246 6248 6247
f 6247 6248 6249
f 6248 6250 6249
f 6249 6250 6251
f 6250 6252 6251
f 6251 6252 6253
f 6252 6254 6253
f 6253 6254 6255
f 6254 6256 6255
f 6255 6256 6257
f 6256 6258 6257
f 6257 6258 6259
f 6258 6260 6259
f 6259 6260 6261
f 6260 6262 6261
f 6261 6262 6263
f 6262 6264 6263
f 6263 6264 6265
f 6264 6266 6265
f 6265 6266 6267
f 6266 6268 6267
f 6267 6268 6269
f 6268 6270 6269
f 6270 6271 6269
f 6269 6271 6272
f 6271 6273 6272
f 6272 6273 6274
f 6273 6275 6274
f 6274 6275 6276
f 6276 6275 6277
f 6275 6278 6277
f 6277 6278 6279
f 6278 6280 6279
f 6279 6280 6281
f 6280 6282 6281
f 6281 6282 6283
f 6282 6284 6283
f 6283 6284 6285
f 6284 6286 6285
f 6285 6286 6287
f 6286 6288 6287
f 6287 6288 6289
f 6288 6290 6289
f 6289 6290 6291
f 6290 6292 6291
f 6291 6292 6293
f 6292 6294 6293
f 6293 6294 6295
f 6294 6296 6295
f 6295 6296 6297
f 6296 6298 6297
f 6297 6298 6299
f 6298 6300 6299
f 6299 6300 6301
f 6300 6302 6301
f 6301 6302 6303
f 6302 6304 6303
f 6303 6304 6305
f 6304 6306 6305
f 6305 6306 6307
f 6306 6308 6307
f 6307 6308 6309
f 6308 6310 6309
f 6309 6310 6311
f 6310 6312 6311
f 6311 6312 6313
f 6312 6314 6313
f 6313 6314 6315
f 6314 6316 6315
f 6315 6316 6317
f 6316 6318 6317
f 6317 6318 6319
f 6318 6320 6319
f 6319 6320 6321
f 6320 6322 6321
f 6321 6322 6323
f 6322 6324 6323
f 6323 6324 6325
f 6324 6326 6325
f 6325 6326 6327
f 6326 6328 6327
f 6327 6328 6329
f 6328 6330 6329
f 6329 6330 6331
f 6330 6332 6331
f 6332 6333 6331
f 6331 6333 6334
f 6333 6335 6334
f 6334 6335 6336
f 6336 6335 6337
f 6335 6338 6337
f 6337 6338 6339
f 6338 6340 6339
f 6339 6340 6341
f 6340 6342 6341
f 6342 6343 6341
f 6341 6343 6344
f 6343 6345 6344
f 6344 6345 6346
f 6345 6347 6346
f 6346 6347 6348
f 6347 6349 6348
f 6348 6349 6350
f 6351 6352 6353
f 6352 6354 6353
f 6353 6354 6355
f 6350 6349 6356
f 6349 6357 6356
f 6356 6357 6358
f 6357 6359 6358
f 6358 6359 6360
f 6359 6361 6360
f 6360 6361 6362
f 6361 6363 6362
f 6362 6363 6364
f 6363 6365 6364
f 6364 6365 6366
f 6365 6367 6366
f 6366 6367 6368
f 6367 6369 6368
f 6368 6369 6351
f 6369 6370 6351
f 6351 6370 6352
f 6355 6354 6371
f 6354 6372 6371
f 6371 6372 6373
f 6372 6374 6373
f 6373 6374 6375
f 6374 6376 6375
f 6375 6376 6377
f 6376 6378 6377
f 6377 6378 6379
f 6378 6380 6379
f 6379 6380 6381
f 6380 6382 6381
f 6381 6382 6383
f 6382 6384 6383
f 6383 6384 6385
f 6384 6386 6385
f 6385 6386 6387
f 6386 6388 6387
f 6388 6389 6387
f 6387 6389 6390
f 6389 6391 6390
f 3680 3679 6392
f 3679 6393 6392
f 6392 6393 6394
f 6393 6395 6394
f 6394 6395 6396
f 6395 6397 6396
f 6396 6397 6398
f 6397 6399 6398
f 6398 6399 6391
f 6399 6400 6391
f 6391 6400 6390
f 6401 6402 6403
f 3680 6404 3678
f 6404 6405 3678
f 3678 6405 6406
f 6405 6407 6406
f 6406 6407 6408
f 6407 6409 6408
f 6408 6409 6403
f 6409 6410 6403
f 6403 6410 6401
f 6402 6401 6411
f 6401 6412 6411
f 6411 6412 6413
f 6412 6414 6413
f 6413 6414 6415
f 6414 6416 6415
f 6415 6416 6417
f 6416 6418 6417
f 6418 6419 6417
f 6417 6419 6420
f 6419 6421 6420
f 6420 6421 6422
f 6421 6423 6422
f 6422 6423 6424
f 6424 6423 6425
f 6423 6426 6425
f 6425 6426 6427
f 6426 6428 6427
f 6427 6428 6429
f 6428 6430 6429
f 6429 6430 6431
f 6430 6432 6431
f 6431 6432 6433
f 6432 6434 6433
f 6433 6434 6435
f 6434 6436 6435
f 6435 6436 6437
f 6436 6438 6437
f 6437 6438 6439
f 6438 6440 6439
f 6439 6440 6441
f 6440 6442 6441
f 6441 6442 6443
f 6442 6444 6443
f 6443 6444 6445
f 6444 6446 6445
f 6445 6446 6447
f 6446 6448 6447
f 6447 6448 6449
f 6448 6450 6449
f 6449 6450 6451
f 6450 6452 6451
f 6451 6452 6453
f 6452 6454 6453
f 6453 6454 6455
f 6454 6456 6455
f 6455 6456 6457
f 6456 6458 6457
f 6457 6458 6459
f 6458 6460 6459
f 6459 6460 6461
f 6460 6462 6461
f 6461 6462 6463
f 6462 6464 6463
f 6463 6464 6465
f 6464 6466 6465
f 6465 6466 6467
f 6466 6468 6467
f 6467 6468 6469
f 6468 6470 6469
f 6469 6470 6471
f 6470 6472 6471
f 6472 6473 6471
f 6471 6473 6474
f 6473 6475 6474
f 6474 6475 6476
f 6476 6475 6477
f 6475 6478 6477
f 6477 6478 6479
f 6478 6480 6479
f 6479 6480 6481
f 6480 6482 6481
f 6481 6482 6483
f 6482 6484 6483
f 6483 6484 6485
f 6484 6486 6485
f 6486 6487 6485
f 6485 6487 6488
f 6487 6489 6488
f 6488 6489 6490
f 6489 6491 6490
f 6490 6491 6492
f 6491 6493 6492
f 6492 6493 6494
f 6494 6493 6495
f 6493 6496 6495
f 6495 6496 6497
f 6496 6498 6497
f 6497 6498 6499
f 6498 6500 6499
f 6500 6501 6499
f 6499 6501 6502
f 6501 6503 6502
f 6502 6503 6504
f 6503 6505 6504
f 6503 6506 6505
f 6506 6507 6505
f 6505 6507 6508
f 6507 6509 6508
f 6508 6509 6510
f 6510 6509 6511
f 6509 6512 6511
f 6511 6512 6513
f 6512 6514 6513
f 6513 6514 6515
f 6514 6516 6515
f 6515 6516 6517
f 6516 6518 6517
f 6517 6518 6519
f 6520 6521 6522
f 6521 6523 6522
f 6522 6523 6524
f 6523 6525 6524
f 6524 6525 6526
f 6525 6527 6526
f 6526 6527 6528
f 6527 6519 6528
f 6528 6519 6529
f 6519 6518 6529
f 6522 6530 6520
f 6530 6531 6520
f 6520 6531 6532
f 6531 6533 6532
f 6532 6533 6534
f 6535 6536 6537
f 6536 6538 6537
f 6537 6538 6539
f 6534 6533 6540
f 6533 6541 6540
f 6540 6541 6542
f 6541 6543 6542
f 6542 6543 6544
f 6543 6545 6544
f 6544 6545 6546
f 6545 6547 6546
f 6546 6547 6548
f 6547 6549 6548
f 6548 6549 6550
f 6549 6551 6550
f 6550 6551 6552
f 6551 6553 6552
f 6552 6553 6554
f 6553 6555 6554
f 6554 6555 6556
f 6555 6557 6556
f 6556 6557 6558
f 6557 6559 6558
f 6558 6559 6560
f 6559 6561 6560
f 6560 6561 6562
f 6561 6563 6562
f 6562 6563 6564
f 6563 6565 6564
f 6564 6565 6535
f 6565 6566 6535
f 6535 6566 6536
f 6539 6538 6567
f 6538 6568 6567
f 6567 6568 6569
f 6568 6570 6569
f 6569 6570 6571
f 6570 6572 6571
f 6571 6572 6573
f 6572 6574 6573
f 6573 6574 6575
f 6574 6576 6575
f 6575 6576 6577
f 6576 6578 6577
f 6578 6579 6577
f 6577 6579 6580
f 6579 6581 6580
f 6580 6581 6582
f 6582 6581 6583
f 6581 6584 6583
f 6583 6584 6585
f 6584 6586 6585
f 6585 6586 6587
f 6586 6588 6587
f 6587 6588 6589
f 6588 6590 6589
f 6589 6590 6591
f 6590 6592 6591
f 6591 6592 6593
f 6592 6594 6593
f 6593 6594 6595
f 6594 6596 6595
f 6595 6596 6597
f 6596 6598 6597
f 6597 6598 6599
f 6598 6600 6599
f 6599 6600 6601
f 6600 6602 6601
f 6601 6602 6603
f 6602 6604 6603
f 6603 6604 6605
f 6604 6606 6605
f 6605 6606 6607
f 6606 6608 6607
f 6607 6608 6609
f 6608 6610 6609
f 6609 6610 6611
f 6610 6612 6611
f 6611 6612 6613
f 6612 6614 6613
f 6613 6614 6615
f 6614 6616 6615
f 6615 6616 6617
f 6616 6618 6617
f 6617 6618 6619
f 6618 6620 6619
f 6619 6620 6621
f 6620 6622 6621
f 6621 6622 6623
f 6622 6624 6623
f 6623 6624 6625
f 6624 6626 6625
f 6625 6626 6627
f 6626 6628 6627
f 6627 6628 6629
f 6628 6630 6629
f 6629 6630 6631
f 6630 6632 6631
f 6632 6633 6631
f 6631 6633 6634
f 6633 6635 6634
f 6634 6635 6636
f 6636 6635 6637
f 6635 6638 6637
f 6637 6638 6639
f 6638 6640 6639
f 6639 6640 6641
f 6640 6642 6641
f 6642 6643 6641
f 6641 6643 6644
f 6643 6645 6644
f 6644 6645 6646
f 6645 6647 6646
f 6646 6647 6648
f 6647 6649 6648
f 6648 6649 6650
f 6649 6649 6650
f 6650 6649 6651
f 6649 6652 6651
f 6651 6652 6653
f 6652 6654 6653
f 6653 6654 6655
f 6654 6656 6655
f 6655 6656 3676
f 6656 6657 3676
f 3676 6657 3677
f 3675 3677 6658
f 3677 6659 6658
f 6658 6659 6660
f 6659 6661 6660
f 6660 6661 6662
f 6661 6663 6662
f 6662 6663 6664
f 6663 6665 6664
f 6664 6665 6666
f 6665 6667 6666
f 6666 6667 6668
f 6667 6669 6668
f 6668 6669 6670
f 6669 6671 6670
f 6670 6671 6672
f 6671 6673 6672
f 6673 6674 6672
f 6672 6674 6675
f 6674 6676 6675
f 6675 6676 6677
f 6677 6676 6678
f 6676 6679 6678
f 6678 6679 6680
f 6679 6681 6680
f 6680 6681 6682
f 6681 6683 6682
f 6683 6684 6682
f 6682 6684 6685
f 6684 6686 6685
f 6685 6686 6687
f 6686 6688 6687
f 6687 6688 6689
f 6688 6690 6689
f 6689 6690 6691
f 6690 6692 6691
f 6690 6693 6692
f 6693 6694 6692
f 6692 6694 6695
f 6694 6696 6695
f 6695 6696 6697
f 6696 6698 6697
f 6697 6698 6699
f 6698 6700 6699
f 6699 6700 6701
f 6702 6703 6704
f 6701 6700 6705
f 6700 6706 6705
f 6705 6706 6707
f 6706 6708 6707
f 6707 6708 6709
f 6708 6710 6709
f 6709 6710 6711
f 6710 6712 6711
f 6711 6712 6713
f 6712 6714 6713
f 6713 6714 6703
f 6714 6715 6703
f 6703 6715 6704
f 6704 6716 6702
f 6716 6717 6702
f 6702 6717 6718
f 6717 6719 6718
f 6718 6719 6720
f 6719 6721 6720
f 6720 6721 6722
f 6721 6723 6722
f 6722 6723 6724
f 6723 6725 6724
f 6724 6725 6726
f 6725 6727 6726
f 6726 6727 6728
f 6727 6729 6728
f 6728 6729 6730
f 6729 6731 6730
f 6730 6731 6732
f 6731 6733 6732
f 6732 6733 6734
f 6733 6735 6734
f 6734 6735 6736
f 6736 6735 6737
f 6735 6738 6737
f 6737 6738 6739
f 6738 6740 6739
f 6739 6740 6741
f 6740 6742 6741
f 6741 6742 6743
f 6742 6744 6743
f 6743 6744 6745
f 6744 6746 6745
f 6745 6746 6747
f 6746 6748 6747
f 6747 6748 6749
f 6748 6750 6749
f 6749 6750 6751
f 6750 6752 6751
f 6751 6752 6753
f 6752 6754 6753
f 6753 6754 6755
f 6754 6756 6755
f 6755 6756 6757
f 6756 6758 6757
f 6757 6758 6759
f 6758 6760 6759
f 6759 6760 6761
f 6760 6762 6761
f 6761 6762 6763
f 6762 6764 6763
f 6763 6764 6765
f 6764 6766 6765
f 6765 6766 6767
f 6766 6768 6767
f 6767 6768 6769
f 6768 6770 6769
f 6769 6770 6771
f 6770 6772 6771
f 6771 6772 6773
f 6772 6774 6773
f 6773 6774 6775
f 6774 6776 6775
f 6775 6776 6777
f 6776 6778 6777
f 6777 6778 6779
f 6778 6780 6779
f 6780 6781 6779
f 6779 6781 6782
f 6781 6783 6782
f 6782 6783 6784
f 6784 6783 6785
f 6783 6786 6785
f 6785 6786 6787
f 6786 6788 6787
f 6787 6788 6789
f 6788 6790 6789
f 6789 6790 6791
f 6790 6792 6791
f 6791 6792 6793
f 6792 6794 6793
f 6793 6794 6795
f 6794 6796 6795
f 6795 6796 6797
f 6796 6798 6797
f 6798 6799 6797
f 6797 6799 6800
f 6799 6801 6800
f 6800 6801 6802
f 6802 6801 6803
f 6801 6804 6803
f 6803 6804 6805
f 6804 6806 6805
f 6805 6806 6807
f 6806 6808 6807
f 6807 6808 6809
f 6808 6810 6809
f 6809 6810 6811
f 6810 6812 6811
f 6812 6813 6811
f 6811 6813 6814
f 6813 6815 6814
f 6814 6815 6816
f 6817 6818 6819
f 6818 6820 6819
f 6819 6820 6821
f 6816 6815 6822
f 6815 6823 6822
f 6822 6823 6824
f 6823 6825 6824
f 6824 6825 6826
f 6825 6827 6826
f 6826 6827 6828
f 6827 6829 6828
f 6828 6829 6830
f 6829 6831 6830
f 6830 6831 6832
f 6831 6833 6832
f 6832 6833 6834
f 6833 6835 6834
f 6834 6835 6817
f 6835 6836 6817
f 6817 6836 6818
f 6821 6820 6837
f 6820 6838 6837
f 6837 6838 6839
f 6838 6840 6839
f 6839 6840 6841
f 6840 6842 6841
f 6841 6842 6843
f 6842 6844 6843
f 6844 6844 6843
f 6843 6844 6845
f 6844 6846 6845
f 6845 6846 6847
f 6847 6846 6848
f 6846 6849 6848
f 6848 6849 6850
f 6849 6851 6850
f 6850 6851 6852
f 6851 6853 6852
f 6853 6854 6852
f 6852 6854 6855
f 6854 6856 6855
f 6855 6856 6857
f 6857 6856 6858
f 6856 6859 6858
f 6858 6859 6860
f 6859 6861 6860
f 6860 6861 6862
f 6861 6863 6862
f 6862 6863 6864
f 6863 6865 6864
f 6864 6865 6866
f 6865 6867 6866
f 6866 6867 6868
f 6867 6869 6868
f 6868 6869 6870
f 6869 6871 6870
f 6871 6872 6870
f 6870 6872 6873
f 6872 6874 6873
f 6873 6874 6875
f 6874 6876 6875
f 6875 6876 6877
f 6876 6878 6877
f 6877 6878 6879
f 6878 6880 6879
f 6879 6880 6881
f 6881 6880 6882
f 6880 6883 6882
f 6882 6883 6884
f 6883 6885 6884
f 6885 6886 6884
f 6884 6886 6887
f 6886 6888 6887
f 6887 6888 6889
f 6888 6890 6889
f 6889 6890 6891
f 6891 6890 6892
f 6890 6893 6892
f 6892 6893 6894
f 6893 6895 6894
f 6894 6895 6896
f 6895 6897 6896
f 6896 6897 6898
f 6897 6899 6898
f 6898 6899 6900
f 6899 6901 6900
f 6900 6901 6902
f 6901 6903 6902
f 6902 6903 6904
f 6903 6905 6904
f 6904 6905 6906
f 6905 6907 6906
f 6906 6907 6908
f 6907 6909 6908
f 6908 6909 6910
f 6909 6911 6910
f 6910 6911 6912
f 6911 6913 6912
f 6912 6913 6914
f 6913 6915 6914
f 6914 6915 6916
f 6915 6917 6916
f 6916 6917 6918
f 6917 6919 6918
f 6918 6919 6920
f 6919 6921 6920
f 6920 6921 6922
f 6921 6923 6922
f 6922 6923 6924
f 6923 6925 6924
f 6924 6925 6926
f 6925 6927 6926
f 6926 6927 6928
f 6927 6929 6928
f 6928 6929 6930
f 6929 6931 6930
f 6930 6931 6932
f 6931 6933 6932
f 6932 6933 6934
f 6933 6935 6934
f 6934 6935 6936
f 6935 6937 6936
f 6936 6937 6938
f 6937 6939 6938
f 6939 6940 6938
f 6938 6940 6941
f 6940 6942 6941
f 6941 6942 6943
f 6943 6942 6944
f 6942 6945 6944
f 6944 6945 6946
f 6945 6947 6946
f 6946 6947 6948
f 6947 6949 6948
f 6948 6949 6950
f 6949 6951 6950
f 6950 6951 6952
f 6951 6953 6952
f 6953 6954 6952
f 6952 6954 6955
f 6954 6956 6955
f 6955 6956 6957
f 6956 6958 6957
f 6957 6958 6959
f 6958 6960 6959
f 6959 6960 6961
f 6961 6960 6962
f 6960 6963 6962
f 6962 6963 6964
f 6963 6965 6964
f 6964 6965 6966
f 6965 6967 6966
f 6967 6968 6966
f 6966 6968 6969
f 6968 6970 6969
f 6971 6972 6973
f 6971 6973 6974
f 6973 6975 6974
f 6974 6975 6976
f 6975 6975 6976
f 6976 6975 6977
f 6975 6978 6977
f 6977 6978 6970
f 6978 6979 6970
f 6970 6979 6969
f 6972 6971 6980
f 6971 6981 6980
f 6980 6981 6982
f 6981 6983 6982
f 6982 6983 6984
f 6983 6985 6984
f 6985 6986 6984
f 6984 6986 6987
f 6986 6988 6987
f 6987 6988 6989
f 6989 6988 6990
f 6988 6991 6990
f 6990 6991 6992
f 6991 6993 6992
f 6992 6993 6994
f 6993 6995 6994
f 6994 6995 3673
f 6995 6996 3673
f 3673 6996 3674
f 3672 3674 6997
f 3674 6998 6997
f 6997 6998 6999
f 6998 7000 6999
f 7000 7001 6999
f 6999 7001 7002
f 7001 7003 7002
f 7002 7003 7004
f 7003 7005 7004
f 7004 7005 7006
f 7005 7007 7006
f 7006 7007 7008
f 7007 7009 7008
f 7008 7009 7010
f 7009 7011 7010
f 7010 7011 7012
f 7011 7013 7012
f 7012 7013 7014
f 7014 7013 7015
f 7013 7016 7015
f 7015 7016 7017
f 7016 7018 7017
f 7018 7019 7017
f 7017 7019 7020
f 7019 7021 7020
f 7020 7021 7022
f 7021 7023 7022
f 7021 7024 7023
f 7024 7025 7023
f 7023 7025 7026
f 7025 7027 7026
f 7026 7027 7028
f 7027 7029 7028
f 7028 7029 7030
f 7029 7031 7030
f 7030 7031 7032
f 7032 7031 7033
f 7031 7034 7033
f 7033 7034 7035
f 7034 7036 7035
f 7035 7036 7037
f 7036 7038 7037
f 7037 7038 7039
f 7038 7040 7039
f 7039 7040 7041
f 7040 7042 7041
f 7041 7042 7043
f 7042 7044 7043
f 7043 7044 7045
f 7044 7046 7045
f 7045 7046 7047
f 7046 7048 7047
f 7047 7048 7049
f 7049 7048 7050
f 7048 7051 7050
f 7050 7051 7052
f 7051 7053 7052
f 7052 7053 7054
f 7053 7055 7054
f 7055 7056 7054
f 7054 7056 7057
f 7056 7058 7057
f 7057 7058 7059
f 7058 7060 7059
f 7059 7060 7061
f 7060 7062 7061
f 7061 7062 7063
f 7063 7062 7064
f 7062 7065 7064
f 7064 7065 7066
f 7065 7067 7066
f 7066 7067 7068
f 7067 7069 7068
f 7068 7069 7070
f 7069 7071 7070
f 7071 7072 7070
f 7070 7072 7073
f 7072 7074 7073
f 7073 7074 7075
f 7076 7077 7078
f 7077 7075 7078
f 7078 7075 7079
f 7075 7074 7079
f 7080 7081 7082
f 7082 7081 7083
f 7081 7084 7083
f 7083 7084 7085
f 7084 7086 7085
f 7085 7086 7087
f 7086 7088 7087
f 7087 7088 7076
f 7088 7089 7076
f 7076 7089 7077
f 7080 7082 7080
f 7082 7090 7080
f 7080 7090 7091
f 7090 7092 7091
f 7092 7093 7091
f 7091 7093 7094
f 7093 7095 7094
f 7094 7095 7096
f 7095 7097 7096
f 7096 7097 7098
f 7097 7099 7098
f 7098 7099 7100
f 7099 7101 7100
f 7100 7101 7102
f 7101 7103 7102
f 7102 7103 7104
f 7103 7105 7104
f 7104 7105 7106
f 7106 7105 7107
f 7105 7108 7107
f 7107 7108 7109
f 7108 7110 7109
f 7109 7110 7111
f 7110 7112 7111
f 7111 7112 7113
f 7112 7114 7113
f 7113 7114 7115
f 7114 7116 7115
f 7116 7117 7115
f 7115 7117 7118
f 7117 7119 7118
f 7118 7119 7120
f 7119 7121 7120
f 7120 7121 7122
f 7121 7123 7122
f 7122 7123 7124
f 7124 7123 7125
f 7123 7126 7125
f 7125 7126 7127
f 7126 7128 7127
f 7127 7128 7129
f 7128 7130 7129
f 7129 7130 7131
f 7130 7132 7131
f 7131 7132 7133
f 7132 7134 7133
f 7133 7134 7135
f 7134 7136 7135
f 7135 7136 7137
f 7136 7138 7137
f 7137 7138 7139
f 7138 7140 7139
f 7139 7140 7141
f 7140 7142 7141
f 7141 7142 7143
f 7142 7144 7143
f 7143 7144 7145
f 7144 7146 7145
f 7145 7146 7147
f 7146 7148 7147
f 7147 7148 7149
f 7148 7150 7149
f 7149 7150 7151
f 7150 7152 7151
f 7152 7153 7151
f 7151 7153 7154
f 7153 7155 7154
f 7154 7155 7156
f 7155 7157 7156
f 7156 7157 7158
f 7158 7157 7159
f 7157 7160 7159
f 7159 7160 7161
f 7160 7162 7161
f 7161 7162 7163
f 7162 7164 7163
f 7163 7164 7165
f 7164 7166 7165
f 7165 7166 7167
f 7166 7168 7167
f 7167 7168 7169
f 7168 7170 7169
f 7169 7170 7171
f 7170 7172 7171
f 7171 7172 7173
f 7172 7174 7173
f 7173 7174 7175
f 7174 7176 7175
f 7175 7176 7177
f 7177 7176 7178
f 7176 7179 7178
f 7178 7179 7180
f 7179 7181 7180
f 7180 7181 7182
f 7183 7184 7185
f 7184 7186 7185
f 7185 7186 7187
f 7186 7188 7187
f 7181 7189 7182
f 7189 7190 7182
f 7182 7190 7191
f 7190 7190 7191
f 7191 7190 7192
f 7190 7193 7192
f 7192 7193 7194
f 7193 7195 7194
f 7194 7195 7196
f 7195 7197 7196
f 7196 7197 7198
f 7197 7188 7198
f 7198 7188 7199
f 7188 7186 7199
f 7200 7201 7202
f 7200 7202 7203
f 7202 7204 7203
f 7203 7204 7205
f 7204 7206 7205
f 7205 7206 7207
f 7206 7208 7207
f 7207 7208 7183
f 7208 7209 7183
f 7183 7209 7184
f 7201 7200 7210
f 7200 7211 7210
f 7210 7211 7212
f 7211 7213 7212
f 7212 7213 7214
f 7213 7215 7214
f 7214 7215 7216
f 7215 7217 7216
f 7217 7218 7216
f 7216 7218 7219
f 7218 7220 7219
f 7219 7220 7221
f 7221 7220 7222
f 7220 7223 7222
f 7222 7223 7224
f 7223 7225 7224
f 7224 7225 7226
f 7225 7227 7226
f 7226 7227 7228
f 7227 7229 7228
f 7228 7229 7230
f 7229 7231 7230
f 7230 7231 7232
f 7231 7233 7232
f 7232 7233 7234
f 7233 7235 7234
f 7234 7235 7236
f 7235 7237 7236
f 7237 7238 7236
f 7236 7238 7239
f 7238 7240 7239
f 7239 7240 7241
f 7240 7242 7241
f 7241 7242 7243
f 7242 7244 7243
f 7243 7244 7245
f 7244 7246 7245
f 7245 7246 7247
f 7246 7248 7247
f 7247 7248 7249
f 7248 7250 7249
f 7250 7251 7249
f 7249 7251 7252
f 7251 7253 7252
f 7253 7254 7252
f 7252 7254 7255
f 7254 7256 7255
f 7256 7257 7255
f 7255 7257 7258
f 7259 7260 7261
f 7260 7258 7261
f 7261 7258 7262
f 7258 7257 7262
f 7259 7263 7260
f 7263 7264 7260
f 7260 7264 7265
f 7264 7266 7265
f 7266 7267 7265
f 7265 7267 7268
f 7267 7269 7268
f 7269 7270 7268
f 7268 7270 7271
f 7272 7273 7274
f 7273 7271 7274
f 7274 7271 7275
f 7271 7270 7275
f 7272 7276 7273
f 7276 7277 7273
f 7273 7277 7278
f 7277 7279 7278
f 7279 7280 7278
f 7278 7280 7281
f 7280 7282 7281
f 7282 7283 7281
f 7281 7283 7284
f 7285 7286 7287
f 7286 7284 7287
f 7287 7284 7288
f 7284 7283 7288
f 7285 7285 7286
f 7285 7289 7286
f 7286 7289 7290
f 7289 7291 7290
f 7291 7292 7290
f 7290 7292 3671
f 7292 7293 3671
f 3671 7293 3670
f 7294 7295 7296
f 7295 7297 7296
f 7296 7297 7298
f 7297 7299 7298
f 7298 7299 7300
f 7299 7301 7300
f 7300 7301 7302
f 7301 7303 7302
f 7302 7303 7304
f 7303 7305 7304
f 7304 7305 7306
f 7305 7307 7306
f 7306 7307 7308
f 7307 7309 7308
f 7308 7309 7310
f 7309 7311 7310
f 7310 7311 7312
f 7311 7313 7312
f 7312 7313 7314
f 7313 7315 7314
f 7314 7315 7316
f 7315 7317 7316
f 7316 7317 7318
f 7317 7319 7318
f 7318 7319 7320
f 7319 7321 7320
f 7320 7321 7322
f 7321 7323 7322
f 7322 7323 7324
f 7323 7325 7324
f 7324 7325 7326
f 7325 7327 7326
f 7326 7327 7328
f 7327 7329 7328
f 7328 7329 7330
f 7329 7331 7330
f 7330 7331 7332
f 7331 7333 7332
f 7332 7333 7334
f 7333 7335 7334
f 7334 7335 7336
f 7335 7337 7336
f 7336 7337 7338
f 7337 7339 7338
f 7338 7339 7340
f 7339 7341 7340
f 7340 7341 7342
f 7341 7343 7342
f 7342 7343 7344
f 7343 7345 7344
f 7344 7345 7346
f 7345 7347 7346
f 7346 7347 7348
f 7347 7349 7348
f 7348 7349 7350
f 7349 7351 7350
f 7350 7351 7352
f 7351 7353 7352
f 7352 7353 7354
f 7353 7355 7354
f 7354 7355 7356
f 7355 7357 7356
f 7356 7357 7358
f 7357 7359 7358
f 7358 7359 7360
f 7359 7361 7360
f 7360 7361 7362
f 7361 7363 7362
f 7362 7363 7364
f 7363 7365 7364
f 7364 7365 7366
f 7365 7367 7366
f 7366 7367 7368
f 7367 7369 7368
f 7368 7369 7370
f 7369 7371 7370
f 7370 7371 7372
f 7371 7373 7372
f 7372 7373 7374
f 7373 7375 7374
f 7374 7375 7376
f 7375 7377 7376
f 7376 7377 7378
f 7377 7379 7378
f 7378 7379 7380
f 7379 7381 7380
f 7380 7381 7382
f 7381 7383 7382
f 7382 7383 7384
f 7383 7385 7384
f 7384 7385 7386
f 7385 7387 7386
f 7386 7387 7388
f 7387 7389 7388
f 7388 7389 7390
f 7389 7391 7390
f 7390 7391 7392
f 7391 7393 7392
f 7392 7393 7394
f 7393 7395 7394
f 7394 7395 7396
f 7395 7397 7396
f 7396 7397 7398
f 7397 7399 7398
f 7398 7399 7400
f 7399 7401 7400
f 7400 7401 7402
f 7401 7403 7402
f 7402 7403 7404
f 7403 7405 7404
f 7404 7405 7406
f 7405 7407 7406
f 7406 7407 7408
f 7407 7409 7408
f 7408 7409 7410
f 7409 7411 7410
f 7410 7411 7412
f 7411 7413 7412
f 7412 7413 7414
f 7413 7415 7414
f 7414 7415 7416
f 7415 7417 7416
f 7416 7417 7418
f 7417 7419 7418
f 7418 7419 7420
f 7419 7421 7420
f 7420 7421 7422
f 7421 7423 7422
f 7422 7423 7424
f 7423 7425 7424
f 7424 7425 7426
f 7425 7427 7426
f 7426 7427 7428
f 7427 7429 7428
f 7428 7429 7430
f 7429 7431 7430
f 7430 7431 7432
f 7431 7433 7432
f 7432 7433 7434
f 7433 7435 7434
f 7434 7435 7436
f 7435 7437 7436
f 7436 7437 7294
f 7437 7295 7294
f 7437 7438 7295
f 7438 7439 7295
f 7295 7439 7297
f 7439 7440 7297
f 7297 7440 7299
f 7440 7441 7299
f 7299 7441 7301
f 7441 7442 7301
f 7301 7442 7303
f 7442 7443 7303
f 7303 7443 7305
f 7443 7444 7305
f 7305 7444 7307
f 7444 7445 7307
f 7307 7445 7309
f 7445 7446 7309
f 7309 7446 7311
f 7446 7447 7311
f 7311 7447 7313
f 7447 7448 7313
f 7313 7448 7315
f 7448 7449 7315
f 7315 7449 7317
f 7449 7450 7317
f 7317 7450 7319
f 7450 7451 7319
f 7319 7451 7321
f 7451 7452 7321
f 7321 7452 7323
f 7452 7453 7323
f 7323 7453 7325
f 7453 7454 7325
f 7325 7454 7327
f 7454 7455 7327
f 7327 7455 7329
f 7455 7456 7329
f 7329 7456 7331
f 7456 7457 7331
f 7331 7457 7333
f 7457 7458 7333
f 7333 7458 7335
f 7458 7459 7335
f 7335 7459 7337
f 7459 7460 7337
f 7337 7460 7339
f 7460 7461 7339
f 7339 7461 7341
f 7461 7462 7341
f 7341 7462 7343
f 7462 7463 7343
f 7343 7463 7345
f 7463 7464 7345
f 7345 7464 7347
f 7464 7465 7347
f 7347 7465 7349
f 7465 7466 7349
f 7349 7466 7351
f 7466 7467 7351
f 7351 7467 7353
f 7467 7468 7353
f 7353 7468 7355
f 7468 7469 7355
f 7355 7469 7357
f 7469 7470 7357
f 7357 7470 7359
f 7470 7471 7359
f 7359 7471 7361
f 7471 7472 7361
f 7361 7472 7363
f 7472 7473 7363
f 7363 7473 7365
f 7473 7474 7365
f 7365 7474 7367
f 7474 7475 7367
f 7367 7475 7369
f 7475 7476 7369
f 7369 7476 7371
f 7476 7477 7371
f 7371 7477 7373
f 7477 7478 7373
f 7373 7478 7375
f 7478 7479 7375
f 7375 7479 7377
f 7479 7480 7377
f 7377 7480 7379
f 7480 7481 7379
f 7379 7481 7381
f 7481 7482 7381
f 7381 7482 7383
f 7482 7483 7383
f 7383 7483 7385
f 7483 7484 7385
f 7385 7484 7387
f 7484 7485 7387
f 7387 7485 7389
f 7485 7486 7389
f 7389 7486 7391
f 7486 7487 7391
f 7391 7487 7393
f 7487 7488 7393
f 7393 7488 7395
f 7488 7489 7395
f 7395 7489 7397
f 7489 7490 7397
f 7397 7490 7399
f 7490 7491 7399
f 7399 7491 7401
f 7491 7492 7401
f 7401 7492 7403
f 7492 7493 7403
f 7403 7493 7405
f 7493 7494 7405
f 7405 7494 7407
f 7494 7495 7407
f 7407 7495 7409
f 7495 7496 7409
f 7409 7496 7411
f 7496 7497 7411
f 7411 7497 7413
f 7497 7498 7413
f 7413 7498 7415
f 7498 7499 7415
f 7415 7499 7417
f 7499 7500 7417
f 7417 7500 7419
f 7500 7501 7419
f 7419 7501 7421
f 7501 7502 7421
f 7421 7502 7423
f 7502 7503 7423
f 7423 7503 7425
f 7503 7504 7425
f 7425 7504 7427
f 7504 7505 7427
f 7427 7505 7429
f 7505 7506 7429
f 7429 7506 7431
f 7506 7507 7431
f 7431 7507 7433
f 7507 7508 7433
f 7433 7508 7435
f 7508 7509 7435
f 7435 7509 7437
f 7509 7438 7437
f 7509 7510 7438
f 7510 7511 7438
f 7438 7511 7439
f 7511 7512 7439
f 7439 7512 7440
f 7512 7513 7440
f 7440 7513 7441
f 7513 7514 7441
f 7441 7514 7442
f 7514 7515 7442
f 7442 7515 7443
f 7515 7516 7443
f 7443 7516 7444
f 7516 7517 7444
f 7444 7517 7445
f 7517 7518 7445
f 7445 7518 7446
f 7518 7519 7446
f 7446 7519 7447
f 7519 7520 7447
f 7447 7520 7448
f 7520 7521 7448
f 7448 7521 7449
f 7521 7522 7449
f 7449 7522 7450
f 7522 7523 7450
f 7450 7523 7451
f 7523 7524 7451
f 7451 7524 7452
f 7524 7525 7452
f 7452 7525 7453
f 7525 7526 7453
f 7453 7526 7454
f 7526 7527 7454
f 7454 7527 7455
f 7527 7528 7455
f 7455 7528 7456
f 7528 7529 7456
f 7456 7529 7457
f 7529 7530 7457
f 7457 7530 7458
f 7530 7531 7458
f 7458 7531 7459
f 7531 7532 7459
f 7459 7532 7460
f 7532 7533 7460
f 7460 7533 7461
f 7533 7534 7461
f 7461 7534 7462
f 7534 7535 7462
f 7462 7535 7463
f 7535 7536 7463
f 7463 7536 7464
f 7536 7537 7464
f 7464 7537 7465
f 7537 7538 7465
f 7465 7538 7466
f 7538 7539 7466
f 7466 7539 7467
f 7539 7540 7467
f 7467 7540 7468
f 7540 7541 7468
f 7468 7541 7469
f 7541 7542 7469
f 7469 7542 7470
f 7542 7543 7470
f 7470 7543 7471
f 7543 7544 7471
f 7471 7544 7472
f 7544 7545 7472
f 7472 7545 7473
f 7545 7546 7473
f 7473 7546 7474
f 7546 7547 7474
f 7474 7547 7475
f 7547 7548 7475
f 7475 7548 7476
f 7548 7549 7476
f 7476 7549 7477
f 7549 7550 7477
f 7477 7550 7478
f 7550 7551 7478
f 7478 7551 7479
f 7551 7552 7479
f 7479 7552 7480
f 7552 7553 7480
f 7480 7553 7481
f 7553 7554 7481
f 7481 7554 7482
f 7554 7555 7482
f 7482 7555 7483
f 7555 7556 7483
f 7483 7556 7484
f 7556 7557 7484
f 7484 7557 7485
f 7557 7558 7485
f 7485 7558 7486
f 7558 7559 7486
f 7486 7559 7487
f 7559 7560 7487
f 7487 7560 7488
f 7560 7561 7488
f 7488 7561 7489
f 7561 7562 7489
f 7489 7562 7490
f 7562 7563 7490
f 7490 7563 7491
f 7563 7564 7491
f 7491 7564 7492
f 7564 7565 7492
f 7492 7565 7493
f 7565 7566 7493
f 7493 7566 7494
f 7566 7567 7494
f 7494 7567 7495
f 7567 7568 7495
f 7495 7568 7496
f 7568 7569 7496
f 7496 7569 7497
f 7569 7570 7497
f 7497 7570 7498
f 7570 7571 7498
f 7498 7571 7499
f 7571 7572 7499
f 7499 7572 7500
f 7572 7573 7500
f 7500 7573 7501
f 7573 7574 7501
f 7501 7574 7502
f 7574 7575 7502
f 7502 7575 7503
f 7575 7576 7503
f 7503 7576 7504
f 7576 7577 7504
f 7504 7577 7505
f 7577 7578 7505
f 7505 7578 7506
f 7578 7579 7506
f 7506 7579 7507
f 7579 7580 7507
f 7507 7580 7508
f 7580 7581 7508
f 7508 7581 7509
f 7581 7510 7509
f 7581 7582 7510
f 7582 7583 7510
f 7510 7583 7511
f 7583 7584 7511
f 7511 7584 7512
f 7584 7585 7512
f 7512 7585 7513
f 7585 7586 7513
f 7513 7586 7514
f 7586 7587 7514
f 7514 7587 7515
f 7587 7588 7515
f 7515 7588 7516
f 7588 7589 7516
f 7516 7589 7517
f 7589 7590 7517
f 7517 7590 7518
f 7590 7591 7518
f 7518 7591 7519
f 7591 7592 7519
f 7519 7592 7520
f 7592 7593 7520
f 7520 7593 7521
f 7593 7594 7521
f 7521 7594 7522
f 7594 7595 7522
f 7522 7595 7523
f 7595 7596 7523
f 7523 7596 7524
f 7596 7597 7524
f 7524 7597 7525
f 7597 7598 7525
f 7525 7598 7526
f 7598 7599 7526
f 7526 7599 7527
f 7599 7600 7527
f 7527 7600 7528
f 7600 7601 7528
f 7528 7601 7529
f 7601 7602 7529
f 7529 7602 7530
f 7602 7603 7530
f 7530 7603 7531
f 7603 7604 7531
f 7531 7604 7532
f 7604 7605 7532
f 7532 7605 7533
f 7605 7606 7533
f 7533 7606 7534
f 7606 7607 7534
f 7534 7607 7535
f 7607 7608 7535
f 7535 7608 7536
f 7608 7609 7536
f 7536 7609 7537
f 7609 7610 7537
f 7537 7610 7538
f 7610 7611 7538
f 7538 7611 7539
f 7611 7612 7539
f 7539 7612 7540
f 7612 7613 7540
f 7540 7613 7541
f 7613 7614 7541
f 7541 7614 7542
f 7614 7615 7542
f 7542 7615 7543
f 7615 7616 7543
f 7543 7616 7544
f 7616 7617 7544
f 7544 7617 7545
f 7617 7618 7545
f 7545 7618 7546
f 7618 7619 7546
f 7546 7619 7547
f 7619 7620 7547
f 7547 7620 7548
f 7620 7621 7548
f 7548 7621 7549
f 7621 7622 7549
f 7549 7622 7550
f 7622 7623 7550
f 7550 7623 7551
f 7623 7624 7551
f 7551 7624 7552
f 7624 7625 7552
f 7552 7625 7553
f 7625 7626 7553
f 7553 7626 7554
f 7626 7627 7554
f 7554 7627 7555
f 7627 7628 7555
f 7555 7628 7556
f 7628 7629 7556
f 7556 7629 7557
f 7629 7630 7557
f 7557 7630 7558
f 7630 7631 7558
f 7558 7631 7559
f 7631 7632 7559
f 7559 7632 7560
f 7632 7633 7560
f 7560 7633 7561
f 7633 7634 7561
f 7561 7634 7562
f 7634 7635 7562
f 7562 7635 7563
f 7635 7636 7563
f 7563 7636 7564
f 7636 7637 7564
f 7564 7637 7565
f 7637 7638 7565
f 7565 7638 7566
f 7638 7639 7566
f 7566 7639 7567
f 7639 7640 7567
f 7567 7640 7568
f 7640 7641 7568
f 7568 7641 7569
f 7641 7642 7569
f 7569 7642 7570
f 7642 7643 7570
f 7570 7643 7571
f 7643 7644 7571
f 7571 7644 7572
f 7644 7645 7572
f 7572 7645 7573
f 7645 7646 7573
f 7573 7646 7574
f 7646 7647 7574
f 7574 7647 7575
f 7647 7648 7575
f 7575 7648 7576
f 7648 7649 7576
f 7576 7649 7577
f 7649 7650 7577
f 7577 7650 7578
f 7650 7651 7578
f 7578 7651 7579
f 7651 7652 7579
f 7579 7652 7580
f 7652 7653 7580
f 7580 7653 7581
f 7653 7582 7581
f 7653 7654 7582
f 7654 7655 7582
f 7582 7655 7583
f 7655 7656 7583
f 7583 7656 7584
f 7656 7657 7584
f 7584 7657 7585
f 7657 7658 7585
f 7585 7658 7586
f 7658 7659 7586
f 7586 7659 7587
f 7659 7660 7587
f 7587 7660 7588
f 7660 7661 7588
f 7588 7661 7589
f 7661 7662 7589
f 7589 7662 7590
f 7662 7663 7590
f 7590 7663 7591
f 7663 7664 7591
f 7591 7664 7592
f 7664 7665 7592
f 7592 7665 7593
f 7665 7666 7593
f 7593 7666 7594
f 7666 7667 7594
f 7594 7667 7595
f 7667 7668 7595
f 7595 7668 7596
f 7668 7669 7596
f 7596 7669 7597
f 7669 7670 7597
f 7597 7670 7598
f 7670 7671 7598
f 7598 7671 7599
f 7671 7672 7599
f 7599 7672 7600
f 7672 7673 7600
f 7600 7673 7601
f 7673 7674 7601
f 7601 7674 7602
f 7674 7675 7602
f 7602 7675 7603
f 7675 7676 7603
f 7603 7676 7604
f 7676 7677 7604
f 7604 7677 7605
f 7677 7678 7605
f 7605 7678 7606
f 7678 7679 7606
f 7606 7679 7607
f 7679 7680 7607
f 7607 7680 7608
f 7680 7681 7608
f 7608 7681 7609
f 7681 7682 7609
f 7609 7682 7610
f 7682 7683 7610
f 7610 7683 7611
f 7683 7684 7611
f 7611 7684 7612
f 7684 7685 7612
f 7612 7685 7613
f 7685 7686 7613
f 7613 7686 7614
f 7686 7687 7614
f 7614 7687 7615
f 7687 7688 7615
f 7615 7688 7616
f 7688 7689 7616
f 7616 7689 7617
f 7689 7690 7617
f 7617 7690 7618
f 7690 7691 7618
f 7618 7691 7619
f 7691 7692 7619
f 7619 7692 7620
f 7692 7693 7620
f 7620 7693 7621
f 7693 7694 7621
f 7621 7694 7622
f 7694 7695 7622
f 7622 7695 7623
f 7695 7696 7623
f 7623 7696 7624
f 7696 7697 7624
f 7624 7697 7625
f 7697 7698 7625
f 7625 7698 7626
f 7698 7699 7626
f 7626 7699 7627
f 7699 7700 7627
f 7627 7700 7628
f 7700 7701 7628
f 7628 7701 7629
f 7701 7702 7629
f 7629 7702 7630
f 7702 7703 7630
f 7630 7703 7631
f 7703 7704 7631
f 7631 7704 7632
f 7704 7705 7632
f 7632 7705 7633
f 7705 7706 7633
f 7633 7706 7634
f 7706 7707 7634
f 7634 7707 7635
f 7707 7708 7635
f 7635 7708 7636
f 7708 7709 7636
f 7636 7709 7637
f 7709 7710 7637
f 7637 7710 7638
f 7710 7711 7638
f 7638 7711 7639
f 7711 7712 7639
f 7639 7712 7640
f 7712 7713 7640
f 7640 7713 7641
f 7713 7714 7641
f 7641 7714 7642
f 7714 7715 7642
f 7642 7715 7643
f 7715 7716 7643
f 7643 7716 7644
f 7716 7717 7644
f 7644 7717 7645
f 7717 7718 7645
f 7645 7718 7646
f 7718 7719 7646
f 7646 7719 7647
f 7719 7720 7647
f 7647 7720 7648
f 7720 7721 7648
f 7648 7721 7649
f 7721 7722 7649
f 7649 7722 7650
f 7722 7723 7650
f 7650 7723 7651
f 7723 7724 7651
f 7651 7724 7652
f 7724 7725 7652
f 7652 7725 7653
f 7725 7654 7653
f 7725 7726 7654
f 7726 7727 7654
f 7654 7727 7655
f 7727 7728 7655
f 7655 7728 7656
f 7728 7729 7656
f 7656 7729 7657
f 7729 7730 7657
f 7657 7730 7658
f 7730 7731 7658
f 7658 7731 7659
f 7731 7732 7659
f 7659 7732 7660
f 7732 7733 7660
f 7660 7733 7661
f 7733 7734 7661
f 7661 7734 7662
f 7734 7735 7662
f 7662 7735 7663
f 7735 7736 7663
f 7663 7736 7664
f 7736 7737 7664
f 7664 7737 7665
f 7737 7738 7665
f 7665 7738 7666
f 7738 7739 7666
f 7666 7739 7667
f 7739 7740 7667
f 7667 7740 7668
f 7740 7741 7668
f 7668 7741 7669
f 7741 7742 7669
f 7669 7742 7670
f 7742 7743 7670
f 7670 7743 7671
f 7743 7744 7671
f 7671 7744 7672
f 7744 7745 7672
f 7672 7745 7673
f 7745 7746 7673
f 7673 7746 7674
f 7746 7747 7674
f 7674 7747 7675
f 7747 7748 7675
f 7675 7748 7676
f 7748 7749 7676
f 7676 7749 7677
f 7749 7750 7677
f 7677 7750 7678
f 7750 7751 7678
f 7678 7751 7679
f 7751 7752 7679
f 7679 7752 7680
f 7752 7753 7680
f 7680 7753 7681
f 7753 7754 7681
f 7681 7754 7682
f 7754 7755 7682
f 7682 7755 7683
f 7755 7756 7683
f 7683 7756 7684
f 7756 7757 7684
f 7684 7757 7685
f 7757 7758 7685
f 7685 7758 7686
f 7758 7759 7686
f 7686 7759 7687
f 7759 7760 7687
f 7687 7760 7688
f 7760 7761 7688
f 7688 7761 7689
f 7761 7762 7689
f 7689 7762 7690
f 7762 7763 7690
f 7690 7763 7691
f 7763 7764 7691
f 7691 7764 7692
f 7764 7765 7692
f 7692 7765 7693
f 7765 7766 7693
f 7693 7766 7694
f 7766 7767 7694
f 7694 7767 7695
f 7767 7768 7695
f 7695 7768 7696
f 7768 7769 7696
f 7696 7769 7697
f 7769 7770 7697
f 7697 7770 7698
f 7770 7771 7698
f 7698 7771 7699
f 7771 7772 7699
f 7699 7772 7700
f 7772 7773 7700
f 7700 7773 7701
f 7773 7774 7701
f 7701 7774 7702
f 7774 7775 7702
f 7702 7775 7703
f 7775 7776 7703
f 7703 7776 7704
f 7776 7777 7704
f 7704 7777 7705
f 7777 7778 7705
f 7705 7778 7706
f 7778 7779 7706
f 7706 7779 7707
f 7779 7780 7707
f 7707 7780 7708
f 7780 7781 7708
f 7708 7781 7709
f 7781 7782 7709
f 7709 7782 7710
f 7782 7783 7710
f 7710 7783 7711
f 7783 7784 7711
f 7711 7784 7712
f 7784 7785 7712
f 7712 7785 7713
f 7785 7786 7713
f 7713 7786 7714
f 7786 7787 7714
f 7714 7787 7715
f 7787 7788 7715
f 7715 7788 7716
f 7788 7789 7716
f 7716 7789 7717
f 7789 7790 7717
f 7717 7790 7718
f 7790 7791 7718
f 7718 7791 7719
f 7791 7792 7719
f 7719 7792 7720
f 7792 7793 7720
f 7720 7793 7721
f 7793 7794 7721
f 7721 7794 7722
f 7794 7795 7722
f 7722 7795 7723
f 7795 7796 7723
f 7723 7796 7724
f 7796 7797 7724
f 7724 7797 7725
f 7797 7726 7725
f 7797 7798 7726
f 7798 7799 7726
f 7726 7799 7727
f 7799 7800 7727
f 7727 7800 7728
f 7800 7801 7728
f 7728 7801 7729
f 7801 7802 7729
f 7729 7802 7730
f 7802 7803 7730
f 7730 7803 7731
f 7803 7804 7731
f 7731 7804 7732
f 7804 7805 7732
f 7732 7805 7733
f 7805 7806 7733
f 7733 7806 7734
f 7806 7807 7734
f 7734 7807 7735
f 7807 7808 7735
f 7735 7808 7736
f 7808 7809 7736
f 7736 7809 7737
f 7809 7810 7737
f 7737 7810 7738
f 7810 7811 7738
f 7738 7811 7739
f 7811 7812 7739
f 7739 7812 7740
f 7812 7813 7740
f 7740 7813 7741
f 7813 7814 7741
f 7741 7814 7742
f 7814 7815 7742
f 7742 7815 7743
f 7815 7816 7743
f 7743 7816 7744
f 7816 7817 7744
f 7744 7817 7745
f 7817 7818 7745
f 7745 7818 7746
f 7818 7819 7746
f 7746 7819 7747
f 7819 7820 7747
f 7747 7820 7748
f 7820 7821 7748
f 7748 7821 7749
f 7821 7822 7749
f 7749 7822 7750
f 7822 7823 7750
f 7750 7823 7751
f 7823 7824 7751
f 7751 7824 7752
f 7824 7825 7752
f 7752 7825 7753
f 7825 7826 7753
f 7753 7826 7754
f 7826 7827 7754
f 7754 7827 7755
f 7827 7828 7755
f 7755 7828 7756
f 7828 7829 7756
f 7756 7829 7757
f 7829 7830 7757
f 7757 7830 7758
f 7830 7831 7758
f 7758 7831 7759
f 7831 7832 7759
f 7759 7832 7760
f 7832 7833 7760
f 7760 7833 7761
f 7833 7834 7761
f 7761 7834 7762
f 7834 7835 7762
f 7762 7835 7763
f 7835 7836 7763
f 7763 7836 7764
f 7836 7837 7764
f 7764 7837 7765
f 7837 7838 7765
f 7765 7838 7766
f 7838 7839 7766
f 7766 7839 7767
f 7839 7840 7767
f 7767 7840 7768
f 7840 7841 7768
f 7768 7841 7769
f 7841 7842 7769
f 7769 7842 7770
f 7842 7843 7770
f 7770 7843 7771
f 7843 7844 7771
f 7771 7844 7772
f 7844 7845 7772
f 7772 7845 7773
f 7845 7846 7773
f 7773 7846 7774
f 7846 7847 7774
f 7774 7847 7775
f 7847 7848 7775
f 7775 7848 7776
f 7848 7849 7776
f 7776 7849 7777
f 7849 7850 7777
f 7777 7850 7778
f 7850 7851 7778
f 7778 7851 7779
f 7851 7852 7779
f 7779 7852 7780
f 7852 7853 7780
f 7780 7853 7781
f 7853 7854 7781
f 7781 7854 7782
f 7854 7855 7782
f 7782 7855 7783
f 7855 7856 7783
f 7783 7856 7784
f 7856 7857 7784
f 7784 7857 7785
f 7857 7858 7785
f 7785 7858 7786
f 7858 7859 7786
f 7786 7859 7787
f 7859 7860 7787
f 7787 7860 7788
f 7860 7861 7788
f 7788 7861 7789
f 7861 7862 7789
f 7789 7862 7790
f 7862 7863 7790
f 7790 7863 7791
f 7863 7864 7791
f 7791 7864 7792
f 7864 7865 7792
f 7792 7865 7793
f 7865 7866 7793
f 7793 7866 7794
f 7866 7867 7794
f 7794 7867 7795
f 7867 7868 7795
f 7795 7868 7796
f 7868 7869 7796
f 7796 7869 7797
f 7869 7798 7797
f 7869 7870 7798
f 7870 7871 7798
f 7798 7871 7799
f 7871 7872 7799
f 7799 7872 7800
f 7872 7873 7800
f 7800 7873 7801
f 7873 7874 7801
f 7801 7874 7802
f 7874 7875 7802
f 7802 7875 7803
f 7875 7876 7803
f 7803 7876 7804
f 7876 7877 7804
f 7804 7877 7805
f 7877 7878 7805
f 7805 7878 7806
f 7878 7879 7806
f 7806 7879 7807
f 7879 7880 7807
f 7807 7880 7808
f 7880 7881 7808
f 7808 7881 7809
f 7881 7882 7809
f 7809 7882 7810
f 7882 7883 7810
f 7810 7883 7811
f 7883 7884 7811
f 7811 7884 7812
f 7884 7885 7812
f 7812 7885 7813
f 7885 7886 7813
f 7813 7886 7814
f 7886 7887 7814
f 7814 7887 7815
f 7887 7888 7815
f 7815 7888 7816
f 7888 7889 7816
f 7816 7889 7817
f 7889 7890 7817
f 7817 7890 7818
f 7890 7891 7818
f 7818 7891 7819
f 7891 7892 7819
f 7819 7892 7820
f 7892 7893 7820
f 7820 7893 7821
f 7893 7894 7821
f 7821 7894 7822
f 7894 7895 7822
f 7822 7895 7823
f 7895 7896 7823
f 7823 7896 7824
f 7896 7897 7824
f 7824 7897 7825
f 7897 7898 7825
f 7825 7898 7826
f 7898 7899 7826
f 7826 7899 7827
f 7899 7900 7827
f 7827 7900 7828
f 7900 7901 7828
f 7828 7901 7829
f 7901 7902 7829
f 7829 7902 7830
f 7902 7903 7830
f 7830 7903 7831
f 7903 7904 7831
f 7831 7904 7832
f 7904 7905 7832
f 7832 7905 7833
f 7905 7906 7833
f 7833 7906 7834
f 7906 7907 7834
f 7834 7907 7835
f 7907 7908 7835
f 7835 7908 7836
f 7908 7909 7836
f 7836 7909 7837
f 7909 7910 7837
f 7837 7910 7838
f 7910 7911 7838
f 7838 7911 7839
f 7911 7912 7839
f 7839 7912 7840
f 7912 7913 7840
f 7840 7913 7841
f 7913 7914 7841
f 7841 7914 7842
f 7914 7915 7842
f 7842 7915 7843
f 7915 7916 7843
f 7843 7916 7844
f 7916 7917 7844
f 7844 7917 7845
f 7917 7918 7845
f 7845 7918 7846
f 7918 7919 7846
f 7846 7919 7847
f 7919 7920 7847
f 7847 7920 7848
f 7920 7921 7848
f 7848 7921 7849
f 7921 7922 7849
f 7849 7922 7850
f 7922 7923 7850
f 7850 7923 7851
f 7923 7924 7851
f 7851 7924 7852
f 7924 7925 7852
f 7852 7925 7853
f 7925 7926 7853
f 7853 7926 7854
f 7926 7927 7854
f 7854 7927 7855
f 7927 7928 7855
f 7855 7928 7856
f 7928 7929 7856
f 7856 7929 7857
f 7929 7930 7857
f 7857 7930 7858
f 7930 7931 7858
f 7858 7931 7859
f 7931 7932 7859
f 7859 7932 7860
f 7932 7933 7860
f 7860 7933 7861
f 7933 7934 7861
f 7861 7934 7862
f 7934 7935 7862
f 7862 7935 7863
f 7935 7936 7863
f 7863 7936 7864
f 7936 7937 7864
f 7864 7937 7865
f 7937 7938 7865
f 7865 7938 7866
f 7938 7939 7866
f 7866 7939 7867
f 7939 7940 7867
f 7867 7940 7868
f 7940 7941 7868
f 7868 7941 7869
f 7941 7870 7869
f 7941 7942 7870
f 7942 7943 7870
f 7870 7943 7871
f 7943 7944 7871
f 7871 7944 7872
f 7944 7945 7872
f 7872 7945 7873
f 7945 7946 7873
f 7873 7946 7874
f 7946 7947 7874
f 7874 7947 7875
f 7947 7948 7875
f 7875 7948 7876
f 7948 7949 7876
f 7876 7949 7877
f 7949 7950 7877
f 7877 7950 7878
f 7950 7951 7878
f 7878 7951 7879
f 7951 7952 7879
f 7879 7952 7880
f 7952 7953 7880
f 7880 7953 7881
f 7953 7954 7881
f 7881 7954 7882
f 7954 7955 7882
f 7882 7955 7883
f 7955 7956 7883
f 7883 7956 7884
f 7956 7957 7884
f 7884 7957 7885
f 7957 7958 7885
f 7885 7958 7886
f 7958 7959 7886
f 7886 7959 7887
f 7959 7960 7887
f 7887 7960 7888
f 7960 7961 7888
f 7888 7961 7889
f 7961 7962 7889
f 7889 7962 7890
f 7962 7963 7890
f 7890 7963 7891
f 7963 7964 7891
f 7891 7964 7892
f 7964 7965 7892
f 7892 7965 7893
f 7965 7966 7893
f 7893 7966 7894
f 7966 7967 7894
f 7894 7967 7895
f 7967 7968 7895
f 7895 7968 7896
f 7968 7969 7896
f 7896 7969 7897
f 7969 7970 7897
f 7897 7970 7898
f 7970 7971 7898
f 7898 7971 7899
f 7971 7972 7899
f 7899 7972 7900
f 7972 7973 7900
f 7900 7973 7901
f 7973 7974 7901
f 7901 7974 7902
f 7974 7975 7902
f 7902 7975 7903
f 7975 7976 7903
f 7903 7976 7904
f 7976 7977 7904
f 7904 7977 7905
f 7977 7978 7905
f 7905 7978 7906
f 7978 7979 7906
f 7906 7979 7907
f 7979 7980 7907
f 7907 7980 7908
f 7980 7981 7908
f 7908 7981 7909
f 7981 7982 7909
f 7909 7982 7910
f 7982 7983 7910
f 7910 7983 7911
f 7983 7984 7911
f 7911 7984 7912
f 7984 7985 7912
f 7912 7985 7913
f 7985 7986 7913
f 7913 7986 7914
f 7986 7987 7914
f 7914 7987 7915
f 7987 7988 7915
f 7915 7988 7916
f 7988 7989 7916
f 7916 7989 7917
f 7989 7990 7917
f 7917 7990 7918
f 7990 7991 7918
f 7918 7991 7919
f 7991 7992 7919
f 7919 7992 7920
f 7992 7993 7920
f 7920 7993 7921
f 7993 7994 7921
f 7921 7994 7922
f 7994 7995 7922
f 7922 7995 7923
f 7995 7996 7923
f 7923 7996 7924
f 7996 7997 7924
f 7924 7997 7925
f 7997 7998 7925
f 7925 7998 7926
f 7998 7999 7926
f 7926 7999 7927
f 7999 8000 7927
f 7927 8000 7928
f 8000 8001 7928
f 7928 8001 7929
f 8001 8002 7929
f 7929 8002 7930
f 8002 8003 7930
f 7930 8003 7931
f 8003 8004 7931
f 7931 8004 7932
f 8004 8005 7932
f 7932 8005 7933
f 8005 8006 7933
f 7933 8006 7934
f 8006 8007 7934
f 7934 8007 7935
f 8007 8008 7935
f 7935 8008 7936
f 8008 8009 7936
f 7936 8009 7937
f 8009 8010 7937
f 7937 8010 7938
f 8010 8011 7938
f 7938 8011 7939
f 8011 8012 7939
f 7939 8012 7940
f 8012 8013 7940
f 7940 8013 7941
f 8013 7942 7941
f 8013 8014 7942
f 8014 8015 7942
f 7942 8015 7943
f 8015 8016 7943
f 7943 8016 7944
f 8016 8017 7944
f 7944 8017 7945
f 8017 8018 7945
f 7945 8018 7946
f 8018 8019 7946
f 7946 8019 7947
f 8019 8020 7947
f 7947 8020 7948
f 8020 8021 7948
f 7948 8021 7949
f 8021 8022 7949
f 7949 8022 7950
f 8022 8023 7950
f 7950 8023 7951
f 8023 8024 7951
f 7951 8024 7952
f 8024 8025 7952
f 7952 8025 7953
f 8025 8026 7953
f 7953 8026 7954
f 8026 8027 7954
f 7954 8027 7955
f 8027 8028 7955
f 7955 8028 7956
f 8028 8029 7956
f 7956 8029 7957
f 8029 8030 7957
f 7957 8030 7958
f 8030 8031 7958
f 7958 8031 7959
f 8031 8032 7959
f 7959 8032 7960
f 8032 8033 7960
f 7960 8033 7961
f 8033 8034 7961
f 7961 8034 7962
f 8034 8035 7962
f 7962 8035 7963
f 8035 8036 7963
f 7963 8036 7964
f 8036 8037 7964
f 7964 8037 7965
f 8037 8038 7965
f 7965 8038 7966
f 8038 8039 7966
f 7966 8039 7967
f 8039 8040 7967
f 7967 8040 7968
f 8040 8041 7968
f 7968 8041 7969
f 8041 8042 7969
f 7969 8042 7970
f 8042 8043 7970
f 7970 8043 7971
f 8043 8044 7971
f 7971 8044 7972
f 8044 8045 7972
f 7972 8045 7973
f 8045 8046 7973
f 7973 8046 7974
f 8046 8047 7974
f 7974 8047 7975
f 8047 8048 7975
f 7975 8048 7976
f 8048 8049 7976
f 7976 8049 7977
f 8049 8050 7977
f 7977 8050 7978
f 8050 8051 7978
f 7978 8051 7979
f 8051 8052 7979
f 7979 8052 7980
f 8052 8053 7980
f 7980 8053 7981
f 8053 8054 7981
f 7981 8054 7982
f 8054 8055 7982
f 7982 8055 7983
f 8055 8056 7983
f 7983 8056 7984
f 8056 8057 7984
f 7984 8057 7985
f 8057 8058 7985
f 7985 8058 7986
f 8058 8059 7986
f 7986 8059 7987
f 8059 8060 7987
f 7987 8060 7988
f 8060 8061 7988
f 7988 8061 7989
f 8061 8062 7989
f 7989 8062 7990
f 8062 8063 7990
f 7990 8063 7991
f 8063 8064 7991
f 7991 8064 7992
f 8064 8065 7992
f 7992 8065 7993
f 8065 8066 7993
f 7993 8066 7994
f 8066 8067 7994
f 7994 8067 7995
f 8067 8068 7995
f 7995 8068 7996
f 8068 8069 7996
f 7996 8069 7997
f 8069 8070 7997
f 7997 8070 7998
f 8070 8071 7998
f 7998 8071 7999
f 8071 8072 7999
f 7999 8072 8000
f 8072 8073 8000
f 8000 8073 8001
f 8073 8074 8001
f 8001 8074 8002
f 8074 8075 8002
f 8002 8075 8003
f 8075 8076 8003
f 8003 8076 8004
f 8076 8077 8004
f 8004 8077 8005
f 8077 8078 8005
f 8005 8078 8006
f 8078 8079 8006
f 8006 8079 8007
f 8079 8080 8007
f 8007 8080 8008
f 8080 8081 8008
f 8008 8081 8009
f 8081 8082 8009
f 8009 8082 8010
f 8082 8083 8010
f 8010 8083 8011
f 8083 8084 8011
f 8011 8084 8012
f 8084 8085 8012
f 8012 8085 8013
f 8085 8014 8013
f 8085 8086 8014
f 8086 8087 8014
f 8014 8087 8015
f 8087 8088 8015
f 8015 8088 8016
f 8088 8089 8016
f 8016 8089 8017
f 8089 8090 8017
f 8017 8090 8018
f 8090 8091 8018
f 8018 8091 8019
f 8091 8092 8019
f 8019 8092 8020
f 8092 8093 8020
f 8020 8093 8021
f 8093 8094 8021
f 8021 8094 8022
f 8094 8095 8022
f 8022 8095 8023
f 8095 8096 8023
f 8023 8096 8024
f 8096 8097 8024
f 8024 8097 8025
f 8097 8098 8025
f 8025 8098 8026
f 8098 8099 8026
f 8026 8099 8027
f 8099 8100 8027
f 8027 8100 8028
f 8100 8101 8028
f 8028 8101 8029
f 8101 8102 8029
f 8029 8102 8030
f 8102 8103 8030
f 8030 8103 8031
f 8103 8104 8031
f 8031 8104 8032
f 8104 8105 8032
f 8032 8105 8033
f 8105 8106 8033
f 8033 8106 8034
f 8106 8107 8034
f 8034 8107 8035
f 8107 8108 8035
f 8035 8108 8036
f 8108 8109 8036
f 8036 8109 8037
f 8109 8110 8037
f 8037 8110 8038
f 8110 8111 8038
f 8038 8111 8039
f 8111 8112 8039
f 8039 8112 8040
f 8112 8113 8040
f 8040 8113 8041
f 8113 8114 8041
f 8041 8114 8042
f 8114 8115 8042
f 8042 8115 8043
f 8115 8116 8043
f 8043 8116 8044
f 8116 8117 8044
f 8044 8117 8045
f 8117 8118 8045
f 8045 8118 8046
f 8118 8119 8046
f 8046 8119 8047
f 8119 8120 8047
f 8047 8120 8048
f 8120 8121 8048
f 8048 8121 8049
f 8121 8122 8049
f 8049 8122 8050
f 8122 8123 8050
f 8050 8123 8051
f 8123 8124 8051
f 8051 8124 8052
f 8124 8125 8052
f 8052 8125 8053
f 8125 8126 8053
f 8053 8126 8054
f 8126 8127 8054
f 8054 8127 8055
f 8127 8128 8055
f 8055 8128 8056
f 8128 8129 8056
f 8056 8129 8057
f 8129 8130 8057
f 8057 8130 8058
f 8130 8131 8058
f 8058 8131 8059
f 8131 8132 8059
f 8059 8132 8060
f 8132 8133 8060
f 8060 8133 8061
f 8133 8134 8061
f 8061 8134 8062
f 8134 8135 8062
f 8062 8135 8063
f 8135 8136 8063
f 8063 8136 8064
f 8136 8137 8064
f 8064 8137 8065
f 8137 8138 8065
f 8065 8138 8066
f 8138 8139 8066
f 8066 8139 8067
f 8139 8140 8067
f 8067 8140 8068
f 8140 8141 8068
f 8068 8141 8069
f 8141 8142 8069
f 8069 8142 8070
f 8142 8143 8070
f 8070 8143 8071
f 8143 8144 8071
f 8071 8144 8072
f 8144 8145 8072
f 8072 8145 8073
f 8145 8146 8073
f 8073 8146 8074
f 8146 8147 8074
f 8074 8147 8075
f 8147 8148 8075
f 8075 8148 8076
f 8148 8149 8076
f 8076 8149 8077
f 8149 8150 8077
f 8077 8150 8078
f 8150 8151 8078
f 8078 8151 8079
f 8151 8152 8079
f 8079 8152 8080
f 8152 8153 8080
f 8080 8153 8081
f 8153 8154 8081
f 8081 8154 8082
f 8154 8155 8082
f 8082 8155 8083
f 8155 8156 8083
f 8083 8156 8084
f 8156 8157 8084
f 8084 8157 8085
f 8157 8086 8085
f 8157 8158 8086
f 8158 8159 8086
f 8086 8159 8087
f 8159 8160 8087
f 8087 8160 8088
f 8160 8161 8088
f 8088 8161 8089
f 8161 8162 8089
f 8089 8162 8090
f 8162 8163 8090
f 8090 8163 8091
f 8163 8164 8091
f 8091 8164 8092
f 8164 8165 8092
f 8092 8165 8093
f 8165 8166 8093
f 8093 8166 8094
f 8166 8167 8094
f 8094 8167 8095
f 8167 8168 8095
f 8095 8168 8096
f 8168 8169 8096
f 8096 8169 8097
f 8169 8170 8097
f 8097 8170 8098
f 8170 8171 8098
f 8098 8171 8099
f 8171 8172 8099
f 8099 8172 8100
f 8172 8173 8100
f 8100 8173 8101
f 8173 8174 8101
f 8101 8174 8102
f 8174 8175 8102
f 8102 8175 8103
f 8175 8176 8103
f 8103 8176 8104
f 8176 8177 8104
f 8104 8177 8105
f 8177 8178 8105
f 8105 8178 8106
f 8178 8179 8106
f 8106 8179 8107
f 8179 8180 8107
f 8107 8180 8108
f 8180 8181 8108
f 8108 8181 8109
f 8181 8182 8109
f 8109 8182 8110
f 8182 8183 8110
f 8110 8183 8111
f 8183 8184 8111
f 8111 8184 8112
f 8184 8185 8112
f 8112 8185 8113
f 8185 8186 8113
f 8113 8186 8114
f 8186 8187 8114
f 8114 8187 8115
f 8187 8188 8115
f 8115 8188 8116
f 8188 8189 8116
f 8116 8189 8117
f 8189 8190 8117
f 8117 8190 8118
f 8190 8191 8118
f 8118 8191 8119
f 8191 8192 8119
f 8119 8192 8120
f 8192 8193 8120
f 8120 8193 8121
f 8193 8194 8121
f 8121 8194 8122
f 8194 8195 8122
f 8122 8195 8123
f 8195 8196 8123
f 8123 8196 8124
f 8196 8197 8124
f 8124 8197 8125
f 8197 8198 8125
f 8125 8198 8126
f 8198 8199 8126
f 8126 8199 8127
f 8199 8200 8127
f 8127 8200 8128
f 8200 8201 8128
f 8128 8201 8129
f 8201 8202 8129
f 8129 8202 8130
f 8202 8203 8130
f 8130 8203 8131
f 8203 8204 8131
f 8131 8204 8132
f 8204 8205 8132
f 8132 8205 8133
f 8205 8206 8133
f 8133 8206 8134
f 8206 8207 8134
f 8134 8207 8135
f 8207 8208 8135
f 8135 8208 8136
f 8208 8209 8136
f 8136 8209 8137
f 8209 8210 8137
f 8137 8210 8138
f 8210 8211 8138
f 8138 8211 8139
f 8211 8212 8139
f 8139 8212 8140
f 8212 8213 8140
f 8140 8213 8141
f 8213 8214 8141
f 8141 8214 8142
f 8214 8215 8142
f 8142 8215 8143
f 8215 8216 8143
f 8143 8216 8144
f 8216 8217 8144
f 8144 8217 8145
f 8217 8218 8145
f 8145 8218 8146
f 8218 8219 8146
f 8146 8219 8147
f 8219 8220 8147
f 8147 8220 8148
f 8220 8221 8148
f 8148 8221 8149
f 8221 8222 8149
f 8149 8222 8150
f 8222 8223 8150
f 8150 8223 8151
f 8223 8224 8151
f 8151 8224 8152
f 8224 8225 8152
f 8152 8225 8153
f 8225 8226 8153
f 8153 8226 8154
f 8226 8227 8154
f 8154 8227 8155
f 8227 8228 8155
f 8155 8228 8156
f 8228 8229 8156
f 8156 8229 8157
f 8229 8158 8157
f 8229 8230 8158
f 8230 8231 8158
f 8158 8231 8159
f 8231 8232 8159
f 8159 8232 8160
f 8232 8233 8160
f 8160 8233 8161
f 8233 8234 8161
f 8161 8234 8162
f 8234 8235 8162
f 8162 8235 8163
f 8235 8236 8163
f 8163 8236 8164
f 8236 8237 8164
f 8164 8237 8165
f 8237 8238 8165
f 8165 8238 8166
f 8238 8239 8166
f 8166 8239 8167
f 8239 8240 8167
f 8167 8240 8168
f 8240 8241 8168
f 8168 8241 8169
f 8241 8242 8169
f 8169 8242 8170
f 8242 8243 8170
f 8170 8243 8171
f 8243 8244 8171
f 8171 8244 8172
f 8244 8245 8172
f 8172 8245 8173
f 8245 8246 8173
f 8173 8246 8174
f 8246 8247 8174
f 8174 8247 8175
f 8247 8248 8175
f 8175 8248 8176
f 8248 8249 8176
f 8176 8249 8177
f 8249 8250 8177
f 8177 8250 8178
f 8250 8251 8178
f 8178 8251 8179
f 8251 8252 8179
f 8179 8252 8180
f 8252 8253 8180
f 8180 8253 8181
f 8253 8254 8181
f 8181 8254 8182
f 8254 8255 8182
f 8182 8255 8183
f 8255 8256 8183
f 8183 8256 8184
f 8256 8257 8184
f 8184 8257 8185
f 8257 8258 8185
f 8185 8258 8186
f 8258 8259 8186
f 8186 8259 8187
f 8259 8260 8187
f 8187 8260 8188
f 8260 8261 8188
f 8188 8261 8189
f 8261 8262 8189
f 8189 8262 8190
f 8262 8263 8190
f 8190 8263 8191
f 8263 8264 8191
f 8191 8264 8192
f 8264 8265 8192
f 8192 8265 8193
f 8265 8266 8193
f 8193 8266 8194
f 8266 8267 8194
f 8194 8267 8195
f 8267 8268 8195
f 8195 8268 8196
f 8268 8269 8196
f 8196 8269 8197
f 8269 8270 8197
f 8197 8270 8198
f 8270 8271 8198
f 8198 8271 8199
f 8271 8272 8199
f 8199 8272 8200
f 8272 8273 8200
f 8200 8273 8201
f 8273 8274 8201
f 8201 8274 8202
f 8274 8275 8202
f 8202 8275 8203
f 8275 8276 8203
f 8203 8276 8204
f 8276 8277 8204
f 8204 8277 8205
f 8277 8278 8205
f 8205 8278 8206
f 8278 8279 8206
f 8206 8279 8207
f 8279 8280 8207
f 8207 8280 8208
f 8280 8281 8208
f 8208 8281 8209
f 8281 8282 8209
f 8209 8282 8210
f 8282 8283 8210
f 8210 8283 8211
f 8283 8284 8211
f 8211 8284 8212
f 8284 8285 8212
f 8212 8285 8213
f 8285 8286 8213
f 8213 8286 8214
f 8286 8287 8214
f 8214 8287 8215
f 8287 8288 8215
f 8215 8288 8216
f 8288 8289 8216
f 8216 8289 8217
f 8289 8290 8217
f 8217 8290 8218
f 8290 8291 8218
f 8218 8291 8219
f 8291 8292 8219
f 8219 8292 8220
f 8292 8293 8220
f 8220 8293 8221
f 8293 8294 8221
f 8221 8294 8222
f 8294 8295 8222
f 8222 8295 8223
f 8295 8296 8223
f 8223 8296 8224
f 8296 8297 8224
f 8224 8297 8225
f 8297 8298 8225
f 8225 8298 8226
f 8298 8299 8226
f 8226 8299 8227
f 8299 8300 8227
f 8227 8300 8228
f 8300 8301 8228
f 8228 8301 8229
f 8301 8230 8229
f 8301 8302 8230
f 8302 8303 8230
f 8230 8303 8231
f 8303 8304 8231
f 8231 8304 8232
f 8304 8305 8232
f 8232 8305 8233
f 8305 8306 8233
f 8233 8306 8234
f 8306 8307 8234
f 8234 8307 8235
f 8307 8308 8235
f 8235 8308 8236
f 8308 8309 8236
f 8236 8309 8237
f 8309 8310 8237
f 8237 8310 8238
f 8310 8311 8238
f 8238 8311 8239
f 8311 8312 8239
f 8239 8312 8240
f 8312 8313 8240
f 8240 8313 8241
f 8313 8314 8241
f 8241 8314 8242
f 8314 8315 8242
f 8242 8315 8243
f 8315 8316 8243
f 8243 8316 8244
f 8316 8317 8244
f 8244 8317 8245
f 8317 8318 8245
f 8245 8318 8246
f 8318 8319 8246
f 8246 8319 8247
f 8319 8320 8247
f 8247 8320 8248
f 8320 8321 8248
f 8248 8321 8249
f 8321 8322 8249
f 8249 8322 8250
f 8322 8323 8250
f 8250 8323 8251
f 8323 8324 8251
f 8251 8324 8252
f 8324 8325 8252
f 8252 8325 8253
f 8325 8326 8253
f 8253 8326 8254
f 8326 8327 8254
f 8254 8327 8255
f 8327 8328 8255
f 8255 8328 8256
f 8328 8329 8256
f 8256 8329 8257
f 8329 8330 8257
f 8257 8330 8258
f 8330 8331 8258
f 8258 8331 8259
f 8331 8332 8259
f 8259 8332 8260
f 8332 8333 8260
f 8260 8333 8261
f 8333 8334 8261
f 8261 8334 8262
f 8334 8335 8262
f 8262 8335 8263
f 8335 8336 8263
f 8263 8336 8264
f 8336 8337 8264
f 8264 8337 8265
f 8337 8338 8265
f 8265 8338 8266
f 8338 8339 8266
f 8266 8339 8267
f 8339 8340 8267
f 8267 8340 8268
f 8340 8341 8268
f 8268 8341 8269
f 8341 8342 8269
f 8269 8342 8270
f 8342 8343 8270
f 8270 8343 8271
f 8343 8344 8271
f 8271 8344 8272
f 8344 8345 8272
f 8272 8345 8273
f 8345 8346 8273
f 8273 8346 8274
f 8346 8347 8274
f 8274 8347 8275
f 8347 8348 8275
f 8275 8348 8276
f 8348 8349 8276
f 8276 8349 8277
f 8349 8350 8277
f 8277 8350 8278
f 8350 8351 8278
f 8278 8351 8279
f 8351 8352 8279
f 8279 8352 8280
f 8352 8353 8280
f 8280 8353 8281
f 8353 8354 8281
f 8281 8354 8282
f 8354 8355 8282
f 8282 8355 8283
f 8355 8356 8283
f 8283 8356 8284
f 8356 8357 8284
f 8284 8357 8285
f 8357 8358 8285
f 8285 8358 8286
f 8358 8359 8286
f 8286 8359 8287
f 8359 8360 8287
f 8287 8360 8288
f 8360 8361 8288
f 8288 8361 8289
f 8361 8362 8289
f 8289 8362 8290
f 8362 8363 8290
f 8290 8363 8291
f 8363 8364 8291
f 8291 8364 8292
f 8364 8365 8292
f 8292 8365 8293
f 8365 8366 8293
f 8293 8366 8294
f 8366 8367 8294
f 8294 8367 8295
f 8367 8368 8295
f 8295 8368 8296
f 8368 8369 8296
f 8296 8369 8297
f 8369 8370 8297
f 8297 8370 8298
f 8370 8371 8298
f 8298 8371 8299
f 8371 8372 8299
f 8299 8372 8300
f 8372 8373 8300
f 8300 8373 8301
f 8373 8302 8301
f 8373 8374 8302
f 8374 8375 8302
f 8302 8375 8303
f 8375 8376 8303
f 8303 8376 8304
f 8376 8377 8304
f 8304 8377 8305
f 8377 8378 8305
f 8305 8378 8306
f 8378 8379 8306
f 8306 8379 8307
f 8379 8380 8307
f 8307 8380 8308
f 8380 8381 8308
f 8308 8381 8309
f 8381 8382 8309
f 8309 8382 8310
f 8382 8383 8310
f 8310 8383 8311
f 8383 8384 8311
f 8311 8384 8312
f 8384 8385 8312
f 8312 8385 8313
f 8385 8386 8313
f 8313 8386 8314
f 8386 8387 8314
f 8314 8387 8315
f 8387 8388 8315
f 8315 8388 8316
f 8388 8389 8316
f 8316 8389 8317
f 8389 8390 8317
f 8317 8390 8318
f 8390 8391 8318
f 8318 8391 8319
f 8391 8392 8319
f 8319 8392 8320
f 8392 8393 8320
f 8320 8393 8321
f 8393 8394 8321
f 8321 8394 8322
f 8394 8395 8322
f 8322 8395 8323
f 8395 8396 8323
f 8323 8396 8324
f 8396 8397 8324
f 8324 8397 8325
f 8397 8398 8325
f 8325 8398 8326
f 8398 8399 8326
f 8326 8399 8327
f 8399 8400 8327
f 8327 8400 8328
f 8400 8401 8328
f 8328 8401 8329
f 8401 8402 8329
f 8329 8402 8330
f 8402 8403 8330
f 8330 8403 8331
f 8403 8404 8331
f 8331 8404 8332
f 8404 8405 8332
f 8332 8405 8333
f 8405 8406 8333
f 8333 8406 8334
f 8406 8407 8334
f 8334 8407 8335
f 8407 8408 8335
f 8335 8408 8336
f 8408 8409 8336
f 8336 8409 8337
f 8409 8410 8337
f 8337 8410 8338
f 8410 8411 8338
f 8338 8411 8339
f 8411 8412 8339
f 8339 8412 8340
f 8412 8413 8340
f 8340 8413 8341
f 8413 8414 8341
f 8341 8414 8342
f 8414 8415 8342
f 8342 8415 8343
f 8415 8416 8343
f 8343 8416 8344
f 8416 8417 8344
f 8344 8417 8345
f 8417 8418 8345
f 8345 8418 8346
f 8418 8419 8346
f 8346 8419 8347
f 8419 8420 8347
f 8347 8420 8348
f 8420 8421 8348
f 8348 8421 8349
f 8421 8422 8349
f 8349 8422 8350
f 8422 8423 8350
f 8350 8423 8351
f 8423 8424 8351
f 8351 8424 8352
f 8424 8425 8352
f 8352 8425 8353
f 8425 8426 8353
f 8353 8426 8354
f 8426 8427 8354
f 8354 8427 8355
f 8427 8428 8355
f 8355 8428 8356
f 8428 8429 8356
f 8356 8429 8357
f 8429 8430 8357
f 8357 8430 8358
f 8430 8431 8358
f 8358 8431 8359
f 8431 8432 8359
f 8359 8432 8360
f 8432 8433 8360
f 8360 8433 8361
f 8433 8434 8361
f 8361 8434 8362
f 8434 8435 8362
f 8362 8435 8363
f 8435 8436 8363
f 8363 8436 8364
f 8436 8437 8364
f 8364 8437 8365
f 8437 8438 8365
f 8365 8438 8366
f 8438 8439 8366
f 8366 8439 8367
f 8439 8440 8367
f 8367 8440 8368
f 8440 8441 8368
f 8368 8441 8369
f 8441 8442 8369
f 8369 8442 8370
f 8442 8443 8370
f 8370 8443 8371
f 8443 8444 8371
f 8371 8444 8372
f 8444 8445 8372
f 8372 8445 8373
f 8445 8374 8373
f 8445 8446 8374
f 8446 8447 8374
f 8374 8447 8375
f 8447 8448 8375
f 8375 8448 8376
f 8448 8449 8376
f 8376 8449 8377
f 8449 8450 8377
f 8377 8450 8378
f 8450 8451 8378
f 8378 8451 8379
f 8451 8452 8379
f 8379 8452 8380
f 8452 8453 8380
f 8380 8453 8381
f 8453 8454 8381
f 8381 8454 8382
f 8454 8455 8382
f 8382 8455 8383
f 8455 8456 8383
f 8383 8456 8384
f 8456 8457 8384
f 8384 8457 8385
f 8457 8458 8385
f 8385 8458 8386
f 8458 8459 8386
f 8386 8459 8387
f 8459 8460 8387
f 8387 8460 8388
f 8460 8461 8388
f 8388 8461 8389
f 8461 8462 8389
f 8389 8462 8390
f 8462 8463 8390
f 8390 8463 8391
f 8463 8464 8391
f 8391 8464 8392
f 8464 8465 8392
f 8392 8465 8393
f 8465 8466 8393
f 8393 8466 8394
f 8466 8467 8394
f 8394 8467 8395
f 8467 8468 8395
f 8395 8468 8396
f 8468 8469 8396
f 8396 8469 8397
f 8469 8470 8397
f 8397 8470 8398
f 8470 8471 8398
f 8398 8471 8399
f 8471 8472 8399
f 8399 8472 8400
f 8472 8473 8400
f 8400 8473 8401
f 8473 8474 8401
f 8401 8474 8402
f 8474 8475 8402
f 8402 8475 8403
f 8475 8476 8403
f 8403 8476 8404
f 8476 8477 8404
f 8404 8477 8405
f 8477 8478 8405
f 8405 8478 8406
f 8478 8479 8406
f 8406 8479 8407
f 8479 8480 8407
f 8407 8480 8408
f 8480 8481 8408
f 8408 8481 8409
f 8481 8482 8409
f 8409 8482 8410
f 8482 8483 8410
f 8410 8483 8411
f 8483 8484 8411
f 8411 8484 8412
f 8484 8485 8412
f 8412 8485 8413
f 8485 8486 8413
f 8413 8486 8414
f 8486 8487 8414
f 8414 8487 8415
f 8487 8488 8415
f 8415 8488 8416
f 8488 8489 8416
f 8416 8489 8417
f 8489 8490 8417
f 8417 8490 8418
f 8490 8491 8418
f 8418 8491 8419
f 8491 8492 8419
f 8419 8492 8420
f 8492 8493 8420
f 8420 8493 8421
f 8493 8494 8421
f 8421 8494 8422
f 8494 8495 8422
f 8422 8495 8423
f 8495 8496 8423
f 8423 8496 8424
f 8496 8497 8424
f 8424 8497 8425
f 8497 8498 8425
f 8425 8498 8426
f 8498 8499 8426
f 8426 8499 8427
f 8499 8500 8427
f 8427 8500 8428
f 8500 8501 8428
f 8428 8501 8429
f 8501 8502 8429
f 8429 8502 8430
f 8502 8503 8430
f 8430 8503 8431
f 8503 8504 8431
f 8431 8504 8432
f 8504 8505 8432
f 8432 8505 8433
f 8505 8506 8433
f 8433 8506 8434
f 8506 8507 8434
f 8434 8507 8435
f 8507 8508 8435
f 8435 8508 8436
f 8508 8509 8436
f 8436 8509 8437
f 8509 8510 8437
f 8437 8510 8438
f 8510 8511 8438
f 8438 8511 8439
f 8511 8512 8439
f 8439 8512 8440
f 8512 8513 8440
f 8440 8513 8441
f 8513 8514 8441
f 8441 8514 8442
f 8514 8515 8442
f 8442 8515 8443
f 8515 8516 8443
f 8443 8516 8444
f 8516 8517 8444
f 8444 8517 8445
f 8517 8446 8445
f 8517 8518 8446
f 8518 8519 8446
f 8446 8519 8447
f 8519 8520 8447
f 8447 8520 8448
f 8520 8521 8448
f 8448 8521 8449
f 8521 8522 8449
f 8449 8522 8450
f 8522 8523 8450
f 8450 8523 8451
f 8523 8524 8451
f 8451 8524 8452
f 8524 8525 8452
f 8452 8525 8453
f 8525 8526 8453
f 8453 8526 8454
f 8526 8527 8454
f 8454 8527 8455
f 8527 8528 8455
f 8455 8528 8456
f 8528 8529 8456
f 8456 8529 8457
f 8529 8530 8457
f 8457 8530 8458
f 8530 8531 8458
f 8458 8531 8459
f 8531 8532 8459
f 8459 8532 8460
f 8532 8533 8460
f 8460 8533 8461
f 8533 8534 8461
f 8461 8534 8462
f 8534 8535 8462
f 8462 8535 8463
f 8535 8536 8463
f 8463 8536 8464
f 8536 8537 8464
f 8464 8537 8465
f 8537 8538 8465
f 8465 8538 8466
f 8538 8539 8466
f 8466 8539 8467
f 8539 8540 8467
f 8467 8540 8468
f 8540 8541 8468
f 8468 8541 8469
f 8541 8542 8469
f 8469 8542 8470
f 8542 8543 8470
f 8470 8543 8471
f 8543 8544 8471
f 8471 8544 8472
f 8544 8545 8472
f 8472 8545 8473
f 8545 8546 8473
f 8473 8546 8474
f 8546 8547 8474
f 8474 8547 8475
f 8547 8548 8475
f 8475 8548 8476
f 8548 8549 8476
f 8476 8549 8477
f 8549 8550 8477
f 8477 8550 8478
f 8550 8551 8478
f 8478 8551 8479
f 8551 8552 8479
f 8479 8552 8480
f 8552 8553 8480
f 8480 8553 8481
f 8553 8554 8481
f 8481 8554 8482
f 8554 8555 8482
f 8482 8555 8483
f 8555 8556 8483
f 8483 8556 8484
f 8556 8557 8484
f 8484 8557 8485
f 8557 8558 8485
f 8485 8558 8486
f 8558 8559 8486
f 8486 8559 8487
f 8559 8560 8487
f 8487 8560 8488
f 8560 8561 8488
f 8488 8561 8489
f 8561 8562 8489
f 8489 8562 8490
f 8562 8563 8490
f 8490 8563 8491
f 8563 8564 8491
f 8491 8564 8492
f 8564 8565 8492
f 8492 8565 8493
f 8565 8566 8493
f 8493 8566 8494
f 8566 8567 8494
f 8494 8567 8495
f 8567 8568 8495
f 8495 8568 8496
f 8568 8569 8496
f 8496 8569 8497
f 8569 8570 8497
f 8497 8570 8498
f 8570 8571 8498
f 8498 8571 8499
f 8571 8572 8499
f 8499 8572 8500
f 8572 8573 8500
f 8500 8573 8501
f 8573 8574 8501
f 8501 8574 8502
f 8574 8575 8502
f 8502 8575 8503
f 8575 8576 8503
f 8503 8576 8504
f 8576 8577 8504
f 8504 8577 8505
f 8577 8578 8505
f 8505 8578 8506
f 8578 8579 8506
f 8506 8579 8507
f 8579 8580 8507
f 8507 8580 8508
f 8580 8581 8508
f 8508 8581 8509
f 8581 8582 8509
f 8509 8582 8510
f 8582 8583 8510
f 8510 8583 8511
f 8583 8584 8511
f 8511 8584 8512
f 8584 8585 8512
f 8512 8585 8513
f 8585 8586 8513
f 8513 8586 8514
f 8586 8587 8514
f 8514 8587 8515
f 8587 8588 8515
f 8515 8588 8516
f 8588 8589 8516
f 8516 8589 8517
f 8589 8518 8517
f 8589 8590 8518
f 8590 8591 8518
f 8518 8591 8519
f 8591 8592 8519
f 8519 8592 8520
f 8592 8593 8520
f 8520 8593 8521
f 8593 8594 8521
f 8521 8594 8522
f 8594 8595 8522
f 8522 8595 8523
f 8595 8596 8523
f 8523 8596 8524
f 8596 8597 8524
f 8524 8597 8525
f 8597 8598 8525
f 8525 8598 8526
f 8598 8599 8526
f 8526 8599 8527
f 8599 8600 8527
f 8527 8600 8528
f 8600 8601 8528
f 8528 8601 8529
f 8601 8602 8529
f 8529 8602 8530
f 8602 8603 8530
f 8530 8603 8531
f 8603 8604 8531
f 8531 8604 8532
f 8604 8605 8532
f 8532 8605 8533
f 8605 8606 8533
f 8533 8606 8534
f 8606 8607 8534
f 8534 8607 8535
f 8607 8608 8535
f 8535 8608 8536
f 8608 8609 8536
f 8536 8609 8537
f 8609 8610 8537
f 8537 8610 8538
f 8610 8611 8538
f 8538 8611 8539
f 8611 8612 8539
f 8539 8612 8540
f 8612 8613 8540
f 8540 8613 8541
f 8613 8614 8541
f 8541 8614 8542
f 8614 8615 8542
f 8542 8615 8543
f 8615 8616 8543
f 8543 8616 8544
f 8616 8617 8544
f 8544 8617 8545
f 8617 8618 8545
f 8545 8618 8546
f 8618 8619 8546
f 8546 8619 8547
f 8619 8620 8547
f 8547 8620 8548
f 8620 8621 8548
f 8548 8621 8549
f 8621 8622 8549
f 8549 8622 8550
f 8622 8623 8550
f 8550 8623 8551
f 8623 8624 8551
f 8551 8624 8552
f 8624 8625 8552
f 8552 8625 8553
f 8625 8626 8553
f 8553 8626 8554
f 8626 8627 8554
f 8554 8627 8555
f 8627 8628 8555
f 8555 8628 8556
f 8628 8629 8556
f 8556 8629 8557
f 8629 8630 8557
f 8557 8630 8558
f 8630 8631 8558
f 8558 8631 8559
f 8631 8632 8559
f 8559 8632 8560
f 8632 8633 8560
f 8560 8633 8561
f 8633 8634 8561
f 8561 8634 8562
f 8634 8635 8562
f 8562 8635 8563
f 8635 8636 8563
f 8563 8636 8564
f 8636 8637 8564
f 8564 8637 8565
f 8637 8638 8565
f 8565 8638 8566
f 8638 8639 8566
f 8566 8639 8567
f 8639 8640 8567
f 8567 8640 8568
f 8640 8641 8568
f 8568 8641 8569
f 8641 8642 8569
f 8569 8642 8570
f 8642 8643 8570
f 8570 8643 8571
f 8643 8644 8571
f 8571 8644 8572
f 8644 8645 8572
f 8572 8645 8573
f 8645 8646 8573
f 8573 8646 8574
f 8646 8647 8574
f 8574 8647 8575
f 8647 8648 8575
f 8575 8648 8576
f 8648 8649 8576
f 8576 8649 8577
f 8649 8650 8577
f 8577 8650 8578
f 8650 8651 8578
f 8578 8651 8579
f 8651 8652 8579
f 8579 8652 8580
f 8652 8653 8580
f 8580 8653 8581
f 8653 8654 8581
f 8581 8654 8582
f 8654 8655 8582
f 8582 8655 8583
f 8655 8656 8583
f 8583 8656 8584
f 8656 8657 8584
f 8584 8657 8585
f 8657 8658 8585
f 8585 8658 8586
f 8658 8659 8586
f 8586 8659 8587
f 8659 8660 8587
f 8587 8660 8588
f 8660 8661 8588
f 8588 8661 8589
f 8661 8590 8589
f 8662 8606 8663
f 8606 8605 8663
f 8663 8605 8664
f 8605 8604 8664
f 8664 8604 8665
f 8604 8603 8665
f 8665 8603 8666
f 8603 8602 8666
f 8666 8602 8667
f 8602 8601 8667
f 8667 8601 8668
f 8601 8600 8668
f 8668 8600 8669
f 8600 8599 8669
f 8669 8599 8670
f 8599 8598 8670
f 8670 8598 8671
f 8598 8597 8671
f 8671 8597 8672
f 8597 8596 8672
f 8672 8596 8673
f 8596 8595 8673
f 8673 8595 8674
f 8595 8594 8674
f 8674 8594 8675
f 8594 8593 8675
f 8675 8593 8676
f 8593 8592 8676
f 8676 8592 8677
f 8592 8591 8677
f 8677 8591 8678
f 8591 8590 8678
f 8678 8590 8679
f 8590 8661 8679
f 8679 8661 8680
f 8661 8660 8680
f 8680 8660 8681
f 8660 8659 8681
f 8681 8659 8682
f 8659 8658 8682
f 8682 8658 8683
f 8658 8657 8683
f 8683 8657 8684
f 8657 8656 8684
f 8684 8656 8685
f 8656 8655 8685
f 8685 8655 8686
f 8655 8654 8686
f 8686 8654 8687
f 8654 8653 8687
f 8687 8653 8688
f 8653 8652 8688
f 8688 8652 8689
f 8652 8651 8689
f 8689 8651 8690
f 8651 8650 8690
f 8690 8650 8691
f 8650 8649 8691
f 8691 8649 8692
f 8649 8648 8692
f 8692 8648 8693
f 8648 8647 8693
f 8693 8647 8694
f 8647 8646 8694
f 8694 8646 8695
f 8646 8645 8695
f 8695 8645 8696
f 8645 8644 8696
f 8696 8644 8697
f 8644 8643 8697
f 8697 8643 8698
f 8643 8642 8698
f 8698 8642 8699
f 8642 8641 8699
f 8699 8641 8700
f 8641 8640 8700
f 8700 8640 8701
f 8640 8639 8701
f 8701 8639 8702
f 8639 8638 8702
f 8702 8638 8703
f 8638 8637 8703
f 8703 8637 8704
f 8637 8636 8704
f 8704 8636 8705
f 8636 8635 8705
f 8705 8635 8706
f 8635 8634 8706
f 8706 8634 8707
f 8634 8633 8707
f 8707 8633 8708
f 8633 8632 8708
f 8708 8632 8709
f 8632 8631 8709
f 8709 8631 8710
f 8631 8630 8710
f 8710 8630 8711
f 8630 8629 8711
f 8711 8629 8712
f 8629 8628 8712
f 8712 8628 8713
f 8628 8627 8713
f 8713 8627 8714
f 8627 8626 8714
f 8714 8626 8715
f 8626 8625 8715
f 8715 8625 8716
f 8625 8624 8716
f 8716 8624 8717
f 8624 8623 8717
f 8717 8623 8718
f 8623 8622 8718
f 8718 8622 8719
f 8622 8621 8719
f 8719 8621 8720
f 8621 8620 8720
f 8720 8620 8721
f 8620 8619 8721
f 8721 8619 8722
f 8619 8618 8722
f 8722 8618 8723
f 8618 8617 8723
f 8723 8617 8724
f 8617 8616 8724
f 8724 8616 8725
f 8616 8615 8725
f 8725 8615 8726
f 8615 8614 8726
f 8726 8614 8727
f 8614 8613 8727
f 8727 8613 8728
f 8613 8612 8728
f 8728 8612 8729
f 8612 8611 8729
f 8729 8611 8730
f 8611 8610 8730
f 8730 8610 8731
f 8610 8609 8731
f 8731 8609 8732
f 8609 8608 8732
f 8732 8608 8733
f 8608 8607 8733
f 8733 8607 8662
f 8607 8606 8662
f 3669 7396 3671
f 7396 7398 3671
f 3671 7398 7290
f 7398 7400 7290
f 7290 7400 7286
f 7400 7402 7286
f 7286 7402 7284
f 7402 7404 7284
f 7284 7404 7281
f 7404 7406 7281
f 7281 7406 7278
f 7406 7408 7278
f 7278 7408 7273
f 7408 7410 7273
f 7273 7410 7271
f 7410 7412 7271
f 7271 7412 7268
f 7412 7414 7268
f 7268 7414 7265
f 7414 7416 7265
f 7265 7416 7260
f 7416 7418 7260
f 7260 7418 7258
f 7418 7420 7258
f 7258 7420 7255
f 7420 7422 7255
f 7255 7422 7252
f 7422 7424 7252
f 7252 7424 7249
f 7424 7426 7249
f 7249 7426 7247
f 7426 8734 7247
f 7384 8735 7382
f 8735 8736 7382
f 7382 8736 7380
f 8736 8737 7380
f 7380 8737 7378
f 8737 8738 7378
f 7378 8738 7376
f 8738 8739 7376
f 7376 8739 7374
f 8739 8740 7374
f 7374 8740 7372
f 8740 8741 7372
f 8741 8742 7372
f 7372 8742 7370
f 8742 8743 7370
f 7370 8743 7368
f 8743 8744 7368
f 7368 8744 7366
f 8744 8745 7366
f 7366 8745 7364
f 8745 8746 7364
f 7364 8746 7362
f 8746 8747 7362
f 7362 8747 7360
f 8747 8748 7360
f 7360 8748 7358
f 3669 3668 7396
f 3668 8749 7396
f 7396 8749 7394
f 8749 8750 7394
f 7394 8750 7392
f 8750 8751 7392
f 7392 8751 7390
f 8751 8752 7390
f 7390 8752 7388
f 8752 8753 7388
f 7388 8753 7386
f 8753 8754 7386
f 7386 8754 7384
f 8754 8755 7384
f 7384 8755 8735
f 8748 8756 7358
f 8756 8757 7358
f 7358 8757 7356
f 8757 8758 7356
f 7356 8758 7354
f 8758 8759 7354
f 7354 8759 7352
f 8759 8760 7352
f 7352 8760 7350
f 8760 8761 7350
f 7350 8761 7348
f 8761 22 7348
f 7348 22 7346
f 22 24 7346
f 7346 24 7344
f 24 26 7344
f 7344 26 7342
f 26 29 7342
f 7342 29 7340
f 29 32 7340
f 7340 32 7338
f 32 36 7338
f 7338 36 7336
f 36 39 7336
f 7336 39 7334
f 39 42 7334
f 7334 42 7332
f 42 47 7332
f 7332 47 7330
f 47 49 7330
f 7330 49 7328
f 49 8762 7328
f 7328 8762 7326
f 8762 8763 7326
f 7326 8763 7324
f 8763 8764 7324
f 7324 8764 7322
f 8764 8765 7322
f 7322 8765 7320
f 8765 8766 7320
f 7320 8766 7318
f 8766 8767 7318
f 7318 8767 7316
f 8767 8768 7316
f 7316 8768 7314
f 8768 8769 7314
f 7314 8769 7312
f 8769 8770 7312
f 7312 8770 7310
f 8770 8771 7310
f 8771 8772 7310
f 7310 8772 7308
f 8772 8773 7308
f 7308 8773 7306
f 8773 8774 7306
f 7306 8774 7304
f 8774 8775 7304
f 7304 8775 7302
f 8775 8776 7302
f 7302 8776 7300
f 8776 8777 7300
f 7300 8777 7298
f 8777 8778 7298
f 7298 8778 7296
f 8778 8779 7296
f 7296 8779 7294
f 8779 8780 7294
f 7294 8780 7436
f 8780 8781 7436
f 7436 8781 7434
f 8781 8782 7434
f 7434 8782 7432
f 8782 8783 7432
f 7432 8783 7430
f 8783 8784 7430
f 7430 8784 7428
f 8784 8785 7428
f 7428 8785 7426
f 8785 8786 7426
f 7426 8786 8734
f 8787 8788 8789
f 8788 8790 8789
f 8789 8790 8791
f 8792 8793 8794
f 8793 8795 8794
f 8794 8795 8789
f 8795 8796 8789
f 8796 8797 8789
f 8797 8798 8789
f 8789 8798 8799
f 8799 8800 8789
f 8800 8801 8789
f 8789 8801 8787
f 8802 8803 8804
f 8803 8805 8804
f 8804 8805 8806
f 8807 8808 8809
f 8808 8810 8809
f 8809 8810 8804
f 8810 8811 8804
f 8811 8812 8804
f 8812 8813 8804
f 8804 8813 8814
f 8814 8815 8804
f 8815 8816 8804
f 8804 8816 8802
f 8817 8818 8819
f 8818 8820 8819
f 8819 8820 8821
f 8822 8823 8824
f 8823 8825 8824
f 8824 8825 8819
f 8825 8826 8819
f 8826 8827 8819
f 8827 8828 8819
f 8819 8828 8829
f 8829 8830 8819
f 8830 8831 8819
f 8819 8831 8817
f 8832 8833 8834
f 8833 8835 8834
f 8834 8835 8836
f 8837 8838 8824
f 8836 8839 8834
f 8839 8840 8834
f 8834 8840 8841
f 8840 8842 8841
f 8841 8842 8843
f 8842 8844 8843
f 8843 8844 8845
f 8844 8846 8845
f 8845 8846 8847
f 8846 8848 8847
f 8847 8848 8849
f 8848 8850 8849
f 8849 8850 8851
f 8850 8852 8851
f 8851 8852 8853
f 8852 8837 8853
f 8853 8837 8819
f 8837 8824 8819
f 8854 8855 8856
f 8855 8857 8856
f 8808 8807 8858
f 8807 8856 8858
f 8858 8856 8859
f 8856 8857 8859
f 8860 8861 8862
f 8861 8863 8862
f 8793 8792 8864
f 8792 8862 8864
f 8864 8862 8865
f 8862 8863 8865
f 8792 8794 8862
f 8794 8866 8862
f 8807 8809 8856
f 8809 8867 8856
f 8868 8822 8838
f 8822 8824 8838
f 8869 8870 8871
f 8870 8872 8871
f 48 50 7135
f 154 87 3672
f 176 178 6978
f 6978 178 6979
f 198 200 6950
f 287 289 6860
f 353 348 6805
f 6805 348 6803
f 362 364 6791
f 6749 6751 408
f 494 496 6662
f 586 586 6575
f 6481 6483 683
f 790 6375 6377
f 903 905 6263
f 6239 6241 943
f 957 955 6214
f 6214 955 6212
f 1160 1162 6011
f 6011 1162 6009
f 1169 1171 6001
f 1222 5953 1220
f 5953 1222 5951
f 1236 1238 5935
f 1259 1261 5913
f 5913 1261 5912
f 5880 5881 1286
f 1344 1346 5831
f 5808 5809 1371
f 1397 1395 5795
f 5725 5737 1425
f 1448 1450 5732
f 1456 5721 5723
f 5659 5662 1520
f 1571 1573 5607
f 1586 1586 5593
f 5295 5297 1890
f 1920 1918 5279
f 1905 1905 5265
f 1953 1955 5230
f 1957 1959 5226
f 5192 5194 1997
f 2159 2161 5029
f 2358 2360 4831
f 2394 2392 4813
f 4789 4791 2404
f 2438 2440 4756
f 4756 2440 4740
f 2454 4739 4751
f 4656 4658 2508
f 2565 2563 4644
f 2611 2609 4594
f 2621 2623 4572
f 2780 2782 4416
f 2788 4411 4413
f 4394 4396 2806
f 4350 4353 2850
f 4336 4338 2867
f 4248 4276 2926
f 3086 3084 4125
f 3280 3278 3917
f 3373 3375 3831
f 3781 3809 3399
f 3403 3405 3804
f 3440 3757 3769
f 3742 3744 3460
f 3467 3469 3740
f 3543 8873 8874
f 3572 8875 8876
f 3625 8877 8878
f 3638 8879 8880
f 8879 3638 3639
f 3629 3632 8881
f 3632 3634 8881
f 8881 3634 8880
f 3634 3635 8880
f 8880 3635 3638
f 8877 3625 8881
f 3625 3627 8881
f 8881 3627 3629
f 3616 3618 8882
f 3618 3621 8882
f 8882 3621 8878
f 3621 3623 8878
f 8878 3623 3625
f 3616 8882 3613
f 8882 8883 3613
f 3613 8883 3611
f 3611 8883 3609
f 8883 8884 3609
f 3609 8884 3608
f 8884 8885 3608
f 3608 8885 3606
f 3606 8885 3604
f 8885 8886 3604
f 3604 8886 3602
f 3602 8886 3600
f 8886 8887 3600
f 3600 8887 3598
f 3598 8887 3590
f 8887 8888 3590
f 3590 8888 3591
f 3588 3596 8889
f 3596 3595 8889
f 8889 3595 8888
f 3595 3593 8888
f 8888 3593 3591
f 8889 8890 3588
f 8890 8891 3588
f 3588 8891 3586
f 8891 8892 3586
f 3586 8892 3584
f 8875 3577 8893
f 3577 3580 8893
f 8893 3580 8892
f 3580 3582 8892
f 8892 3582 3584
f 3572 3573 8875
f 3573 3575 8875
f 8875 3575 3577
f 8894 3568 8876
f 3568 3570 8876
f 8876 3570 3572
f 3554 3562 8895
f 3562 3564 8895
f 8895 3564 8894
f 3564 3566 8894
f 8894 3566 3568
f 3554 8895 3556
f 8895 8896 3556
f 3556 8896 3558
f 3558 8896 3559
f 8896 8897 3559
f 3559 8897 3551
f 3551 8897 3549
f 8897 8898 3549
f 3549 8898 3547
f 8873 3543 8898
f 3543 3545 8898
f 8898 3545 3547
f 8899 3538 8874
f 3538 3540 8874
f 8874 3540 3543
f 3687 3533 3689
f 3533 3535 3689
f 3689 3535 8899
f 3535 3536 8899
f 8899 3536 3538
f 5 3520 3698
f 3520 3522 3698
f 3698 3522 3692
f 3522 3518 3692
f 3692 3518 3690
f 3518 3517 3690
f 3690 3517 3684
f 3517 3527 3684
f 3684 3527 3685
f 3527 3529 3685
f 3685 3529 3687
f 3529 3531 3687
f 3687 3531 3533
f 3698 3697 5
f 3697 3696 5
f 5 3696 6
f 3696 3695 6
f 6 3695 3503
f 3695 3703 3503
f 3699 3511 3700
f 3511 3509 3700
f 3700 3509 3702
f 3509 3507 3702
f 3702 3507 3703
f 3507 3505 3703
f 3703 3505 3503
f 3699 3704 3511
f 3704 3706 3511
f 3511 3706 3513
f 3706 3708 3513
f 3501 10 3709
f 10 3516 3709
f 3709 3516 3708
f 3516 3515 3708
f 3708 3515 3513
f 3709 3711 3501
f 3711 3717 3501
f 3501 3717 13
f 3717 3500 13
f 3500 3717 3499
f 3717 3716 3499
f 3499 3716 3498
f 3716 3716 3498
f 3716 3715 3498
f 3498 3715 3496
f 3715 3713 3496
f 3496 3713 3494
f 3713 3724 3494
f 3494 3724 3492
f 3724 3723 3492
f 3723 3722 3492
f 3492 3722 3490
f 3722 3720 3490
f 3490 3720 3486
f 3720 3719 3486
f 3486 3719 3729
f 3726 3480 3728
f 3480 3482 3728
f 3728 3482 3729
f 3482 3484 3729
f 3729 3484 3486
f 3733 3474 3734
f 3474 3476 3734
f 3734 3476 3726
f 3476 3478 3726
f 3726 3478 3480
f 3733 3731 3474
f 3731 3730 3474
f 3474 3730 3472
f 3730 3735 3472
f 3472 3735 3469
f 3735 3737 3469
f 3469 3737 3740
f 3460 3462 3742
f 3462 3464 3742
f 3742 3464 3740
f 3464 3466 3740
f 3740 3466 3467
f 3744 3746 3460
f 3746 3748 3460
f 3460 3748 3458
f 3748 3750 3458
f 3757 3440 3755
f 3440 3438 3755
f 3755 3438 3753
f 3438 3437 3753
f 3753 3437 3752
f 3437 3454 3752
f 3752 3454 3750
f 3454 3456 3750
f 3750 3456 3458
f 3446 3444 3769
f 3444 3442 3769
f 3769 3442 3440
f 3446 3769 3448
f 3769 3767 3448
f 3448 3767 3450
f 3767 3765 3450
f 3765 3763 3450
f 3450 3763 3451
f 3763 3761 3451
f 3451 3761 3416
f 3761 3759 3416
f 3759 3758 3416
f 3416 3758 3418
f 3758 3774 3418
f 3418 3774 3420
f 3420 3774 3422
f 3774 3776 3422
f 3422 3776 3424
f 3776 3782 3424
f 3424 3782 3426
f 3782 3784 3426
f 3426 3784 3428
f 3784 3786 3428
f 3428 3786 3430
f 3786 3788 3430
f 3430 3788 3432
f 3788 3790 3432
f 3432 3790 3434
f 3790 3792 3434
f 3434 3792 3414
f 3792 3794 3414
f 3414 3794 3413
f 3794 3796 3413
f 3796 3798 3413
f 3413 3798 3411
f 3798 3800 3411
f 3804 3405 3802
f 3405 3407 3802
f 3802 3407 3800
f 3407 3409 3800
f 3800 3409 3411
f 3781 3399 3779
f 3403 3804 3401
f 3804 3806 3401
f 3401 3806 3399
f 3806 3777 3399
f 3399 3777 3779
f 3393 3395 3809
f 3395 3397 3809
f 3809 3397 3399
f 3393 3809 3391
f 3809 3811 3391
f 3391 3811 3389
f 3811 3813 3389
f 3389 3813 3387
f 3813 3815 3387
f 3815 3817 3387
f 3387 3817 3385
f 3817 3819 3385
f 3819 3822 3385
f 3385 3822 3383
f 3822 3824 3383
f 3383 3824 3381
f 3824 3825 3381
f 3381 3825 3379
f 3825 3827 3379
f 3379 3827 3377
f 3377 3827 3375
f 3827 3829 3375
f 3375 3829 3831
f 3373 3831 3371
f 3831 3833 3371
f 3371 3833 3369
f 3833 3835 3369
f 3369 3835 3367
f 3835 3837 3367
f 3837 3839 3367
f 3367 3839 3365
f 3839 3841 3365
f 3365 3841 3363
f 3841 3843 3363
f 3843 3845 3363
f 3363 3845 3360
f 3845 3359 3360
f 3359 3845 3357
f 3845 3847 3357
f 3357 3847 3355
f 3847 3849 3355
f 3355 3849 3353
f 3849 3851 3353
f 3353 3851 3351
f 3851 3853 3351
f 3351 3853 3349
f 3853 3855 3349
f 3855 3857 3349
f 3349 3857 3347
f 3857 3859 3347
f 3347 3859 3330
f 3330 3859 3331
f 3859 3861 3331
f 3331 3861 3333
f 3861 3863 3333
f 3333 3863 3335
f 3863 3865 3335
f 3865 3867 3335
f 3335 3867 3337
f 3867 3869 3337
f 3337 3869 3339
f 3869 3871 3339
f 3339 3871 3341
f 3871 3343 3341
f 3343 3871 3344
f 3871 3873 3344
f 3344 3873 3325
f 3873 3877 3325
f 3877 3875 3325
f 3325 3875 3327
f 3875 3874 3327
f 3327 3874 3323
f 3323 3874 3322
f 3874 3882 3322
f 3322 3882 3320
f 3882 3884 3320
f 3884 3886 3320
f 3320 3886 3318
f 3886 3316 3318
f 3316 3886 3314
f 3886 3888 3314
f 3314 3888 3312
f 3888 3890 3312
f 3890 3892 3312
f 3312 3892 3310
f 3892 3893 3310
f 3310 3893 3307
f 3893 3896 3307
f 3307 3896 3305
f 3896 3898 3305
f 3305 3898 3304
f 3898 3901 3304
f 3304 3901 3302
f 3901 3903 3302
f 3302 3903 3300
f 3903 3298 3300
f 3903 3903 3298
f 3903 3905 3298
f 3298 3905 3296
f 3905 3906 3296
f 3296 3906 3294
f 3906 3910 3294
f 3294 3910 3292
f 3910 3908 3292
f 3292 3908 3273
f 3908 3907 3273
f 3273 3907 3274
f 3907 3915 3274
f 3274 3915 3276
f 3276 3915 3278
f 3915 3915 3278
f 3278 3915 3917
f 3280 3917 3282
f 3917 3919 3282
f 3282 3919 3284
f 3919 3921 3284
f 3284 3921 3286
f 3921 3923 3286
f 3286 3923 3288
f 3923 3925 3288
f 3288 3925 3289
f 3925 3927 3289
f 3927 3929 3289
f 3289 3929 3254
f 3929 3930 3254
f 3254 3930 3256
f 3930 3932 3256
f 3256 3932 3934
f 3934 3264 3262
f 3262 3260 3934
f 3260 3258 3934
f 3934 3258 3256
f 3934 3936 3264
f 3936 3938 3264
f 3264 3938 3266
f 3938 3940 3266
f 3266 3940 3268
f 3940 3942 3268
f 3942 3944 3268
f 3268 3944 3270
f 3944 3946 3270
f 3270 3946 3252
f 3946 3948 3252
f 3252 3948 3250
f 3948 3950 3250
f 3250 3950 3249
f 3950 3952 3249
f 3249 3952 3247
f 3247 3952 3244
f 3952 3954 3244
f 3244 3954 3956
f 3962 3238 3960
f 3238 3240 3960
f 3960 3240 3958
f 3240 3242 3958
f 3958 3242 3956
f 3242 3244 3956
f 3956 3244 3244
f 3962 3964 3238
f 3964 3966 3238
f 3238 3966 3236
f 3966 3234 3236
f 3234 3966 3232
f 3966 3968 3232
f 3232 3968 3230
f 3968 3970 3230
f 3230 3970 3228
f 3970 3972 3228
f 3972 3974 3228
f 3228 3974 3226
f 3974 3976 3226
f 3226 3976 3224
f 3976 3979 3224
f 3224 3979 3222
f 3979 3981 3222
f 3222 3981 3220
f 3220 3981 3217
f 3981 3982 3217
f 3217 3982 3216
f 3982 3984 3216
f 3216 3984 3214
f 3984 3986 3214
f 3986 3988 3214
f 3214 3988 3212
f 3988 3210 3212
f 3988 3990 3210
f 3990 3992 3210
f 3210 3992 3208
f 3992 3994 3208
f 3208 3994 3206
f 3994 3996 3206
f 3206 3996 3204
f 3996 3998 3204
f 3204 3998 3201
f 3201 3998 3199
f 3998 4000 3199
f 3199 4000 3198
f 4000 4002 3198
f 3198 4002 3196
f 4002 4004 3196
f 4004 4006 3196
f 3196 4006 3193
f 4006 4008 3193
f 3193 4008 3191
f 4008 4010 3191
f 3191 4010 3189
f 4010 3187 3189
f 3187 4010 3185
f 4010 4012 3185
f 3185 4012 3183
f 4012 4014 3183
f 3183 4014 4016
f 4016 4018 3183
f 4018 4020 3183
f 3183 4020 3181
f 4020 3180 3181
f 4024 3174 4022
f 3174 3176 4022
f 4022 3176 4020
f 3176 3178 4020
f 4020 3178 3180
f 4024 4026 3174
f 4026 4028 3174
f 3174 4028 3172
f 4028 4030 3172
f 3172 4030 3170
f 4030 4032 3170
f 3170 4032 3168
f 4032 3166 3168
f 4032 4034 3166
f 4034 4036 3166
f 3166 4036 3164
f 4036 4038 3164
f 3164 4038 3162
f 4038 4041 3162
f 3162 4041 3160
f 4041 4043 3160
f 3160 4043 3156
f 4043 4044 3156
f 4044 4046 3156
f 3156 4046 3154
f 4046 4048 3154
f 3154 4048 3152
f 4048 4051 3152
f 3152 4051 3150
f 4051 3148 3150
f 3148 4051 3146
f 4051 4053 3146
f 3146 4053 3144
f 4053 4055 3144
f 3144 4055 3142
f 4055 4057 3142
f 3142 4057 3139
f 4057 4059 3139
f 3139 4059 4065
f 4065 4067 3139
f 4067 4069 3139
f 3139 4069 3138
f 4069 3136 3138
f 4073 3130 4071
f 3130 3132 4071
f 4071 3132 4069
f 3132 3134 4069
f 4069 3134 3136
f 4073 4075 3130
f 4075 4060 3130
f 3130 4060 3128
f 4060 4062 3128
f 3128 4062 3126
f 3126 4062 3124
f 4062 4064 3124
f 3124 4064 3122
f 4064 4083 3122
f 3122 4083 3120
f 4083 4085 3120
f 3120 4085 3118
f 3114 3116 4080
f 3116 3118 4080
f 4080 3118 4078
f 3118 4085 4078
f 3114 4080 3112
f 4080 4082 3112
f 3112 4082 3110
f 4082 4088 3110
f 3110 4088 3108
f 4088 4090 3108
f 4090 4092 3108
f 3108 4092 3106
f 4092 4094 3106
f 4094 4097 3106
f 3106 4097 3103
f 4097 4099 3103
f 3103 4099 3102
f 4099 3100 3102
f 3100 4099 3098
f 4099 4100 3098
f 3098 4100 3096
f 4100 4102 3096
f 3096 4102 3094
f 4102 4104 3094
f 3094 4104 3092
f 4104 4106 3092
f 3092 4106 3090
f 4106 4108 3090
f 4108 4110 3090
f 3090 4110 3073
f 4110 4112 3073
f 3073 4112 3074
f 4112 4118 3074
f 3074 4118 3076
f 4118 4115 3076
f 4115 4114 3076
f 3076 4114 3078
f 4114 4121 3078
f 4125 3084 4123
f 3084 3082 4123
f 4123 3082 4121
f 3082 3080 4121
f 4121 3080 3078
f 3086 4125 3087
f 4125 4127 3087
f 3087 4127 3071
f 4127 4130 3071
f 4130 4132 3071
f 3071 4132 3069
f 4132 4134 3069
f 3069 4134 3067
f 4134 4135 3067
f 3067 4135 3049
f 4135 4137 3049
f 3049 4137 4139
f 4139 3056 3054
f 3054 3052 4139
f 3052 3050 4139
f 4139 3050 3049
f 4139 4141 3056
f 4141 4143 3056
f 3056 4143 3058
f 4143 4145 3058
f 4145 4147 3058
f 3058 4147 3060
f 4147 4149 3060
f 3060 4149 3062
f 4149 4151 3062
f 4151 4153 3062
f 3062 4153 3018
f 4153 3019 3018
f 3019 4153 3021
f 4153 4155 3021
f 3021 4155 3023
f 4155 4157 3023
f 3023 4157 3025
f 4157 4159 3025
f 4159 4161 3025
f 3025 4161 3027
f 4161 4163 3027
f 3027 4163 3029
f 4163 4165 3029
f 3029 4165 3031
f 4165 4167 3031
f 3031 4167 3033
f 3033 4167 3035
f 4167 4169 3035
f 3035 4169 3037
f 4169 4171 3037
f 3037 4171 3039
f 4171 4173 3039
f 3039 4173 4175
f 3048 3047 4179
f 3047 3045 4179
f 4179 3045 4177
f 3045 3043 4177
f 4177 3043 4175
f 3043 3041 4175
f 4175 3041 3039
f 4179 4181 3048
f 4181 4184 3048
f 3048 4184 3015
f 4184 4186 3015
f 3015 4186 3013
f 4186 4187 3013
f 3013 4187 4189
f 3008 3010 4189
f 3010 3012 4189
f 4189 3012 3013
f 4189 4191 3008
f 4191 4193 3008
f 3008 4193 3006
f 4193 4195 3006
f 3006 4195 3004
f 4195 4198 3004
f 3004 4198 3002
f 4198 4200 3002
f 3002 4200 3000
f 4200 4202 3000
f 3000 4202 2998
f 4202 4204 2998
f 2998 4204 2995
f 2995 4204 2993
f 4204 4205 2993
f 2993 4205 2992
f 4205 4207 2992
f 2992 4207 2990
f 4207 4209 2990
f 4209 4212 2990
f 2990 4212 2988
f 4212 4214 2988
f 2988 4214 2986
f 4214 4216 2986
f 2986 4216 2984
f 4216 2982 2984
f 2982 4216 2980
f 4216 4218 2980
f 2980 4218 2977
f 4218 4220 2977
f 2977 4220 4221
f 4225 2972 2974
f 4221 4223 2977
f 4223 4225 2977
f 2977 4225 2976
f 4225 2974 2976
f 2972 4225 2970
f 4225 4227 2970
f 2970 4227 2968
f 4227 4227 2968
f 4227 4236 2968
f 2968 4236 2966
f 4236 4234 2966
f 2966 4234 2964
f 4234 4232 2964
f 2964 4232 2962
f 4232 4230 2962
f 2962 4230 2960
f 4230 4229 2960
f 2960 4229 2958
f 4229 4241 2958
f 2958 4241 2956
f 4241 2954 2956
f 4241 4243 2954
f 4243 4249 2954
f 2954 4249 2952
f 4249 2950 2952
f 4249 4251 2950
f 4251 4253 2950
f 2950 4253 2948
f 4253 4255 2948
f 2948 4255 2946
f 4255 4257 2946
f 2946 4257 2944
f 4257 4259 2944
f 2944 4259 2941
f 4259 4261 2941
f 2941 4261 2940
f 4261 4263 2940
f 4263 4265 2940
f 2940 4265 2938
f 4265 4267 2938
f 2938 4267 2936
f 4267 2934 2936
f 4248 2926 4246
f 2934 4267 2932
f 4267 4269 2932
f 2932 4269 2930
f 4269 4271 2930
f 2930 4271 2928
f 4271 4273 2928
f 2928 4273 2926
f 4273 4244 2926
f 2926 4244 4246
f 2920 2922 4276
f 2922 2924 4276
f 4276 2924 2926
f 2920 4276 2918
f 4276 4278 2918
f 2918 4278 2915
f 4278 4280 2915
f 4280 4282 2915
f 2915 4282 2915
f 4282 4284 2915
f 2915 4284 2913
f 4284 4286 2913
f 4286 4289 2913
f 2913 4289 2911
f 4289 4291 2911
f 2911 4291 2909
f 4291 4292 2909
f 2909 4292 2907
f 4292 4294 2907
f 2907 4294 2905
f 4294 2903 2905
f 4294 4296 2903
f 4296 4298 2903
f 2903 4298 2901
f 4298 4300 2901
f 2901 4300 2899
f 4300 4302 2899
f 2899 4302 2897
f 4302 2895 2897
f 4302 4304 2895
f 4304 4306 2895
f 2895 4306 2893
f 4306 4308 2893
f 2893 4308 2890
f 2890 4308 2888
f 4308 4310 2888
f 2888 4310 2887
f 4310 4312 2887
f 2887 4312 2885
f 4312 4314 2885
f 2885 4314 2883
f 4314 4316 2883
f 2883 4316 2881
f 4316 4318 2881
f 2881 4318 2879
f 4318 4320 2879
f 2879 4320 2877
f 4320 4322 2877
f 4322 4324 2877
f 2877 4324 2875
f 4324 4326 2875
f 2875 4326 2858
f 2858 4326 2859
f 4326 4328 2859
f 2859 4328 2861
f 4328 4330 2861
f 2861 4330 2863
f 4330 4332 2863
f 2863 4332 2865
f 2865 4332 2867
f 4332 4334 2867
f 2867 4334 4336
f 2872 2871 4338
f 2871 2869 4338
f 4338 2869 2867
f 4338 4340 2872
f 4340 4343 2872
f 2872 4343 2856
f 4343 4345 2856
f 2856 4345 2854
f 2854 4345 2852
f 4345 4346 2852
f 2852 4346 2850
f 4346 4348 2850
f 2850 4348 4350
f 2844 2846 4353
f 2846 2848 4353
f 4353 2848 2850
f 4353 4355 2844
f 4355 4357 2844
f 2844 4357 2842
f 4357 4359 2842
f 2842 4359 2840
f 4359 4360 2840
f 2840 4360 2838
f 4360 2836 2838
f 4360 4362 2836
f 4362 4364 2836
f 2836 4364 2834
f 4364 4366 2834
f 2834 4366 2832
f 4366 4369 2832
f 2832 4369 2830
f 4369 4371 2830
f 2830 4371 2827
f 4371 4372 2827
f 2827 4372 2825
f 4372 4374 2825
f 2825 4374 2823
f 4374 4376 2823
f 4376 4378 2823
f 2823 4378 2821
f 4378 4380 2821
f 2821 4380 2819
f 4380 4382 2819
f 2819 4382 2817
f 4382 2815 2817
f 2815 4382 2814
f 4382 4384 2814
f 2814 4384 2812
f 4384 4386 2812
f 4386 4388 2812
f 2812 4388 2810
f 4388 4390 2810
f 2810 4390 2808
f 2808 4390 2806
f 4390 4392 2806
f 2806 4392 4394
f 2800 2802 4396
f 2802 2804 4396
f 4396 2804 2806
f 4396 4398 2800
f 4398 4401 2800
f 2800 4401 2798
f 4401 4403 2798
f 4411 2788 4409
f 2788 2789 4409
f 4409 2789 4407
f 2789 2791 4407
f 4407 2791 4404
f 2791 2794 4404
f 4404 2794 4403
f 2794 2796 4403
f 4403 2796 2798
f 4416 2782 4414
f 2782 2784 4414
f 4414 2784 4413
f 2784 2786 4413
f 4413 2786 2788
f 2780 4416 2778
f 4416 4418 2778
f 2778 4418 2776
f 4418 4420 2776
f 4420 4422 2776
f 2776 4422 2761
f 4422 4425 2761
f 2761 4425 2762
f 4425 4428 2762
f 2762 4428 2764
f 4428 4430 2764
f 2764 4430 2766
f 4430 4432 2766
f 2766 4432 2768
f 2768 4432 2770
f 4432 4434 2770
f 2770 4434 2772
f 4434 4435 2772
f 2772 4435 2773
f 4435 4437 2773
f 2773 4437 2759
f 4437 4439 2759
f 2759 4439 2756
f 4439 4442 2756
f 4442 4444 2756
f 2756 4444 2754
f 4444 4446 2754
f 2754 4446 2753
f 4446 4448 2753
f 2753 4448 2751
f 4448 4449 2751
f 2741 2743 4453
f 2743 2745 4453
f 4453 2745 4451
f 2745 2747 4451
f 4451 2747 4449
f 2747 2749 4449
f 4449 2749 2751
f 4453 4455 2741
f 4455 4457 2741
f 2741 4457 2739
f 4457 4460 2739
f 4460 4462 2739
f 2739 4462 2736
f 4462 4463 2736
f 2736 4463 2734
f 4463 4465 2734
f 2734 4465 2733
f 4465 4467 2733
f 2733 4467 2731
f 4467 2728 2731
f 2728 4467 2727
f 4467 4469 2727
f 2727 4469 2725
f 4469 4471 2725
f 4471 4473 2725
f 2725 4473 2723
f 4473 4475 2723
f 2723 4475 2721
f 4475 4477 2721
f 4477 4479 2721
f 4479 4481 2721
f 2721 4481 2719
f 4481 2717 2719
f 2717 4481 2715
f 4481 4483 2715
f 2715 4483 2713
f 4483 4485 2713
f 2713 4485 2711
f 4485 4487 2711
f 4487 4489 2711
f 2711 4489 2709
f 4489 4491 2709
f 2709 4491 2707
f 4491 4494 2707
f 2707 4494 2705
f 4494 4496 2705
f 2705 4496 2703
f 2703 4496 2701
f 4496 4497 2701
f 2701 4497 2699
f 4497 4499 2699
f 2699 4499 2697
f 4499 4501 2697
f 4501 4503 2697
f 2697 4503 2695
f 4503 2693 2695
f 4503 4505 2693
f 4505 4507 2693
f 2693 4507 2691
f 4507 4509 2691
f 2691 4509 2689
f 4509 4512 2689
f 2689 4512 2687
f 4512 4514 2687
f 2687 4514 2684
f 2684 4514 2682
f 4514 4515 2682
f 2682 4515 2681
f 4515 4517 2681
f 2681 4517 2679
f 4517 4519 2679
f 4519 4521 2679
f 2679 4521 2677
f 4521 2675 2677
f 2675 4521 2672
f 4521 4523 2672
f 2672 4523 2670
f 4523 4526 2670
f 2670 4526 2668
f 4526 4528 2668
f 2668 4528 2633
f 4528 4530 2633
f 4530 4536 2633
f 2633 4536 2634
f 4536 4538 2634
f 2634 4538 2636
f 4538 4540 2636
f 4544 2642 4542
f 2642 2640 4542
f 4542 2640 4540
f 2640 2638 4540
f 4540 2638 2636
f 4544 4546 2642
f 4546 4531 2642
f 2642 4531 2644
f 4531 4533 2644
f 2644 4533 2646
f 2646 4533 2648
f 4533 4535 2648
f 2648 4535 2650
f 4535 4549 2650
f 2650 4549 2652
f 4549 4551 2652
f 2652 4551 2654
f 4551 4553 2654
f 2654 4553 2656
f 4553 4555 2656
f 4555 4557 2656
f 2656 4557 2658
f 4557 2660 2658
f 2660 4557 2662
f 4557 4559 2662
f 2662 4559 2664
f 4559 4560 2664
f 2664 4560 2665
f 4560 4562 2665
f 4562 4564 2665
f 2665 4564 2629
f 4564 4567 2629
f 2629 4567 2631
f 4567 4569 2631
f 2631 4569 2627
f 4569 2625 2627
f 2625 4569 2623
f 4569 4570 2623
f 2623 4570 4572
f 2621 4572 2619
f 4572 4574 2619
f 2619 4574 2617
f 4574 4576 2617
f 2617 4576 2615
f 4576 4578 2615
f 4578 4580 2615
f 2615 4580 2598
f 4580 4582 2598
f 2598 4582 2599
f 4582 4585 2599
f 2599 4585 2601
f 4585 4587 2601
f 4587 4589 2601
f 2601 4589 2603
f 4589 4590 2603
f 4594 2609 4592
f 2609 2607 4592
f 4592 2607 4590
f 2607 2605 4590
f 4590 2605 2603
f 2611 4594 2612
f 4594 4596 2612
f 2612 4596 2596
f 4596 4599 2596
f 4599 4601 2596
f 2596 4601 2594
f 4601 4603 2594
f 2594 4603 2592
f 4603 4604 2592
f 2592 4604 2579
f 4604 4606 2579
f 2579 4606 2580
f 4606 4608 2580
f 4616 2589 4614
f 2589 2588 4614
f 4614 2588 4612
f 2588 2586 4612
f 4612 2586 4610
f 2586 2584 4610
f 4610 2584 4608
f 2584 2582 4608
f 4608 2582 2580
f 4618 2576 4616
f 2576 2574 4616
f 4616 2574 2589
f 4618 4620 2576
f 4620 4622 2576
f 2576 4622 2542
f 4622 2543 2542
f 2543 4622 2545
f 4622 4624 2545
f 2545 4624 2547
f 4624 4626 2547
f 2547 4626 2549
f 4626 4628 2549
f 4628 4630 2549
f 2549 4630 2551
f 4630 4632 2551
f 2551 4632 2553
f 4632 4634 2553
f 2553 4634 2555
f 4634 4636 2555
f 2555 4636 2557
f 2557 4636 2559
f 4636 4638 2559
f 2559 4638 2561
f 4638 4640 2561
f 2561 4640 2563
f 4640 4642 2563
f 2563 4642 4644
f 2565 4644 2567
f 4644 4646 2567
f 2567 4646 2569
f 4646 4648 2569
f 2569 4648 2571
f 2571 4648 2572
f 4648 4650 2572
f 2572 4650 2506
f 4650 4653 2506
f 2506 4653 2508
f 4653 4655 2508
f 2508 4655 4656
f 2514 2512 4658
f 2512 2510 4658
f 4658 2510 2508
f 4658 4660 2514
f 4660 4662 2514
f 2514 4662 2516
f 4662 4664 2516
f 2516 4664 2518
f 4664 4667 2518
f 2518 4667 2520
f 4667 4669 2520
f 2520 4669 2522
f 4669 4671 2522
f 2522 4671 2524
f 4671 4673 2524
f 2524 4673 2526
f 2526 4673 2528
f 4673 4674 2528
f 2528 4674 2530
f 4674 4676 2530
f 2530 4676 2532
f 4676 4678 2532
f 4678 4681 2532
f 2532 4681 2534
f 4681 4683 2534
f 2534 4683 2536
f 4683 4685 2536
f 2536 4685 2538
f 2538 4685 2540
f 4685 4687 2540
f 2540 4687 2504
f 4687 4688 2504
f 2504 4688 2502
f 4688 4690 2502
f 2502 4690 2500
f 4690 4692 2500
f 2500 4692 2498
f 4692 4694 2498
f 4694 4696 2498
f 2498 4696 2496
f 4696 4698 2496
f 2496 4698 2494
f 4698 4700 2494
f 2494 4700 2491
f 4700 4702 2491
f 2491 4702 2489
f 4702 4704 2489
f 4704 4706 2489
f 2489 4706 2487
f 4706 4708 2487
f 2487 4708 2485
f 4708 4711 2485
f 2485 4711 2483
f 4711 2481 2483
f 4711 4713 2481
f 4713 4715 2481
f 2481 4715 2479
f 4715 4717 2479
f 2479 4717 2477
f 4717 4719 2477
f 2477 4719 4721
f 2471 2473 4721
f 2473 2474 4721
f 4721 2474 2477
f 4721 4723 2471
f 4723 4725 2471
f 2471 4725 2469
f 4725 4727 2469
f 2469 4727 2467
f 4727 4729 2467
f 2467 4729 2465
f 4729 4731 2465
f 4739 2454 4737
f 2454 2455 4737
f 4737 2455 4735
f 2455 2457 4735
f 4735 2457 4732
f 2457 2460 4732
f 4732 2460 4731
f 2460 2463 4731
f 4731 2463 2465
f 2448 2450 4751
f 2450 2452 4751
f 4751 2452 2454
f 2448 4751 2446
f 4751 4749 2446
f 2446 4749 2444
f 4749 4747 2444
f 4747 4745 2444
f 2444 4745 2442
f 4745 4743 2442
f 2442 4743 2440
f 4743 4741 2440
f 2440 4741 4740
f 2438 4756 2436
f 4756 4758 2436
f 2436 4758 2434
f 4758 4760 2434
f 2434 4760 2432
f 4760 4762 2432
f 2432 4762 2430
f 4762 4764 2430
f 2430 4764 2428
f 4764 4766 2428
f 2428 4766 2426
f 4766 4767 2426
f 2426 4767 2424
f 4767 4770 2424
f 2424 4770 4772
f 2412 2414 4777
f 2414 2416 4777
f 4777 2416 4775
f 2416 2418 4775
f 4775 2418 4773
f 2418 2420 4773
f 4773 2420 4772
f 2420 2422 4772
f 4772 2422 2424
f 4789 2404 4787
f 2412 4777 2410
f 4777 4779 2410
f 2410 4779 2408
f 4779 4781 2408
f 2408 4781 2406
f 4781 4783 2406
f 2406 4783 2404
f 4783 4785 2404
f 2404 4785 4787
f 2374 2372 4791
f 2372 2371 4791
f 4791 2371 2404
f 2374 4791 2376
f 4791 4793 2376
f 2376 4793 2378
f 4793 4795 2378
f 2378 4795 2380
f 4795 4797 2380
f 4797 4799 2380
f 2380 4799 2382
f 4799 4801 2382
f 4801 4803 2382
f 2382 4803 2384
f 4803 4805 2384
f 2384 4805 2386
f 4805 4807 2386
f 2386 4807 2388
f 4807 4809 2388
f 2388 4809 2390
f 2390 4809 2392
f 4809 4811 2392
f 2392 4811 4813
f 2394 4813 2396
f 4813 4815 2396
f 2396 4815 2398
f 4815 4817 2398
f 2398 4817 2400
f 4817 4819 2400
f 2400 4819 2401
f 4819 4821 2401
f 2401 4821 2365
f 4821 4824 2365
f 2365 4824 2367
f 4824 4826 2367
f 2367 4826 2363
f 2363 4826 2362
f 4826 4827 2362
f 2362 4827 2360
f 4827 4829 2360
f 2360 4829 4831
f 2358 4831 2356
f 4831 4833 2356
f 2356 4833 2354
f 4833 4835 2354
f 2354 4835 2352
f 4835 4837 2352
f 4837 4840 2352
f 2352 4840 2350
f 4840 4842 2350
f 2350 4842 2347
f 2347 4842 2345
f 4842 4843 2345
f 2345 4843 2344
f 4843 4845 2344
f 2344 4845 2342
f 4845 4847 2342
f 4847 4849 2342
f 2342 4849 2340
f 4849 4851 2340
f 2340 4851 2338
f 4851 4853 2338
f 2333 2335 4853
f 2335 2336 4853
f 4853 2336 2338
f 4853 4855 2333
f 4855 4857 2333
f 2333 4857 2331
f 4857 4859 2331
f 2331 4859 2329
f 4859 4861 2329
f 2329 4861 4863
f 2323 2325 4863
f 2325 2327 4863
f 4863 2327 2329
f 4863 4865 2323
f 4865 4867 2323
f 2323 4867 2321
f 4867 4869 2321
f 2321 4869 2319
f 4869 4872 2319
f 2319 4872 2317
f 4872 2315 2317
f 2315 4872 2311
f 4872 4874 2311
f 2311 4874 2309
f 4874 4875 2309
f 4875 4878 2309
f 2309 4878 2307
f 4878 4880 2307
f 2307 4880 2312
f 2312 4880 2306
f 4880 4882 2306
f 2306 4882 2304
f 4882 4884 2304
f 4884 4886 2304
f 2304 4886 2302
f 4886 2300 2302
f 2300 4886 2298
f 4886 4888 2298
f 2298 4888 2296
f 4888 4889 2296
f 2296 4889 2294
f 4889 4891 2294
f 2294 4891 2291
f 4891 4893 2291
f 4893 4905 2291
f 2291 4905 2290
f 4905 4903 2290
f 2290 4903 2288
f 4901 2282 4903
f 2282 2284 4903
f 4903 2284 4903
f 2284 2286 4903
f 4903 2286 2288
f 4901 4899 2282
f 4899 4897 2282
f 2282 4897 2280
f 4897 4895 2280
f 2280 4895 2278
f 4895 4894 2278
f 2278 4894 2275
f 4894 4910 2275
f 2275 4910 2273
f 4910 4912 2273
f 2273 4912 14
f 4912 4914 14
f 4914 4916 14
f 14 4916 15
f 4916 4918 15
f 15 4918 2263
f 4918 2265 2263
f 2265 4918 2267
f 4918 4920 2267
f 2267 4920 2269
f 4920 4921 2269
f 2269 4921 2271
f 4921 4923 2271
f 2271 4923 2272
f 4923 4925 2272
f 4925 4928 2272
f 2272 4928 2260
f 4928 4930 2260
f 2260 4930 2257
f 4930 4931 2257
f 2257 4931 2255
f 4931 4933 2255
f 2255 4933 2229
f 4933 4935 2229
f 2229 4935 2230
f 2230 4935 2232
f 4935 4937 2232
f 2232 4937 2232
f 4937 4939 2232
f 2232 4939 2235
f 4939 4941 2235
f 4941 4943 2235
f 2235 4943 2237
f 4943 4945 2237
f 2237 4945 2239
f 4945 4947 2239
f 2239 4947 2241
f 4947 4949 2241
f 2241 4949 2243
f 4949 2245 2243
f 4949 4951 2245
f 4951 4953 2245
f 2245 4953 2247
f 4953 4955 2247
f 2247 4955 2249
f 4955 4957 2249
f 2249 4957 2251
f 2251 4957 2253
f 4957 4959 2253
f 2253 4959 2254
f 4959 4962 2254
f 2254 4962 2226
f 4962 4964 2226
f 2226 4964 2223
f 4964 4965 2223
f 2223 4965 2222
f 2222 4965 2220
f 4965 4967 2220
f 2220 4967 2218
f 4967 4969 2218
f 4969 4971 2218
f 2218 4971 2216
f 4971 2214 2216
f 4971 4973 2214
f 4973 4975 2214
f 2214 4975 2212
f 4975 4977 2212
f 2212 4977 2210
f 4977 4979 2210
f 2210 4979 2208
f 4979 4981 2208
f 2208 4981 2205
f 2205 4981 2203
f 4981 4983 2203
f 2203 4983 2202
f 4983 4985 2202
f 2202 4985 2200
f 4985 4987 2200
f 4987 4989 2200
f 2200 4989 2198
f 4989 2196 2198
f 2196 4989 2193
f 4989 4991 2193
f 2193 4991 2191
f 4991 4994 2191
f 2191 4994 2189
f 4994 4996 2189
f 2189 4996 2187
f 4996 4998 2187
f 4998 4999 2187
f 2187 4999 2185
f 4999 5001 2185
f 2185 5001 2184
f 5001 5003 2184
f 2184 5003 2182
f 5003 5005 2182
f 5005 5007 2182
f 2182 5007 2180
f 5007 2178 2180
f 2178 5007 2176
f 5007 5009 2176
f 2176 5009 2174
f 5009 5011 2174
f 5011 5013 2174
f 2174 5013 2172
f 5013 5015 2172
f 2172 5015 2170
f 5015 5017 2170
f 5017 5019 2170
f 2170 5019 2168
f 5019 5021 2168
f 2168 5021 2166
f 5021 5024 2166
f 2166 5024 2164
f 5024 5026 2164
f 2164 5026 2161
f 5026 5028 2161
f 2161 5028 5029
f 2159 5029 2157
f 5029 5031 2157
f 2157 5031 2155
f 5031 5034 2155
f 2155 5034 2153
f 5034 5036 2153
f 5036 5038 2153
f 2153 5038 2151
f 5038 5040 2151
f 2151 5040 2149
f 5040 5042 2149
f 2149 5042 2147
f 5042 5044 2147
f 2147 5044 2144
f 2144 5044 2142
f 5044 5045 2142
f 2142 5045 2141
f 5045 5048 2141
f 2141 5048 2139
f 5048 5050 2139
f 5050 5056 2139
f 2139 5056 2137
f 5056 5058 2137
f 2137 5058 2135
f 5058 5051 2135
f 2129 2131 5051
f 2131 2133 5051
f 5051 2133 2135
f 5051 5053 2129
f 5053 5055 2129
f 2129 5055 2127
f 5055 5061 2127
f 2127 5061 2116
f 5061 5063 2116
f 2116 5063 2117
f 5063 5065 2117
f 2117 5065 5068
f 2123 2121 5068
f 2121 2119 5068
f 5068 2119 2117
f 5068 5070 2123
f 5070 5072 2123
f 2123 5072 2124
f 5072 5074 2124
f 2124 5074 2114
f 5074 5075 2114
f 2114 5075 2112
f 5075 2110 2112
f 5082 2108 5080
f 2108 2110 5080
f 5080 2110 5077
f 2110 5075 5077
f 2094 2096 5094
f 2096 2098 5094
f 5094 2098 5092
f 2098 2100 5092
f 5092 2100 5090
f 2100 2102 5090
f 5090 2102 5088
f 2102 2104 5088
f 5088 2104 5082
f 2104 2106 5082
f 5082 2106 2108
f 5094 5096 2094
f 5096 5098 2094
f 2094 5098 2091
f 5098 5100 2091
f 2091 5100 2089
f 5100 5102 2089
f 2089 5102 2088
f 5102 5104 2088
f 5104 5106 2088
f 2088 5106 2086
f 5106 5108 2086
f 2086 5108 2084
f 5108 2082 2084
f 5085 5087 2074
f 5087 5117 2074
f 2074 5117 2072
f 2082 5108 2080
f 5108 5110 2080
f 2080 5110 2078
f 5110 5112 2078
f 2078 5112 2076
f 5112 5114 2076
f 2076 5114 2074
f 5114 5083 2074
f 2074 5083 5085
f 2072 5117 2070
f 5117 5119 2070
f 2070 5119 2068
f 5119 5121 2068
f 2068 5121 2066
f 2066 5121 2064
f 5121 5123 2064
f 2064 5123 2062
f 5123 5125 2062
f 2062 5125 2060
f 5125 5127 2060
f 2060 5127 2058
f 5127 5129 2058
f 2058 5129 2056
f 5129 5132 2056
f 5132 5134 2056
f 2056 5134 2053
f 5134 5135 2053
f 2053 5135 2052
f 2052 5135 2050
f 5135 5137 2050
f 2050 5137 5139
f 5149 2038 5147
f 2038 2040 5147
f 5147 2040 5145
f 2040 2042 5145
f 5145 2042 5143
f 2042 2044 5143
f 5143 2044 5141
f 2044 2046 5141
f 5141 2046 5139
f 2046 2048 5139
f 5139 2048 2050
f 5149 5151 2038
f 5151 5153 2038
f 2038 5153 2005
f 5153 2006 2005
f 2006 5153 2008
f 5153 5155 2008
f 2008 5155 2010
f 5155 5157 2010
f 2010 5157 2012
f 5157 5159 2012
f 5159 5161 2012
f 2012 5161 2014
f 5161 5163 2014
f 2014 5163 2016
f 5163 5165 2016
f 2016 5165 2018
f 5165 5167 2018
f 2018 5167 2020
f 2020 5167 2022
f 5167 5169 2022
f 2022 5169 2024
f 5169 5171 2024
f 2024 5171 2026
f 5171 5173 2026
f 5173 5175 2026
f 2026 5175 2028
f 5175 2030 2028
f 2030 5175 2032
f 5175 5177 2032
f 2032 5177 2034
f 5177 5180 2034
f 2034 5180 2035
f 5180 5182 2035
f 5182 5184 2035
f 2035 5184 2000
f 5184 5186 2000
f 2000 5186 2002
f 5186 5188 2002
f 2002 5188 1998
f 1998 5188 1997
f 5188 5190 1997
f 1997 5190 5192
f 1991 1993 5194
f 1993 1995 5194
f 5194 1995 1997
f 1991 5194 1989
f 5194 5196 1989
f 1989 5196 1987
f 5196 5198 1987
f 5198 5200 1987
f 1987 5200 1985
f 5200 5201 1985
f 1985 5201 1982
f 5201 5204 1982
f 1982 5204 1980
f 5204 5206 1980
f 1980 5206 1979
f 5206 5207 1979
f 1979 5207 1977
f 5207 5209 1977
f 5209 5209 1977
f 1977 5209 1975
f 5209 5218 1975
f 1975 5218 1973
f 5218 1971 1973
f 1971 5218 1969
f 5218 5216 1969
f 1969 5216 1967
f 5216 5214 1967
f 1967 5214 1965
f 5214 5212 1965
f 5212 5211 1965
f 1965 5211 1963
f 5211 5222 1963
f 1963 5222 1961
f 1961 5222 1959
f 5222 5224 1959
f 1959 5224 5226
f 1957 5226 1955
f 5226 5228 1955
f 1955 5228 5230
f 1953 5230 1951
f 5230 5232 1951
f 1951 5232 1949
f 5232 5233 1949
f 5233 5236 1949
f 1949 5236 1948
f 5236 5238 1948
f 1948 5238 1946
f 5238 5239 1946
f 1946 5239 1944
f 5239 5241 1944
f 1944 5241 1942
f 5241 5243 1942
f 1942 5243 1940
f 5251 1930 5249
f 1930 1932 5249
f 5249 1932 5247
f 1932 1934 5247
f 5247 1934 5245
f 1934 1936 5245
f 5245 1936 5243
f 1936 1938 5243
f 5243 1938 1940
f 5251 5253 1930
f 5253 5255 1930
f 1930 5255 1898
f 5255 5257 1898
f 1898 5257 1899
f 5257 5259 1899
f 1899 5259 1901
f 1901 5259 1903
f 5259 5261 1903
f 1903 5261 1905
f 5261 5263 1905
f 1905 5263 5265
f 1905 5265 1908
f 5265 5267 1908
f 1908 5267 1910
f 5267 5269 1910
f 1910 5269 1912
f 5269 5271 1912
f 5271 5273 1912
f 1912 5273 1914
f 5273 5275 1914
f 1914 5275 1916
f 1916 5275 1918
f 5275 5277 1918
f 1918 5277 5279
f 1920 5279 1922
f 5279 5281 1922
f 1922 5281 1924
f 5281 5283 1924
f 1924 5283 1926
f 5283 5285 1926
f 1926 5285 1927
f 5285 5287 1927
f 1927 5287 1893
f 1893 5287 1895
f 5287 5289 1895
f 1895 5289 1891
f 5289 5291 1891
f 1891 5291 1890
f 5291 5293 1890
f 1890 5293 5295
f 1884 1886 5297
f 1886 1888 5297
f 5297 1888 1890
f 5297 5299 1884
f 5299 5301 1884
f 1884 5301 1882
f 5301 5303 1882
f 1882 5303 1880
f 5303 5305 1880
f 1880 5305 1878
f 5305 5307 1878
f 1878 5307 1875
f 1875 5307 1873
f 5307 5309 1873
f 1873 5309 1872
f 5309 5311 1872
f 1872 5311 1870
f 5311 5313 1870
f 5313 5315 1870
f 1870 5315 1868
f 5315 1866 1868
f 1866 5315 1864
f 5315 5317 1864
f 1864 5317 1863
f 5317 5319 1863
f 1863 5319 1861
f 5319 5321 1861
f 5321 5323 1861
f 1861 5323 1859
f 5323 5325 1859
f 1859 5325 1857
f 5325 5327 1857
f 1857 5327 5329
f 1852 1854 5329
f 1854 1856 5329
f 5329 1856 1857
f 5329 5331 1852
f 5331 5333 1852
f 1852 5333 1850
f 5333 3682 1850
f 1850 3682 1848
f 3682 3681 1848
f 1848 3681 1846
f 3681 5336 1846
f 1846 5336 1844
f 1844 5336 1842
f 5336 5336 1842
f 1842 5336 5338
f 5349 1815 5347
f 1815 1814 5347
f 5347 1814 5344
f 1814 1836 5344
f 5344 1836 5342
f 1836 1838 5342
f 5342 1838 5340
f 1838 1840 5340
f 5340 1840 5338
f 1840 1842 5338
f 5338 1842 1842
f 5349 5350 1815
f 5350 5352 1815
f 1815 5352 1831
f 5352 5354 1831
f 1831 5354 1829
f 5354 5356 1829
f 1829 5356 1827
f 5360 1821 5358
f 1821 1823 5358
f 5358 1823 5356
f 1823 1825 5356
f 5356 1825 1827
f 5360 5362 1821
f 5362 5364 1821
f 1821 5364 1819
f 5364 5366 1819
f 1819 5366 1813
f 1813 5366 1812
f 5366 5368 1812
f 1812 5368 1810
f 5368 5370 1810
f 1810 5370 1808
f 5370 5372 1808
f 5372 5374 1808
f 1808 5374 1806
f 5374 5376 1806
f 1806 5376 1804
f 5376 5378 1804
f 1804 5378 1802
f 5378 1800 1802
f 1800 5378 1797
f 5378 5381 1797
f 1797 5381 1797
f 5381 5383 1797
f 5383 5385 1797
f 1797 5385 1795
f 5385 5387 1795
f 1795 5387 1792
f 5387 1791 1792
f 1787 1789 5391
f 1789 1791 5391
f 5391 1791 5389
f 1791 5387 5389
f 1787 5391 1784
f 5391 5392 1784
f 1784 5392 1782
f 5392 5394 1782
f 1782 5394 1780
f 5394 5396 1780
f 5396 5398 1780
f 1780 5398 1777
f 5398 5400 1777
f 1777 5400 1774
f 5400 5403 1774
f 1774 5403 1773
f 5403 5405 1773
f 1773 5405 1771
f 5405 5407 1771
f 1771 5407 1769
f 1769 5407 1767
f 5407 5409 1767
f 1767 5409 1765
f 5409 5411 1765
f 5411 5413 1765
f 1765 5413 1763
f 5413 5415 1763
f 1763 5415 1761
f 5415 5417 1761
f 1761 5417 1744
f 5417 5423 1744
f 1744 5423 1745
f 5423 5425 1745
f 1745 5425 1747
f 5425 5420 1747
f 5420 5419 1747
f 1747 5419 1749
f 5419 5428 1749
f 1749 5428 1751
f 5428 1753 1751
f 1753 5428 1755
f 5428 5430 1755
f 1755 5430 1757
f 5430 5432 1757
f 1757 5432 1758
f 5432 5434 1758
f 1758 5434 1736
f 5434 5437 1736
f 1736 5437 1738
f 5437 5439 1738
f 5439 5441 1738
f 1738 5441 1741
f 5441 5442 1741
f 1741 5442 1729
f 5442 5444 1729
f 1729 5444 5446
f 5446 1727 1728
f 1728 1732 5446
f 1732 1730 5446
f 5446 1730 1729
f 5446 5448 1727
f 5448 5450 1727
f 1727 5450 1725
f 5450 5452 1725
f 5452 5454 1725
f 1725 5454 1723
f 5454 5456 1723
f 1723 5456 1721
f 5456 5458 1721
f 1721 5458 1718
f 5458 5461 1718
f 1718 5461 1717
f 5461 1715 1717
f 5461 5463 1715
f 5463 5465 1715
f 1715 5465 1713
f 5465 5467 1713
f 1713 5467 1711
f 5467 5469 1711
f 1711 5469 1709
f 1709 5469 1707
f 5469 5471 1707
f 1707 5471 1705
f 5471 5473 1705
f 1705 5473 1703
f 5473 5475 1703
f 1703 5475 1701
f 5475 5477 1701
f 1701 5477 1699
f 5477 5479 1699
f 1699 5479 1697
f 5479 5481 1697
f 5481 5483 1697
f 1697 5483 1695
f 5483 1693 1695
f 5483 5485 1693
f 5485 5487 1693
f 1693 5487 1691
f 5487 5489 1691
f 1691 5489 1689
f 5489 5492 1689
f 1689 5492 1687
f 5492 5494 1687
f 1687 5494 1685
f 1685 5494 1682
f 5494 5496 1682
f 1682 5496 1681
f 5496 5497 1681
f 1681 5497 1679
f 5497 5499 1679
f 5499 5501 1679
f 1679 5501 1677
f 5501 5503 1677
f 1677 5503 1675
f 5503 5506 1675
f 1669 1671 5506
f 1671 1673 5506
f 5506 1673 1675
f 5506 5508 1669
f 5508 5510 1669
f 1669 5510 1666
f 5510 5512 1666
f 1666 5512 1664
f 5512 5518 1664
f 1664 5518 1663
f 5518 5520 1663
f 1663 5520 1661
f 5520 5522 1661
f 5522 5524 1661
f 1661 5524 1659
f 5524 1657 1659
f 1657 5524 1655
f 5524 5526 1655
f 1655 5526 1653
f 5526 5513 1653
f 5513 5515 1653
f 1653 5515 1651
f 5515 5517 1651
f 1651 5517 1649
f 5517 5534 1649
f 1649 5534 1646
f 5534 5536 1646
f 1646 5536 1645
f 5536 5538 1645
f 1645 5538 1643
f 5538 5540 1643
f 5540 5529 1643
f 1643 5529 1641
f 5529 5531 1641
f 1635 1637 5531
f 1637 1639 5531
f 5531 1639 1641
f 5531 5533 1635
f 5533 5543 1635
f 1635 5543 1633
f 5543 5545 1633
f 1633 5545 1631
f 5545 5548 1631
f 1631 5548 1629
f 5548 5550 1629
f 1629 5550 1627
f 5550 1625 1627
f 5550 5556 1625
f 5556 5558 1625
f 1625 5558 1623
f 5558 5560 1623
f 1623 5560 1621
f 5560 5562 1621
f 1621 5562 1619
f 5562 1617 1619
f 5562 5564 1617
f 5564 5566 1617
f 1617 5566 1614
f 5566 5568 1614
f 1614 5568 1612
f 5568 5570 1612
f 1612 5570 1611
f 5570 5572 1611
f 5572 5574 1611
f 1611 5574 1609
f 5574 5576 1609
f 1609 5576 1607
f 5582 1599 5580
f 1599 1601 5580
f 5580 1601 5578
f 1601 1603 5578
f 5578 1603 5576
f 1603 1605 5576
f 5576 1605 1607
f 5582 5551 1599
f 5551 5553 1599
f 1599 5553 1597
f 5553 5555 1597
f 1597 5555 1595
f 5555 5585 1595
f 1595 5585 1593
f 5585 5587 1593
f 1593 5587 1591
f 5587 5589 1591
f 1591 5589 1589
f 1589 5589 1586
f 5589 5591 1586
f 1586 5591 5593
f 1586 5593 1584
f 5593 5595 1584
f 1584 5595 1582
f 5595 5597 1582
f 1582 5597 1581
f 5597 5600 1581
f 1581 5600 1579
f 5600 5602 1579
f 1579 5602 1576
f 5602 5603 1576
f 1576 5603 1575
f 1575 5603 1573
f 5603 5605 1573
f 1573 5605 5607
f 1571 5607 1569
f 5607 5609 1569
f 1569 5609 1567
f 5609 5611 1567
f 1567 5611 1565
f 5611 5613 1565
f 1565 5613 1563
f 5613 5615 1563
f 1563 5615 1560
f 5615 5617 1560
f 1560 5617 1558
f 5617 5619 1558
f 1558 5619 1557
f 5619 5621 1557
f 1557 5621 1555
f 5621 5623 1555
f 1555 5623 1553
f 5623 5625 1553
f 1553 5625 1551
f 5625 5627 1551
f 5627 5629 1551
f 1551 5629 1549
f 5629 5631 1549
f 1549 5631 1547
f 5631 5633 1547
f 1547 5633 1545
f 5633 5635 1545
f 1545 5635 1543
f 1543 5635 1541
f 5635 5637 1541
f 1541 5637 1539
f 5637 5639 1539
f 1539 5639 1537
f 5639 5641 1537
f 5641 5643 1537
f 1537 5643 1535
f 5643 1533 1535
f 1533 5643 1531
f 5643 5645 1531
f 1531 5645 1529
f 5645 5648 1529
f 1529 5648 1525
f 5648 5650 1525
f 5650 5652 1525
f 1525 5652 1523
f 5652 5654 1523
f 1523 5654 1521
f 1521 5654 1526
f 5654 5656 1526
f 1526 5656 1520
f 5656 5657 1520
f 1520 5657 5659
f 1514 1516 5662
f 1516 1518 5662
f 5662 1518 1520
f 1514 5662 1511
f 5662 5664 1511
f 1511 5664 1509
f 5664 5666 1509
f 5666 5668 1509
f 1509 5668 1507
f 5668 5669 1507
f 1507 5669 1505
f 5669 5671 1505
f 5671 5673 1505
f 1505 5673 1503
f 5673 5675 1503
f 1503 5675 1501
f 5675 5677 1501
f 1501 5677 1499
f 5677 5679 1499
f 1499 5679 1496
f 5679 5681 1496
f 1496 5681 1494
f 5681 5683 1494
f 1494 5683 1492
f 5683 5685 1492
f 5685 5687 1492
f 1492 5687 1490
f 5687 1488 1490
f 1488 5687 1486
f 5687 5689 1486
f 1486 5689 1484
f 5689 5691 1484
f 1484 5691 1480
f 5691 5693 1480
f 5693 5698 1480
f 1480 5698 1478
f 5698 5696 1478
f 1478 5696 1476
f 5696 5695 1476
f 1476 5695 5703
f 1472 1474 5703
f 1474 1475 5703
f 5703 1475 1476
f 5703 5705 1472
f 5705 5707 1472
f 1472 5707 1470
f 5707 5709 1470
f 1470 5709 1468
f 5709 5711 1468
f 1468 5711 1466
f 5711 5713 1466
f 5721 1456 5719
f 1456 1457 5719
f 5719 1457 5717
f 1457 1459 5717
f 5717 1459 5714
f 1459 1462 5714
f 5714 1462 5713
f 1462 1464 5713
f 5713 1464 1466
f 5732 1450 5724
f 1450 1452 5724
f 5724 1452 5723
f 1452 1454 5723
f 5723 1454 1456
f 1448 5732 1446
f 5732 5730 1446
f 1446 5730 1444
f 5730 5728 1444
f 1444 5728 1425
f 5728 5726 1425
f 1425 5726 5725
f 1434 1432 5741
f 1432 1430 5741
f 5741 1430 5739
f 1430 1428 5739
f 5739 1428 5737
f 1428 1426 5737
f 5737 1426 1425
f 5741 5743 1434
f 5743 5745 1434
f 1434 5745 1436
f 5745 5747 1436
f 1436 5747 1438
f 5747 5749 1438
f 1438 5749 1440
f 5749 5751 1440
f 1440 5751 1441
f 5751 5753 1441
f 1441 5753 1406
f 5753 5754 1406
f 1406 5754 1408
f 5754 5756 1408
f 1408 5756 5758
f 5758 1416 1414
f 1414 1412 5758
f 1412 1410 5758
f 5758 1410 1408
f 5758 5760 1416
f 5760 5762 1416
f 1416 5762 1418
f 5762 5764 1418
f 1418 5764 1420
f 5764 5766 1420
f 5766 5768 1420
f 1420 5768 1422
f 5768 5770 1422
f 1422 5770 1374
f 5770 5772 1374
f 1374 5772 1375
f 5772 5774 1375
f 1383 1381 5776
f 1381 1379 5776
f 5776 1379 5774
f 1379 1377 5774
f 5774 1377 1375
f 5776 5778 1383
f 5778 5780 1383
f 1383 5780 1385
f 5780 5782 1385
f 1385 5782 1387
f 5782 5784 1387
f 1387 5784 1389
f 5784 5786 1389
f 5786 5788 1389
f 1389 5788 1391
f 5788 5791 1391
f 1391 5791 1393
f 1393 5791 1395
f 5791 5793 1395
f 1395 5793 5795
f 1397 5795 1399
f 5795 5797 1399
f 1399 5797 1401
f 5797 5799 1401
f 1401 5799 1403
f 5799 5801 1403
f 1403 5801 1404
f 5801 5804 1404
f 1404 5804 1369
f 1369 5804 1371
f 5804 5806 1371
f 1371 5806 5808
f 1364 1366 5809
f 1366 1367 5809
f 5809 1367 1371
f 5809 5811 1364
f 5811 5813 1364
f 1364 5813 1362
f 5813 5815 1362
f 1362 5815 1360
f 5815 5817 1360
f 1354 1356 5817
f 1356 1358 5817
f 5817 1358 1360
f 5817 5819 1354
f 5819 5822 1354
f 1354 5822 1351
f 5822 5824 1351
f 1351 5824 1349
f 5824 5825 1349
f 1349 5825 1348
f 5825 5827 1348
f 1348 5827 1346
f 5827 5829 1346
f 1346 5829 5831
f 5835 1338 5833
f 1338 1340 5833
f 5833 1340 5831
f 1340 1342 5831
f 5831 1342 1344
f 5835 5837 1338
f 5837 5839 1338
f 1338 5839 1336
f 5839 5841 1336
f 1336 5841 1319
f 1319 5841 1320
f 5841 5843 1320
f 1320 5843 1322
f 5843 5845 1322
f 1322 5845 1324
f 5845 5847 1324
f 5847 5849 1324
f 1324 5849 1326
f 5849 5851 1326
f 1326 5851 1328
f 5851 5853 1328
f 1328 5853 1330
f 1330 5853 1332
f 5853 5856 1332
f 1332 5856 1333
f 5856 5858 1333
f 1333 5858 1314
f 5858 5860 1314
f 1314 5860 1316
f 5860 5862 1316
f 1316 5862 1312
f 1312 5862 1310
f 5862 5864 1310
f 1310 5864 1308
f 5864 5866 1308
f 5866 5868 1308
f 1308 5868 1306
f 5868 1304 1306
f 1304 5868 1302
f 5868 5870 1302
f 1302 5870 1300
f 5870 5871 1300
f 5871 5873 1300
f 1300 5873 1298
f 5873 5875 1298
f 1298 5875 1295
f 5875 5878 1295
f 1295 5878 1294
f 5878 5880 1294
f 1286 1288 5880
f 1288 1290 5880
f 5880 1290 5880
f 1290 1292 5880
f 5880 1292 1294
f 5881 5883 1286
f 5883 5887 1286
f 1286 5887 1284
f 5887 5885 1284
f 1284 5885 1282
f 5885 5884 1282
f 1282 5884 1265
f 5884 5892 1265
f 1265 5892 1266
f 5892 5894 1266
f 1266 5894 1268
f 5894 5896 1268
f 5896 5898 1268
f 1268 5898 1270
f 5898 5900 1270
f 1270 5900 1272
f 5900 1274 1272
f 1274 5900 1276
f 5900 5902 1276
f 1276 5902 1278
f 5902 5903 1278
f 1278 5903 1279
f 5903 5905 1279
f 1279 5905 1263
f 5905 5908 1263
f 1263 5908 1261
f 5908 5910 1261
f 1261 5910 5912
f 1259 5913 1242
f 5913 5915 1242
f 1242 5915 1243
f 1243 5915 1245
f 5915 5917 1245
f 1245 5917 1247
f 5917 5919 1247
f 5919 5921 1247
f 1247 5921 1247
f 5921 5923 1247
f 1247 5923 1250
f 5923 5925 1250
f 1250 5925 1252
f 5925 5927 1252
f 1252 5927 1254
f 5927 5929 1254
f 1254 5929 1241
f 5929 5931 1241
f 1241 5931 1240
f 1240 5931 1238
f 5931 5933 1238
f 1238 5933 5935
f 1236 5935 1234
f 5935 5937 1234
f 1234 5937 1232
f 5937 5939 1232
f 1232 5939 1230
f 5939 5941 1230
f 1230 5941 1228
f 5941 5943 1228
f 1228 5943 1225
f 5943 5945 1225
f 1225 5945 1224
f 5945 5947 1224
f 1224 5947 1222
f 5947 5949 1222
f 1222 5949 5951
f 1220 5953 1218
f 5953 5955 1218
f 1218 5955 1216
f 5955 5957 1216
f 1216 5957 1214
f 5957 5959 1214
f 1214 5959 1212
f 5959 5962 1212
f 1212 5962 1210
f 5962 5964 1210
f 1210 5964 1208
f 1208 5964 1205
f 5964 5966 1205
f 1205 5966 1204
f 5966 5967 1204
f 1204 5967 1202
f 5967 5969 1202
f 5969 5971 1202
f 1202 5971 1200
f 5971 5973 1200
f 1200 5973 1198
f 5973 5976 1198
f 1198 5976 1196
f 5976 1194 1196
f 1194 5976 1192
f 5976 5978 1192
f 1192 5978 1190
f 5978 5980 1190
f 5980 5982 1190
f 1190 5982 1188
f 5982 5983 1188
f 1188 5983 1186
f 5983 5985 1186
f 1186 5985 1184
f 1184 5985 1182
f 5985 5987 1182
f 1182 5987 1180
f 5987 5989 1180
f 1180 5989 1178
f 5989 5991 1178
f 1178 5991 1176
f 5991 5993 1176
f 1176 5993 1175
f 5993 5995 1175
f 1175 5995 1173
f 5995 5995 1173
f 5995 5997 1173
f 1173 5997 1171
f 5997 5999 1171
f 1171 5999 6001
f 1169 6001 1167
f 6001 6003 1167
f 1167 6003 1165
f 6003 6006 1165
f 1165 6006 1162
f 6006 6008 1162
f 1162 6008 6009
f 1160 6011 1158
f 6011 6013 1158
f 1158 6013 1156
f 6013 6016 1156
f 1156 6016 1154
f 6016 6018 1154
f 6018 6020 1154
f 1154 6020 1152
f 6020 6022 1152
f 1152 6022 1150
f 6022 6024 1150
f 1150 6024 1148
f 6024 6026 1148
f 1148 6026 1142
f 1142 6026 1144
f 6026 6027 1144
f 1144 6027 1145
f 6027 6030 1145
f 1145 6030 1139
f 6030 6032 1139
f 6032 6034 1139
f 1139 6034 1137
f 6034 6036 1137
f 1137 6036 1135
f 6036 6037 1135
f 1129 1131 6037
f 1131 1133 6037
f 6037 1133 1135
f 6037 6041 1129
f 6041 6039 1129
f 1129 6039 1126
f 6039 6038 1126
f 1126 6038 1125
f 6038 6046 1125
f 1125 6046 1123
f 6046 6048 1123
f 1123 6048 1121
f 1121 6048 1119
f 6048 6060 1119
f 1119 6060 1117
f 6060 6058 1117
f 6058 6056 1117
f 1117 6056 1115
f 6056 6054 1115
f 1115 6054 1113
f 6054 6052 1113
f 1113 6052 1111
f 6052 6050 1111
f 1111 6050 1109
f 6050 6049 1109
f 1109 6049 1107
f 6049 6065 1107
f 1107 6065 1105
f 6065 6067 1105
f 1105 6067 1103
f 6067 6068 1103
f 1103 6068 1101
f 1101 6068 1099
f 6068 6070 1099
f 1099 6070 1097
f 6070 6072 1097
f 1097 6072 1095
f 6072 6074 1095
f 6074 6076 1095
f 1095 6076 1093
f 6076 6078 1093
f 6078 6080 1093
f 1093 6080 1090
f 6080 6088 1090
f 1090 6088 1089
f 6098 1077 6096
f 1077 1079 6096
f 6096 1079 6094
f 1079 1081 6094
f 6094 1081 6092
f 1081 1083 6092
f 6092 1083 6090
f 1083 1085 6090
f 6090 1085 6088
f 1085 1087 6088
f 6088 1087 1089
f 6098 6081 1077
f 6081 6083 1077
f 1077 6083 1075
f 6083 6085 1075
f 1075 6085 1073
f 6085 6101 1073
f 1073 6101 1071
f 6101 6103 1071
f 1071 6103 1069
f 6103 6105 1069
f 1049 1051 6119
f 1051 1052 6119
f 6119 1052 6117
f 1052 1055 6117
f 6117 1055 6116
f 1055 1057 6116
f 6116 1057 6114
f 1057 1059 6114
f 6114 1059 6111
f 1059 1061 6111
f 6111 1061 6109
f 1061 1063 6109
f 6109 1063 6107
f 1063 1065 6107
f 6107 1065 6105
f 1065 1067 6105
f 6105 1067 1069
f 6119 6121 1049
f 6121 6123 1049
f 1049 6123 1047
f 6123 1044 1047
f 6123 6125 1044
f 6125 6127 1044
f 1044 6127 1042
f 6127 6129 1042
f 1042 6129 1040
f 6129 6131 1040
f 1040 6131 1038
f 6131 6133 1038
f 1038 6133 1036
f 1036 6133 1033
f 6133 6135 1033
f 1033 6135 1032
f 6135 6137 1032
f 1032 6137 1030
f 6137 6139 1030
f 1030 6139 1028
f 6139 6141 1028
f 1028 6141 1026
f 6141 6143 1026
f 6143 6145 1026
f 1026 6145 1024
f 6145 6147 1024
f 1024 6147 1022
f 6147 6149 1022
f 1022 6149 1020
f 6149 6151 1020
f 1020 6151 1003
f 1003 6151 1004
f 6151 6153 1004
f 1004 6153 1006
f 6153 6155 1006
f 1006 6155 1008
f 6155 6157 1008
f 1008 6157 1010
f 6157 6159 1010
f 1010 6159 1012
f 6159 6161 1012
f 6161 6163 1012
f 1012 6163 1014
f 6163 6165 1014
f 1014 6165 1016
f 1016 6165 1017
f 6165 6169 1017
f 1017 6169 998
f 6169 6167 998
f 998 6167 1000
f 6167 6166 1000
f 1000 6166 6174
f 993 995 6174
f 995 996 6174
f 6174 996 1000
f 6174 6176 993
f 6176 6178 993
f 993 6178 991
f 6178 6180 991
f 991 6180 989
f 6180 6182 989
f 989 6182 987
f 6182 6184 987
f 987 6184 985
f 985 6184 983
f 6184 6185 983
f 983 6185 980
f 6185 6201 980
f 980 6201 978
f 6201 6199 978
f 978 6199 977
f 6199 6197 977
f 977 6197 975
f 6197 6195 975
f 6195 6195 975
f 975 6195 973
f 6195 971 973
f 971 6195 969
f 6195 6193 969
f 969 6193 967
f 6193 6191 967
f 967 6191 965
f 6191 6189 965
f 965 6189 946
f 6189 6187 946
f 6187 6186 946
f 946 6186 947
f 6186 6206 947
f 947 6206 949
f 949 6206 951
f 6206 6208 951
f 951 6208 953
f 953 6208 955
f 6208 6210 955
f 955 6210 6212
f 6220 6222 961
f 957 6214 959
f 6214 6216 959
f 959 6216 961
f 6216 6218 961
f 961 6218 6220
f 935 933 6227
f 933 931 6227
f 6227 931 6225
f 931 929 6225
f 6225 929 6223
f 929 927 6223
f 6223 927 6222
f 927 962 6222
f 6222 962 961
f 6239 943 6237
f 935 6227 937
f 6227 6229 937
f 937 6229 939
f 6229 6231 939
f 939 6231 941
f 6231 6233 941
f 941 6233 943
f 6233 6235 943
f 943 6235 6237
f 922 924 6241
f 924 925 6241
f 6241 925 943
f 922 6241 920
f 6241 6243 920
f 920 6243 917
f 6243 6245 917
f 6245 6247 917
f 917 6247 917
f 6247 6249 917
f 917 6249 915
f 6249 6251 915
f 6251 6253 915
f 915 6253 913
f 6253 6255 913
f 913 6255 911
f 6255 6257 911
f 911 6257 909
f 6257 6259 909
f 909 6259 907
f 907 6259 905
f 6259 6261 905
f 905 6261 6263
f 903 6263 901
f 6263 6265 901
f 901 6265 899
f 6265 6267 899
f 899 6267 897
f 6267 6269 897
f 6269 6272 897
f 897 6272 895
f 6272 6274 895
f 895 6274 892
f 892 6274 889
f 6274 6276 889
f 889 6276 888
f 6276 6277 888
f 888 6277 886
f 6277 6279 886
f 6279 6281 886
f 886 6281 884
f 6281 6283 884
f 884 6283 882
f 6283 6285 882
f 882 6285 880
f 6285 878 880
f 878 6285 876
f 6285 6287 876
f 876 6287 873
f 6295 870 6293
f 870 871 6293
f 6293 871 6291
f 871 873 6291
f 6291 873 6289
f 873 6287 6289
f 6299 864 6297
f 864 866 6297
f 6297 866 6295
f 866 868 6295
f 6295 868 870
f 6299 6301 864
f 6301 6303 864
f 864 6303 862
f 6303 6305 862
f 862 6305 860
f 6305 6307 860
f 860 6307 858
f 6307 6309 858
f 858 6309 856
f 856 6309 854
f 6309 6311 854
f 854 6311 853
f 6311 6313 853
f 853 6313 851
f 6313 6315 851
f 6315 6317 851
f 851 6317 849
f 6317 847 849
f 847 6317 845
f 6317 6319 845
f 845 6319 843
f 6319 6321 843
f 6321 6323 843
f 843 6323 840
f 6323 6325 840
f 840 6325 838
f 6325 6327 838
f 6327 6329 838
f 838 6329 836
f 6329 6331 836
f 836 6331 834
f 6331 6334 834
f 834 6334 832
f 6334 6336 832
f 832 6336 829
f 6336 6337 829
f 829 6337 827
f 6337 6339 827
f 827 6339 825
f 6339 6341 825
f 825 6341 823
f 6341 6344 823
f 823 6344 821
f 6344 6346 821
f 6346 6348 821
f 821 6348 819
f 6348 6350 819
f 819 6350 817
f 6350 6356 817
f 817 6356 815
f 6356 6358 815
f 815 6358 800
f 800 6358 801
f 6358 6360 801
f 801 6360 803
f 6360 6362 803
f 803 6362 805
f 6362 6364 805
f 6364 6366 805
f 805 6366 807
f 6366 809 807
f 809 6366 811
f 6366 6368 811
f 811 6368 812
f 6368 6351 812
f 6351 6353 812
f 812 6353 798
f 6353 6355 798
f 798 6355 796
f 6355 6371 796
f 796 6371 794
f 6371 6373 794
f 6373 6375 794
f 794 6375 792
f 6375 790 792
f 762 764 6393
f 764 766 6393
f 6393 766 6395
f 766 768 6395
f 6395 768 6397
f 768 770 6397
f 6397 770 6399
f 770 772 6399
f 6399 772 6400
f 772 774 6400
f 6400 774 6390
f 774 775 6390
f 6390 775 6387
f 775 778 6387
f 6387 778 6385
f 778 780 6385
f 6385 780 6383
f 780 782 6383
f 6383 782 6381
f 782 784 6381
f 6381 784 6379
f 784 786 6379
f 6379 786 6377
f 786 788 6377
f 6377 788 790
f 6393 3679 762
f 3679 3678 762
f 762 3678 759
f 3678 6406 759
f 759 6406 758
f 6406 6408 758
f 758 6408 756
f 6408 6403 756
f 756 6403 754
f 6403 752 754
f 6403 6402 752
f 6402 6411 752
f 752 6411 750
f 6411 6413 750
f 750 6413 748
f 6413 6415 748
f 748 6415 746
f 6415 744 746
f 6415 6417 744
f 6417 6420 744
f 744 6420 742
f 6420 6422 742
f 6422 6424 742
f 742 6424 740
f 6424 6425 740
f 740 6425 722
f 6425 6427 722
f 722 6427 723
f 6427 6429 723
f 723 6429 725
f 6433 731 6431
f 731 729 6431
f 6431 729 6429
f 729 727 6429
f 6429 727 725
f 6433 6435 731
f 6435 6437 731
f 731 6437 733
f 6437 6439 733
f 733 6439 735
f 6439 6441 735
f 735 6441 691
f 691 6441 692
f 6441 6443 692
f 692 6443 695
f 6443 6445 695
f 695 6445 696
f 6445 6447 696
f 696 6447 698
f 6447 6449 698
f 698 6449 700
f 6449 6451 700
f 700 6451 702
f 6451 6453 702
f 6453 6455 702
f 702 6455 704
f 6455 6457 704
f 704 6457 706
f 706 6457 708
f 6457 6459 708
f 708 6459 710
f 6459 6461 710
f 710 6461 712
f 6461 6463 712
f 6463 6465 712
f 712 6465 714
f 6465 6467 714
f 714 6467 716
f 6467 6469 716
f 716 6469 718
f 718 6469 720
f 6469 6471 720
f 720 6471 721
f 6471 6474 721
f 721 6474 686
f 6474 6476 686
f 686 6476 688
f 6476 6477 688
f 688 6477 684
f 684 6477 683
f 6477 6479 683
f 683 6479 6481
f 677 679 6483
f 679 681 6483
f 6483 681 683
f 6483 6485 677
f 6485 6488 677
f 677 6488 675
f 6488 6490 675
f 675 6490 673
f 6490 6492 673
f 673 6492 671
f 6492 6494 671
f 671 6494 668
f 668 6494 666
f 6494 6495 666
f 666 6495 665
f 6495 6497 665
f 665 6497 663
f 6497 6499 663
f 6499 6502 663
f 663 6502 661
f 6502 6504 661
f 661 6504 659
f 6504 6505 659
f 653 655 6505
f 655 657 6505
f 6505 657 659
f 6505 6508 653
f 6508 6510 653
f 653 6510 616
f 6510 6511 616
f 616 6511 617
f 6511 6513 617
f 617 6513 619
f 6513 6515 619
f 619 6515 621
f 621 6515 623
f 6515 6517 623
f 623 6517 625
f 6517 6519 625
f 625 6519 627
f 6519 6527 627
f 627 6527 629
f 6527 6525 629
f 6525 6523 629
f 629 6523 631
f 6523 6521 631
f 631 6521 633
f 6521 6520 633
f 633 6520 635
f 6520 6532 635
f 635 6532 637
f 6532 639 637
f 6532 6534 639
f 6534 6540 639
f 639 6540 641
f 6540 6542 641
f 641 6542 643
f 6542 6544 643
f 643 6544 645
f 645 6544 647
f 6544 6546 647
f 647 6546 649
f 6546 6548 649
f 6548 6550 649
f 649 6550 650
f 6550 6552 650
f 650 6552 613
f 6552 6554 613
f 613 6554 612
f 6564 599 6562
f 599 601 6562
f 6562 601 6560
f 601 603 6560
f 6560 603 6558
f 603 605 6558
f 6558 605 6556
f 605 608 6556
f 6556 608 6554
f 608 610 6554
f 6554 610 612
f 6564 6535 599
f 6535 6537 599
f 599 6537 597
f 6537 6539 597
f 597 6539 595
f 6539 6567 595
f 595 6567 593
f 6567 6569 593
f 593 6569 591
f 591 6569 589
f 6569 6571 589
f 589 6571 586
f 6571 6573 586
f 586 6573 6575
f 586 6575 584
f 6575 6577 584
f 584 6577 583
f 6577 6580 583
f 583 6580 581
f 6580 6582 581
f 581 6582 579
f 6582 6583 579
f 579 6583 576
f 6583 6585 576
f 576 6585 575
f 6585 6587 575
f 575 6587 6589
f 569 571 6589
f 571 573 6589
f 6589 573 575
f 6589 6591 569
f 6591 6593 569
f 569 6593 567
f 6593 6595 567
f 567 6595 565
f 6595 6597 565
f 565 6597 563
f 6597 6599 563
f 563 6599 560
f 560 6599 558
f 6599 6601 558
f 558 6601 557
f 6601 6603 557
f 557 6603 555
f 6603 6605 555
f 6605 6607 555
f 555 6607 553
f 6607 6609 553
f 553 6609 551
f 6609 6611 551
f 545 547 6611
f 547 549 6611
f 6611 549 551
f 6611 6613 545
f 6613 6615 545
f 545 6615 528
f 6615 6617 528
f 528 6617 529
f 6617 6619 529
f 529 6619 531
f 6619 6621 531
f 531 6621 533
f 533 6621 535
f 6621 6623 535
f 535 6623 537
f 6623 6625 537
f 537 6625 539
f 6625 6627 539
f 539 6627 541
f 6627 6629 541
f 541 6629 542
f 6629 6631 542
f 6631 6634 542
f 542 6634 526
f 6634 6636 526
f 526 6636 524
f 6636 6637 524
f 524 6637 6639
f 518 520 6639
f 520 522 6639
f 6639 522 524
f 6639 6641 518
f 6641 6644 518
f 518 6644 516
f 6644 514 516
f 514 6644 511
f 6644 6646 511
f 511 6646 509
f 6646 6648 509
f 6648 6650 509
f 509 6650 507
f 6650 6651 507
f 507 6651 505
f 6651 6653 505
f 505 6653 503
f 6653 6655 503
f 503 6655 501
f 6655 3676 501
f 3676 3675 501
f 501 3675 499
f 3675 6658 499
f 499 6658 496
f 6658 6660 496
f 496 6660 6662
f 494 6662 492
f 6662 6664 492
f 492 6664 490
f 6664 6666 490
f 490 6666 488
f 6666 6668 488
f 6668 6670 488
f 488 6670 486
f 6670 6672 486
f 486 6672 484
f 6672 6675 484
f 484 6675 482
f 6675 6677 482
f 482 6677 480
f 480 6677 478
f 6677 6678 478
f 478 6678 476
f 6678 6680 476
f 476 6680 474
f 6680 6682 474
f 6682 6685 474
f 474 6685 472
f 6685 470 472
f 470 6685 468
f 6685 6687 468
f 468 6687 466
f 6687 6689 466
f 6689 6691 466
f 466 6691 458
f 6691 6692 458
f 6692 6695 458
f 458 6695 459
f 457 6699 455
f 6699 6701 455
f 455 6701 453
f 6695 6697 459
f 6697 6699 459
f 459 6699 461
f 6699 457 461
f 453 6701 451
f 6701 6705 451
f 451 6705 449
f 6705 6707 449
f 449 6707 447
f 6707 6709 447
f 6709 6711 447
f 447 6711 445
f 6711 6713 445
f 445 6713 430
f 6713 6703 430
f 430 6703 431
f 6703 6702 431
f 431 6702 433
f 6702 6718 433
f 433 6718 435
f 6718 6720 435
f 435 6720 437
f 6720 6722 437
f 437 6722 439
f 6722 6724 439
f 439 6724 441
f 441 6724 442
f 6724 6726 442
f 442 6726 428
f 6726 6728 428
f 6728 6730 428
f 428 6730 426
f 6730 6732 426
f 426 6732 424
f 6732 6734 424
f 424 6734 422
f 6734 6736 422
f 422 6736 420
f 6736 6737 420
f 414 416 6737
f 416 418 6737
f 6737 418 420
f 6737 6739 414
f 6739 6741 414
f 414 6741 412
f 6741 6743 412
f 412 6743 410
f 6743 6745 410
f 410 6745 408
f 6745 6747 408
f 408 6747 6749
f 6753 403 6751
f 403 405 6751
f 6751 405 408
f 396 397 6755
f 397 400 6755
f 6755 400 6753
f 400 402 6753
f 6753 402 403
f 6755 6757 396
f 6757 6759 396
f 396 6759 393
f 6759 6761 393
f 6761 6763 393
f 393 6763 391
f 6763 6765 391
f 391 6765 389
f 6765 6767 389
f 389 6767 387
f 6767 6769 387
f 387 6769 385
f 385 6769 383
f 6769 6771 383
f 383 6771 6773
f 6782 374 6779
f 374 375 6779
f 6779 375 6777
f 375 377 6777
f 6777 377 6775
f 377 379 6775
f 6775 379 6773
f 379 381 6773
f 6773 381 383
f 6784 370 6782
f 370 372 6782
f 6782 372 374
f 6784 6785 370
f 6785 6787 370
f 370 6787 368
f 6787 366 368
f 366 6787 364
f 6787 6789 364
f 364 6789 6791
f 362 6791 360
f 6791 6793 360
f 360 6793 358
f 6793 6795 358
f 358 6795 356
f 356 6795 352
f 6795 6797 352
f 352 6797 350
f 6797 6800 350
f 350 6800 348
f 6800 6802 348
f 348 6802 6803
f 6809 343 6807
f 343 345 6807
f 6807 345 6805
f 345 347 6805
f 6805 347 353
f 334 336 6814
f 336 338 6814
f 6814 338 6811
f 338 339 6811
f 6811 339 6809
f 339 341 6809
f 6809 341 343
f 6814 6816 334
f 6816 6822 334
f 334 6822 319
f 6822 6824 319
f 319 6824 320
f 6824 6826 320
f 320 6826 322
f 6826 6828 322
f 322 6828 324
f 324 6828 326
f 6828 6830 326
f 326 6830 328
f 6830 6832 328
f 328 6832 330
f 6832 6834 330
f 330 6834 331
f 6834 6817 331
f 6817 6819 331
f 331 6819 317
f 6819 315 317
f 6819 6821 315
f 6821 6837 315
f 315 6837 313
f 6837 6839 313
f 313 6839 6841
f 307 309 6841
f 309 311 6841
f 6841 311 313
f 6841 6843 307
f 6843 6845 307
f 307 6845 305
f 6845 6847 305
f 305 6847 303
f 6847 301 303
f 301 6847 299
f 6847 6848 299
f 299 6848 297
f 6848 6850 297
f 6850 6852 297
f 297 6852 294
f 6852 6855 294
f 294 6855 293
f 6855 6857 293
f 293 6857 291
f 291 6857 289
f 6857 6858 289
f 289 6858 6860
f 287 6860 285
f 6860 6862 285
f 285 6862 282
f 6862 6864 282
f 282 6864 280
f 6864 6866 280
f 280 6866 277
f 6866 6868 277
f 277 6868 276
f 6868 6870 276
f 6870 6873 276
f 276 6873 274
f 6873 6875 274
f 6884 262 6882
f 262 264 6882
f 6882 264 6881
f 264 266 6881
f 6881 266 6879
f 266 268 6879
f 6879 268 6877
f 268 270 6877
f 6877 270 6875
f 270 272 6875
f 6875 272 274
f 6884 6887 262
f 6887 6889 262
f 262 6889 260
f 6889 6891 260
f 260 6891 258
f 6891 6892 258
f 258 6892 243
f 6892 6894 243
f 243 6894 244
f 6894 6896 244
f 244 6896 246
f 246 6896 248
f 6896 6898 248
f 248 6898 250
f 6898 6900 250
f 250 6900 252
f 6900 6902 252
f 252 6902 254
f 6902 6904 254
f 254 6904 255
f 6904 6906 255
f 255 6906 240
f 6906 6908 240
f 6908 6910 240
f 240 6910 238
f 6910 237 238
f 237 6910 235
f 6910 6912 235
f 235 6912 233
f 6912 6914 233
f 233 6914 17
f 6914 6916 17
f 17 6916 18
f 6916 6918 18
f 18 6918 211
f 6918 6920 211
f 6920 6922 211
f 211 6922 213
f 6922 6924 213
f 213 6924 215
f 215 6924 217
f 6924 6926 217
f 217 6926 219
f 6926 6928 219
f 219 6928 221
f 6928 6930 221
f 221 6930 223
f 6930 6932 223
f 223 6932 225
f 6932 6934 225
f 6934 6936 225
f 225 6936 227
f 6936 229 227
f 229 6936 230
f 6936 6938 230
f 230 6938 205
f 6938 6941 205
f 6941 6943 205
f 205 6943 207
f 6943 6944 207
f 207 6944 203
f 203 6944 202
f 6944 6946 202
f 202 6946 200
f 6946 6948 200
f 200 6948 6950
f 6955 192 6952
f 192 194 6952
f 6952 194 6950
f 194 196 6950
f 6950 196 198
f 6955 6957 192
f 6957 6959 192
f 192 6959 190
f 6959 6961 190
f 190 6961 188
f 188 6961 185
f 6961 6962 185
f 185 6962 184
f 6962 6964 184
f 184 6964 182
f 6964 6966 182
f 182 6966 180
f 180 6966 178
f 6966 6969 178
f 178 6969 6979
f 6975 165 6978
f 165 174 6978
f 6978 174 176
f 6975 6975 165
f 6975 6973 165
f 165 6973 166
f 6973 6972 166
f 166 6972 167
f 6972 6980 167
f 167 6980 169
f 6980 6982 169
f 169 6982 171
f 171 6982 172
f 6982 6984 172
f 172 6984 161
f 6984 6987 161
f 161 6987 159
f 6987 6989 159
f 159 6989 91
f 6989 6990 91
f 6990 6992 91
f 91 6992 89
f 6992 6994 89
f 89 6994 87
f 6994 3673 87
f 87 3673 3672
f 154 3672 152
f 3672 6997 152
f 152 6997 150
f 6997 6999 150
f 150 6999 148
f 6999 7002 148
f 148 7002 146
f 7002 7004 146
f 146 7004 144
f 7004 7006 144
f 144 7006 142
f 7006 7008 142
f 7008 7010 142
f 142 7010 140
f 7010 138 140
f 138 7010 136
f 7010 7012 136
f 136 7012 134
f 7012 7014 134
f 134 7014 132
f 7014 7015 132
f 132 7015 130
f 7015 7017 130
f 7017 7020 130
f 130 7020 128
f 7020 7022 128
f 128 7022 126
f 7022 7023 126
f 7028 120 7026
f 120 122 7026
f 7026 122 7023
f 122 124 7023
f 7023 124 126
f 7028 7030 120
f 7030 7032 120
f 120 7032 118
f 7032 7033 118
f 118 7033 116
f 116 7033 114
f 7033 7035 114
f 114 7035 112
f 7035 7037 112
f 7037 7039 112
f 112 7039 110
f 7039 7041 110
f 110 7041 108
f 7041 7043 108
f 108 7043 106
f 7043 7045 106
f 7045 7047 106
f 106 7047 104
f 7047 102 104
f 102 7047 100
f 7047 7049 100
f 100 7049 98
f 7049 7050 98
f 7050 7052 98
f 98 7052 96
f 7052 7054 96
f 96 7054 94
f 7054 7057 94
f 94 7057 92
f 7057 7059 92
f 92 7059 64
f 7059 7061 64
f 64 7061 65
f 65 7061 84
f 7061 7063 84
f 84 7063 82
f 7063 7064 82
f 82 7064 80
f 7064 7066 80
f 80 7066 78
f 7066 7068 78
f 7068 7070 78
f 78 7070 76
f 7070 7073 76
f 7073 7075 76
f 76 7075 74
f 7075 7077 74
f 74 7077 72
f 7077 7089 72
f 7089 7088 72
f 72 7088 70
f 7088 7086 70
f 70 7086 68
f 7081 60 7084
f 60 62 7084
f 7084 62 7086
f 62 66 7086
f 7086 66 68
f 7081 7080 60
f 7080 7080 60
f 60 7080 58
f 7080 7091 58
f 58 7091 56
f 7091 54 56
f 54 7091 52
f 7091 7094 52
f 52 7094 20
f 7094 7096 20
f 7096 7098 20
f 20 7098 21
f 7098 7100 21
f 21 7100 23
f 7100 7102 23
f 7102 7104 23
f 23 7104 25
f 7104 7106 25
f 25 7106 27
f 27 7106 28
f 7106 7107 28
f 28 7107 30
f 7107 7109 30
f 30 7109 31
f 7109 7111 31
f 31 7111 33
f 7111 7113 33
f 33 7113 34
f 7113 7115 34
f 7115 7118 34
f 34 7118 35
f 7118 37 35
f 37 7118 38
f 7118 7120 38
f 38 7120 40
f 7120 7122 40
f 7122 7124 40
f 40 7124 44
f 7124 43 44
f 7124 7125 43
f 7125 7127 43
f 43 7127 41
f 7127 7129 41
f 41 7129 45
f 7129 7131 45
f 7135 50 7133
f 50 51 7133
f 7133 51 7131
f 51 46 7131
f 7131 46 45
f 7135 7137 48
f 7137 7139 48
f 48 7139 49
f 7139 7141 49
f 49 7141 8762
f 7141 7143 8762
f 8762 7143 8763
f 7149 8764 7147
f 8764 8763 7147
f 7147 8763 7145
f 8763 7143 7145
f 7158 8766 7156
f 8766 8765 7156
f 7156 8765 7154
f 8765 8764 7154
f 7154 8764 7151
f 8764 7149 7151
f 7163 8767 7161
f 8767 8766 7161
f 7161 8766 7159
f 8766 7158 7159
f 7163 7165 8767
f 7165 7167 8767
f 8767 7167 8768
f 7167 7169 8768
f 8768 7169 8769
f 7169 7171 8769
f 7171 7173 8769
f 7173 7175 8769
f 8769 7175 8770
f 7175 7177 8770
f 7177 7178 8770
f 8770 7178 8771
f 7178 7180 8771
f 7180 7182 8771
f 8771 7182 8772
f 7182 7191 8772
f 8772 7191 8773
f 7191 7192 8773
f 8773 7192 8774
f 7192 7194 8774
f 7194 7196 8774
f 8774 7196 7198
f 7198 7199 8774
f 7199 7186 8774
f 8774 7186 8775
f 7186 7184 8775
f 8775 7184 8776
f 7184 7209 8776
f 8776 7209 8777
f 7204 8778 7206
f 8778 8777 7206
f 7206 8777 7208
f 8777 7209 7208
f 7204 7202 8778
f 7202 7201 8778
f 8778 7201 8779
f 7201 7210 8779
f 7210 7212 8779
f 8779 7212 8780
f 7219 8781 7216
f 8781 8780 7216
f 7216 8780 7214
f 8780 7212 7214
f 7219 7221 8781
f 7221 7222 8781
f 8781 7222 8782
f 7222 7224 8782
f 8782 7224 8783
f 7224 7226 8783
f 7232 8784 7230
f 8784 8783 7230
f 7230 8783 7228
f 8783 7226 7228
f 7232 7234 8784
f 7234 7236 8784
f 8784 7236 8785
f 7236 7239 8785
f 8785 7239 8786
f 7239 7241 8786
f 7241 7243 8786
f 8786 7243 8734
f 7243 7245 8734
f 8734 7245 7247
f 3644 3646 8900
f 3644 8900 3641
f 3639 3641 8900
f 8901 8902 8900
f 8901 8900 8903
f 8904 8903 8900
f 8905 8904 8900
f 8906 8905 8900
f 8907 8906 8900
f 8908 8907 8900
f 8909 8908 8900
f 8910 8909 8900
f 8911 8910 8900
f 8912 8911 8900
f 8913 8912 8900
f 8914 8913 8900
f 8915 8914 8900
f 8916 8915 8900
f 8917 8916 8900
f 8918 8917 8900
f 8919 8918 8900
f 8920 8919 8900
f 8921 8920 8900
f 8922 8921 8900
f 8923 8922 8900
f 8924 8923 8900
f 8925 8924 8900
f 8926 8925 8900
f 8927 8926 8900
f 8928 8927 8900
f 8929 8928 8900
f 8930 8929 8900
f 8931 8930 8900
f 8932 8931 8900
f 8933 8932 8900
f 8934 8933 8900
f 8935 8934 8900
f 8936 8935 8900
f 8937 8936 8900
f 8938 8937 8900
f 8939 8938 8900
f 8940 8939 8900
f 8941 8940 8900
f 8942 8941 8900
f 8943 8942 8900
f 8944 8943 8900
f 8945 8944 8900
f 8946 8945 8900
f 8947 8946 8900
f 8948 8947 8900
f 8949 8948 8900
f 8950 8949 8900
f 8951 8950 8900
f 8952 8951 8900
f 8953 8952 8900
f 8954 8953 8900
f 8955 8954 8900
f 8956 8955 8900
f 8957 8956 8900
f 8958 8957 8900
f 8959 8958 8900
f 8960 8959 8900
f 8961 8960 8900
f 8962 8961 8900
f 1 8962 8900
f 4 2 8900
f 4 8900 3664
f 3661 3664 8900
f 3656 3661 8900
f 3654 3656 8900
f 3651 3654 8900
f 3646 3651 8900
f 2 1 8900
f 8902 3639 8900
f 7269 7267 201
f 6642 6640 848
f 6500 6498 994
f 6326 6324 1172
f 1172 6324 1174
f 6226 1271 1273
f 6066 6064 1429
f 1429 6064 1427
f 5996 1508 1506
f 5934 5932 1574
f 5820 5818 1690
f 5610 5608 1921
f 5464 5462 2051
f 3683 2175 2173
f 4988 4986 2513
f 4938 4936 2583
f 4160 4158 3372
f 4035 4033 3497
f 3754 8963 8964
f 3745 8965 8966
f 3745 3743 8965
f 3743 3741 8965
f 8965 3741 8967
f 3741 3739 8967
f 8967 3739 8968
f 3739 3738 8968
f 8968 3738 8969
f 3738 3736 8969
f 3754 3751 8963
f 3751 3749 8963
f 8963 3749 8966
f 3749 3747 8966
f 8966 3747 3745
f 8970 3770 8971
f 3770 3771 8971
f 8971 3771 8964
f 3771 3756 8964
f 8964 3756 3754
f 8972 3764 8973
f 3764 3766 8973
f 8973 3766 8970
f 3766 3768 8970
f 8970 3768 3770
f 3772 3760 8972
f 3760 3762 8972
f 8972 3762 3764
f 3772 8972 3773
f 8972 8974 3773
f 3773 8974 3775
f 8974 8975 3775
f 3775 8975 3783
f 8976 3787 8975
f 3787 3785 8975
f 8975 3785 3783
f 8977 3791 8976
f 3791 3789 8976
f 8976 3789 3787
f 3797 3795 8977
f 3795 3793 8977
f 8977 3793 3791
f 3801 3799 8978
f 3799 3797 8978
f 8978 3797 8979
f 3797 8977 8979
f 3801 8978 3803
f 8978 8980 3803
f 3803 8980 3805
f 3805 8980 3807
f 8980 8981 3807
f 3807 8981 3808
f 3812 3810 8982
f 3810 3780 8982
f 8982 3780 8981
f 3780 3778 8981
f 8981 3778 3808
f 3816 3814 8983
f 3814 3812 8983
f 8983 3812 8984
f 3812 8982 8984
f 3816 8983 3818
f 8983 8985 3818
f 3818 8985 3820
f 3826 3823 8985
f 3823 3821 8985
f 8985 3821 3820
f 8985 8986 3826
f 8986 8987 3826
f 3826 8987 3828
f 8988 3834 8989
f 3834 3832 8989
f 8989 3832 8987
f 3832 3830 8987
f 8987 3830 3828
f 3840 3838 8988
f 3838 3836 8988
f 8988 3836 3834
f 3840 8988 3842
f 8988 1 3842
f 3842 1 3844
f 1 3 3844
f 3844 3 3846
f 3846 3 3848
f 3 3667 3848
f 3848 3667 3850
f 3667 3666 3850
f 3850 3666 3852
f 3852 3666 3854
f 3666 3665 3854
f 3854 3665 3856
f 3665 3663 3856
f 3663 3662 3856
f 3856 3662 3858
f 3662 3660 3858
f 3858 3660 3860
f 3860 3660 3862
f 3660 3659 3862
f 3862 3659 3864
f 3659 3655 3864
f 3864 3655 3866
f 3655 3657 3866
f 3657 3658 3866
f 3866 3658 3868
f 3658 3653 3868
f 3868 3653 3870
f 3653 3652 3870
f 3870 3652 3872
f 3652 3650 3872
f 3872 3650 3879
f 3650 3649 3879
f 3879 3649 3878
f 3649 3645 3878
f 3878 3645 3876
f 3645 3647 3876
f 3876 3647 3880
f 3647 3648 3880
f 3880 3648 3881
f 3648 3643 3881
f 3881 3643 3883
f 3643 3642 3883
f 3883 3642 3885
f 3642 3640 3885
f 3885 3640 3887
f 3640 3637 3887
f 3887 3637 3889
f 3637 3636 3889
f 3889 3636 3891
f 3636 3633 3891
f 3891 3633 3894
f 3633 3631 3894
f 3894 3631 3895
f 3895 3631 3897
f 3631 3630 3897
f 3897 3630 3899
f 3630 3628 3899
f 3899 3628 3900
f 3628 3626 3900
f 3900 3626 3902
f 3626 3624 3902
f 3902 3624 3902
f 3624 3622 3902
f 3902 3622 3904
f 3622 3620 3904
f 3904 3620 3912
f 3620 3619 3912
f 3619 3617 3912
f 3912 3617 3911
f 3617 3615 3911
f 3911 3615 3909
f 3615 3614 3909
f 3909 3614 3913
f 3614 3612 3913
f 3913 3612 3914
f 3612 3610 3914
f 3914 3610 3914
f 3610 3607 3914
f 3914 3607 3916
f 3607 3605 3916
f 3916 3605 3918
f 3605 3603 3918
f 3918 3603 3920
f 3603 3601 3920
f 3920 3601 3922
f 3601 3599 3922
f 3922 3599 3924
f 3599 3597 3924
f 3924 3597 3926
f 3597 3597 3926
f 3926 3597 3928
f 3597 3592 3928
f 3928 3592 3931
f 3592 3594 3931
f 3931 3594 3933
f 3594 3589 3933
f 3933 3589 3935
f 3589 3587 3935
f 3935 3587 3937
f 3587 3585 3937
f 3937 3585 3583
f 3945 3943 3579
f 3579 3943 3581
f 3943 3941 3581
f 3581 3941 3583
f 3941 3939 3583
f 3583 3939 3937
f 3945 3579 3947
f 3579 3578 3947
f 3947 3578 3949
f 3578 3576 3949
f 3576 3574 3949
f 3949 3574 3951
f 3574 3571 3951
f 3951 3571 3953
f 3571 3569 3953
f 3953 3569 3955
f 3569 3567 3955
f 3955 3567 3957
f 3567 3565 3957
f 3957 3565 3959
f 3565 3563 3959
f 3959 3563 3961
f 3563 3561 3961
f 3961 3561 3963
f 3561 3560 3963
f 3963 3560 3965
f 3560 3553 3965
f 3965 3553 3967
f 3553 3555 3967
f 3967 3555 3969
f 3555 3557 3969
f 3557 3552 3969
f 3969 3552 3971
f 3552 3550 3971
f 3971 3550 3973
f 3550 3548 3973
f 3973 3548 3975
f 3548 3546 3975
f 3975 3546 3977
f 3546 3544 3977
f 3977 3544 3978
f 3544 3542 3978
f 3978 3542 3980
f 3542 3541 3980
f 3980 3541 3983
f 3541 3539 3983
f 3983 3539 3985
f 3539 3537 3985
f 3985 3537 3987
f 3537 3534 3987
f 3987 3534 3989
f 3534 3532 3989
f 3989 3532 3991
f 3532 3530 3991
f 3991 3530 3993
f 3530 3528 3993
f 3993 3528 3995
f 3528 3526 3995
f 3995 3526 3997
f 3526 3525 3997
f 3525 3519 3997
f 3997 3519 3999
f 3519 3524 3999
f 3999 3524 4001
f 4001 3524 4003
f 3524 3523 4003
f 4003 3523 4005
f 3523 3521 4005
f 3521 7 4005
f 4005 7 4007
f 7 3502 4007
f 4007 3502 4009
f 3502 3504 4009
f 4009 3504 4011
f 3504 3506 4011
f 4011 3506 4013
f 3506 3508 4013
f 4013 3508 4015
f 3508 3510 4015
f 4015 3510 4017
f 4017 3510 4019
f 3510 3512 4019
f 4019 3512 4021
f 3497 4033 3487
f 3512 3514 4021
f 3514 9 4021
f 4021 9 4023
f 9 8 4023
f 4023 8 4025
f 8 12 4025
f 4025 12 4027
f 12 11 4027
f 4027 11 4029
f 11 3487 4029
f 4029 3487 4031
f 3487 3487 4031
f 4031 3487 4031
f 3487 4033 4031
f 4035 3497 4037
f 3497 3495 4037
f 4037 3495 4039
f 4068 4066 3471
f 4066 4058 3471
f 3471 4058 3473
f 4058 4056 3473
f 3473 4056 3475
f 4056 4054 3475
f 3475 4054 3477
f 4054 4052 3477
f 3477 4052 3479
f 4052 4050 3479
f 3479 4050 3481
f 4050 4049 3481
f 3481 4049 3483
f 4049 4047 3483
f 3483 4047 3485
f 4047 4045 3485
f 3485 4045 3488
f 4045 4042 3488
f 3488 4042 3489
f 4042 4040 3489
f 3489 4040 3491
f 4040 4039 3491
f 3491 4039 3493
f 4039 3495 3493
f 3471 3470 4068
f 3470 3468 4068
f 4068 3468 4070
f 3468 3465 4070
f 4070 3465 4072
f 3465 3463 4072
f 4072 3463 4074
f 3463 3461 4074
f 4074 3461 4076
f 3461 3459 4076
f 4076 3459 4077
f 3459 3457 4077
f 4077 3457 4061
f 3457 3455 4061
f 4061 3455 4063
f 3455 3453 4063
f 4063 3453 4084
f 3453 3452 4084
f 4084 3452 4086
f 3452 3439 4086
f 4086 3439 4087
f 3439 3441 4087
f 3441 3443 4087
f 4087 3443 4079
f 3443 3445 4079
f 4079 3445 4081
f 4081 3445 4089
f 3445 3447 4089
f 4089 3447 4091
f 3447 3449 4091
f 3449 3415 4091
f 4091 3415 4093
f 3415 3417 4093
f 4093 3417 4095
f 4095 3417 4096
f 3417 3419 4096
f 4096 3419 4098
f 3419 3421 4098
f 4098 3421 4101
f 3421 3423 4101
f 3423 3425 4101
f 4101 3425 4103
f 3425 3427 4103
f 4103 3427 4105
f 4105 3427 4107
f 3427 3429 4107
f 4107 3429 3431
f 3436 4117 3435
f 4117 4116 3435
f 3435 4116 3433
f 4116 4111 3433
f 3433 4111 3431
f 4111 4109 3431
f 3431 4109 4107
f 3372 4158 3374
f 4158 4156 3374
f 3374 4156 3376
f 4156 4154 3376
f 3376 4154 3378
f 4154 4152 3378
f 3378 4152 3380
f 4152 4150 3380
f 3380 4150 3382
f 4150 4148 3382
f 3382 4148 3384
f 4148 4146 3384
f 3384 4146 3386
f 4146 4144 3386
f 3386 4144 3388
f 4144 4142 3388
f 3388 4142 3390
f 4142 4140 3390
f 3390 4140 3392
f 4140 4138 3392
f 3392 4138 3394
f 4138 4136 3394
f 3394 4136 3396
f 4136 4133 3396
f 3396 4133 3398
f 4133 4131 3398
f 3398 4131 3400
f 4131 4129 3400
f 3400 4129 3402
f 4129 4128 3402
f 3402 4128 3404
f 4128 4126 3404
f 3404 4126 3406
f 4126 4124 3406
f 3406 4124 3408
f 4124 4122 3408
f 3408 4122 3410
f 4122 4113 3410
f 3410 4113 3412
f 4113 4120 3412
f 3412 4120 3436
f 4120 4119 3436
f 3436 4119 4117
f 4160 3372 4162
f 3372 3370 4162
f 4162 3370 4164
f 3370 3368 4164
f 3368 3366 4164
f 4164 3366 4166
f 3366 3364 4166
f 4166 3364 4168
f 3364 3362 4168
f 4168 3362 4170
f 3362 3361 4170
f 4170 3361 4172
f 3361 3358 4172
f 4172 3358 4174
f 4174 3358 4176
f 3358 3356 4176
f 4176 3356 4178
f 3356 3354 4178
f 3354 3352 4178
f 4178 3352 4180
f 3352 3350 4180
f 4180 3350 4182
f 3350 3348 4182
f 4182 3348 4183
f 3348 3346 4183
f 4183 3346 4185
f 3346 3345 4185
f 4185 3345 4188
f 3345 3332 4188
f 4188 3332 4190
f 3332 3334 4190
f 4190 3334 4192
f 3334 3336 4192
f 4192 3336 4194
f 3336 3338 4194
f 4194 3338 4196
f 3338 3340 4196
f 4196 3340 4197
f 3340 3342 4197
f 3342 3324 4197
f 4197 3324 4199
f 3324 3326 4199
f 4199 3326 4201
f 4201 3326 4203
f 3326 3328 4203
f 4203 3328 4206
f 3328 3329 4206
f 4206 3329 4208
f 3329 3321 4208
f 4208 3321 4210
f 3321 3319 4210
f 4210 3319 4211
f 3319 3317 4211
f 4211 3317 4213
f 3317 3315 4213
f 4213 3315 4215
f 3315 3313 4215
f 4215 3313 4217
f 3313 3311 4217
f 4217 3311 4219
f 3311 3309 4219
f 4219 3309 4222
f 3309 3308 4222
f 4222 3308 4224
f 3308 3306 4224
f 4224 3306 4226
f 3306 3303 4226
f 4226 3303 4228
f 3303 3301 4228
f 4228 3301 4238
f 3301 3299 4238
f 4238 3299 4237
f 3299 3297 4237
f 4237 3297 4235
f 3297 3295 4235
f 3295 3293 4235
f 4235 3293 4233
f 3293 3291 4233
f 4233 3291 4231
f 4231 3291 4239
f 3291 3290 4239
f 4239 3290 4240
f 3290 3275 4240
f 4240 3275 4242
f 3275 3277 4242
f 4242 3277 4250
f 3277 3279 4250
f 4250 3279 4252
f 3285 4254 3283
f 4254 4252 3283
f 3283 4252 3281
f 4252 3279 3281
f 4275 4274 3265
f 4274 4272 3265
f 3265 4272 3263
f 4272 4270 3263
f 3263 4270 3261
f 4270 4268 3261
f 3261 4268 3259
f 4268 4266 3259
f 3259 4266 3257
f 4266 4264 3257
f 3257 4264 3255
f 4264 4262 3255
f 3255 4262 3253
f 4262 4260 3253
f 3253 4260 3287
f 4260 4258 3287
f 3287 4258 3285
f 4258 4256 3285
f 3285 4256 4254
f 3265 3267 4275
f 3267 3269 4275
f 4275 3269 4245
f 3269 3271 4245
f 4245 3271 4247
f 3271 3272 4247
f 4247 3272 4277
f 3272 3251 4277
f 4277 3251 4279
f 3251 3248 4279
f 4279 3248 4281
f 3248 3246 4281
f 4281 3246 4283
f 3246 3245 4283
f 4283 3245 4285
f 3245 3243 4285
f 4285 3243 4287
f 3243 3241 4287
f 4287 3241 4288
f 3241 3239 4288
f 4288 3239 4290
f 3239 3237 4290
f 4290 3237 4293
f 3237 3235 4293
f 4293 3235 4295
f 3235 3233 4295
f 4295 3233 4297
f 3233 3231 4297
f 4297 3231 4299
f 3231 3229 4299
f 4299 3229 4301
f 3229 3227 4301
f 4301 3227 4303
f 3227 3225 4303
f 4303 3225 4305
f 3225 3223 4305
f 4305 3223 4307
f 3223 3221 4307
f 4307 3221 4309
f 3221 3219 4309
f 4309 3219 4311
f 3219 3218 4311
f 4311 3218 4313
f 3218 3215 4313
f 4313 3215 4315
f 3215 3213 4315
f 4315 3213 4317
f 3213 3211 4317
f 4317 3211 4319
f 4319 3211 4321
f 3211 3209 4321
f 4321 3209 4323
f 3209 3207 4323
f 3207 3205 4323
f 4323 3205 4325
f 3205 3203 4325
f 4325 3203 4327
f 3203 3202 4327
f 4327 3202 4329
f 3202 3200 4329
f 4329 3200 4331
f 3200 3197 4331
f 3197 3195 4331
f 4331 3195 4333
f 3195 3194 4333
f 4333 3194 4335
f 3194 3192 4335
f 3192 3190 4335
f 4335 3190 4337
f 3190 3188 4337
f 4337 3188 4339
f 4339 3188 4341
f 3188 3186 4341
f 4341 3186 4342
f 3186 3184 4342
f 4342 3184 4344
f 3184 3182 4344
f 4344 3182 4347
f 3175 4349 3177
f 4349 4347 3177
f 3177 4347 3179
f 4347 3182 3179
f 4363 4361 3167
f 4361 4358 3167
f 3167 4358 3169
f 4358 4356 3169
f 3169 4356 3171
f 4356 4354 3171
f 3171 4354 3173
f 4354 4352 3173
f 3173 4352 3175
f 4352 4351 3175
f 3175 4351 4349
f 4363 3167 4365
f 3167 3165 4365
f 4365 3165 4367
f 3165 3163 4367
f 3163 3161 4367
f 4367 3161 4368
f 3161 3159 4368
f 4368 3159 4370
f 3159 3158 4370
f 4370 3158 4373
f 3158 3157 4373
f 3157 3155 4373
f 4373 3155 4375
f 3155 3153 4375
f 4375 3153 4377
f 3153 3151 4377
f 4377 3151 4379
f 3151 3149 4379
f 4379 3149 4381
f 4381 3149 4383
f 3149 3147 4383
f 4383 3147 4385
f 3147 3145 4385
f 3145 3143 4385
f 4385 3143 4387
f 3143 3141 4387
f 4387 3141 4389
f 3141 3140 4389
f 4389 3140 4391
f 3140 3137 4391
f 4391 3137 4393
f 3137 3135 4393
f 4393 3135 4395
f 3135 3133 4395
f 4395 3133 4397
f 3133 3131 4397
f 4397 3131 4399
f 3131 3129 4399
f 4399 3129 4400
f 3129 3127 4400
f 4400 3127 4402
f 3127 3125 4402
f 4402 3125 4405
f 3125 3123 4405
f 4405 3123 4406
f 3123 3121 4406
f 4406 3121 4408
f 3121 3119 4408
f 4408 3119 4410
f 3119 3117 4410
f 4410 3117 4412
f 3117 3115 4412
f 4412 3115 4415
f 3115 3113 4415
f 4415 3113 4417
f 3113 3111 4417
f 4417 3111 4419
f 3111 3109 4419
f 4419 3109 4421
f 3109 3107 4421
f 4421 3107 4423
f 3107 3105 4423
f 4423 3105 4424
f 4424 3105 4426
f 3105 3104 4426
f 4426 3104 4427
f 3104 3101 4427
f 4427 3101 4429
f 3101 3099 4429
f 4429 3099 4431
f 3099 3097 4431
f 4431 3097 4433
f 3097 3095 4433
f 4433 3095 4436
f 3095 3093 4436
f 4436 3093 4438
f 3093 3091 4438
f 4438 3091 4440
f 3091 3089 4440
f 4440 3089 4441
f 3089 3088 4441
f 4441 3088 4443
f 3088 3075 4443
f 4443 3075 4445
f 3075 3077 4445
f 4445 3077 4447
f 3077 3079 4447
f 4447 3079 4450
f 3079 3081 4450
f 4450 3081 4452
f 3081 3083 4452
f 4452 3083 4454
f 3083 3085 4454
f 4454 3085 4456
f 3085 3072 4456
f 4456 3072 4458
f 3072 3070 4458
f 4458 3070 4459
f 3070 3068 4459
f 4459 3068 4461
f 4466 4464 3065
f 4464 4461 3065
f 3065 4461 3066
f 4461 3068 3066
f 4466 3065 4468
f 3065 3051 4468
f 4468 3051 4470
f 3051 3053 4470
f 3053 3055 4470
f 4470 3055 4472
f 3055 3057 4472
f 4472 3057 4474
f 3057 3059 4474
f 4474 3059 4476
f 3059 3061 4476
f 4476 3061 4478
f 3061 3063 4478
f 4478 3063 4480
f 4480 3063 4482
f 3063 3064 4482
f 4482 3064 4484
f 3064 3020 4484
f 3020 3022 4484
f 4484 3022 4486
f 3022 3024 4486
f 4486 3024 4488
f 3024 3026 4488
f 4488 3026 4490
f 3026 3028 4490
f 4490 3028 4492
f 3028 3030 4492
f 4492 3030 4493
f 3030 3032 4493
f 4493 3032 4495
f 3032 3034 4495
f 4495 3034 4498
f 3034 3036 4498
f 4498 3036 4500
f 3036 3038 4500
f 4500 3038 4502
f 3038 3040 4502
f 4502 3040 4504
f 3040 3042 4504
f 4504 3042 4506
f 3042 3044 4506
f 4506 3044 4508
f 3044 3046 4508
f 4508 3046 4510
f 3046 3014 4510
f 4510 3014 4511
f 3014 3016 4511
f 4511 3016 4513
f 3016 3017 4513
f 4513 3017 4516
f 4516 3017 4518
f 3017 3011 4518
f 4518 3011 4520
f 3011 3009 4520
f 3009 3007 4520
f 4520 3007 4522
f 3007 3005 4522
f 4522 3005 4524
f 4524 3005 4525
f 3005 3003 4525
f 4525 3003 4527
f 3003 3001 4527
f 3001 2999 4527
f 4527 2999 4529
f 2999 2997 4529
f 4529 2997 4537
f 2997 2996 4537
f 4537 2996 4539
f 2996 2994 4539
f 4539 2994 4541
f 2994 2991 4541
f 4541 2991 4543
f 4543 2991 4545
f 2991 2989 4545
f 4545 2989 4547
f 2989 2987 4547
f 2987 2985 4547
f 4547 2985 4548
f 2985 2983 4548
f 4548 2983 4532
f 2983 2981 4532
f 4532 2981 4534
f 2981 2979 4534
f 4534 2979 4550
f 2979 2978 4550
f 4550 2978 4552
f 2978 2975 4552
f 4552 2975 4554
f 2975 2973 4554
f 2973 2971 4554
f 4554 2971 4556
f 2971 2969 4556
f 4556 2969 4556
f 4556 2969 4558
f 2969 2967 4558
f 4558 2967 4561
f 2967 2965 4561
f 2965 2963 4561
f 4561 2963 4563
f 2963 2961 4563
f 4563 2961 4565
f 4565 2961 4566
f 2961 2959 4566
f 4566 2959 4568
f 2959 2957 4568
f 4568 2957 4571
f 2957 2955 4571
f 4571 2955 4573
f 2955 2953 4573
f 4573 2953 4575
f 2953 2951 4575
f 2951 2949 4575
f 4575 2949 4577
f 2949 2947 4577
f 4577 2947 4579
f 4579 2947 4581
f 2947 2945 4581
f 4581 2945 4583
f 2945 2943 4583
f 4583 2943 4584
f 2943 2942 4584
f 4584 2942 4586
f 2942 2939 4586
f 4586 2939 4588
f 2939 2937 4588
f 4588 2937 4591
f 2937 2935 4591
f 4591 2935 4593
f 2935 2933 4593
f 4593 2933 4595
f 2933 2931 4595
f 4595 2931 4597
f 2931 2929 4597
f 4597 2929 4598
f 2929 2927 4598
f 4598 2927 4600
f 2927 2925 4600
f 4600 2925 4602
f 4607 4605 2921
f 4605 4602 2921
f 2921 4602 2923
f 4602 2925 2923
f 4607 2921 4609
f 2921 2919 4609
f 4609 2919 4611
f 2919 2917 4611
f 2917 2916 4611
f 4611 2916 4613
f 2916 2914 4613
f 4613 2914 4615
f 2914 2912 4615
f 4615 2912 4617
f 2912 2910 4617
f 4617 2910 4619
f 2910 2908 4619
f 4619 2908 4621
f 2908 2906 4621
f 4621 2906 4623
f 2906 2904 4623
f 4623 2904 4625
f 4625 2904 4627
f 2904 2902 4627
f 4627 2902 4629
f 2902 2900 4629
f 2900 2898 4629
f 4629 2898 4631
f 2898 2896 4631
f 4631 2896 4633
f 2896 2894 4633
f 4633 2894 4635
f 2894 2892 4635
f 4635 2892 4637
f 4637 2892 4639
f 2892 2891 4639
f 4639 2891 4641
f 2891 2889 4641
f 4641 2889 4643
f 2889 2886 4643
f 2886 2884 4643
f 4643 2884 4645
f 2884 2882 4645
f 4645 2882 4647
f 2882 2880 4647
f 4647 2880 4649
f 2880 2878 4649
f 4649 2878 4651
f 2878 2876 4651
f 4651 2876 4652
f 2876 2874 4652
f 4652 2874 4654
f 2874 2873 4654
f 4654 2873 4657
f 2873 2860 4657
f 4657 2860 4659
f 2860 2862 4659
f 4659 2862 4661
f 2862 2864 4661
f 4661 2864 4663
f 2864 2866 4663
f 4663 2866 4665
f 2866 2868 4665
f 4665 2868 4666
f 2868 2870 4666
f 4666 2870 4668
f 2870 2857 4668
f 4668 2857 4670
f 2857 2855 4670
f 4670 2855 4672
f 2855 2853 4672
f 4672 2853 4675
f 2853 2851 4675
f 4675 2851 4677
f 2851 2849 4677
f 4677 2849 4679
f 2849 2847 4679
f 4679 2847 4680
f 2847 2845 4680
f 2845 2843 4680
f 4680 2843 4682
f 2843 2841 4682
f 4682 2841 4684
f 2841 2839 4684
f 4684 2839 4686
f 4686 2839 4689
f 2839 2837 4689
f 4689 2837 4691
f 2837 2835 4691
f 4691 2835 4693
f 2835 2833 4693
f 4693 2833 4695
f 2833 2831 4695
f 4695 2831 4697
f 2831 2829 4697
f 4697 2829 4699
f 2829 2828 4699
f 4699 2828 4701
f 2828 2826 4701
f 4701 2826 4703
f 2826 2824 4703
f 4703 2824 4705
f 2824 2822 4705
f 4705 2822 4707
f 2822 2820 4707
f 4707 2820 4709
f 2820 2818 4709
f 4709 2818 4710
f 2811 4712 2813
f 4712 4710 2813
f 2813 4710 2816
f 4710 2818 2816
f 2793 4733 2795
f 4733 4730 2795
f 2795 4730 2797
f 4730 4728 2797
f 2797 4728 2799
f 4728 4726 2799
f 2799 4726 2801
f 4726 4724 2801
f 2801 4724 2803
f 4724 4722 2803
f 2803 4722 2805
f 4722 4720 2805
f 2805 4720 2807
f 4720 4718 2807
f 2807 4718 2809
f 4718 4716 2809
f 2809 4716 2811
f 4716 4714 2811
f 2811 4714 4712
f 4754 4742 2775
f 2775 4742 2777
f 4742 4744 2777
f 2777 4744 2779
f 4744 4746 2779
f 2779 4746 2781
f 4746 4748 2781
f 2781 4748 2783
f 4748 4750 2783
f 2783 4750 2785
f 4750 4752 2785
f 2785 4752 2787
f 4752 4753 2787
f 2787 4753 2790
f 4753 4738 2790
f 2790 4738 2792
f 4738 4736 2792
f 2792 4736 2793
f 4736 4734 2793
f 2793 4734 4733
f 2775 2774 4754
f 2774 2763 4754
f 4754 2763 4755
f 2763 2765 4755
f 4755 2765 4757
f 2765 2767 4757
f 4757 2767 4759
f 2767 2769 4759
f 4759 2769 4761
f 4761 2769 4763
f 2769 2771 4763
f 4763 2771 4765
f 2771 2760 4765
f 2760 2758 4765
f 4765 2758 4768
f 4768 2758 4769
f 2758 2757 4769
f 4769 2757 4771
f 2757 2755 4771
f 4771 2755 4774
f 2755 2752 4774
f 4774 2752 4776
f 4780 4778 2748
f 4778 4776 2748
f 2748 4776 2750
f 4776 2752 2750
f 4780 2748 4782
f 2748 2746 4782
f 4782 2746 4784
f 2746 2744 4784
f 2744 2742 4784
f 4784 2742 4786
f 2742 2740 4786
f 4786 2740 4788
f 2740 2738 4788
f 4788 2738 4790
f 2738 2737 4790
f 4790 2737 4792
f 4792 2737 4794
f 2737 2735 4794
f 4794 2735 4796
f 2735 2732 4796
f 4796 2732 4798
f 2732 2730 4798
f 2730 2729 4798
f 4798 2729 4800
f 2729 2726 4800
f 4800 2726 4802
f 2726 2724 4802
f 4802 2724 4804
f 2724 2722 4804
f 4804 2722 4806
f 4806 2722 4808
f 2722 2720 4808
f 4808 2720 4810
f 2720 2718 4810
f 4810 2718 4812
f 2718 2716 4812
f 2716 2714 4812
f 4812 2714 4814
f 2714 2712 4814
f 4814 2712 4816
f 2712 2710 4816
f 4816 2710 4818
f 2710 2708 4818
f 4818 2708 4820
f 2708 2706 4820
f 4820 2706 4822
f 2706 2704 4822
f 4822 2704 4823
f 2704 2702 4823
f 4823 2702 4825
f 2702 2700 4825
f 4825 2700 4828
f 2700 2698 4828
f 4828 2698 4830
f 4830 2698 4832
f 2698 2696 4832
f 4832 2696 4834
f 2696 2694 4834
f 2694 2692 4834
f 4834 2692 4836
f 2692 2690 4836
f 4836 2690 4838
f 4838 2690 4839
f 2690 2688 4839
f 4839 2688 4841
f 2688 2686 4841
f 2686 2685 4841
f 4841 2685 4844
f 2685 2683 4844
f 4844 2683 4846
f 2683 2680 4846
f 4846 2680 4848
f 2680 2678 4848
f 4848 2678 4850
f 2678 2676 4850
f 2676 2674 4850
f 4850 2674 4852
f 2674 2673 4852
f 4852 2673 4854
f 2667 4856 2669
f 4856 4854 2669
f 2669 4854 2671
f 4854 2673 2671
f 2606 4915 2604
f 4915 4913 2604
f 2604 4913 2602
f 4913 4911 2602
f 2602 4911 2600
f 2600 4911 2613
f 4911 4909 2613
f 2613 4909 2614
f 4909 4908 2614
f 2614 4908 2616
f 4908 4896 2616
f 2616 4896 2618
f 4896 4898 2618
f 2618 4898 2620
f 4898 4900 2620
f 2620 4900 2622
f 4900 4902 2622
f 2622 4902 2624
f 4902 4904 2624
f 2624 4904 2626
f 4904 4904 2626
f 2626 4904 2632
f 4904 4906 2632
f 2632 4906 2630
f 4906 4907 2630
f 2630 4907 2628
f 4907 4892 2628
f 2628 4892 2663
f 4892 4890 2663
f 2663 4890 2661
f 4890 4887 2661
f 2661 4887 2659
f 4887 4885 2659
f 2659 4885 2657
f 4885 4883 2657
f 2657 4883 2655
f 4883 4881 2655
f 2655 4881 2653
f 4881 4879 2653
f 2653 4879 2651
f 4879 4877 2651
f 2651 4877 2649
f 4877 4876 2649
f 2649 4876 2647
f 4876 4873 2647
f 2647 4873 2645
f 4873 4871 2645
f 2645 4871 2643
f 4871 4870 2643
f 2643 4870 2641
f 4870 4868 2641
f 2641 4868 2639
f 4868 4866 2639
f 2639 4866 2637
f 4866 4864 2637
f 2637 4864 2635
f 4864 4862 2635
f 2635 4862 2666
f 4862 4860 2666
f 2666 4860 2667
f 4860 4858 2667
f 2667 4858 4856
f 2583 4936 2581
f 4936 4934 2581
f 2581 4934 2590
f 4934 4932 2590
f 2590 4932 2591
f 4932 4929 2591
f 2591 4929 2593
f 4929 4927 2593
f 2593 4927 2595
f 4927 4926 2595
f 2595 4926 2597
f 4926 4924 2597
f 2597 4924 2610
f 4924 4922 2610
f 2610 4922 2608
f 4922 4919 2608
f 2608 4919 2606
f 4919 4917 2606
f 2606 4917 4915
f 4938 2583 4940
f 2583 2585 4940
f 4940 2585 4942
f 2585 2587 4942
f 2587 2573 4942
f 4942 2573 4944
f 2573 2575 4944
f 4944 2575 4946
f 2575 2577 4946
f 4946 2577 4948
f 2577 2578 4948
f 4948 2578 4950
f 2578 2544 4950
f 4950 2544 4952
f 4952 2544 4954
f 2544 2546 4954
f 4954 2546 4956
f 2546 2548 4956
f 4956 2548 4958
f 2548 2550 4958
f 4958 2550 4960
f 2550 2552 4960
f 2552 2554 4960
f 4960 2554 4961
f 2554 2556 4961
f 4961 2556 4963
f 2556 2558 4963
f 4963 2558 4966
f 2558 2560 4966
f 4966 2560 4968
f 2566 4970 2564
f 4970 4968 2564
f 2564 4968 2562
f 4968 2560 2562
f 2513 4986 2511
f 4986 4984 2511
f 2511 4984 2509
f 4984 4982 2509
f 2509 4982 2507
f 4982 4980 2507
f 2507 4980 2505
f 4980 4978 2505
f 2505 4978 2570
f 4978 4976 2570
f 2570 4976 2568
f 4976 4974 2568
f 2568 4974 2566
f 4974 4972 2566
f 2566 4972 4970
f 4988 2513 4990
f 2513 2515 4990
f 4990 2515 4992
f 2515 2517 4992
f 2517 2519 4992
f 4992 2519 4993
f 2519 2521 4993
f 4993 2521 4995
f 2521 2523 4995
f 4995 2523 4997
f 2523 2525 4997
f 4997 2525 5000
f 2525 2527 5000
f 5000 2527 5002
f 2527 2529 5002
f 5002 2529 5004
f 2529 2531 5004
f 5004 2531 5006
f 2531 2533 5006
f 5006 2533 5008
f 2533 2535 5008
f 2535 2537 5008
f 5008 2537 5010
f 2537 2539 5010
f 5010 2539 5012
f 2539 2541 5012
f 5012 2541 5014
f 2541 2541 5014
f 5014 2541 5014
f 2541 2503 5014
f 5014 2503 5016
f 5016 2503 5018
f 2503 2501 5018
f 5018 2501 5020
f 2501 2499 5020
f 5020 2499 5022
f 2499 2497 5022
f 5022 2497 5023
f 2497 2495 5023
f 5023 2495 5025
f 2495 2493 5025
f 5025 2493 5027
f 2493 2492 5027
f 5027 2492 5030
f 2492 2490 5030
f 5030 2490 5032
f 2490 2488 5032
f 5032 2488 5033
f 2488 2486 5033
f 5033 2486 5035
f 2486 2484 5035
f 5035 2484 5037
f 2484 2482 5037
f 5037 2482 5039
f 2482 2480 5039
f 5039 2480 5041
f 2480 2478 5041
f 5041 2478 5043
f 5043 2478 5046
f 2478 2476 5046
f 5046 2476 5047
f 2476 2475 5047
f 5047 2475 5049
f 2475 2472 5049
f 2472 2470 5049
f 5049 2470 5057
f 2470 2468 5057
f 5057 2468 5059
f 2468 2466 5059
f 5059 2466 5060
f 2466 2464 5060
f 5060 2464 5052
f 2464 2462 5052
f 5052 2462 5054
f 2462 2461 5054
f 5054 2461 5062
f 2461 2459 5062
f 5062 2459 5064
f 2459 2458 5064
f 2458 2456 5064
f 5064 2456 5066
f 2456 2453 5066
f 5066 2453 5067
f 2453 2451 5067
f 5067 2451 5069
f 2451 2449 5069
f 5069 2449 5071
f 2449 2447 5071
f 5071 2447 5073
f 2447 2445 5073
f 2445 2443 5073
f 5073 2443 5076
f 2443 2441 5076
f 5076 2441 5078
f 5078 2441 5079
f 2441 2439 5079
f 5079 2439 5081
f 2439 2437 5081
f 5081 2437 5089
f 2437 2435 5089
f 2435 2433 5089
f 5089 2433 5091
f 2433 2431 5091
f 5091 2431 5093
f 5093 2431 5095
f 2431 2429 5095
f 5095 2429 5097
f 2429 2427 5097
f 2427 2425 5097
f 5097 2425 5099
f 2425 2423 5099
f 5099 2423 5101
f 2423 2421 5101
f 5101 2421 5103
f 2421 2419 5103
f 5103 2419 5105
f 2419 2417 5105
f 5105 2417 5107
f 2417 2415 5107
f 5107 2415 5109
f 2415 2413 5109
f 5109 2413 5111
f 2413 2411 5111
f 5111 2411 5113
f 2411 2409 5113
f 5113 2409 5115
f 2409 5116 5115
f 2409 2407 5116
f 2407 2405 5116
f 5116 2405 5084
f 2405 2403 5084
f 5084 2403 5086
f 2403 2402 5086
f 5086 2402 5118
f 2402 2373 5118
f 5118 2373 5120
f 2373 2375 5120
f 5120 2375 5122
f 2375 2377 5122
f 5122 2377 5124
f 2377 2379 5124
f 5124 2379 5126
f 2379 2381 5126
f 5126 2381 5128
f 2381 2383 5128
f 5128 2383 5130
f 2383 2385 5130
f 5130 2385 5131
f 2385 2387 5131
f 5131 2387 5133
f 2387 2389 5133
f 5133 2389 5136
f 2389 2391 5136
f 5136 2391 5138
f 2391 2393 5138
f 5138 2393 5140
f 2393 2395 5140
f 5140 2395 5142
f 2395 2397 5142
f 5142 2397 5144
f 2397 2399 5144
f 5144 2399 5146
f 5146 2399 5148
f 2399 2364 5148
f 5148 2364 5150
f 2364 2366 5150
f 2366 2370 5150
f 5150 2370 5152
f 2370 2369 5152
f 5152 2369 5154
f 2369 2368 5154
f 5154 2368 5156
f 2368 2361 5156
f 2361 2359 5156
f 5156 2359 5158
f 2359 2357 5158
f 5158 2357 5160
f 2357 2355 5160
f 5160 2355 5162
f 2355 2353 5162
f 5162 2353 5164
f 2353 2351 5164
f 5164 2351 5166
f 2351 2349 5166
f 5166 2349 5168
f 2349 2348 5168
f 5168 2348 5170
f 2348 2346 5170
f 5170 2346 5172
f 2346 2343 5172
f 5172 2343 5174
f 2343 2341 5174
f 5174 2341 5176
f 2341 2339 5176
f 5176 2339 5178
f 2339 2337 5178
f 5178 2337 5179
f 2337 2334 5179
f 5179 2334 5181
f 2334 2332 5181
f 5181 2332 5183
f 2332 2330 5183
f 5183 2330 5185
f 2330 2328 5185
f 5185 2328 5187
f 2328 2326 5187
f 5187 2326 5189
f 2326 2324 5189
f 5189 2324 5191
f 2324 2322 5191
f 5191 2322 5193
f 2322 2320 5193
f 5193 2320 5195
f 2320 2318 5195
f 5195 2318 5197
f 2318 2316 5197
f 5197 2316 5199
f 2316 2310 5199
f 5199 2310 5202
f 2310 2308 5202
f 5202 2308 5203
f 2308 2314 5203
f 5203 2314 5205
f 2314 2313 5205
f 5205 2313 5208
f 2313 2305 5208
f 5208 2305 5210
f 2305 2303 5210
f 5210 2303 5210
f 2303 2301 5210
f 5210 2301 5219
f 2301 2299 5219
f 5219 2299 5217
f 2299 2297 5217
f 5217 2297 5215
f 2297 2295 5215
f 5215 2295 5213
f 2295 2293 5213
f 5213 2293 5220
f 2293 2292 5220
f 5220 2292 5221
f 2292 2289 5221
f 5221 2289 5223
f 2289 2287 5223
f 2287 2285 5223
f 5223 2285 5225
f 2285 2283 5225
f 5225 2283 5227
f 5227 2283 5229
f 2283 2281 5229
f 5229 2281 5231
f 2281 2279 5231
f 2279 2277 5231
f 5231 2277 5234
f 5234 2277 5235
f 2277 2276 5235
f 5235 2276 5237
f 2276 2274 5237
f 5237 2274 5240
f 2274 16 5240
f 5240 16 5242
f 5246 5244 2264
f 5244 5242 2264
f 2264 5242 2262
f 5242 16 2262
f 5246 2264 5248
f 2264 2266 5248
f 5248 2266 5250
f 2266 2268 5250
f 2268 2270 5250
f 5250 2270 5252
f 2270 2261 5252
f 5252 2261 5254
f 5254 2261 5256
f 2261 2259 5256
f 5256 2259 5258
f 2259 2258 5258
f 5258 2258 5260
f 2258 2256 5260
f 5260 2256 5262
f 2256 2228 5262
f 5262 2228 5264
f 2228 2231 5264
f 2231 2233 5264
f 5264 2233 5266
f 2233 2234 5266
f 5266 2234 5268
f 2234 2236 5268
f 5268 2236 5270
f 2236 2238 5270
f 5270 2238 5272
f 2238 2240 5272
f 5272 2240 5274
f 2240 2242 5274
f 5274 2242 5276
f 2242 2244 5276
f 5276 2244 5278
f 2244 2246 5278
f 5278 2246 5280
f 2246 2248 5280
f 5280 2248 5282
f 2248 2250 5282
f 5282 2250 5284
f 2250 2252 5284
f 5284 2252 5286
f 2252 2227 5286
f 5286 2227 5288
f 2227 2225 5288
f 5288 2225 5290
f 2225 2224 5290
f 5290 2224 5292
f 2224 2221 5292
f 5292 2221 5294
f 2221 2219 5294
f 5294 2219 5296
f 2219 2217 5296
f 5296 2217 5298
f 2217 2215 5298
f 5298 2215 5300
f 2215 2213 5300
f 5300 2213 5302
f 2213 2211 5302
f 5302 2211 5304
f 2211 5306 5304
f 2211 2209 5306
f 2209 2207 5306
f 5306 2207 5308
f 2207 2206 5308
f 5308 2206 5310
f 2206 2204 5310
f 5310 2204 5312
f 2204 2201 5312
f 5312 2201 5314
f 2201 2199 5314
f 5314 2199 5316
f 2199 2197 5316
f 2197 2195 5316
f 5316 2195 5318
f 2195 2194 5318
f 5318 2194 5320
f 2183 5326 2186
f 5326 5324 2186
f 2186 5324 2188
f 5324 5322 2188
f 2188 5322 2190
f 5322 5320 2190
f 2190 5320 2192
f 5320 2194 2192
f 2179 5334 5332
f 2179 5332 2181
f 5332 5330 2181
f 2181 5330 2183
f 5330 5328 2183
f 2183 5328 5326
f 2179 2177 5334
f 2177 2175 5334
f 5334 2175 5335
f 2175 3683 5335
f 2167 5343 2169
f 5343 5341 2169
f 2169 5341 2171
f 5341 5339 2171
f 2171 5339 2173
f 5339 5337 2173
f 2173 5337 3683
f 5351 5348 2163
f 2163 5348 2165
f 5348 5346 2165
f 2165 5346 2167
f 5346 5345 2167
f 2167 5345 5343
f 2163 2162 5351
f 2162 2160 5351
f 5351 2160 5353
f 2160 2158 5353
f 5353 2158 5355
f 2158 2156 5355
f 5355 2156 5357
f 2156 2154 5357
f 5357 2154 5359
f 5359 2154 5361
f 2154 2152 5361
f 5361 2152 5363
f 2152 2150 5363
f 2150 2148 5363
f 5363 2148 5365
f 2148 2146 5365
f 5365 2146 5367
f 2146 2145 5367
f 5367 2145 5369
f 2145 2143 5369
f 5369 2143 5371
f 2143 2140 5371
f 5371 2140 5373
f 2140 2138 5373
f 5373 2138 5375
f 2138 2136 5375
f 5375 2136 5377
f 2136 2134 5377
f 5377 2134 5379
f 2134 2132 5379
f 5379 2132 5380
f 2132 2130 5380
f 5380 2130 5382
f 2130 2128 5382
f 5382 2128 5384
f 2128 2126 5384
f 2126 2125 5384
f 5384 2125 5386
f 2125 2118 5386
f 5386 2118 5388
f 5388 2118 5390
f 2118 2120 5390
f 5390 2120 5393
f 2113 5395 2115
f 5395 5393 2115
f 2115 5393 2122
f 5393 2120 2122
f 2109 5402 5401
f 2109 5401 2111
f 5401 5399 2111
f 2111 5399 2113
f 5399 5397 2113
f 2113 5397 5395
f 5402 2109 5404
f 2109 2107 5404
f 5404 2107 5406
f 2107 2105 5406
f 5406 2105 5408
f 2105 2103 5408
f 5408 2103 5410
f 2103 2101 5410
f 5410 2101 5412
f 2095 5414 2097
f 5414 5412 2097
f 2097 5412 2099
f 5412 2101 2099
f 2090 5424 2092
f 5424 5422 2092
f 2092 5422 2093
f 5422 5421 2093
f 2093 5421 2095
f 5421 5416 2095
f 2095 5416 5414
f 5440 5438 2073
f 2073 5438 2075
f 5438 5436 2075
f 2075 5436 2077
f 5436 5435 2077
f 2077 5435 2079
f 5435 5433 2079
f 2079 5433 2081
f 5433 5431 2081
f 2081 5431 2083
f 5431 5429 2083
f 2083 5429 2085
f 5429 5418 2085
f 2085 5418 2087
f 5418 5427 2087
f 2087 5427 2090
f 5427 5426 2090
f 2090 5426 5424
f 5445 5443 2069
f 5443 5440 2069
f 2069 5440 2071
f 5440 2073 2071
f 5445 2069 5447
f 2069 2067 5447
f 5447 2067 5449
f 2067 2065 5449
f 2065 2063 5449
f 5449 2063 5451
f 2063 2061 5451
f 5451 2061 5453
f 2061 5455 5453
f 2055 5457 2057
f 5457 5455 2057
f 2057 5455 2059
f 5455 2061 2059
f 2051 5462 2054
f 5462 5460 2054
f 2054 5460 2055
f 5460 5459 2055
f 2055 5459 5457
f 5464 2051 5466
f 2051 2049 5466
f 5466 2049 5468
f 2049 2047 5468
f 2047 2045 5468
f 5468 2045 5470
f 2045 2043 5470
f 5470 2043 5472
f 2043 2041 5472
f 5472 2041 5474
f 2041 2039 5474
f 5474 2039 5476
f 2039 2037 5476
f 5476 2037 5478
f 2037 2036 5478
f 5478 2036 5480
f 2036 2007 5480
f 2007 2009 5480
f 5480 2009 5482
f 2009 2011 5482
f 5482 2011 5484
f 5484 2011 5486
f 2011 2013 5486
f 5486 2013 5488
f 2013 2015 5488
f 5488 2015 5490
f 2015 2017 5490
f 5490 2017 5491
f 2017 2019 5491
f 5491 2019 5493
f 2019 2021 5493
f 5493 2021 5495
f 2021 2023 5495
f 5495 2023 5498
f 2023 2025 5498
f 5498 2025 5500
f 2025 2027 5500
f 5500 2027 5502
f 2027 2029 5502
f 5502 2029 5504
f 2029 2031 5504
f 5504 2031 5505
f 2031 2033 5505
f 5505 2033 5507
f 2033 1999 5507
f 5507 1999 5509
f 1999 2001 5509
f 5509 2001 5511
f 2001 2003 5511
f 5511 2003 5519
f 2003 2004 5519
f 5519 2004 5521
f 2004 1996 5521
f 5521 1996 5523
f 1996 1994 5523
f 5523 1994 5525
f 1994 1992 5525
f 5525 1992 5527
f 1992 1990 5527
f 5527 1990 5528
f 1990 1988 5528
f 5528 1988 5514
f 1988 1986 5514
f 5514 1986 5516
f 1986 1984 5516
f 5516 1984 5535
f 1984 1983 5535
f 5535 1983 5537
f 1983 1981 5537
f 5537 1981 5539
f 1981 1978 5539
f 5539 1978 5541
f 1978 1976 5541
f 5541 1976 5542
f 1970 5530 1972
f 5530 5542 1972
f 1972 5542 1974
f 5542 1976 1974
f 5547 5546 1966
f 1966 5546 1968
f 5546 5544 1968
f 1968 5544 1970
f 5544 5532 1970
f 1970 5532 5530
f 1966 1964 5547
f 1964 1962 5547
f 5547 1962 5549
f 1962 1960 5549
f 5549 1960 5557
f 5557 1960 5559
f 1960 1958 5559
f 5559 1958 5561
f 1952 5563 1954
f 5563 5561 1954
f 1954 5561 1956
f 5561 1958 1956
f 5571 5569 1947
f 1947 5569 1950
f 5569 5567 1950
f 1950 5567 1952
f 5567 5565 1952
f 1952 5565 5563
f 1947 1945 5571
f 1945 1943 5571
f 5571 1943 5573
f 1943 1941 5573
f 5573 1941 5575
f 1941 5577 5575
f 5577 1941 5579
f 1941 1939 5579
f 5579 1939 5581
f 1939 1937 5581
f 5581 1937 5583
f 1937 1935 5583
f 1935 1933 5583
f 5583 1933 5584
f 1933 1931 5584
f 5584 1931 5552
f 1931 1929 5552
f 5552 1929 5554
f 1929 1928 5554
f 5554 1928 1900
f 1921 5608 1919
f 5608 5606 1919
f 1919 5606 1917
f 5606 5604 1917
f 1917 5604 1915
f 5604 5601 1915
f 1915 5601 1913
f 5601 5599 1913
f 1913 5599 1911
f 5599 5598 1911
f 1911 5598 1909
f 5598 5596 1909
f 1909 5596 1907
f 5596 5594 1907
f 1907 5594 1906
f 5594 5592 1906
f 1906 5592 1904
f 5592 5590 1904
f 1904 5590 1902
f 5590 5588 1902
f 1902 5588 1900
f 5588 5586 1900
f 1900 5586 5554
f 5610 1921 5612
f 1921 1923 5612
f 5612 1923 5614
f 1923 1925 5614
f 1925 1892 5614
f 5614 1892 5616
f 1892 1894 5616
f 5616 1894 5618
f 5618 1894 5620
f 1894 1896 5620
f 5620 1896 5622
f 1896 1897 5622
f 5622 1897 5624
f 1897 1889 5624
f 1889 1887 5624
f 5624 1887 5626
f 1887 1885 5626
f 5626 1885 5628
f 1885 1883 5628
f 5628 1883 5630
f 1883 1881 5630
f 5630 1881 5632
f 1881 1879 5632
f 5632 1879 5634
f 1879 1877 5634
f 5634 1877 5636
f 1877 1876 5636
f 1876 1874 5636
f 5636 1874 5638
f 1874 1871 5638
f 5638 1871 5640
f 5640 1871 5642
f 1871 1869 5642
f 5642 1869 5644
f 1869 1867 5644
f 5644 1867 5646
f 1867 1865 5646
f 5646 1865 5647
f 1865 1862 5647
f 5647 1862 5649
f 1862 1860 5649
f 5649 1860 5651
f 1853 5653 1855
f 5653 5651 1855
f 1855 5651 1858
f 5651 1860 1858
f 1849 5660 1851
f 5660 5658 1851
f 1851 5658 1853
f 5658 5655 1853
f 1853 5655 5653
f 5667 5667 1845
f 5667 5665 1845
f 1845 5665 1847
f 5665 5663 1847
f 1847 5663 1849
f 5663 5661 1849
f 1849 5661 5660
f 1845 1843 5667
f 1843 1843 5667
f 5667 1843 5670
f 1843 1841 5670
f 5670 1841 5672
f 1841 1839 5672
f 5672 1839 5674
f 1839 1837 5674
f 5674 1837 5676
f 1837 1835 5676
f 5676 1835 5678
f 1835 1834 5678
f 5678 1834 5680
f 1834 1816 5680
f 5680 1816 5682
f 1816 1833 5682
f 5682 1833 5684
f 1833 1832 5684
f 5684 1832 5686
f 1832 1830 5686
f 1830 1828 5686
f 5686 1828 5688
f 1828 1826 5688
f 5688 1826 5690
f 1826 1824 5690
f 5690 1824 5692
f 1824 1822 5692
f 5692 1822 5694
f 1822 1820 5694
f 5694 1820 5700
f 1820 1818 5700
f 5700 1818 5699
f 5699 1818 5697
f 1818 1817 5697
f 5697 1817 5701
f 1817 1811 5701
f 5701 1811 5702
f 1811 1809 5702
f 5702 1809 5704
f 1809 1807 5704
f 5704 1807 5706
f 1807 1805 5706
f 5706 1805 5708
f 1805 1803 5708
f 5708 1803 5710
f 1803 1801 5710
f 5710 1801 5712
f 1801 1799 5712
f 5712 1799 5715
f 1799 1798 5715
f 5715 1798 5716
f 1798 1796 5716
f 5716 1796 5718
f 1796 1794 5718
f 1794 1793 5718
f 5718 1793 5720
f 1793 1790 5720
f 5720 1790 5722
f 1790 1788 5722
f 5722 1788 5734
f 1788 1786 5734
f 1786 1785 5734
f 5734 1785 5733
f 1785 1783 5733
f 5733 1783 5731
f 1783 1781 5731
f 5731 1781 5729
f 1781 1779 5729
f 5729 1779 5727
f 1779 1778 5727
f 1778 1776 5727
f 5727 1776 5735
f 1776 1775 5735
f 5735 1775 5736
f 1775 1772 5736
f 5736 1772 5738
f 1772 1770 5738
f 5738 1770 5740
f 1770 1768 5740
f 5740 1768 5742
f 1768 1766 5742
f 5742 1766 5744
f 1766 1764 5744
f 5744 1764 5746
f 1764 1762 5746
f 1762 1760 5746
f 5746 1760 5748
f 5748 1760 5750
f 1760 1759 5750
f 5750 1759 5752
f 1759 1746 5752
f 5752 1746 5755
f 1746 1748 5755
f 5755 1748 5757
f 5761 5759 1752
f 5759 5757 1752
f 1752 5757 1750
f 5757 1748 1750
f 5761 1752 5763
f 1752 1754 5763
f 5763 1754 5765
f 1754 1756 5765
f 1756 1735 5765
f 5765 1735 5767
f 1735 1737 5767
f 5767 1737 5769
f 1737 1743 5769
f 1743 1742 5769
f 5769 1742 5771
f 1742 1740 5771
f 5771 1740 5773
f 1740 1739 5773
f 5773 1739 5775
f 1739 1731 5775
f 5775 1731 5777
f 1731 1733 5777
f 5777 1733 5779
f 1733 1734 5779
f 5779 1734 5781
f 1734 1726 5781
f 5781 1726 5783
f 1726 5785 5783
f 1720 5787 1722
f 5787 5785 1722
f 1722 5785 1724
f 5785 1726 1724
f 1690 5818 1692
f 5818 5816 1692
f 1692 5816 1694
f 5816 5814 1694
f 1694 5814 1696
f 5814 5812 1696
f 1696 5812 1698
f 5812 5810 1698
f 1698 5810 1700
f 5810 5807 1700
f 1700 5807 1702
f 5807 5805 1702
f 1702 5805 1704
f 5805 5803 1704
f 1704 5803 1706
f 5803 5802 1706
f 1706 5802 1708
f 5802 5800 1708
f 1708 5800 1710
f 5800 5798 1710
f 1710 5798 1712
f 5798 5796 1712
f 1712 5796 1714
f 5796 5794 1714
f 1714 5794 1716
f 5794 5792 1716
f 1716 5792 1719
f 5792 5790 1719
f 1719 5790 1720
f 5790 5789 1720
f 1720 5789 5787
f 5820 1690 5821
f 1690 1688 5821
f 5821 1688 5823
f 1688 1686 5823
f 1686 1684 5823
f 5823 1684 5826
f 1684 1683 5826
f 5826 1683 5828
f 1683 1680 5828
f 5828 1680 5830
f 5830 1680 5832
f 1680 1678 5832
f 5832 1678 5834
f 1678 1676 5834
f 1676 1674 5834
f 5834 1674 5836
f 1674 1672 5836
f 5836 1672 5838
f 1672 1670 5838
f 5838 1670 5840
f 1670 1668 5840
f 5840 1668 5842
f 1668 1667 5842
f 5842 1667 5844
f 5844 1667 5846
f 1667 1665 5846
f 5846 1665 5848
f 1665 1662 5848
f 1662 1660 5848
f 5848 1660 5850
f 1660 1658 5850
f 5850 1658 5852
f 1658 1656 5852
f 5852 1656 5854
f 1656 1654 5854
f 5854 1654 5855
f 1654 1652 5855
f 5855 1652 5857
f 1652 1650 5857
f 5857 1650 5859
f 1650 1648 5859
f 5859 1648 5861
f 1648 1647 5861
f 5861 1647 5863
f 1647 1644 5863
f 5863 1644 5865
f 1644 1642 5865
f 5865 1642 5867
f 1642 1640 5867
f 1640 1638 5867
f 5867 1638 5869
f 1638 1636 5869
f 5869 1636 5872
f 5872 1636 5874
f 1636 1634 5874
f 5874 1634 5876
f 1634 1632 5876
f 5876 1632 5877
f 1632 1630 5877
f 5877 1630 5879
f 1630 1628 5879
f 5879 1628 5879
f 1628 1626 5879
f 5879 1626 5882
f 1626 1624 5882
f 5882 1624 5889
f 1624 1622 5889
f 5889 1622 5888
f 1622 1620 5888
f 5888 1620 5886
f 1620 1618 5886
f 1618 1616 5886
f 5886 1616 5890
f 5890 1616 5891
f 1616 1615 5891
f 5891 1615 5893
f 1615 1613 5893
f 5893 1613 5895
f 1613 1610 5895
f 5895 1610 5897
f 1610 1608 5897
f 5897 1608 5899
f 1608 1606 5899
f 5899 1606 5901
f 1606 1604 5901
f 5901 1604 5904
f 1604 1602 5904
f 5904 1602 5906
f 1602 1600 5906
f 5906 1600 5907
f 1600 1598 5907
f 5907 1598 5909
f 1598 1596 5909
f 5909 1596 5911
f 1596 1594 5911
f 5911 1594 1592
f 1574 5932 1577
f 5932 5930 1577
f 1577 5930 1578
f 5930 5928 1578
f 1578 5928 1580
f 5928 5926 1580
f 1580 5926 1583
f 5926 5924 1583
f 1583 5924 1585
f 5924 5922 1585
f 1585 5922 1587
f 5922 5920 1587
f 1587 5920 1588
f 5920 5918 1588
f 1588 5918 1590
f 5918 5916 1590
f 1590 5916 1592
f 5916 5914 1592
f 1592 5914 5911
f 5934 1574 5936
f 1574 1572 5936
f 5936 1572 5938
f 1572 1570 5938
f 1570 1568 5938
f 5938 1568 5940
f 1568 1566 5940
f 5940 1566 5942
f 1566 1564 5942
f 5942 1564 5944
f 1564 1562 5944
f 5944 1562 5946
f 1562 1561 5946
f 5946 1561 5948
f 1561 1559 5948
f 5948 1559 5950
f 1559 1556 5950
f 1556 1554 5950
f 5950 1554 5952
f 1554 1552 5952
f 5952 1552 5954
f 5954 1552 5956
f 1552 1550 5956
f 5956 1550 5958
f 1550 1548 5958
f 5958 1548 5960
f 1548 1546 5960
f 5960 1546 5961
f 1546 1544 5961
f 1544 1542 5961
f 5961 1542 5963
f 5963 1542 5965
f 1542 1540 5965
f 5965 1540 5968
f 1540 1538 5968
f 5968 1538 5970
f 1538 1536 5970
f 5970 1536 5972
f 1536 1534 5972
f 5972 1534 5974
f 1534 1532 5974
f 5974 1532 5975
f 1532 1530 5975
f 1530 1524 5975
f 5975 1524 5977
f 1524 1522 5977
f 5977 1522 5979
f 5979 1522 5981
f 1522 1528 5981
f 5981 1528 5984
f 1528 1527 5984
f 5984 1527 5986
f 1527 1519 5986
f 1519 1517 5986
f 5986 1517 5988
f 1517 1515 5988
f 5988 1515 5990
f 1515 1513 5990
f 5990 1513 5992
f 1513 1512 5992
f 5992 1512 5994
f 1512 1510 5994
f 5994 1510 5996
f 1510 1508 5996
f 5996 1508 1508
f 6010 6007 1498
f 6007 6005 1498
f 1498 6005 1500
f 6005 6004 1500
f 1500 6004 1502
f 6004 6002 1502
f 1502 6002 1504
f 6002 6000 1504
f 1504 6000 1506
f 6000 5998 1506
f 1506 5998 5996
f 1498 1497 6010
f 1497 1495 6010
f 6010 1495 6012
f 1495 1493 6012
f 6012 1493 6014
f 1493 1491 6014
f 6014 1491 6015
f 1491 1489 6015
f 6015 1489 6017
f 1489 1487 6017
f 6017 1487 6019
f 1487 1485 6019
f 1485 1479 6019
f 6019 1479 6021
f 1479 1477 6021
f 6021 1477 6023
f 6023 1477 6025
f 1477 1483 6025
f 6025 1483 6028
f 1461 6040 1463
f 6040 6042 1463
f 1463 6042 1465
f 6042 6043 1465
f 1465 6043 1467
f 6043 6035 1467
f 1467 6035 1469
f 6035 6033 1469
f 1469 6033 1471
f 6033 6031 1471
f 1471 6031 1473
f 6031 6029 1473
f 1473 6029 1481
f 6029 6028 1481
f 1481 6028 1482
f 6028 1483 1482
f 1427 6064 1442
f 6064 6063 1442
f 1442 6063 1443
f 6063 6051 1443
f 1443 6051 1445
f 6051 6053 1445
f 1445 6053 1447
f 6053 6055 1447
f 1447 6055 1449
f 6055 6057 1449
f 1449 6057 1451
f 6057 6059 1451
f 1451 6059 1453
f 6059 6061 1453
f 1453 6061 1455
f 6061 6062 1455
f 1455 6062 1458
f 6062 6047 1458
f 1458 6047 1460
f 6047 6045 1460
f 1460 6045 1461
f 6045 6044 1461
f 1461 6044 6040
f 6066 1429 6069
f 1429 1431 6069
f 6069 1431 6071
f 1437 6073 1435
f 6073 6071 1435
f 1435 6071 1433
f 6071 1431 1433
f 6093 6091 1411
f 6091 6089 1411
f 1411 6089 1409
f 6089 6087 1409
f 1409 6087 1407
f 6087 6086 1407
f 1407 6086 1405
f 6086 6079 1405
f 1405 6079 1439
f 6079 6077 1439
f 1439 6077 1437
f 6077 6075 1437
f 1437 6075 6073
f 6093 1411 6095
f 1411 1413 6095
f 6095 1413 6097
f 1413 1415 6097
f 6097 1415 6099
f 1415 1417 6099
f 1417 1419 6099
f 6099 1419 6100
f 1419 1421 6100
f 6100 1421 6082
f 1421 1423 6082
f 6082 1423 6084
f 1423 1424 6084
f 6084 1424 6102
f 6102 1424 6104
f 1424 1376 6104
f 6104 1376 6106
f 1376 1378 6106
f 6106 1378 6108
f 1378 1380 6108
f 1380 1382 6108
f 6108 1382 6110
f 1382 1384 6110
f 6110 1384 6112
f 1384 1386 6112
f 6112 1386 6113
f 1386 1388 6113
f 6113 1388 6115
f 6115 1388 6118
f 1388 1390 6118
f 6118 1390 6120
f 1390 1392 6120
f 6120 1392 6122
f 1392 1394 6122
f 1394 1396 6122
f 6122 1396 6124
f 1396 1398 6124
f 6124 1398 6126
f 1398 1400 6126
f 6126 1400 6128
f 1400 1402 6128
f 6128 1402 6130
f 1402 1368 6130
f 6130 1368 6132
f 1368 1370 6132
f 6132 1370 6134
f 6134 1370 6136
f 1370 1372 6136
f 6136 1372 6138
f 1372 1373 6138
f 6138 1373 6140
f 1373 1365 6140
f 1365 1363 6140
f 6140 1363 6142
f 1363 1361 6142
f 6142 1361 6144
f 1361 1359 6144
f 6144 1359 6146
f 1359 1357 6146
f 6146 1357 6148
f 1357 1355 6148
f 6148 1355 6150
f 1355 1353 6150
f 6150 1353 6152
f 1353 1352 6152
f 6152 1352 6154
f 1352 1350 6154
f 6154 1350 6156
f 1350 1347 6156
f 6156 1347 6158
f 1347 1345 6158
f 6158 1345 6160
f 1345 1343 6160
f 6160 1343 6162
f 1343 1341 6162
f 6162 1341 6164
f 1341 1339 6164
f 1339 1337 6164
f 6164 1337 6171
f 1337 1335 6171
f 6171 1335 6170
f 6170 1335 6168
f 1335 1334 6168
f 6168 1334 6172
f 1334 1321 6172
f 6172 1321 6173
f 1321 1323 6173
f 6173 1323 6175
f 1323 1325 6175
f 6175 1325 6177
f 1325 1327 6177
f 6177 1327 6179
f 1327 1329 6179
f 6179 1329 6181
f 1329 1331 6181
f 6181 1331 6183
f 1331 1313 6183
f 6183 1313 6203
f 1313 1315 6203
f 6203 1315 6202
f 1315 1317 6202
f 6202 1317 6200
f 1317 1318 6200
f 6200 1318 6198
f 1318 1311 6198
f 1311 1309 6198
f 6198 1309 6196
f 1309 1307 6196
f 6196 1307 6196
f 1307 1305 6196
f 6196 1305 6194
f 1305 1303 6194
f 6194 1303 6192
f 1303 1301 6192
f 6192 1301 6190
f 1301 1299 6190
f 6190 1299 6188
f 1299 1297 6188
f 6188 1297 6204
f 1297 1296 6204
f 6204 1296 6205
f 1296 1293 6205
f 6205 1293 6207
f 1293 1291 6207
f 6207 1291 6209
f 1291 1289 6209
f 6209 1289 6211
f 1289 1287 6211
f 6211 1287 6213
f 1287 1285 6213
f 6213 1285 6215
f 1267 6219 1280
f 6219 6217 1280
f 1280 6217 1281
f 6217 6215 1281
f 1281 6215 1283
f 6215 1285 1283
f 1271 6226 1269
f 6226 6224 1269
f 1269 6224 1267
f 6224 6221 1267
f 1267 6221 6219
f 6254 6252 1249
f 6252 6250 1249
f 1249 6250 1248
f 6250 6248 1248
f 1248 6248 1246
f 6248 6246 1246
f 1246 6246 1244
f 6246 6244 1244
f 1244 6244 1257
f 6244 6242 1257
f 1257 6242 1258
f 6242 6240 1258
f 1258 6240 1260
f 6240 6238 1260
f 1260 6238 1262
f 6238 6236 1262
f 1262 6236 1264
f 6236 6234 1264
f 1264 6234 1277
f 6234 6232 1277
f 1277 6232 1275
f 6232 6230 1275
f 1275 6230 1273
f 6230 6228 1273
f 1273 6228 6226
f 1249 1251 6254
f 1251 1253 6254
f 6254 1253 6256
f 1253 1255 6256
f 6256 1255 6258
f 1255 1256 6258
f 6258 1256 6260
f 1256 1239 6260
f 6260 1239 6262
f 1239 1237 6262
f 6262 1237 6264
f 1237 1235 6264
f 6264 1235 6266
f 1235 1233 6266
f 6266 1233 6268
f 1233 1231 6268
f 6268 1231 6270
f 1231 1229 6270
f 6270 1229 6271
f 1229 1227 6271
f 6271 1227 6273
f 1227 1226 6273
f 6273 1226 6275
f 1226 1223 6275
f 6275 1223 6278
f 1223 1221 6278
f 6278 1221 6280
f 1221 1219 6280
f 6280 1219 6282
f 1219 1217 6282
f 6282 1217 6284
f 1217 1215 6284
f 6284 1215 6286
f 1215 1213 6286
f 6286 1213 6288
f 1213 6290 6288
f 1213 1211 6290
f 1211 1209 6290
f 6290 1209 6292
f 1209 1207 6292
f 6292 1207 6294
f 1207 1206 6294
f 6294 1206 6296
f 1206 1203 6296
f 6296 1203 6298
f 6298 1203 6300
f 1203 1201 6300
f 6300 1201 6302
f 1201 1199 6302
f 1199 1197 6302
f 6302 1197 6304
f 1197 1195 6304
f 6304 1195 6306
f 1195 1193 6306
f 6306 1193 6308
f 1193 1191 6308
f 6308 1191 6310
f 1191 1189 6310
f 6310 1189 6312
f 1189 1187 6312
f 6312 1187 6314
f 1187 1185 6314
f 1185 1183 6314
f 6314 1183 6316
f 1177 6318 1179
f 6318 6316 1179
f 1179 6316 1181
f 6316 1183 1181
f 1174 6324 1174
f 6324 6322 1174
f 1174 6322 1177
f 6322 6320 1177
f 1177 6320 6318
f 6326 1172 6328
f 1172 1170 6328
f 6328 1170 6330
f 1170 1168 6330
f 6330 1168 6332
f 1168 1166 6332
f 6332 1166 6333
f 1166 1164 6333
f 1164 1163 6333
f 6333 1163 6335
f 6335 1163 6338
f 1163 1161 6338
f 6338 1161 6340
f 1161 1159 6340
f 6340 1159 6342
f 6342 1159 6343
f 1159 1157 6343
f 6343 1157 6345
f 1157 1155 6345
f 1155 1153 6345
f 6345 1153 6347
f 1153 1151 6347
f 6347 1151 6349
f 1151 1149 6349
f 6349 1149 6357
f 1149 1147 6357
f 6357 1147 6359
f 1147 1146 6359
f 6359 1146 6361
f 1146 1141 6361
f 6361 1141 6363
f 1141 1143 6363
f 6363 1143 6365
f 1143 1140 6365
f 1140 1138 6365
f 6365 1138 6367
f 1138 1136 6367
f 6367 1136 6369
f 1136 1134 6369
f 6369 1134 6370
f 1134 1132 6370
f 6370 1132 6352
f 1132 1130 6352
f 6352 1130 6354
f 1130 1128 6354
f 6354 1128 6372
f 1128 1127 6372
f 6372 1127 6374
f 1127 1124 6374
f 6374 1124 6376
f 1124 1122 6376
f 6376 1122 6378
f 1122 1120 6378
f 6378 1120 6380
f 1120 1118 6380
f 1118 1116 6380
f 6380 1116 6382
f 1116 1114 6382
f 6382 1114 6384
f 6384 1114 6386
f 1114 1112 6386
f 6386 1112 6388
f 1112 1110 6388
f 6388 1110 6389
f 1110 1108 6389
f 6389 1108 6391
f 1108 1106 6391
f 6391 1106 6398
f 1106 1104 6398
f 6398 1104 6396
f 1104 1102 6396
f 6396 1102 6394
f 1096 6392 1098
f 6392 6394 1098
f 1098 6394 1100
f 6394 1102 1100
f 1091 6409 6407
f 1091 6407 1092
f 6407 6405 1092
f 1092 6405 1094
f 6405 6404 1094
f 1094 6404 1096
f 6404 3680 1096
f 1096 3680 6392
f 6409 1091 6410
f 1091 1088 6410
f 6410 1088 6401
f 1088 1086 6401
f 6401 1086 6412
f 1086 1084 6412
f 6412 1084 6414
f 1084 1082 6414
f 6414 1082 6416
f 1082 1080 6416
f 6416 1080 6418
f 1080 1078 6418
f 6418 1078 6419
f 1078 1076 6419
f 6419 1076 6421
f 1076 1074 6421
f 6421 1074 6423
f 1074 1072 6423
f 1072 1070 6423
f 6423 1070 6426
f 6426 1070 6428
f 1070 1068 6428
f 6428 1068 6430
f 1068 1066 6430
f 6430 1066 6432
f 1066 1064 6432
f 6432 1064 6434
f 1064 1062 6434
f 6434 1062 6436
f 1062 1060 6436
f 6436 1060 6438
f 1060 1058 6438
f 1058 1056 6438
f 6438 1056 6440
f 1056 1054 6440
f 6440 1054 6442
f 6442 1054 6444
f 1054 1053 6444
f 6444 1053 6446
f 1053 1050 6446
f 1050 1048 6446
f 6446 1048 6448
f 1048 1046 6448
f 1046 1045 6448
f 6448 1045 6450
f 1045 1043 6450
f 6450 1043 6452
f 1043 1041 6452
f 6452 1041 6454
f 1041 1039 6454
f 6454 1039 6456
f 1039 1037 6456
f 6456 1037 6458
f 1037 1035 6458
f 6458 1035 6460
f 1035 1034 6460
f 6460 1034 6462
f 1034 1031 6462
f 6462 1031 6464
f 1031 1029 6464
f 6464 1029 6466
f 1029 1027 6466
f 6466 1027 6468
f 1027 1025 6468
f 6468 1025 6470
f 1025 1023 6470
f 6470 1023 6472
f 1023 1021 6472
f 6472 1021 6473
f 1021 1019 6473
f 6473 1019 1018
f 994 6498 1002
f 6498 6496 1002
f 1002 6496 1001
f 6496 6493 1001
f 1001 6493 999
f 6493 6491 999
f 999 6491 997
f 6491 6489 997
f 997 6489 1015
f 6489 6487 1015
f 1015 6487 1013
f 6487 6486 1013
f 1013 6486 1011
f 6486 6484 1011
f 1011 6484 1009
f 6484 6482 1009
f 1009 6482 1007
f 6482 6480 1007
f 1007 6480 1005
f 6480 6478 1005
f 1005 6478 1018
f 6478 6475 1018
f 1018 6475 6473
f 6500 994 6501
f 994 992 6501
f 6501 992 6503
f 992 990 6503
f 990 988 6503
f 6503 988 6506
f 988 986 6506
f 6506 986 6507
f 986 984 6507
f 6507 984 6509
f 984 982 6509
f 6509 982 6512
f 6512 982 6514
f 982 981 6514
f 6514 981 6516
f 981 979 6516
f 6516 979 6518
f 979 976 6518
f 976 974 6518
f 6518 974 6529
f 974 972 6529
f 6529 972 6528
f 972 970 6528
f 6528 970 6526
f 970 968 6526
f 6526 968 6524
f 968 966 6524
f 6524 966 6522
f 966 964 6522
f 6522 964 6530
f 964 963 6530
f 6530 963 6531
f 963 948 6531
f 6531 948 6533
f 948 950 6533
f 6533 950 6541
f 950 952 6541
f 6541 952 6543
f 958 6545 956
f 6545 6543 956
f 956 6543 954
f 6543 952 954
f 6594 6592 902
f 6592 6590 902
f 902 6590 904
f 6590 6588 904
f 904 6588 906
f 6588 6586 906
f 906 6586 908
f 6586 6584 908
f 908 6584 910
f 6584 6581 910
f 910 6581 912
f 6581 6579 912
f 912 6579 914
f 6579 6578 914
f 914 6578 916
f 6578 6576 916
f 916 6576 918
f 6576 6574 918
f 918 6574 919
f 6574 6572 919
f 919 6572 921
f 6572 6570 921
f 921 6570 923
f 6570 6568 923
f 923 6568 945
f 6568 6538 945
f 945 6538 944
f 6538 6536 944
f 944 6536 942
f 6536 6566 942
f 942 6566 940
f 6566 6565 940
f 940 6565 938
f 6565 6563 938
f 938 6563 936
f 6563 6561 936
f 936 6561 934
f 6561 6559 934
f 934 6559 932
f 6559 6557 932
f 932 6557 930
f 6557 6555 930
f 930 6555 928
f 6555 6553 928
f 928 6553 926
f 6553 6551 926
f 926 6551 960
f 6551 6549 960
f 960 6549 958
f 6549 6547 958
f 958 6547 6545
f 902 900 6594
f 900 898 6594
f 6594 898 6596
f 898 896 6596
f 6596 896 6598
f 896 894 6598
f 894 893 6598
f 6598 893 6600
f 893 891 6600
f 6600 891 6602
f 891 890 6602
f 6602 890 6604
f 890 887 6604
f 6604 887 6606
f 887 885 6606
f 6606 885 6608
f 885 883 6608
f 6608 883 6610
f 6610 883 6612
f 883 881 6612
f 6612 881 6614
f 881 879 6614
f 879 877 6614
f 6614 877 6616
f 877 875 6616
f 6616 875 6618
f 875 874 6618
f 6618 874 6620
f 874 872 6620
f 6620 872 6622
f 872 869 6622
f 6622 869 6624
f 869 867 6624
f 6624 867 6626
f 867 865 6626
f 865 863 6626
f 6626 863 6628
f 863 861 6628
f 6628 861 6630
f 861 859 6630
f 6630 859 6632
f 859 857 6632
f 6632 857 6633
f 857 855 6633
f 6633 855 6635
f 855 852 6635
f 6635 852 6638
f 6638 852 6640
f 852 850 6640
f 6640 850 848
f 6642 848 6643
f 848 846 6643
f 6643 846 6645
f 846 844 6645
f 6645 844 6647
f 844 842 6647
f 6647 842 6649
f 6649 842 6649
f 842 841 6649
f 6649 841 6652
f 841 839 6652
f 6652 839 6654
f 6654 839 6656
f 839 837 6656
f 6656 837 6657
f 6661 6659 831
f 6659 3677 831
f 831 3677 833
f 3677 6657 833
f 833 6657 835
f 6657 837 835
f 831 830 6661
f 830 828 6661
f 6661 828 6663
f 828 826 6663
f 6663 826 6665
f 6665 826 6667
f 826 824 6667
f 6667 824 6669
f 824 822 6669
f 822 820 6669
f 6669 820 6671
f 820 818 6671
f 6671 818 6673
f 818 816 6673
f 6673 816 6674
f 816 814 6674
f 6674 814 6676
f 814 813 6676
f 6676 813 6679
f 813 802 6679
f 6679 802 6681
f 802 804 6681
f 6681 804 6683
f 804 806 6683
f 6683 806 6684
f 806 808 6684
f 6684 808 6686
f 808 810 6686
f 6686 810 6688
f 795 6690 797
f 6690 6688 797
f 797 6688 799
f 6688 810 799
f 776 6704 6715
f 776 6715 777
f 6715 6714 777
f 777 6714 779
f 6714 6712 779
f 779 6712 781
f 6712 6710 781
f 781 6710 783
f 6710 6708 783
f 783 6708 785
f 6708 6706 785
f 785 6706 787
f 6706 6700 787
f 787 6700 789
f 6700 6698 789
f 789 6698 791
f 6698 6696 791
f 791 6696 793
f 6696 6694 793
f 793 6694 795
f 6694 6693 795
f 795 6693 6690
f 6704 776 6716
f 776 773 6716
f 6716 773 6717
f 773 771 6717
f 6717 771 6719
f 771 769 6719
f 6719 769 6721
f 769 767 6721
f 767 765 6721
f 6721 765 6723
f 765 763 6723
f 6723 763 6725
f 6725 763 6727
f 763 761 6727
f 6727 761 6729
f 761 760 6729
f 6729 760 6731
f 760 757 6731
f 6731 757 6733
f 757 755 6733
f 6733 755 6735
f 755 753 6735
f 6735 753 751
f 6764 6762 730
f 6762 6760 730
f 730 6760 728
f 6760 6758 728
f 728 6758 726
f 6758 6756 726
f 726 6756 724
f 6756 6754 724
f 724 6754 738
f 6754 6752 738
f 738 6752 739
f 6752 6750 739
f 739 6750 741
f 6750 6748 741
f 741 6748 743
f 6748 6746 743
f 743 6746 745
f 6746 6744 745
f 745 6744 747
f 6744 6742 747
f 747 6742 749
f 6742 6740 749
f 749 6740 751
f 6740 6738 751
f 751 6738 6735
f 730 732 6764
f 732 734 6764
f 6764 734 6766
f 734 736 6766
f 6766 736 6768
f 6768 736 6770
f 736 737 6770
f 6770 737 6772
f 737 693 6772
f 6772 693 6774
f 693 694 6774
f 6774 694 6776
f 694 697 6776
f 697 699 6776
f 6776 699 6778
f 699 701 6778
f 6778 701 6780
f 701 703 6780
f 6780 703 6781
f 703 705 6781
f 6781 705 6783
f 705 707 6783
f 6783 707 6786
f 707 709 6786
f 6786 709 6788
f 709 711 6788
f 6788 711 6790
f 711 713 6790
f 6790 713 6792
f 713 715 6792
f 6792 715 6794
f 715 717 6794
f 6794 717 6796
f 717 719 6796
f 6796 719 6798
f 719 685 6798
f 6798 685 6799
f 685 687 6799
f 6799 687 6801
f 687 689 6801
f 6801 689 6804
f 689 690 6804
f 6804 690 6806
f 690 682 6806
f 6806 682 6808
f 6808 682 6810
f 682 680 6810
f 6810 680 6812
f 680 678 6812
f 678 676 6812
f 6812 676 6813
f 676 674 6813
f 6813 674 6815
f 674 672 6815
f 6815 672 6823
f 672 670 6823
f 6823 670 6825
f 670 669 6825
f 6825 669 6827
f 669 667 6827
f 6827 667 6829
f 667 664 6829
f 6829 664 6831
f 664 662 6831
f 6831 662 6833
f 662 660 6833
f 6833 660 6835
f 660 658 6835
f 6835 658 6836
f 658 656 6836
f 656 654 6836
f 6836 654 6818
f 654 652 6818
f 6818 652 6820
f 6820 652 6838
f 652 651 6838
f 6838 651 6840
f 651 618 6840
f 6840 618 6842
f 618 620 6842
f 620 622 6842
f 6842 622 6844
f 622 624 6844
f 6844 624 6844
f 6844 624 6846
f 624 626 6846
f 6846 626 6849
f 626 628 6849
f 6849 628 6851
f 628 630 6851
f 6851 630 6853
f 630 632 6853
f 6853 632 6854
f 632 634 6854
f 6854 634 6856
f 634 636 6856
f 6856 636 6859
f 636 638 6859
f 6859 638 6861
f 638 640 6861
f 6861 640 6863
f 640 642 6863
f 6863 642 6865
f 642 644 6865
f 6865 644 6867
f 644 646 6867
f 6867 646 6869
f 646 648 6869
f 6869 648 6871
f 648 615 6871
f 6871 615 6872
f 615 614 6872
f 6872 614 6874
f 614 611 6874
f 6874 611 6876
f 611 609 6876
f 609 607 6876
f 6876 607 6878
f 607 606 6878
f 6878 606 6880
f 606 604 6880
f 6880 604 6883
f 604 602 6883
f 6883 602 6885
f 602 600 6885
f 6885 600 6886
f 600 598 6886
f 6886 598 6888
f 598 596 6888
f 6888 596 6890
f 6895 6893 592
f 6893 6890 592
f 592 6890 594
f 6890 596 594
f 6895 592 6897
f 592 590 6897
f 6897 590 6899
f 590 588 6899
f 588 587 6899
f 6899 587 6901
f 587 585 6901
f 6901 585 6903
f 585 582 6903
f 6903 582 6905
f 582 580 6905
f 6905 580 6907
f 580 578 6907
f 6907 578 6909
f 578 577 6909
f 6909 577 6911
f 577 574 6911
f 6911 574 6913
f 6913 574 6915
f 574 572 6915
f 6915 572 6917
f 572 570 6917
f 570 568 6917
f 6917 568 6919
f 568 566 6919
f 6919 566 6921
f 566 564 6921
f 6921 564 6923
f 564 562 6923
f 6923 562 6925
f 6925 562 6927
f 562 561 6927
f 6927 561 6929
f 561 559 6929
f 6929 559 6931
f 559 556 6931
f 556 554 6931
f 6931 554 6933
f 554 552 6933
f 6933 552 6935
f 552 550 6935
f 6935 550 6937
f 550 548 6937
f 6937 548 6939
f 548 546 6939
f 6939 546 6940
f 546 544 6940
f 6940 544 6942
f 544 543 6942
f 6942 543 6945
f 543 530 6945
f 6945 530 6947
f 530 532 6947
f 6947 532 6949
f 532 534 6949
f 6949 534 6951
f 534 536 6951
f 6951 536 6953
f 536 538 6953
f 6953 538 6954
f 538 540 6954
f 6954 540 6956
f 540 527 6956
f 6956 527 6958
f 527 525 6958
f 6958 525 6960
f 525 523 6960
f 6960 523 6963
f 523 521 6963
f 6963 521 6965
f 521 519 6965
f 519 517 6965
f 6965 517 6967
f 517 515 6967
f 6967 515 6968
f 515 513 6968
f 6968 513 6970
f 513 512 6970
f 6970 512 6977
f 512 510 6977
f 6977 510 6976
f 6971 6974 506
f 6974 6976 506
f 506 6976 508
f 6976 510 508
f 6971 506 6981
f 506 504 6981
f 6981 504 6983
f 504 502 6983
f 502 500 6983
f 6983 500 6985
f 500 498 6985
f 6985 498 6986
f 498 497 6986
f 6986 497 6988
f 497 495 6988
f 6988 495 6991
f 495 493 6991
f 6991 493 6993
f 493 491 6993
f 6993 491 6995
f 491 489 6995
f 6995 489 6996
f 489 487 6996
f 6996 487 3674
f 487 485 3674
f 485 483 3674
f 3674 483 6998
f 483 481 6998
f 6998 481 7000
f 7000 481 7001
f 481 479 7001
f 7001 479 7003
f 479 477 7003
f 7003 477 7005
f 477 475 7005
f 7005 475 7007
f 475 473 7007
f 7007 473 7009
f 473 471 7009
f 7009 471 7011
f 471 469 7011
f 7011 469 7013
f 469 467 7013
f 7013 467 7016
f 467 465 7016
f 7016 465 7018
f 465 464 7018
f 7018 464 7019
f 464 460 7019
f 7019 460 7021
f 460 463 7021
f 463 462 7021
f 7021 462 7024
f 462 456 7024
f 7024 456 7025
f 456 454 7025
f 7025 454 7027
f 454 452 7027
f 7027 452 7029
f 452 450 7029
f 7029 450 7031
f 450 448 7031
f 448 446 7031
f 7031 446 7034
f 446 444 7034
f 7034 444 7036
f 7036 444 7038
f 444 443 7038
f 7038 443 7040
f 443 432 7040
f 7040 432 7042
f 432 434 7042
f 7042 434 7044
f 434 436 7044
f 7044 436 7046
f 429 7048 440
f 7048 7046 440
f 440 7046 438
f 7046 436 438
f 7056 7055 425
f 425 7055 427
f 7055 7053 427
f 427 7053 429
f 7053 7051 429
f 429 7051 7048
f 419 7058 421
f 7058 7056 421
f 421 7056 423
f 7056 425 423
f 7071 7069 413
f 7069 7067 413
f 413 7067 415
f 7067 7065 415
f 415 7065 417
f 7065 7062 417
f 417 7062 419
f 7062 7060 419
f 419 7060 7058
f 413 411 7071
f 411 409 7071
f 7071 409 7072
f 409 407 7072
f 7072 407 7074
f 407 406 7074
f 7074 406 7079
f 7079 406 7078
f 406 404 7078
f 7078 404 7076
f 404 401 7076
f 7076 401 7087
f 401 399 7087
f 7087 399 7085
f 399 398 7085
f 7085 398 7083
f 398 395 7083
f 395 394 7083
f 7083 394 7082
f 394 392 7082
f 7082 392 7090
f 392 390 7090
f 7090 390 7092
f 390 388 7092
f 7092 388 7093
f 388 386 7093
f 7093 386 7095
f 386 384 7095
f 7095 384 7097
f 384 382 7097
f 7097 382 7099
f 382 380 7099
f 7099 380 7101
f 380 378 7101
f 7101 378 7103
f 378 376 7103
f 7103 376 7105
f 376 373 7105
f 7105 373 7108
f 373 371 7108
f 7108 371 7110
f 371 369 7110
f 7110 369 7112
f 369 367 7112
f 7112 367 7114
f 367 365 7114
f 7114 365 7116
f 365 363 7116
f 7116 363 7117
f 363 361 7117
f 7117 361 7119
f 7119 361 7121
f 361 359 7121
f 7121 359 7123
f 359 357 7123
f 357 351 7123
f 7123 351 7126
f 351 349 7126
f 7126 349 7128
f 349 355 7128
f 7128 355 7130
f 355 354 7130
f 7130 354 7132
f 354 346 7132
f 7132 346 7134
f 7134 346 7136
f 346 344 7136
f 7136 344 7138
f 344 342 7138
f 342 340 7138
f 7138 340 7140
f 340 337 7140
f 7140 337 7142
f 337 335 7142
f 7142 335 7144
f 335 333 7144
f 7144 333 7146
f 333 332 7146
f 7146 332 7148
f 332 321 7148
f 7148 321 7150
f 321 323 7150
f 7150 323 7152
f 323 325 7152
f 7152 325 7153
f 325 327 7153
f 7153 327 7155
f 327 329 7155
f 7155 329 7157
f 329 318 7157
f 318 316 7157
f 7157 316 7160
f 316 314 7160
f 7160 314 7162
f 314 7164 7162
f 314 312 7164
f 312 310 7164
f 7164 310 7166
f 310 308 7166
f 7166 308 7168
f 7168 308 7170
f 308 306 7170
f 7170 306 7172
f 306 304 7172
f 7172 304 7174
f 304 302 7174
f 7174 302 7176
f 302 300 7176
f 7176 300 7179
f 300 298 7179
f 7179 298 7181
f 298 296 7181
f 7181 296 7189
f 296 295 7189
f 7189 295 7190
f 295 292 7190
f 7190 292 7190
f 292 290 7190
f 7190 290 7193
f 290 288 7193
f 7193 288 7195
f 288 286 7195
f 286 284 7195
f 7195 284 7197
f 284 283 7197
f 7197 283 7188
f 283 281 7188
f 7188 281 7187
f 281 279 7187
f 279 278 7187
f 7187 278 7185
f 278 275 7185
f 7185 275 7183
f 7183 275 7207
f 275 273 7207
f 7207 273 7205
f 7200 7203 269
f 7203 7205 269
f 269 7205 271
f 7205 273 271
f 7200 269 7211
f 269 267 7211
f 7211 267 7213
f 267 265 7213
f 265 263 7213
f 7213 263 7215
f 263 261 7215
f 7215 261 7217
f 261 259 7217
f 7217 259 7218
f 259 257 7218
f 7218 257 7220
f 257 256 7220
f 7220 256 7223
f 256 245 7223
f 7223 245 7225
f 245 247 7225
f 7225 247 7227
f 7227 247 7229
f 247 249 7229
f 7229 249 7231
f 249 251 7231
f 251 253 7231
f 7231 253 7233
f 253 239 7233
f 7233 239 7235
f 239 241 7235
f 7235 241 7237
f 241 242 7237
f 7237 242 7238
f 242 236 7238
f 7238 236 7240
f 236 234 7240
f 7240 234 7242
f 234 232 7242
f 210 7244 19
f 7244 7242 19
f 19 7242 231
f 7242 232 231
f 201 7267 209
f 7267 7266 209
f 209 7266 208
f 7266 7264 208
f 208 7264 206
f 7264 7263 206
f 206 7263 204
f 7263 7259 204
f 204 7259 228
f 7259 7261 228
f 228 7261 226
f 7261 7262 226
f 226 7262 224
f 7262 7257 224
f 224 7257 222
f 7257 7256 222
f 222 7256 220
f 7256 7254 220
f 220 7254 218
f 7254 7253 218
f 218 7253 216
f 7253 7251 216
f 216 7251 214
f 7251 7250 214
f 214 7250 212
f 7250 7248 212
f 212 7248 210
f 7248 7246 210
f 210 7246 7244
f 7269 201 7270
f 201 199 7270
f 7270 199 7275
f 199 197 7275
f 197 195 7275
f 7275 195 7274
f 195 193 7274
f 7274 193 7272
f 193 191 7272
f 7272 191 7276
f 191 189 7276
f 7276 189 7277
f 189 187 7277
f 7277 187 7279
f 187 186 7279
f 7279 186 7280
f 186 183 7280
f 7280 183 7282
f 183 181 7282
f 7282 181 7283
f 181 179 7283
f 179 177 7283
f 7283 177 7288
f 177 175 7288
f 7288 175 7287
f 175 173 7287
f 7287 173 7285
f 173 173 7285
f 7285 173 7285
f 168 7289 163
f 7289 7285 163
f 163 7285 164
f 7285 173 164
f 158 3668 160
f 3668 3670 160
f 160 3670 162
f 3670 7293 162
f 162 7293 170
f 7293 7292 170
f 170 7292 168
f 7292 7291 168
f 168 7291 7289
f 158 157 3668
f 157 90 3668
f 3668 90 8749
f 153 8751 155
f 8751 8750 155
f 155 8750 156
f 8750 8749 156
f 156 8749 88
f 8749 90 88
f 153 151 8751
f 151 149 8751
f 8751 149 8752
f 149 147 8752
f 147 145 8752
f 8752 145 8753
f 145 143 8753
f 143 141 8753
f 8753 141 8754
f 141 139 8754
f 139 137 8754
f 8754 137 8755
f 137 135 8755
f 8755 135 8735
f 135 133 8735
f 133 131 8735
f 8735 131 8736
f 131 129 8736
f 8736 129 127
f 127 125 8736
f 125 123 8736
f 8736 123 8737
f 123 121 8737
f 8737 121 8738
f 115 8739 117
f 8739 8738 117
f 117 8738 119
f 8738 121 119
f 107 8741 109
f 8741 8740 109
f 109 8740 111
f 8740 8739 111
f 111 8739 113
f 8739 115 113
f 107 105 8741
f 105 103 8741
f 8741 103 8742
f 103 101 8742
f 8742 101 8743
f 101 99 8743
f 8743 99 8744
f 99 97 8744
f 97 95 8744
f 8744 95 8745
f 86 8746 63
f 8746 8745 63
f 63 8745 93
f 8745 95 93
f 86 85 8746
f 85 83 8746
f 8746 83 8747
f 83 81 8747
f 81 79 8747
f 8747 79 8748
f 79 77 8748
f 77 75 8748
f 8748 75 8756
f 75 73 8756
f 8756 73 8757
f 73 71 8757
f 8757 71 8758
f 71 69 8758
f 8758 69 8759
f 69 67 8759
f 67 61 8759
f 8759 61 8760
f 61 59 8760
f 8760 59 57
f 22 8761 53
f 8761 8760 53
f 53 8760 55
f 8760 57 55
f 8924 8925 3686
f 3686 8925 3691
f 8925 8926 3691
f 3691 8926 3693
f 8926 8927 3693
f 3693 8927 3694
f 8927 8928 3694
f 3694 8928 3701
f 8928 8929 3701
f 3701 8929 3705
f 8929 8930 3705
f 3705 8930 3707
f 8930 8931 3707
f 3707 8931 3710
f 8931 8932 3710
f 3710 8932 3714
f 8932 8933 3714
f 3714 8933 3712
f 8933 8934 3712
f 3712 8934 3721
f 8934 8935 3721
f 3721 8935 3718
f 8935 8936 3718
f 3718 8936 3727
f 8936 8937 3727
f 3727 8937 3725
f 8937 8938 3725
f 3725 8938 3732
f 8938 8939 3732
f 3732 8939 3736
f 8911 8889 8910
f 8889 8888 8910
f 8910 8888 8909
f 3686 3688 8924
f 3688 3689 8924
f 8924 3689 8923
f 3689 8899 8923
f 8923 8899 8922
f 8899 8874 8922
f 8922 8874 8921
f 8888 8887 8909
f 8887 8886 8909
f 8909 8886 8908
f 8886 8885 8908
f 8908 8885 8907
f 8885 8884 8907
f 8907 8884 8906
f 8951 8952 8978
f 8940 8968 8939
f 8968 8969 8939
f 8939 8969 3736
f 8874 8873 8921
f 8873 8898 8921
f 8921 8898 8920
f 8898 8897 8920
f 8920 8897 8919
f 8897 8896 8919
f 8919 8896 8918
f 8896 8895 8918
f 8918 8895 8917
f 8895 8894 8917
f 8917 8894 8916
f 8894 8876 8916
f 8916 8876 8915
f 8876 8875 8915
f 8915 8875 8914
f 8875 8893 8914
f 8914 8893 8913
f 8893 8892 8913
f 8913 8892 8912
f 8892 8891 8912
f 8912 8891 8911
f 8891 8890 8911
f 8911 8890 8889
f 8884 8883 8906
f 8883 8882 8906
f 8906 8882 8905
f 8882 8878 8905
f 8905 8878 8904
f 8878 8877 8904
f 8904 8877 8903
f 8877 8881 8903
f 8903 8881 8901
f 8881 8880 8901
f 8901 8880 8902
f 8880 8879 8902
f 8902 8879 3639
f 8943 8963 8942
f 8963 8966 8942
f 8942 8966 8941
f 8966 8965 8941
f 8941 8965 8940
f 8965 8967 8940
f 8940 8967 8968
f 8978 8952 8980
f 8952 8953 8980
f 8980 8953 8981
f 8953 8954 8981
f 8981 8954 8982
f 8954 8955 8982
f 8982 8955 8984
f 8955 8956 8984
f 8984 8956 8983
f 8956 8957 8983
f 8983 8957 8985
f 8957 8958 8985
f 8985 8958 8986
f 8958 8959 8986
f 8986 8959 8987
f 8959 8960 8987
f 8987 8960 8989
f 8960 8961 8989
f 8989 8961 8988
f 8961 8962 8988
f 8988 8962 1
f 8978 8979 8951
f 8979 8977 8951
f 8951 8977 8950
f 8977 8976 8950
f 8950 8976 8949
f 8976 8975 8949
f 8949 8975 8948
f 8975 8974 8948
f 8948 8974 8947
f 8974 8972 8947
f 8947 8972 8946
f 8972 8973 8946
f 8946 8973 8945
f 8973 8970 8945
f 8945 8970 8944
f 8970 8971 8944
f 8944 8971 8943
f 8971 8964 8943
f 8943 8964 8963
f 8990 8991 8869
f 8991 8992 8869
f 8869 8992 8870
f 8992 8993 8870
f 8870 8993 8994
f 8995 8996 8868
f 8996 8997 8868
f 8823 8822 8998
f 8822 8868 8998
f 8998 8868 8999
f 8868 8997 8999
f 8836 8835 9000
f 8835 9001 9000
f 9000 9001 9002
f 9003 8867 8809
f 9002 9004 9000
f 9004 9005 9000
f 9000 9005 9006
f 9005 9007 9006
f 9006 9007 9008
f 9007 9009 9008
f 9008 9009 9010
f 9009 9011 9010
f 9010 9011 9012
f 9011 9013 9012
f 9012 9013 9014
f 9013 9015 9014
f 9014 9015 9016
f 9015 9017 9016
f 9016 9017 9018
f 9017 9003 9018
f 9018 9003 8804
f 9003 8809 8804
f 8860 8862 9019
f 8862 8866 9019
f 9019 8866 9020
f 8866 9021 9020
f 9022 9023 9021
f 9023 9024 9021
f 9021 9024 9025
f 9025 9026 9021
f 9026 9027 9021
f 9021 9027 9028
f 9028 9029 9021
f 9029 9030 9021
f 9021 9030 9020
f 9031 9032 9033
f 9032 9034 9033
f 9033 9034 9035
f 8870 8994 8872
f 8994 9036 8872
f 8872 9036 9033
f 9036 9037 9033
f 9037 9038 9033
f 9038 9039 9033
f 9033 9039 9040
f 9040 9041 9033
f 9041 9042 9033
f 9033 9042 9031
f 9043 9044 9045
f 9043 9045 9046
f 9045 9047 9046
f 9047 9048 9046
f 9046 9048 9049
f 9048 9050 9049
f 9050 9051 9049
f 9049 9051 9052
f 9051 9053 9052
f 9053 9054 9052
f 9052 9054 9055
f 9056 9057 9058
f 9057 9055 9058
f 9058 9055 9059
f 9055 9054 9059
f 9056 9056 9057
f 9056 9060 9057
f 9057 9060 9061
f 9060 9060 9061
f 9060 9062 9061
f 9061 9062 9063
f 9062 9064 9063
f 9064 9065 9063
f 9063 9065 9066
f 9022 9021 9067
f 9021 9066 9067
f 9067 9066 9068
f 9066 9065 9068
f 9044 9043 9069
f 9043 9070 9069
f 9069 9070 9071
f 9071 9070 9072
f 9070 9073 9072
f 9072 9073 9074
f 9074 9073 9075
f 9073 9076 9075
f 9075 9076 9077
f 9077 9076 9078
f 9076 9079 9078
f 9078 9079 9080
f 9080 9079 9081
f 9079 9082 9081
f 9081 9082 9083
f 9083 9082 9084
f 9082 9085 9084
f 9084 9085 9086
f 9086 9085 9087
f 9085 9088 9087
f 9087 9088 9089
f 9089 9088 9090
f 9088 9091 9090
f 9090 9091 9092
f 9092 9091 9093
f 9091 9033 9093
f 9093 9033 9035
f 8854 8856 9094
f 8856 8867 9094
f 9094 8867 9095
f 8867 9003 9095
f 9096 9097 9003
f 9097 9098 9003
f 9003 9098 9099
f 9099 9100 9003
f 9100 9101 9003
f 9003 9101 9102
f 9102 9103 9003
f 9103 9104 9003
f 9003 9104 9095
f 9002 9105 9106
f 9002 9106 9004
f 9106 9107 9004
f 9107 9108 9004
f 9004 9108 9005
f 9108 9109 9005
f 9109 9110 9005
f 9005 9110 9007
f 9110 9111 9007
f 9111 9112 9007
f 9007 9112 9009
f 9113 9011 9114
f 9011 9009 9114
f 9114 9009 9115
f 9009 9112 9115
f 9113 9113 9011
f 9113 9116 9011
f 9011 9116 9013
f 9116 9116 9013
f 9116 9117 9013
f 9013 9117 9015
f 9117 9118 9015
f 9118 9119 9015
f 9015 9119 9017
f 9096 9003 9120
f 9003 9017 9120
f 9120 9017 9121
f 9017 9119 9121
f 9105 9002 9122
f 9002 9123 9122
f 9122 9123 9124
f 9124 9123 9125
f 9123 9126 9125
f 9125 9126 9127
f 9127 9126 9128
f 9126 9129 9128
f 9128 9129 9130
f 9130 9129 9131
f 9129 9132 9131
f 9131 9132 9133
f 9133 9132 9134
f 9132 9135 9134
f 9134 9135 9136
f 9136 9135 9137
f 9135 9138 9137
f 9137 9138 9139
f 9139 9138 9140
f 9138 9141 9140
f 9140 9141 9142
f 9142 9141 9143
f 9141 9144 9143
f 9143 9144 9145
f 9145 9144 9146
f 9144 8789 9146
f 9146 8789 8791
f 8995 8868 9147
f 8868 8838 9147
f 9147 8838 9148
f 8838 8837 9148
f 9149 9150 8837
f 9150 9151 8837
f 8837 9151 9152
f 9152 9153 8837
f 9153 9154 8837
f 8837 9154 9155
f 9155 9156 8837
f 9156 9157 8837
f 8837 9157 9148
f 8836 9158 9159
f 8836 9159 8839
f 9159 9160 8839
f 9160 9161 8839
f 8839 9161 8840
f 9161 9162 8840
f 9162 9163 8840
f 8840 9163 8842
f 9163 9164 8842
f 9164 9165 8842
f 8842 9165 8844
f 9166 8846 9167
f 8846 8844 9167
f 9167 8844 9168
f 8844 9165 9168
f 9166 9166 8846
f 9166 9169 8846
f 8846 9169 8848
f 9169 9169 8848
f 9169 9170 8848
f 8848 9170 8850
f 9170 9171 8850
f 9171 9172 8850
f 8850 9172 8852
f 9149 8837 9173
f 8837 8852 9173
f 9173 8852 9174
f 8852 9172 9174
f 9158 8836 9175
f 8836 9000 9175
f 9175 9000 9176
f 9176 9000 9177
f 9000 9006 9177
f 9177 9006 9178
f 9178 9006 9179
f 9006 9008 9179
f 9179 9008 9180
f 9180 9008 9181
f 9008 9010 9181
f 9181 9010 9182
f 9182 9010 9183
f 9010 9012 9183
f 9183 9012 9184
f 9184 9012 9185
f 9012 9014 9185
f 9185 9014 9186
f 9186 9014 9187
f 9014 9016 9187
f 9187 9016 9188
f 9188 9016 9189
f 9016 9018 9189
f 9189 9018 9190
f 9190 9018 9191
f 9018 8804 9191
f 9191 8804 8806
f 8831 8830 9192
f 9154 9193 9155
f 9152 9194 9153
f 9150 9195 9151
f 8816 8815 9196
f 9101 9197 9102
f 9099 9198 9100
f 9097 9199 9098
f 8801 8800 9200
f 9027 9201 9028
f 9025 9202 9026
f 9023 9203 9024
f 9042 9041 9204
f 9205 9206 9207
f 9208 9209 9210
f 9211 9212 9213
f 9212 9211 9214
f 9211 9215 9214
f 9214 9215 9216
f 9209 9208 9217
f 9206 9205 9218
f 9219 9220 9221
f 9222 9223 9224
f 9225 9226 8990
f 9226 9227 8990
f 8990 9227 8991
f 9227 9228 8991
f 8991 9228 8992
f 9228 9229 8992
f 8992 9229 8993
f 9229 9230 8993
f 8993 9230 8994
f 9230 9231 8994
f 8994 9231 9036
f 9038 9037 9232
f 9037 9036 9232
f 9233 9039 9038
f 9234 9040 9039
f 9235 9032 9031
f 9236 9035 9235
f 9035 9034 9235
f 9235 9034 9032
f 9237 9083 9084
f 9084 9086 9237
f 9086 9087 9237
f 9237 9087 9089
f 9089 9090 9237
f 9090 9092 9237
f 9237 9092 9236
f 9092 9093 9236
f 9236 9093 9035
f 9077 9078 9238
f 9078 9080 9238
f 9238 9080 9237
f 9080 9081 9237
f 9237 9081 9083
f 9045 9044 9239
f 9044 9069 9239
f 9239 9069 9071
f 9071 9072 9239
f 9072 9074 9239
f 9239 9074 9238
f 9074 9075 9238
f 9238 9075 9077
f 9240 9051 9239
f 9051 9050 9239
f 9050 9048 9239
f 9048 9047 9239
f 9239 9047 9045
f 9058 9059 9240
f 9059 9054 9240
f 9054 9053 9240
f 9240 9053 9051
f 9062 9060 9241
f 9060 9060 9241
f 9060 9056 9241
f 9241 9056 9240
f 9056 9056 9240
f 9240 9056 9058
f 9067 9068 9242
f 9068 9065 9242
f 9242 9065 9241
f 9065 9064 9241
f 9241 9064 9062
f 9203 9023 9242
f 9023 9022 9242
f 9242 9022 9067
f 9202 9025 9243
f 9201 9027 9244
f 9245 9030 9029
f 9246 9019 9020
f 8860 9247 9248
f 8860 9248 8861
f 9248 9249 8861
f 8861 9249 8863
f 9249 9250 8863
f 8863 9250 8865
f 9250 9251 8865
f 8865 9251 8864
f 9251 9252 8864
f 8864 9252 8793
f 9252 9253 8793
f 8793 9253 8795
f 8797 8796 9254
f 8796 8795 9254
f 9255 8798 8797
f 9256 8799 8798
f 9257 8788 8787
f 9258 8791 9257
f 8791 8790 9257
f 9257 8790 8788
f 9259 9136 9137
f 9137 9139 9259
f 9139 9140 9259
f 9259 9140 9142
f 9142 9143 9259
f 9143 9145 9259
f 9259 9145 9258
f 9145 9146 9258
f 9258 9146 8791
f 9130 9131 9260
f 9131 9133 9260
f 9260 9133 9259
f 9133 9134 9259
f 9259 9134 9136
f 9106 9105 9261
f 9105 9122 9261
f 9261 9122 9124
f 9124 9125 9261
f 9125 9127 9261
f 9261 9127 9260
f 9127 9128 9260
f 9260 9128 9130
f 9262 9110 9261
f 9110 9109 9261
f 9109 9108 9261
f 9108 9107 9261
f 9261 9107 9106
f 9114 9115 9262
f 9115 9112 9262
f 9112 9111 9262
f 9262 9111 9110
f 9117 9116 9263
f 9116 9116 9263
f 9116 9113 9263
f 9263 9113 9262
f 9113 9113 9262
f 9262 9113 9114
f 9120 9121 9264
f 9121 9119 9264
f 9264 9119 9263
f 9119 9118 9263
f 9263 9118 9117
f 9199 9097 9264
f 9097 9096 9264
f 9264 9096 9120
f 9198 9099 9265
f 9197 9101 9266
f 9267 9104 9103
f 9268 9094 9095
f 8854 9269 9270
f 8854 9270 8855
f 9270 9271 8855
f 8855 9271 8857
f 9271 9272 8857
f 8857 9272 8859
f 9272 9273 8859
f 8859 9273 8858
f 9273 9274 8858
f 8858 9274 8808
f 9274 9275 8808
f 8808 9275 8810
f 8812 8811 9276
f 8811 8810 9276
f 9277 8813 8812
f 9278 8814 8813
f 9279 8803 8802
f 9280 8806 9279
f 8806 8805 9279
f 9279 8805 8803
f 9281 9184 9185
f 9185 9186 9281
f 9186 9187 9281
f 9281 9187 9188
f 9188 9189 9281
f 9189 9190 9281
f 9281 9190 9280
f 9190 9191 9280
f 9280 9191 8806
f 9180 9181 9282
f 9181 9182 9282
f 9282 9182 9281
f 9182 9183 9281
f 9281 9183 9184
f 9159 9158 9283
f 9158 9175 9283
f 9283 9175 9176
f 9176 9177 9283
f 9177 9178 9283
f 9283 9178 9282
f 9178 9179 9282
f 9282 9179 9180
f 9284 9163 9283
f 9163 9162 9283
f 9162 9161 9283
f 9161 9160 9283
f 9283 9160 9159
f 9167 9168 9284
f 9168 9165 9284
f 9165 9164 9284
f 9284 9164 9163
f 9170 9169 9285
f 9169 9169 9285
f 9169 9166 9285
f 9285 9166 9284
f 9166 9166 9284
f 9284 9166 9167
f 9173 9174 9286
f 9174 9172 9286
f 9286 9172 9285
f 9172 9171 9285
f 9285 9171 9170
f 9195 9150 9286
f 9150 9149 9286
f 9286 9149 9173
f 9194 9152 9287
f 9193 9154 9288
f 9289 9157 9156
f 9290 9147 9148
f 8995 9291 9292
f 8995 9292 8996
f 9292 9293 8996
f 8996 9293 8997
f 9293 9294 8997
f 8997 9294 8999
f 9294 9295 8999
f 8999 9295 8998
f 9295 9296 8998
f 8998 9296 8823
f 9296 9297 8823
f 8823 9297 8825
f 8827 8826 9298
f 8826 8825 9298
f 9299 8828 8827
f 9300 8829 8828
f 9301 8818 8817
f 9302 8821 9301
f 8821 8820 9301
f 9301 8820 8818
f 9303 9304 9305
f 9305 9306 9303
f 9306 9307 9303
f 9303 9307 9308
f 9308 9309 9303
f 9309 9310 9303
f 9303 9310 9302
f 9310 9311 9302
f 9302 9311 8821
f 9312 9313 9314
f 9313 9315 9314
f 9314 9315 9303
f 9315 9316 9303
f 9303 9316 9304
f 9317 9318 9319
f 9318 9320 9319
f 9319 9320 9321
f 9321 9322 9319
f 9322 9323 9319
f 9319 9323 9314
f 9323 9324 9314
f 9314 9324 9312
f 9325 9326 9319
f 9326 9327 9319
f 9327 9328 9319
f 9328 9329 9319
f 9319 9329 9317
f 9330 9331 9325
f 9331 9332 9325
f 9332 9333 9325
f 9325 9333 9326
f 9334 9335 9336
f 9216 9337 9214
f 9337 9338 9214
f 9214 9338 9336
f 9338 9339 9336
f 9336 9339 9334
f 9335 9335 9336
f 9335 9340 9336
f 9336 9340 9325
f 9340 9340 9325
f 9325 9340 9330
f 8816 9196 8802
f 9196 9341 8802
f 8802 9341 9279
f 9341 9342 9279
f 9279 9342 9280
f 9342 9343 9280
f 9280 9343 9281
f 9343 9344 9281
f 9281 9344 9282
f 9344 9345 9282
f 9282 9345 9283
f 9345 9346 9283
f 9283 9346 9284
f 9346 9347 9284
f 9284 9347 9285
f 9347 9348 9285
f 9285 9348 9286
f 9348 9287 9286
f 9286 9287 9195
f 9287 9152 9195
f 9195 9152 9151
f 8831 9192 8817
f 9192 9349 8817
f 8817 9349 9301
f 9349 9350 9301
f 9301 9350 9302
f 9350 9351 9302
f 9302 9351 9303
f 9351 9352 9303
f 9303 9352 9314
f 9352 9353 9314
f 9314 9353 9319
f 9353 9354 9319
f 9319 9354 9325
f 9354 9355 9325
f 9325 9355 9336
f 9355 9356 9336
f 9336 9356 9214
f 9356 9217 9214
f 9214 9217 9212
f 9217 9208 9212
f 9212 9208 9213
f 9042 9204 9031
f 9204 9357 9031
f 9031 9357 9235
f 9357 9358 9235
f 9235 9358 9236
f 9358 9359 9236
f 9236 9359 9237
f 9359 9360 9237
f 9237 9360 9238
f 9360 9361 9238
f 9238 9361 9239
f 9361 9362 9239
f 9239 9362 9240
f 9362 9363 9240
f 9240 9363 9241
f 9363 9364 9241
f 9241 9364 9242
f 9364 9243 9242
f 9242 9243 9203
f 9243 9025 9203
f 9203 9025 9024
f 8801 9200 8787
f 9200 9365 8787
f 8787 9365 9257
f 9365 9366 9257
f 9257 9366 9258
f 9366 9367 9258
f 9258 9367 9259
f 9367 9368 9259
f 9259 9368 9260
f 9368 9369 9260
f 9260 9369 9261
f 9369 9370 9261
f 9261 9370 9262
f 9370 9371 9262
f 9262 9371 9263
f 9371 9372 9263
f 9263 9372 9264
f 9372 9265 9264
f 9264 9265 9199
f 9265 9099 9199
f 9199 9099 9098
f 8814 9278 8815
f 9278 9373 8815
f 8815 9373 9196
f 9373 9374 9196
f 9196 9374 9341
f 9374 9375 9341
f 9341 9375 9342
f 9375 9376 9342
f 9342 9376 9343
f 9376 9377 9343
f 9343 9377 9344
f 9377 9378 9344
f 9344 9378 9345
f 9378 9379 9345
f 9345 9379 9346
f 9379 9380 9346
f 9346 9380 9347
f 9380 9381 9347
f 9347 9381 9348
f 9381 9382 9348
f 9348 9382 9287
f 9382 9288 9287
f 9287 9288 9194
f 9288 9154 9194
f 9194 9154 9153
f 8829 9300 8830
f 9300 9383 8830
f 8830 9383 9192
f 9383 9384 9192
f 9192 9384 9349
f 9384 9385 9349
f 9349 9385 9350
f 9385 9386 9350
f 9350 9386 9351
f 9386 9387 9351
f 9351 9387 9352
f 9387 9388 9352
f 9352 9388 9353
f 9388 9389 9353
f 9353 9389 9354
f 9389 9390 9354
f 9354 9390 9355
f 9390 9391 9355
f 9355 9391 9356
f 9391 9392 9356
f 9356 9392 9217
f 9392 9218 9217
f 9217 9218 9209
f 9218 9205 9209
f 9209 9205 9210
f 9040 9234 9041
f 9234 9393 9041
f 9041 9393 9204
f 9393 9394 9204
f 9204 9394 9357
f 9394 9395 9357
f 9357 9395 9358
f 9395 9396 9358
f 9358 9396 9359
f 9396 9397 9359
f 9359 9397 9360
f 9397 9398 9360
f 9360 9398 9361
f 9398 9399 9361
f 9361 9399 9362
f 9399 9400 9362
f 9362 9400 9363
f 9400 9401 9363
f 9363 9401 9364
f 9401 9402 9364
f 9364 9402 9243
f 9402 9244 9243
f 9243 9244 9202
f 9244 9027 9202
f 9202 9027 9026
f 8799 9256 8800
f 9256 9403 8800
f 8800 9403 9200
f 9403 9404 9200
f 9200 9404 9365
f 9404 9405 9365
f 9365 9405 9366
f 9405 9406 9366
f 9366 9406 9367
f 9406 9407 9367
f 9367 9407 9368
f 9407 9408 9368
f 9368 9408 9369
f 9408 9409 9369
f 9369 9409 9370
f 9409 9410 9370
f 9370 9410 9371
f 9410 9411 9371
f 9371 9411 9372
f 9411 9412 9372
f 9372 9412 9265
f 9412 9266 9265
f 9265 9266 9198
f 9266 9101 9198
f 9198 9101 9100
f 8813 9277 9278
f 9277 9413 9278
f 9278 9413 9373
f 9413 9414 9373
f 9373 9414 9374
f 9414 9415 9374
f 9374 9415 9375
f 9415 9416 9375
f 9375 9416 9376
f 9416 9417 9376
f 9376 9417 9377
f 9417 9418 9377
f 9377 9418 9378
f 9418 9419 9378
f 9378 9419 9379
f 9419 9420 9379
f 9379 9420 9380
f 9420 9421 9380
f 9380 9421 9381
f 9421 9422 9381
f 9381 9422 9382
f 9422 9423 9382
f 9382 9423 9288
f 9423 9289 9288
f 9288 9289 9193
f 9289 9156 9193
f 9193 9156 9155
f 8828 9299 9300
f 9299 9424 9300
f 9300 9424 9383
f 9424 9425 9383
f 9383 9425 9384
f 9425 9426 9384
f 9384 9426 9385
f 9426 9427 9385
f 9385 9427 9386
f 9427 9428 9386
f 9386 9428 9387
f 9428 9429 9387
f 9387 9429 9388
f 9429 9430 9388
f 9388 9430 9389
f 9430 9431 9389
f 9389 9431 9390
f 9431 9432 9390
f 9390 9432 9391
f 9432 9433 9391
f 9391 9433 9392
f 9433 9434 9392
f 9392 9434 9218
f 9434 9219 9218
f 9218 9219 9206
f 9219 9221 9206
f 9206 9221 9207
f 9039 9233 9234
f 9233 9435 9234
f 9234 9435 9393
f 9435 9436 9393
f 9393 9436 9394
f 9436 9437 9394
f 9394 9437 9395
f 9437 9438 9395
f 9395 9438 9396
f 9438 9439 9396
f 9396 9439 9397
f 9439 9440 9397
f 9397 9440 9398
f 9440 9441 9398
f 9398 9441 9399
f 9441 9442 9399
f 9399 9442 9400
f 9442 9443 9400
f 9400 9443 9401
f 9443 9444 9401
f 9401 9444 9402
f 9444 9445 9402
f 9402 9445 9244
f 9445 9245 9244
f 9244 9245 9201
f 9245 9029 9201
f 9201 9029 9028
f 8798 9255 9256
f 9255 9446 9256
f 9256 9446 9403
f 9446 9447 9403
f 9403 9447 9404
f 9447 9448 9404
f 9404 9448 9405
f 9448 9449 9405
f 9405 9449 9406
f 9449 9450 9406
f 9406 9450 9407
f 9450 9451 9407
f 9407 9451 9408
f 9451 9452 9408
f 9408 9452 9409
f 9452 9453 9409
f 9409 9453 9410
f 9453 9454 9410
f 9410 9454 9411
f 9454 9455 9411
f 9411 9455 9412
f 9455 9456 9412
f 9412 9456 9266
f 9456 9267 9266
f 9266 9267 9197
f 9267 9103 9197
f 9197 9103 9102
f 8812 9276 9277
f 9276 9457 9277
f 9277 9457 9413
f 9457 9458 9413
f 9413 9458 9414
f 9458 9459 9414
f 9414 9459 9415
f 9459 9460 9415
f 9415 9460 9416
f 9460 9461 9416
f 9416 9461 9417
f 9461 9462 9417
f 9417 9462 9418
f 9462 9463 9418
f 9418 9463 9419
f 9463 9464 9419
f 9419 9464 9420
f 9464 9465 9420
f 9420 9465 9421
f 9465 9466 9421
f 9421 9466 9422
f 9466 9467 9422
f 9422 9467 9423
f 9467 9290 9423
f 9423 9290 9289
f 9290 9148 9289
f 9289 9148 9157
f 8827 9298 9299
f 9298 9468 9299
f 9299 9468 9424
f 9468 9469 9424
f 9424 9469 9425
f 9469 9470 9425
f 9425 9470 9426
f 9470 9471 9426
f 9426 9471 9427
f 9471 9472 9427
f 9427 9472 9428
f 9472 9473 9428
f 9428 9473 9429
f 9473 9474 9429
f 9429 9474 9430
f 9474 9475 9430
f 9430 9475 9431
f 9475 9476 9431
f 9431 9476 9432
f 9476 9477 9432
f 9432 9477 9433
f 9477 9478 9433
f 9433 9478 9434
f 9478 9222 9434
f 9434 9222 9219
f 9222 9224 9219
f 9219 9224 9220
f 9038 9232 9233
f 9232 9479 9233
f 9233 9479 9435
f 9479 9480 9435
f 9435 9480 9436
f 9480 9481 9436
f 9436 9481 9437
f 9481 9482 9437
f 9437 9482 9438
f 9482 9483 9438
f 9438 9483 9439
f 9483 9484 9439
f 9439 9484 9440
f 9484 9485 9440
f 9440 9485 9441
f 9485 9486 9441
f 9441 9486 9442
f 9486 9487 9442
f 9442 9487 9443
f 9487 9488 9443
f 9443 9488 9444
f 9488 9489 9444
f 9444 9489 9445
f 9489 9246 9445
f 9445 9246 9245
f 9246 9020 9245
f 9245 9020 9030
f 8797 9254 9255
f 9254 9490 9255
f 9255 9490 9446
f 9490 9491 9446
f 9446 9491 9447
f 9491 9492 9447
f 9447 9492 9448
f 9492 9493 9448
f 9448 9493 9449
f 9493 9494 9449
f 9449 9494 9450
f 9494 9495 9450
f 9450 9495 9451
f 9495 9496 9451
f 9451 9496 9452
f 9496 9497 9452
f 9452 9497 9453
f 9497 9498 9453
f 9453 9498 9454
f 9498 9499 9454
f 9454 9499 9455
f 9499 9500 9455
f 9455 9500 9456
f 9500 9268 9456
f 9456 9268 9267
f 9268 9095 9267
f 9267 9095 9104
f 8810 9275 9276
f 9275 9501 9276
f 9276 9501 9457
f 9501 9502 9457
f 9457 9502 9458
f 9502 9503 9458
f 9458 9503 9459
f 9503 9504 9459
f 9459 9504 9460
f 9504 9505 9460
f 9460 9505 9461
f 9505 9506 9461
f 9461 9506 9462
f 9506 9507 9462
f 9462 9507 9463
f 9507 9508 9463
f 9463 9508 9464
f 9508 9509 9464
f 9464 9509 9465
f 9509 9510 9465
f 9465 9510 9466
f 9510 9511 9466
f 9466 9511 9467
f 9511 9291 9467
f 9467 9291 9290
f 9291 8995 9290
f 9290 8995 9147
f 8825 9297 9298
f 9297 9512 9298
f 9298 9512 9468
f 9512 9513 9468
f 9468 9513 9469
f 9513 9514 9469
f 9469 9514 9470
f 9514 9515 9470
f 9470 9515 9471
f 9515 9516 9471
f 9471 9516 9472
f 9516 9517 9472
f 9472 9517 9473
f 9517 9518 9473
f 9473 9518 9474
f 9518 9519 9474
f 9474 9519 9475
f 9519 9520 9475
f 9475 9520 9476
f 9520 9521 9476
f 9476 9521 9477
f 9521 9522 9477
f 9477 9522 9478
f 9522 9225 9478
f 9478 9225 9222
f 9225 8990 9222
f 9222 8990 9223
f 9036 9231 9232
f 9231 9523 9232
f 9232 9523 9479
f 9523 9524 9479
f 9479 9524 9480
f 9524 9525 9480
f 9480 9525 9481
f 9525 9526 9481
f 9481 9526 9482
f 9526 9527 9482
f 9482 9527 9483
f 9527 9528 9483
f 9483 9528 9484
f 9528 9529 9484
f 9484 9529 9485
f 9529 9530 9485
f 9485 9530 9486
f 9530 9531 9486
f 9486 9531 9487
f 9531 9532 9487
f 9487 9532 9488
f 9532 9533 9488
f 9488 9533 9489
f 9533 9247 9489
f 9489 9247 9246
f 9247 8860 9246
f 9246 8860 9019
f 8795 9253 9254
f 9253 9534 9254
f 9254 9534 9490
f 9534 9535 9490
f 9490 9535 9491
f 9535 9536 9491
f 9491 9536 9492
f 9536 9537 9492
f 9492 9537 9493
f 9537 9538 9493
f 9493 9538 9494
f 9538 9539 9494
f 9494 9539 9495
f 9539 9540 9495
f 9495 9540 9496
f 9540 9541 9496
f 9496 9541 9497
f 9541 9542 9497
f 9497 9542 9498
f 9542 9543 9498
f 9498 9543 9499
f 9543 9544 9499
f 9499 9544 9500
f 9544 9269 9500
f 9500 9269 9268
f 9269 8854 9268
f 9268 8854 9094
f 9271 9545 9272
f 9545 9546 9272
f 9272 9546 9273
f 9546 9547 9273
f 9273 9547 9274
f 9547 9548 9274
f 9274 9548 9275
f 9548 9549 9275
f 9275 9549 9501
f 9549 9550 9501
f 9501 9550 9502
f 9550 9551 9502
f 9502 9551 9503
f 9551 9552 9503
f 9503 9552 9504
f 9552 9553 9504
f 9504 9553 9505
f 9553 9554 9505
f 9505 9554 9506
f 9554 9555 9506
f 9506 9555 9507
f 9555 9556 9507
f 9507 9556 9508
f 9556 9557 9508
f 9508 9557 9509
f 9557 9558 9509
f 9509 9558 9510
f 9558 9559 9510
f 9510 9559 9511
f 9559 9560 9511
f 9511 9560 9291
f 9560 9561 9291
f 9291 9561 9292
f 9561 9562 9292
f 9292 9562 9293
f 9562 9563 9293
f 9293 9563 9294
f 9563 9564 9294
f 9294 9564 9295
f 9564 9565 9295
f 9295 9565 9296
f 9565 9566 9296
f 9296 9566 9297
f 9566 9567 9297
f 9297 9567 9512
f 9567 9568 9512
f 9512 9568 9513
f 9568 9569 9513
f 9513 9569 9514
f 9569 9570 9514
f 9514 9570 9515
f 9570 9571 9515
f 9515 9571 9516
f 9571 9572 9516
f 9516 9572 9517
f 9572 9573 9517
f 9517 9573 9518
f 9573 9574 9518
f 9518 9574 9519
f 9574 9575 9519
f 9519 9575 9520
f 9575 9576 9520
f 9520 9576 9521
f 9576 9577 9521
f 9521 9577 9522
f 9577 9578 9522
f 9522 9578 9225
f 9578 9579 9225
f 9225 9579 9226
f 9579 9580 9226
f 9226 9580 9227
f 9580 9581 9227
f 9227 9581 9228
f 9581 9582 9228
f 9228 9582 9229
f 9582 9583 9229
f 9229 9583 9230
f 9583 9584 9230
f 9230 9584 9231
f 9584 9585 9231
f 9231 9585 9523
f 9585 9586 9523
f 9523 9586 9524
f 9586 9587 9524
f 9524 9587 9525
f 9587 9588 9525
f 9525 9588 9526
f 9588 9589 9526
f 9526 9589 9527
f 9589 9590 9527
f 9527 9590 9528
f 9590 9591 9528
f 9528 9591 9529
f 9591 9592 9529
f 9529 9592 9530
f 9592 9593 9530
f 9530 9593 9531
f 9593 9594 9531
f 9531 9594 9532
f 9594 9595 9532
f 9532 9595 9533
f 9595 9596 9533
f 9533 9596 9247
f 9596 9597 9247
f 9247 9597 9248
f 9597 9598 9248
f 9248 9598 9249
f 9598 9599 9249
f 9249 9599 9250
f 9599 9600 9250
f 9250 9600 9251
f 9600 9601 9251
f 9251 9601 9252
f 9601 9602 9252
f 9252 9602 9253
f 9602 9603 9253
f 9253 9603 9534
f 9603 9604 9534
f 9534 9604 9535
f 9604 9605 9535
f 9535 9605 9536
f 9605 9606 9536
f 9536 9606 9537
f 9606 9607 9537
f 9537 9607 9538
f 9607 9608 9538
f 9538 9608 9539
f 9608 9609 9539
f 9539 9609 9540
f 9609 9610 9540
f 9540 9610 9541
f 9610 9611 9541
f 9541 9611 9542
f 9611 9612 9542
f 9542 9612 9543
f 9612 9613 9543
f 9543 9613 9544
f 9613 9614 9544
f 9544 9614 9269
f 9614 9615 9269
f 9269 9615 9270
f 9615 9616 9270
f 9270 9616 9271
f 9616 9545 9271
f 9616 9617 9545
f 9617 9618 9545
f 9545 9618 9546
f 9618 9619 9546
f 9546 9619 9547
f 9619 9620 9547
f 9547 9620 9548
f 9620 9621 9548
f 9548 9621 9549
f 9621 9622 9549
f 9549 9622 9550
f 9622 9623 9550
f 9550 9623 9551
f 9623 9624 9551
f 9551 9624 9552
f 9624 9625 9552
f 9552 9625 9553
f 9625 9626 9553
f 9553 9626 9554
f 9626 9627 9554
f 9554 9627 9555
f 9627 9628 9555
f 9555 9628 9556
f 9628 9629 9556
f 9556 9629 9557
f 9629 9630 9557
f 9557 9630 9558
f 9630 9631 9558
f 9558 9631 9559
f 9631 9632 9559
f 9559 9632 9560
f 9632 9633 9560
f 9560 9633 9561
f 9633 9634 9561
f 9561 9634 9562
f 9634 9635 9562
f 9562 9635 9563
f 9635 9636 9563
f 9563 9636 9564
f 9636 9637 9564
f 9564 9637 9565
f 9637 9638 9565
f 9565 9638 9566
f 9638 9639 9566
f 9566 9639 9567
f 9639 9640 9567
f 9567 9640 9568
f 9640 9641 9568
f 9568 9641 9569
f 9641 9642 9569
f 9569 9642 9570
f 9642 9643 9570
f 9570 9643 9571
f 9643 9644 9571
f 9571 9644 9572
f 9644 9645 9572
f 9572 9645 9573
f 9645 9646 9573
f 9573 9646 9574
f 9646 9647 9574
f 9574 9647 9575
f 9647 9648 9575
f 9575 9648 9576
f 9648 9649 9576
f 9576 9649 9577
f 9649 9650 9577
f 9577 9650 9578
f 9650 9651 9578
f 9578 9651 9579
f 9651 9652 9579
f 9579 9652 9580
f 9652 9653 9580
f 9580 9653 9581
f 9653 9654 9581
f 9581 9654 9582
f 9654 9655 9582
f 9582 9655 9583
f 9655 9656 9583
f 9583 9656 9584
f 9656 9657 9584
f 9584 9657 9585
f 9657 9658 9585
f 9585 9658 9586
f 9658 9659 9586
f 9586 9659 9587
f 9659 9660 9587
f 9587 9660 9588
f 9660 9661 9588
f 9588 9661 9589
f 9661 9662 9589
f 9589 9662 9590
f 9662 9663 9590
f 9590 9663 9591
f 9663 9664 9591
f 9591 9664 9592
f 9664 9665 9592
f 9592 9665 9593
f 9665 9666 9593
f 9593 9666 9594
f 9666 9667 9594
f 9594 9667 9595
f 9667 9668 9595
f 9595 9668 9596
f 9668 9669 9596
f 9596 9669 9597
f 9669 9670 9597
f 9597 9670 9598
f 9670 9671 9598
f 9598 9671 9599
f 9671 9672 9599
f 9599 9672 9600
f 9672 9673 9600
f 9600 9673 9601
f 9673 9674 9601
f 9601 9674 9602
f 9674 9675 9602
f 9602 9675 9603
f 9675 9676 9603
f 9603 9676 9604
f 9676 9677 9604
f 9604 9677 9605
f 9677 9678 9605
f 9605 9678 9606
f 9678 9679 9606
f 9606 9679 9607
f 9679 9680 9607
f 9607 9680 9608
f 9680 9681 9608
f 9608 9681 9609
f 9681 9682 9609
f 9609 9682 9610
f 9682 9683 9610
f 9610 9683 9611
f 9683 9684 9611
f 9611 9684 9612
f 9684 9685 9612
f 9612 9685 9613
f 9685 9686 9613
f 9613 9686 9614
f 9686 9687 9614
f 9614 9687 9615
f 9687 9688 9615
f 9615 9688 9616
f 9688 9617 9616
f 9688 9689 9617
f 9689 9690 9617
f 9617 9690 9618
f 9690 9691 9618
f 9618 9691 9619
f 9691 9692 9619
f 9619 9692 9620
f 9692 9693 9620
f 9620 9693 9621
f 9693 9694 9621
f 9621 9694 9622
f 9694 9695 9622
f 9622 9695 9623
f 9695 9696 9623
f 9623 9696 9624
f 9696 9697 9624
f 9624 9697 9625
f 9697 9698 9625
f 9625 9698 9626
f 9698 9699 9626
f 9626 9699 9627
f 9699 9700 9627
f 9627 9700 9628
f 9700 9701 9628
f 9628 9701 9629
f 9701 9702 9629
f 9629 9702 9630
f 9702 9703 9630
f 9630 9703 9631
f 9703 9704 9631
f 9631 9704 9632
f 9704 9705 9632
f 9632 9705 9633
f 9705 9706 9633
f 9633 9706 9634
f 9706 9707 9634
f 9634 9707 9635
f 9707 9708 9635
f 9635 9708 9636
f 9708 9709 9636
f 9636 9709 9637
f 9709 9710 9637
f 9637 9710 9638
f 9710 9711 9638
f 9638 9711 9639
f 9711 9712 9639
f 9639 9712 9640
f 9712 9713 9640
f 9640 9713 9641
f 9713 9714 9641
f 9641 9714 9642
f 9714 9715 9642
f 9642 9715 9643
f 9715 9716 9643
f 9643 9716 9644
f 9716 9717 9644
f 9644 9717 9645
f 9717 9718 9645
f 9645 9718 9646
f 9718 9719 9646
f 9646 9719 9647
f 9719 9720 9647
f 9647 9720 9648
f 9720 9721 9648
f 9648 9721 9649
f 9721 9722 9649
f 9649 9722 9650
f 9722 9723 9650
f 9650 9723 9651
f 9723 9724 9651
f 9651 9724 9652
f 9724 9725 9652
f 9652 9725 9653
f 9725 9726 9653
f 9653 9726 9654
f 9726 9727 9654
f 9654 9727 9655
f 9727 9728 9655
f 9655 9728 9656
f 9728 9729 9656
f 9656 9729 9657
f 9729 9730 9657
f 9657 9730 9658
f 9730 9731 9658
f 9658 9731 9659
f 9731 9732 9659
f 9659 9732 9660
f 9732 9733 9660
f 9660 9733 9661
f 9733 9734 9661
f 9661 9734 9662
f 9734 9735 9662
f 9662 9735 9663
f 9735 9736 9663
f 9663 9736 9664
f 9736 9737 9664
f 9664 9737 9665
f 9737 9738 9665
f 9665 9738 9666
f 9738 9739 9666
f 9666 9739 9667
f 9739 9740 9667
f 9667 9740 9668
f 9740 9741 9668
f 9668 9741 9669
f 9741 9742 9669
f 9669 9742 9670
f 9742 9743 9670
f 9670 9743 9671
f 9743 9744 9671
f 9671 9744 9672
f 9744 9745 9672
f 9672 9745 9673
f 9745 9746 9673
f 9673 9746 9674
f 9746 9747 9674
f 9674 9747 9675
f 9747 9748 9675
f 9675 9748 9676
f 9748 9749 9676
f 9676 9749 9677
f 9749 9750 9677
f 9677 9750 9678
f 9750 9751 9678
f 9678 9751 9679
f 9751 9752 9679
f 9679 9752 9680
f 9752 9753 9680
f 9680 9753 9681
f 9753 9754 9681
f 9681 9754 9682
f 9754 9755 9682
f 9682 9755 9683
f 9755 9756 9683
f 9683 9756 9684
f 9756 9757 9684
f 9684 9757 9685
f 9757 9758 9685
f 9685 9758 9686
f 9758 9759 9686
f 9686 9759 9687
f 9759 9760 9687
f 9687 9760 9688
f 9760 9689 9688
f 9760 9761 9689
f 9761 9762 9689
f 9689 9762 9690
f 9762 9763 9690
f 9690 9763 9691
f 9763 9764 9691
f 9691 9764 9692
f 9764 9765 9692
f 9692 9765 9693
f 9765 9766 9693
f 9693 9766 9694
f 9766 9767 9694
f 9694 9767 9695
f 9767 9768 9695
f 9695 9768 9696
f 9768 9769 9696
f 9696 9769 9697
f 9769 9770 9697
f 9697 9770 9698
f 9770 9771 9698
f 9698 9771 9699
f 9771 9772 9699
f 9699 9772 9700
f 9772 9773 9700
f 9700 9773 9701
f 9773 9774 9701
f 9701 9774 9702
f 9774 9775 9702
f 9702 9775 9703
f 9775 9776 9703
f 9703 9776 9704
f 9776 9777 9704
f 9704 9777 9705
f 9777 9778 9705
f 9705 9778 9706
f 9778 9779 9706
f 9706 9779 9707
f 9779 9780 9707
f 9707 9780 9708
f 9780 9781 9708
f 9708 9781 9709
f 9781 9782 9709
f 9709 9782 9710
f 9782 9783 9710
f 9710 9783 9711
f 9783 9784 9711
f 9711 9784 9712
f 9784 9785 9712
f 9712 9785 9713
f 9785 9786 9713
f 9713 9786 9714
f 9786 9787 9714
f 9714 9787 9715
f 9787 9788 9715
f 9715 9788 9716
f 9788 9789 9716
f 9716 9789 9717
f 9789 9790 9717
f 9717 9790 9718
f 9790 9791 9718
f 9718 9791 9719
f 9791 9792 9719
f 9719 9792 9720
f 9792 9793 9720
f 9720 9793 9721
f 9793 9794 9721
f 9721 9794 9722
f 9794 9795 9722
f 9722 9795 9723
f 9795 9796 9723
f 9723 9796 9724
f 9796 9797 9724
f 9724 9797 9725
f 9797 9798 9725
f 9725 9798 9726
f 9798 9799 9726
f 9726 9799 9727
f 9799 9800 9727
f 9727 9800 9728
f 9800 9801 9728
f 9728 9801 9729
f 9801 9802 9729
f 9729 9802 9730
f 9802 9803 9730
f 9730 9803 9731
f 9803 9804 9731
f 9731 9804 9732
f 9804 9805 9732
f 9732 9805 9733
f 9805 9806 9733
f 9733 9806 9734
f 9806 9807 9734
f 9734 9807 9735
f 9807 9808 9735
f 9735 9808 9736
f 9808 9809 9736
f 9736 9809 9737
f 9809 9810 9737
f 9737 9810 9738
f 9810 9811 9738
f 9738 9811 9739
f 9811 9812 9739
f 9739 9812 9740
f 9812 9813 9740
f 9740 9813 9741
f 9813 9814 9741
f 9741 9814 9742
f 9814 9815 9742
f 9742 9815 9743
f 9815 9816 9743
f 9743 9816 9744
f 9816 9817 9744
f 9744 9817 9745
f 9817 9818 9745
f 9745 9818 9746
f 9818 9819 9746
f 9746 9819 9747
f 9819 9820 9747
f 9747 9820 9748
f 9820 9821 9748
f 9748 9821 9749
f 9821 9822 9749
f 9749 9822 9750
f 9822 9823 9750
f 9750 9823 9751
f 9823 9824 9751
f 9751 9824 9752
f 9824 9825 9752
f 9752 9825 9753
f 9825 9826 9753
f 9753 9826 9754
f 9826 9827 9754
f 9754 9827 9755
f 9827 9828 9755
f 9755 9828 9756
f 9828 9829 9756
f 9756 9829 9757
f 9829 9830 9757
f 9757 9830 9758
f 9830 9831 9758
f 9758 9831 9759
f 9831 9832 9759
f 9759 9832 9760
f 9832 9761 9760
f 9832 9833 9761
f 9833 9834 9761
f 9761 9834 9762
f 9834 9835 9762
f 9762 9835 9763
f 9835 9836 9763
f 9763 9836 9764
f 9836 9837 9764
f 9764 9837 9765
f 9837 9838 9765
f 9765 9838 9766
f 9838 9839 9766
f 9766 9839 9767
f 9839 9840 9767
f 9767 9840 9768
f 9840 9841 9768
f 9768 9841 9769
f 9841 9842 9769
f 9769 9842 9770
f 9842 9843 9770
f 9770 9843 9771
f 9843 9844 9771
f 9771 9844 9772
f 9844 9845 9772
f 9772 9845 9773
f 9845 9846 9773
f 9773 9846 9774
f 9846 9847 9774
f 9774 9847 9775
f 9847 9848 9775
f 9775 9848 9776
f 9848 9849 9776
f 9776 9849 9777
f 9849 9850 9777
f 9777 9850 9778
f 9850 9851 9778
f 9778 9851 9779
f 9851 9852 9779
f 9779 9852 9780
f 9852 9853 9780
f 9780 9853 9781
f 9853 9854 9781
f 9781 9854 9782
f 9854 9855 9782
f 9782 9855 9783
f 9855 9856 9783
f 9783 9856 9784
f 9856 9857 9784
f 9784 9857 9785
f 9857 9858 9785
f 9785 9858 9786
f 9858 9859 9786
f 9786 9859 9787
f 9859 9860 9787
f 9787 9860 9788
f 9860 9861 9788
f 9788 9861 9789
f 9861 9862 9789
f 9789 9862 9790
f 9862 9863 9790
f 9790 9863 9791
f 9863 9864 9791
f 9791 9864 9792
f 9864 9865 9792
f 9792 9865 9793
f 9865 9866 9793
f 9793 9866 9794
f 9866 9867 9794
f 9794 9867 9795
f 9867 9868 9795
f 9795 9868 9796
f 9868 9869 9796
f 9796 9869 9797
f 9869 9870 9797
f 9797 9870 9798
f 9870 9871 9798
f 9798 9871 9799
f 9871 9872 9799
f 9799 9872 9800
f 9872 9873 9800
f 9800 9873 9801
f 9873 9874 9801
f 9801 9874 9802
f 9874 9875 9802
f 9802 9875 9803
f 9875 9876 9803
f 9803 9876 9804
f 9876 9877 9804
f 9804 9877 9805
f 9877 9878 9805
f 9805 9878 9806
f 9878 9879 9806
f 9806 9879 9807
f 9879 9880 9807
f 9807 9880 9808
f 9880 9881 9808
f 9808 9881 9809
f 9881 9882 9809
f 9809 9882 9810
f 9882 9883 9810
f 9810 9883 9811
f 9883 9884 9811
f 9811 9884 9812
f 9884 9885 9812
f 9812 9885 9813
f 9885 9886 9813
f 9813 9886 9814
f 9886 9887 9814
f 9814 9887 9815
f 9887 9888 9815
f 9815 9888 9816
f 9888 9889 9816
f 9816 9889 9817
f 9889 9890 9817
f 9817 9890 9818
f 9890 9891 9818
f 9818 9891 9819
f 9891 9892 9819
f 9819 9892 9820
f 9892 9893 9820
f 9820 9893 9821
f 9893 9894 9821
f 9821 9894 9822
f 9894 9895 9822
f 9822 9895 9823
f 9895 9896 9823
f 9823 9896 9824
f 9896 9897 9824
f 9824 9897 9825
f 9897 9898 9825
f 9825 9898 9826
f 9898 9899 9826
f 9826 9899 9827
f 9899 9900 9827
f 9827 9900 9828
f 9900 9901 9828
f 9828 9901 9829
f 9901 9902 9829
f 9829 9902 9830
f 9902 9903 9830
f 9830 9903 9831
f 9903 9904 9831
f 9831 9904 9832
f 9904 9833 9832
f 9905 9904 9906
f 9904 9903 9906
f 9906 9903 9907
f 9903 9902 9907
f 9907 9902 9908
f 9902 9901 9908
f 9908 9901 9909
f 9901 9900 9909
f 9909 9900 9910
f 9900 9899 9910
f 9910 9899 9911
f 9899 9898 9911
f 9911 9898 9912
f 9898 9897 9912
f 9912 9897 9913
f 9897 9896 9913
f 9913 9896 9914
f 9896 9895 9914
f 9914 9895 9915
f 9895 9894 9915
f 9915 9894 9916
f 9894 9893 9916
f 9916 9893 9917
f 9893 9892 9917
f 9917 9892 9918
f 9892 9891 9918
f 9918 9891 9919
f 9891 9890 9919
f 9919 9890 9920
f 9890 9889 9920
f 9920 9889 9921
f 9889 9888 9921
f 9921 9888 9922
f 9888 9887 9922
f 9922 9887 9923
f 9887 9886 9923
f 9923 9886 9924
f 9886 9885 9924
f 9924 9885 9925
f 9885 9884 9925
f 9925 9884 9926
f 9884 9883 9926
f 9926 9883 9927
f 9883 9882 9927
f 9927 9882 9928
f 9882 9881 9928
f 9928 9881 9929
f 9881 9880 9929
f 9929 9880 9930
f 9880 9879 9930
f 9930 9879 9931
f 9879 9878 9931
f 9931 9878 9932
f 9878 9877 9932
f 9932 9877 9933
f 9877 9876 9933
f 9933 9876 9934
f 9876 9875 9934
f 9934 9875 9935
f 9875 9874 9935
f 9935 9874 9936
f 9874 9873 9936
f 9936 9873 9937
f 9873 9872 9937
f 9937 9872 9938
f 9872 9871 9938
f 9938 9871 9939
f 9871 9870 9939
f 9939 9870 9940
f 9870 9869 9940
f 9940 9869 9941
f 9869 9868 9941
f 9941 9868 9942
f 9868 9867 9942
f 9942 9867 9943
f 9867 9866 9943
f 9943 9866 9944
f 9866 9865 9944
f 9944 9865 9945
f 9865 9864 9945
f 9945 9864 9946
f 9864 9863 9946
f 9946 9863 9947
f 9863 9862 9947
f 9947 9862 9948
f 9862 9861 9948
f 9948 9861 9949
f 9861 9860 9949
f 9949 9860 9950
f 9860 9859 9950
f 9950 9859 9951
f 9859 9858 9951
f 9951 9858 9952
f 9858 9857 9952
f 9952 9857 9953
f 9857 9856 9953
f 9953 9856 9954
f 9856 9855 9954
f 9954 9855 9955
f 9855 9854 9955
f 9955 9854 9956
f 9854 9853 9956
f 9956 9853 9957
f 9853 9852 9957
f 9957 9852 9958
f 9852 9851 9958
f 9958 9851 9959
f 9851 9850 9959
f 9959 9850 9960
f 9850 9849 9960
f 9960 9849 9961
f 9849 9848 9961
f 9961 9848 9962
f 9848 9847 9962
f 9962 9847 9963
f 9847 9846 9963
f 9963 9846 9964
f 9846 9845 9964
f 9964 9845 9965
f 9845 9844 9965
f 9965 9844 9966
f 9844 9843 9966
f 9966 9843 9967
f 9843 9842 9967
f 9967 9842 9968
f 9842 9841 9968
f 9968 9841 9969
f 9841 9840 9969
f 9969 9840 9970
f 9840 9839 9970
f 9970 9839 9971
f 9839 9838 9971
f 9971 9838 9972
f 9838 9837 9972
f 9972 9837 9973
f 9837 9836 9973
f 9973 9836 9974
f 9836 9835 9974
f 9974 9835 9975
f 9835 9834 9975
f 9975 9834 9976
f 9834 9833 9976
f 9976 9833 9905
f 9833 9904 9905
f 8990 8869 9223
f 8869 8871 9223
f 9223 8871 9224
f 8871 9977 9224
f 9215 9211 9977
f 9211 9213 9977
f 9977 9213 9208
f 9208 9210 9977
f 9210 9205 9977
f 9977 9205 9207
f 9207 9221 9977
f 9221 9220 9977
f 9977 9220 9224
f 8832 9318 9317
f 8832 9317 9978
f 9317 9329 9978
f 9329 9328 9978
f 9978 9328 9979
f 9328 9327 9979
f 9327 9326 9979
f 9979 9326 9980
f 9326 9333 9980
f 9333 9332 9980
f 9980 9332 9981
f 9340 9982 9330
f 9982 9981 9330
f 9330 9981 9331
f 9981 9332 9331
f 9340 9340 9982
f 9340 9335 9982
f 9982 9335 9983
f 9335 9335 9983
f 9335 9334 9983
f 9983 9334 9984
f 9334 9339 9984
f 9339 9338 9984
f 9984 9338 9985
f 9215 9977 9216
f 9977 9985 9216
f 9216 9985 9337
f 9985 9338 9337
f 9318 8832 9320
f 8832 8834 9320
f 9320 8834 9321
f 9321 8834 9322
f 8834 8841 9322
f 9322 8841 9323
f 9323 8841 9324
f 8841 8843 9324
f 9324 8843 9312
f 9312 8843 9313
f 8843 8845 9313
f 9313 8845 9315
f 9315 8845 9316
f 8845 8847 9316
f 9316 8847 9304
f 9304 8847 9305
f 8847 8849 9305
f 9305 8849 9306
f 9306 8849 9307
f 8849 8851 9307
f 9307 8851 9308
f 9308 8851 9309
f 8851 8853 9309
f 9309 8853 9310
f 9310 8853 9311
f 8853 8819 9311
f 9311 8819 8821
f 9986 9987 9988
f 9987 9989 9988
f 9043 9990 9070
f 9990 8833 9070
f 9070 8833 8832
f 9977 8871 8872
f 8832 9978 9070
f 9978 9979 9070
f 9070 9979 9073
f 9979 9980 9073
f 9073 9980 9076
f 9980 9981 9076
f 9076 9981 9079
f 9981 9982 9079
f 9079 9982 9082
f 9982 9983 9082
f 9082 9983 9085
f 9983 9984 9085
f 9085 9984 9088
f 9984 9985 9088
f 9088 9985 9091
f 9985 9977 9091
f 9091 9977 9033
f 9977 8872 9033
f 9002 9001 9123
f 9001 9990 9123
f 9123 9990 9043
f 9021 8866 8794
f 9043 9046 9123
f 9046 9049 9123
f 9123 9049 9126
f 9049 9052 9126
f 9126 9052 9129
f 9052 9055 9129
f 9129 9055 9132
f 9055 9057 9132
f 9132 9057 9135
f 9057 9061 9135
f 9135 9061 9138
f 9061 9063 9138
f 9138 9063 9141
f 9063 9066 9141
f 9141 9066 9144
f 9066 9021 9144
f 9144 9021 8789
f 9021 8794 8789
f 9001 8835 9991
f 9001 9991 9992
f 9991 9993 9992
f 9992 9993 9994
f 9993 9995 9994
f 9994 9995 9996
f 9995 9987 9996
f 9996 9987 9986
f 8835 8833 9997
f 8835 9997 9991
f 9997 9998 9991
f 9991 9998 9993
f 9998 9999 9993
f 9993 9999 9995
f 9999 9989 9995
f 9995 9989 9987
f 9986 9988 10000
f 9986 10000 9996
f 10000 10001 9996
f 9996 10001 9994
f 10001 10002 9994
f 9994 10002 9992
f 10002 9990 9992
f 9992 9990 9001
f 8833 9990 10002
f 8833 10002 9997
f 10002 10001 9997
f 9997 10001 9998
f 10001 10000 9998
f 9998 10000 9999
f 10000 9988 9999
f 9999 9988 9989
f 9968 10003 9967
f 10003 10004 9967
f 9967 10004 9966
f 10004 10005 9966
f 9966 10005 9965
f 10005 10006 9965
f 9965 10006 9964
f 10006 10007 9964
f 9964 10007 9963
f 10007 10008 9963
f 9963 10008 9962
f 10008 10009 9962
f 9962 10009 9961
f 10009 10010 9961
f 9961 10010 9960
f 10010 10011 9960
f 9960 10011 9959
f 10011 10012 9959
f 9959 10012 9958
f 10012 10013 9958
f 9958 10013 9957
f 10013 10014 9957
f 9957 10014 9956
f 10014 10015 9956
f 9956 10015 9955
f 10015 10016 9955
f 9955 10016 9954
f 10016 10017 9954
f 9954 10017 9953
f 10017 10018 9953
f 9953 10018 9952
f 10018 10019 9952
f 9952 10019 9951
f 10019 10020 9951
f 9951 10020 9950
f 10020 10021 9950
f 9950 10021 9949
f 10021 10022 9949
f 9949 10022 9948
f 10022 10023 9948
f 9948 10023 9947
f 10023 10024 9947
f 9947 10024 9946
f 10024 10025 9946
f 9946 10025 9945
f 10025 10026 9945
f 9945 10026 9944
f 10026 10027 9944
f 9944 10027 9943
f 10027 10028 9943
f 9943 10028 9942
f 10028 10029 9942
f 9942 10029 9941
f 10029 10030 9941
f 9941 10030 9940
f 10030 10031 9940
f 9940 10031 9939
f 10031 10032 9939
f 9939 10032 9938
f 10032 10033 9938
f 9938 10033 9937
f 10033 10034 9937
f 9937 10034 9936
f 10034 10035 9936
f 9936 10035 9935
f 10035 10036 9935
f 9935 10036 9934
f 10036 10037 9934
f 9934 10037 9933
f 10037 10038 9933
f 9933 10038 9932
f 10038 10039 9932
f 9932 10039 9931
f 10039 10040 9931
f 9931 10040 9930
f 10040 10041 9930
f 9930 10041 9929
f 10041 10042 9929
f 9929 10042 9928
f 10042 10043 9928
f 9928 10043 9927
f 10043 10044 9927
f 9927 10044 9926
f 10044 10045 9926
f 9926 10045 9925
f 10045 10046 9925
f 9925 10046 9924
f 10046 10047 9924
f 9924 10047 9923
f 10047 10048 9923
f 9923 10048 9922
f 10048 10049 9922
f 9922 10049 9921
f 10049 10050 9921
f 9921 10050 9920
f 10050 10051 9920
f 9920 10051 9919
f 10051 10052 9919
f 9919 10052 9918
f 10052 10053 9918
f 9918 10053 9917
f 10053 10054 9917
f 9917 10054 9916
f 10054 10055 9916
f 9916 10055 9915
f 10055 10056 9915
f 9915 10056 9914
f 10056 10057 9914
f 9914 10057 9913
f 10057 10058 9913
f 9913 10058 9912
f 10058 10059 9912
f 9912 10059 9911
f 10059 10060 9911
f 9911 10060 9910
f 10060 10061 9910
f 9910 10061 9909
f 10061 10062 9909
f 9909 10062 9908
f 10062 10063 9908
f 9908 10063 9907
f 10063 10064 9907
f 9907 10064 9906
f 10064 10065 9906
f 9906 10065 9905
f 10065 10066 9905
f 9905 10066 9976
f 10066 10067 9976
f 9976 10067 9975
f 10067 10068 9975
f 9975 10068 9974
f 10068 10069 9974
f 9974 10069 9973
f 10069 10070 9973
f 9973 10070 9972
f 10070 10071 9972
f 9972 10071 9971
f 10071 10072 9971
f 9971 10072 9970
f 10072 10073 9970
f 9970 10073 9969
f 10073 10074 9969
f 9969 10074 9968
f 10074 10003 9968
f 10013 10075 10014
f 10075 10076 10014
f 10014 10076 10015
f 10076 10077 10015
f 10015 10077 10016
f 10077 10078 10016
f 10016 10078 10017
f 10078 10079 10017
f 10017 10079 10018
f 10079 10080 10018
f 10018 10080 10019
f 10080 10081 10019
f 10019 10081 10020
f 10081 10082 10020
f 10020 10082 10021
f 10082 10083 10021
f 10021 10083 10022
f 10083 10084 10022
f 10022 10084 10023
f 10084 10085 10023
f 10023 10085 10024
f 10085 10086 10024
f 10024 10086 10025
f 10086 10087 10025
f 10025 10087 10026
f 10087 10088 10026
f 10026 10088 10027
f 10088 10089 10027
f 10027 10089 10028
f 10089 10090 10028
f 10028 10090 10029
f 10090 10091 10029
f 10029 10091 10030
f 10091 10092 10030
f 10030 10092 10031
f 10092 10093 10031
f 10031 10093 10032
f 10093 10094 10032
f 10032 10094 10033
f 10094 10095 10033
f 10033 10095 10034
f 10095 10096 10034
f 10034 10096 10035
f 10096 10097 10035
f 10035 10097 10036
f 10097 10098 10036
f 10036 10098 10037
f 10098 10099 10037
f 10037 10099 10038
f 10099 10100 10038
f 10038 10100 10039
f 10100 10101 10039
f 10039 10101 10040
f 10101 10102 10040
f 10040 10102 10041
f 10102 10103 10041
f 10041 10103 10042
f 10103 10104 10042
f 10042 10104 10043
f 10104 10105 10043
f 10043 10105 10044
f 10105 10106 10044
f 10044 10106 10045
f 10106 10107 10045
f 10045 10107 10046
f 10107 10108 10046
f 10046 10108 10047
f 10108 10109 10047
f 10047 10109 10048
f 10109 10110 10048
f 10048 10110 10049
f 10110 10111 10049
f 10049 10111 10050
f 10111 10112 10050
f 10050 10112 10051
f 10112 10113 10051
f 10051 10113 10052
f 10113 10114 10052
f 10052 10114 10053
f 10114 10115 10053
f 10053 10115 10054
f 10115 10116 10054
f 10054 10116 10055
f 10116 10117 10055
f 10055 10117 10056
f 10117 10118 10056
f 10056 10118 10057
f 10118 10119 10057
f 10057 10119 10058
f 10119 10120 10058
f 10058 10120 10059
f 10120 10121 10059
f 10059 10121 10060
f 10121 10122 10060
f 10060 10122 10061
f 10122 10123 10061
f 10061 10123 10062
f 10123 10124 10062
f 10062 10124 10063
f 10124 10125 10063
f 10063 10125 10064
f 10125 10126 10064
f 10064 10126 10065
f 10126 10127 10065
f 10065 10127 10066
f 10127 10128 10066
f 10066 10128 10067
f 10128 10129 10067
f 10067 10129 10068
f 10129 10130 10068
f 10068 10130 10069
f 10130 10131 10069
f 10069 10131 10070
f 10131 10132 10070
f 10070 10132 10071
f 10132 10133 10071
f 10071 10133 10072
f 10133 10134 10072
f 10072 10134 10073
f 10134 10135 10073
f 10073 10135 10074
f 10135 10136 10074
f 10074 10136 10003
f 10136 10137 10003
f 10003 10137 10004
f 10137 10138 10004
f 10004 10138 10005
f 10138 10139 10005
f 10005 10139 10006
f 10139 10140 10006
f 10006 10140 10007
f 10140 10141 10007
f 10007 10141 10008
f 10141 10142 10008
f 10008 10142 10009
f 10142 10143 10009
f 10009 10143 10010
f 10143 10144 10010
f 10010 10144 10011
f 10144 10145 10011
f 10011 10145 10012
f 10145 10146 10012
f 10012 10146 10013
f 10146 10075 10013
f 10146 10147 10075
f 10147 10148 10075
f 10075 10148 10076
f 10148 10149 10076
f 10076 10149 10077
f 10149 10150 10077
f 10077 10150 10078
f 10150 10151 10078
f 10078 10151 10079
f 10151 10152 10079
f 10079 10152 10080
f 10152 10153 10080
f 10080 10153 10081
f 10153 10154 10081
f 10081 10154 10082
f 10154 10155 10082
f 10082 10155 10083
f 10155 10156 10083
f 10083 10156 10084
f 10156 10157 10084
f 10084 10157 10085
f 10157 10158 10085
f 10085 10158 10086
f 10158 10159 10086
f 10086 10159 10087
f 10159 10160 10087
f 10087 10160 10088
f 10160 10161 10088
f 10088 10161 10089
f 10161 10162 10089
f 10089 10162 10090
f 10162 10163 10090
f 10090 10163 10091
f 10163 10164 10091
f 10091 10164 10092
f 10164 10165 10092
f 10092 10165 10093
f 10165 10166 10093
f 10093 10166 10094
f 10166 10167 10094
f 10094 10167 10095
f 10167 10168 10095
f 10095 10168 10096
f 10168 10169 10096
f 10096 10169 10097
f 10169 10170 10097
f 10097 10170 10098
f 10170 10171 10098
f 10098 10171 10099
f 10171 10172 10099
f 10099 10172 10100
f 10172 10173 10100
f 10100 10173 10101
f 10173 10174 10101
f 10101 10174 10102
f 10174 10175 10102
f 10102 10175 10103
f 10175 10176 10103
f 10103 10176 10104
f 10176 10177 10104
f 10104 10177 10105
f 10177 10178 10105
f 10105 10178 10106
f 10178 10179 10106
f 10106 10179 10107
f 10179 10180 10107
f 10107 10180 10108
f 10180 10181 10108
f 10108 10181 10109
f 10181 10182 10109
f 10109 10182 10110
f 10182 10183 10110
f 10110 10183 10111
f 10183 10184 10111
f 10111 10184 10112
f 10184 10185 10112
f 10112 10185 10113
f 10185 10186 10113
f 10113 10186 10114
f 10186 10187 10114
f 10114 10187 10115
f 10187 10188 10115
f 10115 10188 10116
f 10188 10189 10116
f 10116 10189 10117
f 10189 10190 10117
f 10117 10190 10118
f 10190 10191 10118
f 10118 10191 10119
f 10191 10192 10119
f 10119 10192 10120
f 10192 10193 10120
f 10120 10193 10121
f 10193 10194 10121
f 10121 10194 10122
f 10194 10195 10122
f 10122 10195 10123
f 10195 10196 10123
f 10123 10196 10124
f 10196 10197 10124
f 10124 10197 10125
f 10197 10198 10125
f 10125 10198 10126
f 10198 10199 10126
f 10126 10199 10127
f 10199 10200 10127
f 10127 10200 10128
f 10200 10201 10128
f 10128 10201 10129
f 10201 10202 10129
f 10129 10202 10130
f 10202 10203 10130
f 10130 10203 10131
f 10203 10204 10131
f 10131 10204 10132
f 10204 10205 10132
f 10132 10205 10133
f 10205 10206 10133
f 10133 10206 10134
f 10206 10207 10134
f 10134 10207 10135
f 10207 10208 10135
f 10135 10208 10136
f 10208 10209 10136
f 10136 10209 10137
f 10209 10210 10137
f 10137 10210 10138
f 10210 10211 10138
f 10138 10211 10139
f 10211 10212 10139
f 10139 10212 10140
f 10212 10213 10140
f 10140 10213 10141
f 10213 10214 10141
f 10141 10214 10142
f 10214 10215 10142
f 10142 10215 10143
f 10215 10216 10143
f 10143 10216 10144
f 10216 10217 10144
f 10144 10217 10145
f 10217 10218 10145
f 10145 10218 10146
f 10218 10147 10146
f 10218 10219 10147
f 10219 10220 10147
f 10147 10220 10148
f 10220 10221 10148
f 10148 10221 10149
f 10221 10222 10149
f 10149 10222 10150
f 10222 10223 10150
f 10150 10223 10151
f 10223 10224 10151
f 10151 10224 10152
f 10224 10225 10152
f 10152 10225 10153
f 10225 10226 10153
f 10153 10226 10154
f 10226 10227 10154
f 10154 10227 10155
f 10227 10228 10155
f 10155 10228 10156
f 10228 10229 10156
f 10156 10229 10157
f 10229 10230 10157
f 10157 10230 10158
f 10230 10231 10158
f 10158 10231 10159
f 10231 10232 10159
f 10159 10232 10160
f 10232 10233 10160
f 10160 10233 10161
f 10233 10234 10161
f 10161 10234 10162
f 10234 10235 10162
f 10162 10235 10163
f 10235 10236 10163
f 10163 10236 10164
f 10236 10237 10164
f 10164 10237 10165
f 10237 10238 10165
f 10165 10238 10166
f 10238 10239 10166
f 10166 10239 10167
f 10239 10240 10167
f 10167 10240 10168
f 10240 10241 10168
f 10168 10241 10169
f 10241 10242 10169
f 10169 10242 10170
f 10242 10243 10170
f 10170 10243 10171
f 10243 10244 10171
f 10171 10244 10172
f 10244 10245 10172
f 10172 10245 10173
f 10245 10246 10173
f 10173 10246 10174
f 10246 10247 10174
f 10174 10247 10175
f 10247 10248 10175
f 10175 10248 10176
f 10248 10249 10176
f 10176 10249 10177
f 10249 10250 10177
f 10177 10250 10178
f 10250 10251 10178
f 10178 10251 10179
f 10251 10252 10179
f 10179 10252 10180
f 10252 10253 10180
f 10180 10253 10181
f 10253 10254 10181
f 10181 10254 10182
f 10254 10255 10182
f 10182 10255 10183
f 10255 10256 10183
f 10183 10256 10184
f 10256 10257 10184
f 10184 10257 10185
f 10257 10258 10185
f 10185 10258 10186
f 10258 10259 10186
f 10186 10259 10187
f 10259 10260 10187
f 10187 10260 10188
f 10260 10261 10188
f 10188 10261 10189
f 10261 10262 10189
f 10189 10262 10190
f 10262 10263 10190
f 10190 10263 10191
f 10263 10264 10191
f 10191 10264 10192
f 10264 10265 10192
f 10192 10265 10193
f 10265 10266 10193
f 10193 10266 10194
f 10266 10267 10194
f 10194 10267 10195
f 10267 10268 10195
f 10195 10268 10196
f 10268 10269 10196
f 10196 10269 10197
f 10269 10270 10197
f 10197 10270 10198
f 10270 10271 10198
f 10198 10271 10199
f 10271 10272 10199
f 10199 10272 10200
f 10272 10273 10200
f 10200 10273 10201
f 10273 10274 10201
f 10201 10274 10202
f 10274 10275 10202
f 10202 10275 10203
f 10275 10276 10203
f 10203 10276 10204
f 10276 10277 10204
f 10204 10277 10205
f 10277 10278 10205
f 10205 10278 10206
f 10278 10279 10206
f 10206 10279 10207
f 10279 10280 10207
f 10207 10280 10208
f 10280 10281 10208
f 10208 10281 10209
f 10281 10282 10209
f 10209 10282 10210
f 10282 10283 10210
f 10210 10283 10211
f 10283 10284 10211
f 10211 10284 10212
f 10284 10285 10212
f 10212 10285 10213
f 10285 10286 10213
f 10213 10286 10214
f 10286 10287 10214
f 10214 10287 10215
f 10287 10288 10215
f 10215 10288 10216
f 10288 10289 10216
f 10216 10289 10217
f 10289 10290 10217
f 10217 10290 10218
f 10290 10219 10218
f 10290 10291 10219
f 10291 10292 10219
f 10219 10292 10220
f 10292 10293 10220
f 10220 10293 10221
f 10293 10294 10221
f 10221 10294 10222
f 10294 10295 10222
f 10222 10295 10223
f 10295 10296 10223
f 10223 10296 10224
f 10296 10297 10224
f 10224 10297 10225
f 10297 10298 10225
f 10225 10298 10226
f 10298 10299 10226
f 10226 10299 10227
f 10299 10300 10227
f 10227 10300 10228
f 10300 10301 10228
f 10228 10301 10229
f 10301 10302 10229
f 10229 10302 10230
f 10302 10303 10230
f 10230 10303 10231
f 10303 10304 10231
f 10231 10304 10232
f 10304 10305 10232
f 10232 10305 10233
f 10305 10306 10233
f 10233 10306 10234
f 10306 10307 10234
f 10234 10307 10235
f 10307 10308 10235
f 10235 10308 10236
f 10308 10309 10236
f 10236 10309 10237
f 10309 10310 10237
f 10237 10310 10238
f 10310 10311 10238
f 10238 10311 10239
f 10311 10312 10239
f 10239 10312 10240
f 10312 10313 10240
f 10240 10313 10241
f 10313 10314 10241
f 10241 10314 10242
f 10314 10315 10242
f 10242 10315 10243
f 10315 10316 10243
f 10243 10316 10244
f 10316 10317 10244
f 10244 10317 10245
f 10317 10318 10245
f 10245 10318 10246
f 10318 10319 10246
f 10246 10319 10247
f 10319 10320 10247
f 10247 10320 10248
f 10320 10321 10248
f 10248 10321 10249
f 10321 10322 10249
f 10249 10322 10250
f 10322 10323 10250
f 10250 10323 10251
f 10323 10324 10251
f 10251 10324 10252
f 10324 10325 10252
f 10252 10325 10253
f 10325 10326 10253
f 10253 10326 10254
f 10326 10327 10254
f 10254 10327 10255
f 10327 10328 10255
f 10255 10328 10256
f 10328 10329 10256
f 10256 10329 10257
f 10329 10330 10257
f 10257 10330 10258
f 10330 10331 10258
f 10258 10331 10259
f 10331 10332 10259
f 10259 10332 10260
f 10332 10333 10260
f 10260 10333 10261
f 10333 10334 10261
f 10261 10334 10262
f 10334 10335 10262
f 10262 10335 10263
f 10335 10336 10263
f 10263 10336 10264
f 10336 10337 10264
f 10264 10337 10265
f 10337 10338 10265
f 10265 10338 10266
f 10338 10339 10266
f 10266 10339 10267
f 10339 10340 10267
f 10267 10340 10268
f 10340 10341 10268
f 10268 10341 10269
f 10341 10342 10269
f 10269 10342 10270
f 10342 10343 10270
f 10270 10343 10271
f 10343 10344 10271
f 10271 10344 10272
f 10344 10345 10272
f 10272 10345 10273
f 10345 10346 10273
f 10273 10346 10274
f 10346 10347 10274
f 10274 10347 10275
f 10347 10348 10275
f 10275 10348 10276
f 10348 10349 10276
f 10276 10349 10277
f 10349 10350 10277
f 10277 10350 10278
f 10350 10351 10278
f 10278 10351 10279
f 10351 10352 10279
f 10279 10352 10280
f 10352 10353 10280
f 10280 10353 10281
f 10353 10354 10281
f 10281 10354 10282
f 10354 10355 10282
f 10282 10355 10283
f 10355 10356 10283
f 10283 10356 10284
f 10356 10357 10284
f 10284 10357 10285
f 10357 10358 10285
f 10285 10358 10286
f 10358 10359 10286
f 10286 10359 10287
f 10359 10360 10287
f 10287 10360 10288
f 10360 10361 10288
f 10288 10361 10289
f 10361 10362 10289
f 10289 10362 10290
f 10362 10291 10290
f 10362 10363 10291
f 10363 10364 10291
f 10291 10364 10292
f 10364 10365 10292
f 10292 10365 10293
f 10365 10366 10293
f 10293 10366 10294
f 10366 10367 10294
f 10294 10367 10295
f 10367 10368 10295
f 10295 10368 10296
f 10368 10369 10296
f 10296 10369 10297
f 10369 10370 10297
f 10297 10370 10298
f 10370 10371 10298
f 10298 10371 10299
f 10371 10372 10299
f 10299 10372 10300
f 10372 10373 10300
f 10300 10373 10301
f 10373 10374 10301
f 10301 10374 10302
f 10374 10375 10302
f 10302 10375 10303
f 10375 10376 10303
f 10303 10376 10304
f 10376 10377 10304
f 10304 10377 10305
f 10377 10378 10305
f 10305 10378 10306
f 10378 10379 10306
f 10306 10379 10307
f 10379 10380 10307
f 10307 10380 10308
f 10380 10381 10308
f 10308 10381 10309
f 10381 10382 10309
f 10309 10382 10310
f 10382 10383 10310
f 10310 10383 10311
f 10383 10384 10311
f 10311 10384 10312
f 10384 10385 10312
f 10312 10385 10313
f 10385 10386 10313
f 10313 10386 10314
f 10386 10387 10314
f 10314 10387 10315
f 10387 10388 10315
f 10315 10388 10316
f 10388 10389 10316
f 10316 10389 10317
f 10389 10390 10317
f 10317 10390 10318
f 10390 10391 10318
f 10318 10391 10319
f 10391 10392 10319
f 10319 10392 10320
f 10392 10393 10320
f 10320 10393 10321
f 10393 10394 10321
f 10321 10394 10322
f 10394 10395 10322
f 10322 10395 10323
f 10395 10396 10323
f 10323 10396 10324
f 10396 10397 10324
f 10324 10397 10325
f 10397 10398 10325
f 10325 10398 10326
f 10398 10399 10326
f 10326 10399 10327
f 10399 10400 10327
f 10327 10400 10328
f 10400 10401 10328
f 10328 10401 10329
f 10401 10402 10329
f 10329 10402 10330
f 10402 10403 10330
f 10330 10403 10331
f 10403 10404 10331
f 10331 10404 10332
f 10404 10405 10332
f 10332 10405 10333
f 10405 10406 10333
f 10333 10406 10334
f 10406 10407 10334
f 10334 10407 10335
f 10407 10408 10335
f 10335 10408 10336
f 10408 10409 10336
f 10336 10409 10337
f 10409 10410 10337
f 10337 10410 10338
f 10410 10411 10338
f 10338 10411 10339
f 10411 10412 10339
f 10339 10412 10340
f 10412 10413 10340
f 10340 10413 10341
f 10413 10414 10341
f 10341 10414 10342
f 10414 10415 10342
f 10342 10415 10343
f 10415 10416 10343
f 10343 10416 10344
f 10416 10417 10344
f 10344 10417 10345
f 10417 10418 10345
f 10345 10418 10346
f 10418 10419 10346
f 10346 10419 10347
f 10419 10420 10347
f 10347 10420 10348
f 10420 10421 10348
f 10348 10421 10349
f 10421 10422 10349
f 10349 10422 10350
f 10422 10423 10350
f 10350 10423 10351
f 10423 10424 10351
f 10351 10424 10352
f 10424 10425 10352
f 10352 10425 10353
f 10425 10426 10353
f 10353 10426 10354
f 10426 10427 10354
f 10354 10427 10355
f 10427 10428 10355
f 10355 10428 10356
f 10428 10429 10356
f 10356 10429 10357
f 10429 10430 10357
f 10357 10430 10358
f 10430 10431 10358
f 10358 10431 10359
f 10431 10432 10359
f 10359 10432 10360
f 10432 10433 10360
f 10360 10433 10361
f 10433 10434 10361
f 10361 10434 10362
f 10434 10363 10362
f 10434 10435 10363
f 10435 10436 10363
f 10363 10436 10364
f 10436 10437 10364
f 10364 10437 10365
f 10437 10438 10365
f 10365 10438 10366
f 10438 10439 10366
f 10366 10439 10367
f 10439 10440 10367
f 10367 10440 10368
f 10440 10441 10368
f 10368 10441 10369
f 10441 10442 10369
f 10369 10442 10370
f 10442 10443 10370
f 10370 10443 10371
f 10443 10444 10371
f 10371 10444 10372
f 10444 10445 10372
f 10372 10445 10373
f 10445 10446 10373
f 10373 10446 10374
f 10446 10447 10374
f 10374 10447 10375
f 10447 10448 10375
f 10375 10448 10376
f 10448 10449 10376
f 10376 10449 10377
f 10449 10450 10377
f 10377 10450 10378
f 10450 10451 10378
f 10378 10451 10379
f 10451 10452 10379
f 10379 10452 10380
f 10452 10453 10380
f 10380 10453 10381
f 10453 10454 10381
f 10381 10454 10382
f 10454 10455 10382
f 10382 10455 10383
f 10455 10456 10383
f 10383 10456 10384
f 10456 10457 10384
f 10384 10457 10385
f 10457 10458 10385
f 10385 10458 10386
f 10458 10459 10386
f 10386 10459 10387
f 10459 10460 10387
f 10387 10460 10388
f 10460 10461 10388
f 10388 10461 10389
f 10461 10462 10389
f 10389 10462 10390
f 10462 10463 10390
f 10390 10463 10391
f 10463 10464 10391
f 10391 10464 10392
f 10464 10465 10392
f 10392 10465 10393
f 10465 10466 10393
f 10393 10466 10394
f 10466 10467 10394
f 10394 10467 10395
f 10467 10468 10395
f 10395 10468 10396
f 10468 10469 10396
f 10396 10469 10397
f 10469 10470 10397
f 10397 10470 10398
f 10470 10471 10398
f 10398 10471 10399
f 10471 10472 10399
f 10399 10472 10400
f 10472 10473 10400
f 10400 10473 10401
f 10473 10474 10401
f 10401 10474 10402
f 10474 10475 10402
f 10402 10475 10403
f 10475 10476 10403
f 10403 10476 10404
f 10476 10477 10404
f 10404 10477 10405
f 10477 10478 10405
f 10405 10478 10406
f 10478 10479 10406
f 10406 10479 10407
f 10479 10480 10407
f 10407 10480 10408
f 10480 10481 10408
f 10408 10481 10409
f 10481 10482 10409
f 10409 10482 10410
f 10482 10483 10410
f 10410 10483 10411
f 10483 10484 10411
f 10411 10484 10412
f 10484 10485 10412
f 10412 10485 10413
f 10485 10486 10413
f 10413 10486 10414
f 10486 10487 10414
f 10414 10487 10415
f 10487 10488 10415
f 10415 10488 10416
f 10488 10489 10416
f 10416 10489 10417
f 10489 10490 10417
f 10417 10490 10418
f 10490 10491 10418
f 10418 10491 10419
f 10491 10492 10419
f 10419 10492 10420
f 10492 10493 10420
f 10420 10493 10421
f 10493 10494 10421
f 10421 10494 10422
f 10494 10495 10422
f 10422 10495 10423
f 10495 10496 10423
f 10423 10496 10424
f 10496 10497 10424
f 10424 10497 10425
f 10497 10498 10425
f 10425 10498 10426
f 10498 10499 10426
f 10426 10499 10427
f 10499 10500 10427
f 10427 10500 10428
f 10500 10501 10428
f 10428 10501 10429
f 10501 10502 10429
f 10429 10502 10430
f 10502 10503 10430
f 10430 10503 10431
f 10503 10504 10431
f 10431 10504 10432
f 10504 10505 10432
f 10432 10505 10433
f 10505 10506 10433
f 10433 10506 10434
f 10506 10435 10434
f 10506 10507 10435
f 10507 10508 10435
f 10435 10508 10436
f 10508 10509 10436
f 10436 10509 10437
f 10509 10510 10437
f 10437 10510 10438
f 10510 10511 10438
f 10438 10511 10439
f 10511 10512 10439
f 10439 10512 10440
f 10512 10513 10440
f 10440 10513 10441
f 10513 10514 10441
f 10441 10514 10442
f 10514 10515 10442
f 10442 10515 10443
f 10515 10516 10443
f 10443 10516 10444
f 10516 10517 10444
f 10444 10517 10445
f 10517 10518 10445
f 10445 10518 10446
f 10518 10519 10446
f 10446 10519 10447
f 10519 10520 10447
f 10447 10520 10448
f 10520 10521 10448
f 10448 10521 10449
f 10521 10522 10449
f 10449 10522 10450
f 10522 10523 10450
f 10450 10523 10451
f 10523 10524 10451
f 10451 10524 10452
f 10524 10525 10452
f 10452 10525 10453
f 10525 10526 10453
f 10453 10526 10454
f 10526 10527 10454
f 10454 10527 10455
f 10527 10528 10455
f 10455 10528 10456
f 10528 10529 10456
f 10456 10529 10457
f 10529 10530 10457
f 10457 10530 10458
f 10530 10531 10458
f 10458 10531 10459
f 10531 10532 10459
f 10459 10532 10460
f 10532 10533 10460
f 10460 10533 10461
f 10533 10534 10461
f 10461 10534 10462
f 10534 10535 10462
f 10462 10535 10463
f 10535 10536 10463
f 10463 10536 10464
f 10536 10537 10464
f 10464 10537 10465
f 10537 10538 10465
f 10465 10538 10466
f 10538 10539 10466
f 10466 10539 10467
f 10539 10540 10467
f 10467 10540 10468
f 10540 10541 10468
f 10468 10541 10469
f 10541 10542 10469
f 10469 10542 10470
f 10542 10543 10470
f 10470 10543 10471
f 10543 10544 10471
f 10471 10544 10472
f 10544 10545 10472
f 10472 10545 10473
f 10545 10546 10473
f 10473 10546 10474
f 10546 10547 10474
f 10474 10547 10475
f 10547 10548 10475
f 10475 10548 10476
f 10548 10549 10476
f 10476 10549 10477
f 10549 10550 10477
f 10477 10550 10478
f 10550 10551 10478
f 10478 10551 10479
f 10551 10552 10479
f 10479 10552 10480
f 10552 10553 10480
f 10480 10553 10481
f 10553 10554 10481
f 10481 10554 10482
f 10554 10555 10482
f 10482 10555 10483
f 10555 10556 10483
f 10483 10556 10484
f 10556 10557 10484
f 10484 10557 10485
f 10557 10558 10485
f 10485 10558 10486
f 10558 10559 10486
f 10486 10559 10487
f 10559 10560 10487
f 10487 10560 10488
f 10560 10561 10488
f 10488 10561 10489
f 10561 10562 10489
f 10489 10562 10490
f 10562 10563 10490
f 10490 10563 10491
f 10563 10564 10491
f 10491 10564 10492
f 10564 10565 10492
f 10492 10565 10493
f 10565 10566 10493
f 10493 10566 10494
f 10566 10567 10494
f 10494 10567 10495
f 10567 10568 10495
f 10495 10568 10496
f 10568 10569 10496
f 10496 10569 10497
f 10569 10570 10497
f 10497 10570 10498
f 10570 10571 10498
f 10498 10571 10499
f 10571 10572 10499
f 10499 10572 10500
f 10572 10573 10500
f 10500 10573 10501
f 10573 10574 10501
f 10501 10574 10502
f 10574 10575 10502
f 10502 10575 10503
f 10575 10576 10503
f 10503 10576 10504
f 10576 10577 10504
f 10504 10577 10505
f 10577 10578 10505
f 10505 10578 10506
f 10578 10507 10506
f 10578 10579 10507
f 10579 10580 10507
f 10507 10580 10508
f 10580 10581 10508
f 10508 10581 10509
f 10581 10582 10509
f 10509 10582 10510
f 10582 10583 10510
f 10510 10583 10511
f 10583 10584 10511
f 10511 10584 10512
f 10584 10585 10512
f 10512 10585 10513
f 10585 10586 10513
f 10513 10586 10514
f 10586 10587 10514
f 10514 10587 10515
f 10587 10588 10515
f 10515 10588 10516
f 10588 10589 10516
f 10516 10589 10517
f 10589 10590 10517
f 10517 10590 10518
f 10590 10591 10518
f 10518 10591 10519
f 10591 10592 10519
f 10519 10592 10520
f 10592 10593 10520
f 10520 10593 10521
f 10593 10594 10521
f 10521 10594 10522
f 10594 10595 10522
f 10522 10595 10523
f 10595 10596 10523
f 10523 10596 10524
f 10596 10597 10524
f 10524 10597 10525
f 10597 10598 10525
f 10525 10598 10526
f 10598 10599 10526
f 10526 10599 10527
f 10599 10600 10527
f 10527 10600 10528
f 10600 10601 10528
f 10528 10601 10529
f 10601 10602 10529
f 10529 10602 10530
f 10602 10603 10530
f 10530 10603 10531
f 10603 10604 10531
f 10531 10604 10532
f 10604 10605 10532
f 10532 10605 10533
f 10605 10606 10533
f 10533 10606 10534
f 10606 10607 10534
f 10534 10607 10535
f 10607 10608 10535
f 10535 10608 10536
f 10608 10609 10536
f 10536 10609 10537
f 10609 10610 10537
f 10537 10610 10538
f 10610 10611 10538
f 10538 10611 10539
f 10611 10612 10539
f 10539 10612 10540
f 10612 10613 10540
f 10540 10613 10541
f 10613 10614 10541
f 10541 10614 10542
f 10614 10615 10542
f 10542 10615 10543
f 10615 10616 10543
f 10543 10616 10544
f 10616 10617 10544
f 10544 10617 10545
f 10617 10618 10545
f 10545 10618 10546
f 10618 10619 10546
f 10546 10619 10547
f 10619 10620 10547
f 10547 10620 10548
f 10620 10621 10548
f 10548 10621 10549
f 10621 10622 10549
f 10549 10622 10550
f 10622 10623 10550
f 10550 10623 10551
f 10623 10624 10551
f 10551 10624 10552
f 10624 10625 10552
f 10552 10625 10553
f 10625 10626 10553
f 10553 10626 10554
f 10626 10627 10554
f 10554 10627 10555
f 10627 10628 10555
f 10555 10628 10556
f 10628 10629 10556
f 10556 10629 10557
f 10629 10630 10557
f 10557 10630 10558
f 10630 10631 10558
f 10558 10631 10559
f 10631 10632 10559
f 10559 10632 10560
f 10632 10633 10560
f 10560 10633 10561
f 10633 10634 10561
f 10561 10634 10562
f 10634 10635 10562
f 10562 10635 10563
f 10635 10636 10563
f 10563 10636 10564
f 10636 10637 10564
f 10564 10637 10565
f 10637 10638 10565
f 10565 10638 10566
f 10638 10639 10566
f 10566 10639 10567
f 10639 10640 10567
f 10567 10640 10568
f 10640 10641 10568
f 10568 10641 10569
f 10641 10642 10569
f 10569 10642 10570
f 10642 10643 10570
f 10570 10643 10571
f 10643 10644 10571
f 10571 10644 10572
f 10644 10645 10572
f 10572 10645 10573
f 10645 10646 10573
f 10573 10646 10574
f 10646 10647 10574
f 10574 10647 10575
f 10647 10648 10575
f 10575 10648 10576
f 10648 10649 10576
f 10576 10649 10577
f 10649 10650 10577
f 10577 10650 10578
f 10650 10579 10578
f 10650 10651 10579
f 10651 10652 10579
f 10579 10652 10580
f 10652 10653 10580
f 10580 10653 10581
f 10653 10654 10581
f 10581 10654 10582
f 10654 10655 10582
f 10582 10655 10583
f 10655 10656 10583
f 10583 10656 10584
f 10656 10657 10584
f 10584 10657 10585
f 10657 10658 10585
f 10585 10658 10586
f 10658 10659 10586
f 10586 10659 10587
f 10659 10660 10587
f 10587 10660 10588
f 10660 10661 10588
f 10588 10661 10589
f 10661 10662 10589
f 10589 10662 10590
f 10662 10663 10590
f 10590 10663 10591
f 10663 10664 10591
f 10591 10664 10592
f 10664 10665 10592
f 10592 10665 10593
f 10665 10666 10593
f 10593 10666 10594
f 10666 10667 10594
f 10594 10667 10595
f 10667 10668 10595
f 10595 10668 10596
f 10668 10669 10596
f 10596 10669 10597
f 10669 10670 10597
f 10597 10670 10598
f 10670 10671 10598
f 10598 10671 10599
f 10671 10672 10599
f 10599 10672 10600
f 10672 10673 10600
f 10600 10673 10601
f 10673 10674 10601
f 10601 10674 10602
f 10674 10675 10602
f 10602 10675 10603
f 10675 10676 10603
f 10603 10676 10604
f 10676 10677 10604
f 10604 10677 10605
f 10677 10678 10605
f 10605 10678 10606
f 10678 10679 10606
f 10606 10679 10607
f 10679 10680 10607
f 10607 10680 10608
f 10680 10681 10608
f 10608 10681 10609
f 10681 10682 10609
f 10609 10682 10610
f 10682 10683 10610
f 10610 10683 10611
f 10683 10684 10611
f 10611 10684 10612
f 10684 10685 10612
f 10612 10685 10613
f 10685 10686 10613
f 10613 10686 10614
f 10686 10687 10614
f 10614 10687 10615
f 10687 10688 10615
f 10615 10688 10616
f 10688 10689 10616
f 10616 10689 10617
f 10689 10690 10617
f 10617 10690 10618
f 10690 10691 10618
f 10618 10691 10619
f 10691 10692 10619
f 10619 10692 10620
f 10692 10693 10620
f 10620 10693 10621
f 10693 10694 10621
f 10621 10694 10622
f 10694 10695 10622
f 10622 10695 10623
f 10695 10696 10623
f 10623 10696 10624
f 10696 10697 10624
f 10624 10697 10625
f 10697 10698 10625
f 10625 10698 10626
f 10698 10699 10626
f 10626 10699 10627
f 10699 10700 10627
f 10627 10700 10628
f 10700 10701 10628
f 10628 10701 10629
f 10701 10702 10629
f 10629 10702 10630
f 10702 10703 10630
f 10630 10703 10631
f 10703 10704 10631
f 10631 10704 10632
f 10704 10705 10632
f 10632 10705 10633
f 10705 10706 10633
f 10633 10706 10634
f 10706 10707 10634
f 10634 10707 10635
f 10707 10708 10635
f 10635 10708 10636
f 10708 10709 10636
f 10636 10709 10637
f 10709 10710 10637
f 10637 10710 10638
f 10710 10711 10638
f 10638 10711 10639
f 10711 10712 10639
f 10639 10712 10640
f 10712 10713 10640
f 10640 10713 10641
f 10713 10714 10641
f 10641 10714 10642
f 10714 10715 10642
f 10642 10715 10643
f 10715 10716 10643
f 10643 10716 10644
f 10716 10717 10644
f 10644 10717 10645
f 10717 10718 10645
f 10645 10718 10646
f 10718 10719 10646
f 10646 10719 10647
f 10719 10720 10647
f 10647 10720 10648
f 10720 10721 10648
f 10648 10721 10649
f 10721 10722 10649
f 10649 10722 10650
f 10722 10651 10650
f 10722 10723 10651
f 10723 10724 10651
f 10651 10724 10652
f 10724 10725 10652
f 10652 10725 10653
f 10725 10726 10653
f 10653 10726 10654
f 10726 10727 10654
f 10654 10727 10655
f 10727 10728 10655
f 10655 10728 10656
f 10728 10729 10656
f 10656 10729 10657
f 10729 10730 10657
f 10657 10730 10658
f 10730 10731 10658
f 10658 10731 10659
f 10731 10732 10659
f 10659 10732 10660
f 10732 10733 10660
f 10660 10733 10661
f 10733 10734 10661
f 10661 10734 10662
f 10734 10735 10662
f 10662 10735 10663
f 10735 10736 10663
f 10663 10736 10664
f 10736 10737 10664
f 10664 10737 10665
f 10737 10738 10665
f 10665 10738 10666
f 10738 10739 10666
f 10666 10739 10667
f 10739 10740 10667
f 10667 10740 10668
f 10740 10741 10668
f 10668 10741 10669
f 10741 10742 10669
f 10669 10742 10670
f 10742 10743 10670
f 10670 10743 10671
f 10743 10744 10671
f 10671 10744 10672
f 10744 10745 10672
f 10672 10745 10673
f 10745 10746 10673
f 10673 10746 10674
f 10746 10747 10674
f 10674 10747 10675
f 10747 10748 10675
f 10675 10748 10676
f 10748 10749 10676
f 10676 10749 10677
f 10749 10750 10677
f 10677 10750 10678
f 10750 10751 10678
f 10678 10751 10679
f 10751 10752 10679
f 10679 10752 10680
f 10752 10753 10680
f 10680 10753 10681
f 10753 10754 10681
f 10681 10754 10682
f 10754 10755 10682
f 10682 10755 10683
f 10755 10756 10683
f 10683 10756 10684
f 10756 10757 10684
f 10684 10757 10685
f 10757 10758 10685
f 10685 10758 10686
f 10758 10759 10686
f 10686 10759 10687
f 10759 10760 10687
f 10687 10760 10688
f 10760 10761 10688
f 10688 10761 10689
f 10761 10762 10689
f 10689 10762 10690
f 10762 10763 10690
f 10690 10763 10691
f 10763 10764 10691
f 10691 10764 10692
f 10764 10765 10692
f 10692 10765 10693
f 10765 10766 10693
f 10693 10766 10694
f 10766 10767 10694
f 10694 10767 10695
f 10767 10768 10695
f 10695 10768 10696
f 10768 10769 10696
f 10696 10769 10697
f 10769 10770 10697
f 10697 10770 10698
f 10770 10771 10698
f 10698 10771 10699
f 10771 10772 10699
f 10699 10772 10700
f 10772 10773 10700
f 10700 10773 10701
f 10773 10774 10701
f 10701 10774 10702
f 10774 10775 10702
f 10702 10775 10703
f 10775 10776 10703
f 10703 10776 10704
f 10776 10777 10704
f 10704 10777 10705
f 10777 10778 10705
f 10705 10778 10706
f 10778 10779 10706
f 10706 10779 10707
f 10779 10780 10707
f 10707 10780 10708
f 10780 10781 10708
f 10708 10781 10709
f 10781 10782 10709
f 10709 10782 10710
f 10782 10783 10710
f 10710 10783 10711
f 10783 10784 10711
f 10711 10784 10712
f 10784 10785 10712
f 10712 10785 10713
f 10785 10786 10713
f 10713 10786 10714
f 10786 10787 10714
f 10714 10787 10715
f 10787 10788 10715
f 10715 10788 10716
f 10788 10789 10716
f 10716 10789 10717
f 10789 10790 10717
f 10717 10790 10718
f 10790 10791 10718
f 10718 10791 10719
f 10791 10792 10719
f 10719 10792 10720
f 10792 10793 10720
f 10720 10793 10721
f 10793 10794 10721
f 10721 10794 10722
f 10794 10723 10722
f 10794 10795 10723
f 10795 10796 10723
f 10723 10796 10724
f 10796 10797 10724
f 10724 10797 10725
f 10797 10798 10725
f 10725 10798 10726
f 10798 10799 10726
f 10726 10799 10727
f 10799 10800 10727
f 10727 10800 10728
f 10800 10801 10728
f 10728 10801 10729
f 10801 10802 10729
f 10729 10802 10730
f 10802 10803 10730
f 10730 10803 10731
f 10803 10804 10731
f 10731 10804 10732
f 10804 10805 10732
f 10732 10805 10733
f 10805 10806 10733
f 10733 10806 10734
f 10806 10807 10734
f 10734 10807 10735
f 10807 10808 10735
f 10735 10808 10736
f 10808 10809 10736
f 10736 10809 10737
f 10809 10810 10737
f 10737 10810 10738
f 10810 10811 10738
f 10738 10811 10739
f 10811 10812 10739
f 10739 10812 10740
f 10812 10813 10740
f 10740 10813 10741
f 10813 10814 10741
f 10741 10814 10742
f 10814 10815 10742
f 10742 10815 10743
f 10815 10816 10743
f 10743 10816 10744
f 10816 10817 10744
f 10744 10817 10745
f 10817 10818 10745
f 10745 10818 10746
f 10818 10819 10746
f 10746 10819 10747
f 10819 10820 10747
f 10747 10820 10748
f 10820 10821 10748
f 10748 10821 10749
f 10821 10822 10749
f 10749 10822 10750
f 10822 10823 10750
f 10750 10823 10751
f 10823 10824 10751
f 10751 10824 10752
f 10824 10825 10752
f 10752 10825 10753
f 10825 10826 10753
f 10753 10826 10754
f 10826 10827 10754
f 10754 10827 10755
f 10827 10828 10755
f 10755 10828 10756
f 10828 10829 10756
f 10756 10829 10757
f 10829 10830 10757
f 10757 10830 10758
f 10830 10831 10758
f 10758 10831 10759
f 10831 10832 10759
f 10759 10832 10760
f 10832 10833 10760
f 10760 10833 10761
f 10833 10834 10761
f 10761 10834 10762
f 10834 10835 10762
f 10762 10835 10763
f 10835 10836 10763
f 10763 10836 10764
f 10836 10837 10764
f 10764 10837 10765
f 10837 10838 10765
f 10765 10838 10766
f 10838 10839 10766
f 10766 10839 10767
f 10839 10840 10767
f 10767 10840 10768
f 10840 10841 10768
f 10768 10841 10769
f 10841 10842 10769
f 10769 10842 10770
f 10842 10843 10770
f 10770 10843 10771
f 10843 10844 10771
f 10771 10844 10772
f 10844 10845 10772
f 10772 10845 10773
f 10845 10846 10773
f 10773 10846 10774
f 10846 10847 10774
f 10774 10847 10775
f 10847 10848 10775
f 10775 10848 10776
f 10848 10849 10776
f 10776 10849 10777
f 10849 10850 10777
f 10777 10850 10778
f 10850 10851 10778
f 10778 10851 10779
f 10851 10852 10779
f 10779 10852 10780
f 10852 10853 10780
f 10780 10853 10781
f 10853 10854 10781
f 10781 10854 10782
f 10854 10855 10782
f 10782 10855 10783
f 10855 10856 10783
f 10783 10856 10784
f 10856 10857 10784
f 10784 10857 10785
f 10857 10858 10785
f 10785 10858 10786
f 10858 10859 10786
f 10786 10859 10787
f 10859 10860 10787
f 10787 10860 10788
f 10860 10861 10788
f 10788 10861 10789
f 10861 10862 10789
f 10789 10862 10790
f 10862 10863 10790
f 10790 10863 10791
f 10863 10864 10791
f 10791 10864 10792
f 10864 10865 10792
f 10792 10865 10793
f 10865 10866 10793
f 10793 10866 10794
f 10866 10795 10794
f 10866 10867 10795
f 10867 10868 10795
f 10795 10868 10796
f 10868 10869 10796
f 10796 10869 10797
f 10869 10870 10797
f 10797 10870 10798
f 10870 10871 10798
f 10798 10871 10799
f 10871 10872 10799
f 10799 10872 10800
f 10872 10873 10800
f 10800 10873 10801
f 10873 10874 10801
f 10801 10874 10802
f 10874 10875 10802
f 10802 10875 10803
f 10875 10876 10803
f 10803 10876 10804
f 10876 10877 10804
f 10804 10877 10805
f 10877 10878 10805
f 10805 10878 10806
f 10878 10879 10806
f 10806 10879 10807
f 10879 10880 10807
f 10807 10880 10808
f 10880 10881 10808
f 10808 10881 10809
f 10881 10882 10809
f 10809 10882 10810
f 10882 10883 10810
f 10810 10883 10811
f 10883 10884 10811
f 10811 10884 10812
f 10884 10885 10812
f 10812 10885 10813
f 10885 10886 10813
f 10813 10886 10814
f 10886 10887 10814
f 10814 10887 10815
f 10887 10888 10815
f 10815 10888 10816
f 10888 10889 10816
f 10816 10889 10817
f 10889 10890 10817
f 10817 10890 10818
f 10890 10891 10818
f 10818 10891 10819
f 10891 10892 10819
f 10819 10892 10820
f 10892 10893 10820
f 10820 10893 10821
f 10893 10894 10821
f 10821 10894 10822
f 10894 10895 10822
f 10822 10895 10823
f 10895 10896 10823
f 10823 10896 10824
f 10896 10897 10824
f 10824 10897 10825
f 10897 10898 10825
f 10825 10898 10826
f 10898 10899 10826
f 10826 10899 10827
f 10899 10900 10827
f 10827 10900 10828
f 10900 10901 10828
f 10828 10901 10829
f 10901 10902 10829
f 10829 10902 10830
f 10902 10903 10830
f 10830 10903 10831
f 10903 10904 10831
f 10831 10904 10832
f 10904 10905 10832
f 10832 10905 10833
f 10905 10906 10833
f 10833 10906 10834
f 10906 10907 10834
f 10834 10907 10835
f 10907 10908 10835
f 10835 10908 10836
f 10908 10909 10836
f 10836 10909 10837
f 10909 10910 10837
f 10837 10910 10838
f 10910 10911 10838
f 10838 10911 10839
f 10911 10912 10839
f 10839 10912 10840
f 10912 10913 10840
f 10840 10913 10841
f 10913 10914 10841
f 10841 10914 10842
f 10914 10915 10842
f 10842 10915 10843
f 10915 10916 10843
f 10843 10916 10844
f 10916 10917 10844
f 10844 10917 10845
f 10917 10918 10845
f 10845 10918 10846
f 10918 10919 10846
f 10846 10919 10847
f 10919 10920 10847
f 10847 10920 10848
f 10920 10921 10848
f 10848 10921 10849
f 10921 10922 10849
f 10849 10922 10850
f 10922 10923 10850
f 10850 10923 10851
f 10923 10924 10851
f 10851 10924 10852
f 10924 10925 10852
f 10852 10925 10853
f 10925 10926 10853
f 10853 10926 10854
f 10926 10927 10854
f 10854 10927 10855
f 10927 10928 10855
f 10855 10928 10856
f 10928 10929 10856
f 10856 10929 10857
f 10929 10930 10857
f 10857 10930 10858
f 10930 10931 10858
f 10858 10931 10859
f 10931 10932 10859
f 10859 10932 10860
f 10932 10933 10860
f 10860 10933 10861
f 10933 10934 10861
f 10861 10934 10862
f 10934 10935 10862
f 10862 10935 10863
f 10935 10936 10863
f 10863 10936 10864
f 10936 10937 10864
f 10864 10937 10865
f 10937 10938 10865
f 10865 10938 10866
f 10938 10867 10866
f 10938 10939 10867
f 10939 10940 10867
f 10867 10940 10868
f 10940 10941 10868
f 10868 10941 10869
f 10941 10942 10869
f 10869 10942 10870
f 10942 10943 10870
f 10870 10943 10871
f 10943 10944 10871
f 10871 10944 10872
f 10944 10945 10872
f 10872 10945 10873
f 10945 10946 10873
f 10873 10946 10874
f 10946 10947 10874
f 10874 10947 10875
f 10947 10948 10875
f 10875 10948 10876
f 10948 10949 10876
f 10876 10949 10877
f 10949 10950 10877
f 10877 10950 10878
f 10950 10951 10878
f 10878 10951 10879
f 10951 10952 10879
f 10879 10952 10880
f 10952 10953 10880
f 10880 10953 10881
f 10953 10954 10881
f 10881 10954 10882
f 10954 10955 10882
f 10882 10955 10883
f 10955 10956 10883
f 10883 10956 10884
f 10956 10957 10884
f 10884 10957 10885
f 10957 10958 10885
f 10885 10958 10886
f 10958 10959 10886
f 10886 10959 10887
f 10959 10960 10887
f 10887 10960 10888
f 10960 10961 10888
f 10888 10961 10889
f 10961 10962 10889
f 10889 10962 10890
f 10962 10963 10890
f 10890 10963 10891
f 10963 10964 10891
f 10891 10964 10892
f 10964 10965 10892
f 10892 10965 10893
f 10965 10966 10893
f 10893 10966 10894
f 10966 10967 10894
f 10894 10967 10895
f 10967 10968 10895
f 10895 10968 10896
f 10968 10969 10896
f 10896 10969 10897
f 10969 10970 10897
f 10897 10970 10898
f 10970 10971 10898
f 10898 10971 10899
f 10971 10972 10899
f 10899 10972 10900
f 10972 10973 10900
f 10900 10973 10901
f 10973 10974 10901
f 10901 10974 10902
f 10974 10975 10902
f 10902 10975 10903
f 10975 10976 10903
f 10903 10976 10904
f 10976 10977 10904
f 10904 10977 10905
f 10977 10978 10905
f 10905 10978 10906
f 10978 10979 10906
f 10906 10979 10907
f 10979 10980 10907
f 10907 10980 10908
f 10980 10981 10908
f 10908 10981 10909
f 10981 10982 10909
f 10909 10982 10910
f 10982 10983 10910
f 10910 10983 10911
f 10983 10984 10911
f 10911 10984 10912
f 10984 10985 10912
f 10912 10985 10913
f 10985 10986 10913
f 10913 10986 10914
f 10986 10987 10914
f 10914 10987 10915
f 10987 10988 10915
f 10915 10988 10916
f 10988 10989 10916
f 10916 10989 10917
f 10989 10990 10917
f 10917 10990 10918
f 10990 10991 10918
f 10918 10991 10919
f 10991 10992 10919
f 10919 10992 10920
f 10992 10993 10920
f 10920 10993 10921
f 10993 10994 10921
f 10921 10994 10922
f 10994 10995 10922
f 10922 10995 10923
f 10995 10996 10923
f 10923 10996 10924
f 10996 10997 10924
f 10924 10997 10925
f 10997 10998 10925
f 10925 10998 10926
f 10998 10999 10926
f 10926 10999 10927
f 10999 11000 10927
f 10927 11000 10928
f 11000 11001 10928
f 10928 11001 10929
f 11001 11002 10929
f 10929 11002 10930
f 11002 11003 10930
f 10930 11003 10931
f 11003 11004 10931
f 10931 11004 10932
f 11004 11005 10932
f 10932 11005 10933
f 11005 11006 10933
f 10933 11006 10934
f 11006 11007 10934
f 10934 11007 10935
f 11007 11008 10935
f 10935 11008 10936
f 11008 11009 10936
f 10936 11009 10937
f 11009 11010 10937
f 10937 11010 10938
f 11010 10939 10938
f 11010 11011 10939
f 11011 11012 10939
f 10939 11012 10940
f 11012 11013 10940
f 10940 11013 10941
f 11013 11014 10941
f 10941 11014 10942
f 11014 11015 10942
f 10942 11015 10943
f 11015 11016 10943
f 10943 11016 10944
f 11016 11017 10944
f 10944 11017 10945
f 11017 11018 10945
f 10945 11018 10946
f 11018 11019 10946
f 10946 11019 10947
f 11019 11020 10947
f 10947 11020 10948
f 11020 11021 10948
f 10948 11021 10949
f 11021 11022 10949
f 10949 11022 10950
f 11022 11023 10950
f 10950 11023 10951
f 11023 11024 10951
f 10951 11024 10952
f 11024 11025 10952
f 10952 11025 10953
f 11025 11026 10953
f 10953 11026 10954
f 11026 11027 10954
f 10954 11027 10955
f 11027 11028 10955
f 10955 11028 10956
f 11028 11029 10956
f 10956 11029 10957
f 11029 11030 10957
f 10957 11030 10958
f 11030 11031 10958
f 10958 11031 10959
f 11031 11032 10959
f 10959 11032 10960
f 11032 11033 10960
f 10960 11033 10961
f 11033 11034 10961
f 10961 11034 10962
f 11034 11035 10962
f 10962 11035 10963
f 11035 11036 10963
f 10963 11036 10964
f 11036 11037 10964
f 10964 11037 10965
f 11037 11038 10965
f 10965 11038 10966
f 11038 11039 10966
f 10966 11039 10967
f 11039 11040 10967
f 10967 11040 10968
f 11040 11041 10968
f 10968 11041 10969
f 11041 11042 10969
f 10969 11042 10970
f 11042 11043 10970
f 10970 11043 10971
f 11043 11044 10971
f 10971 11044 10972
f 11044 11045 10972
f 10972 11045 10973
f 11045 11046 10973
f 10973 11046 10974
f 11046 11047 10974
f 10974 11047 10975
f 11047 11048 10975
f 10975 11048 10976
f 11048 11049 10976
f 10976 11049 10977
f 11049 11050 10977
f 10977 11050 10978
f 11050 11051 10978
f 10978 11051 10979
f 11051 11052 10979
f 10979 11052 10980
f 11052 11053 10980
f 10980 11053 10981
f 11053 11054 10981
f 10981 11054 10982
f 11054 11055 10982
f 10982 11055 10983
f 11055 11056 10983
f 10983 11056 10984
f 11056 11057 10984
f 10984 11057 10985
f 11057 11058 10985
f 10985 11058 10986
f 11058 11059 10986
f 10986 11059 10987
f 11059 11060 10987
f 10987 11060 10988
f 11060 11061 10988
f 10988 11061 10989
f 11061 11062 10989
f 10989 11062 10990
f 11062 11063 10990
f 10990 11063 10991
f 11063 11064 10991
f 10991 11064 10992
f 11064 11065 10992
f 10992 11065 10993
f 11065 11066 10993
f 10993 11066 10994
f 11066 11067 10994
f 10994 11067 10995
f 11067 11068 10995
f 10995 11068 10996
f 11068 11069 10996
f 10996 11069 10997
f 11069 11070 10997
f 10997 11070 10998
f 11070 11071 10998
f 10998 11071 10999
f 11071 11072 10999
f 10999 11072 11000
f 11072 11073 11000
f 11000 11073 11001
f 11073 11074 11001
f 11001 11074 11002
f 11074 11075 11002
f 11002 11075 11003
f 11075 11076 11003
f 11003 11076 11004
f 11076 11077 11004
f 11004 11077 11005
f 11077 11078 11005
f 11005 11078 11006
f 11078 11079 11006
f 11006 11079 11007
f 11079 11080 11007
f 11007 11080 11008
f 11080 11081 11008
f 11008 11081 11009
f 11081 11082 11009
f 11009 11082 11010
f 11082 11011 11010
f 11082 11083 11011
f 11083 11084 11011
f 11011 11084 11012
f 11084 11085 11012
f 11012 11085 11013
f 11085 11086 11013
f 11013 11086 11014
f 11086 11087 11014
f 11014 11087 11015
f 11087 11088 11015
f 11015 11088 11016
f 11088 11089 11016
f 11016 11089 11017
f 11089 11090 11017
f 11017 11090 11018
f 11090 11091 11018
f 11018 11091 11019
f 11091 11092 11019
f 11019 11092 11020
f 11092 11093 11020
f 11020 11093 11021
f 11093 11094 11021
f 11021 11094 11022
f 11094 11095 11022
f 11022 11095 11023
f 11095 11096 11023
f 11023 11096 11024
f 11096 11097 11024
f 11024 11097 11025
f 11097 11098 11025
f 11025 11098 11026
f 11098 11099 11026
f 11026 11099 11027
f 11099 11100 11027
f 11027 11100 11028
f 11100 11101 11028
f 11028 11101 11029
f 11101 11102 11029
f 11029 11102 11030
f 11102 11103 11030
f 11030 11103 11031
f 11103 11104 11031
f 11031 11104 11032
f 11104 11105 11032
f 11032 11105 11033
f 11105 11106 11033
f 11033 11106 11034
f 11106 11107 11034
f 11034 11107 11035
f 11107 11108 11035
f 11035 11108 11036
f 11108 11109 11036
f 11036 11109 11037
f 11109 11110 11037
f 11037 11110 11038
f 11110 11111 11038
f 11038 11111 11039
f 11111 11112 11039
f 11039 11112 11040
f 11112 11113 11040
f 11040 11113 11041
f 11113 11114 11041
f 11041 11114 11042
f 11114 11115 11042
f 11042 11115 11043
f 11115 11116 11043
f 11043 11116 11044
f 11116 11117 11044
f 11044 11117 11045
f 11117 11118 11045
f 11045 11118 11046
f 11118 11119 11046
f 11046 11119 11047
f 11119 11120 11047
f 11047 11120 11048
f 11120 11121 11048
f 11048 11121 11049
f 11121 11122 11049
f 11049 11122 11050
f 11122 11123 11050
f 11050 11123 11051
f 11123 11124 11051
f 11051 11124 11052
f 11124 11125 11052
f 11052 11125 11053
f 11125 11126 11053
f 11053 11126 11054
f 11126 11127 11054
f 11054 11127 11055
f 11127 11128 11055
f 11055 11128 11056
f 11128 11129 11056
f 11056 11129 11057
f 11129 11130 11057
f 11057 11130 11058
f 11130 11131 11058
f 11058 11131 11059
f 11131 11132 11059
f 11059 11132 11060
f 11132 11133 11060
f 11060 11133 11061
f 11133 11134 11061
f 11061 11134 11062
f 11134 11135 11062
f 11062 11135 11063
f 11135 11136 11063
f 11063 11136 11064
f 11136 11137 11064
f 11064 11137 11065
f 11137 11138 11065
f 11065 11138 11066
f 11138 11139 11066
f 11066 11139 11067
f 11139 11140 11067
f 11067 11140 11068
f 11140 11141 11068
f 11068 11141 11069
f 11141 11142 11069
f 11069 11142 11070
f 11142 11143 11070
f 11070 11143 11071
f 11143 11144 11071
f 11071 11144 11072
f 11144 11145 11072
f 11072 11145 11073
f 11145 11146 11073
f 11073 11146 11074
f 11146 11147 11074
f 11074 11147 11075
f 11147 11148 11075
f 11075 11148 11076
f 11148 11149 11076
f 11076 11149 11077
f 11149 11150 11077
f 11077 11150 11078
f 11150 11151 11078
f 11078 11151 11079
f 11151 11152 11079
f 11079 11152 11080
f 11152 11153 11080
f 11080 11153 11081
f 11153 11154 11081
f 11081 11154 11082
f 11154 11083 11082
f 11154 11155 11083
f 11155 11156 11083
f 11083 11156 11084
f 11156 11157 11084
f 11084 11157 11085
f 11157 11158 11085
f 11085 11158 11086
f 11158 11159 11086
f 11086 11159 11087
f 11159 11160 11087
f 11087 11160 11088
f 11160 11161 11088
f 11088 11161 11089
f 11161 11162 11089
f 11089 11162 11090
f 11162 11163 11090
f 11090 11163 11091
f 11163 11164 11091
f 11091 11164 11092
f 11164 11165 11092
f 11092 11165 11093
f 11165 11166 11093
f 11093 11166 11094
f 11166 11167 11094
f 11094 11167 11095
f 11167 11168 11095
f 11095 11168 11096
f 11168 11169 11096
f 11096 11169 11097
f 11169 11170 11097
f 11097 11170 11098
f 11170 11171 11098
f 11098 11171 11099
f 11171 11172 11099
f 11099 11172 11100
f 11172 11173 11100
f 11100 11173 11101
f 11173 11174 11101
f 11101 11174 11102
f 11174 11175 11102
f 11102 11175 11103
f 11175 11176 11103
f 11103 11176 11104
f 11176 11177 11104
f 11104 11177 11105
f 11177 11178 11105
f 11105 11178 11106
f 11178 11179 11106
f 11106 11179 11107
f 11179 11180 11107
f 11107 11180 11108
f 11180 11181 11108
f 11108 11181 11109
f 11181 11182 11109
f 11109 11182 11110
f 11182 11183 11110
f 11110 11183 11111
f 11183 11184 11111
f 11111 11184 11112
f 11184 11185 11112
f 11112 11185 11113
f 11185 11186 11113
f 11113 11186 11114
f 11186 11187 11114
f 11114 11187 11115
f 11187 11188 11115
f 11115 11188 11116
f 11188 11189 11116
f 11116 11189 11117
f 11189 11190 11117
f 11117 11190 11118
f 11190 11191 11118
f 11118 11191 11119
f 11191 11192 11119
f 11119 11192 11120
f 11192 11193 11120
f 11120 11193 11121
f 11193 11194 11121
f 11121 11194 11122
f 11194 11195 11122
f 11122 11195 11123
f 11195 11196 11123
f 11123 11196 11124
f 11196 11197 11124
f 11124 11197 11125
f 11197 11198 11125
f 11125 11198 11126
f 11198 11199 11126
f 11126 11199 11127
f 11199 11200 11127
f 11127 11200 11128
f 11200 11201 11128
f 11128 11201 11129
f 11201 11202 11129
f 11129 11202 11130
f 11202 11203 11130
f 11130 11203 11131
f 11203 11204 11131
f 11131 11204 11132
f 11204 11205 11132
f 11132 11205 11133
f 11205 11206 11133
f 11133 11206 11134
f 11206 11207 11134
f 11134 11207 11135
f 11207 11208 11135
f 11135 11208 11136
f 11208 11209 11136
f 11136 11209 11137
f 11209 11210 11137
f 11137 11210 11138
f 11210 11211 11138
f 11138 11211 11139
f 11211 11212 11139
f 11139 11212 11140
f 11212 11213 11140
f 11140 11213 11141
f 11213 11214 11141
f 11141 11214 11142
f 11214 11215 11142
f 11142 11215 11143
f 11215 11216 11143
f 11143 11216 11144
f 11216 11217 11144
f 11144 11217 11145
f 11217 11218 11145
f 11145 11218 11146
f 11218 11219 11146
f 11146 11219 11147
f 11219 11220 11147
f 11147 11220 11148
f 11220 11221 11148
f 11148 11221 11149
f 11221 11222 11149
f 11149 11222 11150
f 11222 11223 11150
f 11150 11223 11151
f 11223 11224 11151
f 11151 11224 11152
f 11224 11225 11152
f 11152 11225 11153
f 11225 11226 11153
f 11153 11226 11154
f 11226 11155 11154
f 11226 11227 11155
f 11227 11228 11155
f 11155 11228 11156
f 11228 11229 11156
f 11156 11229 11157
f 11229 11230 11157
f 11157 11230 11158
f 11230 11231 11158
f 11158 11231 11159
f 11231 11232 11159
f 11159 11232 11160
f 11232 11233 11160
f 11160 11233 11161
f 11233 11234 11161
f 11161 11234 11162
f 11234 11235 11162
f 11162 11235 11163
f 11235 11236 11163
f 11163 11236 11164
f 11236 11237 11164
f 11164 11237 11165
f 11237 11238 11165
f 11165 11238 11166
f 11238 11239 11166
f 11166 11239 11167
f 11239 11240 11167
f 11167 11240 11168
f 11240 11241 11168
f 11168 11241 11169
f 11241 11242 11169
f 11169 11242 11170
f 11242 11243 11170
f 11170 11243 11171
f 11243 11244 11171
f 11171 11244 11172
f 11244 11245 11172
f 11172 11245 11173
f 11245 11246 11173
f 11173 11246 11174
f 11246 11247 11174
f 11174 11247 11175
f 11247 11248 11175
f 11175 11248 11176
f 11248 11249 11176
f 11176 11249 11177
f 11249 11250 11177
f 11177 11250 11178
f 11250 11251 11178
f 11178 11251 11179
f 11251 11252 11179
f 11179 11252 11180
f 11252 11253 11180
f 11180 11253 11181
f 11253 11254 11181
f 11181 11254 11182
f 11254 11255 11182
f 11182 11255 11183
f 11255 11256 11183
f 11183 11256 11184
f 11256 11257 11184
f 11184 11257 11185
f 11257 11258 11185
f 11185 11258 11186
f 11258 11259 11186
f 11186 11259 11187
f 11259 11260 11187
f 11187 11260 11188
f 11260 11261 11188
f 11188 11261 11189
f 11261 11262 11189
f 11189 11262 11190
f 11262 11263 11190
f 11190 11263 11191
f 11263 11264 11191
f 11191 11264 11192
f 11264 11265 11192
f 11192 11265 11193
f 11265 11266 11193
f 11193 11266 11194
f 11266 11267 11194
f 11194 11267 11195
f 11267 11268 11195
f 11195 11268 11196
f 11268 11269 11196
f 11196 11269 11197
f 11269 11270 11197
f 11197 11270 11198
f 11270 11271 11198
f 11198 11271 11199
f 11271 11272 11199
f 11199 11272 11200
f 11272 11273 11200
f 11200 11273 11201
f 11273 11274 11201
f 11201 11274 11202
f 11274 11275 11202
f 11202 11275 11203
f 11275 11276 11203
f 11203 11276 11204
f 11276 11277 11204
f 11204 11277 11205
f 11277 11278 11205
f 11205 11278 11206
f 11278 11279 11206
f 11206 11279 11207
f 11279 11280 11207
f 11207 11280 11208
f 11280 11281 11208
f 11208 11281 11209
f 11281 11282 11209
f 11209 11282 11210
f 11282 11283 11210
f 11210 11283 11211
f 11283 11284 11211
f 11211 11284 11212
f 11284 11285 11212
f 11212 11285 11213
f 11285 11286 11213
f 11213 11286 11214
f 11286 11287 11214
f 11214 11287 11215
f 11287 11288 11215
f 11215 11288 11216
f 11288 11289 11216
f 11216 11289 11217
f 11289 11290 11217
f 11217 11290 11218
f 11290 11291 11218
f 11218 11291 11219
f 11291 11292 11219
f 11219 11292 11220
f 11292 11293 11220
f 11220 11293 11221
f 11293 11294 11221
f 11221 11294 11222
f 11294 11295 11222
f 11222 11295 11223
f 11295 11296 11223
f 11223 11296 11224
f 11296 11297 11224
f 11224 11297 11225
f 11297 11298 11225
f 11225 11298 11226
f 11298 11227 11226
f 11298 8717 11227
f 8717 8718 11227
f 11227 8718 11228
f 8718 8719 11228
f 11228 8719 11229
f 8719 8720 11229
f 11229 8720 11230
f 8720 8721 11230
f 11230 8721 11231
f 8721 8722 11231
f 11231 8722 11232
f 8722 8723 11232
f 11232 8723 11233
f 8723 8724 11233
f 11233 8724 11234
f 8724 8725 11234
f 11234 8725 11235
f 8725 8726 11235
f 11235 8726 11236
f 8726 8727 11236
f 11236 8727 11237
f 8727 8728 11237
f 11237 8728 11238
f 8728 8729 11238
f 11238 8729 11239
f 8729 8730 11239
f 11239 8730 11240
f 8730 8731 11240
f 11240 8731 11241
f 8731 8732 11241
f 11241 8732 11242
f 8732 8733 11242
f 11242 8733 11243
f 8733 8662 11243
f 11243 8662 11244
f 8662 8663 11244
f 11244 8663 11245
f 8663 8664 11245
f 11245 8664 11246
f 8664 8665 11246
f 11246 8665 11247
f 8665 8666 11247
f 11247 8666 11248
f 8666 8667 11248
f 11248 8667 11249
f 8667 8668 11249
f 11249 8668 11250
f 8668 8669 11250
f 11250 8669 11251
f 8669 8670 11251
f 11251 8670 11252
f 8670 8671 11252
f 11252 8671 11253
f 8671 8672 11253
f 11253 8672 11254
f 8672 8673 11254
f 11254 8673 11255
f 8673 8674 11255
f 11255 8674 11256
f 8674 8675 11256
f 11256 8675 11257
f 8675 8676 11257
f 11257 8676 11258
f 8676 8677 11258
f 11258 8677 11259
f 8677 8678 11259
f 11259 8678 11260
f 8678 8679 11260
f 11260 8679 11261
f 8679 8680 11261
f 11261 8680 11262
f 8680 8681 11262
f 11262 8681 11263
f 8681 8682 11263
f 11263 8682 11264
f 8682 8683 11264
f 11264 8683 11265
f 8683 8684 11265
f 11265 8684 11266
f 8684 8685 11266
f 11266 8685 11267
f 8685 8686 11267
f 11267 8686 11268
f 8686 8687 11268
f 11268 8687 11269
f 8687 8688 11269
f 11269 8688 11270
f 8688 8689 11270
f 11270 8689 11271
f 8689 8690 11271
f 11271 8690 11272
f 8690 8691 11272
f 11272 8691 11273
f 8691 8692 11273
f 11273 8692 11274
f 8692 8693 11274
f 11274 8693 11275
f 8693 8694 11275
f 11275 8694 11276
f 8694 8695 11276
f 11276 8695 11277
f 8695 8696 11277
f 11277 8696 11278
f 8696 8697 11278
f 11278 8697 11279
f 8697 8698 11279
f 11279 8698 11280
f 8698 8699 11280
f 11280 8699 11281
f 8699 8700 11281
f 11281 8700 11282
f 8700 8701 11282
f 11282 8701 11283
f 8701 8702 11283
f 11283 8702 11284
f 8702 8703 11284
f 11284 8703 11285
f 8703 8704 11285
f 11285 8704 11286
f 8704 8705 11286
f 11286 8705 11287
f 8705 8706 11287
f 11287 8706 11288
f 8706 8707 11288
f 11288 8707 11289
f 8707 8708 11289
f 11289 8708 11290
f 8708 8709 11290
f 11290 8709 11291
f 8709 8710 11291
f 11291 8710 11292
f 8710 8711 11292
f 11292 8711 11293
f 8711 8712 11293
f 11293 8712 11294
f 8712 8713 11294
f 11294 8713 11295
f 8713 8714 11295
f 11295 8714 11296
f 8714 8715 11296
f 11296 8715 11297
f 8715 8716 11297
f 11297 8716 11298
f 8716 8717 11298
