v -0.017623 -0.05083 -0.00363
v -0.017619 -0.050803 -0.003651
v -0.017556 -0.050689 -0.003504
v -0.017667 -0.050935 -0.00411
v -0.01767 -0.050949 -0.00412
v -0.017628 -0.050858 -0.004288
v -0.017696 -0.051096 -0.003761
v -0.017693 -0.051079 -0.003757
v -0.017674 -0.051117 -0.003566
v -0.017695 -0.051044 -0.00395
v -0.017661 -0.050898 -0.004076
v -0.017659 -0.050888 -0.004062
v -0.017663 -0.050909 -0.004089
v -0.017656 -0.050871 -0.004033
v -0.017655 -0.050865 -0.004017
v -0.017657 -0.050879 -0.004048
v -0.017653 -0.050856 -0.003984
v -0.017653 -0.050854 -0.003967
v -0.017654 -0.050859 -0.004001
v -0.017653 -0.050854 -0.003933
v -0.017653 -0.050856 -0.003916
v -0.017653 -0.050853 -0.00395
v -0.017655 -0.050865 -0.003883
v -0.017656 -0.050871 -0.003867
v -0.017654 -0.050859 -0.003899
v -0.017659 -0.050888 -0.003838
v -0.017661 -0.050898 -0.003824
v -0.017657 -0.050879 -0.003852
v -0.017665 -0.050922 -0.0038
v -0.017667 -0.050935 -0.00379
v -0.017663 -0.050909 -0.003811
v -0.01767 -0.050949 -0.00378
v -0.013902 -0.052 -0.005576
v -0.013963 -0.051978 -0.005639
v -0.013968 -0.052003 -0.005635
v -0.014517 -0.051776 -0.006035
v -0.014594 -0.051748 -0.006071
v -0.0146 -0.051778 -0.006069
v -0.017389 -0.050731 -0.004922
v -0.017429 -0.050716 -0.004825
v -0.017436 -0.05076 -0.004844
v -0.017554 -0.050671 -0.004376
v -0.017556 -0.050689 -0.004396
v -0.017545 -0.050674 -0.004424
v -0.017545 -0.050674 -0.003476
v -0.017554 -0.050671 -0.003524
v -0.017518 -0.050684 -0.003355
v -0.017499 -0.050691 -0.003285
v -0.017571 -0.050771 -0.003446
v -0.017461 -0.050705 -0.003163
v -0.017455 -0.050707 -0.003145
v -0.017508 -0.050747 -0.003253
v -0.017389 -0.050731 -0.002978
v -0.01738 -0.050734 -0.002957
v -0.017436 -0.05076 -0.003056
v -0.017086 -0.050841 -0.002472
v -0.017036 -0.050904 -0.002394
v -0.017144 -0.050886 -0.002522
v -0.016958 -0.050888 -0.002324
v -0.016511 -0.05105 -0.001958
v -0.016442 -0.051115 -0.001911
v -0.016579 -0.051067 -0.001994
v -0.016343 -0.051111 -0.001865
v -0.015618 -0.051375 -0.001659
v -0.015546 -0.051447 -0.001653
v -0.015703 -0.051396 -0.001667
v -0.01543 -0.051444 -0.00165
v -0.014517 -0.051776 -0.001865
v -0.014459 -0.051797 -0.001895
v -0.0146 -0.051778 -0.001831
v -0.013902 -0.052 -0.002324
v -0.013891 -0.052004 -0.002335
v -0.013968 -0.052003 -0.002265
v -0.01366 -0.052088 -0.002631
v -0.013619 -0.052103 -0.002694
v -0.013716 -0.052121 -0.002573
v -0.013558 -0.052125 -0.0028
v -0.013505 -0.052165 -0.002918
v -0.013614 -0.052204 -0.00276
v -0.013471 -0.052157 -0.002978
v -0.013302 -0.052218 -0.003551
v -0.013301 -0.052219 -0.003556
v -0.013376 -0.052337 -0.003427
v -0.013318 -0.052324 -0.003717
v -0.013276 -0.052228 -0.003763
v -0.013273 -0.052229 -0.003802
v -0.013309 -0.052276 -0.003634
v -0.013285 -0.052224 -0.003665
v -0.01328 -0.052226 -0.003717
v -0.013384 -0.05238 -0.003475
v -0.013299 -0.052219 -0.003568
v -0.013304 -0.052247 -0.003596
v -0.013292 -0.052222 -0.003611
v -0.013363 -0.052196 -0.00328
v -0.013351 -0.0522 -0.00332
v -0.013359 -0.05224 -0.003344
v -0.013342 -0.052204 -0.003355
v -0.013315 -0.052214 -0.003476
v -0.013849 -0.052136 -0.00243
v -0.013774 -0.052046 -0.002472
v -0.013707 -0.052071 -0.002561
v -0.014121 -0.051998 -0.002142
v -0.014041 -0.051949 -0.002188
v -0.013963 -0.051978 -0.002261
v -0.014283 -0.051989 -0.002032
v -0.01419 -0.051895 -0.002066
v -0.014108 -0.051925 -0.002131
v -0.014454 -0.051976 -0.001937
v -0.014349 -0.051837 -0.001958
v -0.014262 -0.051869 -0.002015
v -0.014782 -0.051752 -0.001765
v -0.014691 -0.051713 -0.001789
v -0.014594 -0.051748 -0.001829
v -0.014969 -0.051724 -0.001714
v -0.014871 -0.051647 -0.001728
v -0.01477 -0.051684 -0.00176
v -0.01516 -0.051693 -0.00168
v -0.015055 -0.05158 -0.001685
v -0.014951 -0.051618 -0.001707
v -0.015353 -0.051661 -0.001662
v -0.015242 -0.051512 -0.001659
v -0.015135 -0.051551 -0.001672
v -0.015894 -0.051362 -0.001699
v -0.015805 -0.051307 -0.001685
v -0.015695 -0.051347 -0.001667
v -0.016081 -0.051329 -0.001747
v -0.015989 -0.05124 -0.001728
v -0.01588 -0.05128 -0.0017
v -0.016263 -0.051297 -0.001811
v -0.016169 -0.051175 -0.001789
v -0.016061 -0.051214 -0.00175
v -0.016741 -0.051048 -0.002102
v -0.01667 -0.050993 -0.002066
v -0.016572 -0.051028 -0.001998
v -0.016894 -0.051032 -0.002224
v -0.016819 -0.050938 -0.002188
v -0.016728 -0.050971 -0.002111
v -0.017264 -0.050892 -0.002677
v -0.0172 -0.050799 -0.002631
v -0.017134 -0.050824 -0.002535
v -0.017267 -0.050815 -0.002718
v -0.017354 -0.050808 -0.002862
v -0.017302 -0.050763 -0.0028
v -0.017344 -0.050747 -0.002882
v -0.017558 -0.050669 -0.003551
v -0.017559 -0.050669 -0.003556
v -0.017614 -0.050778 -0.003674
v -0.01761 -0.050756 -0.003699
v -0.017568 -0.050666 -0.003611
v -0.017607 -0.050735 -0.003726
v -0.017575 -0.050663 -0.003665
v -0.017603 -0.050717 -0.003755
v -0.01758 -0.050661 -0.003717
v -0.017583 -0.05066 -0.00375
v -0.017601 -0.050702 -0.003785
v -0.017584 -0.05066 -0.003763
v -0.017598 -0.050689 -0.003816
v -0.017587 -0.050659 -0.003802
v -0.017597 -0.050679 -0.003849
v -0.017589 -0.050658 -0.00384
v -0.017595 -0.050672 -0.003882
v -0.01759 -0.050658 -0.003878
v -0.017595 -0.050667 -0.003916
v -0.017591 -0.050657 -0.003914
v -0.017594 -0.050666 -0.00395
v -0.017591 -0.050657 -0.00395
v -0.017595 -0.050667 -0.003984
v -0.017591 -0.050657 -0.003986
v -0.017595 -0.050672 -0.004018
v -0.01759 -0.050658 -0.004022
v -0.017597 -0.050679 -0.004051
v -0.017589 -0.050658 -0.00406
v -0.017598 -0.050689 -0.004084
v -0.017587 -0.050659 -0.004098
v -0.017601 -0.050702 -0.004115
v -0.017584 -0.05066 -0.004137
v -0.017583 -0.05066 -0.00415
v -0.017603 -0.050717 -0.004145
v -0.01758 -0.050661 -0.004183
v -0.017607 -0.050735 -0.004174
v -0.017575 -0.050663 -0.004235
v -0.01761 -0.050756 -0.004201
v -0.017568 -0.050666 -0.004289
v -0.017614 -0.050778 -0.004226
v -0.017559 -0.050669 -0.004344
v -0.017558 -0.050669 -0.004349
v -0.017619 -0.050803 -0.004249
v -0.017508 -0.050747 -0.004647
v -0.017455 -0.050707 -0.004755
v -0.017461 -0.050705 -0.004737
v -0.017519 -0.050808 -0.004673
v -0.017344 -0.050747 -0.005018
v -0.01738 -0.050734 -0.004943
v -0.017449 -0.050838 -0.004869
v -0.017354 -0.050808 -0.005038
v -0.017267 -0.050815 -0.005182
v -0.017302 -0.050763 -0.0051
v -0.0172 -0.050799 -0.005269
v -0.017264 -0.050892 -0.005223
v -0.017144 -0.050886 -0.005378
v -0.017134 -0.050824 -0.005365
v -0.017036 -0.050904 -0.005506
v -0.017086 -0.050841 -0.005428
v -0.016958 -0.050888 -0.005576
v -0.017036 -0.051019 -0.005541
v -0.016894 -0.051032 -0.005676
v -0.016741 -0.051048 -0.005798
v -0.016819 -0.050938 -0.005712
v -0.016874 -0.050918 -0.005661
v -0.016572 -0.051028 -0.005902
v -0.01667 -0.050993 -0.005834
v -0.016728 -0.050971 -0.005789
v -0.016579 -0.051067 -0.005906
v -0.016442 -0.051115 -0.005989
v -0.016511 -0.05105 -0.005942
v -0.016343 -0.051111 -0.006035
v -0.01644 -0.051266 -0.006009
v -0.016263 -0.051297 -0.006089
v -0.016081 -0.051329 -0.006153
v -0.016169 -0.051175 -0.006111
v -0.016238 -0.05115 -0.006083
v -0.015894 -0.051362 -0.006201
v -0.015989 -0.05124 -0.006172
v -0.016061 -0.051214 -0.00615
v -0.015695 -0.051347 -0.006233
v -0.015805 -0.051307 -0.006215
v -0.01588 -0.05128 -0.0062
v -0.015703 -0.051396 -0.006233
v -0.015546 -0.051447 -0.006247
v -0.015618 -0.051375 -0.006241
v -0.015321 -0.051483 -0.006247
v -0.01543 -0.051444 -0.00625
v -0.015353 -0.051661 -0.006238
v -0.015546 -0.051627 -0.00624
v -0.015242 -0.051512 -0.006241
v -0.01516 -0.051693 -0.00622
v -0.015135 -0.051551 -0.006228
v -0.015055 -0.05158 -0.006215
v -0.014969 -0.051724 -0.006186
v -0.014951 -0.051618 -0.006193
v -0.014782 -0.051752 -0.006135
v -0.014691 -0.051713 -0.006111
v -0.01477 -0.051684 -0.00614
v -0.014871 -0.051647 -0.006172
v -0.014454 -0.051976 -0.005963
v -0.014424 -0.05181 -0.005986
v -0.014459 -0.051797 -0.006005
v -0.014632 -0.05196 -0.006044
v -0.014349 -0.051837 -0.005942
v -0.014283 -0.051989 -0.005868
v -0.014262 -0.051869 -0.005885
v -0.01419 -0.051895 -0.005834
v -0.014121 -0.051998 -0.005758
v -0.014108 -0.051925 -0.005769
v -0.014041 -0.051949 -0.005712
v -0.013891 -0.052004 -0.005565
v -0.013993 -0.052147 -0.005603
v -0.013849 -0.052136 -0.00547
v -0.01366 -0.052088 -0.005269
v -0.013707 -0.052071 -0.005339
v -0.013716 -0.052121 -0.005327
v -0.013774 -0.052046 -0.005428
v -0.01383 -0.052026 -0.005496
v -0.013737 -0.052237 -0.005289
v -0.013614 -0.052204 -0.00514
v -0.013619 -0.052103 -0.005206
v -0.013505 -0.052165 -0.004982
v -0.013558 -0.052125 -0.0051
v -0.013598 -0.052111 -0.00517
v -0.01352 -0.052252 -0.004945
v -0.013423 -0.052193 -0.004786
v -0.013471 -0.052157 -0.004922
v -0.013359 -0.05224 -0.004556
v -0.013351 -0.0522 -0.00458
v -0.013363 -0.052196 -0.00462
v -0.013447 -0.052331 -0.004705
v -0.013368 -0.05229 -0.004516
v -0.013315 -0.052214 -0.004424
v -0.013342 -0.052204 -0.004545
v -0.013376 -0.052337 -0.004473
v -0.013301 -0.052219 -0.004344
v -0.013302 -0.052218 -0.004349
v -0.013384 -0.05238 -0.004425
v -0.013304 -0.052247 -0.004304
v -0.013299 -0.052219 -0.004332
v -0.013314 -0.052302 -0.004226
v -0.01328 -0.052226 -0.004183
v -0.013285 -0.052224 -0.004235
v -0.01763 -0.051107 -0.00337
v -0.017668 -0.051084 -0.003561
v -0.01769 -0.051063 -0.003755
v -0.017579 -0.050815 -0.004478
v -0.017634 -0.050888 -0.004304
v -0.017672 -0.050964 -0.004128
v -0.017565 -0.051067 -0.003181
v -0.017621 -0.051057 -0.003368
v -0.017662 -0.05105 -0.00356
v -0.017687 -0.051046 -0.003754
v -0.017628 -0.050858 -0.003612
v -0.017563 -0.050729 -0.003473
v -0.017526 -0.050681 -0.00339
v -0.017563 -0.050729 -0.004427
v -0.017571 -0.050771 -0.004454
v -0.017623 -0.05083 -0.00427
v -0.017665 -0.050922 -0.0041
v -0.017587 -0.050861 -0.004497
v -0.017639 -0.050919 -0.004317
v -0.017675 -0.05098 -0.004134
v -0.017478 -0.050999 -0.003002
v -0.017553 -0.051001 -0.003183
v -0.017612 -0.051007 -0.00337
v -0.017656 -0.051017 -0.003561
v -0.017684 -0.051029 -0.003755
v -0.017672 -0.050964 -0.003772
v -0.017675 -0.05098 -0.003766
v -0.017634 -0.050888 -0.003596
v -0.017639 -0.050919 -0.003583
v -0.017579 -0.050815 -0.003422
v -0.017587 -0.050861 -0.003403
v -0.017519 -0.050808 -0.003227
v -0.017429 -0.050716 -0.003075
v -0.017497 -0.050691 -0.00328
v -0.017497 -0.050691 -0.00462
v -0.017499 -0.050691 -0.004615
v -0.017518 -0.050684 -0.004545
v -0.017526 -0.050681 -0.00451
v -0.017371 -0.050903 -0.002841
v -0.017464 -0.050917 -0.003013
v -0.017541 -0.050936 -0.003192
v -0.017604 -0.050958 -0.003377
v -0.01765 -0.050983 -0.003566
v -0.017681 -0.051012 -0.003757
v -0.017449 -0.050838 -0.003031
v -0.01753 -0.050871 -0.003207
v -0.017595 -0.050909 -0.003388
v -0.017645 -0.050951 -0.003573
v -0.017678 -0.050996 -0.003761
v -0.017678 -0.050996 -0.004139
v -0.017645 -0.050951 -0.004327
v -0.017595 -0.050909 -0.004512
v -0.01753 -0.050871 -0.004693
v -0.017681 -0.051012 -0.004143
v -0.01765 -0.050983 -0.004334
v -0.017604 -0.050958 -0.004523
v -0.017541 -0.050936 -0.004708
v -0.017464 -0.050917 -0.004887
v -0.017371 -0.050903 -0.005059
v -0.017388 -0.050999 -0.002828
v -0.017284 -0.051002 -0.002662
v -0.017166 -0.051009 -0.002505
v -0.017036 -0.051019 -0.002359
v -0.016874 -0.050918 -0.002239
v -0.017684 -0.051029 -0.004145
v -0.017656 -0.051017 -0.004339
v -0.017612 -0.051007 -0.00453
v -0.017553 -0.051001 -0.004717
v -0.017478 -0.050999 -0.004898
v -0.017388 -0.050999 -0.005072
v -0.017284 -0.051002 -0.005238
v -0.017166 -0.051009 -0.005395
v -0.017492 -0.05108 -0.002999
v -0.017405 -0.051096 -0.002824
v -0.017303 -0.051113 -0.002657
v -0.017188 -0.051134 -0.0025
v -0.01706 -0.051156 -0.002353
v -0.01692 -0.051181 -0.002218
v -0.016769 -0.051208 -0.002095
v -0.016609 -0.051236 -0.001986
v -0.01644 -0.051266 -0.001891
v -0.016238 -0.05115 -0.001817
v -0.017687 -0.051046 -0.004146
v -0.017662 -0.05105 -0.00434
v -0.017621 -0.051057 -0.004532
v -0.017565 -0.051067 -0.004719
v -0.017492 -0.05108 -0.004901
v -0.017405 -0.051096 -0.005076
v -0.017303 -0.051113 -0.005243
v -0.017188 -0.051134 -0.0054
v -0.01706 -0.051156 -0.005547
v -0.01692 -0.051181 -0.005682
v -0.016769 -0.051208 -0.005805
v -0.016609 -0.051236 -0.005914
v -0.01769 -0.051063 -0.004145
v -0.017668 -0.051084 -0.004339
v -0.01763 -0.051107 -0.00453
v -0.017576 -0.051133 -0.004717
v -0.017507 -0.051162 -0.004898
v -0.017422 -0.051192 -0.005072
v -0.017323 -0.051224 -0.005238
v -0.01721 -0.051258 -0.005395
v -0.017084 -0.051293 -0.005541
v -0.016946 -0.05133 -0.005676
v -0.016797 -0.051367 -0.005798
v -0.016639 -0.051404 -0.005906
v -0.016471 -0.051442 -0.006001
v -0.016296 -0.05148 -0.00608
v -0.016114 -0.051518 -0.006145
v -0.015928 -0.051555 -0.006193
v -0.015738 -0.051592 -0.006224
v -0.017576 -0.051133 -0.003183
v -0.017507 -0.051162 -0.003002
v -0.017422 -0.051192 -0.002828
v -0.017323 -0.051224 -0.002662
v -0.01721 -0.051258 -0.002505
v -0.017084 -0.051293 -0.002359
v -0.016946 -0.05133 -0.002224
v -0.016797 -0.051367 -0.002102
v -0.016639 -0.051404 -0.001994
v -0.016471 -0.051442 -0.001899
v -0.016296 -0.05148 -0.00182
v -0.016114 -0.051518 -0.001755
v -0.015928 -0.051555 -0.001707
v -0.015738 -0.051592 -0.001676
v -0.015546 -0.051627 -0.00166
v -0.015321 -0.051483 -0.001653
v -0.017693 -0.051079 -0.004143
v -0.017674 -0.051117 -0.004334
v -0.017639 -0.051157 -0.004523
v -0.017588 -0.051199 -0.004708
v -0.017521 -0.051243 -0.004887
v -0.017439 -0.051288 -0.005059
v -0.017342 -0.051335 -0.005223
v -0.017232 -0.051382 -0.005378
v -0.017108 -0.051429 -0.005523
v -0.016972 -0.051477 -0.005656
v -0.016825 -0.051525 -0.005777
v -0.016668 -0.051572 -0.005884
v -0.016502 -0.051618 -0.005977
v -0.016328 -0.051663 -0.006056
v -0.016148 -0.051706 -0.006119
v -0.015962 -0.051747 -0.006167
v -0.015772 -0.051786 -0.006198
v -0.01558 -0.051823 -0.006214
v -0.015387 -0.051856 -0.006212
v -0.015194 -0.051887 -0.006194
v -0.015003 -0.051915 -0.00616
v -0.014815 -0.051939 -0.00611
v -0.017639 -0.051157 -0.003377
v -0.017588 -0.051199 -0.003192
v -0.017521 -0.051243 -0.003013
v -0.017439 -0.051288 -0.002841
v -0.017342 -0.051335 -0.002677
v -0.017232 -0.051382 -0.002522
v -0.017108 -0.051429 -0.002377
v -0.016972 -0.051477 -0.002244
v -0.016825 -0.051525 -0.002123
v -0.016668 -0.051572 -0.002016
v -0.016502 -0.051618 -0.001923
v -0.016328 -0.051663 -0.001844
v -0.016148 -0.051706 -0.001781
v -0.015962 -0.051747 -0.001733
v -0.015772 -0.051786 -0.001702
v -0.01558 -0.051823 -0.001686
v -0.015387 -0.051856 -0.001688
v -0.015194 -0.051887 -0.001706
v -0.015003 -0.051915 -0.00174
v -0.014815 -0.051939 -0.00179
v -0.014632 -0.05196 -0.001856
v -0.014424 -0.05181 -0.001914
v -0.017696 -0.051096 -0.004139
v -0.01768 -0.05115 -0.004327
v -0.017647 -0.051206 -0.004512
v -0.017599 -0.051264 -0.004693
v -0.017535 -0.051323 -0.004869
v -0.017456 -0.051383 -0.005038
v -0.017361 -0.051443 -0.005199
v -0.017253 -0.051503 -0.005351
v -0.017132 -0.051563 -0.005493
v -0.016998 -0.051623 -0.005623
v -0.016853 -0.05168 -0.005742
v -0.016697 -0.051736 -0.005847
v -0.016532 -0.05179 -0.005939
v -0.01636 -0.051842 -0.006016
v -0.01618 -0.05189 -0.006078
v -0.015995 -0.051936 -0.006125
v -0.015806 -0.051978 -0.006155
v -0.015614 -0.052015 -0.00617
v -0.015421 -0.052049 -0.006169
v -0.015228 -0.052078 -0.006151
v -0.015036 -0.052103 -0.006118
v -0.014848 -0.052123 -0.006069
v -0.014663 -0.052138 -0.006004
v -0.014484 -0.052148 -0.005925
v -0.014312 -0.052153 -0.005831
v -0.014148 -0.052152 -0.005723
v -0.01768 -0.05115 -0.003573
v -0.017647 -0.051206 -0.003388
v -0.017599 -0.051264 -0.003207
v -0.017535 -0.051323 -0.003031
v -0.017456 -0.051383 -0.002862
v -0.017361 -0.051443 -0.002701
v -0.017253 -0.051503 -0.002549
v -0.017132 -0.051563 -0.002407
v -0.016998 -0.051623 -0.002277
v -0.016853 -0.05168 -0.002158
v -0.016697 -0.051736 -0.002053
v -0.016532 -0.05179 -0.001961
v -0.01636 -0.051842 -0.001884
v -0.01618 -0.05189 -0.001822
v -0.015995 -0.051936 -0.001775
v -0.015806 -0.051978 -0.001745
v -0.015614 -0.052015 -0.00173
v -0.015421 -0.052049 -0.001731
v -0.015228 -0.052078 -0.001749
v -0.015036 -0.052103 -0.001782
v -0.014848 -0.052123 -0.001831
v -0.014663 -0.052138 -0.001896
v -0.014484 -0.052148 -0.001975
v -0.014312 -0.052153 -0.002069
v -0.014148 -0.052152 -0.002177
v -0.013993 -0.052147 -0.002297
v -0.01383 -0.052026 -0.002404
v -0.017698 -0.051112 -0.004134
v -0.017685 -0.051182 -0.004317
v -0.017656 -0.051253 -0.004497
v -0.01761 -0.051327 -0.004673
v -0.017549 -0.051401 -0.004844
v -0.017472 -0.051475 -0.005008
v -0.01738 -0.051549 -0.005165
v -0.017274 -0.051622 -0.005313
v -0.017155 -0.051694 -0.005451
v -0.017023 -0.051764 -0.005578
v -0.01688 -0.051832 -0.005693
v -0.016726 -0.051897 -0.005795
v -0.016562 -0.051959 -0.005885
v -0.016391 -0.052017 -0.00596
v -0.016212 -0.052071 -0.00602
v -0.016028 -0.05212 -0.006065
v -0.015839 -0.052165 -0.006095
v -0.015647 -0.052204 -0.00611
v -0.015454 -0.052237 -0.006109
v -0.015261 -0.052265 -0.006092
v -0.015069 -0.052287 -0.006059
v -0.014879 -0.052303 -0.006011
v -0.014694 -0.052312 -0.005948
v -0.014514 -0.052315 -0.005871
v -0.01434 -0.052312 -0.00578
v -0.014174 -0.052303 -0.005675
v -0.014018 -0.052287 -0.005558
v -0.013872 -0.052265 -0.005429
v -0.017698 -0.051112 -0.003766
v -0.017685 -0.051182 -0.003583
v -0.017656 -0.051253 -0.003403
v -0.01761 -0.051327 -0.003227
v -0.017549 -0.051401 -0.003056
v -0.017472 -0.051475 -0.002892
v -0.01738 -0.051549 -0.002735
v -0.017274 -0.051622 -0.002587
v -0.017155 -0.051694 -0.002449
v -0.017023 -0.051764 -0.002322
v -0.01688 -0.051832 -0.002207
v -0.016726 -0.051897 -0.002105
v -0.016562 -0.051959 -0.002015
v -0.016391 -0.052017 -0.00194
v -0.016212 -0.052071 -0.00188
v -0.016028 -0.05212 -0.001835
v -0.015839 -0.052165 -0.001805
v -0.015647 -0.052204 -0.00179
v -0.015454 -0.052237 -0.001791
v -0.015261 -0.052265 -0.001808
v -0.015069 -0.052287 -0.001841
v -0.014879 -0.052303 -0.001889
v -0.014694 -0.052312 -0.001952
v -0.014514 -0.052315 -0.002029
v -0.01434 -0.052312 -0.00212
v -0.014174 -0.052303 -0.002225
v -0.014018 -0.052287 -0.002342
v -0.013872 -0.052265 -0.002471
v -0.013737 -0.052237 -0.002611
v -0.013598 -0.052111 -0.00273
v -0.017701 -0.051127 -0.004128
v -0.017691 -0.051213 -0.004304
v -0.017664 -0.0513 -0.004478
v -0.017621 -0.051388 -0.004647
v -0.017562 -0.051476 -0.004812
v -0.017488 -0.051564 -0.004971
v -0.017398 -0.051652 -0.005122
v -0.017294 -0.051737 -0.005264
v -0.017177 -0.051821 -0.005397
v -0.017047 -0.051902 -0.00552
v -0.016905 -0.05198 -0.005631
v -0.016753 -0.052053 -0.00573
v -0.016591 -0.052123 -0.005816
v -0.01642 -0.052187 -0.005888
v -0.016243 -0.052246 -0.005947
v -0.016059 -0.052299 -0.00599
v -0.015871 -0.052346 -0.006019
v -0.01568 -0.052386 -0.006033
v -0.015486 -0.05242 -0.006032
v -0.015293 -0.052446 -0.006016
v -0.0151 -0.052465 -0.005984
v -0.01491 -0.052477 -0.005938
v -0.014723 -0.052481 -0.005877
v -0.014542 -0.052478 -0.005803
v -0.014367 -0.052467 -0.005715
v -0.0142 -0.052448 -0.005614
v -0.014042 -0.052423 -0.005501
v -0.013894 -0.05239 -0.005377
v -0.013757 -0.05235 -0.005242
v -0.013632 -0.052304 -0.005098
v -0.017701 -0.051127 -0.003772
v -0.017691 -0.051213 -0.003596
v -0.017664 -0.0513 -0.003422
v -0.017621 -0.051388 -0.003253
v -0.017562 -0.051476 -0.003088
v -0.017488 -0.051564 -0.002929
v -0.017398 -0.051652 -0.002778
v -0.017294 -0.051737 -0.002636
v -0.017177 -0.051821 -0.002503
v -0.017047 -0.051902 -0.00238
v -0.016905 -0.05198 -0.002269
v -0.016753 -0.052053 -0.00217
v -0.016591 -0.052123 -0.002084
v -0.01642 -0.052187 -0.002012
v -0.016243 -0.052246 -0.001953
v -0.016059 -0.052299 -0.00191
v -0.015871 -0.052346 -0.001881
v -0.01568 -0.052386 -0.001867
v -0.015486 -0.05242 -0.001868
v -0.015293 -0.052446 -0.001884
v -0.0151 -0.052465 -0.001916
v -0.01491 -0.052477 -0.001962
v -0.014723 -0.052481 -0.002023
v -0.014542 -0.052478 -0.002097
v -0.014367 -0.052467 -0.002185
v -0.0142 -0.052448 -0.002286
v -0.014042 -0.052423 -0.002399
v -0.013894 -0.05239 -0.002523
v -0.013757 -0.05235 -0.002658
v -0.013632 -0.052304 -0.002802
v -0.01352 -0.052252 -0.002955
v -0.013423 -0.052193 -0.003114
v -0.013399 -0.052183 -0.003163
v -0.017704 -0.051142 -0.00412
v -0.017696 -0.051242 -0.004288
v -0.017672 -0.051344 -0.004454
v -0.017631 -0.051446 -0.004616
v -0.017575 -0.051549 -0.004774
v -0.017503 -0.05165 -0.004925
v -0.017416 -0.05175 -0.00507
v -0.017314 -0.051848 -0.005206
v -0.017199 -0.051943 -0.005333
v -0.01707 -0.052034 -0.00545
v -0.01693 -0.052121 -0.005556
v -0.016779 -0.052203 -0.005651
v -0.016619 -0.052279 -0.005733
v -0.016449 -0.05235 -0.005802
v -0.016272 -0.052414 -0.005858
v -0.016089 -0.05247 -0.0059
v -0.015902 -0.05252 -0.005927
v -0.01571 -0.052561 -0.005941
v -0.015517 -0.052595 -0.005939
v -0.015323 -0.05262 -0.005924
v -0.01513 -0.052636 -0.005894
v -0.014939 -0.052644 -0.00585
v -0.014752 -0.052643 -0.005792
v -0.01457 -0.052633 -0.00572
v -0.014393 -0.052615 -0.005636
v -0.014225 -0.052588 -0.00554
v -0.014065 -0.052553 -0.005432
v -0.013915 -0.05251 -0.005313
v -0.013776 -0.052459 -0.005184
v -0.013649 -0.052401 -0.005047
v -0.013535 -0.052336 -0.004901
v -0.013435 -0.052264 -0.004749
v -0.013399 -0.052183 -0.004737
v -0.017706 -0.051157 -0.00411
v -0.017701 -0.051271 -0.00427
v -0.017679 -0.051386 -0.004427
v -0.017641 -0.051502 -0.00458
v -0.017587 -0.051618 -0.004729
v -0.017517 -0.051732 -0.004873
v -0.017432 -0.051844 -0.005009
v -0.017332 -0.051953 -0.005138
v -0.017219 -0.052058 -0.005258
v -0.017093 -0.05216 -0.005369
v -0.016954 -0.052255 -0.005469
v -0.016804 -0.052345 -0.005559
v -0.016645 -0.052429 -0.005636
v -0.016477 -0.052505 -0.005702
v -0.0163 -0.052573 -0.005755
v -0.016118 -0.052634 -0.005794
v -0.015931 -0.052685 -0.00582
v -0.01574 -0.052728 -0.005833
v -0.015547 -0.052761 -0.005832
v -0.015352 -0.052785 -0.005817
v -0.015159 -0.052799 -0.005789
v -0.014967 -0.052803 -0.005747
v -0.014779 -0.052797 -0.005692
v -0.014596 -0.052782 -0.005625
v -0.014418 -0.052756 -0.005545
v -0.014248 -0.052721 -0.005454
v -0.014087 -0.052677 -0.005352
v -0.013935 -0.052624 -0.005239
v -0.013794 -0.052562 -0.005118
v -0.013665 -0.052493 -0.004987
v -0.013549 -0.052415 -0.00485
v -0.017704 -0.051142 -0.00378
v -0.017706 -0.051157 -0.00379
v -0.017696 -0.051242 -0.003612
v -0.017701 -0.051271 -0.00363
v -0.017672 -0.051344 -0.003446
v -0.017679 -0.051386 -0.003473
v -0.017631 -0.051446 -0.003284
v -0.017641 -0.051502 -0.00332
v -0.017575 -0.051549 -0.003126
v -0.017587 -0.051618 -0.003171
v -0.017503 -0.05165 -0.002975
v -0.017517 -0.051732 -0.003027
v -0.017416 -0.05175 -0.00283
v -0.017432 -0.051844 -0.002891
v -0.017314 -0.051848 -0.002694
v -0.017332 -0.051953 -0.002762
v -0.017199 -0.051943 -0.002567
v -0.017219 -0.052058 -0.002642
v -0.01707 -0.052034 -0.00245
v -0.017093 -0.05216 -0.002531
v -0.01693 -0.052121 -0.002344
v -0.016954 -0.052255 -0.002431
v -0.016779 -0.052203 -0.002249
v -0.016804 -0.052345 -0.002341
v -0.016619 -0.052279 -0.002167
v -0.016645 -0.052429 -0.002264
v -0.016449 -0.05235 -0.002098
v -0.016477 -0.052505 -0.002198
v -0.016272 -0.052414 -0.002042
v -0.0163 -0.052573 -0.002145
v -0.016089 -0.05247 -0.002
v -0.016118 -0.052634 -0.002106
v -0.015902 -0.05252 -0.001973
v -0.015931 -0.052685 -0.00208
v -0.01571 -0.052561 -0.001959
v -0.01574 -0.052728 -0.002067
v -0.015517 -0.052595 -0.001961
v -0.015547 -0.052761 -0.002068
v -0.015323 -0.05262 -0.001976
v -0.015352 -0.052785 -0.002083
v -0.01513 -0.052636 -0.002006
v -0.015159 -0.052799 -0.002111
v -0.014939 -0.052644 -0.00205
v -0.014967 -0.052803 -0.002153
v -0.014752 -0.052643 -0.002108
v -0.014779 -0.052797 -0.002208
v -0.01457 -0.052633 -0.00218
v -0.014596 -0.052782 -0.002275
v -0.014393 -0.052615 -0.002264
v -0.014418 -0.052756 -0.002355
v -0.014225 -0.052588 -0.00236
v -0.014248 -0.052721 -0.002446
v -0.014065 -0.052553 -0.002468
v -0.014087 -0.052677 -0.002548
v -0.013915 -0.05251 -0.002587
v -0.013935 -0.052624 -0.002661
v -0.013776 -0.052459 -0.002716
v -0.013794 -0.052562 -0.002782
v -0.013649 -0.052401 -0.002853
v -0.013665 -0.052493 -0.002913
v -0.013535 -0.052336 -0.002999
v -0.013549 -0.052415 -0.00305
v -0.013435 -0.052264 -0.003151
v -0.013447 -0.052331 -0.003195
v -0.017709 -0.05117 -0.0041
v -0.017706 -0.051297 -0.004249
v -0.017686 -0.051426 -0.004396
v -0.01765 -0.051554 -0.004539
v -0.017598 -0.051682 -0.004679
v -0.017531 -0.051808 -0.004813
v -0.017448 -0.051932 -0.00494
v -0.01735 -0.052052 -0.005061
v -0.017238 -0.052167 -0.005173
v -0.017113 -0.052278 -0.005277
v -0.016976 -0.052382 -0.005371
v -0.016828 -0.052479 -0.005454
v -0.01667 -0.052569 -0.005527
v -0.016502 -0.052651 -0.005588
v -0.016327 -0.052723 -0.005638
v -0.016145 -0.052787 -0.005675
v -0.015958 -0.052841 -0.005699
v -0.015767 -0.052885 -0.005711
v -0.015574 -0.052918 -0.00571
v -0.01538 -0.05294 -0.005696
v -0.015186 -0.052952 -0.005669
v -0.014994 -0.052952 -0.00563
v -0.014805 -0.052942 -0.005579
v -0.01462 -0.052921 -0.005516
v -0.014442 -0.052889 -0.005442
v -0.01427 -0.052846 -0.005356
v -0.014107 -0.052794 -0.005261
v -0.013954 -0.052731 -0.005156
v -0.013811 -0.05266 -0.005042
v -0.013681 -0.052579 -0.00492
v -0.013562 -0.05249 -0.004791
v -0.013458 -0.052393 -0.004656
v -0.017711 -0.051182 -0.004089
v -0.01771 -0.051322 -0.004226
v -0.017693 -0.051463 -0.004362
v -0.017659 -0.051603 -0.004494
v -0.017609 -0.051743 -0.004623
v -0.017543 -0.05188 -0.004746
v -0.017462 -0.052014 -0.004864
v -0.017366 -0.052144 -0.004975
v -0.017256 -0.052268 -0.005079
v -0.017133 -0.052387 -0.005175
v -0.016997 -0.052499 -0.005262
v -0.01685 -0.052604 -0.005339
v -0.016693 -0.052699 -0.005406
v -0.016526 -0.052786 -0.005462
v -0.016352 -0.052863 -0.005508
v -0.01617 -0.05293 -0.005542
v -0.015984 -0.052985 -0.005564
v -0.015793 -0.05303 -0.005575
v -0.0156 -0.053063 -0.005574
v -0.015405 -0.053085 -0.005562
v -0.015211 -0.053094 -0.005537
v -0.015018 -0.053091 -0.005501
v -0.014829 -0.053077 -0.005454
v -0.014643 -0.05305 -0.005396
v -0.014463 -0.053012 -0.005327
v -0.014291 -0.052963 -0.005248
v -0.014127 -0.052902 -0.00516
v -0.013972 -0.052831 -0.005063
v -0.013827 -0.05275 -0.004958
v -0.013695 -0.052659 -0.004846
v -0.013575 -0.05256 -0.004727
v -0.013468 -0.052452 -0.004602
v -0.017713 -0.051194 -0.004076
v -0.017714 -0.051345 -0.004201
v -0.017699 -0.051496 -0.004324
v -0.017667 -0.051648 -0.004445
v -0.017619 -0.051798 -0.004561
v -0.017555 -0.051945 -0.004674
v -0.017475 -0.052089 -0.004781
v -0.017381 -0.052228 -0.004882
v -0.017272 -0.052361 -0.004977
v -0.01715 -0.052488 -0.005063
v -0.017016 -0.052607 -0.005142
v -0.01687 -0.052717 -0.005212
v -0.016714 -0.052819 -0.005273
v -0.016548 -0.05291 -0.005325
v -0.016374 -0.052991 -0.005366
v -0.016193 -0.05306 -0.005397
v -0.016007 -0.053118 -0.005418
v -0.015817 -0.053164 -0.005427
v -0.015623 -0.053197 -0.005427
v -0.015429 -0.053217 -0.005415
v -0.015234 -0.053224 -0.005393
v -0.015041 -0.053219 -0.00536
v -0.01485 -0.0532 -0.005317
v -0.014664 -0.053169 -0.005264
v -0.014483 -0.053125 -0.005202
v -0.01431 -0.053069 -0.00513
v -0.014144 -0.053002 -0.00505
v -0.013988 -0.052922 -0.004962
v -0.013842 -0.052833 -0.004866
v -0.013708 -0.052733 -0.004764
v -0.013586 -0.052623 -0.004656
v -0.013478 -0.052505 -0.004543
v -0.017711 -0.051182 -0.003811
v -0.017713 -0.051194 -0.003824
v -0.01771 -0.051322 -0.003674
v -0.017714 -0.051345 -0.003699
v -0.017693 -0.051463 -0.003538
v -0.017699 -0.051496 -0.003576
v -0.017659 -0.051603 -0.003406
v -0.017667 -0.051648 -0.003455
v -0.017609 -0.051743 -0.003277
v -0.017619 -0.051798 -0.003339
v -0.017543 -0.05188 -0.003154
v -0.017555 -0.051945 -0.003226
v -0.017462 -0.052014 -0.003036
v -0.017475 -0.052089 -0.003119
v -0.017366 -0.052144 -0.002925
v -0.017381 -0.052228 -0.003018
v -0.017256 -0.052268 -0.002821
v -0.017272 -0.052361 -0.002923
v -0.017133 -0.052387 -0.002725
v -0.01715 -0.052488 -0.002837
v -0.016997 -0.052499 -0.002638
v -0.017016 -0.052607 -0.002758
v -0.01685 -0.052604 -0.002561
v -0.01687 -0.052717 -0.002688
v -0.016693 -0.052699 -0.002494
v -0.016714 -0.052819 -0.002627
v -0.016526 -0.052786 -0.002438
v -0.016548 -0.05291 -0.002575
v -0.016352 -0.052863 -0.002392
v -0.016374 -0.052991 -0.002534
v -0.01617 -0.05293 -0.002358
v -0.016193 -0.05306 -0.002503
v -0.015984 -0.052985 -0.002336
v -0.016007 -0.053118 -0.002482
v -0.015793 -0.05303 -0.002325
v -0.015817 -0.053164 -0.002473
v -0.0156 -0.053063 -0.002326
v -0.015623 -0.053197 -0.002473
v -0.015405 -0.053085 -0.002338
v -0.015429 -0.053217 -0.002485
v -0.015211 -0.053094 -0.002363
v -0.015234 -0.053224 -0.002507
v -0.015018 -0.053091 -0.002399
v -0.015041 -0.053219 -0.00254
v -0.014829 -0.053077 -0.002446
v -0.01485 -0.0532 -0.002583
v -0.014643 -0.05305 -0.002504
v -0.014664 -0.053169 -0.002636
v -0.014463 -0.053012 -0.002573
v -0.014483 -0.053125 -0.002698
v -0.014291 -0.052963 -0.002652
v -0.01431 -0.053069 -0.00277
v -0.014127 -0.052902 -0.00274
v -0.014144 -0.053002 -0.00285
v -0.013972 -0.052831 -0.002837
v -0.013988 -0.052922 -0.002938
v -0.013827 -0.05275 -0.002942
v -0.013842 -0.052833 -0.003034
v -0.013695 -0.052659 -0.003054
v -0.013708 -0.052733 -0.003136
v -0.013575 -0.05256 -0.003173
v -0.013586 -0.052623 -0.003244
v -0.013468 -0.052452 -0.003298
v -0.013478 -0.052505 -0.003357
v -0.017709 -0.05117 -0.0038
v -0.017706 -0.051297 -0.003651
v -0.017686 -0.051426 -0.003504
v -0.01765 -0.051554 -0.003361
v -0.017598 -0.051682 -0.003221
v -0.017531 -0.051808 -0.003087
v -0.017448 -0.051932 -0.00296
v -0.01735 -0.052052 -0.002839
v -0.017238 -0.052167 -0.002727
v -0.017113 -0.052278 -0.002623
v -0.016976 -0.052382 -0.002529
v -0.016828 -0.052479 -0.002446
v -0.01667 -0.052569 -0.002373
v -0.016502 -0.052651 -0.002312
v -0.016327 -0.052723 -0.002262
v -0.016145 -0.052787 -0.002225
v -0.015958 -0.052841 -0.002201
v -0.015767 -0.052885 -0.002189
v -0.015574 -0.052918 -0.00219
v -0.01538 -0.05294 -0.002204
v -0.015186 -0.052952 -0.002231
v -0.014994 -0.052952 -0.00227
v -0.014805 -0.052942 -0.002321
v -0.01462 -0.052921 -0.002384
v -0.014442 -0.052889 -0.002458
v -0.01427 -0.052846 -0.002544
v -0.014107 -0.052794 -0.002639
v -0.013954 -0.052731 -0.002744
v -0.013811 -0.05266 -0.002858
v -0.013681 -0.052579 -0.00298
v -0.013562 -0.05249 -0.003109
v -0.013458 -0.052393 -0.003244
v -0.013368 -0.05229 -0.003384
v -0.017715 -0.051204 -0.004062
v -0.017718 -0.051365 -0.004174
v -0.017704 -0.051527 -0.004284
v -0.017674 -0.051688 -0.004391
v -0.017628 -0.051848 -0.004496
v -0.017565 -0.052004 -0.004596
v -0.017487 -0.052156 -0.004692
v -0.017394 -0.052304 -0.004782
v -0.017287 -0.052445 -0.004866
v -0.017166 -0.052578 -0.004944
v -0.017033 -0.052704 -0.005014
v -0.016888 -0.05282 -0.005076
v -0.016733 -0.052927 -0.005131
v -0.016568 -0.053022 -0.005177
v -0.016394 -0.053106 -0.005214
v -0.016214 -0.053178 -0.005241
v -0.016028 -0.053237 -0.00526
v -0.015838 -0.053284 -0.005268
v -0.015645 -0.053317 -0.005268
v -0.01545 -0.053336 -0.005257
v -0.015255 -0.053342 -0.005237
v -0.015061 -0.053333 -0.005208
v -0.01487 -0.053311 -0.00517
v -0.014683 -0.053276 -0.005123
v -0.014501 -0.053227 -0.005067
v -0.014327 -0.053165 -0.005003
v -0.01416 -0.053091 -0.004931
v -0.014002 -0.053005 -0.004853
v -0.013855 -0.052907 -0.004768
v -0.013719 -0.052799 -0.004676
v -0.013596 -0.052681 -0.00458
v -0.013486 -0.052554 -0.004479
v -0.01339 -0.052418 -0.004374
v -0.013309 -0.052276 -0.004266
v -0.013292 -0.052222 -0.004289
v -0.017716 -0.051213 -0.004048
v -0.017721 -0.051383 -0.004145
v -0.017709 -0.051554 -0.004241
v -0.01768 -0.051724 -0.004335
v -0.017635 -0.051891 -0.004426
v -0.017574 -0.052056 -0.004513
v -0.017498 -0.052216 -0.004596
v -0.017406 -0.052371 -0.004675
v -0.0173 -0.052518 -0.004749
v -0.017181 -0.052658 -0.004816
v -0.017048 -0.05279 -0.004877
v -0.016904 -0.052911 -0.004932
v -0.016749 -0.053022 -0.004979
v -0.016585 -0.053121 -0.005019
v -0.016412 -0.053208 -0.005051
v -0.016232 -0.053282 -0.005076
v -0.016047 -0.053343 -0.005092
v -0.015857 -0.05339 -0.005099
v -0.015663 -0.053423 -0.005099
v -0.015468 -0.053441 -0.00509
v -0.015273 -0.053445 -0.005072
v -0.015079 -0.053435 -0.005047
v -0.014887 -0.05341 -0.005013
v -0.0147 -0.05337 -0.004972
v -0.014517 -0.053317 -0.004924
v -0.014342 -0.05325 -0.004868
v -0.014174 -0.05317 -0.004806
v -0.014015 -0.053077 -0.004737
v -0.013867 -0.052973 -0.004663
v -0.01373 -0.052857 -0.004583
v -0.013605 -0.052731 -0.004499
v -0.013494 -0.052596 -0.004411
v -0.013396 -0.052453 -0.00432
v -0.017718 -0.051221 -0.004033
v -0.017724 -0.051399 -0.004115
v -0.017713 -0.051577 -0.004196
v -0.017686 -0.051754 -0.004275
v -0.017642 -0.051929 -0.004352
v -0.017582 -0.052101 -0.004426
v -0.017507 -0.052267 -0.004496
v -0.017416 -0.052428 -0.004563
v -0.017311 -0.052582 -0.004625
v -0.017193 -0.052727 -0.004682
v -0.017061 -0.052863 -0.004734
v -0.016918 -0.052989 -0.00478
v -0.016764 -0.053103 -0.00482
v -0.0166 -0.053206 -0.004854
v -0.016428 -0.053295 -0.004881
v -0.016248 -0.053371 -0.004901
v -0.016063 -0.053433 -0.004915
v -0.015873 -0.053481 -0.004921
v -0.015679 -0.053514 -0.004921
v -0.015484 -0.053532 -0.004913
v -0.015289 -0.053534 -0.004899
v -0.015094 -0.053522 -0.004877
v -0.014902 -0.053494 -0.004849
v -0.014714 -0.053451 -0.004814
v -0.014531 -0.053394 -0.004773
v -0.014354 -0.053323 -0.004726
v -0.014186 -0.053238 -0.004673
v -0.014026 -0.05314 -0.004615
v -0.013877 -0.053029 -0.004552
v -0.013739 -0.052908 -0.004485
v -0.013613 -0.052775 -0.004414
v -0.0135 -0.052633 -0.00434
v -0.013402 -0.052482 -0.004262
v -0.013318 -0.052324 -0.004183
v -0.013277 -0.052227 -0.00415
v -0.017719 -0.051227 -0.004017
v -0.017726 -0.051411 -0.004084
v -0.017716 -0.051596 -0.004149
v -0.01769 -0.051779 -0.004213
v -0.017647 -0.05196 -0.004275
v -0.017589 -0.052138 -0.004335
v -0.017514 -0.05231 -0.004392
v -0.017425 -0.052476 -0.004446
v -0.017321 -0.052634 -0.004496
v -0.017203 -0.052784 -0.004542
v -0.017072 -0.052924 -0.004584
v -0.016929 -0.053053 -0.004622
v -0.016776 -0.053171 -0.004654
v -0.016612 -0.053276 -0.004681
v -0.016441 -0.053368 -0.004703
v -0.016261 -0.053445 -0.00472
v -0.016076 -0.053508 -0.004731
v -0.015886 -0.053557 -0.004736
v -0.015693 -0.053589 -0.004736
v -0.015497 -0.053607 -0.00473
v -0.015302 -0.053608 -0.004718
v -0.015107 -0.053594 -0.0047
v -0.014914 -0.053564 -0.004677
v -0.014726 -0.053519 -0.004649
v -0.014542 -0.053458 -0.004616
v -0.014365 -0.053383 -0.004578
v -0.014196 -0.053294 -0.004535
v -0.014035 -0.053192 -0.004488
v -0.013885 -0.053076 -0.004438
v -0.013746 -0.052949 -0.004383
v -0.013619 -0.052811 -0.004326
v -0.013505 -0.052663 -0.004265
v -0.013406 -0.052506 -0.004203
v -0.013321 -0.052342 -0.004139
v -0.013276 -0.052228 -0.004137
v -0.01772 -0.051232 -0.004001
v -0.017728 -0.051422 -0.004051
v -0.017719 -0.051611 -0.004101
v -0.017694 -0.051799 -0.004149
v -0.017652 -0.051985 -0.004196
v -0.017594 -0.052167 -0.004241
v -0.01752 -0.052343 -0.004285
v -0.017431 -0.052513 -0.004325
v -0.017328 -0.052676 -0.004363
v -0.017211 -0.052829 -0.004398
v -0.01708 -0.052972 -0.00443
v -0.016938 -0.053104 -0.004458
v -0.016785 -0.053224 -0.004483
v -0.016622 -0.053331 -0.004504
v -0.016451 -0.053425 -0.00452
v -0.016272 -0.053503 -0.004533
v -0.016086 -0.053567 -0.004541
v -0.015896 -0.053616 -0.004545
v -0.015703 -0.053649 -0.004545
v -0.015508 -0.053665 -0.00454
v -0.015312 -0.053666 -0.004531
v -0.015117 -0.053651 -0.004518
v -0.014924 -0.053619 -0.0045
v -0.014735 -0.053571 -0.004479
v -0.014551 -0.053509 -0.004454
v -0.014373 -0.053431 -0.004425
v -0.014203 -0.053338 -0.004393
v -0.014042 -0.053232 -0.004357
v -0.013891 -0.053113 -0.004319
v -0.013752 -0.052982 -0.004278
v -0.013624 -0.052839 -0.004234
v -0.01351 -0.052687 -0.004189
v -0.013409 -0.052525 -0.004141
v -0.013323 -0.052356 -0.004093
v -0.013273 -0.052229 -0.004098
v -0.01772 -0.051236 -0.003984
v -0.017729 -0.051429 -0.004018
v -0.017721 -0.051622 -0.004051
v -0.017696 -0.051814 -0.004084
v -0.017655 -0.052003 -0.004115
v -0.017598 -0.052188 -0.004146
v -0.017524 -0.052367 -0.004175
v -0.017436 -0.05254 -0.004202
v -0.017333 -0.052705 -0.004227
v -0.017216 -0.052861 -0.004251
v -0.017087 -0.053006 -0.004272
v -0.016945 -0.053141 -0.004291
v -0.016792 -0.053262 -0.004307
v -0.016629 -0.053371 -0.004321
v -0.016458 -0.053465 -0.004333
v -0.016279 -0.053545 -0.004341
v -0.016094 -0.05361 -0.004346
v -0.015904 -0.053659 -0.004349
v -0.015711 -0.053691 -0.004349
v -0.015515 -0.053708 -0.004346
v -0.015319 -0.053708 -0.00434
v -0.015124 -0.053691 -0.004331
v -0.014931 -0.053658 -0.004319
v -0.014742 -0.053609 -0.004305
v -0.014557 -0.053545 -0.004288
v -0.014379 -0.053465 -0.004269
v -0.014209 -0.05337 -0.004247
v -0.014048 -0.053262 -0.004223
v -0.013896 -0.05314 -0.004198
v -0.013756 -0.053005 -0.00417
v -0.013628 -0.05286 -0.004141
v -0.013513 -0.052704 -0.00411
v -0.013412 -0.052539 -0.004078
v -0.013325 -0.052366 -0.004046
v -0.013271 -0.05223 -0.00406
v -0.017721 -0.051238 -0.003967
v -0.01773 -0.051433 -0.003984
v -0.017722 -0.051628 -0.004001
v -0.017698 -0.051822 -0.004017
v -0.017657 -0.052013 -0.004033
v -0.0176 -0.0522 -0.004048
v -0.017527 -0.052382 -0.004063
v -0.017439 -0.052557 -0.004076
v -0.017336 -0.052723 -0.004089
v -0.01722 -0.05288 -0.004101
v -0.01709 -0.053027 -0.004112
v -0.016949 -0.053163 -0.004121
v -0.016796 -0.053285 -0.004129
v -0.016633 -0.053395 -0.004136
v -0.016462 -0.05349 -0.004142
v -0.016283 -0.053571 -0.004146
v -0.016098 -0.053636 -0.004149
v -0.015908 -0.053685 -0.00415
v -0.015715 -0.053717 -0.00415
v -0.01552 -0.053733 -0.004149
v -0.015324 -0.053733 -0.004146
v -0.015128 -0.053716 -0.004141
v -0.014935 -0.053682 -0.004135
v -0.014746 -0.053632 -0.004128
v -0.014561 -0.053567 -0.00412
v -0.014383 -0.053485 -0.00411
v -0.014212 -0.053389 -0.004099
v -0.014051 -0.053279 -0.004087
v -0.013899 -0.053156 -0.004074
v -0.013758 -0.05302 -0.00406
v -0.01363 -0.052872 -0.004046
v -0.013515 -0.052714 -0.00403
v -0.013413 -0.052547 -0.004014
v -0.013326 -0.052372 -0.003998
v -0.01327 -0.05223 -0.004022
v -0.017721 -0.051239 -0.00395
v -0.01773 -0.051435 -0.00395
v -0.017722 -0.051631 -0.00395
v -0.017698 -0.051825 -0.00395
v -0.017657 -0.052017 -0.00395
v -0.0176 -0.052205 -0.00395
v -0.017528 -0.052387 -0.00395
v -0.01744 -0.052562 -0.00395
v -0.017337 -0.052729 -0.00395
v -0.017221 -0.052887 -0.00395
v -0.017091 -0.053034 -0.00395
v -0.01695 -0.05317 -0.00395
v -0.016797 -0.053293 -0.00395
v -0.016635 -0.053403 -0.00395
v -0.016464 -0.053498 -0.00395
v -0.016285 -0.053579 -0.00395
v -0.0161 -0.053644 -0.00395
v -0.01591 -0.053693 -0.00395
v -0.015717 -0.053726 -0.00395
v -0.015521 -0.053742 -0.00395
v -0.015325 -0.053741 -0.00395
v -0.01513 -0.053724 -0.00395
v -0.014937 -0.05369 -0.00395
v -0.014747 -0.05364 -0.00395
v -0.014563 -0.053574 -0.00395
v -0.014384 -0.053492 -0.00395
v -0.014214 -0.053396 -0.00395
v -0.014052 -0.053285 -0.00395
v -0.0139 -0.053161 -0.00395
v -0.013759 -0.053024 -0.00395
v -0.013631 -0.052876 -0.00395
v -0.013515 -0.052718 -0.00395
v -0.013414 -0.05255 -0.00395
v -0.013327 -0.052374 -0.00395
v -0.013269 -0.05223 -0.003986
v -0.017721 -0.051238 -0.003933
v -0.01773 -0.051433 -0.003916
v -0.017722 -0.051628 -0.003899
v -0.017698 -0.051822 -0.003883
v -0.017657 -0.052013 -0.003867
v -0.0176 -0.0522 -0.003852
v -0.017527 -0.052382 -0.003837
v -0.017439 -0.052557 -0.003824
v -0.017336 -0.052723 -0.003811
v -0.01722 -0.05288 -0.003799
v -0.01709 -0.053027 -0.003788
v -0.016949 -0.053163 -0.003779
v -0.016796 -0.053285 -0.003771
v -0.016633 -0.053395 -0.003764
v -0.016462 -0.05349 -0.003758
v -0.016283 -0.053571 -0.003754
v -0.016098 -0.053636 -0.003751
v -0.015908 -0.053685 -0.00375
v -0.015715 -0.053717 -0.00375
v -0.01552 -0.053733 -0.003751
v -0.015324 -0.053733 -0.003754
v -0.015128 -0.053716 -0.003759
v -0.014935 -0.053682 -0.003765
v -0.014746 -0.053632 -0.003772
v -0.014561 -0.053567 -0.00378
v -0.014383 -0.053485 -0.00379
v -0.014212 -0.053389 -0.003801
v -0.014051 -0.053279 -0.003813
v -0.013899 -0.053156 -0.003826
v -0.013758 -0.05302 -0.00384
v -0.01363 -0.052872 -0.003854
v -0.013515 -0.052714 -0.00387
v -0.013413 -0.052547 -0.003886
v -0.013326 -0.052372 -0.003902
v -0.013269 -0.05223 -0.00395
v -0.01772 -0.051236 -0.003916
v -0.017729 -0.051429 -0.003882
v -0.017721 -0.051622 -0.003849
v -0.017696 -0.051814 -0.003816
v -0.017655 -0.052003 -0.003785
v -0.017598 -0.052188 -0.003754
v -0.017524 -0.052367 -0.003725
v -0.017436 -0.05254 -0.003698
v -0.017333 -0.052705 -0.003673
v -0.017216 -0.052861 -0.003649
v -0.017087 -0.053006 -0.003628
v -0.016945 -0.053141 -0.003609
v -0.016792 -0.053262 -0.003593
v -0.016629 -0.053371 -0.003579
v -0.016458 -0.053465 -0.003567
v -0.016279 -0.053545 -0.003559
v -0.016094 -0.05361 -0.003554
v -0.015904 -0.053659 -0.003551
v -0.015711 -0.053691 -0.003551
v -0.015515 -0.053708 -0.003554
v -0.015319 -0.053708 -0.00356
v -0.015124 -0.053691 -0.003569
v -0.014931 -0.053658 -0.003581
v -0.014742 -0.053609 -0.003595
v -0.014557 -0.053545 -0.003612
v -0.014379 -0.053465 -0.003631
v -0.014209 -0.05337 -0.003653
v -0.014048 -0.053262 -0.003677
v -0.013896 -0.05314 -0.003702
v -0.013756 -0.053005 -0.00373
v -0.013628 -0.05286 -0.003759
v -0.013513 -0.052704 -0.00379
v -0.013412 -0.052539 -0.003822
v -0.013325 -0.052366 -0.003854
v -0.013269 -0.05223 -0.003914
v -0.01772 -0.051232 -0.003899
v -0.017728 -0.051422 -0.003849
v -0.017719 -0.051611 -0.003799
v -0.017694 -0.051799 -0.003751
v -0.017652 -0.051985 -0.003704
v -0.017594 -0.052167 -0.003659
v -0.01752 -0.052343 -0.003615
v -0.017431 -0.052513 -0.003575
v -0.017328 -0.052676 -0.003537
v -0.017211 -0.052829 -0.003502
v -0.01708 -0.052972 -0.00347
v -0.016938 -0.053104 -0.003442
v -0.016785 -0.053224 -0.003417
v -0.016622 -0.053331 -0.003396
v -0.016451 -0.053425 -0.00338
v -0.016272 -0.053503 -0.003367
v -0.016086 -0.053567 -0.003359
v -0.015896 -0.053616 -0.003355
v -0.015703 -0.053649 -0.003355
v -0.015508 -0.053665 -0.00336
v -0.015312 -0.053666 -0.003369
v -0.015117 -0.053651 -0.003382
v -0.014924 -0.053619 -0.0034
v -0.014735 -0.053571 -0.003421
v -0.014551 -0.053509 -0.003446
v -0.014373 -0.053431 -0.003475
v -0.014203 -0.053338 -0.003507
v -0.014042 -0.053232 -0.003543
v -0.013891 -0.053113 -0.003581
v -0.013752 -0.052982 -0.003622
v -0.013624 -0.052839 -0.003666
v -0.01351 -0.052687 -0.003711
v -0.013409 -0.052525 -0.003759
v -0.013323 -0.052356 -0.003807
v -0.01327 -0.05223 -0.003878
v -0.017719 -0.051227 -0.003883
v -0.017726 -0.051411 -0.003816
v -0.017716 -0.051596 -0.003751
v -0.01769 -0.051779 -0.003687
v -0.017647 -0.05196 -0.003625
v -0.017589 -0.052138 -0.003565
v -0.017514 -0.05231 -0.003508
v -0.017425 -0.052476 -0.003454
v -0.017321 -0.052634 -0.003404
v -0.017203 -0.052784 -0.003358
v -0.017072 -0.052924 -0.003316
v -0.016929 -0.053053 -0.003278
v -0.016776 -0.053171 -0.003246
v -0.016612 -0.053276 -0.003219
v -0.016441 -0.053368 -0.003197
v -0.016261 -0.053445 -0.00318
v -0.016076 -0.053508 -0.003169
v -0.015886 -0.053557 -0.003164
v -0.015693 -0.053589 -0.003164
v -0.015497 -0.053607 -0.00317
v -0.015302 -0.053608 -0.003182
v -0.015107 -0.053594 -0.0032
v -0.014914 -0.053564 -0.003223
v -0.014726 -0.053519 -0.003251
v -0.014542 -0.053458 -0.003284
v -0.014365 -0.053383 -0.003322
v -0.014196 -0.053294 -0.003365
v -0.014035 -0.053192 -0.003412
v -0.013885 -0.053076 -0.003462
v -0.013746 -0.052949 -0.003517
v -0.013619 -0.052811 -0.003574
v -0.013505 -0.052663 -0.003635
v -0.013406 -0.052506 -0.003697
v -0.013321 -0.052342 -0.003761
v -0.013271 -0.05223 -0.00384
v -0.017718 -0.051221 -0.003867
v -0.017724 -0.051399 -0.003785
v -0.017713 -0.051577 -0.003704
v -0.017686 -0.051754 -0.003625
v -0.017642 -0.051929 -0.003548
v -0.017582 -0.052101 -0.003474
v -0.017507 -0.052267 -0.003404
v -0.017416 -0.052428 -0.003337
v -0.017311 -0.052582 -0.003275
v -0.017193 -0.052727 -0.003218
v -0.017061 -0.052863 -0.003166
v -0.016918 -0.052989 -0.00312
v -0.016764 -0.053103 -0.00308
v -0.0166 -0.053206 -0.003046
v -0.016428 -0.053295 -0.003019
v -0.016248 -0.053371 -0.002999
v -0.016063 -0.053433 -0.002985
v -0.015873 -0.053481 -0.002979
v -0.015679 -0.053514 -0.002979
v -0.015484 -0.053532 -0.002987
v -0.015289 -0.053534 -0.003001
v -0.015094 -0.053522 -0.003023
v -0.014902 -0.053494 -0.003051
v -0.014714 -0.053451 -0.003086
v -0.014531 -0.053394 -0.003127
v -0.014354 -0.053323 -0.003174
v -0.014186 -0.053238 -0.003227
v -0.014026 -0.05314 -0.003285
v -0.013877 -0.053029 -0.003348
v -0.013739 -0.052908 -0.003415
v -0.013613 -0.052775 -0.003486
v -0.0135 -0.052633 -0.00356
v -0.013402 -0.052482 -0.003638
v -0.017716 -0.051213 -0.003852
v -0.017721 -0.051383 -0.003755
v -0.017709 -0.051554 -0.003659
v -0.01768 -0.051724 -0.003565
v -0.017635 -0.051891 -0.003474
v -0.017574 -0.052056 -0.003387
v -0.017498 -0.052216 -0.003304
v -0.017406 -0.052371 -0.003225
v -0.0173 -0.052518 -0.003151
v -0.017181 -0.052658 -0.003084
v -0.017048 -0.05279 -0.003023
v -0.016904 -0.052911 -0.002968
v -0.016749 -0.053022 -0.002921
v -0.016585 -0.053121 -0.002881
v -0.016412 -0.053208 -0.002849
v -0.016232 -0.053282 -0.002824
v -0.016047 -0.053343 -0.002808
v -0.015857 -0.05339 -0.002801
v -0.015663 -0.053423 -0.002801
v -0.015468 -0.053441 -0.00281
v -0.015273 -0.053445 -0.002828
v -0.015079 -0.053435 -0.002853
v -0.014887 -0.05341 -0.002887
v -0.0147 -0.05337 -0.002928
v -0.014517 -0.053317 -0.002976
v -0.014342 -0.05325 -0.003032
v -0.014174 -0.05317 -0.003094
v -0.014015 -0.053077 -0.003163
v -0.013867 -0.052973 -0.003237
v -0.01373 -0.052857 -0.003317
v -0.013605 -0.052731 -0.003401
v -0.013494 -0.052596 -0.003489
v -0.013396 -0.052453 -0.00358
v -0.013314 -0.052302 -0.003674
v -0.013277 -0.052227 -0.00375
v -0.017715 -0.051204 -0.003838
v -0.017718 -0.051365 -0.003726
v -0.017704 -0.051527 -0.003616
v -0.017674 -0.051688 -0.003509
v -0.017628 -0.051848 -0.003404
v -0.017565 -0.052004 -0.003304
v -0.017487 -0.052156 -0.003208
v -0.017394 -0.052304 -0.003118
v -0.017287 -0.052445 -0.003034
v -0.017166 -0.052578 -0.002956
v -0.017033 -0.052704 -0.002886
v -0.016888 -0.05282 -0.002824
v -0.016733 -0.052927 -0.002769
v -0.016568 -0.053022 -0.002723
v -0.016394 -0.053106 -0.002686
v -0.016214 -0.053178 -0.002659
v -0.016028 -0.053237 -0.00264
v -0.015838 -0.053284 -0.002632
v -0.015645 -0.053317 -0.002632
v -0.01545 -0.053336 -0.002643
v -0.015255 -0.053342 -0.002663
v -0.015061 -0.053333 -0.002692
v -0.01487 -0.053311 -0.00273
v -0.014683 -0.053276 -0.002777
v -0.014501 -0.053227 -0.002833
v -0.014327 -0.053165 -0.002897
v -0.01416 -0.053091 -0.002969
v -0.014002 -0.053005 -0.003047
v -0.013855 -0.052907 -0.003132
v -0.013719 -0.052799 -0.003224
v -0.013596 -0.052681 -0.00332
v -0.013486 -0.052554 -0.003421
v -0.01339 -0.052418 -0.003526
v -0.015319 -0.045631 -0.005269
v -0.015421 -0.045594 -0.0051
v -0.015702 -0.045492 -0.00415
v -0.011388 -0.047062 -0.00395
v -0.011396 -0.047059 -0.00375
v -0.01142 -0.04705 -0.003551
v -0.011461 -0.047035 -0.003355
v -0.011518 -0.047015 -0.003163
v -0.01159 -0.046988 -0.002978
v -0.011677 -0.046957 -0.0028
v -0.011778 -0.04692 -0.002631
v -0.011893 -0.046878 -0.002472
v -0.012021 -0.046832 -0.002324
v -0.01216 -0.046781 -0.002188
v -0.012309 -0.046727 -0.002066
v -0.012468 -0.046669 -0.001958
v -0.012635 -0.046608 -0.001865
v -0.01281 -0.046545 -0.001789
v -0.012989 -0.046479 -0.001728
v -0.013174 -0.046412 -0.001685
v -0.01336 -0.046344 -0.001659
v -0.013549 -0.046275 -0.00165
v -0.013737 -0.046207 -0.001659
v -0.013924 -0.046139 -0.001685
v -0.014108 -0.046072 -0.001728
v -0.014288 -0.046006 -0.001789
v -0.014462 -0.045943 -0.001865
v -0.01463 -0.045882 -0.001958
v -0.014789 -0.045824 -0.002066
v -0.014938 -0.04577 -0.002188
v -0.015077 -0.045719 -0.002324
v -0.015205 -0.045673 -0.002472
v -0.015319 -0.045631 -0.002631
v -0.015421 -0.045594 -0.0028
v -0.015508 -0.045563 -0.002978
v -0.01558 -0.045536 -0.003163
v -0.015637 -0.045516 -0.003355
v -0.015677 -0.045501 -0.003551
v -0.015702 -0.045492 -0.00375
v -0.01571 -0.045489 -0.00395
v -0.015677 -0.045501 -0.004349
v -0.015637 -0.045516 -0.004545
v -0.01558 -0.045536 -0.004737
v -0.015508 -0.045563 -0.004922
v -0.015205 -0.045673 -0.005428
v -0.015077 -0.045719 -0.005576
v -0.014938 -0.04577 -0.005712
v -0.014789 -0.045824 -0.005834
v -0.01463 -0.045882 -0.005942
v -0.014462 -0.045943 -0.006035
v -0.014288 -0.046006 -0.006111
v -0.014108 -0.046072 -0.006172
v -0.013924 -0.046139 -0.006215
v -0.013737 -0.046207 -0.006241
v -0.013549 -0.046275 -0.00625
v -0.01336 -0.046344 -0.006241
v -0.013174 -0.046412 -0.006215
v -0.012989 -0.046479 -0.006172
v -0.01281 -0.046545 -0.006111
v -0.012635 -0.046608 -0.006035
v -0.012468 -0.046669 -0.005942
v -0.012309 -0.046727 -0.005834
v -0.01216 -0.046781 -0.005712
v -0.012021 -0.046832 -0.005576
v -0.011893 -0.046878 -0.005428
v -0.011778 -0.04692 -0.005269
v -0.011677 -0.046957 -0.0051
v -0.01159 -0.046988 -0.004922
v -0.011518 -0.047015 -0.004737
v -0.011461 -0.047035 -0.004545
v -0.01142 -0.04705 -0.004349
v -0.011396 -0.047059 -0.00415
v -0.013262 -0.04638 -0.000463
v -0.012978 -0.046483 -0.000503
v -0.012698 -0.046585 -0.000569
v -0.012424 -0.046685 -0.000661
v -0.012159 -0.046781 -0.000778
v -0.011904 -0.046874 -0.000919
v -0.011662 -0.046962 -0.001083
v -0.011435 -0.047045 -0.001269
v -0.011223 -0.047122 -0.001475
v -0.011029 -0.047192 -0.0017
v -0.010855 -0.047256 -0.001942
v -0.010701 -0.047312 -0.0022
v -0.010568 -0.04736 -0.002471
v -0.010458 -0.0474 -0.002753
v -0.010372 -0.047432 -0.003044
v -0.01031 -0.047454 -0.003342
v -0.010272 -0.047468 -0.003645
v -0.01026 -0.047473 -0.00395
v -0.010272 -0.047468 -0.004255
v -0.01031 -0.047454 -0.004558
v -0.010372 -0.047432 -0.004856
v -0.010458 -0.0474 -0.005147
v -0.010568 -0.04736 -0.005429
v -0.010701 -0.047312 -0.0057
v -0.010855 -0.047256 -0.005958
v -0.011029 -0.047192 -0.0062
v -0.011223 -0.047122 -0.006425
v -0.011435 -0.047045 -0.006631
v -0.011662 -0.046962 -0.006817
v -0.011904 -0.046874 -0.006981
v -0.012159 -0.046781 -0.007122
v -0.012424 -0.046685 -0.007239
v -0.012698 -0.046585 -0.007331
v -0.012978 -0.046483 -0.007397
v -0.013262 -0.04638 -0.007437
v -0.013549 -0.046275 -0.00745
v -0.013836 -0.046171 -0.007437
v -0.01412 -0.046068 -0.007397
v -0.0144 -0.045966 -0.007331
v -0.014674 -0.045866 -0.007239
v -0.014939 -0.04577 -0.007122
v -0.015193 -0.045677 -0.006981
v -0.015435 -0.045589 -0.006817
v -0.015663 -0.045506 -0.006631
v -0.015874 -0.045429 -0.006425
v -0.016068 -0.045358 -0.0062
v -0.016243 -0.045295 -0.005958
v -0.016397 -0.045239 -0.0057
v -0.01653 -0.045191 -0.005429
v -0.016639 -0.045151 -0.005147
v -0.016726 -0.045119 -0.004856
v -0.016788 -0.045097 -0.004558
v -0.016825 -0.045083 -0.004255
v -0.016838 -0.045078 -0.00395
v -0.016825 -0.045083 -0.003645
v -0.016788 -0.045097 -0.003342
v -0.016726 -0.045119 -0.003044
v -0.016639 -0.045151 -0.002753
v -0.01653 -0.045191 -0.002471
v -0.016397 -0.045239 -0.0022
v -0.016243 -0.045295 -0.001942
v -0.016068 -0.045358 -0.0017
v -0.015874 -0.045429 -0.001475
v -0.015663 -0.045506 -0.001269
v -0.015435 -0.045589 -0.001083
v -0.015193 -0.045677 -0.000919
v -0.014939 -0.04577 -0.000778
v -0.014674 -0.045866 -0.000661
v -0.0144 -0.045966 -0.000569
v -0.01412 -0.046068 -0.000503
v -0.013836 -0.046171 -0.000463
v -0.013549 -0.046275 -0.00045
v -0.018855 -0.050787 -0.004244
v -0.01886 -0.050813 -0.004247
v -0.018877 -0.050836 -0.00395
v -0.018851 -0.050762 -0.004238
v -0.018847 -0.050738 -0.00423
v -0.018842 -0.050714 -0.00422
v -0.018838 -0.050691 -0.004208
v -0.018835 -0.05067 -0.004194
v -0.018831 -0.05065 -0.004178
v -0.018828 -0.050631 -0.004161
v -0.018825 -0.050613 -0.004142
v -0.018822 -0.050598 -0.004121
v -0.018819 -0.050584 -0.004099
v -0.018817 -0.050572 -0.004076
v -0.018816 -0.050562 -0.004052
v -0.018814 -0.050555 -0.004027
v -0.018813 -0.050549 -0.004002
v -0.018813 -0.050546 -0.003976
v -0.018813 -0.050545 -0.00395
v -0.018813 -0.050546 -0.003924
v -0.018813 -0.050549 -0.003898
v -0.018814 -0.050555 -0.003873
v -0.018816 -0.050562 -0.003848
v -0.018817 -0.050572 -0.003824
v -0.018819 -0.050584 -0.003801
v -0.018822 -0.050598 -0.003779
v -0.018825 -0.050613 -0.003758
v -0.018828 -0.050631 -0.003739
v -0.018831 -0.05065 -0.003722
v -0.018835 -0.05067 -0.003706
v -0.018838 -0.050691 -0.003692
v -0.018842 -0.050714 -0.00368
v -0.018847 -0.050738 -0.00367
v -0.018851 -0.050762 -0.003662
v -0.018855 -0.050787 -0.003656
v -0.01886 -0.050813 -0.003653
v -0.018864 -0.050838 -0.003652
v -0.018869 -0.050864 -0.003653
v -0.018873 -0.050889 -0.003656
v -0.018878 -0.050914 -0.003662
v -0.018882 -0.050939 -0.00367
v -0.018886 -0.050962 -0.00368
v -0.01889 -0.050985 -0.003692
v -0.018894 -0.051007 -0.003706
v -0.018898 -0.051027 -0.003722
v -0.018901 -0.051046 -0.003739
v -0.018904 -0.051063 -0.003758
v -0.018907 -0.051079 -0.003779
v -0.018909 -0.051092 -0.003801
v -0.018911 -0.051104 -0.003824
v -0.018913 -0.051114 -0.003848
v -0.018914 -0.051122 -0.003873
v -0.018915 -0.051127 -0.003898
v -0.018916 -0.051131 -0.003924
v -0.018916 -0.051132 -0.00395
v -0.018916 -0.051131 -0.003976
v -0.018915 -0.051127 -0.004002
v -0.018914 -0.051122 -0.004027
v -0.018913 -0.051114 -0.004052
v -0.018911 -0.051104 -0.004076
v -0.018909 -0.051092 -0.004099
v -0.018907 -0.051079 -0.004121
v -0.018904 -0.051063 -0.004142
v -0.018901 -0.051046 -0.004161
v -0.018898 -0.051027 -0.004178
v -0.018894 -0.051007 -0.004194
v -0.01889 -0.050985 -0.004208
v -0.018886 -0.050962 -0.00422
v -0.018882 -0.050939 -0.00423
v -0.018878 -0.050914 -0.004238
v -0.018873 -0.050889 -0.004244
v -0.018869 -0.050864 -0.004247
v -0.018864 -0.050838 -0.004248
v -0.016967 -0.051173 -0.000817
v -0.01697 -0.050944 -0.000847
v -0.017179 -0.050871 -0.000973
v -0.016136 -0.051319 -0.007376
v -0.015846 -0.05137 -0.007424
v -0.015899 -0.051669 -0.007411
v -0.015606 -0.051722 -0.000466
v -0.015606 -0.051449 -0.000454
v -0.015846 -0.05137 -0.000476
v -0.014444 -0.051913 -0.007275
v -0.014166 -0.051953 -0.007174
v -0.014215 -0.052229 -0.007137
v -0.013438 -0.052288 -0.006701
v -0.013205 -0.052295 -0.006514
v -0.013244 -0.052514 -0.006465
v -0.013024 -0.052497 -0.006264
v -0.012822 -0.052474 -0.006045
v -0.012854 -0.052651 -0.005988
v -0.012667 -0.0526 -0.005761
v -0.012501 -0.052541 -0.005521
v -0.012524 -0.052673 -0.005465
v -0.012316 -0.052868 -0.004673
v -0.012195 -0.052667 -0.004489
v -0.012203 -0.052711 -0.004431
v -0.014305 -0.051853 -0.000661
v -0.014426 -0.051809 -0.000617
v -0.014444 -0.051913 -0.000625
v -0.015833 -0.051297 -0.000476
v -0.017168 -0.050811 -0.000979
v -0.018411 -0.050359 -0.002471
v -0.018472 -0.050337 -0.002618
v -0.018482 -0.050403 -0.00259
v -0.018648 -0.050272 -0.003228
v -0.018666 -0.050295 -0.003271
v -0.018676 -0.050355 -0.003224
v -0.018662 -0.050267 -0.003301
v -0.01682 -0.050938 -0.007122
v -0.01697 -0.050944 -0.007053
v -0.017074 -0.050845 -0.006981
v -0.016659 -0.050996 -0.007196
v -0.016698 -0.05122 -0.007204
v -0.016555 -0.051034 -0.007239
v -0.01639 -0.051094 -0.007298
v -0.016421 -0.051269 -0.007302
v -0.01543 -0.051444 -0.00745
v -0.015606 -0.051449 -0.007446
v -0.015717 -0.051339 -0.007437
v -0.015265 -0.051504 -0.007446
v -0.015312 -0.051774 -0.007432
v -0.015143 -0.051548 -0.007437
v -0.014981 -0.051607 -0.007417
v -0.015019 -0.051823 -0.007405
v -0.014859 -0.051652 -0.007397
v -0.014701 -0.051709 -0.007363
v -0.014729 -0.05187 -0.007353
v -0.013953 -0.051982 -0.007077
v -0.0139 -0.052001 -0.007048
v -0.013944 -0.052254 -0.007014
v -0.013786 -0.052042 -0.006981
v -0.013652 -0.052091 -0.006895
v -0.013685 -0.052274 -0.006868
v -0.012191 -0.052623 -0.004558
v -0.01219 -0.052623 -0.00455
v -0.012304 -0.052803 -0.004746
v -0.012187 -0.052624 -0.004532
v -0.012216 -0.052783 -0.004304
v -0.012152 -0.052637 -0.004235
v -0.012148 -0.052638 -0.004176
v -0.012177 -0.052628 -0.004466
v -0.012166 -0.052632 -0.004383
v -0.012158 -0.052635 -0.004304
v -0.012253 -0.0526 -0.004856
v -0.012212 -0.052615 -0.004672
v -0.012278 -0.052655 -0.004872
v -0.012292 -0.052732 -0.004812
v -0.012412 -0.052793 -0.0051
v -0.012449 -0.052529 -0.005429
v -0.012339 -0.052569 -0.005147
v -0.012375 -0.052585 -0.005222
v -0.012284 -0.052589 -0.00497
v -0.012674 -0.052447 -0.005861
v -0.012642 -0.052459 -0.005806
v -0.012582 -0.05248 -0.0057
v -0.012394 -0.052692 -0.005165
v -0.012809 -0.052398 -0.006064
v -0.012911 -0.052361 -0.0062
v -0.012995 -0.05233 -0.006302
v -0.013088 -0.052296 -0.006407
v -0.013198 -0.052256 -0.006521
v -0.013316 -0.052213 -0.006631
v -0.013418 -0.052176 -0.006719
v -0.013544 -0.05213 -0.006817
v -0.014158 -0.051907 -0.007178
v -0.014305 -0.051853 -0.007239
v -0.014426 -0.051809 -0.007283
v -0.014579 -0.051754 -0.007331
v -0.015833 -0.051297 -0.007424
v -0.016001 -0.051236 -0.007397
v -0.016114 -0.051195 -0.007373
v -0.016281 -0.051134 -0.007331
v -0.017425 -0.050842 -0.006762
v -0.017405 -0.050725 -0.006749
v -0.017316 -0.050757 -0.006817
v -0.017658 -0.050818 -0.006576
v -0.017627 -0.050644 -0.006554
v -0.017544 -0.050674 -0.006631
v -0.018472 -0.050337 -0.005282
v -0.018411 -0.050359 -0.005429
v -0.018482 -0.050403 -0.00531
v -0.018397 -0.050364 -0.005461
v -0.018503 -0.050521 -0.005348
v -0.018576 -0.050299 -0.00497
v -0.018521 -0.050319 -0.005147
v -0.018592 -0.050384 -0.005011
v -0.018511 -0.050322 -0.005175
v -0.018609 -0.050477 -0.00505
v -0.018662 -0.050267 -0.004599
v -0.018648 -0.050272 -0.004672
v -0.018666 -0.050295 -0.004629
v -0.01862 -0.050283 -0.004802
v -0.018676 -0.050355 -0.004676
v -0.018688 -0.05042 -0.004717
v -0.01867 -0.050264 -0.00455
v -0.018669 -0.050265 -0.004558
v -0.01876 -0.050469 -0.004405
v -0.018754 -0.050431 -0.00437
v -0.018748 -0.050397 -0.004332
v -0.018683 -0.05026 -0.004466
v -0.018742 -0.050366 -0.004291
v -0.018694 -0.050256 -0.004383
v -0.018737 -0.050338 -0.004247
v -0.018702 -0.050253 -0.004304
v -0.018706 -0.050251 -0.004255
v -0.018733 -0.050315 -0.004201
v -0.018708 -0.050251 -0.004235
v -0.01873 -0.050295 -0.004153
v -0.018712 -0.050249 -0.004176
v -0.018727 -0.05028 -0.004104
v -0.018715 -0.050248 -0.004118
v -0.018725 -0.050269 -0.004053
v -0.018717 -0.050247 -0.00406
v -0.018724 -0.050262 -0.004002
v -0.018719 -0.050247 -0.004004
v -0.018724 -0.05026 -0.00395
v -0.018719 -0.050247 -0.00395
v -0.018724 -0.050262 -0.003898
v -0.018719 -0.050247 -0.003896
v -0.018725 -0.050269 -0.003847
v -0.018717 -0.050247 -0.00384
v -0.018727 -0.05028 -0.003796
v -0.018715 -0.050248 -0.003782
v -0.01873 -0.050295 -0.003747
v -0.018712 -0.050249 -0.003724
v -0.018733 -0.050315 -0.003699
v -0.018708 -0.050251 -0.003665
v -0.018706 -0.050251 -0.003645
v -0.018737 -0.050338 -0.003653
v -0.018702 -0.050253 -0.003596
v -0.018742 -0.050366 -0.003609
v -0.018694 -0.050256 -0.003517
v -0.018748 -0.050397 -0.003568
v -0.018683 -0.05026 -0.003434
v -0.018754 -0.050431 -0.00353
v -0.01867 -0.050264 -0.00335
v -0.018669 -0.050265 -0.003342
v -0.01876 -0.050469 -0.003495
v -0.018521 -0.050319 -0.002753
v -0.018576 -0.050299 -0.00293
v -0.018592 -0.050384 -0.002889
v -0.018578 -0.050298 -0.002938
v -0.018688 -0.05042 -0.003183
v -0.018607 -0.050288 -0.003044
v -0.01862 -0.050283 -0.003098
v -0.018511 -0.050322 -0.002725
v -0.018609 -0.050477 -0.00285
v -0.018397 -0.050364 -0.002439
v -0.018503 -0.050521 -0.002552
v -0.018343 -0.050384 -0.002324
v -0.018278 -0.050407 -0.0022
v -0.018226 -0.050486 -0.002075
v -0.018358 -0.050477 -0.002295
v -0.018221 -0.050605 -0.002012
v -0.018039 -0.050595 -0.001777
v -0.018022 -0.0505 -0.001796
v -0.018124 -0.050463 -0.001942
v -0.017949 -0.050527 -0.0017
v -0.017874 -0.050622 -0.001583
v -0.017874 -0.050798 -0.001529
v -0.017544 -0.050674 -0.001269
v -0.017627 -0.050644 -0.001346
v -0.017658 -0.050818 -0.001324
v -0.017756 -0.050597 -0.001475
v -0.017316 -0.050757 -0.001083
v -0.017425 -0.050842 -0.001138
v -0.017405 -0.050725 -0.001151
v -0.016698 -0.05122 -0.000696
v -0.016659 -0.050996 -0.000704
v -0.01682 -0.050938 -0.000778
v -0.016421 -0.051269 -0.000598
v -0.01639 -0.051094 -0.000602
v -0.016555 -0.051034 -0.000661
v -0.016001 -0.051236 -0.000503
v -0.016114 -0.051195 -0.000527
v -0.016136 -0.051319 -0.000524
v -0.016281 -0.051134 -0.000569
v -0.015312 -0.051774 -0.000468
v -0.015265 -0.051504 -0.000454
v -0.01543 -0.051444 -0.00045
v -0.015019 -0.051823 -0.000495
v -0.014981 -0.051607 -0.000483
v -0.015143 -0.051548 -0.000463
v -0.014579 -0.051754 -0.000569
v -0.014701 -0.051709 -0.000537
v -0.014729 -0.05187 -0.000547
v -0.014859 -0.051652 -0.000503
v -0.013944 -0.052254 -0.000886
v -0.0139 -0.052001 -0.000852
v -0.013953 -0.051982 -0.000823
v -0.013685 -0.052274 -0.001032
v -0.013652 -0.052091 -0.001005
v -0.013786 -0.052042 -0.000919
v -0.013316 -0.052213 -0.001269
v -0.013418 -0.052176 -0.001181
v -0.013438 -0.052288 -0.001199
v -0.013544 -0.05213 -0.001083
v -0.013024 -0.052497 -0.001636
v -0.012995 -0.05233 -0.001598
v -0.013088 -0.052296 -0.001493
v -0.012822 -0.052474 -0.001855
v -0.012809 -0.052398 -0.001836
v -0.012911 -0.052361 -0.0017
v -0.012667 -0.0526 -0.002139
v -0.012642 -0.052459 -0.002094
v -0.012674 -0.052447 -0.002039
v -0.012292 -0.052732 -0.003088
v -0.012253 -0.0526 -0.003044
v -0.012278 -0.052655 -0.003028
v -0.012267 -0.052595 -0.002991
v -0.012284 -0.052589 -0.00293
v -0.012304 -0.052803 -0.003154
v -0.012191 -0.052623 -0.003342
v -0.012212 -0.052615 -0.003228
v -0.01221 -0.052749 -0.003531
v -0.012166 -0.052632 -0.003517
v -0.012203 -0.052711 -0.003469
v -0.012177 -0.052628 -0.003434
v -0.012195 -0.052667 -0.003411
v -0.012187 -0.052624 -0.003368
v -0.01222 -0.05281 -0.003663
v -0.012152 -0.052637 -0.003665
v -0.012216 -0.052783 -0.003596
v -0.012154 -0.052636 -0.003645
v -0.012158 -0.052635 -0.003596
v -0.012355 -0.05309 -0.003659
v -0.01235 -0.053061 -0.003565
v -0.012343 -0.053024 -0.003474
v -0.012335 -0.052979 -0.003387
v -0.012326 -0.052927 -0.003305
v -0.012316 -0.052868 -0.003227
v -0.01219 -0.052623 -0.00335
v -0.012449 -0.052529 -0.002471
v -0.012375 -0.052585 -0.002678
v -0.012339 -0.052569 -0.002753
v -0.012394 -0.052692 -0.002735
v -0.012412 -0.052793 -0.0028
v -0.012429 -0.052889 -0.002875
v -0.012445 -0.052978 -0.002958
v -0.012459 -0.053059 -0.003048
v -0.012472 -0.053133 -0.003145
v -0.012483 -0.053197 -0.003248
v -0.012493 -0.053253 -0.003357
v -0.012501 -0.053299 -0.00347
v -0.012508 -0.053336 -0.003587
v -0.012512 -0.053362 -0.003706
v -0.012582 -0.05248 -0.0022
v -0.012501 -0.052541 -0.002379
v -0.012524 -0.052673 -0.002435
v -0.012547 -0.052801 -0.002503
v -0.012568 -0.052922 -0.002581
v -0.012588 -0.053036 -0.00267
v -0.012607 -0.053142 -0.002768
v -0.012624 -0.053239 -0.002876
v -0.012639 -0.053326 -0.002991
v -0.012653 -0.053403 -0.003114
v -0.012665 -0.05347 -0.003244
v -0.012674 -0.053525 -0.003378
v -0.012682 -0.053568 -0.003517
v -0.012687 -0.053599 -0.00366
v -0.012691 -0.053618 -0.003804
v -0.012736 -0.052424 -0.005958
v -0.012694 -0.052753 -0.005697
v -0.012547 -0.052801 -0.005397
v -0.012267 -0.052595 -0.004909
v -0.012887 -0.053849 -0.00395
v -0.012886 -0.053842 -0.003782
v -0.012882 -0.05382 -0.003615
v -0.012876 -0.053784 -0.003451
v -0.012867 -0.053735 -0.003291
v -0.012856 -0.053671 -0.003136
v -0.012843 -0.053595 -0.002986
v -0.012827 -0.053506 -0.002845
v -0.012809 -0.053405 -0.002711
v -0.012789 -0.053293 -0.002587
v -0.012768 -0.053171 -0.002474
v -0.012745 -0.05304 -0.002371
v -0.01272 -0.0529 -0.002281
v -0.012694 -0.052753 -0.002203
v -0.0131 -0.054049 -0.004139
v -0.013102 -0.054057 -0.00395
v -0.0131 -0.054049 -0.003761
v -0.013096 -0.054024 -0.003573
v -0.013089 -0.053984 -0.003389
v -0.013079 -0.053928 -0.003208
v -0.013066 -0.053857 -0.003033
v -0.013051 -0.053771 -0.002865
v -0.013033 -0.053671 -0.002706
v -0.013013 -0.053557 -0.002556
v -0.012991 -0.053431 -0.002416
v -0.012967 -0.053294 -0.002288
v -0.012941 -0.053146 -0.002173
v -0.012913 -0.052989 -0.002071
v -0.012884 -0.052824 -0.001984
v -0.012854 -0.052651 -0.001912
v -0.012736 -0.052424 -0.001942
v -0.013104 -0.05229 -0.006425
v -0.013059 -0.052694 -0.006201
v -0.012884 -0.052824 -0.005916
v -0.01272 -0.0529 -0.005619
v -0.012568 -0.052922 -0.005319
v -0.012429 -0.052889 -0.005025
v -0.013326 -0.05421 -0.004366
v -0.013331 -0.054237 -0.004159
v -0.013333 -0.054246 -0.00395
v -0.013331 -0.054237 -0.003741
v -0.013326 -0.05421 -0.003534
v -0.013318 -0.054165 -0.00333
v -0.013308 -0.054104 -0.003131
v -0.013294 -0.054025 -0.002938
v -0.013277 -0.05393 -0.002752
v -0.013257 -0.053819 -0.002576
v -0.013235 -0.053694 -0.00241
v -0.013211 -0.053555 -0.002256
v -0.013184 -0.053403 -0.002115
v -0.013155 -0.05324 -0.001988
v -0.013125 -0.053066 -0.001876
v -0.013092 -0.052884 -0.001779
v -0.013059 -0.052694 -0.001699
v -0.013563 -0.054327 -0.004624
v -0.013572 -0.054375 -0.004402
v -0.013577 -0.054404 -0.004177
v -0.013579 -0.054414 -0.00395
v -0.013577 -0.054404 -0.003723
v -0.013572 -0.054375 -0.003498
v -0.013563 -0.054327 -0.003276
v -0.013552 -0.05426 -0.003059
v -0.013537 -0.054174 -0.00285
v -0.013518 -0.054071 -0.002648
v -0.013497 -0.05395 -0.002456
v -0.013473 -0.053814 -0.002276
v -0.013446 -0.053663 -0.002109
v -0.013417 -0.053498 -0.001955
v -0.013386 -0.053321 -0.001817
v -0.013353 -0.053132 -0.001695
v -0.013318 -0.052934 -0.00159
v -0.013281 -0.052727 -0.001503
v -0.013244 -0.052514 -0.001435
v -0.013205 -0.052295 -0.001386
v -0.013104 -0.05229 -0.001475
v -0.013198 -0.052256 -0.001379
v -0.013479 -0.052522 -0.006648
v -0.013281 -0.052727 -0.006397
v -0.013092 -0.052884 -0.006121
v -0.012913 -0.052989 -0.005829
v -0.012745 -0.05304 -0.005529
v -0.012588 -0.053036 -0.00523
v -0.012445 -0.052978 -0.004942
v -0.013809 -0.054395 -0.004905
v -0.013822 -0.054467 -0.004673
v -0.013831 -0.054519 -0.004435
v -0.013837 -0.054551 -0.004193
v -0.013839 -0.054561 -0.00395
v -0.013837 -0.054551 -0.003707
v -0.013831 -0.054519 -0.003465
v -0.013822 -0.054467 -0.003227
v -0.013809 -0.054395 -0.002995
v -0.013793 -0.054303 -0.002769
v -0.013774 -0.054193 -0.002553
v -0.013751 -0.054064 -0.002348
v -0.013725 -0.053917 -0.002154
v -0.013697 -0.053755 -0.001975
v -0.013665 -0.053578 -0.00181
v -0.013632 -0.053388 -0.001662
v -0.013596 -0.053186 -0.001531
v -0.013559 -0.052973 -0.001418
v -0.013519 -0.052751 -0.001325
v -0.013479 -0.052522 -0.001252
v -0.013729 -0.052523 -0.006812
v -0.013519 -0.052751 -0.006575
v -0.013318 -0.052934 -0.00631
v -0.013125 -0.053066 -0.006024
v -0.012941 -0.053146 -0.005727
v -0.012768 -0.053171 -0.005426
v -0.012607 -0.053142 -0.005132
v -0.012459 -0.053059 -0.004852
v -0.012326 -0.052927 -0.004595
v -0.01221 -0.052749 -0.004369
v -0.012154 -0.052636 -0.004255
v -0.014062 -0.054412 -0.005202
v -0.014079 -0.054509 -0.004963
v -0.014092 -0.054586 -0.004717
v -0.014102 -0.054641 -0.004465
v -0.014108 -0.054674 -0.004208
v -0.01411 -0.054685 -0.00395
v -0.014108 -0.054674 -0.003692
v -0.014102 -0.054641 -0.003435
v -0.014092 -0.054586 -0.003183
v -0.014079 -0.054509 -0.002937
v -0.014062 -0.054412 -0.002698
v -0.014041 -0.054294 -0.002468
v -0.014017 -0.054158 -0.00225
v -0.01399 -0.054003 -0.002045
v -0.013959 -0.053831 -0.001855
v -0.013926 -0.053643 -0.00168
v -0.013891 -0.053441 -0.001523
v -0.013853 -0.053226 -0.001384
v -0.013813 -0.053 -0.001265
v -0.013771 -0.052765 -0.001166
v -0.013729 -0.052523 -0.001088
v -0.01404 -0.05195 -0.007122
v -0.01399 -0.052515 -0.006955
v -0.013771 -0.052765 -0.006734
v -0.013559 -0.052973 -0.006482
v -0.013353 -0.053132 -0.006205
v -0.013155 -0.05324 -0.005912
v -0.012967 -0.053294 -0.005612
v -0.012789 -0.053293 -0.005313
v -0.012624 -0.053239 -0.005024
v -0.012472 -0.053133 -0.004755
v -0.012335 -0.052979 -0.004513
v -0.014318 -0.054376 -0.005505
v -0.01434 -0.054499 -0.005265
v -0.014358 -0.054601 -0.005014
v -0.014372 -0.054682 -0.004755
v -0.014383 -0.054739 -0.00449
v -0.014389 -0.054774 -0.004221
v -0.014391 -0.054786 -0.00395
v -0.014389 -0.054774 -0.003679
v -0.014383 -0.054739 -0.00341
v -0.014372 -0.054682 -0.003145
v -0.014358 -0.054601 -0.002886
v -0.01434 -0.054499 -0.002635
v -0.014318 -0.054376 -0.002395
v -0.014293 -0.054232 -0.002166
v -0.014264 -0.054069 -0.00195
v -0.014233 -0.053889 -0.00175
v -0.014198 -0.053692 -0.001567
v -0.01416 -0.05348 -0.001402
v -0.014121 -0.053254 -0.001256
v -0.014079 -0.053017 -0.00113
v -0.014035 -0.05277 -0.001027
v -0.01399 -0.052515 -0.000945
v -0.014578 -0.054286 -0.005806
v -0.014604 -0.054435 -0.005568
v -0.014627 -0.054564 -0.005318
v -0.014645 -0.05467 -0.005057
v -0.01466 -0.054754 -0.004788
v -0.014671 -0.054814 -0.004512
v -0.014677 -0.05485 -0.004232
v -0.014679 -0.054862 -0.00395
v -0.014677 -0.05485 -0.003668
v -0.014671 -0.054814 -0.003388
v -0.01466 -0.054754 -0.003112
v -0.014645 -0.05467 -0.002843
v -0.014627 -0.054564 -0.002582
v -0.014604 -0.054435 -0.002332
v -0.014578 -0.054286 -0.002094
v -0.014548 -0.054117 -0.00187
v -0.014515 -0.053929 -0.001662
v -0.014479 -0.053724 -0.001471
v -0.01444 -0.053503 -0.001299
v -0.014398 -0.053269 -0.001147
v -0.014355 -0.053022 -0.001017
v -0.01431 -0.052765 -0.000909
v -0.014263 -0.0525 -0.000824
v -0.014215 -0.052229 -0.000763
v -0.014166 -0.051953 -0.000726
v -0.01404 -0.05195 -0.000778
v -0.014158 -0.051907 -0.000722
v -0.014494 -0.052197 -0.007237
v -0.014263 -0.0525 -0.007076
v -0.014035 -0.05277 -0.006873
v -0.013813 -0.053 -0.006635
v -0.013596 -0.053186 -0.006369
v -0.013386 -0.053321 -0.006083
v -0.013184 -0.053403 -0.005785
v -0.012991 -0.053431 -0.005484
v -0.012809 -0.053405 -0.005189
v -0.012639 -0.053326 -0.004909
v -0.012483 -0.053197 -0.004652
v -0.012343 -0.053024 -0.004426
v -0.01222 -0.05281 -0.004237
v -0.012145 -0.052639 -0.004118
v -0.014838 -0.054145 -0.006096
v -0.014868 -0.054319 -0.005865
v -0.014896 -0.054473 -0.005619
v -0.014919 -0.054606 -0.005361
v -0.014938 -0.054716 -0.005092
v -0.014953 -0.054802 -0.004814
v -0.014964 -0.054864 -0.00453
v -0.014971 -0.054901 -0.004241
v -0.014973 -0.054914 -0.00395
v -0.014971 -0.054901 -0.003659
v -0.014964 -0.054864 -0.00337
v -0.014953 -0.054802 -0.003086
v -0.014938 -0.054716 -0.002808
v -0.014919 -0.054606 -0.002539
v -0.014896 -0.054473 -0.002281
v -0.014868 -0.054319 -0.002035
v -0.014838 -0.054145 -0.001804
v -0.014803 -0.053951 -0.00159
v -0.014766 -0.05374 -0.001393
v -0.014726 -0.053512 -0.001216
v -0.014683 -0.05327 -0.001059
v -0.014639 -0.053016 -0.000925
v -0.014592 -0.052751 -0.000813
v -0.014544 -0.052477 -0.000726
v -0.014494 -0.052197 -0.000663
v -0.01478 -0.052161 -0.007314
v -0.014544 -0.052477 -0.007174
v -0.01431 -0.052765 -0.006991
v -0.014079 -0.053017 -0.00677
v -0.013853 -0.053226 -0.006516
v -0.013632 -0.053388 -0.006238
v -0.013417 -0.053498 -0.005945
v -0.013211 -0.053555 -0.005644
v -0.013013 -0.053557 -0.005344
v -0.012827 -0.053506 -0.005055
v -0.012653 -0.053403 -0.004786
v -0.012493 -0.053253 -0.004543
v -0.01235 -0.053061 -0.004335
v -0.012224 -0.052832 -0.004167
v -0.012143 -0.05264 -0.00406
v -0.015097 -0.053955 -0.006365
v -0.015132 -0.054153 -0.006145
v -0.015163 -0.054332 -0.005909
v -0.015191 -0.05449 -0.005658
v -0.015215 -0.054625 -0.005393
v -0.015235 -0.054737 -0.005118
v -0.01525 -0.054826 -0.004834
v -0.015261 -0.054889 -0.004543
v -0.015268 -0.054927 -0.004248
v -0.01527 -0.05494 -0.00395
v -0.015268 -0.054927 -0.003652
v -0.015261 -0.054889 -0.003357
v -0.01525 -0.054826 -0.003066
v -0.015235 -0.054737 -0.002782
v -0.015215 -0.054625 -0.002507
v -0.015191 -0.05449 -0.002242
v -0.015163 -0.054332 -0.001991
v -0.015132 -0.054153 -0.001755
v -0.015097 -0.053955 -0.001535
v -0.015059 -0.053739 -0.001334
v -0.015018 -0.053506 -0.001152
v -0.014974 -0.053258 -0.000992
v -0.014928 -0.052998 -0.000854
v -0.01488 -0.052727 -0.00074
v -0.014831 -0.052447 -0.000651
v -0.01478 -0.052161 -0.000586
v -0.015071 -0.052119 -0.007366
v -0.014831 -0.052447 -0.007249
v -0.014592 -0.052751 -0.007087
v -0.014355 -0.053022 -0.006883
v -0.014121 -0.053254 -0.006644
v -0.013891 -0.053441 -0.006377
v -0.013665 -0.053578 -0.00609
v -0.013446 -0.053663 -0.005791
v -0.013235 -0.053694 -0.00549
v -0.013033 -0.053671 -0.005194
v -0.012843 -0.053595 -0.004914
v -0.012665 -0.05347 -0.004656
v -0.012501 -0.053299 -0.00443
v -0.012355 -0.05309 -0.004241
v -0.012227 -0.052847 -0.004096
v -0.012141 -0.052641 -0.004004
v -0.015354 -0.053721 -0.006607
v -0.015392 -0.053941 -0.006402
v -0.015428 -0.054142 -0.006179
v -0.01546 -0.054323 -0.005939
v -0.015488 -0.054483 -0.005684
v -0.015512 -0.054621 -0.005416
v -0.015533 -0.054735 -0.005136
v -0.015548 -0.054825 -0.004848
v -0.01556 -0.054889 -0.004552
v -0.015567 -0.054928 -0.004252
v -0.015569 -0.054941 -0.00395
v -0.015567 -0.054928 -0.003648
v -0.01556 -0.054889 -0.003348
v -0.015548 -0.054825 -0.003052
v -0.015533 -0.054735 -0.002764
v -0.015512 -0.054621 -0.002484
v -0.015488 -0.054483 -0.002216
v -0.01546 -0.054323 -0.001961
v -0.015428 -0.054142 -0.001721
v -0.015392 -0.053941 -0.001498
v -0.015354 -0.053721 -0.001293
v -0.015312 -0.053485 -0.001109
v -0.015268 -0.053233 -0.000946
v -0.015221 -0.052969 -0.000807
v -0.015173 -0.052694 -0.000691
v -0.015122 -0.052409 -0.0006
v -0.015071 -0.052119 -0.000534
v -0.015606 -0.051722 -0.007434
v -0.015365 -0.052072 -0.007393
v -0.015122 -0.052409 -0.0073
v -0.01488 -0.052727 -0.00716
v -0.014639 -0.053016 -0.006975
v -0.014398 -0.053269 -0.006753
v -0.01416 -0.05348 -0.006498
v -0.013926 -0.053643 -0.00622
v -0.013697 -0.053755 -0.005925
v -0.013473 -0.053814 -0.005624
v -0.013257 -0.053819 -0.005324
v -0.013051 -0.053771 -0.005035
v -0.012856 -0.053671 -0.004764
v -0.012674 -0.053525 -0.004522
v -0.012508 -0.053336 -0.004313
v -0.012359 -0.053111 -0.004145
v -0.012229 -0.052857 -0.004023
v -0.012141 -0.052641 -0.00395
v -0.015607 -0.053448 -0.006814
v -0.015649 -0.053687 -0.006628
v -0.015688 -0.053908 -0.006422
v -0.015724 -0.054111 -0.006197
v -0.015756 -0.054294 -0.005955
v -0.015785 -0.054455 -0.005698
v -0.015809 -0.054594 -0.005427
v -0.01583 -0.054709 -0.005146
v -0.015846 -0.054799 -0.004855
v -0.015857 -0.054864 -0.004557
v -0.015864 -0.054903 -0.004255
v -0.015866 -0.054916 -0.00395
v -0.015864 -0.054903 -0.003645
v -0.015857 -0.054864 -0.003343
v -0.015846 -0.054799 -0.003045
v -0.01583 -0.054709 -0.002754
v -0.015809 -0.054594 -0.002473
v -0.015785 -0.054455 -0.002202
v -0.015756 -0.054294 -0.001945
v -0.015724 -0.054111 -0.001703
v -0.015688 -0.053908 -0.001478
v -0.015649 -0.053687 -0.001272
v -0.015607 -0.053448 -0.001086
v -0.015563 -0.053195 -0.000923
v -0.015516 -0.052929 -0.000782
v -0.015467 -0.052651 -0.000665
v -0.015416 -0.052365 -0.000573
v -0.015365 -0.052072 -0.000507
v -0.015857 -0.053144 -0.006979
v -0.015901 -0.053398 -0.006815
v -0.015943 -0.053636 -0.006629
v -0.015983 -0.053858 -0.006423
v -0.016018 -0.054061 -0.006198
v -0.016051 -0.054244 -0.005956
v -0.016079 -0.054405 -0.005699
v -0.016104 -0.054544 -0.005428
v -0.016124 -0.054659 -0.005146
v -0.01614 -0.054749 -0.004855
v -0.016151 -0.054814 -0.004557
v -0.016158 -0.054854 -0.004255
v -0.01616 -0.054867 -0.00395
v -0.016158 -0.054854 -0.003645
v -0.016151 -0.054814 -0.003343
v -0.01614 -0.054749 -0.003045
v -0.016124 -0.054659 -0.002754
v -0.016104 -0.054544 -0.002472
v -0.016079 -0.054405 -0.002201
v -0.016051 -0.054244 -0.001944
v -0.016018 -0.054061 -0.001702
v -0.015983 -0.053858 -0.001477
v -0.015943 -0.053636 -0.001271
v -0.015901 -0.053398 -0.001085
v -0.015857 -0.053144 -0.000921
v -0.01581 -0.052878 -0.00078
v -0.015761 -0.0526 -0.000663
v -0.01571 -0.052314 -0.000571
v -0.015659 -0.05202 -0.000505
v -0.015717 -0.051339 -0.000463
v -0.015659 -0.05202 -0.007395
v -0.015416 -0.052365 -0.007327
v -0.015173 -0.052694 -0.007209
v -0.014928 -0.052998 -0.007046
v -0.014683 -0.05327 -0.006841
v -0.01444 -0.053503 -0.006601
v -0.014198 -0.053692 -0.006333
v -0.013959 -0.053831 -0.006045
v -0.013725 -0.053917 -0.005746
v -0.013497 -0.05395 -0.005444
v -0.013277 -0.05393 -0.005148
v -0.013066 -0.053857 -0.004867
v -0.012867 -0.053735 -0.004609
v -0.012682 -0.053568 -0.004383
v -0.012512 -0.053362 -0.004194
v -0.012361 -0.053123 -0.004048
v -0.012229 -0.05286 -0.00395
v -0.012141 -0.052641 -0.003896
v -0.016101 -0.052816 -0.007099
v -0.016148 -0.053081 -0.006959
v -0.016192 -0.053333 -0.006796
v -0.016234 -0.05357 -0.006612
v -0.016273 -0.05379 -0.006407
v -0.016308 -0.053992 -0.006183
v -0.01634 -0.054173 -0.005943
v -0.016369 -0.054334 -0.005687
v -0.016393 -0.054471 -0.005418
v -0.016413 -0.054586 -0.005138
v -0.016429 -0.054675 -0.004849
v -0.01644 -0.05474 -0.004553
v -0.016447 -0.054779 -0.004253
v -0.016449 -0.054792 -0.00395
v -0.016447 -0.054779 -0.003647
v -0.01644 -0.05474 -0.003347
v -0.016429 -0.054675 -0.003051
v -0.016413 -0.054586 -0.002762
v -0.016393 -0.054471 -0.002482
v -0.016369 -0.054334 -0.002213
v -0.01634 -0.054173 -0.001957
v -0.016308 -0.053992 -0.001717
v -0.016273 -0.05379 -0.001493
v -0.016234 -0.05357 -0.001288
v -0.016192 -0.053333 -0.001104
v -0.016148 -0.053081 -0.000941
v -0.016101 -0.052816 -0.000801
v -0.016052 -0.052541 -0.000685
v -0.016002 -0.052256 -0.000594
v -0.015951 -0.051965 -0.000528
v -0.015899 -0.051669 -0.000489
v -0.016188 -0.051613 -0.007363
v -0.015951 -0.051965 -0.007372
v -0.01571 -0.052314 -0.007329
v -0.015467 -0.052651 -0.007235
v -0.015221 -0.052969 -0.007093
v -0.014974 -0.053258 -0.006908
v -0.014726 -0.053512 -0.006684
v -0.014479 -0.053724 -0.006429
v -0.014233 -0.053889 -0.00615
v -0.01399 -0.054003 -0.005855
v -0.013751 -0.054064 -0.005552
v -0.013518 -0.054071 -0.005252
v -0.013294 -0.054025 -0.004962
v -0.013079 -0.053928 -0.004692
v -0.012876 -0.053784 -0.004449
v -0.012687 -0.053599 -0.00424
v -0.012515 -0.053377 -0.004072
v -0.012362 -0.053127 -0.00395
v -0.012229 -0.052857 -0.003877
v -0.012143 -0.05264 -0.00384
v -0.016339 -0.052473 -0.007169
v -0.016387 -0.052745 -0.007055
v -0.016433 -0.053006 -0.006917
v -0.016477 -0.053254 -0.006756
v -0.016518 -0.053488 -0.006574
v -0.016557 -0.053705 -0.006372
v -0.016592 -0.053904 -0.006152
v -0.016623 -0.054083 -0.005915
v -0.016651 -0.054241 -0.005663
v -0.016675 -0.054377 -0.005398
v -0.016695 -0.05449 -0.005122
v -0.016711 -0.054578 -0.004837
v -0.016722 -0.054642 -0.004545
v -0.016729 -0.05468 -0.004249
v -0.016731 -0.054693 -0.00395
v -0.016729 -0.05468 -0.003651
v -0.016722 -0.054642 -0.003355
v -0.016711 -0.054578 -0.003063
v -0.016695 -0.05449 -0.002778
v -0.016675 -0.054377 -0.002502
v -0.016651 -0.054241 -0.002237
v -0.016623 -0.054083 -0.001985
v -0.016592 -0.053904 -0.001748
v -0.016557 -0.053705 -0.001528
v -0.016518 -0.053488 -0.001326
v -0.016477 -0.053254 -0.001144
v -0.016433 -0.053006 -0.000983
v -0.016387 -0.052745 -0.000845
v -0.016339 -0.052473 -0.000731
v -0.01629 -0.052192 -0.000641
v -0.016239 -0.051905 -0.000576
v -0.016188 -0.051613 -0.000537
v -0.016472 -0.051557 -0.00729
v -0.016239 -0.051905 -0.007324
v -0.016002 -0.052256 -0.007306
v -0.015761 -0.0526 -0.007237
v -0.015516 -0.052929 -0.007118
v -0.015268 -0.053233 -0.006954
v -0.015018 -0.053506 -0.006748
v -0.014766 -0.05374 -0.006507
v -0.014515 -0.053929 -0.006238
v -0.014264 -0.054069 -0.00595
v -0.014017 -0.054158 -0.00565
v -0.013774 -0.054193 -0.005347
v -0.013537 -0.054174 -0.00505
v -0.013308 -0.054104 -0.004769
v -0.013089 -0.053984 -0.004511
v -0.012882 -0.05382 -0.004285
v -0.012691 -0.053618 -0.004096
v -0.012516 -0.053383 -0.00395
v -0.012361 -0.053123 -0.003852
v -0.012227 -0.052847 -0.003804
v -0.012145 -0.052639 -0.003782
v -0.016571 -0.052124 -0.007188
v -0.01662 -0.052398 -0.0071
v -0.016667 -0.052664 -0.006988
v -0.016712 -0.05292 -0.006853
v -0.016755 -0.053163 -0.006696
v -0.016795 -0.053391 -0.006518
v -0.016832 -0.053603 -0.00632
v -0.016867 -0.053798 -0.006105
v -0.016898 -0.053973 -0.005873
v -0.016925 -0.054128 -0.005626
v -0.016948 -0.054261 -0.005367
v -0.016968 -0.054371 -0.005097
v -0.016983 -0.054458 -0.004818
v -0.016994 -0.05452 -0.004532
v -0.017001 -0.054558 -0.004242
v -0.017003 -0.05457 -0.00395
v -0.017001 -0.054558 -0.003658
v -0.016994 -0.05452 -0.003368
v -0.016983 -0.054458 -0.003082
v -0.016968 -0.054371 -0.002803
v -0.016948 -0.054261 -0.002533
v -0.016925 -0.054128 -0.002274
v -0.016898 -0.053973 -0.002027
v -0.016867 -0.053798 -0.001795
v -0.016832 -0.053603 -0.00158
v -0.016795 -0.053391 -0.001382
v -0.016755 -0.053163 -0.001204
v -0.016712 -0.05292 -0.001047
v -0.016667 -0.052664 -0.000912
v -0.01662 -0.052398 -0.0008
v -0.016571 -0.052124 -0.000712
v -0.016522 -0.051842 -0.000649
v -0.016472 -0.051557 -0.00061
v -0.016967 -0.051173 -0.007083
v -0.016748 -0.051499 -0.007192
v -0.016522 -0.051842 -0.007251
v -0.01629 -0.052192 -0.007259
v -0.016052 -0.052541 -0.007215
v -0.01581 -0.052878 -0.00712
v -0.015563 -0.053195 -0.006977
v -0.015312 -0.053485 -0.006791
v -0.015059 -0.053739 -0.006566
v -0.014803 -0.053951 -0.00631
v -0.014548 -0.054117 -0.00603
v -0.014293 -0.054232 -0.005734
v -0.014041 -0.054294 -0.005432
v -0.013793 -0.054303 -0.005131
v -0.013552 -0.05426 -0.004841
v -0.013318 -0.054165 -0.00457
v -0.013096 -0.054024 -0.004327
v -0.012886 -0.053842 -0.004118
v -0.012692 -0.053624 -0.00395
v -0.012515 -0.053377 -0.003828
v -0.012359 -0.053111 -0.003755
v -0.012224 -0.052832 -0.003733
v -0.012148 -0.052638 -0.003724
v -0.016797 -0.051777 -0.007155
v -0.016845 -0.05205 -0.007094
v -0.016892 -0.052316 -0.007008
v -0.016937 -0.052575 -0.006899
v -0.016981 -0.052823 -0.006768
v -0.017023 -0.053058 -0.006616
v -0.017062 -0.05328 -0.006443
v -0.017098 -0.053486 -0.006251
v -0.017131 -0.053675 -0.006042
v -0.017161 -0.053845 -0.005817
v -0.017188 -0.053996 -0.005577
v -0.017211 -0.054125 -0.005325
v -0.017229 -0.054232 -0.005063
v -0.017244 -0.054316 -0.004792
v -0.017255 -0.054376 -0.004515
v -0.017261 -0.054413 -0.004234
v -0.017264 -0.054425 -0.00395
v -0.017261 -0.054413 -0.003666
v -0.017255 -0.054376 -0.003385
v -0.017244 -0.054316 -0.003108
v -0.017229 -0.054232 -0.002837
v -0.017211 -0.054125 -0.002575
v -0.017188 -0.053996 -0.002323
v -0.017161 -0.053845 -0.002083
v -0.017131 -0.053675 -0.001858
v -0.017098 -0.053486 -0.001649
v -0.017062 -0.05328 -0.001457
v -0.017023 -0.053058 -0.001284
v -0.016981 -0.052823 -0.001132
v -0.016937 -0.052575 -0.001001
v -0.016892 -0.052316 -0.000892
v -0.016845 -0.05205 -0.000806
v -0.016797 -0.051777 -0.000745
v -0.016748 -0.051499 -0.000708
v -0.017014 -0.051442 -0.007071
v -0.017061 -0.051709 -0.007035
v -0.017108 -0.051971 -0.006976
v -0.017153 -0.052228 -0.006894
v -0.017197 -0.052477 -0.006789
v -0.017239 -0.052715 -0.006663
v -0.017279 -0.052942 -0.006516
v -0.017316 -0.053156 -0.00635
v -0.017351 -0.053354 -0.006165
v -0.017384 -0.053536 -0.005964
v -0.017412 -0.0537 -0.005747
v -0.017438 -0.053845 -0.005516
v -0.01746 -0.053969 -0.005274
v -0.017478 -0.054072 -0.005022
v -0.017492 -0.054153 -0.004761
v -0.017503 -0.054211 -0.004494
v -0.017509 -0.054246 -0.004223
v -0.017511 -0.054258 -0.00395
v -0.017509 -0.054246 -0.003677
v -0.017503 -0.054211 -0.003406
v -0.017492 -0.054153 -0.003139
v -0.017478 -0.054072 -0.002878
v -0.01746 -0.053969 -0.002626
v -0.017438 -0.053845 -0.002384
v -0.017412 -0.0537 -0.002153
v -0.017384 -0.053536 -0.001936
v -0.017351 -0.053354 -0.001735
v -0.017316 -0.053156 -0.00155
v -0.017279 -0.052942 -0.001384
v -0.017239 -0.052715 -0.001237
v -0.017197 -0.052477 -0.001111
v -0.017153 -0.052228 -0.001006
v -0.017108 -0.051971 -0.000924
v -0.017061 -0.051709 -0.000865
v -0.017014 -0.051442 -0.000829
v -0.017074 -0.050845 -0.000919
v -0.017224 -0.051127 -0.006939
v -0.017269 -0.051384 -0.006927
v -0.017314 -0.051639 -0.006893
v -0.017358 -0.051889 -0.006837
v -0.017401 -0.052134 -0.006758
v -0.017443 -0.052371 -0.006659
v -0.017483 -0.052599 -0.006538
v -0.017522 -0.052816 -0.006398
v -0.017558 -0.053019 -0.006239
v -0.017591 -0.053209 -0.006063
v -0.017622 -0.053382 -0.005871
v -0.017649 -0.053538 -0.005664
v -0.017673 -0.053676 -0.005444
v -0.017694 -0.053795 -0.005213
v -0.017712 -0.053893 -0.004972
v -0.017725 -0.05397 -0.004723
v -0.017735 -0.054026 -0.004469
v -0.017741 -0.054059 -0.00421
v -0.017743 -0.054071 -0.00395
v -0.017741 -0.054059 -0.00369
v -0.017735 -0.054026 -0.003431
v -0.017725 -0.05397 -0.003177
v -0.017712 -0.053893 -0.002928
v -0.017694 -0.053795 -0.002687
v -0.017673 -0.053676 -0.002456
v -0.017649 -0.053538 -0.002236
v -0.017622 -0.053382 -0.002029
v -0.017591 -0.053209 -0.001837
v -0.017558 -0.053019 -0.001661
v -0.017522 -0.052816 -0.001502
v -0.017483 -0.052599 -0.001362
v -0.017443 -0.052371 -0.001241
v -0.017401 -0.052134 -0.001142
v -0.017358 -0.051889 -0.001063
v -0.017314 -0.051639 -0.001007
v -0.017269 -0.051384 -0.000973
v -0.017224 -0.051127 -0.000961
v -0.017168 -0.050811 -0.006921
v -0.017179 -0.050871 -0.006927
v -0.017468 -0.051084 -0.001127
v -0.017511 -0.051327 -0.001138
v -0.017553 -0.051567 -0.00117
v -0.017595 -0.051804 -0.001224
v -0.017636 -0.052035 -0.001298
v -0.017675 -0.052259 -0.001392
v -0.017713 -0.052474 -0.001506
v -0.017749 -0.052679 -0.001638
v -0.017783 -0.052871 -0.001788
v -0.017815 -0.05305 -0.001954
v -0.017844 -0.053214 -0.002136
v -0.01787 -0.053361 -0.002331
v -0.017893 -0.053492 -0.002539
v -0.017912 -0.053604 -0.002757
v -0.017929 -0.053696 -0.002985
v -0.017942 -0.053769 -0.003219
v -0.017951 -0.053822 -0.00346
v -0.017956 -0.053853 -0.003704
v -0.017958 -0.053864 -0.00395
v -0.017956 -0.053853 -0.004196
v -0.017951 -0.053822 -0.00444
v -0.017942 -0.053769 -0.004681
v -0.017929 -0.053696 -0.004915
v -0.017912 -0.053604 -0.005143
v -0.017893 -0.053492 -0.005361
v -0.01787 -0.053361 -0.005569
v -0.017844 -0.053214 -0.005764
v -0.017815 -0.05305 -0.005946
v -0.017783 -0.052871 -0.006112
v -0.017749 -0.052679 -0.006262
v -0.017713 -0.052474 -0.006394
v -0.017675 -0.052259 -0.006508
v -0.017636 -0.052035 -0.006602
v -0.017595 -0.051804 -0.006676
v -0.017553 -0.051567 -0.00673
v -0.017511 -0.051327 -0.006762
v -0.017468 -0.051084 -0.006773
v -0.017698 -0.051044 -0.001314
v -0.017737 -0.05127 -0.001324
v -0.017777 -0.051495 -0.001354
v -0.017816 -0.051716 -0.001404
v -0.017854 -0.051932 -0.001473
v -0.017891 -0.052141 -0.001561
v -0.017926 -0.052342 -0.001667
v -0.01796 -0.052533 -0.001791
v -0.017992 -0.052713 -0.001931
v -0.018021 -0.05288 -0.002086
v -0.018048 -0.053033 -0.002256
v -0.018072 -0.05317 -0.002438
v -0.018094 -0.053292 -0.002632
v -0.018112 -0.053397 -0.002836
v -0.018128 -0.053483 -0.003048
v -0.01814 -0.053551 -0.003268
v -0.018148 -0.0536 -0.003492
v -0.018154 -0.05363 -0.00372
v -0.018155 -0.05364 -0.00395
v -0.018154 -0.05363 -0.00418
v -0.018148 -0.0536 -0.004408
v -0.01814 -0.053551 -0.004632
v -0.018128 -0.053483 -0.004852
v -0.018112 -0.053397 -0.005064
v -0.018094 -0.053292 -0.005268
v -0.018072 -0.05317 -0.005462
v -0.018048 -0.053033 -0.005644
v -0.018021 -0.05288 -0.005814
v -0.017992 -0.052713 -0.005969
v -0.01796 -0.052533 -0.006109
v -0.017926 -0.052342 -0.006233
v -0.017891 -0.052141 -0.006339
v -0.017854 -0.051932 -0.006427
v -0.017816 -0.051716 -0.006496
v -0.017777 -0.051495 -0.006546
v -0.017737 -0.05127 -0.006576
v -0.017698 -0.051044 -0.006586
v -0.01791 -0.051006 -0.00152
v -0.017947 -0.051215 -0.001529
v -0.017984 -0.051422 -0.001557
v -0.01802 -0.051626 -0.001603
v -0.018055 -0.051825 -0.001666
v -0.018089 -0.052018 -0.001747
v -0.018121 -0.052203 -0.001845
v -0.018152 -0.052379 -0.001959
v -0.018182 -0.052545 -0.002088
v -0.018209 -0.052699 -0.002232
v -0.018234 -0.05284 -0.002388
v -0.018256 -0.052967 -0.002556
v -0.018276 -0.053079 -0.002735
v -0.018293 -0.053176 -0.002923
v -0.018307 -0.053255 -0.003119
v -0.018318 -0.053318 -0.003321
v -0.018326 -0.053363 -0.003528
v -0.018331 -0.053391 -0.003738
v -0.018332 -0.0534 -0.00395
v -0.018331 -0.053391 -0.004162
v -0.018326 -0.053363 -0.004372
v -0.018318 -0.053318 -0.004579
v -0.018307 -0.053255 -0.004781
v -0.018293 -0.053176 -0.004977
v -0.018276 -0.053079 -0.005165
v -0.018256 -0.052967 -0.005344
v -0.018234 -0.05284 -0.005512
v -0.018209 -0.052699 -0.005668
v -0.018182 -0.052545 -0.005812
v -0.018152 -0.052379 -0.005941
v -0.018121 -0.052203 -0.006055
v -0.018089 -0.052018 -0.006153
v -0.018055 -0.051825 -0.006234
v -0.01802 -0.051626 -0.006297
v -0.017984 -0.051422 -0.006343
v -0.017947 -0.051215 -0.006371
v -0.01791 -0.051006 -0.00638
v -0.017874 -0.050798 -0.006371
v -0.017756 -0.050597 -0.006425
v -0.018022 -0.0505 -0.006104
v -0.017949 -0.050527 -0.0062
v -0.018039 -0.050595 -0.006123
v -0.017874 -0.050622 -0.006317
v -0.018072 -0.050783 -0.006149
v -0.018072 -0.050783 -0.001751
v -0.018105 -0.050972 -0.001743
v -0.018139 -0.051161 -0.001751
v -0.018172 -0.051349 -0.001777
v -0.018204 -0.051535 -0.001818
v -0.018236 -0.051715 -0.001876
v -0.018267 -0.051891 -0.00195
v -0.018297 -0.052059 -0.002039
v -0.018325 -0.052219 -0.002142
v -0.018352 -0.052369 -0.002259
v -0.018376 -0.052509 -0.002389
v -0.018399 -0.052637 -0.002531
v -0.018419 -0.052752 -0.002684
v -0.018437 -0.052854 -0.002847
v -0.018453 -0.052942 -0.003017
v -0.018465 -0.053014 -0.003195
v -0.018475 -0.053071 -0.003379
v -0.018483 -0.053112 -0.003567
v -0.018487 -0.053137 -0.003758
v -0.018488 -0.053145 -0.00395
v -0.018487 -0.053137 -0.004142
v -0.018483 -0.053112 -0.004333
v -0.018475 -0.053071 -0.004521
v -0.018465 -0.053014 -0.004705
v -0.018453 -0.052942 -0.004883
v -0.018437 -0.052854 -0.005053
v -0.018419 -0.052752 -0.005216
v -0.018399 -0.052637 -0.005369
v -0.018376 -0.052509 -0.005511
v -0.018352 -0.052369 -0.005641
v -0.018325 -0.052219 -0.005758
v -0.018297 -0.052059 -0.005861
v -0.018267 -0.051891 -0.00595
v -0.018236 -0.051715 -0.006024
v -0.018204 -0.051535 -0.006082
v -0.018172 -0.051349 -0.006123
v -0.018139 -0.051161 -0.006149
v -0.018105 -0.050972 -0.006157
v -0.018251 -0.050772 -0.00199
v -0.018281 -0.050941 -0.001983
v -0.01831 -0.05111 -0.00199
v -0.01834 -0.051278 -0.002012
v -0.018369 -0.051443 -0.00205
v -0.018397 -0.051604 -0.002101
v -0.018425 -0.05176 -0.002167
v -0.018451 -0.05191 -0.002246
v -0.018477 -0.052052 -0.002338
v -0.0185 -0.052187 -0.002443
v -0.018522 -0.052311 -0.002559
v -0.018542 -0.052425 -0.002685
v -0.018561 -0.052528 -0.002821
v -0.018577 -0.052619 -0.002966
v -0.01859 -0.052697 -0.003119
v -0.018602 -0.052762 -0.003277
v -0.018611 -0.052813 -0.003441
v -0.018617 -0.052849 -0.003608
v -0.018621 -0.052871 -0.003779
v -0.018622 -0.052879 -0.00395
v -0.018621 -0.052871 -0.004121
v -0.018617 -0.052849 -0.004292
v -0.018611 -0.052813 -0.004459
v -0.018602 -0.052762 -0.004623
v -0.01859 -0.052697 -0.004781
v -0.018577 -0.052619 -0.004934
v -0.018561 -0.052528 -0.005079
v -0.018542 -0.052425 -0.005215
v -0.018522 -0.052311 -0.005341
v -0.0185 -0.052187 -0.005457
v -0.018477 -0.052052 -0.005562
v -0.018451 -0.05191 -0.005654
v -0.018425 -0.05176 -0.005733
v -0.018397 -0.051604 -0.005799
v -0.018369 -0.051443 -0.00585
v -0.01834 -0.051278 -0.005888
v -0.01831 -0.05111 -0.00591
v -0.018281 -0.050941 -0.005917
v -0.018251 -0.050772 -0.00591
v -0.018221 -0.050605 -0.005888
v -0.018124 -0.050463 -0.005958
v -0.018343 -0.050384 -0.005576
v -0.018278 -0.050407 -0.0057
v -0.018358 -0.050477 -0.005605
v -0.018226 -0.050486 -0.005825
v -0.018384 -0.050621 -0.005638
v -0.018384 -0.050621 -0.002262
v -0.018409 -0.050767 -0.002243
v -0.018435 -0.050914 -0.002236
v -0.018461 -0.051061 -0.002243
v -0.018487 -0.051207 -0.002262
v -0.018512 -0.051351 -0.002295
v -0.018537 -0.051491 -0.00234
v -0.018561 -0.051627 -0.002397
v -0.018584 -0.051758 -0.002466
v -0.018606 -0.051882 -0.002546
v -0.018627 -0.051999 -0.002637
v -0.018646 -0.052107 -0.002738
v -0.018663 -0.052207 -0.002848
v -0.018679 -0.052296 -0.002967
v -0.018693 -0.052375 -0.003093
v -0.018705 -0.052443 -0.003226
v -0.018715 -0.0525 -0.003364
v -0.018723 -0.052544 -0.003506
v -0.018728 -0.052576 -0.003652
v -0.018732 -0.052595 -0.003801
v -0.018733 -0.052602 -0.00395
v -0.018732 -0.052595 -0.004099
v -0.018728 -0.052576 -0.004248
v -0.018723 -0.052544 -0.004394
v -0.018715 -0.0525 -0.004536
v -0.018705 -0.052443 -0.004674
v -0.018693 -0.052375 -0.004807
v -0.018679 -0.052296 -0.004933
v -0.018663 -0.052207 -0.005052
v -0.018646 -0.052107 -0.005162
v -0.018627 -0.051999 -0.005263
v -0.018606 -0.051882 -0.005354
v -0.018584 -0.051758 -0.005434
v -0.018561 -0.051627 -0.005503
v -0.018537 -0.051491 -0.00556
v -0.018512 -0.051351 -0.005605
v -0.018487 -0.051207 -0.005638
v -0.018461 -0.051061 -0.005657
v -0.018435 -0.050914 -0.005664
v -0.018409 -0.050767 -0.005657
v -0.018525 -0.050643 -0.002524
v -0.018546 -0.050766 -0.002508
v -0.018568 -0.05089 -0.002502
v -0.01859 -0.051015 -0.002508
v -0.018612 -0.051138 -0.002524
v -0.018633 -0.051259 -0.002552
v -0.018654 -0.051378 -0.00259
v -0.018674 -0.051493 -0.002638
v -0.018694 -0.051603 -0.002696
v -0.018712 -0.051708 -0.002764
v -0.01873 -0.051807 -0.002841
v -0.018746 -0.051899 -0.002926
v -0.018761 -0.051983 -0.003019
v -0.018774 -0.052058 -0.00312
v -0.018786 -0.052125 -0.003226
v -0.018796 -0.052182 -0.003338
v -0.018804 -0.05223 -0.003455
v -0.018811 -0.052267 -0.003575
v -0.018816 -0.052294 -0.003699
v -0.018819 -0.052311 -0.003824
v -0.01882 -0.052316 -0.00395
v -0.018819 -0.052311 -0.004076
v -0.018816 -0.052294 -0.004201
v -0.018811 -0.052267 -0.004325
v -0.018804 -0.05223 -0.004445
v -0.018796 -0.052182 -0.004562
v -0.018786 -0.052125 -0.004674
v -0.018774 -0.052058 -0.00478
v -0.018761 -0.051983 -0.004881
v -0.018746 -0.051899 -0.004974
v -0.01873 -0.051807 -0.005059
v -0.018712 -0.051708 -0.005136
v -0.018694 -0.051603 -0.005204
v -0.018674 -0.051493 -0.005262
v -0.018654 -0.051378 -0.00531
v -0.018633 -0.051259 -0.005348
v -0.018612 -0.051138 -0.005376
v -0.01859 -0.051015 -0.005392
v -0.018568 -0.05089 -0.005398
v -0.018546 -0.050766 -0.005392
v -0.018525 -0.050643 -0.005376
v -0.018626 -0.050573 -0.002819
v -0.018643 -0.050671 -0.002797
v -0.01866 -0.050771 -0.002784
v -0.018678 -0.050871 -0.002779
v -0.018696 -0.050972 -0.002784
v -0.018713 -0.051071 -0.002797
v -0.018731 -0.051169 -0.002819
v -0.018748 -0.051265 -0.00285
v -0.018764 -0.051358 -0.002889
v -0.01878 -0.051448 -0.002936
v -0.018795 -0.051532 -0.002991
v -0.018809 -0.051612 -0.003053
v -0.018822 -0.051686 -0.003122
v -0.018834 -0.051754 -0.003197
v -0.018845 -0.051816 -0.003278
v -0.018854 -0.05187 -0.003365
v -0.018862 -0.051916 -0.003455
v -0.018869 -0.051955 -0.00355
v -0.018875 -0.051985 -0.003647
v -0.018878 -0.052007 -0.003747
v -0.018881 -0.05202 -0.003848
v -0.018882 -0.052024 -0.00395
v -0.018881 -0.05202 -0.004052
v -0.018878 -0.052007 -0.004153
v -0.018875 -0.051985 -0.004253
v -0.018869 -0.051955 -0.00435
v -0.018862 -0.051916 -0.004445
v -0.018854 -0.05187 -0.004535
v -0.018845 -0.051816 -0.004622
v -0.018834 -0.051754 -0.004703
v -0.018822 -0.051686 -0.004778
v -0.018809 -0.051612 -0.004847
v -0.018795 -0.051532 -0.004909
v -0.01878 -0.051448 -0.004964
v -0.018764 -0.051358 -0.005011
v -0.018748 -0.051265 -0.00505
v -0.018731 -0.051169 -0.005081
v -0.018713 -0.051071 -0.005103
v -0.018696 -0.050972 -0.005116
v -0.018678 -0.050871 -0.005121
v -0.01866 -0.050771 -0.005116
v -0.018643 -0.050671 -0.005103
v -0.018626 -0.050573 -0.005081
v -0.018607 -0.050288 -0.004856
v -0.018578 -0.050298 -0.004962
v -0.0187 -0.050487 -0.004753
v -0.0187 -0.050487 -0.003147
v -0.018712 -0.050557 -0.003118
v -0.018725 -0.05063 -0.003094
v -0.018738 -0.050704 -0.003078
v -0.018751 -0.05078 -0.003068
v -0.018765 -0.050856 -0.003064
v -0.018778 -0.050932 -0.003068
v -0.018791 -0.051007 -0.003078
v -0.018804 -0.051082 -0.003094
v -0.018817 -0.051154 -0.003118
v -0.01883 -0.051224 -0.003147
v -0.018842 -0.051292 -0.003183
v -0.018853 -0.051356 -0.003224
v -0.018863 -0.051416 -0.003271
v -0.018873 -0.051473 -0.003324
v -0.018882 -0.051524 -0.003381
v -0.018891 -0.05157 -0.003442
v -0.018898 -0.051611 -0.003507
v -0.018904 -0.051646 -0.003576
v -0.018909 -0.051675 -0.003647
v -0.018913 -0.051698 -0.003721
v -0.018916 -0.051715 -0.003796
v -0.018918 -0.051725 -0.003873
v -0.018918 -0.051728 -0.00395
v -0.018918 -0.051725 -0.004027
v -0.018916 -0.051715 -0.004104
v -0.018913 -0.051698 -0.004179
v -0.018909 -0.051675 -0.004253
v -0.018904 -0.051646 -0.004324
v -0.018898 -0.051611 -0.004393
v -0.018891 -0.05157 -0.004458
v -0.018882 -0.051524 -0.004519
v -0.018873 -0.051473 -0.004576
v -0.018863 -0.051416 -0.004629
v -0.018853 -0.051356 -0.004676
v -0.018842 -0.051292 -0.004717
v -0.01883 -0.051224 -0.004753
v -0.018817 -0.051154 -0.004782
v -0.018804 -0.051082 -0.004806
v -0.018791 -0.051007 -0.004822
v -0.018778 -0.050932 -0.004832
v -0.018765 -0.050856 -0.004836
v -0.018751 -0.05078 -0.004832
v -0.018738 -0.050704 -0.004822
v -0.018725 -0.05063 -0.004806
v -0.018712 -0.050557 -0.004782
v -0.018768 -0.050509 -0.003463
v -0.018775 -0.050552 -0.003436
v -0.018783 -0.050598 -0.003412
v -0.018791 -0.050645 -0.003392
v -0.0188 -0.050693 -0.003376
v -0.018809 -0.050743 -0.003365
v -0.018818 -0.050794 -0.003358
v -0.018827 -0.050845 -0.003356
v -0.018836 -0.050896 -0.003358
v -0.018845 -0.050946 -0.003365
v -0.018853 -0.050996 -0.003376
v -0.018862 -0.051045 -0.003392
v -0.01887 -0.051092 -0.003412
v -0.018878 -0.051137 -0.003436
v -0.018886 -0.05118 -0.003463
v -0.018893 -0.051221 -0.003495
v -0.0189 -0.051259 -0.00353
v -0.018906 -0.051293 -0.003568
v -0.018911 -0.051324 -0.003609
v -0.018916 -0.051352 -0.003653
v -0.01892 -0.051375 -0.003699
v -0.018924 -0.051395 -0.003747
v -0.018926 -0.05141 -0.003796
v -0.018928 -0.051421 -0.003847
v -0.01893 -0.051428 -0.003898
v -0.01893 -0.05143 -0.00395
v -0.01893 -0.051428 -0.004002
v -0.018928 -0.051421 -0.004053
v -0.018926 -0.05141 -0.004104
v -0.018924 -0.051395 -0.004153
v -0.01892 -0.051375 -0.004201
v -0.018916 -0.051352 -0.004247
v -0.018911 -0.051324 -0.004291
v -0.018906 -0.051293 -0.004332
v -0.0189 -0.051259 -0.00437
v -0.018893 -0.051221 -0.004405
v -0.018886 -0.05118 -0.004437
v -0.018878 -0.051137 -0.004464
v -0.01887 -0.051092 -0.004488
v -0.018862 -0.051045 -0.004508
v -0.018853 -0.050996 -0.004524
v -0.018845 -0.050946 -0.004535
v -0.018836 -0.050896 -0.004542
v -0.018827 -0.050845 -0.004544
v -0.018818 -0.050794 -0.004542
v -0.018809 -0.050743 -0.004535
v -0.0188 -0.050693 -0.004524
v -0.018791 -0.050645 -0.004508
v -0.018783 -0.050598 -0.004488
v -0.018775 -0.050552 -0.004464
v -0.018768 -0.050509 -0.004437
f 1 2 3
f 4 5 6
f 7 8 9
f 5 4 10
f 10 11 12
f 13 11 10
f 10 14 15
f 16 14 10
f 12 16 10
f 10 17 18
f 19 17 10
f 15 19 10
f 10 20 21
f 22 20 10
f 18 22 10
f 10 23 24
f 25 23 10
f 21 25 10
f 10 26 27
f 28 26 10
f 24 28 10
f 10 29 30
f 31 29 10
f 27 31 10
f 1 32 30
f 32 10 30
f 8 7 10
f 33 34 35
f 36 37 38
f 39 40 41
f 42 43 44
f 45 3 46
f 47 48 49
f 50 51 52
f 53 54 55
f 56 57 58
f 57 56 59
f 60 61 62
f 61 60 63
f 64 65 66
f 65 64 67
f 68 69 70
f 71 72 73
f 74 75 76
f 77 78 79
f 78 77 80
f 81 82 83
f 84 85 86
f 87 88 89
f 90 91 92
f 91 93 92
f 92 93 88
f 94 95 96
f 95 97 96
f 96 97 98
f 99 100 76
f 100 101 76
f 76 101 74
f 102 103 73
f 103 104 73
f 73 104 71
f 105 106 102
f 106 107 102
f 102 107 103
f 108 109 105
f 109 110 105
f 105 110 106
f 111 112 70
f 112 113 70
f 70 113 68
f 114 115 111
f 115 116 111
f 111 116 112
f 117 118 114
f 118 119 114
f 114 119 115
f 120 121 117
f 121 122 117
f 117 122 118
f 123 124 66
f 124 125 66
f 66 125 64
f 126 127 123
f 127 128 123
f 123 128 124
f 129 130 126
f 130 131 126
f 126 131 127
f 132 133 62
f 133 134 62
f 62 134 60
f 135 136 132
f 136 137 132
f 132 137 133
f 138 139 58
f 139 140 58
f 58 140 56
f 141 142 143
f 142 144 143
f 46 3 145
f 3 2 145
f 145 2 146
f 2 147 146
f 147 148 146
f 146 148 149
f 148 150 149
f 149 150 151
f 150 152 151
f 151 152 153
f 153 152 154
f 152 155 154
f 154 155 156
f 155 157 156
f 156 157 158
f 157 159 158
f 158 159 160
f 159 161 160
f 160 161 162
f 161 163 162
f 162 163 164
f 163 165 164
f 164 165 166
f 165 167 166
f 166 167 168
f 167 169 168
f 168 169 170
f 169 171 170
f 170 171 172
f 171 173 172
f 172 173 174
f 173 175 174
f 174 175 176
f 176 175 177
f 175 178 177
f 177 178 179
f 178 180 179
f 179 180 181
f 180 182 181
f 181 182 183
f 182 184 183
f 183 184 185
f 185 184 186
f 184 187 186
f 186 187 42
f 188 189 190
f 41 40 191
f 192 193 194
f 194 195 192
f 195 196 192
f 192 196 197
f 198 199 200
f 198 200 201
f 200 202 201
f 201 202 203
f 204 205 206
f 207 208 206
f 208 209 206
f 206 209 204
f 210 211 207
f 211 212 207
f 207 212 208
f 207 213 210
f 213 214 210
f 210 214 215
f 216 217 218
f 219 220 218
f 220 221 218
f 218 221 216
f 222 223 219
f 223 224 219
f 219 224 220
f 225 226 222
f 226 227 222
f 222 227 223
f 222 228 225
f 228 229 225
f 225 229 230
f 231 232 233
f 232 234 233
f 231 233 235
f 233 236 235
f 235 236 237
f 237 236 238
f 236 239 238
f 238 239 240
f 38 37 241
f 37 242 241
f 242 243 241
f 241 243 239
f 243 244 239
f 239 244 240
f 245 246 247
f 245 247 248
f 246 245 249
f 245 250 249
f 249 250 251
f 251 250 252
f 250 253 252
f 252 253 254
f 35 34 253
f 34 255 253
f 253 255 254
f 256 257 258
f 259 260 261
f 260 262 261
f 261 262 258
f 262 263 258
f 258 263 256
f 264 265 266
f 267 268 265
f 268 269 265
f 265 269 266
f 270 271 272
f 273 274 275
f 273 275 276
f 277 278 279
f 280 281 282
f 283 284 285
f 286 287 288
f 289 9 290
f 9 8 290
f 290 8 291
f 8 10 291
f 1 30 2
f 30 29 2
f 2 29 147
f 29 31 147
f 147 31 148
f 31 27 148
f 148 27 150
f 27 26 150
f 150 26 152
f 26 28 152
f 152 28 155
f 28 24 155
f 155 24 157
f 24 23 157
f 157 23 159
f 23 25 159
f 159 25 161
f 25 21 161
f 161 21 163
f 21 20 163
f 163 20 165
f 20 22 165
f 165 22 167
f 22 18 167
f 167 18 169
f 18 17 169
f 169 17 171
f 17 19 171
f 171 19 173
f 19 15 173
f 173 15 175
f 15 14 175
f 175 14 178
f 14 16 178
f 178 16 180
f 16 12 180
f 180 12 182
f 12 11 182
f 182 11 184
f 11 13 184
f 184 13 187
f 292 6 293
f 6 5 293
f 293 5 294
f 5 10 294
f 295 289 296
f 289 290 296
f 296 290 297
f 290 291 297
f 297 291 298
f 291 10 298
f 299 300 49
f 300 301 49
f 49 301 47
f 42 187 43
f 187 302 43
f 43 302 44
f 303 302 304
f 302 187 304
f 304 187 305
f 187 13 305
f 305 13 10
f 191 292 306
f 292 293 306
f 306 293 307
f 293 294 307
f 307 294 308
f 294 10 308
f 309 295 310
f 295 296 310
f 310 296 311
f 296 297 311
f 311 297 312
f 297 298 312
f 312 298 313
f 298 10 313
f 10 314 315
f 314 316 315
f 315 316 317
f 316 318 317
f 317 318 319
f 318 52 319
f 319 52 320
f 52 51 320
f 320 51 55
f 51 321 55
f 55 321 53
f 314 299 316
f 299 49 316
f 316 49 318
f 49 48 318
f 318 48 52
f 48 322 52
f 52 322 50
f 190 323 188
f 323 324 188
f 188 324 303
f 324 325 303
f 303 325 302
f 325 326 302
f 302 326 44
f 40 189 191
f 189 188 191
f 191 188 292
f 188 303 292
f 292 303 6
f 303 304 6
f 6 304 4
f 304 305 4
f 4 305 10
f 327 309 328
f 309 310 328
f 328 310 329
f 310 311 329
f 329 311 330
f 311 312 330
f 330 312 331
f 312 313 331
f 331 313 332
f 313 10 332
f 144 142 54
f 142 333 54
f 54 333 55
f 333 334 55
f 55 334 320
f 334 335 320
f 320 335 319
f 335 336 319
f 319 336 317
f 336 337 317
f 317 337 315
f 337 10 315
f 45 301 3
f 301 300 3
f 3 300 1
f 300 299 1
f 1 299 32
f 299 314 32
f 32 314 10
f 10 338 308
f 338 339 308
f 308 339 307
f 339 340 307
f 307 340 306
f 340 341 306
f 306 341 191
f 341 194 191
f 191 194 41
f 194 193 41
f 41 193 39
f 141 327 142
f 327 328 142
f 142 328 333
f 328 329 333
f 333 329 334
f 329 330 334
f 334 330 335
f 330 331 335
f 335 331 336
f 331 332 336
f 336 332 337
f 332 10 337
f 10 342 338
f 342 343 338
f 338 343 339
f 343 344 339
f 339 344 340
f 344 345 340
f 340 345 341
f 345 346 341
f 341 346 194
f 346 347 194
f 194 347 195
f 347 199 195
f 195 199 196
f 199 198 196
f 196 198 197
f 348 138 349
f 138 58 349
f 349 58 350
f 58 57 350
f 350 57 351
f 57 59 351
f 351 59 135
f 59 352 135
f 135 352 136
f 10 353 342
f 353 354 342
f 342 354 343
f 354 355 343
f 343 355 344
f 355 356 344
f 344 356 345
f 356 357 345
f 345 357 346
f 357 358 346
f 346 358 347
f 358 359 347
f 347 359 199
f 359 360 199
f 199 360 200
f 360 205 200
f 200 205 202
f 205 204 202
f 202 204 203
f 361 348 362
f 348 349 362
f 362 349 363
f 349 350 363
f 363 350 364
f 350 351 364
f 364 351 365
f 351 135 365
f 365 135 366
f 135 132 366
f 366 132 367
f 132 62 367
f 367 62 368
f 62 61 368
f 368 61 369
f 61 63 369
f 369 63 129
f 63 370 129
f 129 370 130
f 10 371 353
f 371 372 353
f 353 372 354
f 372 373 354
f 354 373 355
f 373 374 355
f 355 374 356
f 374 375 356
f 356 375 357
f 375 376 357
f 357 376 358
f 376 377 358
f 358 377 359
f 377 378 359
f 359 378 360
f 378 379 360
f 360 379 205
f 379 380 205
f 205 380 206
f 380 381 206
f 206 381 207
f 381 382 207
f 207 382 213
f 382 217 213
f 213 217 214
f 217 216 214
f 214 216 215
f 10 383 371
f 383 384 371
f 371 384 372
f 384 385 372
f 372 385 373
f 385 386 373
f 373 386 374
f 386 387 374
f 374 387 375
f 387 388 375
f 375 388 376
f 388 389 376
f 376 389 377
f 389 390 377
f 377 390 378
f 390 391 378
f 378 391 379
f 391 392 379
f 379 392 380
f 392 393 380
f 380 393 381
f 393 394 381
f 381 394 382
f 394 395 382
f 382 395 217
f 395 396 217
f 217 396 218
f 396 397 218
f 218 397 219
f 397 398 219
f 219 398 222
f 398 399 222
f 222 399 228
f 399 234 228
f 228 234 229
f 234 232 229
f 229 232 230
f 400 361 401
f 361 362 401
f 401 362 402
f 362 363 402
f 402 363 403
f 363 364 403
f 403 364 404
f 364 365 404
f 404 365 405
f 365 366 405
f 405 366 406
f 366 367 406
f 406 367 407
f 367 368 407
f 407 368 408
f 368 369 408
f 408 369 409
f 369 129 409
f 409 129 410
f 129 126 410
f 410 126 411
f 126 123 411
f 411 123 412
f 123 66 412
f 412 66 413
f 66 65 413
f 413 65 414
f 65 67 414
f 414 67 120
f 67 415 120
f 120 415 121
f 10 416 383
f 416 417 383
f 383 417 384
f 417 418 384
f 384 418 385
f 418 419 385
f 385 419 386
f 419 420 386
f 386 420 387
f 420 421 387
f 387 421 388
f 421 422 388
f 388 422 389
f 422 423 389
f 389 423 390
f 423 424 390
f 390 424 391
f 424 425 391
f 391 425 392
f 425 426 392
f 392 426 393
f 426 427 393
f 393 427 394
f 427 428 394
f 394 428 395
f 428 429 395
f 395 429 396
f 429 430 396
f 396 430 397
f 430 431 397
f 397 431 398
f 431 432 398
f 398 432 399
f 432 433 399
f 399 433 234
f 433 434 234
f 234 434 233
f 434 435 233
f 233 435 236
f 435 436 236
f 236 436 239
f 436 437 239
f 239 437 241
f 437 248 241
f 241 248 38
f 248 247 38
f 38 247 36
f 438 400 439
f 400 401 439
f 439 401 440
f 401 402 440
f 440 402 441
f 402 403 441
f 441 403 442
f 403 404 442
f 442 404 443
f 404 405 443
f 443 405 444
f 405 406 444
f 444 406 445
f 406 407 445
f 445 407 446
f 407 408 446
f 446 408 447
f 408 409 447
f 447 409 448
f 409 410 448
f 448 410 449
f 410 411 449
f 449 411 450
f 411 412 450
f 450 412 451
f 412 413 451
f 451 413 452
f 413 414 452
f 452 414 453
f 414 120 453
f 453 120 454
f 120 117 454
f 454 117 455
f 117 114 455
f 455 114 456
f 114 111 456
f 456 111 457
f 111 70 457
f 457 70 458
f 70 69 458
f 458 69 108
f 69 459 108
f 108 459 109
f 10 460 416
f 460 461 416
f 416 461 417
f 461 462 417
f 417 462 418
f 462 463 418
f 418 463 419
f 463 464 419
f 419 464 420
f 464 465 420
f 420 465 421
f 465 466 421
f 421 466 422
f 466 467 422
f 422 467 423
f 467 468 423
f 423 468 424
f 468 469 424
f 424 469 425
f 469 470 425
f 425 470 426
f 470 471 426
f 426 471 427
f 471 472 427
f 427 472 428
f 472 473 428
f 428 473 429
f 473 474 429
f 429 474 430
f 474 475 430
f 430 475 431
f 475 476 431
f 431 476 432
f 476 477 432
f 432 477 433
f 477 478 433
f 433 478 434
f 478 479 434
f 434 479 435
f 479 480 435
f 435 480 436
f 480 481 436
f 436 481 437
f 481 482 437
f 437 482 248
f 482 483 248
f 248 483 245
f 483 484 245
f 245 484 250
f 484 485 250
f 250 485 253
f 485 257 253
f 253 257 35
f 257 256 35
f 35 256 33
f 486 438 487
f 438 439 487
f 487 439 488
f 439 440 488
f 488 440 489
f 440 441 489
f 489 441 490
f 441 442 490
f 490 442 491
f 442 443 491
f 491 443 492
f 443 444 492
f 492 444 493
f 444 445 493
f 493 445 494
f 445 446 494
f 494 446 495
f 446 447 495
f 495 447 496
f 447 448 496
f 496 448 497
f 448 449 497
f 497 449 498
f 449 450 498
f 498 450 499
f 450 451 499
f 499 451 500
f 451 452 500
f 500 452 501
f 452 453 501
f 501 453 502
f 453 454 502
f 502 454 503
f 454 455 503
f 503 455 504
f 455 456 504
f 504 456 505
f 456 457 505
f 505 457 506
f 457 458 506
f 506 458 507
f 458 108 507
f 507 108 508
f 108 105 508
f 508 105 509
f 105 102 509
f 509 102 510
f 102 73 510
f 510 73 511
f 73 72 511
f 511 72 99
f 72 512 99
f 99 512 100
f 10 513 460
f 513 514 460
f 460 514 461
f 514 515 461
f 461 515 462
f 515 516 462
f 462 516 463
f 516 517 463
f 463 517 464
f 517 518 464
f 464 518 465
f 518 519 465
f 465 519 466
f 519 520 466
f 466 520 467
f 520 521 467
f 467 521 468
f 521 522 468
f 468 522 469
f 522 523 469
f 469 523 470
f 523 524 470
f 470 524 471
f 524 525 471
f 471 525 472
f 525 526 472
f 472 526 473
f 526 527 473
f 473 527 474
f 527 528 474
f 474 528 475
f 528 529 475
f 475 529 476
f 529 530 476
f 476 530 477
f 530 531 477
f 477 531 478
f 531 532 478
f 478 532 479
f 532 533 479
f 479 533 480
f 533 534 480
f 480 534 481
f 534 535 481
f 481 535 482
f 535 536 482
f 482 536 483
f 536 537 483
f 483 537 484
f 537 538 484
f 484 538 485
f 538 539 485
f 485 539 257
f 539 540 257
f 257 540 258
f 540 264 258
f 258 264 261
f 264 266 261
f 261 266 259
f 541 486 542
f 486 487 542
f 542 487 543
f 487 488 543
f 543 488 544
f 488 489 544
f 544 489 545
f 489 490 545
f 545 490 546
f 490 491 546
f 546 491 547
f 491 492 547
f 547 492 548
f 492 493 548
f 548 493 549
f 493 494 549
f 549 494 550
f 494 495 550
f 550 495 551
f 495 496 551
f 551 496 552
f 496 497 552
f 552 497 553
f 497 498 553
f 553 498 554
f 498 499 554
f 554 499 555
f 499 500 555
f 555 500 556
f 500 501 556
f 556 501 557
f 501 502 557
f 557 502 558
f 502 503 558
f 558 503 559
f 503 504 559
f 559 504 560
f 504 505 560
f 560 505 561
f 505 506 561
f 561 506 562
f 506 507 562
f 562 507 563
f 507 508 563
f 563 508 564
f 508 509 564
f 564 509 565
f 509 510 565
f 565 510 566
f 510 511 566
f 566 511 567
f 511 99 567
f 567 99 568
f 99 76 568
f 568 76 569
f 76 75 569
f 569 75 79
f 75 570 79
f 79 570 77
f 10 571 513
f 571 572 513
f 513 572 514
f 572 573 514
f 514 573 515
f 573 574 515
f 515 574 516
f 574 575 516
f 516 575 517
f 575 576 517
f 517 576 518
f 576 577 518
f 518 577 519
f 577 578 519
f 519 578 520
f 578 579 520
f 520 579 521
f 579 580 521
f 521 580 522
f 580 581 522
f 522 581 523
f 581 582 523
f 523 582 524
f 582 583 524
f 524 583 525
f 583 584 525
f 525 584 526
f 584 585 526
f 526 585 527
f 585 586 527
f 527 586 528
f 586 587 528
f 528 587 529
f 587 588 529
f 529 588 530
f 588 589 530
f 530 589 531
f 589 590 531
f 531 590 532
f 590 591 532
f 532 591 533
f 591 592 533
f 533 592 534
f 592 593 534
f 534 593 535
f 593 594 535
f 535 594 536
f 594 595 536
f 536 595 537
f 595 596 537
f 537 596 538
f 596 597 538
f 538 597 539
f 597 598 539
f 539 598 540
f 598 599 540
f 540 599 264
f 599 600 264
f 264 600 265
f 600 270 265
f 265 270 267
f 270 272 267
f 267 272 268
f 10 541 601
f 541 542 601
f 601 542 602
f 542 543 602
f 602 543 603
f 543 544 603
f 603 544 604
f 544 545 604
f 604 545 605
f 545 546 605
f 605 546 606
f 546 547 606
f 606 547 607
f 547 548 607
f 607 548 608
f 548 549 608
f 608 549 609
f 549 550 609
f 609 550 610
f 550 551 610
f 610 551 611
f 551 552 611
f 611 552 612
f 552 553 612
f 612 553 613
f 553 554 613
f 613 554 614
f 554 555 614
f 614 555 615
f 555 556 615
f 615 556 616
f 556 557 616
f 616 557 617
f 557 558 617
f 617 558 618
f 558 559 618
f 618 559 619
f 559 560 619
f 619 560 620
f 560 561 620
f 620 561 621
f 561 562 621
f 621 562 622
f 562 563 622
f 622 563 623
f 563 564 623
f 623 564 624
f 564 565 624
f 624 565 625
f 565 566 625
f 625 566 626
f 566 567 626
f 626 567 627
f 567 568 627
f 627 568 628
f 568 569 628
f 628 569 629
f 569 79 629
f 629 79 630
f 79 78 630
f 630 78 631
f 78 80 631
f 631 80 632
f 80 633 632
f 632 633 94
f 10 634 571
f 634 635 571
f 571 635 572
f 635 636 572
f 572 636 573
f 636 637 573
f 573 637 574
f 637 638 574
f 574 638 575
f 638 639 575
f 575 639 576
f 639 640 576
f 576 640 577
f 640 641 577
f 577 641 578
f 641 642 578
f 578 642 579
f 642 643 579
f 579 643 580
f 643 644 580
f 580 644 581
f 644 645 581
f 581 645 582
f 645 646 582
f 582 646 583
f 646 647 583
f 583 647 584
f 647 648 584
f 584 648 585
f 648 649 585
f 585 649 586
f 649 650 586
f 586 650 587
f 650 651 587
f 587 651 588
f 651 652 588
f 588 652 589
f 652 653 589
f 589 653 590
f 653 654 590
f 590 654 591
f 654 655 591
f 591 655 592
f 655 656 592
f 592 656 593
f 656 657 593
f 593 657 594
f 657 658 594
f 594 658 595
f 658 659 595
f 595 659 596
f 659 660 596
f 596 660 597
f 660 661 597
f 597 661 598
f 661 662 598
f 598 662 599
f 662 663 599
f 599 663 600
f 663 664 600
f 600 664 270
f 664 665 270
f 270 665 271
f 665 666 271
f 271 666 272
f 10 667 634
f 667 668 634
f 634 668 635
f 668 669 635
f 635 669 636
f 669 670 636
f 636 670 637
f 670 671 637
f 637 671 638
f 671 672 638
f 638 672 639
f 672 673 639
f 639 673 640
f 673 674 640
f 640 674 641
f 674 675 641
f 641 675 642
f 675 676 642
f 642 676 643
f 676 677 643
f 643 677 644
f 677 678 644
f 644 678 645
f 678 679 645
f 645 679 646
f 679 680 646
f 646 680 647
f 680 681 647
f 647 681 648
f 681 682 648
f 648 682 649
f 682 683 649
f 649 683 650
f 683 684 650
f 650 684 651
f 684 685 651
f 651 685 652
f 685 686 652
f 652 686 653
f 686 687 653
f 653 687 654
f 687 688 654
f 654 688 655
f 688 689 655
f 655 689 656
f 689 690 656
f 656 690 657
f 690 691 657
f 657 691 658
f 691 692 658
f 658 692 659
f 692 693 659
f 659 693 660
f 693 694 660
f 660 694 661
f 694 695 661
f 661 695 662
f 695 696 662
f 662 696 663
f 696 697 663
f 663 697 664
f 697 276 664
f 664 276 665
f 276 275 665
f 665 275 666
f 10 698 699
f 698 700 699
f 699 700 701
f 700 702 701
f 701 702 703
f 702 704 703
f 703 704 705
f 704 706 705
f 705 706 707
f 706 708 707
f 707 708 709
f 708 710 709
f 709 710 711
f 710 712 711
f 711 712 713
f 712 714 713
f 713 714 715
f 714 716 715
f 715 716 717
f 716 718 717
f 717 718 719
f 718 720 719
f 719 720 721
f 720 722 721
f 721 722 723
f 722 724 723
f 723 724 725
f 724 726 725
f 725 726 727
f 726 728 727
f 727 728 729
f 728 730 729
f 729 730 731
f 730 732 731
f 731 732 733
f 732 734 733
f 733 734 735
f 734 736 735
f 735 736 737
f 736 738 737
f 737 738 739
f 738 740 739
f 739 740 741
f 740 742 741
f 741 742 743
f 742 744 743
f 743 744 745
f 744 746 745
f 745 746 747
f 746 748 747
f 747 748 749
f 748 750 749
f 749 750 751
f 750 752 751
f 751 752 753
f 752 754 753
f 753 754 755
f 754 756 755
f 755 756 757
f 756 758 757
f 757 758 759
f 758 760 759
f 759 760 761
f 96 761 94
f 761 760 94
f 94 760 632
f 760 758 632
f 632 758 631
f 758 756 631
f 631 756 630
f 756 754 630
f 630 754 629
f 754 752 629
f 629 752 628
f 752 750 628
f 628 750 627
f 750 748 627
f 627 748 626
f 748 746 626
f 626 746 625
f 746 744 625
f 625 744 624
f 744 742 624
f 624 742 623
f 742 740 623
f 623 740 622
f 740 738 622
f 622 738 621
f 738 736 621
f 621 736 620
f 736 734 620
f 620 734 619
f 734 732 619
f 619 732 618
f 732 730 618
f 618 730 617
f 730 728 617
f 617 728 616
f 728 726 616
f 616 726 615
f 726 724 615
f 615 724 614
f 724 722 614
f 614 722 613
f 722 720 613
f 613 720 612
f 720 718 612
f 612 718 611
f 718 716 611
f 611 716 610
f 716 714 610
f 610 714 609
f 714 712 609
f 609 712 608
f 712 710 608
f 608 710 607
f 710 708 607
f 607 708 606
f 708 706 606
f 606 706 605
f 706 704 605
f 605 704 604
f 704 702 604
f 604 702 603
f 702 700 603
f 603 700 602
f 700 698 602
f 602 698 601
f 698 10 601
f 10 762 667
f 762 763 667
f 667 763 668
f 763 764 668
f 668 764 669
f 764 765 669
f 669 765 670
f 765 766 670
f 670 766 671
f 766 767 671
f 671 767 672
f 767 768 672
f 672 768 673
f 768 769 673
f 673 769 674
f 769 770 674
f 674 770 675
f 770 771 675
f 675 771 676
f 771 772 676
f 676 772 677
f 772 773 677
f 677 773 678
f 773 774 678
f 678 774 679
f 774 775 679
f 679 775 680
f 775 776 680
f 680 776 681
f 776 777 681
f 681 777 682
f 777 778 682
f 682 778 683
f 778 779 683
f 683 779 684
f 779 780 684
f 684 780 685
f 780 781 685
f 685 781 686
f 781 782 686
f 686 782 687
f 782 783 687
f 687 783 688
f 783 784 688
f 688 784 689
f 784 785 689
f 689 785 690
f 785 786 690
f 690 786 691
f 786 787 691
f 691 787 692
f 787 788 692
f 692 788 693
f 788 789 693
f 693 789 694
f 789 790 694
f 694 790 695
f 790 791 695
f 695 791 696
f 791 792 696
f 696 792 697
f 792 793 697
f 697 793 276
f 793 277 276
f 276 277 273
f 277 279 273
f 273 279 274
f 10 794 762
f 794 795 762
f 762 795 763
f 795 796 763
f 763 796 764
f 796 797 764
f 764 797 765
f 797 798 765
f 765 798 766
f 798 799 766
f 766 799 767
f 799 800 767
f 767 800 768
f 800 801 768
f 768 801 769
f 801 802 769
f 769 802 770
f 802 803 770
f 770 803 771
f 803 804 771
f 771 804 772
f 804 805 772
f 772 805 773
f 805 806 773
f 773 806 774
f 806 807 774
f 774 807 775
f 807 808 775
f 775 808 776
f 808 809 776
f 776 809 777
f 809 810 777
f 777 810 778
f 810 811 778
f 778 811 779
f 811 812 779
f 779 812 780
f 812 813 780
f 780 813 781
f 813 814 781
f 781 814 782
f 814 815 782
f 782 815 783
f 815 816 783
f 783 816 784
f 816 817 784
f 784 817 785
f 817 818 785
f 785 818 786
f 818 819 786
f 786 819 787
f 819 820 787
f 787 820 788
f 820 821 788
f 788 821 789
f 821 822 789
f 789 822 790
f 822 823 790
f 790 823 791
f 823 824 791
f 791 824 792
f 824 825 792
f 792 825 793
f 825 280 793
f 793 280 277
f 280 282 277
f 277 282 278
f 10 826 794
f 826 827 794
f 794 827 795
f 827 828 795
f 795 828 796
f 828 829 796
f 796 829 797
f 829 830 797
f 797 830 798
f 830 831 798
f 798 831 799
f 831 832 799
f 799 832 800
f 832 833 800
f 800 833 801
f 833 834 801
f 801 834 802
f 834 835 802
f 802 835 803
f 835 836 803
f 803 836 804
f 836 837 804
f 804 837 805
f 837 838 805
f 805 838 806
f 838 839 806
f 806 839 807
f 839 840 807
f 807 840 808
f 840 841 808
f 808 841 809
f 841 842 809
f 809 842 810
f 842 843 810
f 810 843 811
f 843 844 811
f 811 844 812
f 844 845 812
f 812 845 813
f 845 846 813
f 813 846 814
f 846 847 814
f 814 847 815
f 847 848 815
f 815 848 816
f 848 849 816
f 816 849 817
f 849 850 817
f 817 850 818
f 850 851 818
f 818 851 819
f 851 852 819
f 819 852 820
f 852 853 820
f 820 853 821
f 853 854 821
f 821 854 822
f 854 855 822
f 822 855 823
f 855 856 823
f 823 856 824
f 856 857 824
f 824 857 825
f 857 283 825
f 825 283 280
f 283 285 280
f 280 285 281
f 10 858 859
f 858 860 859
f 859 860 861
f 860 862 861
f 861 862 863
f 862 864 863
f 863 864 865
f 864 866 865
f 865 866 867
f 866 868 867
f 867 868 869
f 868 870 869
f 869 870 871
f 870 872 871
f 871 872 873
f 872 874 873
f 873 874 875
f 874 876 875
f 875 876 877
f 876 878 877
f 877 878 879
f 878 880 879
f 879 880 881
f 880 882 881
f 881 882 883
f 882 884 883
f 883 884 885
f 884 886 885
f 885 886 887
f 886 888 887
f 887 888 889
f 888 890 889
f 889 890 891
f 890 892 891
f 891 892 893
f 892 894 893
f 893 894 895
f 894 896 895
f 895 896 897
f 896 898 897
f 897 898 899
f 898 900 899
f 899 900 901
f 900 902 901
f 901 902 903
f 902 904 903
f 903 904 905
f 904 906 905
f 905 906 907
f 906 908 907
f 907 908 909
f 908 910 909
f 909 910 911
f 910 912 911
f 911 912 913
f 912 914 913
f 913 914 915
f 914 916 915
f 915 916 917
f 916 918 917
f 917 918 919
f 918 920 919
f 919 920 921
f 920 83 921
f 921 83 90
f 83 82 90
f 90 82 91
f 10 922 858
f 922 923 858
f 858 923 860
f 923 924 860
f 860 924 862
f 924 925 862
f 862 925 864
f 925 926 864
f 864 926 866
f 926 927 866
f 866 927 868
f 927 928 868
f 868 928 870
f 928 929 870
f 870 929 872
f 929 930 872
f 872 930 874
f 930 931 874
f 874 931 876
f 931 932 876
f 876 932 878
f 932 933 878
f 878 933 880
f 933 934 880
f 880 934 882
f 934 935 882
f 882 935 884
f 935 936 884
f 884 936 886
f 936 937 886
f 886 937 888
f 937 938 888
f 888 938 890
f 938 939 890
f 890 939 892
f 939 940 892
f 892 940 894
f 940 941 894
f 894 941 896
f 941 942 896
f 896 942 898
f 942 943 898
f 898 943 900
f 943 944 900
f 900 944 902
f 944 945 902
f 902 945 904
f 945 946 904
f 904 946 906
f 946 947 906
f 906 947 908
f 947 948 908
f 908 948 910
f 948 949 910
f 910 949 912
f 949 950 912
f 912 950 914
f 950 951 914
f 914 951 916
f 951 952 916
f 916 952 918
f 952 953 918
f 918 953 920
f 953 954 920
f 920 954 83
f 81 83 98
f 83 954 98
f 98 954 96
f 954 953 96
f 96 953 761
f 953 952 761
f 761 952 759
f 952 951 759
f 759 951 757
f 951 950 757
f 757 950 755
f 950 949 755
f 755 949 753
f 949 948 753
f 753 948 751
f 948 947 751
f 751 947 749
f 947 946 749
f 749 946 747
f 946 945 747
f 747 945 745
f 945 944 745
f 745 944 743
f 944 943 743
f 743 943 741
f 943 942 741
f 741 942 739
f 942 941 739
f 739 941 737
f 941 940 737
f 737 940 735
f 940 939 735
f 735 939 733
f 939 938 733
f 733 938 731
f 938 937 731
f 731 937 729
f 937 936 729
f 729 936 727
f 936 935 727
f 727 935 725
f 935 934 725
f 725 934 723
f 934 933 723
f 723 933 721
f 933 932 721
f 721 932 719
f 932 931 719
f 719 931 717
f 931 930 717
f 717 930 715
f 930 929 715
f 715 929 713
f 929 928 713
f 713 928 711
f 928 927 711
f 711 927 709
f 927 926 709
f 709 926 707
f 926 925 707
f 707 925 705
f 925 924 705
f 705 924 703
f 924 923 703
f 703 923 701
f 923 922 701
f 701 922 699
f 922 10 699
f 143 139 141
f 139 138 141
f 141 138 327
f 138 348 327
f 327 348 309
f 348 361 309
f 309 361 295
f 361 400 295
f 295 400 289
f 400 438 289
f 289 438 9
f 438 486 9
f 9 486 7
f 486 541 7
f 7 541 10
f 10 955 826
f 955 956 826
f 826 956 827
f 956 957 827
f 827 957 828
f 957 958 828
f 828 958 829
f 958 959 829
f 829 959 830
f 959 960 830
f 830 960 831
f 960 961 831
f 831 961 832
f 961 962 832
f 832 962 833
f 962 963 833
f 833 963 834
f 963 964 834
f 834 964 835
f 964 965 835
f 835 965 836
f 965 966 836
f 836 966 837
f 966 967 837
f 837 967 838
f 967 968 838
f 838 968 839
f 968 969 839
f 839 969 840
f 969 970 840
f 840 970 841
f 970 971 841
f 841 971 842
f 971 972 842
f 842 972 843
f 972 973 843
f 843 973 844
f 973 974 844
f 844 974 845
f 974 975 845
f 845 975 846
f 975 976 846
f 846 976 847
f 976 977 847
f 847 977 848
f 977 978 848
f 848 978 849
f 978 979 849
f 849 979 850
f 979 980 850
f 850 980 851
f 980 981 851
f 851 981 852
f 981 982 852
f 852 982 853
f 982 983 853
f 853 983 854
f 983 984 854
f 854 984 855
f 984 985 855
f 855 985 856
f 985 986 856
f 856 986 857
f 986 987 857
f 857 987 283
f 987 988 283
f 283 988 284
f 988 989 284
f 284 989 285
f 10 990 955
f 990 991 955
f 955 991 956
f 991 992 956
f 956 992 957
f 992 993 957
f 957 993 958
f 993 994 958
f 958 994 959
f 994 995 959
f 959 995 960
f 995 996 960
f 960 996 961
f 996 997 961
f 961 997 962
f 997 998 962
f 962 998 963
f 998 999 963
f 963 999 964
f 999 1000 964
f 964 1000 965
f 1000 1001 965
f 965 1001 966
f 1001 1002 966
f 966 1002 967
f 1002 1003 967
f 967 1003 968
f 1003 1004 968
f 968 1004 969
f 1004 1005 969
f 969 1005 970
f 1005 1006 970
f 970 1006 971
f 1006 1007 971
f 971 1007 972
f 1007 1008 972
f 972 1008 973
f 1008 1009 973
f 973 1009 974
f 1009 1010 974
f 974 1010 975
f 1010 1011 975
f 975 1011 976
f 1011 1012 976
f 976 1012 977
f 1012 1013 977
f 977 1013 978
f 1013 1014 978
f 978 1014 979
f 1014 1015 979
f 979 1015 980
f 1015 1016 980
f 980 1016 981
f 1016 1017 981
f 981 1017 982
f 1017 1018 982
f 982 1018 983
f 1018 1019 983
f 983 1019 984
f 1019 1020 984
f 984 1020 985
f 1020 1021 985
f 985 1021 986
f 1021 1022 986
f 986 1022 987
f 1022 286 987
f 987 286 988
f 286 288 988
f 988 288 989
f 10 1023 990
f 1023 1024 990
f 990 1024 991
f 1024 1025 991
f 991 1025 992
f 1025 1026 992
f 992 1026 993
f 1026 1027 993
f 993 1027 994
f 1027 1028 994
f 994 1028 995
f 1028 1029 995
f 995 1029 996
f 1029 1030 996
f 996 1030 997
f 1030 1031 997
f 997 1031 998
f 1031 1032 998
f 998 1032 999
f 1032 1033 999
f 999 1033 1000
f 1033 1034 1000
f 1000 1034 1001
f 1034 1035 1001
f 1001 1035 1002
f 1035 1036 1002
f 1002 1036 1003
f 1036 1037 1003
f 1003 1037 1004
f 1037 1038 1004
f 1004 1038 1005
f 1038 1039 1005
f 1005 1039 1006
f 1039 1040 1006
f 1006 1040 1007
f 1040 1041 1007
f 1007 1041 1008
f 1041 1042 1008
f 1008 1042 1009
f 1042 1043 1009
f 1009 1043 1010
f 1043 1044 1010
f 1010 1044 1011
f 1044 1045 1011
f 1011 1045 1012
f 1045 1046 1012
f 1012 1046 1013
f 1046 1047 1013
f 1013 1047 1014
f 1047 1048 1014
f 1014 1048 1015
f 1048 1049 1015
f 1015 1049 1016
f 1049 1050 1016
f 1016 1050 1017
f 1050 1051 1017
f 1017 1051 1018
f 1051 1052 1018
f 1018 1052 1019
f 1052 1053 1019
f 1019 1053 1020
f 1053 1054 1020
f 1020 1054 1021
f 1054 1055 1021
f 1021 1055 1022
f 1055 1056 1022
f 1022 1056 286
f 1056 1057 286
f 286 1057 287
f 10 1058 1023
f 1058 1059 1023
f 1023 1059 1024
f 1059 1060 1024
f 1024 1060 1025
f 1060 1061 1025
f 1025 1061 1026
f 1061 1062 1026
f 1026 1062 1027
f 1062 1063 1027
f 1027 1063 1028
f 1063 1064 1028
f 1028 1064 1029
f 1064 1065 1029
f 1029 1065 1030
f 1065 1066 1030
f 1030 1066 1031
f 1066 1067 1031
f 1031 1067 1032
f 1067 1068 1032
f 1032 1068 1033
f 1068 1069 1033
f 1033 1069 1034
f 1069 1070 1034
f 1034 1070 1035
f 1070 1071 1035
f 1035 1071 1036
f 1071 1072 1036
f 1036 1072 1037
f 1072 1073 1037
f 1037 1073 1038
f 1073 1074 1038
f 1038 1074 1039
f 1074 1075 1039
f 1039 1075 1040
f 1075 1076 1040
f 1040 1076 1041
f 1076 1077 1041
f 1041 1077 1042
f 1077 1078 1042
f 1042 1078 1043
f 1078 1079 1043
f 1043 1079 1044
f 1079 1080 1044
f 1044 1080 1045
f 1080 1081 1045
f 1045 1081 1046
f 1081 1082 1046
f 1046 1082 1047
f 1082 1083 1047
f 1047 1083 1048
f 1083 1084 1048
f 1048 1084 1049
f 1084 1085 1049
f 1049 1085 1050
f 1085 1086 1050
f 1050 1086 1051
f 1086 1087 1051
f 1051 1087 1052
f 1087 1088 1052
f 1052 1088 1053
f 1088 1089 1053
f 1053 1089 1054
f 1089 1090 1054
f 1054 1090 1055
f 1090 1091 1055
f 1055 1091 1056
f 1091 1092 1056
f 1056 1092 1057
f 10 1093 1058
f 1093 1094 1058
f 1058 1094 1059
f 1094 1095 1059
f 1059 1095 1060
f 1095 1096 1060
f 1060 1096 1061
f 1096 1097 1061
f 1061 1097 1062
f 1097 1098 1062
f 1062 1098 1063
f 1098 1099 1063
f 1063 1099 1064
f 1099 1100 1064
f 1064 1100 1065
f 1100 1101 1065
f 1065 1101 1066
f 1101 1102 1066
f 1066 1102 1067
f 1102 1103 1067
f 1067 1103 1068
f 1103 1104 1068
f 1068 1104 1069
f 1104 1105 1069
f 1069 1105 1070
f 1105 1106 1070
f 1070 1106 1071
f 1106 1107 1071
f 1071 1107 1072
f 1107 1108 1072
f 1072 1108 1073
f 1108 1109 1073
f 1073 1109 1074
f 1109 1110 1074
f 1074 1110 1075
f 1110 1111 1075
f 1075 1111 1076
f 1111 1112 1076
f 1076 1112 1077
f 1112 1113 1077
f 1077 1113 1078
f 1113 1114 1078
f 1078 1114 1079
f 1114 1115 1079
f 1079 1115 1080
f 1115 1116 1080
f 1080 1116 1081
f 1116 1117 1081
f 1081 1117 1082
f 1117 1118 1082
f 1082 1118 1083
f 1118 1119 1083
f 1083 1119 1084
f 1119 1120 1084
f 1084 1120 1085
f 1120 1121 1085
f 1085 1121 1086
f 1121 1122 1086
f 1086 1122 1087
f 1122 1123 1087
f 1087 1123 1088
f 1123 1124 1088
f 1088 1124 1089
f 1124 1125 1089
f 1089 1125 1090
f 1125 1126 1090
f 1090 1126 1091
f 1126 1127 1091
f 1091 1127 1092
f 10 1128 1093
f 1128 1129 1093
f 1093 1129 1094
f 1129 1130 1094
f 1094 1130 1095
f 1130 1131 1095
f 1095 1131 1096
f 1131 1132 1096
f 1096 1132 1097
f 1132 1133 1097
f 1097 1133 1098
f 1133 1134 1098
f 1098 1134 1099
f 1134 1135 1099
f 1099 1135 1100
f 1135 1136 1100
f 1100 1136 1101
f 1136 1137 1101
f 1101 1137 1102
f 1137 1138 1102
f 1102 1138 1103
f 1138 1139 1103
f 1103 1139 1104
f 1139 1140 1104
f 1104 1140 1105
f 1140 1141 1105
f 1105 1141 1106
f 1141 1142 1106
f 1106 1142 1107
f 1142 1143 1107
f 1107 1143 1108
f 1143 1144 1108
f 1108 1144 1109
f 1144 1145 1109
f 1109 1145 1110
f 1145 1146 1110
f 1110 1146 1111
f 1146 1147 1111
f 1111 1147 1112
f 1147 1148 1112
f 1112 1148 1113
f 1148 1149 1113
f 1113 1149 1114
f 1149 1150 1114
f 1114 1150 1115
f 1150 1151 1115
f 1115 1151 1116
f 1151 1152 1116
f 1116 1152 1117
f 1152 1153 1117
f 1117 1153 1118
f 1153 1154 1118
f 1118 1154 1119
f 1154 1155 1119
f 1119 1155 1120
f 1155 1156 1120
f 1120 1156 1121
f 1156 1157 1121
f 1121 1157 1122
f 1157 1158 1122
f 1122 1158 1123
f 1158 1159 1123
f 1123 1159 1124
f 1159 1160 1124
f 1124 1160 1125
f 1160 1161 1125
f 1125 1161 1126
f 1161 1162 1126
f 1126 1162 1127
f 10 1163 1128
f 1163 1164 1128
f 1128 1164 1129
f 1164 1165 1129
f 1129 1165 1130
f 1165 1166 1130
f 1130 1166 1131
f 1166 1167 1131
f 1131 1167 1132
f 1167 1168 1132
f 1132 1168 1133
f 1168 1169 1133
f 1133 1169 1134
f 1169 1170 1134
f 1134 1170 1135
f 1170 1171 1135
f 1135 1171 1136
f 1171 1172 1136
f 1136 1172 1137
f 1172 1173 1137
f 1137 1173 1138
f 1173 1174 1138
f 1138 1174 1139
f 1174 1175 1139
f 1139 1175 1140
f 1175 1176 1140
f 1140 1176 1141
f 1176 1177 1141
f 1141 1177 1142
f 1177 1178 1142
f 1142 1178 1143
f 1178 1179 1143
f 1143 1179 1144
f 1179 1180 1144
f 1144 1180 1145
f 1180 1181 1145
f 1145 1181 1146
f 1181 1182 1146
f 1146 1182 1147
f 1182 1183 1147
f 1147 1183 1148
f 1183 1184 1148
f 1148 1184 1149
f 1184 1185 1149
f 1149 1185 1150
f 1185 1186 1150
f 1150 1186 1151
f 1186 1187 1151
f 1151 1187 1152
f 1187 1188 1152
f 1152 1188 1153
f 1188 1189 1153
f 1153 1189 1154
f 1189 1190 1154
f 1154 1190 1155
f 1190 1191 1155
f 1155 1191 1156
f 1191 1192 1156
f 1156 1192 1157
f 1192 1193 1157
f 1157 1193 1158
f 1193 1194 1158
f 1158 1194 1159
f 1194 1195 1159
f 1159 1195 1160
f 1195 1196 1160
f 1160 1196 1161
f 1196 1197 1161
f 1161 1197 1162
f 10 1198 1163
f 1198 1199 1163
f 1163 1199 1164
f 1199 1200 1164
f 1164 1200 1165
f 1200 1201 1165
f 1165 1201 1166
f 1201 1202 1166
f 1166 1202 1167
f 1202 1203 1167
f 1167 1203 1168
f 1203 1204 1168
f 1168 1204 1169
f 1204 1205 1169
f 1169 1205 1170
f 1205 1206 1170
f 1170 1206 1171
f 1206 1207 1171
f 1171 1207 1172
f 1207 1208 1172
f 1172 1208 1173
f 1208 1209 1173
f 1173 1209 1174
f 1209 1210 1174
f 1174 1210 1175
f 1210 1211 1175
f 1175 1211 1176
f 1211 1212 1176
f 1176 1212 1177
f 1212 1213 1177
f 1177 1213 1178
f 1213 1214 1178
f 1178 1214 1179
f 1214 1215 1179
f 1179 1215 1180
f 1215 1216 1180
f 1180 1216 1181
f 1216 1217 1181
f 1181 1217 1182
f 1217 1218 1182
f 1182 1218 1183
f 1218 1219 1183
f 1183 1219 1184
f 1219 1220 1184
f 1184 1220 1185
f 1220 1221 1185
f 1185 1221 1186
f 1221 1222 1186
f 1186 1222 1187
f 1222 1223 1187
f 1187 1223 1188
f 1223 1224 1188
f 1188 1224 1189
f 1224 1225 1189
f 1189 1225 1190
f 1225 1226 1190
f 1190 1226 1191
f 1226 1227 1191
f 1191 1227 1192
f 1227 1228 1192
f 1192 1228 1193
f 1228 1229 1193
f 1193 1229 1194
f 1229 1230 1194
f 1194 1230 1195
f 1230 1231 1195
f 1195 1231 1196
f 1231 1232 1196
f 1196 1232 1197
f 10 1233 1198
f 1233 1234 1198
f 1198 1234 1199
f 1234 1235 1199
f 1199 1235 1200
f 1235 1236 1200
f 1200 1236 1201
f 1236 1237 1201
f 1201 1237 1202
f 1237 1238 1202
f 1202 1238 1203
f 1238 1239 1203
f 1203 1239 1204
f 1239 1240 1204
f 1204 1240 1205
f 1240 1241 1205
f 1205 1241 1206
f 1241 1242 1206
f 1206 1242 1207
f 1242 1243 1207
f 1207 1243 1208
f 1243 1244 1208
f 1208 1244 1209
f 1244 1245 1209
f 1209 1245 1210
f 1245 1246 1210
f 1210 1246 1211
f 1246 1247 1211
f 1211 1247 1212
f 1247 1248 1212
f 1212 1248 1213
f 1248 1249 1213
f 1213 1249 1214
f 1249 1250 1214
f 1214 1250 1215
f 1250 1251 1215
f 1215 1251 1216
f 1251 1252 1216
f 1216 1252 1217
f 1252 1253 1217
f 1217 1253 1218
f 1253 1254 1218
f 1218 1254 1219
f 1254 1255 1219
f 1219 1255 1220
f 1255 1256 1220
f 1220 1256 1221
f 1256 1257 1221
f 1221 1257 1222
f 1257 1258 1222
f 1222 1258 1223
f 1258 1259 1223
f 1223 1259 1224
f 1259 1260 1224
f 1224 1260 1225
f 1260 1261 1225
f 1225 1261 1226
f 1261 1262 1226
f 1226 1262 1227
f 1262 1263 1227
f 1227 1263 1228
f 1263 1264 1228
f 1228 1264 1229
f 1264 1265 1229
f 1229 1265 1230
f 1265 1266 1230
f 1230 1266 1231
f 1266 1267 1231
f 1231 1267 1232
f 10 1268 1233
f 1268 1269 1233
f 1233 1269 1234
f 1269 1270 1234
f 1234 1270 1235
f 1270 1271 1235
f 1235 1271 1236
f 1271 1272 1236
f 1236 1272 1237
f 1272 1273 1237
f 1237 1273 1238
f 1273 1274 1238
f 1238 1274 1239
f 1274 1275 1239
f 1239 1275 1240
f 1275 1276 1240
f 1240 1276 1241
f 1276 1277 1241
f 1241 1277 1242
f 1277 1278 1242
f 1242 1278 1243
f 1278 1279 1243
f 1243 1279 1244
f 1279 1280 1244
f 1244 1280 1245
f 1280 1281 1245
f 1245 1281 1246
f 1281 1282 1246
f 1246 1282 1247
f 1282 1283 1247
f 1247 1283 1248
f 1283 1284 1248
f 1248 1284 1249
f 1284 1285 1249
f 1249 1285 1250
f 1285 1286 1250
f 1250 1286 1251
f 1286 1287 1251
f 1251 1287 1252
f 1287 1288 1252
f 1252 1288 1253
f 1288 1289 1253
f 1253 1289 1254
f 1289 1290 1254
f 1254 1290 1255
f 1290 1291 1255
f 1255 1291 1256
f 1291 1292 1256
f 1256 1292 1257
f 1292 1293 1257
f 1257 1293 1258
f 1293 1294 1258
f 1258 1294 1259
f 1294 1295 1259
f 1259 1295 1260
f 1295 1296 1260
f 1260 1296 1261
f 1296 1297 1261
f 1261 1297 1262
f 1297 1298 1262
f 1262 1298 1263
f 1298 1299 1263
f 1263 1299 1264
f 1299 1300 1264
f 1264 1300 1265
f 1300 1301 1265
f 1265 1301 1266
f 1301 1302 1266
f 1266 1302 1267
f 10 1303 1268
f 1303 1304 1268
f 1268 1304 1269
f 1304 1305 1269
f 1269 1305 1270
f 1305 1306 1270
f 1270 1306 1271
f 1306 1307 1271
f 1271 1307 1272
f 1307 1308 1272
f 1272 1308 1273
f 1308 1309 1273
f 1273 1309 1274
f 1309 1310 1274
f 1274 1310 1275
f 1310 1311 1275
f 1275 1311 1276
f 1311 1312 1276
f 1276 1312 1277
f 1312 1313 1277
f 1277 1313 1278
f 1313 1314 1278
f 1278 1314 1279
f 1314 1315 1279
f 1279 1315 1280
f 1315 1316 1280
f 1280 1316 1281
f 1316 1317 1281
f 1281 1317 1282
f 1317 1318 1282
f 1282 1318 1283
f 1318 1319 1283
f 1283 1319 1284
f 1319 1320 1284
f 1284 1320 1285
f 1320 1321 1285
f 1285 1321 1286
f 1321 1322 1286
f 1286 1322 1287
f 1322 1323 1287
f 1287 1323 1288
f 1323 1324 1288
f 1288 1324 1289
f 1324 1325 1289
f 1289 1325 1290
f 1325 1326 1290
f 1290 1326 1291
f 1326 1327 1291
f 1291 1327 1292
f 1327 1328 1292
f 1292 1328 1293
f 1328 1329 1293
f 1293 1329 1294
f 1329 1330 1294
f 1294 1330 1295
f 1330 1331 1295
f 1295 1331 1296
f 1331 1332 1296
f 1296 1332 1297
f 1332 1333 1297
f 1297 1333 1298
f 1333 1334 1298
f 1298 1334 1299
f 1334 1335 1299
f 1299 1335 1300
f 1335 1336 1300
f 1300 1336 1301
f 1336 1337 1301
f 1301 1337 1302
f 10 1338 1303
f 1338 1339 1303
f 1303 1339 1304
f 1339 1340 1304
f 1304 1340 1305
f 1340 1341 1305
f 1305 1341 1306
f 1341 1342 1306
f 1306 1342 1307
f 1342 1343 1307
f 1307 1343 1308
f 1343 1344 1308
f 1308 1344 1309
f 1344 1345 1309
f 1309 1345 1310
f 1345 1346 1310
f 1310 1346 1311
f 1346 1347 1311
f 1311 1347 1312
f 1347 1348 1312
f 1312 1348 1313
f 1348 1349 1313
f 1313 1349 1314
f 1349 1350 1314
f 1314 1350 1315
f 1350 1351 1315
f 1315 1351 1316
f 1351 1352 1316
f 1316 1352 1317
f 1352 1353 1317
f 1317 1353 1318
f 1353 1354 1318
f 1318 1354 1319
f 1354 1355 1319
f 1319 1355 1320
f 1355 1356 1320
f 1320 1356 1321
f 1356 1357 1321
f 1321 1357 1322
f 1357 1358 1322
f 1322 1358 1323
f 1358 1359 1323
f 1323 1359 1324
f 1359 1360 1324
f 1324 1360 1325
f 1360 1361 1325
f 1325 1361 1326
f 1361 1362 1326
f 1326 1362 1327
f 1362 1363 1327
f 1327 1363 1328
f 1363 1364 1328
f 1328 1364 1329
f 1364 1365 1329
f 1329 1365 1330
f 1365 1366 1330
f 1330 1366 1331
f 1366 1367 1331
f 1331 1367 1332
f 1367 1368 1332
f 1332 1368 1333
f 1368 1369 1333
f 1333 1369 1334
f 1369 1370 1334
f 1334 1370 1335
f 1370 1371 1335
f 1335 1371 1336
f 1371 1372 1336
f 1336 1372 1337
f 10 1373 1338
f 1373 1374 1338
f 1338 1374 1339
f 1374 1375 1339
f 1339 1375 1340
f 1375 1376 1340
f 1340 1376 1341
f 1376 1377 1341
f 1341 1377 1342
f 1377 1378 1342
f 1342 1378 1343
f 1378 1379 1343
f 1343 1379 1344
f 1379 1380 1344
f 1344 1380 1345
f 1380 1381 1345
f 1345 1381 1346
f 1381 1382 1346
f 1346 1382 1347
f 1382 1383 1347
f 1347 1383 1348
f 1383 1384 1348
f 1348 1384 1349
f 1384 1385 1349
f 1349 1385 1350
f 1385 1386 1350
f 1350 1386 1351
f 1386 1387 1351
f 1351 1387 1352
f 1387 1388 1352
f 1352 1388 1353
f 1388 1389 1353
f 1353 1389 1354
f 1389 1390 1354
f 1354 1390 1355
f 1390 1391 1355
f 1355 1391 1356
f 1391 1392 1356
f 1356 1392 1357
f 1392 1393 1357
f 1357 1393 1358
f 1393 1394 1358
f 1358 1394 1359
f 1394 1395 1359
f 1359 1395 1360
f 1395 1396 1360
f 1360 1396 1361
f 1396 1397 1361
f 1361 1397 1362
f 1397 1398 1362
f 1362 1398 1363
f 1398 1399 1363
f 1363 1399 1364
f 1399 1400 1364
f 1364 1400 1365
f 1400 1401 1365
f 1365 1401 1366
f 1401 1402 1366
f 1366 1402 1367
f 1402 1403 1367
f 1367 1403 1368
f 1403 1404 1368
f 1368 1404 1369
f 1404 1405 1369
f 1369 1405 1370
f 1405 84 1370
f 1370 84 1371
f 84 86 1371
f 1371 86 1372
f 10 1406 1373
f 1406 1407 1373
f 1373 1407 1374
f 1407 1408 1374
f 1374 1408 1375
f 1408 1409 1375
f 1375 1409 1376
f 1409 1410 1376
f 1376 1410 1377
f 1410 1411 1377
f 1377 1411 1378
f 1411 1412 1378
f 1378 1412 1379
f 1412 1413 1379
f 1379 1413 1380
f 1413 1414 1380
f 1380 1414 1381
f 1414 1415 1381
f 1381 1415 1382
f 1415 1416 1382
f 1382 1416 1383
f 1416 1417 1383
f 1383 1417 1384
f 1417 1418 1384
f 1384 1418 1385
f 1418 1419 1385
f 1385 1419 1386
f 1419 1420 1386
f 1386 1420 1387
f 1420 1421 1387
f 1387 1421 1388
f 1421 1422 1388
f 1388 1422 1389
f 1422 1423 1389
f 1389 1423 1390
f 1423 1424 1390
f 1390 1424 1391
f 1424 1425 1391
f 1391 1425 1392
f 1425 1426 1392
f 1392 1426 1393
f 1426 1427 1393
f 1393 1427 1394
f 1427 1428 1394
f 1394 1428 1395
f 1428 1429 1395
f 1395 1429 1396
f 1429 1430 1396
f 1396 1430 1397
f 1430 1431 1397
f 1397 1431 1398
f 1431 1432 1398
f 1398 1432 1399
f 1432 1433 1399
f 1399 1433 1400
f 1433 1434 1400
f 1400 1434 1401
f 1434 1435 1401
f 1401 1435 1402
f 1435 1436 1402
f 1402 1436 1403
f 1436 1437 1403
f 1403 1437 1404
f 1437 1438 1404
f 1404 1438 1405
f 1438 1439 1405
f 1405 1439 84
f 1439 1440 84
f 84 1440 85
f 10 1441 1406
f 1441 1442 1406
f 1406 1442 1407
f 1442 1443 1407
f 1407 1443 1408
f 1443 1444 1408
f 1408 1444 1409
f 1444 1445 1409
f 1409 1445 1410
f 1445 1446 1410
f 1410 1446 1411
f 1446 1447 1411
f 1411 1447 1412
f 1447 1448 1412
f 1412 1448 1413
f 1448 1449 1413
f 1413 1449 1414
f 1449 1450 1414
f 1414 1450 1415
f 1450 1451 1415
f 1415 1451 1416
f 1451 1452 1416
f 1416 1452 1417
f 1452 1453 1417
f 1417 1453 1418
f 1453 1454 1418
f 1418 1454 1419
f 1454 1455 1419
f 1419 1455 1420
f 1455 1456 1420
f 1420 1456 1421
f 1456 1457 1421
f 1421 1457 1422
f 1457 1458 1422
f 1422 1458 1423
f 1458 1459 1423
f 1423 1459 1424
f 1459 1460 1424
f 1424 1460 1425
f 1460 1461 1425
f 1425 1461 1426
f 1461 1462 1426
f 1426 1462 1427
f 1462 1463 1427
f 1427 1463 1428
f 1463 1464 1428
f 1428 1464 1429
f 1464 1465 1429
f 1429 1465 1430
f 1465 1466 1430
f 1430 1466 1431
f 1466 1467 1431
f 1431 1467 1432
f 1467 1468 1432
f 1432 1468 1433
f 1468 1469 1433
f 1433 1469 1434
f 1469 1470 1434
f 1434 1470 1435
f 1470 1471 1435
f 1435 1471 1436
f 1471 1472 1436
f 1436 1472 1437
f 1472 1473 1437
f 1437 1473 1438
f 1473 87 1438
f 1438 87 1439
f 87 89 1439
f 1439 89 1440
f 88 87 92
f 87 1473 92
f 92 1473 90
f 1473 1472 90
f 90 1472 921
f 1472 1471 921
f 921 1471 919
f 1471 1470 919
f 919 1470 917
f 1470 1469 917
f 917 1469 915
f 1469 1468 915
f 915 1468 913
f 1468 1467 913
f 913 1467 911
f 1467 1466 911
f 911 1466 909
f 1466 1465 909
f 909 1465 907
f 1465 1464 907
f 907 1464 905
f 1464 1463 905
f 905 1463 903
f 1463 1462 903
f 903 1462 901
f 1462 1461 901
f 901 1461 899
f 1461 1460 899
f 899 1460 897
f 1460 1459 897
f 897 1459 895
f 1459 1458 895
f 895 1458 893
f 1458 1457 893
f 893 1457 891
f 1457 1456 891
f 891 1456 889
f 1456 1455 889
f 889 1455 887
f 1455 1454 887
f 887 1454 885
f 1454 1453 885
f 885 1453 883
f 1453 1452 883
f 883 1452 881
f 1452 1451 881
f 881 1451 879
f 1451 1450 879
f 879 1450 877
f 1450 1449 877
f 877 1449 875
f 1449 1448 875
f 875 1448 873
f 1448 1447 873
f 873 1447 871
f 1447 1446 871
f 871 1446 869
f 1446 1445 869
f 869 1445 867
f 1445 1444 867
f 867 1444 865
f 1444 1443 865
f 865 1443 863
f 1443 1442 863
f 863 1442 861
f 1442 1441 861
f 861 1441 859
f 1441 10 859
f 1474 1475 197
f 197 1475 192
f 176 177 1476
f 1302 1337 1477
f 1477 1337 1478
f 1337 1372 1478
f 1478 1372 86
f 86 85 1478
f 85 1440 1478
f 1478 1440 89
f 89 88 1478
f 88 93 1478
f 1478 93 1479
f 93 91 1479
f 1479 91 82
f 97 1480 98
f 1480 1479 98
f 98 1479 81
f 1479 82 81
f 97 95 1480
f 95 94 1480
f 1480 94 1481
f 94 633 1481
f 1481 633 1482
f 633 80 1482
f 1482 80 1483
f 80 77 1483
f 77 570 1483
f 570 75 1483
f 1483 75 1484
f 75 74 1484
f 74 101 1484
f 1484 101 1485
f 72 1486 512
f 1486 1485 512
f 512 1485 100
f 1485 101 100
f 72 71 1486
f 71 104 1486
f 1486 104 1487
f 104 103 1487
f 103 107 1487
f 1487 107 1488
f 107 106 1488
f 106 110 1488
f 1488 110 1489
f 69 1490 459
f 1490 1489 459
f 459 1489 109
f 1489 110 109
f 69 68 1490
f 68 113 1490
f 1490 113 1491
f 113 112 1491
f 112 116 1491
f 1491 116 1492
f 116 115 1492
f 115 119 1492
f 1492 119 1493
f 119 118 1493
f 118 122 1493
f 1493 122 1494
f 122 121 1494
f 121 415 1494
f 1494 415 1495
f 415 67 1495
f 1495 67 1496
f 67 64 1496
f 64 125 1496
f 1496 125 1497
f 125 124 1497
f 124 128 1497
f 1497 128 1498
f 128 127 1498
f 127 131 1498
f 1498 131 1499
f 131 130 1499
f 130 370 1499
f 1499 370 1500
f 370 63 1500
f 1500 63 1501
f 63 60 1501
f 60 134 1501
f 1501 134 1502
f 134 133 1502
f 133 137 1502
f 1502 137 1503
f 137 136 1503
f 136 352 1503
f 1503 352 1504
f 352 59 1504
f 1504 59 1505
f 59 56 1505
f 56 140 1505
f 1505 140 1506
f 140 139 1506
f 1506 139 1507
f 139 143 1507
f 143 144 1507
f 144 54 1507
f 1507 54 1508
f 54 53 1508
f 1508 53 1509
f 53 321 1509
f 321 51 1509
f 51 50 1509
f 1509 50 1510
f 50 322 1510
f 1510 322 48
f 45 1511 301
f 1511 1510 301
f 301 1510 47
f 1510 48 47
f 45 46 1511
f 46 145 1511
f 1511 145 146
f 146 149 1511
f 149 151 1511
f 1511 151 1512
f 151 153 1512
f 153 154 1512
f 1512 154 156
f 162 1513 160
f 1513 1512 160
f 160 1512 158
f 1512 156 158
f 162 164 1513
f 164 166 1513
f 1513 166 168
f 168 170 1513
f 170 172 1513
f 1513 172 1476
f 172 174 1476
f 1476 174 176
f 183 1514 181
f 1514 1476 181
f 181 1476 179
f 1476 177 179
f 183 185 1514
f 185 186 1514
f 1514 186 42
f 325 1515 326
f 1515 1514 326
f 326 1514 44
f 1514 42 44
f 190 1516 323
f 1516 1515 323
f 323 1515 324
f 1515 325 324
f 190 189 1516
f 189 40 1516
f 1516 40 1517
f 40 39 1517
f 1517 39 1475
f 39 193 1475
f 1475 193 192
f 197 198 1474
f 198 201 1474
f 1474 201 1518
f 201 203 1518
f 1518 203 1519
f 203 204 1519
f 204 209 1519
f 1519 209 1520
f 209 208 1520
f 208 212 1520
f 1520 212 1521
f 212 211 1521
f 211 210 1521
f 1521 210 1522
f 210 215 1522
f 1522 215 1523
f 215 216 1523
f 216 221 1523
f 1523 221 1524
f 221 220 1524
f 220 224 1524
f 1524 224 1525
f 224 223 1525
f 223 227 1525
f 1525 227 1526
f 227 226 1526
f 226 225 1526
f 1526 225 1527
f 225 230 1527
f 1527 230 1528
f 230 232 1528
f 232 231 1528
f 1528 231 1529
f 231 235 1529
f 235 237 1529
f 1529 237 1530
f 237 238 1530
f 238 240 1530
f 1530 240 1531
f 240 244 1531
f 244 243 1531
f 1531 243 1532
f 36 1533 37
f 1533 1532 37
f 37 1532 242
f 1532 243 242
f 36 247 1533
f 247 246 1533
f 1533 246 1534
f 246 249 1534
f 249 251 1534
f 1534 251 1535
f 251 252 1535
f 252 254 1535
f 1535 254 1536
f 254 255 1536
f 255 34 1536
f 1536 34 1537
f 34 33 1537
f 1537 33 1538
f 33 256 1538
f 1538 256 263
f 259 1539 260
f 1539 1538 260
f 260 1538 262
f 1538 263 262
f 259 266 1539
f 266 269 1539
f 1539 269 1540
f 269 268 1540
f 1540 268 1541
f 268 272 1541
f 1541 272 1542
f 274 1543 275
f 1543 1542 275
f 275 1542 666
f 1542 272 666
f 274 279 1543
f 279 278 1543
f 1543 278 1544
f 278 282 1544
f 1544 282 1545
f 282 281 1545
f 281 285 1545
f 285 989 1545
f 1545 989 288
f 1162 1197 1477
f 1162 1477 1127
f 288 287 1545
f 287 1057 1545
f 1545 1057 1477
f 1057 1092 1477
f 1477 1092 1127
f 1197 1232 1477
f 1232 1267 1477
f 1477 1267 1302
f 1494 1546 1493
f 1546 1547 1493
f 1493 1547 1492
f 1547 1548 1492
f 1492 1548 1491
f 1548 1549 1491
f 1491 1549 1490
f 1549 1550 1490
f 1490 1550 1489
f 1550 1551 1489
f 1489 1551 1488
f 1551 1552 1488
f 1488 1552 1487
f 1552 1553 1487
f 1487 1553 1486
f 1553 1554 1486
f 1486 1554 1485
f 1554 1555 1485
f 1485 1555 1484
f 1555 1556 1484
f 1484 1556 1483
f 1556 1557 1483
f 1483 1557 1482
f 1557 1558 1482
f 1482 1558 1481
f 1558 1559 1481
f 1481 1559 1480
f 1559 1560 1480
f 1480 1560 1479
f 1560 1561 1479
f 1479 1561 1478
f 1561 1562 1478
f 1478 1562 1477
f 1562 1563 1477
f 1477 1563 1545
f 1563 1564 1545
f 1545 1564 1544
f 1564 1565 1544
f 1544 1565 1543
f 1565 1566 1543
f 1543 1566 1542
f 1566 1567 1542
f 1542 1567 1541
f 1567 1568 1541
f 1541 1568 1540
f 1568 1569 1540
f 1540 1569 1539
f 1569 1570 1539
f 1539 1570 1538
f 1570 1571 1538
f 1538 1571 1537
f 1571 1572 1537
f 1537 1572 1536
f 1572 1573 1536
f 1536 1573 1535
f 1573 1574 1535
f 1535 1574 1534
f 1574 1575 1534
f 1534 1575 1533
f 1575 1576 1533
f 1533 1576 1532
f 1576 1577 1532
f 1532 1577 1531
f 1577 1578 1531
f 1531 1578 1530
f 1578 1579 1530
f 1530 1579 1529
f 1579 1580 1529
f 1529 1580 1528
f 1580 1581 1528
f 1528 1581 1527
f 1581 1582 1527
f 1527 1582 1526
f 1582 1583 1526
f 1526 1583 1525
f 1583 1584 1525
f 1525 1584 1524
f 1584 1585 1524
f 1524 1585 1523
f 1585 1586 1523
f 1523 1586 1522
f 1586 1587 1522
f 1522 1587 1521
f 1587 1588 1521
f 1521 1588 1520
f 1588 1589 1520
f 1520 1589 1519
f 1589 1590 1519
f 1519 1590 1518
f 1590 1591 1518
f 1518 1591 1474
f 1591 1592 1474
f 1474 1592 1475
f 1592 1593 1475
f 1475 1593 1517
f 1593 1594 1517
f 1517 1594 1516
f 1594 1595 1516
f 1516 1595 1515
f 1595 1596 1515
f 1515 1596 1514
f 1596 1597 1514
f 1514 1597 1476
f 1597 1598 1476
f 1476 1598 1513
f 1598 1599 1513
f 1513 1599 1512
f 1599 1600 1512
f 1512 1600 1511
f 1600 1601 1511
f 1511 1601 1510
f 1601 1602 1510
f 1510 1602 1509
f 1602 1603 1509
f 1509 1603 1508
f 1603 1604 1508
f 1508 1604 1507
f 1604 1605 1507
f 1507 1605 1506
f 1605 1606 1506
f 1506 1606 1505
f 1606 1607 1505
f 1505 1607 1504
f 1607 1608 1504
f 1504 1608 1503
f 1608 1609 1503
f 1503 1609 1502
f 1609 1610 1502
f 1502 1610 1501
f 1610 1611 1501
f 1501 1611 1500
f 1611 1612 1500
f 1500 1612 1499
f 1612 1613 1499
f 1499 1613 1498
f 1613 1614 1498
f 1498 1614 1497
f 1614 1615 1497
f 1497 1615 1496
f 1615 1616 1496
f 1496 1616 1495
f 1616 1617 1495
f 1495 1617 1494
f 1617 1546 1494
f 1618 1619 1620
f 1618 1620 1621
f 1622 1621 1620
f 1623 1622 1620
f 1624 1623 1620
f 1625 1624 1620
f 1626 1625 1620
f 1627 1626 1620
f 1628 1627 1620
f 1629 1628 1620
f 1630 1629 1620
f 1631 1630 1620
f 1632 1631 1620
f 1633 1632 1620
f 1634 1633 1620
f 1635 1634 1620
f 1636 1635 1620
f 1637 1636 1620
f 1638 1637 1620
f 1639 1638 1620
f 1640 1639 1620
f 1641 1640 1620
f 1642 1641 1620
f 1643 1642 1620
f 1644 1643 1620
f 1645 1644 1620
f 1646 1645 1620
f 1647 1646 1620
f 1648 1647 1620
f 1649 1648 1620
f 1650 1649 1620
f 1651 1650 1620
f 1652 1651 1620
f 1653 1652 1620
f 1654 1653 1620
f 1655 1654 1620
f 1656 1655 1620
f 1657 1656 1620
f 1658 1657 1620
f 1659 1658 1620
f 1660 1659 1620
f 1661 1660 1620
f 1662 1661 1620
f 1663 1662 1620
f 1664 1663 1620
f 1665 1664 1620
f 1666 1665 1620
f 1667 1666 1620
f 1668 1667 1620
f 1669 1668 1620
f 1670 1669 1620
f 1671 1670 1620
f 1672 1671 1620
f 1673 1672 1620
f 1674 1673 1620
f 1675 1674 1620
f 1676 1675 1620
f 1677 1676 1620
f 1678 1677 1620
f 1679 1678 1620
f 1680 1679 1620
f 1681 1680 1620
f 1682 1681 1620
f 1683 1682 1620
f 1684 1683 1620
f 1685 1684 1620
f 1686 1685 1620
f 1687 1686 1620
f 1688 1687 1620
f 1689 1688 1620
f 1690 1689 1620
f 1619 1690 1620
f 1691 1692 1693
f 1694 1695 1696
f 1697 1698 1699
f 1700 1701 1702
f 1703 1704 1705
f 1706 1707 1708
f 1709 1710 1711
f 1712 1713 1714
f 1715 1716 1717
f 1699 1698 1718
f 1693 1692 1719
f 1720 1721 1722
f 1723 1724 1725
f 1724 1723 1726
f 1727 1728 1729
f 1727 1730 1731
f 1732 1733 1734
f 1735 1736 1737
f 1735 1738 1739
f 1740 1741 1742
f 1743 1744 1745
f 1746 1747 1748
f 1749 1750 1751
f 1752 1753 1754
f 1713 1712 1755
f 1756 1757 1758
f 1755 1759 1713
f 1759 1760 1713
f 1713 1760 1714
f 1760 1761 1714
f 1762 1763 1764
f 1763 1765 1764
f 1764 1765 1766
f 1767 1768 1769
f 1768 1770 1769
f 1771 1772 1709
f 1772 1773 1709
f 1709 1773 1710
f 1773 1767 1710
f 1710 1767 1711
f 1767 1769 1711
f 1711 1769 1774
f 1769 1770 1774
f 1775 1707 1776
f 1707 1706 1776
f 1776 1706 1777
f 1706 1778 1777
f 1779 1704 1780
f 1704 1703 1780
f 1780 1703 1781
f 1703 1782 1781
f 1783 1701 1784
f 1701 1700 1784
f 1784 1700 1785
f 1700 1786 1785
f 1787 1695 1788
f 1695 1694 1788
f 1788 1694 1789
f 1694 1790 1789
f 1791 1792 1793
f 1794 1795 1796
f 1797 1798 1799
f 1798 1800 1799
f 1799 1800 1801
f 1802 1803 1804
f 1803 1805 1804
f 1804 1805 1806
f 1807 1808 1809
f 1808 1810 1809
f 1809 1810 1811
f 1810 1812 1811
f 1813 1814 1815
f 1815 1816 1813
f 1816 1817 1813
f 1813 1817 1818
f 1817 1819 1818
f 1818 1819 1820
f 1819 1821 1820
f 1820 1821 1822
f 1822 1821 1823
f 1821 1824 1823
f 1823 1824 1825
f 1824 1826 1825
f 1825 1826 1827
f 1826 1828 1827
f 1827 1828 1829
f 1828 1830 1829
f 1829 1830 1831
f 1830 1832 1831
f 1831 1832 1833
f 1832 1834 1833
f 1833 1834 1835
f 1834 1836 1835
f 1835 1836 1837
f 1836 1838 1837
f 1837 1838 1839
f 1838 1840 1839
f 1839 1840 1841
f 1840 1842 1841
f 1841 1842 1843
f 1842 1844 1843
f 1843 1844 1845
f 1845 1844 1846
f 1844 1847 1846
f 1846 1847 1848
f 1847 1849 1848
f 1848 1849 1850
f 1849 1851 1850
f 1850 1851 1852
f 1851 1853 1852
f 1852 1853 1854
f 1854 1853 1855
f 1853 1856 1855
f 1855 1856 1726
f 1857 1858 1859
f 1858 1860 1859
f 1859 1860 1861
f 1860 1862 1861
f 1861 1862 1725
f 1862 1863 1725
f 1725 1863 1723
f 1857 1859 1864
f 1859 1865 1864
f 1864 1865 1721
f 1720 1722 1866
f 1722 1867 1866
f 1866 1867 1868
f 1869 1868 1870
f 1868 1871 1870
f 1870 1871 1872
f 1873 1874 1875
f 1876 1874 1877
f 1874 1873 1877
f 1877 1873 1878
f 1879 1880 1881
f 1880 1882 1881
f 1719 1883 1884
f 1883 1885 1884
f 1884 1885 1879
f 1886 1887 1888
f 1889 1890 1891
f 1892 1893 1894
f 1893 1895 1894
f 1896 1897 1898
f 1899 1900 1901
f 1902 1903 1904
f 1903 1905 1904
f 1906 1907 1908
f 1909 1910 1911
f 1912 1913 1914
f 1913 1915 1914
f 1916 1917 1918
f 1919 1920 1921
f 1922 1923 1924
f 1925 1926 1927
f 1926 1928 1927
f 1927 1928 1929
f 1930 1931 1925
f 1931 1932 1925
f 1925 1932 1926
f 1933 1934 1935
f 1934 1936 1935
f 1935 1936 1937
f 1936 1938 1937
f 1939 1940 1941
f 1940 1942 1941
f 1941 1942 1933
f 1942 1943 1933
f 1933 1943 1934
f 1944 1939 1945
f 1939 1941 1945
f 1945 1941 1946
f 1941 1933 1946
f 1946 1933 1947
f 1933 1935 1947
f 1947 1935 1948
f 1935 1937 1948
f 1948 1937 1949
f 1937 1938 1949
f 1949 1938 1930
f 1938 1950 1930
f 1930 1950 1931
f 1951 1952 1953
f 1952 1954 1953
f 1953 1954 1929
f 1954 1955 1929
f 1929 1955 1927
f 1955 1956 1927
f 1927 1956 1925
f 1956 1957 1925
f 1925 1957 1930
f 1957 1958 1930
f 1930 1958 1949
f 1958 1959 1949
f 1949 1959 1948
f 1959 1960 1948
f 1948 1960 1947
f 1960 1961 1947
f 1947 1961 1946
f 1961 1962 1946
f 1946 1962 1945
f 1962 1963 1945
f 1945 1963 1944
f 1963 1964 1944
f 1965 1966 1951
f 1966 1967 1951
f 1951 1967 1952
f 1967 1968 1952
f 1952 1968 1954
f 1968 1969 1954
f 1954 1969 1955
f 1969 1970 1955
f 1955 1970 1956
f 1970 1971 1956
f 1956 1971 1957
f 1971 1972 1957
f 1957 1972 1958
f 1972 1973 1958
f 1958 1973 1959
f 1973 1974 1959
f 1959 1974 1960
f 1974 1975 1960
f 1960 1975 1961
f 1975 1976 1961
f 1961 1976 1962
f 1976 1977 1962
f 1962 1977 1963
f 1977 1978 1963
f 1963 1978 1964
f 1978 1979 1964
f 1775 1980 1707
f 1980 1771 1707
f 1707 1771 1708
f 1771 1709 1708
f 1708 1709 1981
f 1709 1711 1981
f 1981 1711 1982
f 1711 1774 1982
f 1982 1774 1766
f 1774 1770 1766
f 1766 1770 1764
f 1770 1983 1764
f 1764 1983 1762
f 1984 1979 1985
f 1979 1978 1985
f 1985 1978 1986
f 1978 1977 1986
f 1986 1977 1987
f 1977 1976 1987
f 1987 1976 1988
f 1976 1975 1988
f 1988 1975 1989
f 1975 1974 1989
f 1989 1974 1990
f 1974 1973 1990
f 1990 1973 1991
f 1973 1972 1991
f 1991 1972 1992
f 1972 1971 1992
f 1992 1971 1993
f 1971 1970 1993
f 1993 1970 1994
f 1970 1969 1994
f 1994 1969 1995
f 1969 1968 1995
f 1995 1968 1996
f 1968 1967 1996
f 1996 1967 1997
f 1967 1966 1997
f 1997 1966 1922
f 1966 1965 1922
f 1922 1965 1923
f 1998 1984 1999
f 1984 1985 1999
f 1999 1985 2000
f 1985 1986 2000
f 2000 1986 2001
f 1986 1987 2001
f 2001 1987 2002
f 1987 1988 2002
f 2002 1988 2003
f 1988 1989 2003
f 2003 1989 2004
f 1989 1990 2004
f 2004 1990 2005
f 1990 1991 2005
f 2005 1991 2006
f 1991 1992 2006
f 2006 1992 2007
f 1992 1993 2007
f 2007 1993 2008
f 1993 1994 2008
f 2008 1994 2009
f 1994 1995 2009
f 2009 1995 2010
f 1995 1996 2010
f 2010 1996 2011
f 1996 1997 2011
f 2011 1997 2012
f 1997 1922 2012
f 2012 1922 2013
f 1922 1924 2013
f 2013 1924 1919
f 1924 2014 1919
f 1919 2014 1920
f 1779 2015 1704
f 2015 1778 1704
f 1704 1778 1705
f 1778 1706 1705
f 1705 1706 2016
f 1706 1708 2016
f 2016 1708 2017
f 1708 1981 2017
f 2017 1981 2018
f 1981 1982 2018
f 2018 1982 2019
f 1982 1766 2019
f 2019 1766 2020
f 1766 1765 2020
f 2020 1765 1754
f 1765 1763 1754
f 1754 1763 1752
f 2021 1998 2022
f 1998 1999 2022
f 2022 1999 2023
f 1999 2000 2023
f 2023 2000 2024
f 2000 2001 2024
f 2024 2001 2025
f 2001 2002 2025
f 2025 2002 2026
f 2002 2003 2026
f 2026 2003 2027
f 2003 2004 2027
f 2027 2004 2028
f 2004 2005 2028
f 2028 2005 2029
f 2005 2006 2029
f 2029 2006 2030
f 2006 2007 2030
f 2030 2007 2031
f 2007 2008 2031
f 2031 2008 2032
f 2008 2009 2032
f 2032 2009 2033
f 2009 2010 2033
f 2033 2010 2034
f 2010 2011 2034
f 2034 2011 2035
f 2011 2012 2035
f 2035 2012 2036
f 2012 2013 2036
f 2036 2013 2037
f 2013 1919 2037
f 2037 1919 1916
f 1919 1921 1916
f 1916 1921 1917
f 2038 2021 2039
f 2021 2022 2039
f 2039 2022 2040
f 2022 2023 2040
f 2040 2023 2041
f 2023 2024 2041
f 2041 2024 2042
f 2024 2025 2042
f 2042 2025 2043
f 2025 2026 2043
f 2043 2026 2044
f 2026 2027 2044
f 2044 2027 2045
f 2027 2028 2045
f 2045 2028 2046
f 2028 2029 2046
f 2046 2029 2047
f 2029 2030 2047
f 2047 2030 2048
f 2030 2031 2048
f 2048 2031 2049
f 2031 2032 2049
f 2049 2032 2050
f 2032 2033 2050
f 2050 2033 2051
f 2033 2034 2051
f 2051 2034 2052
f 2034 2035 2052
f 2052 2035 2053
f 2035 2036 2053
f 2053 2036 2054
f 2036 2037 2054
f 2054 2037 2055
f 2037 1916 2055
f 2055 1916 2056
f 1916 1918 2056
f 2056 1918 2057
f 1918 2058 2057
f 2057 2058 2059
f 1750 1782 1751
f 1782 1703 1751
f 1751 1703 2060
f 1703 1705 2060
f 2060 1705 2061
f 1705 2016 2061
f 2061 2016 2062
f 2016 2017 2062
f 2062 2017 2063
f 2017 2018 2063
f 2063 2018 2064
f 2018 2019 2064
f 2064 2019 2065
f 2019 2020 2065
f 2065 2020 2066
f 2020 1754 2066
f 2066 1754 1712
f 1754 1753 1712
f 1712 1753 1755
f 2067 2038 2068
f 2038 2039 2068
f 2068 2039 2069
f 2039 2040 2069
f 2069 2040 2070
f 2040 2041 2070
f 2070 2041 2071
f 2041 2042 2071
f 2071 2042 2072
f 2042 2043 2072
f 2072 2043 2073
f 2043 2044 2073
f 2073 2044 2074
f 2044 2045 2074
f 2074 2045 2075
f 2045 2046 2075
f 2075 2046 2076
f 2046 2047 2076
f 2076 2047 2077
f 2047 2048 2077
f 2077 2048 2078
f 2048 2049 2078
f 2078 2049 2079
f 2049 2050 2079
f 2079 2050 2080
f 2050 2051 2080
f 2080 2051 2081
f 2051 2052 2081
f 2081 2052 2082
f 2052 2053 2082
f 2082 2053 2083
f 2053 2054 2083
f 2083 2054 2084
f 2054 2055 2084
f 2084 2055 2085
f 2055 2056 2085
f 2085 2056 2086
f 2056 2057 2086
f 2086 2057 1914
f 2057 2059 1914
f 1914 2059 1912
f 1747 1749 1748
f 1749 1751 1748
f 1748 1751 2087
f 1751 2060 2087
f 2087 2060 2088
f 2060 2061 2088
f 2088 2061 2089
f 2061 2062 2089
f 2089 2062 2090
f 2062 2063 2090
f 2090 2063 2091
f 2063 2064 2091
f 2091 2064 2092
f 2064 2065 2092
f 2092 2065 2093
f 2065 2066 2093
f 2093 2066 2094
f 2066 1712 2094
f 2094 1712 2095
f 1712 1714 2095
f 2095 1714 2096
f 1714 1761 2096
f 2096 1761 2097
f 2098 2067 2099
f 2067 2068 2099
f 2099 2068 2100
f 2068 2069 2100
f 2100 2069 2101
f 2069 2070 2101
f 2101 2070 2102
f 2070 2071 2102
f 2102 2071 2103
f 2071 2072 2103
f 2103 2072 2104
f 2072 2073 2104
f 2104 2073 2105
f 2073 2074 2105
f 2105 2074 2106
f 2074 2075 2106
f 2106 2075 2107
f 2075 2076 2107
f 2107 2076 2108
f 2076 2077 2108
f 2108 2077 2109
f 2077 2078 2109
f 2109 2078 2110
f 2078 2079 2110
f 2110 2079 2111
f 2079 2080 2111
f 2111 2080 2112
f 2080 2081 2112
f 2112 2081 2113
f 2081 2082 2113
f 2113 2082 2114
f 2082 2083 2114
f 2114 2083 2115
f 2083 2084 2115
f 2115 2084 2116
f 2084 2085 2116
f 2116 2085 2117
f 2085 2086 2117
f 2117 2086 2118
f 2086 1914 2118
f 2118 1914 1909
f 1914 1915 1909
f 1909 1915 1910
f 1783 2119 1701
f 2119 1746 1701
f 1701 1746 1702
f 1746 1748 1702
f 1702 1748 2120
f 1748 2087 2120
f 2120 2087 2121
f 2087 2088 2121
f 2121 2088 2122
f 2088 2089 2122
f 2122 2089 2123
f 2089 2090 2123
f 2123 2090 2124
f 2090 2091 2124
f 2124 2091 2125
f 2091 2092 2125
f 2125 2092 2126
f 2092 2093 2126
f 2126 2093 2127
f 2093 2094 2127
f 2127 2094 2128
f 2094 2095 2128
f 2128 2095 2129
f 2095 2096 2129
f 2129 2096 1756
f 2096 2097 1756
f 1756 2097 1757
f 2130 2098 2131
f 2098 2099 2131
f 2131 2099 2132
f 2099 2100 2132
f 2132 2100 2133
f 2100 2101 2133
f 2133 2101 2134
f 2101 2102 2134
f 2134 2102 2135
f 2102 2103 2135
f 2135 2103 2136
f 2103 2104 2136
f 2136 2104 2137
f 2104 2105 2137
f 2137 2105 2138
f 2105 2106 2138
f 2138 2106 2139
f 2106 2107 2139
f 2139 2107 2140
f 2107 2108 2140
f 2140 2108 2141
f 2108 2109 2141
f 2141 2109 2142
f 2109 2110 2142
f 2142 2110 2143
f 2110 2111 2143
f 2143 2111 2144
f 2111 2112 2144
f 2144 2112 2145
f 2112 2113 2145
f 2145 2113 2146
f 2113 2114 2146
f 2146 2114 2147
f 2114 2115 2147
f 2147 2115 2148
f 2115 2116 2148
f 2148 2116 2149
f 2116 2117 2149
f 2149 2117 2150
f 2117 2118 2150
f 2150 2118 2151
f 2118 1909 2151
f 2151 1909 1906
f 1909 1911 1906
f 1906 1911 1907
f 2152 2130 2153
f 2130 2131 2153
f 2153 2131 2154
f 2131 2132 2154
f 2154 2132 2155
f 2132 2133 2155
f 2155 2133 2156
f 2133 2134 2156
f 2156 2134 2157
f 2134 2135 2157
f 2157 2135 2158
f 2135 2136 2158
f 2158 2136 2159
f 2136 2137 2159
f 2159 2137 2160
f 2137 2138 2160
f 2160 2138 2161
f 2138 2139 2161
f 2161 2139 2162
f 2139 2140 2162
f 2162 2140 2163
f 2140 2141 2163
f 2163 2141 2164
f 2141 2142 2164
f 2164 2142 2165
f 2142 2143 2165
f 2165 2143 2166
f 2143 2144 2166
f 2166 2144 2167
f 2144 2145 2167
f 2167 2145 2168
f 2145 2146 2168
f 2168 2146 2169
f 2146 2147 2169
f 2169 2147 2170
f 2147 2148 2170
f 2170 2148 2171
f 2148 2149 2171
f 2171 2149 2172
f 2149 2150 2172
f 2172 2150 2173
f 2150 2151 2173
f 2173 2151 2174
f 2151 1906 2174
f 2174 1906 2175
f 1906 1908 2175
f 2175 1908 2176
f 1908 2177 2176
f 2176 2177 2178
f 1744 1786 1745
f 1786 1700 1745
f 1745 1700 2179
f 1700 1702 2179
f 2179 1702 2180
f 1702 2120 2180
f 2180 2120 2181
f 2120 2121 2181
f 2181 2121 2182
f 2121 2122 2182
f 2182 2122 2183
f 2122 2123 2183
f 2183 2123 2184
f 2123 2124 2184
f 2184 2124 2185
f 2124 2125 2185
f 2185 2125 2186
f 2125 2126 2186
f 2186 2126 2187
f 2126 2127 2187
f 2187 2127 2188
f 2127 2128 2188
f 2188 2128 2189
f 2128 2129 2189
f 2189 2129 2190
f 2129 1756 2190
f 2190 1756 2191
f 1756 1758 2191
f 2191 1758 2192
f 2193 2152 2194
f 2152 2153 2194
f 2194 2153 2195
f 2153 2154 2195
f 2195 2154 2196
f 2154 2155 2196
f 2196 2155 2197
f 2155 2156 2197
f 2197 2156 2198
f 2156 2157 2198
f 2198 2157 2199
f 2157 2158 2199
f 2199 2158 2200
f 2158 2159 2200
f 2200 2159 2201
f 2159 2160 2201
f 2201 2160 2202
f 2160 2161 2202
f 2202 2161 2203
f 2161 2162 2203
f 2203 2162 2204
f 2162 2163 2204
f 2204 2163 2205
f 2163 2164 2205
f 2205 2164 2206
f 2164 2165 2206
f 2206 2165 2207
f 2165 2166 2207
f 2207 2166 2208
f 2166 2167 2208
f 2208 2167 2209
f 2167 2168 2209
f 2209 2168 2210
f 2168 2169 2210
f 2210 2169 2211
f 2169 2170 2211
f 2211 2170 2212
f 2170 2171 2212
f 2212 2171 2213
f 2171 2172 2213
f 2213 2172 2214
f 2172 2173 2214
f 2214 2173 2215
f 2173 2174 2215
f 2215 2174 2216
f 2174 2175 2216
f 2216 2175 2217
f 2175 2176 2217
f 2217 2176 1717
f 2176 2178 1717
f 1717 2178 1715
f 1741 1743 1742
f 1743 1745 1742
f 1742 1745 2218
f 1745 2179 2218
f 2218 2179 2219
f 2179 2180 2219
f 2219 2180 2220
f 2180 2181 2220
f 2220 2181 2221
f 2181 2182 2221
f 2221 2182 2222
f 2182 2183 2222
f 2222 2183 2223
f 2183 2184 2223
f 2223 2184 2224
f 2184 2185 2224
f 2224 2185 2225
f 2185 2186 2225
f 2225 2186 2226
f 2186 2187 2226
f 2226 2187 2227
f 2187 2188 2227
f 2227 2188 2228
f 2188 2189 2228
f 2228 2189 2229
f 2189 2190 2229
f 2229 2190 2230
f 2190 2191 2230
f 2230 2191 2231
f 2191 2192 2231
f 2231 2192 2232
f 2233 2193 2234
f 2193 2194 2234
f 2234 2194 2235
f 2194 2195 2235
f 2235 2195 2236
f 2195 2196 2236
f 2236 2196 2237
f 2196 2197 2237
f 2237 2197 2238
f 2197 2198 2238
f 2238 2198 2239
f 2198 2199 2239
f 2239 2199 2240
f 2199 2200 2240
f 2240 2200 2241
f 2200 2201 2241
f 2241 2201 2242
f 2201 2202 2242
f 2242 2202 2243
f 2202 2203 2243
f 2243 2203 2244
f 2203 2204 2244
f 2244 2204 2245
f 2204 2205 2245
f 2245 2205 2246
f 2205 2206 2246
f 2246 2206 2247
f 2206 2207 2247
f 2247 2207 2248
f 2207 2208 2248
f 2248 2208 2249
f 2208 2209 2249
f 2249 2209 2250
f 2209 2210 2250
f 2250 2210 2251
f 2210 2211 2251
f 2251 2211 2252
f 2211 2212 2252
f 2252 2212 2253
f 2212 2213 2253
f 2253 2213 2254
f 2213 2214 2254
f 2254 2214 2255
f 2214 2215 2255
f 2255 2215 2256
f 2215 2216 2256
f 2256 2216 2257
f 2216 2217 2257
f 2257 2217 2258
f 2217 1717 2258
f 2258 1717 1904
f 1717 1716 1904
f 1904 1716 1902
f 1738 1740 1739
f 1740 1742 1739
f 1739 1742 2259
f 1742 2218 2259
f 2259 2218 2260
f 2218 2219 2260
f 2260 2219 2261
f 2219 2220 2261
f 2261 2220 2262
f 2220 2221 2262
f 2262 2221 2263
f 2221 2222 2263
f 2263 2222 2264
f 2222 2223 2264
f 2264 2223 2265
f 2223 2224 2265
f 2265 2224 2266
f 2224 2225 2266
f 2266 2225 2267
f 2225 2226 2267
f 2267 2226 2268
f 2226 2227 2268
f 2268 2227 2269
f 2227 2228 2269
f 2269 2228 2270
f 2228 2229 2270
f 2270 2229 2271
f 2229 2230 2271
f 2271 2230 2272
f 2230 2231 2272
f 2272 2231 2273
f 2231 2232 2273
f 2273 2232 2274
f 2275 2233 2276
f 2233 2234 2276
f 2276 2234 2277
f 2234 2235 2277
f 2277 2235 2278
f 2235 2236 2278
f 2278 2236 2279
f 2236 2237 2279
f 2279 2237 2280
f 2237 2238 2280
f 2280 2238 2281
f 2238 2239 2281
f 2281 2239 2282
f 2239 2240 2282
f 2282 2240 2283
f 2240 2241 2283
f 2283 2241 2284
f 2241 2242 2284
f 2284 2242 2285
f 2242 2243 2285
f 2285 2243 2286
f 2243 2244 2286
f 2286 2244 2287
f 2244 2245 2287
f 2287 2245 2288
f 2245 2246 2288
f 2288 2246 2289
f 2246 2247 2289
f 2289 2247 2290
f 2247 2248 2290
f 2290 2248 2291
f 2248 2249 2291
f 2291 2249 2292
f 2249 2250 2292
f 2292 2250 2293
f 2250 2251 2293
f 2293 2251 2294
f 2251 2252 2294
f 2294 2252 2295
f 2252 2253 2295
f 2295 2253 2296
f 2253 2254 2296
f 2296 2254 2297
f 2254 2255 2297
f 2297 2255 2298
f 2255 2256 2298
f 2298 2256 2299
f 2256 2257 2299
f 2299 2257 2300
f 2257 2258 2300
f 2300 2258 2301
f 2258 1904 2301
f 2301 1904 1899
f 1904 1905 1899
f 1899 1905 1900
f 1736 1735 2302
f 1735 1739 2302
f 2302 1739 2303
f 1739 2259 2303
f 2303 2259 2304
f 2259 2260 2304
f 2304 2260 2305
f 2260 2261 2305
f 2305 2261 2306
f 2261 2262 2306
f 2306 2262 2307
f 2262 2263 2307
f 2307 2263 2308
f 2263 2264 2308
f 2308 2264 2309
f 2264 2265 2309
f 2309 2265 2310
f 2265 2266 2310
f 2310 2266 2311
f 2266 2267 2311
f 2311 2267 2312
f 2267 2268 2312
f 2312 2268 2313
f 2268 2269 2313
f 2313 2269 2314
f 2269 2270 2314
f 2314 2270 2315
f 2270 2271 2315
f 2315 2271 2316
f 2271 2272 2316
f 2316 2272 2317
f 2272 2273 2317
f 2317 2273 2318
f 2273 2274 2318
f 2318 2274 2319
f 2320 2275 2321
f 2275 2276 2321
f 2321 2276 2322
f 2276 2277 2322
f 2322 2277 2323
f 2277 2278 2323
f 2323 2278 2324
f 2278 2279 2324
f 2324 2279 2325
f 2279 2280 2325
f 2325 2280 2326
f 2280 2281 2326
f 2326 2281 2327
f 2281 2282 2327
f 2327 2282 2328
f 2282 2283 2328
f 2328 2283 2329
f 2283 2284 2329
f 2329 2284 2330
f 2284 2285 2330
f 2330 2285 2331
f 2285 2286 2331
f 2331 2286 2332
f 2286 2287 2332
f 2332 2287 2333
f 2287 2288 2333
f 2333 2288 2334
f 2288 2289 2334
f 2334 2289 2335
f 2289 2290 2335
f 2335 2290 2336
f 2290 2291 2336
f 2336 2291 2337
f 2291 2292 2337
f 2337 2292 2338
f 2292 2293 2338
f 2338 2293 2339
f 2293 2294 2339
f 2339 2294 2340
f 2294 2295 2340
f 2340 2295 2341
f 2295 2296 2341
f 2341 2296 2342
f 2296 2297 2342
f 2342 2297 2343
f 2297 2298 2343
f 2343 2298 2344
f 2298 2299 2344
f 2344 2299 2345
f 2299 2300 2345
f 2345 2300 2346
f 2300 2301 2346
f 2346 2301 2347
f 2301 1899 2347
f 2347 1899 1896
f 1899 1901 1896
f 1896 1901 1897
f 2348 2320 2349
f 2320 2321 2349
f 2349 2321 2350
f 2321 2322 2350
f 2350 2322 2351
f 2322 2323 2351
f 2351 2323 2352
f 2323 2324 2352
f 2352 2324 2353
f 2324 2325 2353
f 2353 2325 2354
f 2325 2326 2354
f 2354 2326 2355
f 2326 2327 2355
f 2355 2327 2356
f 2327 2328 2356
f 2356 2328 2357
f 2328 2329 2357
f 2357 2329 2358
f 2329 2330 2358
f 2358 2330 2359
f 2330 2331 2359
f 2359 2331 2360
f 2331 2332 2360
f 2360 2332 2361
f 2332 2333 2361
f 2361 2333 2362
f 2333 2334 2362
f 2362 2334 2363
f 2334 2335 2363
f 2363 2335 2364
f 2335 2336 2364
f 2364 2336 2365
f 2336 2337 2365
f 2365 2337 2366
f 2337 2338 2366
f 2366 2338 2367
f 2338 2339 2367
f 2367 2339 2368
f 2339 2340 2368
f 2368 2340 2369
f 2340 2341 2369
f 2369 2341 2370
f 2341 2342 2370
f 2370 2342 2371
f 2342 2343 2371
f 2371 2343 2372
f 2343 2344 2372
f 2372 2344 2373
f 2344 2345 2373
f 2373 2345 2374
f 2345 2346 2374
f 2374 2346 2375
f 2346 2347 2375
f 2375 2347 2376
f 2347 1896 2376
f 2376 1896 1697
f 1896 1898 1697
f 1697 1898 1698
f 1898 2377 1698
f 1698 2377 1718
f 1787 1737 1695
f 1737 1736 1695
f 1695 1736 1696
f 1736 2302 1696
f 1696 2302 2378
f 2302 2303 2378
f 2378 2303 2379
f 2303 2304 2379
f 2379 2304 2380
f 2304 2305 2380
f 2380 2305 2381
f 2305 2306 2381
f 2381 2306 2382
f 2306 2307 2382
f 2382 2307 2383
f 2307 2308 2383
f 2383 2308 2384
f 2308 2309 2384
f 2384 2309 2385
f 2309 2310 2385
f 2385 2310 2386
f 2310 2311 2386
f 2386 2311 2387
f 2311 2312 2387
f 2387 2312 2388
f 2312 2313 2388
f 2388 2313 2389
f 2313 2314 2389
f 2389 2314 2390
f 2314 2315 2390
f 2390 2315 2391
f 2315 2316 2391
f 2391 2316 2392
f 2316 2317 2392
f 2392 2317 2393
f 2317 2318 2393
f 2393 2318 2394
f 2318 2319 2394
f 2394 2319 2395
f 2396 2348 2397
f 2348 2349 2397
f 2397 2349 2398
f 2349 2350 2398
f 2398 2350 2399
f 2350 2351 2399
f 2399 2351 2400
f 2351 2352 2400
f 2400 2352 2401
f 2352 2353 2401
f 2401 2353 2402
f 2353 2354 2402
f 2402 2354 2403
f 2354 2355 2403
f 2403 2355 2404
f 2355 2356 2404
f 2404 2356 2405
f 2356 2357 2405
f 2405 2357 2406
f 2357 2358 2406
f 2406 2358 2407
f 2358 2359 2407
f 2407 2359 2408
f 2359 2360 2408
f 2408 2360 2409
f 2360 2361 2409
f 2409 2361 2410
f 2361 2362 2410
f 2410 2362 2411
f 2362 2363 2411
f 2411 2363 2412
f 2363 2364 2412
f 2412 2364 2413
f 2364 2365 2413
f 2413 2365 2414
f 2365 2366 2414
f 2414 2366 2415
f 2366 2367 2415
f 2415 2367 2416
f 2367 2368 2416
f 2416 2368 2417
f 2368 2369 2417
f 2417 2369 2418
f 2369 2370 2418
f 2418 2370 2419
f 2370 2371 2419
f 2419 2371 2420
f 2371 2372 2420
f 2420 2372 2421
f 2372 2373 2421
f 2421 2373 2422
f 2373 2374 2422
f 2422 2374 2423
f 2374 2375 2423
f 2423 2375 2424
f 2375 2376 2424
f 2424 2376 2425
f 2376 1697 2425
f 2425 1697 2426
f 1697 1699 2426
f 1733 1790 1734
f 1790 1694 1734
f 1734 1694 2427
f 1694 1696 2427
f 2427 1696 2428
f 1696 2378 2428
f 2428 2378 2429
f 2378 2379 2429
f 2429 2379 2430
f 2379 2380 2430
f 2430 2380 2431
f 2380 2381 2431
f 2431 2381 2432
f 2381 2382 2432
f 2432 2382 2433
f 2382 2383 2433
f 2433 2383 2434
f 2383 2384 2434
f 2434 2384 2435
f 2384 2385 2435
f 2435 2385 2436
f 2385 2386 2436
f 2436 2386 2437
f 2386 2387 2437
f 2437 2387 2438
f 2387 2388 2438
f 2438 2388 2439
f 2388 2389 2439
f 2439 2389 2440
f 2389 2390 2440
f 2440 2390 2441
f 2390 2391 2441
f 2441 2391 2442
f 2391 2392 2442
f 2442 2392 2443
f 2392 2393 2443
f 2443 2393 2444
f 2393 2394 2444
f 2444 2394 2445
f 2394 2395 2445
f 2445 2395 2446
f 2447 2396 2448
f 2396 2397 2448
f 2448 2397 2449
f 2397 2398 2449
f 2449 2398 2450
f 2398 2399 2450
f 2450 2399 2451
f 2399 2400 2451
f 2451 2400 2452
f 2400 2401 2452
f 2452 2401 2453
f 2401 2402 2453
f 2453 2402 2454
f 2402 2403 2454
f 2454 2403 2455
f 2403 2404 2455
f 2455 2404 2456
f 2404 2405 2456
f 2456 2405 2457
f 2405 2406 2457
f 2457 2406 2458
f 2406 2407 2458
f 2458 2407 2459
f 2407 2408 2459
f 2459 2408 2460
f 2408 2409 2460
f 2460 2409 2461
f 2409 2410 2461
f 2461 2410 2462
f 2410 2411 2462
f 2462 2411 2463
f 2411 2412 2463
f 2463 2412 2464
f 2412 2413 2464
f 2464 2413 2465
f 2413 2414 2465
f 2465 2414 2466
f 2414 2415 2466
f 2466 2415 2467
f 2415 2416 2467
f 2467 2416 2468
f 2416 2417 2468
f 2468 2417 2469
f 2417 2418 2469
f 2469 2418 2470
f 2418 2419 2470
f 2470 2419 2471
f 2419 2420 2471
f 2471 2420 2472
f 2420 2421 2472
f 2472 2421 2473
f 2421 2422 2473
f 2473 2422 2474
f 2422 2423 2474
f 2474 2423 2475
f 2423 2424 2475
f 2475 2424 2476
f 2424 2425 2476
f 2476 2425 2477
f 2425 2426 2477
f 2477 2426 2478
f 2426 1699 2478
f 2478 1699 1894
f 1699 1718 1894
f 1894 1718 1892
f 1730 1732 1731
f 1732 1734 1731
f 1731 1734 2479
f 1734 2427 2479
f 2479 2427 2480
f 2427 2428 2480
f 2480 2428 2481
f 2428 2429 2481
f 2481 2429 2482
f 2429 2430 2482
f 2482 2430 2483
f 2430 2431 2483
f 2483 2431 2484
f 2431 2432 2484
f 2484 2432 2485
f 2432 2433 2485
f 2485 2433 2486
f 2433 2434 2486
f 2486 2434 2487
f 2434 2435 2487
f 2487 2435 2488
f 2435 2436 2488
f 2488 2436 2489
f 2436 2437 2489
f 2489 2437 2490
f 2437 2438 2490
f 2490 2438 2491
f 2438 2439 2491
f 2491 2439 2492
f 2439 2440 2492
f 2492 2440 2493
f 2440 2441 2493
f 2493 2441 2494
f 2441 2442 2494
f 2494 2442 2495
f 2442 2443 2495
f 2495 2443 2496
f 2443 2444 2496
f 2496 2444 2497
f 2444 2445 2497
f 2497 2445 2498
f 2445 2446 2498
f 2498 2446 2499
f 2500 2447 2501
f 2447 2448 2501
f 2501 2448 2502
f 2448 2449 2502
f 2502 2449 2503
f 2449 2450 2503
f 2503 2450 2504
f 2450 2451 2504
f 2504 2451 2505
f 2451 2452 2505
f 2505 2452 2506
f 2452 2453 2506
f 2506 2453 2507
f 2453 2454 2507
f 2507 2454 2508
f 2454 2455 2508
f 2508 2455 2509
f 2455 2456 2509
f 2509 2456 2510
f 2456 2457 2510
f 2510 2457 2511
f 2457 2458 2511
f 2511 2458 2512
f 2458 2459 2512
f 2512 2459 2513
f 2459 2460 2513
f 2513 2460 2514
f 2460 2461 2514
f 2514 2461 2515
f 2461 2462 2515
f 2515 2462 2516
f 2462 2463 2516
f 2516 2463 2517
f 2463 2464 2517
f 2517 2464 2518
f 2464 2465 2518
f 2518 2465 2519
f 2465 2466 2519
f 2519 2466 2520
f 2466 2467 2520
f 2520 2467 2521
f 2467 2468 2521
f 2521 2468 2522
f 2468 2469 2522
f 2522 2469 2523
f 2469 2470 2523
f 2523 2470 2524
f 2470 2471 2524
f 2524 2471 2525
f 2471 2472 2525
f 2525 2472 2526
f 2472 2473 2526
f 2526 2473 2527
f 2473 2474 2527
f 2527 2474 2528
f 2474 2475 2528
f 2528 2475 2529
f 2475 2476 2529
f 2529 2476 2530
f 2476 2477 2530
f 2530 2477 2531
f 2477 2478 2531
f 2531 2478 2532
f 2478 1894 2532
f 2532 1894 1889
f 1894 1895 1889
f 1889 1895 1890
f 1728 1727 2533
f 1727 1731 2533
f 2533 1731 2534
f 1731 2479 2534
f 2534 2479 2535
f 2479 2480 2535
f 2535 2480 2536
f 2480 2481 2536
f 2536 2481 2537
f 2481 2482 2537
f 2537 2482 2538
f 2482 2483 2538
f 2538 2483 2539
f 2483 2484 2539
f 2539 2484 2540
f 2484 2485 2540
f 2540 2485 2541
f 2485 2486 2541
f 2541 2486 2542
f 2486 2487 2542
f 2542 2487 2543
f 2487 2488 2543
f 2543 2488 2544
f 2488 2489 2544
f 2544 2489 2545
f 2489 2490 2545
f 2545 2490 2546
f 2490 2491 2546
f 2546 2491 2547
f 2491 2492 2547
f 2547 2492 2548
f 2492 2493 2548
f 2548 2493 2549
f 2493 2494 2549
f 2549 2494 2550
f 2494 2495 2550
f 2550 2495 2551
f 2495 2496 2551
f 2551 2496 2552
f 2496 2497 2552
f 2552 2497 2553
f 2497 2498 2553
f 2553 2498 2554
f 2498 2499 2554
f 2554 2499 2555
f 2556 2500 2557
f 2500 2501 2557
f 2557 2501 2558
f 2501 2502 2558
f 2558 2502 2559
f 2502 2503 2559
f 2559 2503 2560
f 2503 2504 2560
f 2560 2504 2561
f 2504 2505 2561
f 2561 2505 2562
f 2505 2506 2562
f 2562 2506 2563
f 2506 2507 2563
f 2563 2507 2564
f 2507 2508 2564
f 2564 2508 2565
f 2508 2509 2565
f 2565 2509 2566
f 2509 2510 2566
f 2566 2510 2567
f 2510 2511 2567
f 2567 2511 2568
f 2511 2512 2568
f 2568 2512 2569
f 2512 2513 2569
f 2569 2513 2570
f 2513 2514 2570
f 2570 2514 2571
f 2514 2515 2571
f 2571 2515 2572
f 2515 2516 2572
f 2572 2516 2573
f 2516 2517 2573
f 2573 2517 2574
f 2517 2518 2574
f 2574 2518 2575
f 2518 2519 2575
f 2575 2519 2576
f 2519 2520 2576
f 2576 2520 2577
f 2520 2521 2577
f 2577 2521 2578
f 2521 2522 2578
f 2578 2522 2579
f 2522 2523 2579
f 2579 2523 2580
f 2523 2524 2580
f 2580 2524 2581
f 2524 2525 2581
f 2581 2525 2582
f 2525 2526 2582
f 2582 2526 2583
f 2526 2527 2583
f 2583 2527 2584
f 2527 2528 2584
f 2584 2528 2585
f 2528 2529 2585
f 2585 2529 2586
f 2529 2530 2586
f 2586 2530 2587
f 2530 2531 2587
f 2587 2531 2588
f 2531 2532 2588
f 2588 2532 2589
f 2532 1889 2589
f 2589 1889 1886
f 1889 1891 1886
f 1886 1891 1887
f 2590 2556 2591
f 2556 2557 2591
f 2591 2557 2592
f 2557 2558 2592
f 2592 2558 2593
f 2558 2559 2593
f 2593 2559 2594
f 2559 2560 2594
f 2594 2560 2595
f 2560 2561 2595
f 2595 2561 2596
f 2561 2562 2596
f 2596 2562 2597
f 2562 2563 2597
f 2597 2563 2598
f 2563 2564 2598
f 2598 2564 2599
f 2564 2565 2599
f 2599 2565 2600
f 2565 2566 2600
f 2600 2566 2601
f 2566 2567 2601
f 2601 2567 2602
f 2567 2568 2602
f 2602 2568 2603
f 2568 2569 2603
f 2603 2569 2604
f 2569 2570 2604
f 2604 2570 2605
f 2570 2571 2605
f 2605 2571 2606
f 2571 2572 2606
f 2606 2572 2607
f 2572 2573 2607
f 2607 2573 2608
f 2573 2574 2608
f 2608 2574 2609
f 2574 2575 2609
f 2609 2575 2610
f 2575 2576 2610
f 2610 2576 2611
f 2576 2577 2611
f 2611 2577 2612
f 2577 2578 2612
f 2612 2578 2613
f 2578 2579 2613
f 2613 2579 2614
f 2579 2580 2614
f 2614 2580 2615
f 2580 2581 2615
f 2615 2581 2616
f 2581 2582 2616
f 2616 2582 2617
f 2582 2583 2617
f 2617 2583 2618
f 2583 2584 2618
f 2618 2584 2619
f 2584 2585 2619
f 2619 2585 2620
f 2585 2586 2620
f 2620 2586 2621
f 2586 2587 2621
f 2621 2587 2622
f 2587 2588 2622
f 2622 2588 2623
f 2588 2589 2623
f 2623 2589 2624
f 2589 1886 2624
f 2624 1886 1691
f 1886 1888 1691
f 1691 1888 1692
f 1888 2625 1692
f 1692 2625 1719
f 2626 2590 2627
f 2590 2591 2627
f 2627 2591 2628
f 2591 2592 2628
f 2628 2592 2629
f 2592 2593 2629
f 2629 2593 2630
f 2593 2594 2630
f 2630 2594 2631
f 2594 2595 2631
f 2631 2595 2632
f 2595 2596 2632
f 2632 2596 2633
f 2596 2597 2633
f 2633 2597 2634
f 2597 2598 2634
f 2634 2598 2635
f 2598 2599 2635
f 2635 2599 2636
f 2599 2600 2636
f 2636 2600 2637
f 2600 2601 2637
f 2637 2601 2638
f 2601 2602 2638
f 2638 2602 2639
f 2602 2603 2639
f 2639 2603 2640
f 2603 2604 2640
f 2640 2604 2641
f 2604 2605 2641
f 2641 2605 2642
f 2605 2606 2642
f 2642 2606 2643
f 2606 2607 2643
f 2643 2607 2644
f 2607 2608 2644
f 2644 2608 2645
f 2608 2609 2645
f 2645 2609 2646
f 2609 2610 2646
f 2646 2610 2647
f 2610 2611 2647
f 2647 2611 2648
f 2611 2612 2648
f 2648 2612 2649
f 2612 2613 2649
f 2649 2613 2650
f 2613 2614 2650
f 2650 2614 2651
f 2614 2615 2651
f 2651 2615 2652
f 2615 2616 2652
f 2652 2616 2653
f 2616 2617 2653
f 2653 2617 2654
f 2617 2618 2654
f 2654 2618 2655
f 2618 2619 2655
f 2655 2619 2656
f 2619 2620 2656
f 2656 2620 2657
f 2620 2621 2657
f 2657 2621 2658
f 2621 2622 2658
f 2658 2622 2659
f 2622 2623 2659
f 2659 2623 2660
f 2623 2624 2660
f 2660 2624 2661
f 2624 1691 2661
f 2661 1691 2662
f 1691 1693 2662
f 2663 1729 2664
f 1729 1728 2664
f 2664 1728 2626
f 1728 2533 2626
f 2626 2533 2590
f 2533 2534 2590
f 2590 2534 2556
f 2534 2535 2556
f 2556 2535 2500
f 2535 2536 2500
f 2500 2536 2447
f 2536 2537 2447
f 2447 2537 2396
f 2537 2538 2396
f 2396 2538 2348
f 2538 2539 2348
f 2348 2539 2320
f 2539 2540 2320
f 2320 2540 2275
f 2540 2541 2275
f 2275 2541 2233
f 2541 2542 2233
f 2233 2542 2193
f 2542 2543 2193
f 2193 2543 2152
f 2543 2544 2152
f 2152 2544 2130
f 2544 2545 2130
f 2130 2545 2098
f 2545 2546 2098
f 2098 2546 2067
f 2546 2547 2067
f 2067 2547 2038
f 2547 2548 2038
f 2038 2548 2021
f 2548 2549 2021
f 2021 2549 1998
f 2549 2550 1998
f 1998 2550 1984
f 2550 2551 1984
f 1984 2551 1979
f 2551 2552 1979
f 1979 2552 1964
f 2552 2553 1964
f 1964 2553 1944
f 2553 2554 1944
f 1944 2554 1939
f 2554 2555 1939
f 1939 2555 1940
f 1719 1884 1693
f 1884 2665 1693
f 1693 2665 2662
f 2665 2666 2662
f 2662 2666 2661
f 2666 2667 2661
f 2661 2667 2660
f 2667 2668 2660
f 2660 2668 2659
f 2668 2669 2659
f 2659 2669 2658
f 2669 2670 2658
f 2658 2670 2657
f 2670 2671 2657
f 2657 2671 2656
f 2671 2672 2656
f 2656 2672 2655
f 2672 2673 2655
f 2655 2673 2654
f 2673 2674 2654
f 2654 2674 2653
f 2674 2675 2653
f 2653 2675 2652
f 2675 2676 2652
f 2652 2676 2651
f 2676 2677 2651
f 2651 2677 2650
f 2677 2678 2650
f 2650 2678 2649
f 2678 2679 2649
f 2649 2679 2648
f 2679 2680 2648
f 2648 2680 2647
f 2680 2681 2647
f 2647 2681 2646
f 2681 2682 2646
f 2646 2682 2645
f 2682 2683 2645
f 2645 2683 2644
f 2683 2684 2644
f 2644 2684 2643
f 2684 2685 2643
f 2643 2685 2642
f 2685 2686 2642
f 2642 2686 2641
f 2686 2687 2641
f 2641 2687 2640
f 2687 2688 2640
f 2640 2688 2639
f 2688 2689 2639
f 2639 2689 2638
f 2689 2690 2638
f 2638 2690 2637
f 2690 2691 2637
f 2637 2691 2636
f 2691 2692 2636
f 2636 2692 2635
f 2692 2693 2635
f 2635 2693 2634
f 2693 2694 2634
f 2634 2694 2633
f 2694 2695 2633
f 2633 2695 2632
f 2695 2696 2632
f 2632 2696 2631
f 2696 2697 2631
f 2631 2697 2630
f 2697 2698 2630
f 2630 2698 2629
f 2698 2699 2629
f 2629 2699 2628
f 2699 2700 2628
f 2628 2700 2627
f 2700 2701 2627
f 2627 2701 2626
f 2701 1791 2626
f 2626 1791 2664
f 1791 1793 2664
f 2664 1793 2663
f 1879 1881 1884
f 1881 2702 1884
f 1884 2702 2665
f 2702 2703 2665
f 2665 2703 2666
f 2703 2704 2666
f 2666 2704 2667
f 2704 2705 2667
f 2667 2705 2668
f 2705 2706 2668
f 2668 2706 2669
f 2706 2707 2669
f 2669 2707 2670
f 2707 2708 2670
f 2670 2708 2671
f 2708 2709 2671
f 2671 2709 2672
f 2709 2710 2672
f 2672 2710 2673
f 2710 2711 2673
f 2673 2711 2674
f 2711 2712 2674
f 2674 2712 2675
f 2712 2713 2675
f 2675 2713 2676
f 2713 2714 2676
f 2676 2714 2677
f 2714 2715 2677
f 2677 2715 2678
f 2715 2716 2678
f 2678 2716 2679
f 2716 2717 2679
f 2679 2717 2680
f 2717 2718 2680
f 2680 2718 2681
f 2718 2719 2681
f 2681 2719 2682
f 2719 2720 2682
f 2682 2720 2683
f 2720 2721 2683
f 2683 2721 2684
f 2721 2722 2684
f 2684 2722 2685
f 2722 2723 2685
f 2685 2723 2686
f 2723 2724 2686
f 2686 2724 2687
f 2724 2725 2687
f 2687 2725 2688
f 2725 2726 2688
f 2688 2726 2689
f 2726 2727 2689
f 2689 2727 2690
f 2727 2728 2690
f 2690 2728 2691
f 2728 2729 2691
f 2691 2729 2692
f 2729 2730 2692
f 2692 2730 2693
f 2730 2731 2693
f 2693 2731 2694
f 2731 2732 2694
f 2694 2732 2695
f 2732 2733 2695
f 2695 2733 2696
f 2733 2734 2696
f 2696 2734 2697
f 2734 2735 2697
f 2697 2735 2698
f 2735 2736 2698
f 2698 2736 2699
f 2736 2737 2699
f 2699 2737 2700
f 2737 2738 2700
f 2700 2738 2701
f 2738 1794 2701
f 2701 1794 1791
f 1794 1796 1791
f 1791 1796 1792
f 1876 1877 1882
f 1877 1878 1882
f 1882 1878 1881
f 1878 2739 1881
f 1881 2739 2702
f 2739 2740 2702
f 2702 2740 2703
f 2740 2741 2703
f 2703 2741 2704
f 2741 2742 2704
f 2704 2742 2705
f 2742 2743 2705
f 2705 2743 2706
f 2743 2744 2706
f 2706 2744 2707
f 2744 2745 2707
f 2707 2745 2708
f 2745 2746 2708
f 2708 2746 2709
f 2746 2747 2709
f 2709 2747 2710
f 2747 2748 2710
f 2710 2748 2711
f 2748 2749 2711
f 2711 2749 2712
f 2749 2750 2712
f 2712 2750 2713
f 2750 2751 2713
f 2713 2751 2714
f 2751 2752 2714
f 2714 2752 2715
f 2752 2753 2715
f 2715 2753 2716
f 2753 2754 2716
f 2716 2754 2717
f 2754 2755 2717
f 2717 2755 2718
f 2755 2756 2718
f 2718 2756 2719
f 2756 2757 2719
f 2719 2757 2720
f 2757 2758 2720
f 2720 2758 2721
f 2758 2759 2721
f 2721 2759 2722
f 2759 2760 2722
f 2722 2760 2723
f 2760 2761 2723
f 2723 2761 2724
f 2761 2762 2724
f 2724 2762 2725
f 2762 2763 2725
f 2725 2763 2726
f 2763 2764 2726
f 2726 2764 2727
f 2764 2765 2727
f 2727 2765 2728
f 2765 2766 2728
f 2728 2766 2729
f 2766 2767 2729
f 2729 2767 2730
f 2767 2768 2730
f 2730 2768 2731
f 2768 2769 2731
f 2731 2769 2732
f 2769 2770 2732
f 2732 2770 2733
f 2770 2771 2733
f 2733 2771 2734
f 2771 2772 2734
f 2734 2772 2735
f 2772 2773 2735
f 2735 2773 2736
f 2773 2774 2736
f 2736 2774 2737
f 2774 2775 2737
f 2737 2775 2738
f 2775 2776 2738
f 2738 2776 1794
f 2776 2777 1794
f 1794 2777 1795
f 2778 2779 2780
f 2779 2781 2780
f 2780 2781 2782
f 1873 2783 1878
f 2783 2784 1878
f 1878 2784 2739
f 2784 2785 2739
f 2739 2785 2740
f 2785 2786 2740
f 2740 2786 2741
f 2786 2787 2741
f 2741 2787 2742
f 2787 2788 2742
f 2742 2788 2743
f 2788 2789 2743
f 2743 2789 2744
f 2789 2790 2744
f 2744 2790 2745
f 2790 2791 2745
f 2745 2791 2746
f 2791 2792 2746
f 2746 2792 2747
f 2792 2793 2747
f 2747 2793 2748
f 2793 2794 2748
f 2748 2794 2749
f 2794 2795 2749
f 2749 2795 2750
f 2795 2796 2750
f 2750 2796 2751
f 2796 2797 2751
f 2751 2797 2752
f 2797 2798 2752
f 2752 2798 2753
f 2798 2799 2753
f 2753 2799 2754
f 2799 2800 2754
f 2754 2800 2755
f 2800 2801 2755
f 2755 2801 2756
f 2801 2802 2756
f 2756 2802 2757
f 2802 2803 2757
f 2757 2803 2758
f 2803 2804 2758
f 2758 2804 2759
f 2804 2805 2759
f 2759 2805 2760
f 2805 2806 2760
f 2760 2806 2761
f 2806 2807 2761
f 2761 2807 2762
f 2807 2808 2762
f 2762 2808 2763
f 2808 2809 2763
f 2763 2809 2764
f 2809 2810 2764
f 2764 2810 2765
f 2810 2811 2765
f 2765 2811 2766
f 2811 2812 2766
f 2766 2812 2767
f 2812 2813 2767
f 2767 2813 2768
f 2813 2814 2768
f 2768 2814 2769
f 2814 2815 2769
f 2769 2815 2770
f 2815 2816 2770
f 2770 2816 2771
f 2816 2817 2771
f 2771 2817 2772
f 2817 2818 2772
f 2772 2818 2773
f 2818 2819 2773
f 2773 2819 2774
f 2819 2820 2774
f 2774 2820 2775
f 2820 2782 2775
f 2775 2782 2776
f 2782 2781 2776
f 2776 2781 2777
f 2781 2779 2777
f 1869 1870 1875
f 1870 1872 1875
f 1875 1872 1873
f 1872 2821 1873
f 1873 2821 2783
f 2821 2822 2783
f 2783 2822 2784
f 2822 2823 2784
f 2784 2823 2785
f 2823 2824 2785
f 2785 2824 2786
f 2824 2825 2786
f 2786 2825 2787
f 2825 2826 2787
f 2787 2826 2788
f 2826 2827 2788
f 2788 2827 2789
f 2827 2828 2789
f 2789 2828 2790
f 2828 2829 2790
f 2790 2829 2791
f 2829 2830 2791
f 2791 2830 2792
f 2830 2831 2792
f 2792 2831 2793
f 2831 2832 2793
f 2793 2832 2794
f 2832 2833 2794
f 2794 2833 2795
f 2833 2834 2795
f 2795 2834 2796
f 2834 2835 2796
f 2796 2835 2797
f 2835 2836 2797
f 2797 2836 2798
f 2836 2837 2798
f 2798 2837 2799
f 2837 2838 2799
f 2799 2838 2800
f 2838 2839 2800
f 2800 2839 2801
f 2839 2840 2801
f 2801 2840 2802
f 2840 2841 2802
f 2802 2841 2803
f 2841 2842 2803
f 2803 2842 2804
f 2842 2843 2804
f 2804 2843 2805
f 2843 2844 2805
f 2805 2844 2806
f 2844 2845 2806
f 2806 2845 2807
f 2845 2846 2807
f 2807 2846 2808
f 2846 2847 2808
f 2808 2847 2809
f 2847 2848 2809
f 2809 2848 2810
f 2848 2849 2810
f 2810 2849 2811
f 2849 2850 2811
f 2811 2850 2812
f 2850 2851 2812
f 2812 2851 2813
f 2851 2852 2813
f 2813 2852 2814
f 2852 2853 2814
f 2814 2853 2815
f 2853 2854 2815
f 2815 2854 2816
f 2854 2855 2816
f 2816 2855 2817
f 2855 2856 2817
f 2817 2856 2818
f 2856 2857 2818
f 2818 2857 2819
f 2857 2858 2819
f 2819 2858 2820
f 2858 2859 2820
f 2820 2859 2782
f 2859 2860 2782
f 2782 2860 2780
f 2860 2861 2780
f 2780 2861 2778
f 2862 2863 2864
f 2863 2865 2864
f 2864 2865 2866
f 1871 2867 1872
f 2867 2868 1872
f 1872 2868 2821
f 2868 2869 2821
f 2821 2869 2822
f 2869 2870 2822
f 2822 2870 2823
f 2870 2871 2823
f 2823 2871 2824
f 2871 2872 2824
f 2824 2872 2825
f 2872 2873 2825
f 2825 2873 2826
f 2873 2874 2826
f 2826 2874 2827
f 2874 2875 2827
f 2827 2875 2828
f 2875 2876 2828
f 2828 2876 2829
f 2876 2877 2829
f 2829 2877 2830
f 2877 2878 2830
f 2830 2878 2831
f 2878 2879 2831
f 2831 2879 2832
f 2879 2880 2832
f 2832 2880 2833
f 2880 2881 2833
f 2833 2881 2834
f 2881 2882 2834
f 2834 2882 2835
f 2882 2883 2835
f 2835 2883 2836
f 2883 2884 2836
f 2836 2884 2837
f 2884 2885 2837
f 2837 2885 2838
f 2885 2886 2838
f 2838 2886 2839
f 2886 2887 2839
f 2839 2887 2840
f 2887 2888 2840
f 2840 2888 2841
f 2888 2889 2841
f 2841 2889 2842
f 2889 2890 2842
f 2842 2890 2843
f 2890 2891 2843
f 2843 2891 2844
f 2891 2892 2844
f 2844 2892 2845
f 2892 2893 2845
f 2845 2893 2846
f 2893 2894 2846
f 2846 2894 2847
f 2894 2895 2847
f 2847 2895 2848
f 2895 2896 2848
f 2848 2896 2849
f 2896 2897 2849
f 2849 2897 2850
f 2897 2898 2850
f 2850 2898 2851
f 2898 2899 2851
f 2851 2899 2852
f 2899 2900 2852
f 2852 2900 2853
f 2900 2901 2853
f 2853 2901 2854
f 2901 2902 2854
f 2854 2902 2855
f 2902 2903 2855
f 2855 2903 2856
f 2903 2904 2856
f 2856 2904 2857
f 2904 2905 2857
f 2857 2905 2858
f 2905 2906 2858
f 2858 2906 2859
f 2906 2866 2859
f 2859 2866 2860
f 2866 2865 2860
f 2860 2865 2861
f 2865 2863 2861
f 1868 1867 1871
f 1867 2907 1871
f 1871 2907 2867
f 2907 2908 2867
f 2867 2908 2868
f 2908 2909 2868
f 2868 2909 2869
f 2909 2910 2869
f 2869 2910 2870
f 2910 2911 2870
f 2870 2911 2871
f 2911 2912 2871
f 2871 2912 2872
f 2912 2913 2872
f 2872 2913 2873
f 2913 2914 2873
f 2873 2914 2874
f 2914 2915 2874
f 2874 2915 2875
f 2915 2916 2875
f 2875 2916 2876
f 2916 2917 2876
f 2876 2917 2877
f 2917 2918 2877
f 2877 2918 2878
f 2918 2919 2878
f 2878 2919 2879
f 2919 2920 2879
f 2879 2920 2880
f 2920 2921 2880
f 2880 2921 2881
f 2921 2922 2881
f 2881 2922 2882
f 2922 2923 2882
f 2882 2923 2883
f 2923 2924 2883
f 2883 2924 2884
f 2924 2925 2884
f 2884 2925 2885
f 2925 2926 2885
f 2885 2926 2886
f 2926 2927 2886
f 2886 2927 2887
f 2927 2928 2887
f 2887 2928 2888
f 2928 2929 2888
f 2888 2929 2889
f 2929 2930 2889
f 2889 2930 2890
f 2930 2931 2890
f 2890 2931 2891
f 2931 2932 2891
f 2891 2932 2892
f 2932 2933 2892
f 2892 2933 2893
f 2933 2934 2893
f 2893 2934 2894
f 2934 2935 2894
f 2894 2935 2895
f 2935 2936 2895
f 2895 2936 2896
f 2936 2937 2896
f 2896 2937 2897
f 2937 2938 2897
f 2897 2938 2898
f 2938 2939 2898
f 2898 2939 2899
f 2939 2940 2899
f 2899 2940 2900
f 2940 2941 2900
f 2900 2941 2901
f 2941 2942 2901
f 2901 2942 2902
f 2942 2943 2902
f 2902 2943 2903
f 2943 2944 2903
f 2903 2944 2904
f 2944 2945 2904
f 2904 2945 2905
f 2945 2946 2905
f 2905 2946 2906
f 2946 2947 2906
f 2906 2947 2866
f 2947 1801 2866
f 2866 1801 2864
f 1801 1800 2864
f 2864 1800 2862
f 1721 1865 1722
f 1865 2948 1722
f 1722 2948 1867
f 2948 2949 1867
f 1867 2949 2907
f 2949 2950 2907
f 2907 2950 2908
f 2950 2951 2908
f 2908 2951 2909
f 2951 2952 2909
f 2909 2952 2910
f 2952 2953 2910
f 2910 2953 2911
f 2953 2954 2911
f 2911 2954 2912
f 2954 2955 2912
f 2912 2955 2913
f 2955 2956 2913
f 2913 2956 2914
f 2956 2957 2914
f 2914 2957 2915
f 2957 2958 2915
f 2915 2958 2916
f 2958 2959 2916
f 2916 2959 2917
f 2959 2960 2917
f 2917 2960 2918
f 2960 2961 2918
f 2918 2961 2919
f 2961 2962 2919
f 2919 2962 2920
f 2962 2963 2920
f 2920 2963 2921
f 2963 2964 2921
f 2921 2964 2922
f 2964 2965 2922
f 2922 2965 2923
f 2965 2966 2923
f 2923 2966 2924
f 2966 2967 2924
f 2924 2967 2925
f 2967 2968 2925
f 2925 2968 2926
f 2968 2969 2926
f 2926 2969 2927
f 2969 2970 2927
f 2927 2970 2928
f 2970 2971 2928
f 2928 2971 2929
f 2971 2972 2929
f 2929 2972 2930
f 2972 2973 2930
f 2930 2973 2931
f 2973 2974 2931
f 2931 2974 2932
f 2974 2975 2932
f 2932 2975 2933
f 2975 2976 2933
f 2933 2976 2934
f 2976 2977 2934
f 2934 2977 2935
f 2977 2978 2935
f 2935 2978 2936
f 2978 2979 2936
f 2936 2979 2937
f 2979 2980 2937
f 2937 2980 2938
f 2980 2981 2938
f 2938 2981 2939
f 2981 2982 2939
f 2939 2982 2940
f 2982 2983 2940
f 2940 2983 2941
f 2983 2984 2941
f 2941 2984 2942
f 2984 2985 2942
f 2942 2985 2943
f 2985 2986 2943
f 2943 2986 2944
f 2986 2987 2944
f 2944 2987 2945
f 2987 2988 2945
f 2945 2988 2946
f 2988 2989 2946
f 2946 2989 2947
f 2989 2990 2947
f 2947 2990 1801
f 2990 1806 1801
f 1801 1806 1799
f 1806 1805 1799
f 1799 1805 1797
f 1810 2991 1812
f 2991 2992 1812
f 1812 2992 2993
f 1861 2994 1859
f 2994 2995 1859
f 1859 2995 1865
f 2995 2996 1865
f 1865 2996 2948
f 2996 2997 2948
f 2948 2997 2949
f 2997 2998 2949
f 2949 2998 2950
f 2998 2999 2950
f 2950 2999 2951
f 2999 3000 2951
f 2951 3000 2952
f 3000 3001 2952
f 2952 3001 2953
f 3001 3002 2953
f 2953 3002 2954
f 3002 3003 2954
f 2954 3003 2955
f 3003 3004 2955
f 2955 3004 2956
f 3004 3005 2956
f 2956 3005 2957
f 3005 3006 2957
f 2957 3006 2958
f 3006 3007 2958
f 2958 3007 2959
f 3007 3008 2959
f 2959 3008 2960
f 3008 3009 2960
f 2960 3009 2961
f 3009 3010 2961
f 2961 3010 2962
f 3010 3011 2962
f 2962 3011 2963
f 3011 3012 2963
f 2963 3012 2964
f 3012 3013 2964
f 2964 3013 2965
f 3013 3014 2965
f 2965 3014 2966
f 3014 3015 2966
f 2966 3015 2967
f 3015 3016 2967
f 2967 3016 2968
f 3016 3017 2968
f 2968 3017 2969
f 3017 3018 2969
f 2969 3018 2970
f 3018 3019 2970
f 2970 3019 2971
f 3019 3020 2971
f 2971 3020 2972
f 3020 3021 2972
f 2972 3021 2973
f 3021 3022 2973
f 2973 3022 2974
f 3022 3023 2974
f 2974 3023 2975
f 3023 3024 2975
f 2975 3024 2976
f 3024 3025 2976
f 2976 3025 2977
f 3025 3026 2977
f 2977 3026 2978
f 3026 3027 2978
f 2978 3027 2979
f 3027 3028 2979
f 2979 3028 2980
f 3028 3029 2980
f 2980 3029 2981
f 3029 3030 2981
f 2981 3030 2982
f 3030 3031 2982
f 2982 3031 2983
f 3031 3032 2983
f 2983 3032 2984
f 3032 3033 2984
f 2984 3033 2985
f 3033 3034 2985
f 2985 3034 2986
f 3034 3035 2986
f 2986 3035 2987
f 3035 3036 2987
f 2987 3036 2988
f 3036 3037 2988
f 2988 3037 2989
f 3037 3038 2989
f 2989 3038 2990
f 3038 3039 2990
f 2990 3039 1806
f 3039 2993 1806
f 1806 2993 1804
f 2993 2992 1804
f 1804 2992 1802
f 1726 1856 1724
f 1856 3040 1724
f 1724 3040 1725
f 3040 3041 1725
f 1725 3041 1861
f 3041 3042 1861
f 1861 3042 2994
f 3042 3043 2994
f 2994 3043 2995
f 3043 3044 2995
f 2995 3044 2996
f 3044 3045 2996
f 2996 3045 2997
f 3045 3046 2997
f 2997 3046 2998
f 3046 3047 2998
f 2998 3047 2999
f 3047 3048 2999
f 2999 3048 3000
f 3048 3049 3000
f 3000 3049 3001
f 3049 3050 3001
f 3001 3050 3002
f 3050 3051 3002
f 3002 3051 3003
f 3051 3052 3003
f 3003 3052 3004
f 3052 3053 3004
f 3004 3053 3005
f 3053 3054 3005
f 3005 3054 3006
f 3054 3055 3006
f 3006 3055 3007
f 3055 3056 3007
f 3007 3056 3008
f 3056 3057 3008
f 3008 3057 3009
f 3057 3058 3009
f 3009 3058 3010
f 3058 3059 3010
f 3010 3059 3011
f 3059 3060 3011
f 3011 3060 3012
f 3060 3061 3012
f 3012 3061 3013
f 3061 3062 3013
f 3013 3062 3014
f 3062 3063 3014
f 3014 3063 3015
f 3063 3064 3015
f 3015 3064 3016
f 3064 3065 3016
f 3016 3065 3017
f 3065 3066 3017
f 3017 3066 3018
f 3066 3067 3018
f 3018 3067 3019
f 3067 3068 3019
f 3019 3068 3020
f 3068 3069 3020
f 3020 3069 3021
f 3069 3070 3021
f 3021 3070 3022
f 3070 3071 3022
f 3022 3071 3023
f 3071 3072 3023
f 3023 3072 3024
f 3072 3073 3024
f 3024 3073 3025
f 3073 3074 3025
f 3025 3074 3026
f 3074 3075 3026
f 3026 3075 3027
f 3075 3076 3027
f 3027 3076 3028
f 3076 3077 3028
f 3028 3077 3029
f 3077 3078 3029
f 3029 3078 3030
f 3078 3079 3030
f 3030 3079 3031
f 3079 3080 3031
f 3031 3080 3032
f 3080 3081 3032
f 3032 3081 3033
f 3081 3082 3033
f 3033 3082 3034
f 3082 3083 3034
f 3034 3083 3035
f 3083 3084 3035
f 3035 3084 3036
f 3084 3085 3036
f 3036 3085 3037
f 3085 3086 3037
f 3037 3086 3038
f 3086 3087 3038
f 3038 3087 3039
f 3087 3088 3039
f 3039 3088 2993
f 3088 3089 2993
f 2993 3089 1812
f 3089 3090 1812
f 1812 3090 1811
f 3090 1815 1811
f 1811 1815 1809
f 1815 1814 1809
f 1809 1814 1807
f 3083 1619 3084
f 1619 1618 3084
f 3084 1618 3085
f 1618 1621 3085
f 3085 1621 3086
f 1621 1622 3086
f 3086 1622 3087
f 1622 1623 3087
f 3087 1623 3088
f 1623 1624 3088
f 3088 1624 3089
f 1624 1625 3089
f 3089 1625 3090
f 1625 1626 3090
f 3090 1626 1815
f 1626 1627 1815
f 1815 1627 1816
f 1627 1628 1816
f 1816 1628 1817
f 1628 1629 1817
f 1817 1629 1819
f 1629 1630 1819
f 1819 1630 1821
f 1630 1631 1821
f 1821 1631 1824
f 1631 1632 1824
f 1824 1632 1826
f 1632 1633 1826
f 1826 1633 1828
f 1633 1634 1828
f 1828 1634 1830
f 1634 1635 1830
f 1830 1635 1832
f 1635 1636 1832
f 1832 1636 1834
f 1636 1637 1834
f 1834 1637 1836
f 1637 1638 1836
f 1836 1638 1838
f 1638 1639 1838
f 1838 1639 1840
f 1639 1640 1840
f 1840 1640 1842
f 1640 1641 1842
f 1842 1641 1844
f 1641 1642 1844
f 1844 1642 1847
f 1642 1643 1847
f 1847 1643 1849
f 1643 1644 1849
f 1849 1644 1851
f 1644 1645 1851
f 1851 1645 1853
f 1645 1646 1853
f 1853 1646 1856
f 1646 1647 1856
f 1856 1647 3040
f 1647 1648 3040
f 3040 1648 3041
f 1648 1649 3041
f 3041 1649 3042
f 1649 1650 3042
f 3042 1650 3043
f 1650 1651 3043
f 3043 1651 3044
f 1651 1652 3044
f 3044 1652 3045
f 1652 1653 3045
f 3045 1653 3046
f 1653 1654 3046
f 3046 1654 3047
f 1654 1655 3047
f 3047 1655 3048
f 1655 1656 3048
f 3048 1656 3049
f 1656 1657 3049
f 3049 1657 3050
f 1657 1658 3050
f 3050 1658 3051
f 1658 1659 3051
f 3051 1659 3052
f 1659 1660 3052
f 3052 1660 3053
f 1660 1661 3053
f 3053 1661 3054
f 1661 1662 3054
f 3054 1662 3055
f 1662 1663 3055
f 3055 1663 3056
f 1663 1664 3056
f 3056 1664 3057
f 1664 1665 3057
f 3057 1665 3058
f 1665 1666 3058
f 3058 1666 3059
f 1666 1667 3059
f 3059 1667 3060
f 1667 1668 3060
f 3060 1668 3061
f 1668 1669 3061
f 3061 1669 3062
f 1669 1670 3062
f 3062 1670 3063
f 1670 1671 3063
f 3063 1671 3064
f 1671 1672 3064
f 3064 1672 3065
f 1672 1673 3065
f 3065 1673 3066
f 1673 1674 3066
f 3066 1674 3067
f 1674 1675 3067
f 3067 1675 3068
f 1675 1676 3068
f 3068 1676 3069
f 1676 1677 3069
f 3069 1677 3070
f 1677 1678 3070
f 3070 1678 3071
f 1678 1679 3071
f 3071 1679 3072
f 1679 1680 3072
f 3072 1680 3073
f 1680 1681 3073
f 3073 1681 3074
f 1681 1682 3074
f 3074 1682 3075
f 1682 1683 3075
f 3075 1683 3076
f 1683 1684 3076
f 3076 1684 3077
f 1684 1685 3077
f 3077 1685 3078
f 1685 1686 3078
f 3078 1686 3079
f 1686 1687 3079
f 3079 1687 3080
f 1687 1688 3080
f 3080 1688 3081
f 1688 1689 3081
f 3081 1689 3082
f 1689 1690 3082
f 3082 1690 3083
f 1690 1619 3083
f 1854 1855 1601
f 1845 1846 1600
f 2192 1564 2232
f 1564 1563 2232
f 2232 1563 2274
f 1563 2319 2274
f 2192 1758 1564
f 1758 1757 1564
f 1564 1757 2097
f 1755 1753 1565
f 2097 1761 1564
f 1761 1760 1564
f 1564 1760 1565
f 1760 1759 1565
f 1565 1759 1755
f 1762 1566 1763
f 1566 1565 1763
f 1763 1565 1752
f 1565 1753 1752
f 1762 1983 1566
f 1983 1770 1566
f 1566 1770 1567
f 1770 1768 1567
f 1768 1767 1567
f 1567 1767 1568
f 1767 1773 1568
f 1568 1773 1569
f 1773 1772 1569
f 1772 1771 1569
f 1569 1771 1570
f 1776 1571 1775
f 1571 1570 1775
f 1775 1570 1980
f 1570 1771 1980
f 1776 1777 1571
f 1777 1778 1571
f 1571 1778 1572
f 1778 2015 1572
f 2015 1779 1572
f 1572 1779 1573
f 1779 1780 1573
f 1780 1781 1573
f 1573 1781 1574
f 1749 1575 1750
f 1575 1574 1750
f 1750 1574 1782
f 1574 1781 1782
f 1749 1747 1575
f 1747 1746 1575
f 1575 1746 1576
f 1746 2119 1576
f 2119 1783 1576
f 1576 1783 1577
f 1783 1784 1577
f 1784 1785 1577
f 1577 1785 1578
f 1785 1786 1578
f 1786 1744 1578
f 1578 1744 1579
f 1744 1743 1579
f 1743 1741 1579
f 1579 1741 1580
f 1741 1740 1580
f 1740 1738 1580
f 1580 1738 1581
f 1738 1735 1581
f 1735 1737 1581
f 1581 1737 1582
f 1737 1787 1582
f 1582 1787 1583
f 1787 1788 1583
f 1788 1789 1583
f 1583 1789 1584
f 1789 1790 1584
f 1790 1733 1584
f 1584 1733 1585
f 1733 1732 1585
f 1732 1730 1585
f 1585 1730 1586
f 1730 1727 1586
f 1727 1729 1586
f 1586 1729 1587
f 1729 2663 1587
f 1587 2663 1588
f 2663 1793 1588
f 1793 1792 1588
f 1588 1792 1589
f 1792 1796 1589
f 1796 1795 1589
f 1589 1795 1590
f 1795 2777 1590
f 2777 2779 1590
f 1590 2779 1591
f 2779 2778 1591
f 1591 2778 1592
f 2778 2861 1592
f 2861 2863 1592
f 1592 2863 1593
f 2863 2862 1593
f 1593 2862 1594
f 2862 1800 1594
f 1800 1798 1594
f 1594 1798 1595
f 1798 1797 1595
f 1595 1797 1805
f 1805 1803 1595
f 1803 1802 1595
f 1595 1802 1596
f 1802 2992 1596
f 1596 2992 2991
f 2991 1810 1596
f 1810 1808 1596
f 1596 1808 1597
f 1808 1807 1597
f 1807 1814 1597
f 1597 1814 1813
f 1813 1818 1597
f 1818 1820 1597
f 1597 1820 1598
f 1827 1829 1599
f 1820 1822 1598
f 1822 1823 1598
f 1598 1823 1599
f 1823 1825 1599
f 1599 1825 1827
f 1829 1831 1599
f 1831 1833 1599
f 1599 1833 1835
f 1845 1600 1843
f 1835 1837 1599
f 1837 1839 1599
f 1599 1839 1600
f 1839 1841 1600
f 1600 1841 1843
f 1846 1848 1600
f 1848 1850 1600
f 1600 1850 1601
f 1850 1852 1601
f 1601 1852 1854
f 1863 1602 1723
f 1602 1601 1723
f 1723 1601 1726
f 1601 1855 1726
f 1863 1862 1602
f 1862 1860 1602
f 1602 1860 1603
f 1860 1858 1603
f 1603 1858 1857
f 1720 1604 1721
f 1604 1603 1721
f 1721 1603 1864
f 1603 1857 1864
f 1720 1866 1604
f 1866 1868 1604
f 1604 1868 1605
f 1868 1869 1605
f 1869 1875 1605
f 1605 1875 1606
f 1875 1874 1606
f 1606 1874 1607
f 1874 1876 1607
f 1876 1882 1607
f 1607 1882 1608
f 1882 1880 1608
f 1608 1880 1609
f 1880 1879 1609
f 1879 1885 1609
f 1609 1885 1610
f 1885 1883 1610
f 1883 1719 1610
f 1610 1719 1611
f 1719 2625 1611
f 2625 1888 1611
f 1611 1888 1612
f 1888 1887 1612
f 1612 1887 1613
f 1887 1891 1613
f 1891 1890 1613
f 1613 1890 1614
f 1890 1895 1614
f 1895 1893 1614
f 1614 1893 1615
f 1893 1892 1615
f 1892 1718 1615
f 1615 1718 1616
f 1718 2377 1616
f 2377 1898 1616
f 1616 1898 1617
f 1898 1897 1617
f 1617 1897 1546
f 1897 1901 1546
f 1901 1900 1546
f 1546 1900 1547
f 1900 1905 1547
f 1905 1903 1547
f 1547 1903 1548
f 1903 1902 1548
f 1902 1716 1548
f 1548 1716 1549
f 1716 1715 1549
f 1715 2178 1549
f 1549 2178 1550
f 1907 1551 1908
f 1551 1550 1908
f 1908 1550 2177
f 1550 2178 2177
f 1907 1911 1551
f 1911 1910 1551
f 1551 1910 1552
f 1910 1915 1552
f 1915 1913 1552
f 1552 1913 1553
f 1913 1912 1553
f 1912 2059 1553
f 1553 2059 1554
f 2059 2058 1554
f 1554 2058 1555
f 2058 1918 1555
f 1555 1918 1917
f 2014 1556 1920
f 1556 1555 1920
f 1920 1555 1921
f 1555 1917 1921
f 2014 1924 1556
f 1924 1923 1556
f 1556 1923 1557
f 1923 1965 1557
f 1965 1951 1557
f 1557 1951 1558
f 1951 1953 1558
f 1558 1953 1559
f 1559 1953 1560
f 1953 1929 1560
f 1560 1929 1928
f 1928 1926 1560
f 1926 1932 1560
f 1560 1932 1561
f 1932 1931 1561
f 1561 1931 1562
f 1931 1950 1562
f 1562 1950 1938
f 1938 1936 1562
f 1936 1934 1562
f 1562 1934 1943
f 1943 1942 1562
f 1942 1940 1562
f 1562 1940 2555
f 2555 2499 1562
f 2499 2446 1562
f 1562 2446 1563
f 2446 2395 1563
f 1563 2395 2319
